[Info] [2025-8-13 14:04:15] /***************************Start Configuration***************************/
[Info] [2025-8-13 14:04:15] Path: C:/pango/PDS_2022.2-SP6.4/bin
[Info] [2025-8-13 14:04:15] Version: 146967
[Info] [2025-8-13 14:04:16] Current Path: D:/Desktop/work_material/RK_learning/RK3568_MES2L50H/05-work_material/03_FPGA_Project/01_img_pcie_capture/project
[Info] [2025-8-13 14:04:16] PDS Dir Path: D:/Desktop/work_material/RK_learning/RK3568_MES2L50H/05-work_material/03_FPGA_Project/01_img_pcie_capture/project
[Info] [2025-8-13 14:04:20] Configuration is not connect with server. connect first then scan chain.
[Debug] [2025-8-13 14:04:20] Client Local host name:LAPTOP-EA3TT0M1
[Debug] [2025-8-13 14:04:20] Client Local Address:192.168.1.18
[Debug] [2025-8-13 14:04:20] Server Address:127.0.0.1, Port:65420
[Debug] [2025-8-13 14:04:20] Log::Print : Connecting to server[127.0.0.1 : 65420].
[Info] [2025-8-13 14:04:20] Connect OK, Server: 127.0.0.1  Port: 65420
[Debug] [2025-8-13 14:04:20] Finish.
[Info] [2025-8-13 14:04:20] Connect server succeeded
[Debug] [2025-8-13 14:04:20] Send RPC:1
[Debug] [2025-8-13 14:04:20] Send cmd [check version information:40004] OK
[Debug] [2025-8-13 14:04:20] Log::Print : Connect to server[127.0.0.1 : 65420] successfully.
[Debug] [2025-8-13 14:04:21] Send RPC:2
[Debug] [2025-8-13 14:04:21] Send cmd [get_cable_paras:40010] OK
[Debug] [2025-8-13 14:04:21] Begin to send initialize chain cmd...
[Debug] [2025-8-13 14:04:21] Send RPC:3
[Debug] [2025-8-13 14:04:21] Send cmd [Open config cable:20001] OK
[Debug] [2025-8-13 14:04:21] End to send initialize chain cmd.
[Debug] [2025-8-13 14:04:21] COMMAND[check version information] execute successfully, takes 0.8 secs.
[Debug] [2025-8-13 14:04:21] Log::Print : COMMAND[check version information] execute successfully, takes 0.8 secs.
[Debug] [2025-8-13 14:04:22] COMMAND[get_cable_paras] execute successfully, takes 1.5 secs.
[Debug] [2025-8-13 14:04:22] Log::Print : The cable List : 

[Debug] [2025-8-13 14:04:22] Log::Print : COMMAND[get_cable_paras] execute successfully, takes 1.5 secs.
[Error] [2025-8-13 14:04:22] fail to exec Open config cable cmd...
[Error] [2025-8-13 14:04:22] MsgOut: JtagServer-0306: No devices detected while scanning the JTAG chain, failed detecting JTAG device chain.
[Warn] [2025-8-13 14:04:22] MsgOut: Please check the device power, cable connection situation and whether put the chip in the right way or not.
   If these do not work, try to restart the software.
[Error] [2025-8-13 14:04:22] MsgOut: Configuration-0008: The command 'Open config cable' execute fail.
[Debug] [2025-8-13 14:04:28] Begin to send initialize chain cmd...
[Debug] [2025-8-13 14:04:28] Send RPC:4
[Debug] [2025-8-13 14:04:28] Send cmd [Open config cable:20001] OK
[Debug] [2025-8-13 14:04:28] End to send initialize chain cmd.
[Error] [2025-8-13 14:04:28] fail to exec Open config cable cmd...
[Error] [2025-8-13 14:04:28] MsgOut: JtagServer-0306: No devices detected while scanning the JTAG chain, failed detecting JTAG device chain.
[Warn] [2025-8-13 14:04:28] MsgOut: Please check the device power, cable connection situation and whether put the chip in the right way or not.
   If these do not work, try to restart the software.
[Error] [2025-8-13 14:04:28] MsgOut: Configuration-0008: The command 'Open config cable' execute fail.
[Info] [2025-8-13 14:04:31] Disconnect from Server: 127.0.0.1  Port: 65420
[Warn] [2025-8-13 14:04:31] Server is disconnected
[Debug] [2025-8-13 14:04:31] end to connect server
[Debug] [2025-8-13 14:04:31] Log::Print : Server is disconnect
[Debug] [2025-8-13 14:04:31] Client Local host name:LAPTOP-EA3TT0M1
[Debug] [2025-8-13 14:04:31] Client Local Address:192.168.1.18
[Debug] [2025-8-13 14:04:31] Server Address:127.0.0.1, Port:65420
[Debug] [2025-8-13 14:04:31] Log::Print : Connecting to server[127.0.0.1 : 65420].
[Info] [2025-8-13 14:04:31] Connect OK, Server: 127.0.0.1  Port: 65420
[Debug] [2025-8-13 14:04:31] Finish.
[Info] [2025-8-13 14:04:31] Connect server succeeded
[Debug] [2025-8-13 14:04:31] Send RPC:5
[Debug] [2025-8-13 14:04:31] Send cmd [check version information:40004] OK
[Debug] [2025-8-13 14:04:31] Send RPC:6
[Debug] [2025-8-13 14:04:31] Send cmd [get_cable_paras:40010] OK
[Debug] [2025-8-13 14:04:31] COMMAND[check version information] execute successfully, takes 0.0 secs.
[Debug] [2025-8-13 14:04:31] Log::Print : Connect to server[127.0.0.1 : 65420] successfully.
[Debug] [2025-8-13 14:04:31] Log::Print : COMMAND[check version information] execute successfully, takes 0.0 secs.
[Debug] [2025-8-13 14:04:33] COMMAND[get_cable_paras] execute successfully, takes 1.6 secs.
[Debug] [2025-8-13 14:04:33] Log::Print : The cable List : 

[Debug] [2025-8-13 14:04:33] Log::Print : COMMAND[get_cable_paras] execute successfully, takes 1.6 secs.
[Info] [2025-8-13 14:04:57] Disconnect from Server: 127.0.0.1  Port: 65420
[Warn] [2025-8-13 14:04:57] Server is disconnected
[Debug] [2025-8-13 14:04:57] end to connect server
[Debug] [2025-8-13 14:04:57] Log::Print : Server is disconnect
[Debug] [2025-8-13 14:04:58] Client Local host name:LAPTOP-EA3TT0M1
[Debug] [2025-8-13 14:04:58] Client Local Address:192.168.1.18
[Debug] [2025-8-13 14:04:58] Server Address:127.0.0.1, Port:65420
[Debug] [2025-8-13 14:04:58] Log::Print : Connecting to server[127.0.0.1 : 65420].
[Info] [2025-8-13 14:04:58] Connect OK, Server: 127.0.0.1  Port: 65420
[Debug] [2025-8-13 14:04:58] Finish.
[Info] [2025-8-13 14:04:58] Connect server succeeded
[Debug] [2025-8-13 14:04:58] Send RPC:7
[Debug] [2025-8-13 14:04:58] Send cmd [check version information:40004] OK
[Debug] [2025-8-13 14:04:58] Send RPC:8
[Debug] [2025-8-13 14:04:58] Send cmd [get_cable_paras:40010] OK
[Debug] [2025-8-13 14:04:58] COMMAND[check version information] execute successfully, takes 0.0 secs.
[Debug] [2025-8-13 14:04:58] Log::Print : Connect to server[127.0.0.1 : 65420] successfully.
[Debug] [2025-8-13 14:04:58] Log::Print : COMMAND[check version information] execute successfully, takes 0.0 secs.
[Debug] [2025-8-13 14:05:00] COMMAND[get_cable_paras] execute successfully, takes 2.2 secs.
[Debug] [2025-8-13 14:05:00] Log::Print : The cable List : 
Cable index 0:USB Cable II/fffffffffffffffe 

[Debug] [2025-8-13 14:05:00] Log::Print : COMMAND[get_cable_paras] execute successfully, takes 2.2 secs.
[Info] [2025-8-13 14:05:02] Disconnect from Server: 127.0.0.1  Port: 65420
[Warn] [2025-8-13 14:05:02] Server is disconnected
[Debug] [2025-8-13 14:05:02] end to connect server
[Debug] [2025-8-13 14:05:02] Log::Print : Server is disconnect
[Debug] [2025-8-13 14:05:02] Client Local host name:LAPTOP-EA3TT0M1
[Debug] [2025-8-13 14:05:02] Client Local Address:192.168.1.18
[Debug] [2025-8-13 14:05:02] Server Address:127.0.0.1, Port:65420
[Debug] [2025-8-13 14:05:02] Log::Print : Connecting to server[127.0.0.1 : 65420].
[Info] [2025-8-13 14:05:02] Connect OK, Server: 127.0.0.1  Port: 65420
[Debug] [2025-8-13 14:05:02] Finish.
[Info] [2025-8-13 14:05:02] Connect server succeeded
[Debug] [2025-8-13 14:05:02] Send RPC:9
[Debug] [2025-8-13 14:05:02] Send cmd [check version information:40004] OK
[Debug] [2025-8-13 14:05:02] Send RPC:10
[Debug] [2025-8-13 14:05:02] Send cmd [get_cable_paras:40010] OK
[Debug] [2025-8-13 14:05:02] COMMAND[check version information] execute successfully, takes 0.0 secs.
[Debug] [2025-8-13 14:05:02] Log::Print : Connect to server[127.0.0.1 : 65420] successfully.
[Debug] [2025-8-13 14:05:02] Log::Print : COMMAND[check version information] execute successfully, takes 0.0 secs.
[Debug] [2025-8-13 14:05:04] COMMAND[get_cable_paras] execute successfully, takes 1.4 secs.
[Debug] [2025-8-13 14:05:04] Log::Print : The cable List : 
Cable index 0:USB Cable II/fffffffffffffffe 

[Debug] [2025-8-13 14:05:04] Log::Print : COMMAND[get_cable_paras] execute successfully, takes 1.4 secs.
[Debug] [2025-8-13 14:05:05] Send RPC:11
[Debug] [2025-8-13 14:05:05] Send cmd [set_cable_paras:40011] OK
[Debug] [2025-8-13 14:05:06] COMMAND[set_cable_paras] execute successfully, takes 0.7 secs.
[Debug] [2025-8-13 14:05:06] Log::Print : COMMAND[set_cable_paras] execute successfully, takes 0.7 secs.
[Debug] [2025-8-13 14:05:06] Begin to send initialize chain cmd...
[Debug] [2025-8-13 14:05:06] Send RPC:12
[Debug] [2025-8-13 14:05:06] Send cmd [Open config cable:20001] OK
[Debug] [2025-8-13 14:05:06] End to send initialize chain cmd.
[Debug] [2025-8-13 14:05:07] begin the exec of open cable cmd...
[Debug] [2025-8-13 14:05:07] Begin to deal with chain from server...
[Debug] [2025-8-13 14:05:07] Begin to set user chain...
[Debug] [2025-8-13 14:05:07] End to set user chain.
[Debug] [2025-8-13 14:05:07] Begin to update graphic item and tree item ...
[Debug] [2025-8-13 14:05:07] End to update graphic item and tree item ...
[Debug] [2025-8-13 14:05:07] Log::Print : PANGO USB CABLE II cable driver: D2XX DLL
[Debug] [2025-8-13 14:05:07] Log::Print : PG2L50H
[Debug] [2025-8-13 14:05:07] Log::Print : This device configure situation (done bit): 1
[Info] [2025-8-13 14:05:08] set OpenLastPath: D:/Desktop/work_material/RK_learning/RK3568_MES2L50H/05-work_material/03_FPGA_Project/01_img_pcie_capture/project/generate_bitstream/image_pcie_capture.sbit
[Debug] [2025-8-13 14:05:08] begin to get device info from CFG file...
[Debug] [2025-8-13 14:05:08] end to get device info from CFG file...
[Debug] [2025-8-13 14:05:08] Begin to update graphic item and tree item ...
[Debug] [2025-8-13 14:05:08] End to update graphic item and tree item ...
[Debug] [2025-8-13 14:05:08] Begin to update graphic item and tree item ...
[Debug] [2025-8-13 14:05:08] End to update graphic item and tree item ...
[Debug] [2025-8-13 14:05:08] End to deal wiht chain from server.
[Debug] [2025-8-13 14:05:08] end the exec of open cable cmd.
[Debug] [2025-8-13 14:05:08] COMMAND[Open config cable] execute successfully, takes 1.5 secs.
[Debug] [2025-8-13 14:05:08] Log::Print : COMMAND[Open config cable] execute successfully, takes 1.5 secs.
[Debug] [2025-8-13 14:05:09] Begin to send programming cmd...
[Debug] [2025-8-13 14:05:09] Send RPC:13
[Debug] [2025-8-13 14:05:09] Begin to send program data.
[Debug] [2025-8-13 14:05:09] End to send program data.
[Debug] [2025-8-13 14:05:09] Send cmd [Program:20002] OK
[Debug] [2025-8-13 14:05:09] The value of Progress is 6
[Debug] [2025-8-13 14:05:09] The value of Progress is 10
[Debug] [2025-8-13 14:05:09] The value of Progress is 15
[Debug] [2025-8-13 14:05:09] The value of Progress is 20
[Debug] [2025-8-13 14:05:09] The value of Progress is 25
[Debug] [2025-8-13 14:05:09] The value of Progress is 30
[Debug] [2025-8-13 14:05:09] The value of Progress is 35
[Debug] [2025-8-13 14:05:09] The value of Progress is 40
[Debug] [2025-8-13 14:05:09] The value of Progress is 45
[Debug] [2025-8-13 14:05:09] The value of Progress is 50
[Debug] [2025-8-13 14:05:09] The value of Progress is 55
[Debug] [2025-8-13 14:05:09] The value of Progress is 60
[Debug] [2025-8-13 14:05:09] The value of Progress is 65
[Debug] [2025-8-13 14:05:10] The value of Progress is 70
[Debug] [2025-8-13 14:05:10] The value of Progress is 75
[Debug] [2025-8-13 14:05:10] The value of Progress is 80
[Debug] [2025-8-13 14:05:10] The value of Progress is 85
[Debug] [2025-8-13 14:05:10] The value of Progress is 90
[Debug] [2025-8-13 14:05:10] The value of Progress is 95
[Debug] [2025-8-13 14:05:10] The value of Progress is 100
[Debug] [2025-8-13 14:05:10] COMMAND[Program] execute successfully, takes 1.5 secs.
[Debug] [2025-8-13 14:05:10] End to send programming cmd.
[Debug] [2025-8-13 14:05:10] Log::Print : The done bit is 1
[Debug] [2025-8-13 14:05:10] Log::Print : COMMAND[Program] execute successfully, takes 1.5 secs.
[Debug] [2025-8-13 14:05:18] Begin to send programming cmd...
[Debug] [2025-8-13 14:05:18] Send RPC:14
[Debug] [2025-8-13 14:05:18] Begin to send program data.
[Debug] [2025-8-13 14:05:18] End to send program data.
[Debug] [2025-8-13 14:05:18] Send cmd [Program:20002] OK
[Debug] [2025-8-13 14:05:18] The value of Progress is 6
[Debug] [2025-8-13 14:05:18] The value of Progress is 10
[Debug] [2025-8-13 14:05:18] The value of Progress is 15
[Debug] [2025-8-13 14:05:18] The value of Progress is 20
[Debug] [2025-8-13 14:05:18] The value of Progress is 25
[Debug] [2025-8-13 14:05:18] The value of Progress is 30
[Debug] [2025-8-13 14:05:18] The value of Progress is 35
[Debug] [2025-8-13 14:05:18] The value of Progress is 40
[Debug] [2025-8-13 14:05:18] The value of Progress is 45
[Debug] [2025-8-13 14:05:18] The value of Progress is 50
[Debug] [2025-8-13 14:05:18] The value of Progress is 55
[Debug] [2025-8-13 14:05:18] The value of Progress is 60
[Debug] [2025-8-13 14:05:19] The value of Progress is 65
[Debug] [2025-8-13 14:05:19] The value of Progress is 70
[Debug] [2025-8-13 14:05:19] The value of Progress is 75
[Debug] [2025-8-13 14:05:19] The value of Progress is 80
[Debug] [2025-8-13 14:05:19] The value of Progress is 85
[Debug] [2025-8-13 14:05:19] The value of Progress is 90
[Debug] [2025-8-13 14:05:19] The value of Progress is 95
[Debug] [2025-8-13 14:05:19] The value of Progress is 100
[Debug] [2025-8-13 14:05:19] COMMAND[Program] execute successfully, takes 1.5 secs.
[Debug] [2025-8-13 14:05:19] End to send programming cmd.
[Debug] [2025-8-13 14:05:19] Log::Print : The done bit is 1
[Debug] [2025-8-13 14:05:19] Log::Print : COMMAND[Program] execute successfully, takes 1.5 secs.
[Info] [2025-8-13 14:06:26] /***************************End Configration***************************/
[Info] [2025-8-13 14:06:29] /***************************Start Configuration***************************/
[Info] [2025-8-13 14:06:29] Path: C:/pango/PDS_2022.2-SP6.4/bin
[Info] [2025-8-13 14:06:29] Version: 146967
[Info] [2025-8-13 14:06:30] Current Path: D:/Desktop/work_material/RK_learning/RK3568_MES2L50H/05-work_material/03_FPGA_Project/01_img_pcie_capture/project
[Info] [2025-8-13 14:06:30] PDS Dir Path: D:/Desktop/work_material/RK_learning/RK3568_MES2L50H/05-work_material/03_FPGA_Project/01_img_pcie_capture/project
[Info] [2025-8-13 14:06:32] Configuration is not connect with server. connect first then scan chain.
[Debug] [2025-8-13 14:06:32] Client Local host name:LAPTOP-EA3TT0M1
[Debug] [2025-8-13 14:06:32] Client Local Address:192.168.1.11
[Debug] [2025-8-13 14:06:32] Client Local Address:192.168.1.18
[Debug] [2025-8-13 14:06:32] Server Address:127.0.0.1, Port:65420
[Debug] [2025-8-13 14:06:32] Log::Print : Connecting to server[127.0.0.1 : 65420].
[Info] [2025-8-13 14:06:33] Connect OK, Server: 127.0.0.1  Port: 65420
[Debug] [2025-8-13 14:06:33] Finish.
[Info] [2025-8-13 14:06:33] Connect server succeeded
[Debug] [2025-8-13 14:06:33] Send RPC:1
[Debug] [2025-8-13 14:06:33] Send cmd [check version information:40004] OK
[Debug] [2025-8-13 14:06:33] Log::Print : Connect to server[127.0.0.1 : 65420] successfully.
[Debug] [2025-8-13 14:06:33] Send RPC:2
[Debug] [2025-8-13 14:06:33] Send cmd [get_cable_paras:40010] OK
[Debug] [2025-8-13 14:06:33] Begin to send initialize chain cmd...
[Debug] [2025-8-13 14:06:33] Send RPC:3
[Debug] [2025-8-13 14:06:33] Send cmd [Open config cable:20001] OK
[Debug] [2025-8-13 14:06:33] End to send initialize chain cmd.
[Debug] [2025-8-13 14:06:33] COMMAND[check version information] execute successfully, takes 0.3 secs.
[Debug] [2025-8-13 14:06:33] Log::Print : COMMAND[check version information] execute successfully, takes 0.3 secs.
[Debug] [2025-8-13 14:06:34] COMMAND[get_cable_paras] execute successfully, takes 1.2 secs.
[Debug] [2025-8-13 14:06:34] Log::Print : The cable List : 
Cable index 0:USB Cable II/fffffffffffffffe 

[Debug] [2025-8-13 14:06:34] Log::Print : COMMAND[get_cable_paras] execute successfully, takes 1.2 secs.
[Debug] [2025-8-13 14:06:35] begin the exec of open cable cmd...
[Debug] [2025-8-13 14:06:35] Begin to deal with chain from server...
[Debug] [2025-8-13 14:06:35] Begin to set user chain...
[Debug] [2025-8-13 14:06:35] End to set user chain.
[Debug] [2025-8-13 14:06:35] Begin to update graphic item and tree item ...
[Debug] [2025-8-13 14:06:35] End to update graphic item and tree item ...
[Debug] [2025-8-13 14:06:35] Log::Print : PANGO USB CABLE II cable driver: D2XX DLL
[Debug] [2025-8-13 14:06:35] Log::Print : PG2L50H
[Debug] [2025-8-13 14:06:35] Log::Print : This device configure situation (done bit): 1
[Info] [2025-8-13 14:06:35] set OpenLastPath: D:/Desktop/work_material/RK_learning/RK3568_MES2L50H/05-work_material/03_FPGA_Project/01_img_pcie_capture/project/generate_bitstream/image_pcie_capture.sbit
[Debug] [2025-8-13 14:06:35] begin to get device info from CFG file...
[Debug] [2025-8-13 14:06:35] end to get device info from CFG file...
[Debug] [2025-8-13 14:06:35] Begin to update graphic item and tree item ...
[Debug] [2025-8-13 14:06:35] End to update graphic item and tree item ...
[Debug] [2025-8-13 14:06:35] Begin to update graphic item and tree item ...
[Debug] [2025-8-13 14:06:35] End to update graphic item and tree item ...
[Debug] [2025-8-13 14:06:35] End to deal wiht chain from server.
[Debug] [2025-8-13 14:06:35] end the exec of open cable cmd.
[Debug] [2025-8-13 14:06:35] COMMAND[Open config cable] execute successfully, takes 2.4 secs.
[Debug] [2025-8-13 14:06:35] Log::Print : COMMAND[Open config cable] execute successfully, takes 2.4 secs.
[Debug] [2025-8-13 14:06:36] Begin to send programming cmd...
[Debug] [2025-8-13 14:06:36] Send RPC:4
[Debug] [2025-8-13 14:06:36] Begin to send program data.
[Debug] [2025-8-13 14:06:36] End to send program data.
[Debug] [2025-8-13 14:06:36] Send cmd [Program:20002] OK
[Debug] [2025-8-13 14:06:37] The value of Progress is 6
[Debug] [2025-8-13 14:06:37] The value of Progress is 10
[Debug] [2025-8-13 14:06:37] The value of Progress is 15
[Debug] [2025-8-13 14:06:37] The value of Progress is 20
[Debug] [2025-8-13 14:06:37] The value of Progress is 25
[Debug] [2025-8-13 14:06:37] The value of Progress is 30
[Debug] [2025-8-13 14:06:37] The value of Progress is 35
[Debug] [2025-8-13 14:06:37] The value of Progress is 40
[Debug] [2025-8-13 14:06:37] The value of Progress is 45
[Debug] [2025-8-13 14:06:37] The value of Progress is 50
[Debug] [2025-8-13 14:06:38] The value of Progress is 55
[Debug] [2025-8-13 14:06:38] The value of Progress is 60
[Debug] [2025-8-13 14:06:38] The value of Progress is 65
[Debug] [2025-8-13 14:06:38] The value of Progress is 70
[Debug] [2025-8-13 14:06:38] The value of Progress is 75
[Debug] [2025-8-13 14:06:38] The value of Progress is 80
[Debug] [2025-8-13 14:06:38] The value of Progress is 85
[Debug] [2025-8-13 14:06:38] The value of Progress is 90
[Debug] [2025-8-13 14:06:38] The value of Progress is 95
[Debug] [2025-8-13 14:06:38] The value of Progress is 100
[Debug] [2025-8-13 14:06:38] COMMAND[Program] execute successfully, takes 2.0 secs.
[Debug] [2025-8-13 14:06:38] End to send programming cmd.
[Debug] [2025-8-13 14:06:38] Log::Print : The done bit is 1
[Debug] [2025-8-13 14:06:38] Log::Print : COMMAND[Program] execute successfully, takes 2.0 secs.
[Info] [2025-8-13 14:13:49] /***************************End Configration***************************/
[Info] [2025-8-13 14:13:50] /***************************Start Configuration***************************/
[Info] [2025-8-13 14:13:50] Path: C:/pango/PDS_2022.2-SP6.4/bin
[Info] [2025-8-13 14:13:50] Version: 146967
[Info] [2025-8-13 14:13:51] Current Path: D:/Desktop/work_material/RK_learning/RK3568_MES2L50H/05-work_material/03_FPGA_Project/01_img_pcie_capture/project
[Info] [2025-8-13 14:13:51] PDS Dir Path: D:/Desktop/work_material/RK_learning/RK3568_MES2L50H/05-work_material/03_FPGA_Project/01_img_pcie_capture/project
[Info] [2025-8-13 14:13:53] Configuration is not connect with server. connect first then scan chain.
[Debug] [2025-8-13 14:13:53] Client Local host name:LAPTOP-EA3TT0M1
[Debug] [2025-8-13 14:13:53] Client Local Address:192.168.1.11
[Debug] [2025-8-13 14:13:53] Client Local Address:192.168.1.18
[Debug] [2025-8-13 14:13:53] Server Address:127.0.0.1, Port:65420
[Debug] [2025-8-13 14:13:53] Log::Print : Connecting to server[127.0.0.1 : 65420].
[Info] [2025-8-13 14:13:53] Connect OK, Server: 127.0.0.1  Port: 65420
[Debug] [2025-8-13 14:13:53] Finish.
[Info] [2025-8-13 14:13:53] Connect server succeeded
[Debug] [2025-8-13 14:13:53] Send RPC:1
[Debug] [2025-8-13 14:13:53] Send cmd [check version information:40004] OK
[Debug] [2025-8-13 14:13:53] Log::Print : Connect to server[127.0.0.1 : 65420] successfully.
[Debug] [2025-8-13 14:13:54] Send RPC:2
[Debug] [2025-8-13 14:13:54] Send cmd [get_cable_paras:40010] OK
[Debug] [2025-8-13 14:13:54] Begin to send initialize chain cmd...
[Debug] [2025-8-13 14:13:54] Send RPC:3
[Debug] [2025-8-13 14:13:54] Send cmd [Open config cable:20001] OK
[Debug] [2025-8-13 14:13:54] End to send initialize chain cmd.
[Debug] [2025-8-13 14:13:54] COMMAND[check version information] execute successfully, takes 0.3 secs.
[Debug] [2025-8-13 14:13:54] Log::Print : COMMAND[check version information] execute successfully, takes 0.3 secs.
[Debug] [2025-8-13 14:13:55] COMMAND[get_cable_paras] execute successfully, takes 1.2 secs.
[Debug] [2025-8-13 14:13:55] Log::Print : The cable List : 
Cable index 0:USB Cable II/fffffffffffffffe 

[Debug] [2025-8-13 14:13:55] Log::Print : COMMAND[get_cable_paras] execute successfully, takes 1.2 secs.
[Debug] [2025-8-13 14:13:55] begin the exec of open cable cmd...
[Debug] [2025-8-13 14:13:55] Begin to deal with chain from server...
[Debug] [2025-8-13 14:13:55] Begin to set user chain...
[Debug] [2025-8-13 14:13:55] End to set user chain.
[Debug] [2025-8-13 14:13:55] Begin to update graphic item and tree item ...
[Debug] [2025-8-13 14:13:55] End to update graphic item and tree item ...
[Debug] [2025-8-13 14:13:55] Log::Print : PANGO USB CABLE II cable driver: D2XX DLL
[Debug] [2025-8-13 14:13:55] Log::Print : PG2L50H
[Debug] [2025-8-13 14:13:55] Log::Print : This device configure situation (done bit): 1
[Info] [2025-8-13 14:13:56] set OpenLastPath: D:/Desktop/work_material/RK_learning/RK3568_MES2L50H/05-work_material/03_FPGA_Project/01_img_pcie_capture/project/generate_bitstream/image_pcie_capture.sbit
[Debug] [2025-8-13 14:13:56] begin to get device info from CFG file...
[Debug] [2025-8-13 14:13:56] end to get device info from CFG file...
[Debug] [2025-8-13 14:13:56] Begin to update graphic item and tree item ...
[Debug] [2025-8-13 14:13:56] End to update graphic item and tree item ...
[Debug] [2025-8-13 14:13:56] Begin to update graphic item and tree item ...
[Debug] [2025-8-13 14:13:56] End to update graphic item and tree item ...
[Debug] [2025-8-13 14:13:56] End to deal wiht chain from server.
[Debug] [2025-8-13 14:13:56] end the exec of open cable cmd.
[Debug] [2025-8-13 14:13:56] COMMAND[Open config cable] execute successfully, takes 2.5 secs.
[Debug] [2025-8-13 14:13:56] Log::Print : COMMAND[Open config cable] execute successfully, takes 2.5 secs.
[Debug] [2025-8-13 14:13:57] Begin to send programming cmd...
[Debug] [2025-8-13 14:13:57] Send RPC:4
[Debug] [2025-8-13 14:13:57] Begin to send program data.
[Debug] [2025-8-13 14:13:57] End to send program data.
[Debug] [2025-8-13 14:13:57] Send cmd [Program:20002] OK
[Debug] [2025-8-13 14:13:57] The value of Progress is 6
[Debug] [2025-8-13 14:13:57] The value of Progress is 10
[Debug] [2025-8-13 14:13:58] The value of Progress is 15
[Debug] [2025-8-13 14:13:58] The value of Progress is 20
[Debug] [2025-8-13 14:13:58] The value of Progress is 25
[Debug] [2025-8-13 14:13:58] The value of Progress is 30
[Debug] [2025-8-13 14:13:58] The value of Progress is 35
[Debug] [2025-8-13 14:13:58] The value of Progress is 40
[Debug] [2025-8-13 14:13:58] The value of Progress is 45
[Debug] [2025-8-13 14:13:58] The value of Progress is 50
[Debug] [2025-8-13 14:13:58] The value of Progress is 55
[Debug] [2025-8-13 14:13:58] The value of Progress is 60
[Debug] [2025-8-13 14:13:58] The value of Progress is 65
[Debug] [2025-8-13 14:13:58] The value of Progress is 70
[Debug] [2025-8-13 14:13:59] The value of Progress is 75
[Debug] [2025-8-13 14:13:59] The value of Progress is 80
[Debug] [2025-8-13 14:13:59] The value of Progress is 85
[Debug] [2025-8-13 14:13:59] The value of Progress is 90
[Debug] [2025-8-13 14:13:59] The value of Progress is 95
[Debug] [2025-8-13 14:13:59] The value of Progress is 100
[Debug] [2025-8-13 14:13:59] COMMAND[Program] execute successfully, takes 2.0 secs.
[Debug] [2025-8-13 14:13:59] End to send programming cmd.
[Debug] [2025-8-13 14:13:59] Log::Print : The done bit is 1
[Debug] [2025-8-13 14:13:59] Log::Print : COMMAND[Program] execute successfully, takes 2.0 secs.
[Info] [2025-8-13 14:14:04] /***************************End Configration***************************/
[Info] [2025-8-13 15:25:02] /***************************Start Configuration***************************/
[Info] [2025-8-13 15:25:02] Path: C:/pango/PDS_2022.2-SP6.4/bin
[Info] [2025-8-13 15:25:02] Version: 146967
[Info] [2025-8-13 15:25:03] Current Path: D:/Desktop/work_material/RK_learning/RK3568_MES2L50H/05-work_material/03_FPGA_Project/01_img_pcie_capture/project
[Info] [2025-8-13 15:25:03] PDS Dir Path: D:/Desktop/work_material/RK_learning/RK3568_MES2L50H/05-work_material/03_FPGA_Project/01_img_pcie_capture/project
[Info] [2025-8-13 15:25:04] Configuration is not connect with server. connect first then scan chain.
[Debug] [2025-8-13 15:25:04] Client Local host name:LAPTOP-EA3TT0M1
[Debug] [2025-8-13 15:25:04] Client Local Address:192.168.1.11
[Debug] [2025-8-13 15:25:04] Client Local Address:192.168.1.18
[Debug] [2025-8-13 15:25:04] Server Address:127.0.0.1, Port:65420
[Debug] [2025-8-13 15:25:04] Log::Print : Connecting to server[127.0.0.1 : 65420].
[Info] [2025-8-13 15:25:04] Connect OK, Server: 127.0.0.1  Port: 65420
[Debug] [2025-8-13 15:25:04] Finish.
[Info] [2025-8-13 15:25:04] Connect server succeeded
[Debug] [2025-8-13 15:25:04] Send RPC:1
[Debug] [2025-8-13 15:25:04] Send cmd [check version information:40004] OK
[Debug] [2025-8-13 15:25:04] Log::Print : Connect to server[127.0.0.1 : 65420] successfully.
[Debug] [2025-8-13 15:25:05] Send RPC:2
[Debug] [2025-8-13 15:25:05] Send cmd [get_cable_paras:40010] OK
[Debug] [2025-8-13 15:25:05] Begin to send initialize chain cmd...
[Debug] [2025-8-13 15:25:05] Send RPC:3
[Debug] [2025-8-13 15:25:05] Send cmd [Open config cable:20001] OK
[Debug] [2025-8-13 15:25:05] End to send initialize chain cmd.
[Debug] [2025-8-13 15:25:05] COMMAND[check version information] execute successfully, takes 0.3 secs.
[Debug] [2025-8-13 15:25:05] Log::Print : COMMAND[check version information] execute successfully, takes 0.3 secs.
[Debug] [2025-8-13 15:25:06] COMMAND[get_cable_paras] execute successfully, takes 1.2 secs.
[Debug] [2025-8-13 15:25:06] Log::Print : The cable List : 
Cable index 0:USB Cable II/fffffffffffffffe 

[Debug] [2025-8-13 15:25:06] Log::Print : COMMAND[get_cable_paras] execute successfully, takes 1.2 secs.
[Debug] [2025-8-13 15:25:06] begin the exec of open cable cmd...
[Debug] [2025-8-13 15:25:06] Begin to deal with chain from server...
[Debug] [2025-8-13 15:25:06] Begin to set user chain...
[Debug] [2025-8-13 15:25:06] End to set user chain.
[Debug] [2025-8-13 15:25:06] Begin to update graphic item and tree item ...
[Debug] [2025-8-13 15:25:06] End to update graphic item and tree item ...
[Debug] [2025-8-13 15:25:06] Log::Print : PANGO USB CABLE II cable driver: D2XX DLL
[Debug] [2025-8-13 15:25:06] Log::Print : PG2L50H
[Debug] [2025-8-13 15:25:06] Log::Print : This device configure situation (done bit): 1
[Info] [2025-8-13 15:25:07] set OpenLastPath: D:/Desktop/work_material/RK_learning/RK3568_MES2L50H/05-work_material/03_FPGA_Project/01_img_pcie_capture/project/generate_bitstream/image_pcie_capture.sbit
[Debug] [2025-8-13 15:25:07] begin to get device info from CFG file...
[Debug] [2025-8-13 15:25:07] end to get device info from CFG file...
[Debug] [2025-8-13 15:25:07] Begin to update graphic item and tree item ...
[Debug] [2025-8-13 15:25:07] End to update graphic item and tree item ...
[Debug] [2025-8-13 15:25:07] Begin to update graphic item and tree item ...
[Debug] [2025-8-13 15:25:07] End to update graphic item and tree item ...
[Debug] [2025-8-13 15:25:07] End to deal wiht chain from server.
[Debug] [2025-8-13 15:25:07] end the exec of open cable cmd.
[Debug] [2025-8-13 15:25:07] COMMAND[Open config cable] execute successfully, takes 2.6 secs.
[Debug] [2025-8-13 15:25:07] Log::Print : COMMAND[Open config cable] execute successfully, takes 2.6 secs.
[Debug] [2025-8-13 15:25:12] Begin to Converte file.
[Debug] [2025-8-13 15:25:20] begin to parse sfc file.
[Debug] [2025-8-13 15:25:20] begin to get device info from CFG file...
[Debug] [2025-8-13 15:25:20] end to get device info from CFG file...
[Debug] [2025-8-13 15:25:20] begin to get device info from CFG file...
[Debug] [2025-8-13 15:25:20] end to get device info from CFG file...
[Debug] [2025-8-13 15:25:20] end to parse sfc file.
[Debug] [2025-8-13 15:25:20] Log::Print : The Start Address of bit file D:/Desktop/work_material/RK_learning/RK3568_MES2L50H/05-work_material/03_FPGA_Project/01_img_pcie_capture/project/generate_bitstream/image_pcie_capture.sbit: 0x0
[Debug] [2025-8-13 15:25:20] End to Converte file.
[Debug] [2025-8-13 15:25:22] Begin to send scan outer flash cmd...
[Debug] [2025-8-13 15:25:22] Send RPC:4
[Debug] [2025-8-13 15:25:22] Send cmd [Scan Outer SPI Flash:20300] OK
[Debug] [2025-8-13 15:25:22] End to send scan outer flash cmd.
[Debug] [2025-8-13 15:25:22] begin to exec scan jtag flash cmd...
[Debug] [2025-8-13 15:25:22] Begin to initialize JtagFlash for selected FPGA Device...
[Debug] [2025-8-13 15:25:22] Begin to update graphic item and tree item ...
[Debug] [2025-8-13 15:25:22] End to update graphic item and tree item ...
[Info] [2025-8-13 15:25:23] set OpenLastPath: D:/Desktop/work_material/RK_learning/RK3568_MES2L50H/05-work_material/03_FPGA_Project/01_img_pcie_capture/project/generate_bitstream/image_pcie_capture.sfc
[Debug] [2025-8-13 15:25:23] begin to check SFC File and Flash Device Read Mode.
[Debug] [2025-8-13 15:25:23] end to check SFC File and Flash Device Read Mode.
[Debug] [2025-8-13 15:25:23] Begin to update graphic item and tree item ...
[Debug] [2025-8-13 15:25:23] End to update graphic item and tree item ...
[Debug] [2025-8-13 15:25:23] End to initialize OuterFlash for selected FPGA Device...
[Debug] [2025-8-13 15:25:23] end to exec scan jtag flash cmd...
[Debug] [2025-8-13 15:25:23] COMMAND[Scan Outer SPI Flash] execute successfully, takes 1.2 secs.
[Debug] [2025-8-13 15:25:23] Log::Print : COMMAND[Scan Outer SPI Flash] execute successfully, takes 1.2 secs.
[Debug] [2025-8-13 15:25:24] begin to send promgram jtag flash cmd.
[Debug] [2025-8-13 15:25:24] begin to send jtag flash erase cmd
[Debug] [2025-8-13 15:25:24] Send RPC:5
[Debug] [2025-8-13 15:25:24] Begin to send embed flash erase data.
[Debug] [2025-8-13 15:25:24] Begin to send flash erase data.
[Debug] [2025-8-13 15:25:24] End to send flash erase data.
[Debug] [2025-8-13 15:25:24] End to send embed flash erase data.
[Debug] [2025-8-13 15:25:24] Send cmd [Erase Outer Flash:20302] OK
[Debug] [2025-8-13 15:25:24] Log::Print : The start address of operating flash is 0x0.
[Debug] [2025-8-13 15:25:24] The value of Progress is 1
[Debug] [2025-8-13 15:25:25] The value of Progress is 6
[Debug] [2025-8-13 15:25:26] The value of Progress is 12
[Debug] [2025-8-13 15:25:26] The value of Progress is 15
[Debug] [2025-8-13 15:25:27] The value of Progress is 21
[Debug] [2025-8-13 15:25:28] The value of Progress is 27
[Debug] [2025-8-13 15:25:28] The value of Progress is 30
[Debug] [2025-8-13 15:25:29] The value of Progress is 36
[Debug] [2025-8-13 15:25:29] The value of Progress is 42
[Debug] [2025-8-13 15:25:30] The value of Progress is 45
[Debug] [2025-8-13 15:25:31] The value of Progress is 51
[Debug] [2025-8-13 15:25:31] The value of Progress is 57
[Debug] [2025-8-13 15:25:32] The value of Progress is 60
[Debug] [2025-8-13 15:25:33] The value of Progress is 66
[Debug] [2025-8-13 15:25:33] The value of Progress is 72
[Debug] [2025-8-13 15:25:34] The value of Progress is 75
[Debug] [2025-8-13 15:25:34] The value of Progress is 81
[Debug] [2025-8-13 15:25:35] The value of Progress is 87
[Debug] [2025-8-13 15:25:35] The value of Progress is 90
[Debug] [2025-8-13 15:25:36] The value of Progress is 96
[Debug] [2025-8-13 15:25:36] The value of Progress is 100
[Debug] [2025-8-13 15:25:36] COMMAND[Erase Outer Flash] execute finish, takes 12.1 secs.
[Debug] [2025-8-13 15:25:36] end to send jtag flash erase cmd.
[Debug] [2025-8-13 15:25:36] Send RPC:6
[Debug] [2025-8-13 15:25:36] Begin to send jtag flash program data.
[Debug] [2025-8-13 15:25:36] Begin to send flash program data.
[Debug] [2025-8-13 15:25:36] End to send flash program data.
[Debug] [2025-8-13 15:25:36] End to send embed flash program data.
[Debug] [2025-8-13 15:25:36] Send cmd [Program Outer Flash:20301] OK
[Debug] [2025-8-13 15:25:36] Log::Print : COMMAND[Erase Outer Flash] execute finish, takes 12.1 secs.
[Debug] [2025-8-13 15:25:36] Log::Print : The start address of operating flash is 0x0.
[Debug] [2025-8-13 15:25:36] The value of Progress is 1
[Debug] [2025-8-13 15:25:38] The value of Progress is 6
[Debug] [2025-8-13 15:25:40] The value of Progress is 10
[Debug] [2025-8-13 15:25:41] The value of Progress is 15
[Debug] [2025-8-13 15:25:43] The value of Progress is 20
[Debug] [2025-8-13 15:25:44] The value of Progress is 25
[Debug] [2025-8-13 15:25:46] The value of Progress is 30
[Debug] [2025-8-13 15:25:48] The value of Progress is 35
[Debug] [2025-8-13 15:25:49] The value of Progress is 40
[Debug] [2025-8-13 15:25:51] The value of Progress is 45
[Debug] [2025-8-13 15:25:53] The value of Progress is 50
[Debug] [2025-8-13 15:25:54] The value of Progress is 55
[Debug] [2025-8-13 15:25:56] The value of Progress is 60
[Debug] [2025-8-13 15:25:58] The value of Progress is 65
[Debug] [2025-8-13 15:25:59] The value of Progress is 70
[Debug] [2025-8-13 15:26:01] The value of Progress is 75
[Debug] [2025-8-13 15:26:03] The value of Progress is 80
[Debug] [2025-8-13 15:26:04] The value of Progress is 85
[Debug] [2025-8-13 15:26:06] The value of Progress is 90
[Debug] [2025-8-13 15:26:08] The value of Progress is 95
[Debug] [2025-8-13 15:26:09] The value of Progress is 100
[Debug] [2025-8-13 15:26:10] COMMAND[Program Outer Flash] execute finish, takes 33.6 secs.
[Debug] [2025-8-13 15:26:10] begin to send jtag flash verify cmd
[Debug] [2025-8-13 15:26:10] Send RPC:7
[Debug] [2025-8-13 15:26:10] Begin to send embed flash verify data.
[Debug] [2025-8-13 15:26:10] Begin to send flash verify data.
[Debug] [2025-8-13 15:26:10] End to send flash verify data.
[Debug] [2025-8-13 15:26:10] End to send embed flash verify data.
[Debug] [2025-8-13 15:26:10] Send cmd [Verify Outer Flash:20303] OK
[Debug] [2025-8-13 15:26:10] Log::Print : COMMAND[Program Outer Flash] execute finish, takes 33.6 secs.
[Debug] [2025-8-13 15:26:10] Log::Print : The start address of operating flash is 0x0.
[Debug] [2025-8-13 15:26:10] The value of Progress is 1
[Debug] [2025-8-13 15:26:10] The value of Progress is 6
[Debug] [2025-8-13 15:26:10] The value of Progress is 10
[Debug] [2025-8-13 15:26:10] The value of Progress is 15
[Debug] [2025-8-13 15:26:10] The value of Progress is 20
[Debug] [2025-8-13 15:26:10] The value of Progress is 25
[Debug] [2025-8-13 15:26:10] The value of Progress is 30
[Debug] [2025-8-13 15:26:11] The value of Progress is 35
[Debug] [2025-8-13 15:26:11] The value of Progress is 40
[Debug] [2025-8-13 15:26:11] The value of Progress is 45
[Debug] [2025-8-13 15:26:11] The value of Progress is 50
[Debug] [2025-8-13 15:26:11] The value of Progress is 55
[Debug] [2025-8-13 15:26:11] The value of Progress is 60
[Debug] [2025-8-13 15:26:11] The value of Progress is 65
[Debug] [2025-8-13 15:26:11] The value of Progress is 70
[Debug] [2025-8-13 15:26:11] The value of Progress is 75
[Debug] [2025-8-13 15:26:11] The value of Progress is 80
[Debug] [2025-8-13 15:26:12] The value of Progress is 85
[Debug] [2025-8-13 15:26:12] The value of Progress is 90
[Debug] [2025-8-13 15:26:12] The value of Progress is 95
[Debug] [2025-8-13 15:26:12] The value of Progress is 100
[Debug] [2025-8-13 15:26:12] COMMAND[Verify Outer Flash] execute successfully, takes 2.5 secs.
[Debug] [2025-8-13 15:26:12] end to send jtag flash verify cmd
[Debug] [2025-8-13 15:26:12] end to send jtag flash program cmd.
[Debug] [2025-8-13 15:26:12] Log::Print : COMMAND[Verify Outer Flash] execute successfully, takes 2.5 secs.
[Debug] [2025-8-13 15:34:32] Begin to Converte file.
[Debug] [2025-8-13 15:34:32] End to Converte file.
[Debug] [2025-8-13 15:34:35] begin to parse sfc file.
[Debug] [2025-8-13 15:34:35] begin to get device info from CFG file...
[Debug] [2025-8-13 15:34:35] end to get device info from CFG file...
[Debug] [2025-8-13 15:34:35] begin to get device info from CFG file...
[Debug] [2025-8-13 15:34:35] end to get device info from CFG file...
[Debug] [2025-8-13 15:34:35] end to parse sfc file.
[Debug] [2025-8-13 15:34:35] Log::Print : The Start Address of bit file D:/Desktop/work_material/RK_learning/RK3568_MES2L50H/05-work_material/03_FPGA_Project/01_img_pcie_capture/project/generate_bitstream/image_pcie_capture.sbit: 0x0
[Debug] [2025-8-13 15:34:50] begin to send promgram jtag flash cmd.
[Debug] [2025-8-13 15:34:50] begin to send jtag flash erase cmd
[Debug] [2025-8-13 15:34:50] Send RPC:8
[Debug] [2025-8-13 15:34:50] Begin to send embed flash erase data.
[Debug] [2025-8-13 15:34:50] Begin to send flash erase data.
[Debug] [2025-8-13 15:34:50] End to send flash erase data.
[Debug] [2025-8-13 15:34:50] End to send embed flash erase data.
[Debug] [2025-8-13 15:34:50] Send cmd [Erase Outer Flash:20302] OK
[Debug] [2025-8-13 15:34:50] Log::Print : The start address of operating flash is 0x0.
[Debug] [2025-8-13 15:34:50] The value of Progress is 1
[Debug] [2025-8-13 15:34:51] The value of Progress is 6
[Debug] [2025-8-13 15:34:52] The value of Progress is 12
[Debug] [2025-8-13 15:34:52] The value of Progress is 15
[Debug] [2025-8-13 15:34:53] The value of Progress is 21
[Debug] [2025-8-13 15:34:53] The value of Progress is 27
[Debug] [2025-8-13 15:34:54] The value of Progress is 30
[Debug] [2025-8-13 15:34:54] The value of Progress is 36
[Debug] [2025-8-13 15:34:55] The value of Progress is 42
[Debug] [2025-8-13 15:34:56] The value of Progress is 45
[Debug] [2025-8-13 15:34:56] The value of Progress is 51
[Debug] [2025-8-13 15:34:57] The value of Progress is 57
[Debug] [2025-8-13 15:34:57] The value of Progress is 60
[Debug] [2025-8-13 15:34:58] The value of Progress is 66
[Debug] [2025-8-13 15:34:59] The value of Progress is 72
[Debug] [2025-8-13 15:34:59] The value of Progress is 75
[Debug] [2025-8-13 15:35:00] The value of Progress is 81
[Debug] [2025-8-13 15:35:00] The value of Progress is 87
[Debug] [2025-8-13 15:35:01] The value of Progress is 90
[Debug] [2025-8-13 15:35:01] The value of Progress is 96
[Debug] [2025-8-13 15:35:01] The value of Progress is 100
[Debug] [2025-8-13 15:35:02] COMMAND[Erase Outer Flash] execute finish, takes 11.9 secs.
[Debug] [2025-8-13 15:35:02] end to send jtag flash erase cmd.
[Debug] [2025-8-13 15:35:02] Send RPC:9
[Debug] [2025-8-13 15:35:02] Begin to send jtag flash program data.
[Debug] [2025-8-13 15:35:02] Begin to send flash program data.
[Debug] [2025-8-13 15:35:02] End to send flash program data.
[Debug] [2025-8-13 15:35:02] End to send embed flash program data.
[Debug] [2025-8-13 15:35:02] Send cmd [Program Outer Flash:20301] OK
[Debug] [2025-8-13 15:35:02] Log::Print : COMMAND[Erase Outer Flash] execute finish, takes 11.9 secs.
[Debug] [2025-8-13 15:35:02] Log::Print : The start address of operating flash is 0x0.
[Debug] [2025-8-13 15:35:02] The value of Progress is 1
[Debug] [2025-8-13 15:35:04] The value of Progress is 6
[Debug] [2025-8-13 15:35:05] The value of Progress is 10
[Debug] [2025-8-13 15:35:07] The value of Progress is 15
[Debug] [2025-8-13 15:35:08] The value of Progress is 20
[Debug] [2025-8-13 15:35:10] The value of Progress is 25
[Debug] [2025-8-13 15:35:12] The value of Progress is 30
[Debug] [2025-8-13 15:35:13] The value of Progress is 35
[Debug] [2025-8-13 15:35:15] The value of Progress is 40
[Debug] [2025-8-13 15:35:17] The value of Progress is 45
[Debug] [2025-8-13 15:35:18] The value of Progress is 50
[Debug] [2025-8-13 15:35:20] The value of Progress is 55
[Debug] [2025-8-13 15:35:22] The value of Progress is 60
[Debug] [2025-8-13 15:35:23] The value of Progress is 65
[Debug] [2025-8-13 15:35:25] The value of Progress is 70
[Debug] [2025-8-13 15:35:27] The value of Progress is 75
[Debug] [2025-8-13 15:35:29] The value of Progress is 80
[Debug] [2025-8-13 15:35:30] The value of Progress is 85
[Debug] [2025-8-13 15:35:32] The value of Progress is 90
[Debug] [2025-8-13 15:35:34] The value of Progress is 95
[Debug] [2025-8-13 15:35:35] The value of Progress is 100
[Debug] [2025-8-13 15:35:35] COMMAND[Program Outer Flash] execute finish, takes 33.6 secs.
[Debug] [2025-8-13 15:35:35] begin to send jtag flash verify cmd
[Debug] [2025-8-13 15:35:35] Send RPC:10
[Debug] [2025-8-13 15:35:35] Begin to send embed flash verify data.
[Debug] [2025-8-13 15:35:35] Begin to send flash verify data.
[Debug] [2025-8-13 15:35:35] End to send flash verify data.
[Debug] [2025-8-13 15:35:35] End to send embed flash verify data.
[Debug] [2025-8-13 15:35:35] Send cmd [Verify Outer Flash:20303] OK
[Debug] [2025-8-13 15:35:35] Log::Print : COMMAND[Program Outer Flash] execute finish, takes 33.6 secs.
[Debug] [2025-8-13 15:35:35] Log::Print : The start address of operating flash is 0x0.
[Debug] [2025-8-13 15:35:35] The value of Progress is 1
[Debug] [2025-8-13 15:35:36] The value of Progress is 6
[Debug] [2025-8-13 15:35:36] The value of Progress is 10
[Debug] [2025-8-13 15:35:36] The value of Progress is 15
[Debug] [2025-8-13 15:35:36] The value of Progress is 20
[Debug] [2025-8-13 15:35:36] The value of Progress is 25
[Debug] [2025-8-13 15:35:36] The value of Progress is 30
[Debug] [2025-8-13 15:35:36] The value of Progress is 35
[Debug] [2025-8-13 15:35:36] The value of Progress is 40
[Debug] [2025-8-13 15:35:36] The value of Progress is 45
[Debug] [2025-8-13 15:35:36] The value of Progress is 50
[Debug] [2025-8-13 15:35:37] The value of Progress is 55
[Debug] [2025-8-13 15:35:37] The value of Progress is 60
[Debug] [2025-8-13 15:35:37] The value of Progress is 65
[Debug] [2025-8-13 15:35:37] The value of Progress is 70
[Debug] [2025-8-13 15:35:37] The value of Progress is 75
[Debug] [2025-8-13 15:35:37] The value of Progress is 80
[Debug] [2025-8-13 15:35:37] The value of Progress is 85
[Debug] [2025-8-13 15:35:37] The value of Progress is 90
[Debug] [2025-8-13 15:35:37] The value of Progress is 95
[Debug] [2025-8-13 15:35:38] The value of Progress is 100
[Debug] [2025-8-13 15:35:38] COMMAND[Verify Outer Flash] execute successfully, takes 2.5 secs.
[Debug] [2025-8-13 15:35:38] end to send jtag flash verify cmd
[Debug] [2025-8-13 15:35:38] end to send jtag flash program cmd.
[Debug] [2025-8-13 15:35:38] Log::Print : COMMAND[Verify Outer Flash] execute successfully, takes 2.5 secs.
[Debug] [2025-8-13 15:47:23] begin to send promgram jtag flash cmd.
[Debug] [2025-8-13 15:47:23] begin to send jtag flash erase cmd
[Debug] [2025-8-13 15:47:23] Send RPC:11
[Debug] [2025-8-13 15:47:23] Begin to send embed flash erase data.
[Debug] [2025-8-13 15:47:23] Begin to send flash erase data.
[Debug] [2025-8-13 15:47:23] End to send flash erase data.
[Debug] [2025-8-13 15:47:23] End to send embed flash erase data.
[Debug] [2025-8-13 15:47:23] Send cmd [Erase Outer Flash:20302] OK
[Debug] [2025-8-13 15:47:23] Log::Print : The start address of operating flash is 0x0.
[Debug] [2025-8-13 15:47:23] The value of Progress is 1
[Debug] [2025-8-13 15:47:24] The value of Progress is 6
[Debug] [2025-8-13 15:47:25] The value of Progress is 12
[Debug] [2025-8-13 15:47:25] The value of Progress is 15
[Debug] [2025-8-13 15:47:26] The value of Progress is 21
[Debug] [2025-8-13 15:47:27] The value of Progress is 27
[Debug] [2025-8-13 15:47:27] The value of Progress is 30
[Debug] [2025-8-13 15:47:28] The value of Progress is 36
[Debug] [2025-8-13 15:47:28] The value of Progress is 42
[Debug] [2025-8-13 15:47:29] The value of Progress is 45
[Debug] [2025-8-13 15:47:29] The value of Progress is 51
[Debug] [2025-8-13 15:47:30] The value of Progress is 57
[Debug] [2025-8-13 15:47:30] The value of Progress is 60
[Debug] [2025-8-13 15:47:31] The value of Progress is 66
[Debug] [2025-8-13 15:47:32] The value of Progress is 72
[Debug] [2025-8-13 15:47:32] The value of Progress is 75
[Debug] [2025-8-13 15:47:33] The value of Progress is 81
[Debug] [2025-8-13 15:47:33] The value of Progress is 87
[Debug] [2025-8-13 15:47:34] The value of Progress is 90
[Debug] [2025-8-13 15:47:34] The value of Progress is 96
[Debug] [2025-8-13 15:47:34] The value of Progress is 100
[Debug] [2025-8-13 15:47:34] COMMAND[Erase Outer Flash] execute finish, takes 11.8 secs.
[Debug] [2025-8-13 15:47:34] end to send jtag flash erase cmd.
[Debug] [2025-8-13 15:47:34] Send RPC:12
[Debug] [2025-8-13 15:47:34] Begin to send jtag flash program data.
[Debug] [2025-8-13 15:47:34] Begin to send flash program data.
[Debug] [2025-8-13 15:47:34] End to send flash program data.
[Debug] [2025-8-13 15:47:34] End to send embed flash program data.
[Debug] [2025-8-13 15:47:34] Send cmd [Program Outer Flash:20301] OK
[Debug] [2025-8-13 15:47:35] Log::Print : COMMAND[Erase Outer Flash] execute finish, takes 11.8 secs.
[Debug] [2025-8-13 15:47:35] Log::Print : The start address of operating flash is 0x0.
[Debug] [2025-8-13 15:47:35] The value of Progress is 1
[Debug] [2025-8-13 15:47:37] The value of Progress is 6
[Debug] [2025-8-13 15:47:38] The value of Progress is 10
[Debug] [2025-8-13 15:47:40] The value of Progress is 15
[Debug] [2025-8-13 15:47:41] The value of Progress is 20
[Debug] [2025-8-13 15:47:43] The value of Progress is 25
[Debug] [2025-8-13 15:47:45] The value of Progress is 30
[Debug] [2025-8-13 15:47:46] The value of Progress is 35
[Debug] [2025-8-13 15:47:48] The value of Progress is 40
[Debug] [2025-8-13 15:47:50] The value of Progress is 45
[Debug] [2025-8-13 15:47:51] The value of Progress is 50
[Debug] [2025-8-13 15:47:53] The value of Progress is 55
[Debug] [2025-8-13 15:47:55] The value of Progress is 60
[Debug] [2025-8-13 15:47:56] The value of Progress is 65
[Debug] [2025-8-13 15:47:58] The value of Progress is 70
[Debug] [2025-8-13 15:48:00] The value of Progress is 75
[Debug] [2025-8-13 15:48:01] The value of Progress is 80
[Debug] [2025-8-13 15:48:03] The value of Progress is 85
[Debug] [2025-8-13 15:48:05] The value of Progress is 90
[Debug] [2025-8-13 15:48:06] The value of Progress is 95
[Debug] [2025-8-13 15:48:08] The value of Progress is 100
[Debug] [2025-8-13 15:48:08] COMMAND[Program Outer Flash] execute finish, takes 33.4 secs.
[Debug] [2025-8-13 15:48:08] begin to send jtag flash verify cmd
[Debug] [2025-8-13 15:48:08] Send RPC:13
[Debug] [2025-8-13 15:48:08] Begin to send embed flash verify data.
[Debug] [2025-8-13 15:48:08] Begin to send flash verify data.
[Debug] [2025-8-13 15:48:08] End to send flash verify data.
[Debug] [2025-8-13 15:48:08] End to send embed flash verify data.
[Debug] [2025-8-13 15:48:08] Send cmd [Verify Outer Flash:20303] OK
[Debug] [2025-8-13 15:48:08] Log::Print : COMMAND[Program Outer Flash] execute finish, takes 33.4 secs.
[Debug] [2025-8-13 15:48:08] Log::Print : The start address of operating flash is 0x0.
[Debug] [2025-8-13 15:48:08] The value of Progress is 1
[Debug] [2025-8-13 15:48:08] The value of Progress is 6
[Debug] [2025-8-13 15:48:08] The value of Progress is 10
[Debug] [2025-8-13 15:48:08] The value of Progress is 15
[Debug] [2025-8-13 15:48:08] The value of Progress is 20
[Debug] [2025-8-13 15:48:09] The value of Progress is 25
[Debug] [2025-8-13 15:48:09] The value of Progress is 30
[Debug] [2025-8-13 15:48:09] The value of Progress is 35
[Debug] [2025-8-13 15:48:09] The value of Progress is 40
[Debug] [2025-8-13 15:48:09] The value of Progress is 45
[Debug] [2025-8-13 15:48:09] The value of Progress is 50
[Debug] [2025-8-13 15:48:09] The value of Progress is 55
[Debug] [2025-8-13 15:48:09] The value of Progress is 60
[Debug] [2025-8-13 15:48:09] The value of Progress is 65
[Debug] [2025-8-13 15:48:10] The value of Progress is 70
[Debug] [2025-8-13 15:48:10] The value of Progress is 75
[Debug] [2025-8-13 15:48:10] The value of Progress is 80
[Debug] [2025-8-13 15:48:10] The value of Progress is 85
[Debug] [2025-8-13 15:48:10] The value of Progress is 90
[Debug] [2025-8-13 15:48:10] The value of Progress is 95
[Debug] [2025-8-13 15:48:10] The value of Progress is 100
[Debug] [2025-8-13 15:48:10] COMMAND[Verify Outer Flash] execute successfully, takes 2.5 secs.
[Debug] [2025-8-13 15:48:10] end to send jtag flash verify cmd
[Debug] [2025-8-13 15:48:10] end to send jtag flash program cmd.
[Debug] [2025-8-13 15:48:10] Log::Print : COMMAND[Verify Outer Flash] execute successfully, takes 2.5 secs.
[Debug] [2025-8-13 16:26:19] Begin to send programming cmd...
[Debug] [2025-8-13 16:26:19] Send RPC:14
[Debug] [2025-8-13 16:26:19] Begin to send program data.
[Debug] [2025-8-13 16:26:19] End to send program data.
[Debug] [2025-8-13 16:26:19] Send cmd [Program:20002] OK
[Debug] [2025-8-13 16:26:20] The value of Progress is 6
[Debug] [2025-8-13 16:26:20] The value of Progress is 10
[Debug] [2025-8-13 16:26:20] The value of Progress is 15
[Debug] [2025-8-13 16:26:20] The value of Progress is 20
[Debug] [2025-8-13 16:26:20] The value of Progress is 25
[Debug] [2025-8-13 16:26:20] The value of Progress is 30
[Debug] [2025-8-13 16:26:20] The value of Progress is 35
[Debug] [2025-8-13 16:26:21] The value of Progress is 40
[Debug] [2025-8-13 16:26:21] The value of Progress is 45
[Debug] [2025-8-13 16:26:21] The value of Progress is 50
[Debug] [2025-8-13 16:26:21] The value of Progress is 55
[Debug] [2025-8-13 16:26:21] The value of Progress is 60
[Debug] [2025-8-13 16:26:21] The value of Progress is 65
[Debug] [2025-8-13 16:26:21] The value of Progress is 70
[Debug] [2025-8-13 16:26:21] The value of Progress is 75
[Debug] [2025-8-13 16:26:21] The value of Progress is 80
[Debug] [2025-8-13 16:26:21] The value of Progress is 85
[Debug] [2025-8-13 16:26:21] The value of Progress is 90
[Debug] [2025-8-13 16:26:22] The value of Progress is 95
[Debug] [2025-8-13 16:26:22] The value of Progress is 100
[Debug] [2025-8-13 16:26:22] COMMAND[Program] execute successfully, takes 2.7 secs.
[Debug] [2025-8-13 16:26:22] End to send programming cmd.
[Debug] [2025-8-13 16:26:22] Log::Print : The done bit is 1
[Debug] [2025-8-13 16:26:22] Log::Print : COMMAND[Program] execute successfully, takes 2.7 secs.
[Debug] [2025-8-13 16:26:28] begin to send promgram jtag flash cmd.
[Debug] [2025-8-13 16:26:28] begin to send jtag flash erase cmd
[Debug] [2025-8-13 16:26:28] Send RPC:15
[Debug] [2025-8-13 16:26:28] Begin to send embed flash erase data.
[Debug] [2025-8-13 16:26:28] Begin to send flash erase data.
[Debug] [2025-8-13 16:26:28] End to send flash erase data.
[Debug] [2025-8-13 16:26:28] End to send embed flash erase data.
[Debug] [2025-8-13 16:26:28] Send cmd [Erase Outer Flash:20302] OK
[Debug] [2025-8-13 16:26:28] Log::Print : The start address of operating flash is 0x0.
[Debug] [2025-8-13 16:26:29] The value of Progress is 1
[Debug] [2025-8-13 16:26:30] The value of Progress is 6
[Debug] [2025-8-13 16:26:30] The value of Progress is 12
[Debug] [2025-8-13 16:26:31] The value of Progress is 15
[Debug] [2025-8-13 16:26:31] The value of Progress is 21
[Debug] [2025-8-13 16:26:32] The value of Progress is 27
[Debug] [2025-8-13 16:26:33] The value of Progress is 30
[Debug] [2025-8-13 16:26:33] The value of Progress is 36
[Debug] [2025-8-13 16:26:34] The value of Progress is 42
[Debug] [2025-8-13 16:26:34] The value of Progress is 45
[Debug] [2025-8-13 16:26:35] The value of Progress is 51
[Debug] [2025-8-13 16:26:36] The value of Progress is 57
[Debug] [2025-8-13 16:26:36] The value of Progress is 60
[Debug] [2025-8-13 16:26:37] The value of Progress is 66
[Debug] [2025-8-13 16:26:37] The value of Progress is 72
[Debug] [2025-8-13 16:26:38] The value of Progress is 75
[Debug] [2025-8-13 16:26:39] The value of Progress is 81
[Debug] [2025-8-13 16:26:39] The value of Progress is 87
[Debug] [2025-8-13 16:26:40] The value of Progress is 90
[Debug] [2025-8-13 16:26:40] The value of Progress is 96
[Debug] [2025-8-13 16:26:40] The value of Progress is 100
[Debug] [2025-8-13 16:26:40] COMMAND[Erase Outer Flash] execute finish, takes 12.0 secs.
[Debug] [2025-8-13 16:26:40] end to send jtag flash erase cmd.
[Debug] [2025-8-13 16:26:40] Send RPC:16
[Debug] [2025-8-13 16:26:40] Begin to send jtag flash program data.
[Debug] [2025-8-13 16:26:40] Begin to send flash program data.
[Debug] [2025-8-13 16:26:40] End to send flash program data.
[Debug] [2025-8-13 16:26:40] End to send embed flash program data.
[Debug] [2025-8-13 16:26:40] Send cmd [Program Outer Flash:20301] OK
[Debug] [2025-8-13 16:26:40] Log::Print : COMMAND[Erase Outer Flash] execute finish, takes 12.0 secs.
[Debug] [2025-8-13 16:26:40] Log::Print : The start address of operating flash is 0x0.
[Debug] [2025-8-13 16:26:41] The value of Progress is 1
[Debug] [2025-8-13 16:26:43] The value of Progress is 6
[Debug] [2025-8-13 16:26:44] The value of Progress is 10
[Debug] [2025-8-13 16:26:46] The value of Progress is 15
[Debug] [2025-8-13 16:26:47] The value of Progress is 20
[Debug] [2025-8-13 16:26:49] The value of Progress is 25
[Debug] [2025-8-13 16:26:51] The value of Progress is 30
[Debug] [2025-8-13 16:26:52] The value of Progress is 35
[Debug] [2025-8-13 16:26:54] The value of Progress is 40
[Debug] [2025-8-13 16:26:55] The value of Progress is 45
[Debug] [2025-8-13 16:26:57] The value of Progress is 50
[Debug] [2025-8-13 16:26:59] The value of Progress is 55
[Debug] [2025-8-13 16:27:00] The value of Progress is 60
[Debug] [2025-8-13 16:27:02] The value of Progress is 65
[Debug] [2025-8-13 16:27:04] The value of Progress is 70
[Debug] [2025-8-13 16:27:05] The value of Progress is 75
[Debug] [2025-8-13 16:27:07] The value of Progress is 80
[Debug] [2025-8-13 16:27:09] The value of Progress is 85
[Debug] [2025-8-13 16:27:12] The value of Progress is 90
[Debug] [2025-8-13 16:27:14] The value of Progress is 95
[Debug] [2025-8-13 16:27:14] The value of Progress is 100
[Debug] [2025-8-13 16:27:14] COMMAND[Program Outer Flash] execute finish, takes 33.9 secs.
[Debug] [2025-8-13 16:27:14] begin to send jtag flash verify cmd
[Debug] [2025-8-13 16:27:14] Send RPC:17
[Debug] [2025-8-13 16:27:14] Begin to send embed flash verify data.
[Debug] [2025-8-13 16:27:14] Begin to send flash verify data.
[Debug] [2025-8-13 16:27:14] End to send flash verify data.
[Debug] [2025-8-13 16:27:14] End to send embed flash verify data.
[Debug] [2025-8-13 16:27:14] Send cmd [Verify Outer Flash:20303] OK
[Debug] [2025-8-13 16:27:15] Log::Print : COMMAND[Program Outer Flash] execute finish, takes 33.9 secs.
[Debug] [2025-8-13 16:27:15] Log::Print : The start address of operating flash is 0x0.
[Debug] [2025-8-13 16:27:15] The value of Progress is 1
[Debug] [2025-8-13 16:27:15] The value of Progress is 6
[Debug] [2025-8-13 16:27:15] The value of Progress is 10
[Debug] [2025-8-13 16:27:15] The value of Progress is 15
[Debug] [2025-8-13 16:27:15] The value of Progress is 20
[Debug] [2025-8-13 16:27:15] The value of Progress is 25
[Debug] [2025-8-13 16:27:15] The value of Progress is 30
[Debug] [2025-8-13 16:27:15] The value of Progress is 35
[Debug] [2025-8-13 16:27:15] The value of Progress is 40
[Debug] [2025-8-13 16:27:15] The value of Progress is 45
[Debug] [2025-8-13 16:27:16] The value of Progress is 50
[Debug] [2025-8-13 16:27:16] The value of Progress is 55
[Debug] [2025-8-13 16:27:16] The value of Progress is 60
[Debug] [2025-8-13 16:27:16] The value of Progress is 65
[Debug] [2025-8-13 16:27:16] The value of Progress is 70
[Debug] [2025-8-13 16:27:16] The value of Progress is 75
[Debug] [2025-8-13 16:27:16] The value of Progress is 80
[Debug] [2025-8-13 16:27:16] The value of Progress is 85
[Debug] [2025-8-13 16:27:16] The value of Progress is 90
[Debug] [2025-8-13 16:27:16] The value of Progress is 95
[Debug] [2025-8-13 16:27:17] The value of Progress is 100
[Debug] [2025-8-13 16:27:17] COMMAND[Verify Outer Flash] execute successfully, takes 2.5 secs.
[Debug] [2025-8-13 16:27:17] end to send jtag flash verify cmd
[Debug] [2025-8-13 16:27:17] end to send jtag flash program cmd.
[Debug] [2025-8-13 16:27:17] Log::Print : COMMAND[Verify Outer Flash] execute successfully, takes 2.5 secs.
[Debug] [2025-8-13 16:51:11] Begin to Converte file.
[Debug] [2025-8-13 16:51:11] End to Converte file.
[Debug] [2025-8-13 16:51:14] begin to parse sfc file.
[Debug] [2025-8-13 16:51:14] begin to get device info from CFG file...
[Debug] [2025-8-13 16:51:14] end to get device info from CFG file...
[Debug] [2025-8-13 16:51:14] begin to get device info from CFG file...
[Debug] [2025-8-13 16:51:14] end to get device info from CFG file...
[Debug] [2025-8-13 16:51:14] end to parse sfc file.
[Debug] [2025-8-13 16:51:14] Log::Print : The Start Address of bit file D:/Desktop/work_material/RK_learning/RK3568_MES2L50H/05-work_material/03_FPGA_Project/01_img_pcie_capture/project/generate_bitstream/image_pcie_capture.sbit: 0x0
[Debug] [2025-8-13 16:51:19] begin to send promgram jtag flash cmd.
[Debug] [2025-8-13 16:51:19] begin to send jtag flash erase cmd
[Debug] [2025-8-13 16:51:19] Send RPC:18
[Debug] [2025-8-13 16:51:19] Begin to send embed flash erase data.
[Debug] [2025-8-13 16:51:19] Begin to send flash erase data.
[Debug] [2025-8-13 16:51:19] End to send flash erase data.
[Debug] [2025-8-13 16:51:19] End to send embed flash erase data.
[Debug] [2025-8-13 16:51:19] Send cmd [Erase Outer Flash:20302] OK
[Debug] [2025-8-13 16:51:19] Log::Print : The start address of operating flash is 0x0.
[Debug] [2025-8-13 16:51:19] The value of Progress is 1
[Debug] [2025-8-13 16:51:20] The value of Progress is 6
[Debug] [2025-8-13 16:51:21] The value of Progress is 12
[Debug] [2025-8-13 16:51:21] The value of Progress is 15
[Debug] [2025-8-13 16:51:22] The value of Progress is 21
[Debug] [2025-8-13 16:51:23] The value of Progress is 27
[Debug] [2025-8-13 16:51:23] The value of Progress is 30
[Debug] [2025-8-13 16:51:24] The value of Progress is 36
[Debug] [2025-8-13 16:51:25] The value of Progress is 42
[Debug] [2025-8-13 16:51:25] The value of Progress is 45
[Debug] [2025-8-13 16:51:26] The value of Progress is 51
[Debug] [2025-8-13 16:51:26] The value of Progress is 57
[Debug] [2025-8-13 16:51:27] The value of Progress is 60
[Debug] [2025-8-13 16:51:27] The value of Progress is 66
[Debug] [2025-8-13 16:51:28] The value of Progress is 72
[Debug] [2025-8-13 16:51:28] The value of Progress is 75
[Debug] [2025-8-13 16:51:29] The value of Progress is 81
[Debug] [2025-8-13 16:51:30] The value of Progress is 87
[Debug] [2025-8-13 16:51:30] The value of Progress is 90
[Debug] [2025-8-13 16:51:31] The value of Progress is 96
[Debug] [2025-8-13 16:51:31] The value of Progress is 100
[Debug] [2025-8-13 16:51:31] COMMAND[Erase Outer Flash] execute finish, takes 12.3 secs.
[Debug] [2025-8-13 16:51:31] end to send jtag flash erase cmd.
[Debug] [2025-8-13 16:51:31] Send RPC:19
[Debug] [2025-8-13 16:51:31] Begin to send jtag flash program data.
[Debug] [2025-8-13 16:51:31] Begin to send flash program data.
[Debug] [2025-8-13 16:51:31] End to send flash program data.
[Debug] [2025-8-13 16:51:31] End to send embed flash program data.
[Debug] [2025-8-13 16:51:31] Send cmd [Program Outer Flash:20301] OK
[Debug] [2025-8-13 16:51:31] Log::Print : COMMAND[Erase Outer Flash] execute finish, takes 12.3 secs.
[Debug] [2025-8-13 16:51:31] Log::Print : The start address of operating flash is 0x0.
[Debug] [2025-8-13 16:51:31] The value of Progress is 1
[Debug] [2025-8-13 16:51:33] The value of Progress is 6
[Debug] [2025-8-13 16:51:35] The value of Progress is 10
[Debug] [2025-8-13 16:51:36] The value of Progress is 15
[Debug] [2025-8-13 16:51:38] The value of Progress is 20
[Debug] [2025-8-13 16:51:40] The value of Progress is 25
[Debug] [2025-8-13 16:51:41] The value of Progress is 30
[Debug] [2025-8-13 16:51:43] The value of Progress is 35
[Debug] [2025-8-13 16:51:45] The value of Progress is 40
[Debug] [2025-8-13 16:51:46] The value of Progress is 45
[Debug] [2025-8-13 16:51:48] The value of Progress is 50
[Debug] [2025-8-13 16:51:50] The value of Progress is 55
[Debug] [2025-8-13 16:51:51] The value of Progress is 60
[Debug] [2025-8-13 16:51:53] The value of Progress is 65
[Debug] [2025-8-13 16:51:55] The value of Progress is 70
[Debug] [2025-8-13 16:51:56] The value of Progress is 75
[Debug] [2025-8-13 16:51:58] The value of Progress is 80
[Debug] [2025-8-13 16:52:00] The value of Progress is 85
[Debug] [2025-8-13 16:52:01] The value of Progress is 90
[Debug] [2025-8-13 16:52:03] The value of Progress is 95
[Debug] [2025-8-13 16:52:05] The value of Progress is 100
[Debug] [2025-8-13 16:52:05] COMMAND[Program Outer Flash] execute finish, takes 33.7 secs.
[Debug] [2025-8-13 16:52:05] begin to send jtag flash verify cmd
[Debug] [2025-8-13 16:52:05] Send RPC:20
[Debug] [2025-8-13 16:52:05] Begin to send embed flash verify data.
[Debug] [2025-8-13 16:52:05] Begin to send flash verify data.
[Debug] [2025-8-13 16:52:05] End to send flash verify data.
[Debug] [2025-8-13 16:52:05] End to send embed flash verify data.
[Debug] [2025-8-13 16:52:05] Send cmd [Verify Outer Flash:20303] OK
[Debug] [2025-8-13 16:52:05] Log::Print : COMMAND[Program Outer Flash] execute finish, takes 33.7 secs.
[Debug] [2025-8-13 16:52:05] Log::Print : The start address of operating flash is 0x0.
[Debug] [2025-8-13 16:52:05] The value of Progress is 1
[Debug] [2025-8-13 16:52:05] The value of Progress is 6
[Debug] [2025-8-13 16:52:05] The value of Progress is 10
[Debug] [2025-8-13 16:52:05] The value of Progress is 15
[Debug] [2025-8-13 16:52:06] The value of Progress is 20
[Debug] [2025-8-13 16:52:06] The value of Progress is 25
[Debug] [2025-8-13 16:52:06] The value of Progress is 30
[Debug] [2025-8-13 16:52:06] The value of Progress is 35
[Debug] [2025-8-13 16:52:06] The value of Progress is 40
[Debug] [2025-8-13 16:52:06] The value of Progress is 45
[Debug] [2025-8-13 16:52:06] The value of Progress is 50
[Debug] [2025-8-13 16:52:06] The value of Progress is 55
[Debug] [2025-8-13 16:52:06] The value of Progress is 60
[Debug] [2025-8-13 16:52:07] The value of Progress is 65
[Debug] [2025-8-13 16:52:07] The value of Progress is 70
[Debug] [2025-8-13 16:52:07] The value of Progress is 75
[Debug] [2025-8-13 16:52:07] The value of Progress is 80
[Debug] [2025-8-13 16:52:07] The value of Progress is 85
[Debug] [2025-8-13 16:52:07] The value of Progress is 90
[Debug] [2025-8-13 16:52:07] The value of Progress is 95
[Debug] [2025-8-13 16:52:07] The value of Progress is 100
[Debug] [2025-8-13 16:52:07] COMMAND[Verify Outer Flash] execute successfully, takes 2.5 secs.
[Debug] [2025-8-13 16:52:07] end to send jtag flash verify cmd
[Debug] [2025-8-13 16:52:07] end to send jtag flash program cmd.
[Debug] [2025-8-13 16:52:07] Log::Print : COMMAND[Verify Outer Flash] execute successfully, takes 2.5 secs.
[Debug] [2025-8-13 16:52:47] begin to send promgram jtag flash cmd.
[Debug] [2025-8-13 16:52:47] begin to send jtag flash erase cmd
[Debug] [2025-8-13 16:52:47] Send RPC:21
[Debug] [2025-8-13 16:52:47] Begin to send embed flash erase data.
[Debug] [2025-8-13 16:52:47] Begin to send flash erase data.
[Debug] [2025-8-13 16:52:47] End to send flash erase data.
[Debug] [2025-8-13 16:52:47] End to send embed flash erase data.
[Debug] [2025-8-13 16:52:47] Send cmd [Erase Outer Flash:20302] OK
[Debug] [2025-8-13 16:52:47] Log::Print : The start address of operating flash is 0x0.
[Debug] [2025-8-13 16:52:47] The value of Progress is 1
[Debug] [2025-8-13 16:52:48] The value of Progress is 6
[Debug] [2025-8-13 16:52:49] The value of Progress is 12
[Debug] [2025-8-13 16:52:49] The value of Progress is 15
[Debug] [2025-8-13 16:52:50] The value of Progress is 21
[Debug] [2025-8-13 16:52:51] The value of Progress is 27
[Debug] [2025-8-13 16:52:51] The value of Progress is 30
[Debug] [2025-8-13 16:52:52] The value of Progress is 36
[Debug] [2025-8-13 16:52:53] The value of Progress is 42
[Debug] [2025-8-13 16:52:53] The value of Progress is 45
[Debug] [2025-8-13 16:52:54] The value of Progress is 51
[Debug] [2025-8-13 16:52:54] The value of Progress is 57
[Debug] [2025-8-13 16:52:55] The value of Progress is 60
[Debug] [2025-8-13 16:52:55] The value of Progress is 66
[Debug] [2025-8-13 16:52:56] The value of Progress is 72
[Debug] [2025-8-13 16:52:56] The value of Progress is 75
[Debug] [2025-8-13 16:52:57] The value of Progress is 81
[Debug] [2025-8-13 16:52:58] The value of Progress is 87
[Debug] [2025-8-13 16:52:58] The value of Progress is 90
[Debug] [2025-8-13 16:52:59] The value of Progress is 96
[Debug] [2025-8-13 16:52:59] The value of Progress is 100
[Debug] [2025-8-13 16:52:59] COMMAND[Erase Outer Flash] execute finish, takes 11.8 secs.
[Debug] [2025-8-13 16:52:59] end to send jtag flash erase cmd.
[Debug] [2025-8-13 16:52:59] Send RPC:22
[Debug] [2025-8-13 16:52:59] Begin to send jtag flash program data.
[Debug] [2025-8-13 16:52:59] Begin to send flash program data.
[Debug] [2025-8-13 16:52:59] End to send flash program data.
[Debug] [2025-8-13 16:52:59] End to send embed flash program data.
[Debug] [2025-8-13 16:52:59] Send cmd [Program Outer Flash:20301] OK
[Debug] [2025-8-13 16:52:59] Log::Print : COMMAND[Erase Outer Flash] execute finish, takes 11.8 secs.
[Debug] [2025-8-13 16:52:59] Log::Print : The start address of operating flash is 0x0.
[Debug] [2025-8-13 16:52:59] The value of Progress is 1
[Debug] [2025-8-13 16:53:01] The value of Progress is 6
[Debug] [2025-8-13 16:53:03] The value of Progress is 10
[Debug] [2025-8-13 16:53:04] The value of Progress is 15
[Debug] [2025-8-13 16:53:06] The value of Progress is 20
[Debug] [2025-8-13 16:53:07] The value of Progress is 25
[Debug] [2025-8-13 16:53:09] The value of Progress is 30
[Debug] [2025-8-13 16:53:11] The value of Progress is 35
[Debug] [2025-8-13 16:53:12] The value of Progress is 40
[Debug] [2025-8-13 16:53:14] The value of Progress is 45
[Debug] [2025-8-13 16:53:16] The value of Progress is 50
[Debug] [2025-8-13 16:53:17] The value of Progress is 55
[Debug] [2025-8-13 16:53:19] The value of Progress is 60
[Debug] [2025-8-13 16:53:21] The value of Progress is 65
[Debug] [2025-8-13 16:53:22] The value of Progress is 70
[Debug] [2025-8-13 16:53:24] The value of Progress is 75
[Debug] [2025-8-13 16:53:26] The value of Progress is 80
[Debug] [2025-8-13 16:53:27] The value of Progress is 85
[Debug] [2025-8-13 16:53:29] The value of Progress is 90
[Debug] [2025-8-13 16:53:31] The value of Progress is 95
[Debug] [2025-8-13 16:53:32] The value of Progress is 100
[Debug] [2025-8-13 16:53:32] COMMAND[Program Outer Flash] execute finish, takes 33.4 secs.
[Debug] [2025-8-13 16:53:32] begin to send jtag flash verify cmd
[Debug] [2025-8-13 16:53:32] Send RPC:23
[Debug] [2025-8-13 16:53:32] Begin to send embed flash verify data.
[Debug] [2025-8-13 16:53:32] Begin to send flash verify data.
[Debug] [2025-8-13 16:53:32] End to send flash verify data.
[Debug] [2025-8-13 16:53:32] End to send embed flash verify data.
[Debug] [2025-8-13 16:53:32] Send cmd [Verify Outer Flash:20303] OK
[Debug] [2025-8-13 16:53:32] Log::Print : COMMAND[Program Outer Flash] execute finish, takes 33.4 secs.
[Debug] [2025-8-13 16:53:32] Log::Print : The start address of operating flash is 0x0.
[Debug] [2025-8-13 16:53:33] The value of Progress is 1
[Debug] [2025-8-13 16:53:33] The value of Progress is 6
[Debug] [2025-8-13 16:53:33] The value of Progress is 10
[Debug] [2025-8-13 16:53:33] The value of Progress is 15
[Debug] [2025-8-13 16:53:33] The value of Progress is 20
[Debug] [2025-8-13 16:53:33] The value of Progress is 25
[Debug] [2025-8-13 16:53:33] The value of Progress is 30
[Debug] [2025-8-13 16:53:33] The value of Progress is 35
[Debug] [2025-8-13 16:53:33] The value of Progress is 40
[Debug] [2025-8-13 16:53:34] The value of Progress is 45
[Debug] [2025-8-13 16:53:34] The value of Progress is 50
[Debug] [2025-8-13 16:53:34] The value of Progress is 55
[Debug] [2025-8-13 16:53:34] The value of Progress is 60
[Debug] [2025-8-13 16:53:34] The value of Progress is 65
[Debug] [2025-8-13 16:53:34] The value of Progress is 70
[Debug] [2025-8-13 16:53:34] The value of Progress is 75
[Debug] [2025-8-13 16:53:34] The value of Progress is 80
[Debug] [2025-8-13 16:53:34] The value of Progress is 85
[Debug] [2025-8-13 16:53:35] The value of Progress is 90
[Debug] [2025-8-13 16:53:35] The value of Progress is 95
[Debug] [2025-8-13 16:53:35] The value of Progress is 100
[Debug] [2025-8-13 16:53:35] COMMAND[Verify Outer Flash] execute successfully, takes 2.5 secs.
[Debug] [2025-8-13 16:53:35] end to send jtag flash verify cmd
[Debug] [2025-8-13 16:53:35] end to send jtag flash program cmd.
[Debug] [2025-8-13 16:53:35] Log::Print : COMMAND[Verify Outer Flash] execute successfully, takes 2.5 secs.
[Info] [2025-8-13 17:08:03] /***************************End Configration***************************/
[Info] [2025-8-13 17:08:04] /***************************Start Configuration***************************/
[Info] [2025-8-13 17:08:04] Path: C:/pango/PDS_2022.2-SP6.4/bin
[Info] [2025-8-13 17:08:04] Version: 146967
[Info] [2025-8-13 17:08:05] Current Path: D:/Desktop/work_material/RK_learning/RK3568_MES2L50H/05-work_material/03_FPGA_Project/01_img_pcie_capture/project
[Info] [2025-8-13 17:08:05] PDS Dir Path: D:/Desktop/work_material/RK_learning/RK3568_MES2L50H/05-work_material/03_FPGA_Project/01_img_pcie_capture/project
[Info] [2025-8-13 17:08:07] Configuration is not connect with server. connect first then scan chain.
[Debug] [2025-8-13 17:08:07] Client Local host name:LAPTOP-EA3TT0M1
[Debug] [2025-8-13 17:08:07] Client Local Address:192.168.1.11
[Debug] [2025-8-13 17:08:07] Client Local Address:192.168.1.18
[Debug] [2025-8-13 17:08:07] Server Address:127.0.0.1, Port:65420
[Debug] [2025-8-13 17:08:07] Log::Print : Connecting to server[127.0.0.1 : 65420].
[Info] [2025-8-13 17:08:07] Connect OK, Server: 127.0.0.1  Port: 65420
[Debug] [2025-8-13 17:08:07] Finish.
[Info] [2025-8-13 17:08:07] Connect server succeeded
[Debug] [2025-8-13 17:08:07] Send RPC:1
[Debug] [2025-8-13 17:08:07] Send cmd [check version information:40004] OK
[Debug] [2025-8-13 17:08:07] Send RPC:2
[Debug] [2025-8-13 17:08:07] Send cmd [get_cable_paras:40010] OK
[Debug] [2025-8-13 17:08:07] Begin to send initialize chain cmd...
[Debug] [2025-8-13 17:08:07] Send RPC:3
[Debug] [2025-8-13 17:08:07] Send cmd [Open config cable:20001] OK
[Debug] [2025-8-13 17:08:07] End to send initialize chain cmd.
[Debug] [2025-8-13 17:08:07] COMMAND[check version information] execute successfully, takes 0.0 secs.
[Debug] [2025-8-13 17:08:07] Log::Print : Connect to server[127.0.0.1 : 65420] successfully.
[Debug] [2025-8-13 17:08:07] Log::Print : COMMAND[check version information] execute successfully, takes 0.0 secs.
[Debug] [2025-8-13 17:08:08] COMMAND[get_cable_paras] execute successfully, takes 1.2 secs.
[Debug] [2025-8-13 17:08:08] Log::Print : The cable List : 
Cable index 0:USB Cable II/fffffffffffffffe 

[Debug] [2025-8-13 17:08:08] Log::Print : COMMAND[get_cable_paras] execute successfully, takes 1.2 secs.
[Debug] [2025-8-13 17:08:08] begin the exec of open cable cmd...
[Debug] [2025-8-13 17:08:08] Begin to deal with chain from server...
[Debug] [2025-8-13 17:08:08] Begin to set user chain...
[Debug] [2025-8-13 17:08:08] End to set user chain.
[Debug] [2025-8-13 17:08:08] Begin to update graphic item and tree item ...
[Debug] [2025-8-13 17:08:08] End to update graphic item and tree item ...
[Debug] [2025-8-13 17:08:08] Log::Print : PANGO USB CABLE II cable driver: D2XX DLL
[Debug] [2025-8-13 17:08:08] Log::Print : PG2L50H
[Debug] [2025-8-13 17:08:08] Log::Print : This device configure situation (done bit): 1
[Info] [2025-8-13 17:08:09] set OpenLastPath: D:/Desktop/work_material/RK_learning/RK3568_MES2L50H/05-work_material/03_FPGA_Project/01_img_pcie_capture/project/generate_bitstream/image_pcie_capture.sbit
[Debug] [2025-8-13 17:08:09] begin to get device info from CFG file...
[Debug] [2025-8-13 17:08:09] end to get device info from CFG file...
[Debug] [2025-8-13 17:08:09] Begin to update graphic item and tree item ...
[Debug] [2025-8-13 17:08:09] End to update graphic item and tree item ...
[Debug] [2025-8-13 17:08:09] Begin to update graphic item and tree item ...
[Debug] [2025-8-13 17:08:09] End to update graphic item and tree item ...
[Debug] [2025-8-13 17:08:09] End to deal wiht chain from server.
[Debug] [2025-8-13 17:08:09] end the exec of open cable cmd.
[Debug] [2025-8-13 17:08:09] COMMAND[Open config cable] execute successfully, takes 2.4 secs.
[Debug] [2025-8-13 17:08:09] Log::Print : COMMAND[Open config cable] execute successfully, takes 2.4 secs.
[Debug] [2025-8-13 17:08:11] Begin to send scan outer flash cmd...
[Debug] [2025-8-13 17:08:11] Send RPC:4
[Debug] [2025-8-13 17:08:11] Send cmd [Scan Outer SPI Flash:20300] OK
[Debug] [2025-8-13 17:08:11] End to send scan outer flash cmd.
[Debug] [2025-8-13 17:08:12] begin to exec scan jtag flash cmd...
[Debug] [2025-8-13 17:08:12] Begin to initialize JtagFlash for selected FPGA Device...
[Debug] [2025-8-13 17:08:12] Begin to update graphic item and tree item ...
[Debug] [2025-8-13 17:08:12] End to update graphic item and tree item ...
[Info] [2025-8-13 17:08:12] set OpenLastPath: D:/Desktop/work_material/RK_learning/RK3568_MES2L50H/05-work_material/03_FPGA_Project/01_img_pcie_capture/project/generate_bitstream/image_pcie_capture.sfc
[Debug] [2025-8-13 17:08:12] begin to check SFC File and Flash Device Read Mode.
[Debug] [2025-8-13 17:08:12] end to check SFC File and Flash Device Read Mode.
[Debug] [2025-8-13 17:08:12] Begin to update graphic item and tree item ...
[Debug] [2025-8-13 17:08:12] End to update graphic item and tree item ...
[Debug] [2025-8-13 17:08:12] End to initialize OuterFlash for selected FPGA Device...
[Debug] [2025-8-13 17:08:12] end to exec scan jtag flash cmd...
[Debug] [2025-8-13 17:08:12] COMMAND[Scan Outer SPI Flash] execute successfully, takes 1.2 secs.
[Debug] [2025-8-13 17:08:12] Log::Print : COMMAND[Scan Outer SPI Flash] execute successfully, takes 1.2 secs.
[Debug] [2025-8-13 17:08:14] begin to send promgram jtag flash cmd.
[Debug] [2025-8-13 17:08:14] begin to send jtag flash erase cmd
[Debug] [2025-8-13 17:08:14] Send RPC:5
[Debug] [2025-8-13 17:08:14] Begin to send embed flash erase data.
[Debug] [2025-8-13 17:08:14] Begin to send flash erase data.
[Debug] [2025-8-13 17:08:14] End to send flash erase data.
[Debug] [2025-8-13 17:08:14] End to send embed flash erase data.
[Debug] [2025-8-13 17:08:14] Send cmd [Erase Outer Flash:20302] OK
[Debug] [2025-8-13 17:08:14] Log::Print : The start address of operating flash is 0x0.
[Debug] [2025-8-13 17:08:14] The value of Progress is 1
[Debug] [2025-8-13 17:08:15] The value of Progress is 6
[Debug] [2025-8-13 17:08:15] The value of Progress is 12
[Debug] [2025-8-13 17:08:16] The value of Progress is 15
[Debug] [2025-8-13 17:08:17] The value of Progress is 21
[Debug] [2025-8-13 17:08:17] The value of Progress is 27
[Debug] [2025-8-13 17:08:17] The value of Progress is 30
[Debug] [2025-8-13 17:08:18] The value of Progress is 36
[Debug] [2025-8-13 17:08:18] Begin to send abort process cmd.
[Debug] [2025-8-13 17:08:18] Begin to flush aborting cmd. 
[Debug] [2025-8-13 17:08:18] End to flush aborting cmd. 
[Debug] [2025-8-13 17:08:18] End to send abort process cmd.
[Debug] [2025-8-13 17:08:18] end to send jtag flash erase cmd.
[Error] [2025-8-13 17:08:18] Flash Erasing failed before programming.
[Error] [2025-8-13 17:08:18] MsgOut: Configuration-0005: Try to abort Erasing.
[Debug] [2025-8-13 17:08:18] The value of Progress is 100
[Error] [2025-8-13 17:08:19] fail to exec Erase Outer Flash cmd...
[Error] [2025-8-13 17:08:19] MsgOut: JtagServer-0365: Current operation is canceled by the user.
[Error] [2025-8-13 17:08:19] MsgOut: Configuration-0008: The command 'Erase Outer Flash' execute fail.
[Debug] [2025-8-13 17:08:20] Begin to Converte file.
[Debug] [2025-8-13 17:08:32] begin to parse sfc file.
[Debug] [2025-8-13 17:08:32] begin to get device info from CFG file...
[Debug] [2025-8-13 17:08:32] end to get device info from CFG file...
[Debug] [2025-8-13 17:08:32] begin to get device info from CFG file...
[Debug] [2025-8-13 17:08:32] end to get device info from CFG file...
[Debug] [2025-8-13 17:08:32] end to parse sfc file.
[Debug] [2025-8-13 17:08:32] Log::Print : The Start Address of bit file D:/Desktop/work_material/RK_learning/RK3568_MES2L50H/05-work_material/03_FPGA_Project/01_img_pcie_capture/project/generate_bitstream/image_pcie_capture.sbit: 0x0
[Debug] [2025-8-13 17:08:33] End to Converte file.
[Debug] [2025-8-13 17:08:34] begin to send promgram jtag flash cmd.
[Debug] [2025-8-13 17:08:34] begin to send jtag flash erase cmd
[Debug] [2025-8-13 17:08:34] Send RPC:6
[Debug] [2025-8-13 17:08:34] Begin to send embed flash erase data.
[Debug] [2025-8-13 17:08:34] Begin to send flash erase data.
[Debug] [2025-8-13 17:08:34] End to send flash erase data.
[Debug] [2025-8-13 17:08:34] End to send embed flash erase data.
[Debug] [2025-8-13 17:08:34] Send cmd [Erase Outer Flash:20302] OK
[Debug] [2025-8-13 17:08:34] Log::Print : The start address of operating flash is 0x0.
[Debug] [2025-8-13 17:08:34] The value of Progress is 1
[Debug] [2025-8-13 17:08:35] The value of Progress is 6
[Debug] [2025-8-13 17:08:36] The value of Progress is 12
[Debug] [2025-8-13 17:08:37] The value of Progress is 15
[Debug] [2025-8-13 17:08:37] The value of Progress is 21
[Debug] [2025-8-13 17:08:38] The value of Progress is 27
[Debug] [2025-8-13 17:08:39] The value of Progress is 30
[Debug] [2025-8-13 17:08:39] The value of Progress is 36
[Debug] [2025-8-13 17:08:40] The value of Progress is 42
[Debug] [2025-8-13 17:08:41] The value of Progress is 45
[Debug] [2025-8-13 17:08:42] The value of Progress is 51
[Debug] [2025-8-13 17:08:42] The value of Progress is 57
[Debug] [2025-8-13 17:08:42] The value of Progress is 60
[Debug] [2025-8-13 17:08:43] The value of Progress is 66
[Debug] [2025-8-13 17:08:44] The value of Progress is 72
[Debug] [2025-8-13 17:08:44] The value of Progress is 75
[Debug] [2025-8-13 17:08:45] The value of Progress is 81
[Debug] [2025-8-13 17:08:45] The value of Progress is 87
[Debug] [2025-8-13 17:08:46] The value of Progress is 90
[Debug] [2025-8-13 17:08:46] The value of Progress is 96
[Debug] [2025-8-13 17:08:46] The value of Progress is 100
[Debug] [2025-8-13 17:08:47] COMMAND[Erase Outer Flash] execute finish, takes 12.6 secs.
[Debug] [2025-8-13 17:08:47] end to send jtag flash erase cmd.
[Debug] [2025-8-13 17:08:47] Send RPC:7
[Debug] [2025-8-13 17:08:47] Begin to send jtag flash program data.
[Debug] [2025-8-13 17:08:47] Begin to send flash program data.
[Debug] [2025-8-13 17:08:47] End to send flash program data.
[Debug] [2025-8-13 17:08:47] End to send embed flash program data.
[Debug] [2025-8-13 17:08:47] Send cmd [Program Outer Flash:20301] OK
[Debug] [2025-8-13 17:08:47] Log::Print : COMMAND[Erase Outer Flash] execute finish, takes 12.6 secs.
[Debug] [2025-8-13 17:08:47] Log::Print : The start address of operating flash is 0x0.
[Debug] [2025-8-13 17:08:47] The value of Progress is 1
[Debug] [2025-8-13 17:08:49] The value of Progress is 6
[Debug] [2025-8-13 17:08:50] The value of Progress is 10
[Debug] [2025-8-13 17:08:52] The value of Progress is 15
[Debug] [2025-8-13 17:08:53] The value of Progress is 20
[Debug] [2025-8-13 17:08:55] The value of Progress is 25
[Debug] [2025-8-13 17:08:57] The value of Progress is 30
[Debug] [2025-8-13 17:08:58] The value of Progress is 35
[Debug] [2025-8-13 17:09:00] The value of Progress is 40
[Debug] [2025-8-13 17:09:02] The value of Progress is 45
[Debug] [2025-8-13 17:09:03] The value of Progress is 50
[Debug] [2025-8-13 17:09:05] The value of Progress is 55
[Debug] [2025-8-13 17:09:07] The value of Progress is 60
[Debug] [2025-8-13 17:09:08] The value of Progress is 65
[Debug] [2025-8-13 17:09:10] The value of Progress is 70
[Debug] [2025-8-13 17:09:12] The value of Progress is 75
[Debug] [2025-8-13 17:09:13] The value of Progress is 80
[Debug] [2025-8-13 17:09:15] The value of Progress is 85
[Debug] [2025-8-13 17:09:17] The value of Progress is 90
[Debug] [2025-8-13 17:09:18] The value of Progress is 95
[Debug] [2025-8-13 17:09:20] The value of Progress is 100
[Debug] [2025-8-13 17:09:20] COMMAND[Program Outer Flash] execute finish, takes 33.6 secs.
[Debug] [2025-8-13 17:09:20] begin to send jtag flash verify cmd
[Debug] [2025-8-13 17:09:20] Send RPC:8
[Debug] [2025-8-13 17:09:20] Begin to send embed flash verify data.
[Debug] [2025-8-13 17:09:20] Begin to send flash verify data.
[Debug] [2025-8-13 17:09:20] End to send flash verify data.
[Debug] [2025-8-13 17:09:20] End to send embed flash verify data.
[Debug] [2025-8-13 17:09:20] Send cmd [Verify Outer Flash:20303] OK
[Debug] [2025-8-13 17:09:20] Log::Print : COMMAND[Program Outer Flash] execute finish, takes 33.6 secs.
[Debug] [2025-8-13 17:09:20] Log::Print : The start address of operating flash is 0x0.
[Debug] [2025-8-13 17:09:20] The value of Progress is 1
[Debug] [2025-8-13 17:09:20] The value of Progress is 6
[Debug] [2025-8-13 17:09:21] The value of Progress is 10
[Debug] [2025-8-13 17:09:21] The value of Progress is 15
[Debug] [2025-8-13 17:09:21] The value of Progress is 20
[Debug] [2025-8-13 17:09:21] The value of Progress is 25
[Debug] [2025-8-13 17:09:21] The value of Progress is 30
[Debug] [2025-8-13 17:09:21] The value of Progress is 35
[Debug] [2025-8-13 17:09:21] The value of Progress is 40
[Debug] [2025-8-13 17:09:21] The value of Progress is 45
[Debug] [2025-8-13 17:09:21] The value of Progress is 50
[Debug] [2025-8-13 17:09:22] The value of Progress is 55
[Debug] [2025-8-13 17:09:22] The value of Progress is 60
[Debug] [2025-8-13 17:09:22] The value of Progress is 65
[Debug] [2025-8-13 17:09:22] The value of Progress is 70
[Debug] [2025-8-13 17:09:22] The value of Progress is 75
[Debug] [2025-8-13 17:09:22] The value of Progress is 80
[Debug] [2025-8-13 17:09:22] The value of Progress is 85
[Debug] [2025-8-13 17:09:22] The value of Progress is 90
[Debug] [2025-8-13 17:09:22] The value of Progress is 95
[Debug] [2025-8-13 17:09:22] The value of Progress is 100
[Debug] [2025-8-13 17:09:23] COMMAND[Verify Outer Flash] execute successfully, takes 2.5 secs.
[Debug] [2025-8-13 17:09:23] end to send jtag flash verify cmd
[Debug] [2025-8-13 17:09:23] end to send jtag flash program cmd.
[Debug] [2025-8-13 17:09:23] Log::Print : COMMAND[Verify Outer Flash] execute successfully, takes 2.5 secs.
[Debug] [2025-8-13 17:13:33] Begin to send programming cmd...
[Debug] [2025-8-13 17:13:33] Send RPC:9
[Debug] [2025-8-13 17:13:33] Begin to send program data.
[Debug] [2025-8-13 17:13:33] End to send program data.
[Debug] [2025-8-13 17:13:33] Send cmd [Program:20002] OK
[Debug] [2025-8-13 17:13:34] The value of Progress is 6
[Debug] [2025-8-13 17:13:34] The value of Progress is 10
[Debug] [2025-8-13 17:13:34] The value of Progress is 15
[Debug] [2025-8-13 17:13:34] The value of Progress is 20
[Debug] [2025-8-13 17:13:34] The value of Progress is 25
[Debug] [2025-8-13 17:13:34] The value of Progress is 30
[Debug] [2025-8-13 17:13:34] The value of Progress is 35
[Debug] [2025-8-13 17:13:34] The value of Progress is 40
[Debug] [2025-8-13 17:13:34] The value of Progress is 45
[Debug] [2025-8-13 17:13:34] The value of Progress is 50
[Debug] [2025-8-13 17:13:34] The value of Progress is 55
[Debug] [2025-8-13 17:13:35] The value of Progress is 60
[Debug] [2025-8-13 17:13:35] The value of Progress is 65
[Debug] [2025-8-13 17:13:35] The value of Progress is 70
[Debug] [2025-8-13 17:13:35] The value of Progress is 75
[Debug] [2025-8-13 17:13:35] The value of Progress is 80
[Debug] [2025-8-13 17:13:35] The value of Progress is 85
[Debug] [2025-8-13 17:13:35] The value of Progress is 90
[Debug] [2025-8-13 17:13:35] The value of Progress is 95
[Debug] [2025-8-13 17:13:35] The value of Progress is 100
[Debug] [2025-8-13 17:13:36] COMMAND[Program] execute successfully, takes 2.2 secs.
[Debug] [2025-8-13 17:13:36] End to send programming cmd.
[Debug] [2025-8-13 17:13:36] Log::Print : The done bit is 1
[Debug] [2025-8-13 17:13:36] Log::Print : COMMAND[Program] execute successfully, takes 2.2 secs.
[Debug] [2025-8-13 17:13:42] begin to send promgram jtag flash cmd.
[Debug] [2025-8-13 17:13:42] begin to send jtag flash erase cmd
[Debug] [2025-8-13 17:13:42] Send RPC:10
[Debug] [2025-8-13 17:13:42] Begin to send embed flash erase data.
[Debug] [2025-8-13 17:13:42] Begin to send flash erase data.
[Debug] [2025-8-13 17:13:42] End to send flash erase data.
[Debug] [2025-8-13 17:13:42] End to send embed flash erase data.
[Debug] [2025-8-13 17:13:42] Send cmd [Erase Outer Flash:20302] OK
[Debug] [2025-8-13 17:13:42] Log::Print : The start address of operating flash is 0x0.
[Debug] [2025-8-13 17:13:42] The value of Progress is 1
[Debug] [2025-8-13 17:13:43] The value of Progress is 6
[Debug] [2025-8-13 17:13:44] The value of Progress is 12
[Debug] [2025-8-13 17:13:44] The value of Progress is 15
[Debug] [2025-8-13 17:13:45] The value of Progress is 21
[Debug] [2025-8-13 17:13:46] The value of Progress is 27
[Debug] [2025-8-13 17:13:46] The value of Progress is 30
[Debug] [2025-8-13 17:13:47] The value of Progress is 36
[Debug] [2025-8-13 17:13:47] The value of Progress is 42
[Debug] [2025-8-13 17:13:48] The value of Progress is 45
[Debug] [2025-8-13 17:13:48] The value of Progress is 51
[Debug] [2025-8-13 17:13:49] The value of Progress is 57
[Debug] [2025-8-13 17:13:49] The value of Progress is 60
[Debug] [2025-8-13 17:13:50] The value of Progress is 66
[Debug] [2025-8-13 17:13:51] The value of Progress is 72
[Debug] [2025-8-13 17:13:51] The value of Progress is 75
[Debug] [2025-8-13 17:13:52] The value of Progress is 81
[Debug] [2025-8-13 17:13:53] The value of Progress is 87
[Debug] [2025-8-13 17:13:53] The value of Progress is 90
[Debug] [2025-8-13 17:13:53] The value of Progress is 96
[Debug] [2025-8-13 17:13:53] The value of Progress is 100
[Debug] [2025-8-13 17:13:54] COMMAND[Erase Outer Flash] execute finish, takes 11.6 secs.
[Debug] [2025-8-13 17:13:54] end to send jtag flash erase cmd.
[Debug] [2025-8-13 17:13:54] Send RPC:11
[Debug] [2025-8-13 17:13:54] Begin to send jtag flash program data.
[Debug] [2025-8-13 17:13:54] Begin to send flash program data.
[Debug] [2025-8-13 17:13:54] End to send flash program data.
[Debug] [2025-8-13 17:13:54] End to send embed flash program data.
[Debug] [2025-8-13 17:13:54] Send cmd [Program Outer Flash:20301] OK
[Debug] [2025-8-13 17:13:54] Log::Print : COMMAND[Erase Outer Flash] execute finish, takes 11.6 secs.
[Debug] [2025-8-13 17:13:54] Log::Print : The start address of operating flash is 0x0.
[Debug] [2025-8-13 17:13:54] The value of Progress is 1
[Debug] [2025-8-13 17:13:56] The value of Progress is 6
[Debug] [2025-8-13 17:13:57] The value of Progress is 10
[Debug] [2025-8-13 17:13:59] The value of Progress is 15
[Debug] [2025-8-13 17:14:00] The value of Progress is 20
[Debug] [2025-8-13 17:14:02] The value of Progress is 25
[Debug] [2025-8-13 17:14:04] The value of Progress is 30
[Debug] [2025-8-13 17:14:05] The value of Progress is 35
[Debug] [2025-8-13 17:14:07] The value of Progress is 40
[Debug] [2025-8-13 17:14:09] The value of Progress is 45
[Debug] [2025-8-13 17:14:10] The value of Progress is 50
[Debug] [2025-8-13 17:14:12] The value of Progress is 55
[Debug] [2025-8-13 17:14:14] The value of Progress is 60
[Debug] [2025-8-13 17:14:15] The value of Progress is 65
[Debug] [2025-8-13 17:14:17] The value of Progress is 70
[Debug] [2025-8-13 17:14:19] The value of Progress is 75
[Debug] [2025-8-13 17:14:20] The value of Progress is 80
[Debug] [2025-8-13 17:14:22] The value of Progress is 85
[Debug] [2025-8-13 17:14:24] The value of Progress is 90
[Debug] [2025-8-13 17:14:25] The value of Progress is 95
[Debug] [2025-8-13 17:14:27] The value of Progress is 100
[Debug] [2025-8-13 17:14:27] COMMAND[Program Outer Flash] execute finish, takes 33.5 secs.
[Debug] [2025-8-13 17:14:27] begin to send jtag flash verify cmd
[Debug] [2025-8-13 17:14:27] Send RPC:12
[Debug] [2025-8-13 17:14:27] Begin to send embed flash verify data.
[Debug] [2025-8-13 17:14:27] Begin to send flash verify data.
[Debug] [2025-8-13 17:14:27] End to send flash verify data.
[Debug] [2025-8-13 17:14:27] End to send embed flash verify data.
[Debug] [2025-8-13 17:14:27] Send cmd [Verify Outer Flash:20303] OK
[Debug] [2025-8-13 17:14:27] Log::Print : COMMAND[Program Outer Flash] execute finish, takes 33.5 secs.
[Debug] [2025-8-13 17:14:27] Log::Print : The start address of operating flash is 0x0.
[Debug] [2025-8-13 17:14:27] The value of Progress is 1
[Debug] [2025-8-13 17:14:27] The value of Progress is 6
[Debug] [2025-8-13 17:14:27] The value of Progress is 10
[Debug] [2025-8-13 17:14:28] The value of Progress is 15
[Debug] [2025-8-13 17:14:28] The value of Progress is 20
[Debug] [2025-8-13 17:14:28] The value of Progress is 25
[Debug] [2025-8-13 17:14:28] The value of Progress is 30
[Debug] [2025-8-13 17:14:28] The value of Progress is 35
[Debug] [2025-8-13 17:14:28] The value of Progress is 40
[Debug] [2025-8-13 17:14:28] The value of Progress is 45
[Debug] [2025-8-13 17:14:28] The value of Progress is 50
[Debug] [2025-8-13 17:14:28] The value of Progress is 55
[Debug] [2025-8-13 17:14:29] The value of Progress is 60
[Debug] [2025-8-13 17:14:29] The value of Progress is 65
[Debug] [2025-8-13 17:14:29] The value of Progress is 70
[Debug] [2025-8-13 17:14:29] The value of Progress is 75
[Debug] [2025-8-13 17:14:29] The value of Progress is 80
[Debug] [2025-8-13 17:14:29] The value of Progress is 85
[Debug] [2025-8-13 17:14:29] The value of Progress is 90
[Debug] [2025-8-13 17:14:29] The value of Progress is 95
[Debug] [2025-8-13 17:14:29] The value of Progress is 100
[Debug] [2025-8-13 17:14:30] COMMAND[Verify Outer Flash] execute successfully, takes 2.5 secs.
[Debug] [2025-8-13 17:14:30] end to send jtag flash verify cmd
[Debug] [2025-8-13 17:14:30] end to send jtag flash program cmd.
[Debug] [2025-8-13 17:14:30] Log::Print : COMMAND[Verify Outer Flash] execute successfully, takes 2.5 secs.
[Debug] [2025-8-13 17:15:56] begin to send promgram jtag flash cmd.
[Debug] [2025-8-13 17:15:56] begin to send jtag flash erase cmd
[Debug] [2025-8-13 17:15:56] Send RPC:13
[Debug] [2025-8-13 17:15:56] Begin to send embed flash erase data.
[Debug] [2025-8-13 17:15:56] Begin to send flash erase data.
[Debug] [2025-8-13 17:15:56] End to send flash erase data.
[Debug] [2025-8-13 17:15:56] End to send embed flash erase data.
[Debug] [2025-8-13 17:15:56] Send cmd [Erase Outer Flash:20302] OK
[Debug] [2025-8-13 17:15:56] Log::Print : The start address of operating flash is 0x0.
[Debug] [2025-8-13 17:15:56] The value of Progress is 1
[Debug] [2025-8-13 17:15:57] The value of Progress is 6
[Debug] [2025-8-13 17:15:58] The value of Progress is 12
[Debug] [2025-8-13 17:15:59] The value of Progress is 15
[Debug] [2025-8-13 17:15:59] The value of Progress is 21
[Debug] [2025-8-13 17:16:00] The value of Progress is 27
[Debug] [2025-8-13 17:16:00] The value of Progress is 30
[Debug] [2025-8-13 17:16:01] The value of Progress is 36
[Debug] [2025-8-13 17:16:02] The value of Progress is 42
[Debug] [2025-8-13 17:16:02] The value of Progress is 45
[Debug] [2025-8-13 17:16:03] The value of Progress is 51
[Debug] [2025-8-13 17:16:03] The value of Progress is 57
[Debug] [2025-8-13 17:16:04] The value of Progress is 60
[Debug] [2025-8-13 17:16:04] The value of Progress is 66
[Debug] [2025-8-13 17:16:05] The value of Progress is 72
[Debug] [2025-8-13 17:16:05] The value of Progress is 75
[Debug] [2025-8-13 17:16:06] The value of Progress is 81
[Debug] [2025-8-13 17:16:07] The value of Progress is 87
[Debug] [2025-8-13 17:16:07] The value of Progress is 90
[Debug] [2025-8-13 17:16:08] The value of Progress is 96
[Debug] [2025-8-13 17:16:08] The value of Progress is 100
[Debug] [2025-8-13 17:16:08] COMMAND[Erase Outer Flash] execute finish, takes 12.1 secs.
[Debug] [2025-8-13 17:16:08] end to send jtag flash erase cmd.
[Debug] [2025-8-13 17:16:08] Send RPC:14
[Debug] [2025-8-13 17:16:08] Begin to send jtag flash program data.
[Debug] [2025-8-13 17:16:08] Begin to send flash program data.
[Debug] [2025-8-13 17:16:08] End to send flash program data.
[Debug] [2025-8-13 17:16:08] End to send embed flash program data.
[Debug] [2025-8-13 17:16:08] Send cmd [Program Outer Flash:20301] OK
[Debug] [2025-8-13 17:16:08] Log::Print : COMMAND[Erase Outer Flash] execute finish, takes 12.1 secs.
[Debug] [2025-8-13 17:16:08] Log::Print : The start address of operating flash is 0x0.
[Debug] [2025-8-13 17:16:08] The value of Progress is 1
[Debug] [2025-8-13 17:16:10] The value of Progress is 6
[Debug] [2025-8-13 17:16:12] The value of Progress is 10
[Debug] [2025-8-13 17:16:13] The value of Progress is 15
[Debug] [2025-8-13 17:16:15] The value of Progress is 20
[Debug] [2025-8-13 17:16:17] The value of Progress is 25
[Debug] [2025-8-13 17:16:18] The value of Progress is 30
[Debug] [2025-8-13 17:16:20] The value of Progress is 35
[Debug] [2025-8-13 17:16:22] The value of Progress is 40
[Debug] [2025-8-13 17:16:23] The value of Progress is 45
[Debug] [2025-8-13 17:16:25] The value of Progress is 50
[Debug] [2025-8-13 17:16:27] The value of Progress is 55
[Debug] [2025-8-13 17:16:29] The value of Progress is 60
[Debug] [2025-8-13 17:16:30] The value of Progress is 65
[Debug] [2025-8-13 17:16:32] The value of Progress is 70
[Debug] [2025-8-13 17:16:34] The value of Progress is 75
[Debug] [2025-8-13 17:16:35] The value of Progress is 80
[Debug] [2025-8-13 17:16:37] The value of Progress is 85
[Debug] [2025-8-13 17:16:39] The value of Progress is 90
[Debug] [2025-8-13 17:16:40] The value of Progress is 95
[Debug] [2025-8-13 17:16:42] The value of Progress is 100
[Debug] [2025-8-13 17:16:42] COMMAND[Program Outer Flash] execute finish, takes 33.8 secs.
[Debug] [2025-8-13 17:16:42] begin to send jtag flash verify cmd
[Debug] [2025-8-13 17:16:42] Send RPC:15
[Debug] [2025-8-13 17:16:42] Begin to send embed flash verify data.
[Debug] [2025-8-13 17:16:42] Begin to send flash verify data.
[Debug] [2025-8-13 17:16:42] End to send flash verify data.
[Debug] [2025-8-13 17:16:42] End to send embed flash verify data.
[Debug] [2025-8-13 17:16:42] Send cmd [Verify Outer Flash:20303] OK
[Debug] [2025-8-13 17:16:42] Log::Print : COMMAND[Program Outer Flash] execute finish, takes 33.8 secs.
[Debug] [2025-8-13 17:16:42] Log::Print : The start address of operating flash is 0x0.
[Debug] [2025-8-13 17:16:42] The value of Progress is 1
[Debug] [2025-8-13 17:16:42] The value of Progress is 6
[Debug] [2025-8-13 17:16:42] The value of Progress is 10
[Debug] [2025-8-13 17:16:43] The value of Progress is 15
[Debug] [2025-8-13 17:16:43] The value of Progress is 20
[Debug] [2025-8-13 17:16:43] The value of Progress is 25
[Debug] [2025-8-13 17:16:43] The value of Progress is 30
[Debug] [2025-8-13 17:16:43] The value of Progress is 35
[Debug] [2025-8-13 17:16:43] The value of Progress is 40
[Debug] [2025-8-13 17:16:43] The value of Progress is 45
[Debug] [2025-8-13 17:16:43] The value of Progress is 50
[Debug] [2025-8-13 17:16:43] The value of Progress is 55
[Debug] [2025-8-13 17:16:43] The value of Progress is 60
[Debug] [2025-8-13 17:16:44] The value of Progress is 65
[Debug] [2025-8-13 17:16:44] The value of Progress is 70
[Debug] [2025-8-13 17:16:44] The value of Progress is 75
[Debug] [2025-8-13 17:16:44] The value of Progress is 80
[Debug] [2025-8-13 17:16:44] The value of Progress is 85
[Debug] [2025-8-13 17:16:44] The value of Progress is 90
[Debug] [2025-8-13 17:16:44] The value of Progress is 95
[Debug] [2025-8-13 17:16:44] The value of Progress is 100
[Debug] [2025-8-13 17:16:45] COMMAND[Verify Outer Flash] execute successfully, takes 2.5 secs.
[Debug] [2025-8-13 17:16:45] end to send jtag flash verify cmd
[Debug] [2025-8-13 17:16:45] end to send jtag flash program cmd.
[Debug] [2025-8-13 17:16:45] Log::Print : COMMAND[Verify Outer Flash] execute successfully, takes 2.5 secs.
[Debug] [2025-8-13 17:22:19] Begin to Converte file.
[Debug] [2025-8-13 17:22:19] End to Converte file.
[Debug] [2025-8-13 17:22:22] begin to parse sfc file.
[Debug] [2025-8-13 17:22:22] begin to get device info from CFG file...
[Debug] [2025-8-13 17:22:22] end to get device info from CFG file...
[Debug] [2025-8-13 17:22:22] begin to get device info from CFG file...
[Debug] [2025-8-13 17:22:22] end to get device info from CFG file...
[Debug] [2025-8-13 17:22:22] end to parse sfc file.
[Debug] [2025-8-13 17:22:22] Log::Print : The Start Address of bit file D:/Desktop/work_material/RK_learning/RK3568_MES2L50H/05-work_material/03_FPGA_Project/01_img_pcie_capture/project/generate_bitstream/image_pcie_capture.sbit: 0x0
[Debug] [2025-8-13 17:22:25] begin to send promgram jtag flash cmd.
[Debug] [2025-8-13 17:22:25] begin to send jtag flash erase cmd
[Debug] [2025-8-13 17:22:25] Send RPC:16
[Debug] [2025-8-13 17:22:25] Begin to send embed flash erase data.
[Debug] [2025-8-13 17:22:25] Begin to send flash erase data.
[Debug] [2025-8-13 17:22:25] End to send flash erase data.
[Debug] [2025-8-13 17:22:25] End to send embed flash erase data.
[Debug] [2025-8-13 17:22:25] Send cmd [Erase Outer Flash:20302] OK
[Debug] [2025-8-13 17:22:25] Log::Print : The start address of operating flash is 0x0.
[Debug] [2025-8-13 17:22:26] The value of Progress is 1
[Debug] [2025-8-13 17:22:27] The value of Progress is 6
[Debug] [2025-8-13 17:22:27] The value of Progress is 12
[Debug] [2025-8-13 17:22:28] The value of Progress is 15
[Debug] [2025-8-13 17:22:28] The value of Progress is 21
[Debug] [2025-8-13 17:22:29] The value of Progress is 27
[Debug] [2025-8-13 17:22:30] The value of Progress is 30
[Debug] [2025-8-13 17:22:30] The value of Progress is 36
[Debug] [2025-8-13 17:22:31] The value of Progress is 42
[Debug] [2025-8-13 17:22:31] The value of Progress is 45
[Debug] [2025-8-13 17:22:32] The value of Progress is 51
[Debug] [2025-8-13 17:22:33] The value of Progress is 57
[Debug] [2025-8-13 17:22:33] The value of Progress is 60
[Debug] [2025-8-13 17:22:34] The value of Progress is 66
[Debug] [2025-8-13 17:22:34] The value of Progress is 72
[Debug] [2025-8-13 17:22:35] The value of Progress is 75
[Debug] [2025-8-13 17:22:35] The value of Progress is 81
[Debug] [2025-8-13 17:22:36] The value of Progress is 87
[Debug] [2025-8-13 17:22:36] The value of Progress is 90
[Debug] [2025-8-13 17:22:37] The value of Progress is 96
[Debug] [2025-8-13 17:22:37] The value of Progress is 100
[Debug] [2025-8-13 17:22:37] COMMAND[Erase Outer Flash] execute finish, takes 11.8 secs.
[Debug] [2025-8-13 17:22:37] end to send jtag flash erase cmd.
[Debug] [2025-8-13 17:22:37] Send RPC:17
[Debug] [2025-8-13 17:22:37] Begin to send jtag flash program data.
[Debug] [2025-8-13 17:22:37] Begin to send flash program data.
[Debug] [2025-8-13 17:22:37] End to send flash program data.
[Debug] [2025-8-13 17:22:37] End to send embed flash program data.
[Debug] [2025-8-13 17:22:37] Send cmd [Program Outer Flash:20301] OK
[Debug] [2025-8-13 17:22:37] Log::Print : COMMAND[Erase Outer Flash] execute finish, takes 11.8 secs.
[Debug] [2025-8-13 17:22:37] Log::Print : The start address of operating flash is 0x0.
[Debug] [2025-8-13 17:22:37] The value of Progress is 1
[Debug] [2025-8-13 17:22:39] The value of Progress is 6
[Debug] [2025-8-13 17:22:41] The value of Progress is 10
[Debug] [2025-8-13 17:22:42] The value of Progress is 15
[Debug] [2025-8-13 17:22:44] The value of Progress is 20
[Debug] [2025-8-13 17:22:46] The value of Progress is 25
[Debug] [2025-8-13 17:22:47] The value of Progress is 30
[Debug] [2025-8-13 17:22:49] The value of Progress is 35
[Debug] [2025-8-13 17:22:51] The value of Progress is 40
[Debug] [2025-8-13 17:22:52] The value of Progress is 45
[Debug] [2025-8-13 17:22:54] The value of Progress is 50
[Debug] [2025-8-13 17:22:56] The value of Progress is 55
[Debug] [2025-8-13 17:22:57] The value of Progress is 60
[Debug] [2025-8-13 17:22:59] The value of Progress is 65
[Debug] [2025-8-13 17:23:01] The value of Progress is 70
[Debug] [2025-8-13 17:23:02] The value of Progress is 75
[Debug] [2025-8-13 17:23:04] The value of Progress is 80
[Debug] [2025-8-13 17:23:06] The value of Progress is 85
[Debug] [2025-8-13 17:23:07] The value of Progress is 90
[Debug] [2025-8-13 17:23:09] The value of Progress is 95
[Debug] [2025-8-13 17:23:11] The value of Progress is 100
[Debug] [2025-8-13 17:23:11] COMMAND[Program Outer Flash] execute finish, takes 33.6 secs.
[Debug] [2025-8-13 17:23:11] begin to send jtag flash verify cmd
[Debug] [2025-8-13 17:23:11] Send RPC:18
[Debug] [2025-8-13 17:23:11] Begin to send embed flash verify data.
[Debug] [2025-8-13 17:23:11] Begin to send flash verify data.
[Debug] [2025-8-13 17:23:11] End to send flash verify data.
[Debug] [2025-8-13 17:23:11] End to send embed flash verify data.
[Debug] [2025-8-13 17:23:11] Send cmd [Verify Outer Flash:20303] OK
[Debug] [2025-8-13 17:23:11] Log::Print : COMMAND[Program Outer Flash] execute finish, takes 33.6 secs.
[Debug] [2025-8-13 17:23:11] Log::Print : The start address of operating flash is 0x0.
[Debug] [2025-8-13 17:23:11] The value of Progress is 1
[Debug] [2025-8-13 17:23:11] The value of Progress is 6
[Debug] [2025-8-13 17:23:11] The value of Progress is 10
[Debug] [2025-8-13 17:23:11] The value of Progress is 15
[Debug] [2025-8-13 17:23:11] The value of Progress is 20
[Debug] [2025-8-13 17:23:12] The value of Progress is 25
[Debug] [2025-8-13 17:23:12] The value of Progress is 30
[Debug] [2025-8-13 17:23:12] The value of Progress is 35
[Debug] [2025-8-13 17:23:12] The value of Progress is 40
[Debug] [2025-8-13 17:23:12] The value of Progress is 45
[Debug] [2025-8-13 17:23:12] The value of Progress is 50
[Debug] [2025-8-13 17:23:12] The value of Progress is 55
[Debug] [2025-8-13 17:23:12] The value of Progress is 60
[Debug] [2025-8-13 17:23:12] The value of Progress is 65
[Debug] [2025-8-13 17:23:12] The value of Progress is 70
[Debug] [2025-8-13 17:23:13] The value of Progress is 75
[Debug] [2025-8-13 17:23:13] The value of Progress is 80
[Debug] [2025-8-13 17:23:13] The value of Progress is 85
[Debug] [2025-8-13 17:23:13] The value of Progress is 90
[Debug] [2025-8-13 17:23:13] The value of Progress is 95
[Debug] [2025-8-13 17:23:13] The value of Progress is 100
[Debug] [2025-8-13 17:23:13] COMMAND[Verify Outer Flash] execute successfully, takes 2.5 secs.
[Debug] [2025-8-13 17:23:13] end to send jtag flash verify cmd
[Debug] [2025-8-13 17:23:13] end to send jtag flash program cmd.
[Debug] [2025-8-13 17:23:13] Log::Print : COMMAND[Verify Outer Flash] execute successfully, takes 2.5 secs.
[Debug] [2025-8-13 17:32:36] Begin to Converte file.
[Debug] [2025-8-13 17:32:36] End to Converte file.
[Debug] [2025-8-13 17:32:38] begin to parse sfc file.
[Debug] [2025-8-13 17:32:38] begin to get device info from CFG file...
[Debug] [2025-8-13 17:32:38] end to get device info from CFG file...
[Debug] [2025-8-13 17:32:38] begin to get device info from CFG file...
[Debug] [2025-8-13 17:32:38] end to get device info from CFG file...
[Debug] [2025-8-13 17:32:38] end to parse sfc file.
[Debug] [2025-8-13 17:32:38] Log::Print : The Start Address of bit file D:/Desktop/work_material/RK_learning/RK3568_MES2L50H/05-work_material/03_FPGA_Project/01_img_pcie_capture/project/generate_bitstream/image_pcie_capture.sbit: 0x0
[Debug] [2025-8-13 17:32:40] begin to send promgram jtag flash cmd.
[Debug] [2025-8-13 17:32:40] begin to send jtag flash erase cmd
[Debug] [2025-8-13 17:32:40] Send RPC:19
[Debug] [2025-8-13 17:32:40] Begin to send embed flash erase data.
[Debug] [2025-8-13 17:32:40] Begin to send flash erase data.
[Debug] [2025-8-13 17:32:40] End to send flash erase data.
[Debug] [2025-8-13 17:32:40] End to send embed flash erase data.
[Debug] [2025-8-13 17:32:40] Send cmd [Erase Outer Flash:20302] OK
[Debug] [2025-8-13 17:32:40] Log::Print : The start address of operating flash is 0x0.
[Debug] [2025-8-13 17:32:41] The value of Progress is 1
[Debug] [2025-8-13 17:32:42] The value of Progress is 6
[Debug] [2025-8-13 17:32:42] The value of Progress is 12
[Debug] [2025-8-13 17:32:43] The value of Progress is 15
[Debug] [2025-8-13 17:32:44] The value of Progress is 21
[Debug] [2025-8-13 17:32:44] The value of Progress is 27
[Debug] [2025-8-13 17:32:45] The value of Progress is 30
[Debug] [2025-8-13 17:32:45] The value of Progress is 36
[Debug] [2025-8-13 17:32:46] The value of Progress is 42
[Debug] [2025-8-13 17:32:47] The value of Progress is 45
[Debug] [2025-8-13 17:32:47] The value of Progress is 51
[Debug] [2025-8-13 17:32:48] The value of Progress is 57
[Debug] [2025-8-13 17:32:48] The value of Progress is 60
[Debug] [2025-8-13 17:32:49] The value of Progress is 66
[Debug] [2025-8-13 17:32:50] The value of Progress is 72
[Debug] [2025-8-13 17:32:50] The value of Progress is 75
[Debug] [2025-8-13 17:32:51] The value of Progress is 81
[Debug] [2025-8-13 17:32:51] The value of Progress is 87
[Debug] [2025-8-13 17:32:52] The value of Progress is 90
[Debug] [2025-8-13 17:32:52] The value of Progress is 96
[Debug] [2025-8-13 17:32:52] The value of Progress is 100
[Debug] [2025-8-13 17:32:53] COMMAND[Erase Outer Flash] execute finish, takes 12.1 secs.
[Debug] [2025-8-13 17:32:53] end to send jtag flash erase cmd.
[Debug] [2025-8-13 17:32:53] Send RPC:20
[Debug] [2025-8-13 17:32:53] Begin to send jtag flash program data.
[Debug] [2025-8-13 17:32:53] Begin to send flash program data.
[Debug] [2025-8-13 17:32:53] End to send flash program data.
[Debug] [2025-8-13 17:32:53] End to send embed flash program data.
[Debug] [2025-8-13 17:32:53] Send cmd [Program Outer Flash:20301] OK
[Debug] [2025-8-13 17:32:53] Log::Print : COMMAND[Erase Outer Flash] execute finish, takes 12.1 secs.
[Debug] [2025-8-13 17:32:53] Log::Print : The start address of operating flash is 0x0.
[Debug] [2025-8-13 17:32:53] The value of Progress is 1
[Debug] [2025-8-13 17:32:55] The value of Progress is 6
[Debug] [2025-8-13 17:32:56] The value of Progress is 10
[Debug] [2025-8-13 17:32:58] The value of Progress is 15
[Debug] [2025-8-13 17:32:59] The value of Progress is 20
[Debug] [2025-8-13 17:33:01] The value of Progress is 25
[Debug] [2025-8-13 17:33:03] The value of Progress is 30
[Debug] [2025-8-13 17:33:04] The value of Progress is 35
[Debug] [2025-8-13 17:33:06] The value of Progress is 40
[Debug] [2025-8-13 17:33:08] The value of Progress is 45
[Debug] [2025-8-13 17:33:09] The value of Progress is 50
[Debug] [2025-8-13 17:33:11] The value of Progress is 55
[Debug] [2025-8-13 17:33:13] The value of Progress is 60
[Debug] [2025-8-13 17:33:14] The value of Progress is 65
[Debug] [2025-8-13 17:33:16] The value of Progress is 70
[Debug] [2025-8-13 17:33:18] The value of Progress is 75
[Debug] [2025-8-13 17:33:19] The value of Progress is 80
[Debug] [2025-8-13 17:33:21] The value of Progress is 85
[Debug] [2025-8-13 17:33:23] The value of Progress is 90
[Debug] [2025-8-13 17:33:24] The value of Progress is 95
[Debug] [2025-8-13 17:33:26] The value of Progress is 100
[Debug] [2025-8-13 17:33:26] COMMAND[Program Outer Flash] execute finish, takes 33.6 secs.
[Debug] [2025-8-13 17:33:26] begin to send jtag flash verify cmd
[Debug] [2025-8-13 17:33:26] Send RPC:21
[Debug] [2025-8-13 17:33:26] Begin to send embed flash verify data.
[Debug] [2025-8-13 17:33:26] Begin to send flash verify data.
[Debug] [2025-8-13 17:33:26] End to send flash verify data.
[Debug] [2025-8-13 17:33:26] End to send embed flash verify data.
[Debug] [2025-8-13 17:33:26] Send cmd [Verify Outer Flash:20303] OK
[Debug] [2025-8-13 17:33:26] Log::Print : COMMAND[Program Outer Flash] execute finish, takes 33.6 secs.
[Debug] [2025-8-13 17:33:26] Log::Print : The start address of operating flash is 0x0.
[Debug] [2025-8-13 17:33:26] The value of Progress is 1
[Debug] [2025-8-13 17:33:26] The value of Progress is 6
[Debug] [2025-8-13 17:33:27] The value of Progress is 10
[Debug] [2025-8-13 17:33:27] The value of Progress is 15
[Debug] [2025-8-13 17:33:27] The value of Progress is 20
[Debug] [2025-8-13 17:33:27] The value of Progress is 25
[Debug] [2025-8-13 17:33:27] The value of Progress is 30
[Debug] [2025-8-13 17:33:27] The value of Progress is 35
[Debug] [2025-8-13 17:33:27] The value of Progress is 40
[Debug] [2025-8-13 17:33:27] The value of Progress is 45
[Debug] [2025-8-13 17:33:27] The value of Progress is 50
[Debug] [2025-8-13 17:33:27] The value of Progress is 55
[Debug] [2025-8-13 17:33:28] The value of Progress is 60
[Debug] [2025-8-13 17:33:28] The value of Progress is 65
[Debug] [2025-8-13 17:33:28] The value of Progress is 70
[Debug] [2025-8-13 17:33:28] The value of Progress is 75
[Debug] [2025-8-13 17:33:28] The value of Progress is 80
[Debug] [2025-8-13 17:33:28] The value of Progress is 85
[Debug] [2025-8-13 17:33:28] The value of Progress is 90
[Debug] [2025-8-13 17:33:28] The value of Progress is 95
[Debug] [2025-8-13 17:33:28] The value of Progress is 100
[Debug] [2025-8-13 17:33:29] COMMAND[Verify Outer Flash] execute successfully, takes 2.5 secs.
[Debug] [2025-8-13 17:33:29] end to send jtag flash verify cmd
[Debug] [2025-8-13 17:33:29] end to send jtag flash program cmd.
[Debug] [2025-8-13 17:33:29] Log::Print : COMMAND[Verify Outer Flash] execute successfully, takes 2.5 secs.
[Debug] [2025-8-13 17:48:51] Begin to Converte file.
[Debug] [2025-8-13 17:48:51] End to Converte file.
[Debug] [2025-8-13 17:48:56] begin to parse sfc file.
[Debug] [2025-8-13 17:48:56] begin to get device info from CFG file...
[Debug] [2025-8-13 17:48:56] end to get device info from CFG file...
[Debug] [2025-8-13 17:48:56] begin to get device info from CFG file...
[Debug] [2025-8-13 17:48:56] end to get device info from CFG file...
[Debug] [2025-8-13 17:48:56] end to parse sfc file.
[Debug] [2025-8-13 17:48:56] Log::Print : The Start Address of bit file D:/Desktop/work_material/RK_learning/RK3568_MES2L50H/05-work_material/03_FPGA_Project/01_img_pcie_capture/project/generate_bitstream/image_pcie_capture.sbit: 0x0
[Debug] [2025-8-13 17:49:00] Begin to Converte file.
[Debug] [2025-8-13 17:49:00] End to Converte file.
[Debug] [2025-8-13 17:49:15] begin to parse sfc file.
[Debug] [2025-8-13 17:49:15] begin to get device info from CFG file...
[Debug] [2025-8-13 17:49:15] end to get device info from CFG file...
[Debug] [2025-8-13 17:49:15] begin to get device info from CFG file...
[Debug] [2025-8-13 17:49:15] end to get device info from CFG file...
[Debug] [2025-8-13 17:49:15] end to parse sfc file.
[Debug] [2025-8-13 17:49:16] Log::Print : The Start Address of bit file D:/Desktop/work_material/RK_learning/RK3568_MES2L50H/05-work_material/03_FPGA_Project/01_img_pcie_capture/project/generate_bitstream/image_pcie_capture.sbit: 0x0
[Debug] [2025-8-13 17:49:18] begin to send promgram jtag flash cmd.
[Debug] [2025-8-13 17:49:18] begin to send jtag flash erase cmd
[Debug] [2025-8-13 17:49:18] Send RPC:22
[Debug] [2025-8-13 17:49:18] Begin to send embed flash erase data.
[Debug] [2025-8-13 17:49:18] Begin to send flash erase data.
[Debug] [2025-8-13 17:49:18] End to send flash erase data.
[Debug] [2025-8-13 17:49:18] End to send embed flash erase data.
[Debug] [2025-8-13 17:49:18] Send cmd [Erase Outer Flash:20302] OK
[Debug] [2025-8-13 17:49:18] Log::Print : The start address of operating flash is 0x0.
[Debug] [2025-8-13 17:49:18] The value of Progress is 1
[Debug] [2025-8-13 17:49:19] The value of Progress is 6
[Debug] [2025-8-13 17:49:20] The value of Progress is 12
[Debug] [2025-8-13 17:49:20] The value of Progress is 15
[Debug] [2025-8-13 17:49:21] The value of Progress is 21
[Debug] [2025-8-13 17:49:22] The value of Progress is 27
[Debug] [2025-8-13 17:49:22] The value of Progress is 30
[Debug] [2025-8-13 17:49:23] The value of Progress is 36
[Debug] [2025-8-13 17:49:23] The value of Progress is 42
[Debug] [2025-8-13 17:49:24] The value of Progress is 45
[Debug] [2025-8-13 17:49:24] The value of Progress is 51
[Debug] [2025-8-13 17:49:25] The value of Progress is 57
[Debug] [2025-8-13 17:49:25] The value of Progress is 60
[Debug] [2025-8-13 17:49:26] The value of Progress is 66
[Debug] [2025-8-13 17:49:27] The value of Progress is 72
[Debug] [2025-8-13 17:49:27] The value of Progress is 75
[Debug] [2025-8-13 17:49:28] The value of Progress is 81
[Debug] [2025-8-13 17:49:28] The value of Progress is 87
[Debug] [2025-8-13 17:49:29] The value of Progress is 90
[Debug] [2025-8-13 17:49:29] The value of Progress is 96
[Debug] [2025-8-13 17:49:29] The value of Progress is 100
[Debug] [2025-8-13 17:49:30] COMMAND[Erase Outer Flash] execute finish, takes 11.8 secs.
[Debug] [2025-8-13 17:49:30] end to send jtag flash erase cmd.
[Debug] [2025-8-13 17:49:30] Send RPC:23
[Debug] [2025-8-13 17:49:30] Begin to send jtag flash program data.
[Debug] [2025-8-13 17:49:30] Begin to send flash program data.
[Debug] [2025-8-13 17:49:30] End to send flash program data.
[Debug] [2025-8-13 17:49:30] End to send embed flash program data.
[Debug] [2025-8-13 17:49:30] Send cmd [Program Outer Flash:20301] OK
[Debug] [2025-8-13 17:49:30] Log::Print : COMMAND[Erase Outer Flash] execute finish, takes 11.8 secs.
[Debug] [2025-8-13 17:49:30] Log::Print : The start address of operating flash is 0x0.
[Debug] [2025-8-13 17:49:30] The value of Progress is 1
[Debug] [2025-8-13 17:49:32] The value of Progress is 6
[Debug] [2025-8-13 17:49:33] The value of Progress is 10
[Debug] [2025-8-13 17:49:35] The value of Progress is 15
[Debug] [2025-8-13 17:49:36] The value of Progress is 20
[Debug] [2025-8-13 17:49:38] The value of Progress is 25
[Debug] [2025-8-13 17:49:40] The value of Progress is 30
[Debug] [2025-8-13 17:49:41] The value of Progress is 35
[Debug] [2025-8-13 17:49:43] The value of Progress is 40
[Debug] [2025-8-13 17:49:45] The value of Progress is 45
[Debug] [2025-8-13 17:49:46] The value of Progress is 50
[Debug] [2025-8-13 17:49:48] The value of Progress is 55
[Debug] [2025-8-13 17:49:50] The value of Progress is 60
[Debug] [2025-8-13 17:49:51] The value of Progress is 65
[Debug] [2025-8-13 17:49:53] The value of Progress is 70
[Debug] [2025-8-13 17:49:55] The value of Progress is 75
[Debug] [2025-8-13 17:49:56] The value of Progress is 80
[Debug] [2025-8-13 17:49:58] The value of Progress is 85
[Debug] [2025-8-13 17:50:00] The value of Progress is 90
[Debug] [2025-8-13 17:50:01] The value of Progress is 95
[Debug] [2025-8-13 17:50:03] The value of Progress is 100
[Debug] [2025-8-13 17:50:03] COMMAND[Program Outer Flash] execute finish, takes 33.7 secs.
[Debug] [2025-8-13 17:50:03] begin to send jtag flash verify cmd
[Debug] [2025-8-13 17:50:03] Send RPC:24
[Debug] [2025-8-13 17:50:03] Begin to send embed flash verify data.
[Debug] [2025-8-13 17:50:03] Begin to send flash verify data.
[Debug] [2025-8-13 17:50:03] End to send flash verify data.
[Debug] [2025-8-13 17:50:03] End to send embed flash verify data.
[Debug] [2025-8-13 17:50:03] Send cmd [Verify Outer Flash:20303] OK
[Debug] [2025-8-13 17:50:03] Log::Print : COMMAND[Program Outer Flash] execute finish, takes 33.7 secs.
[Debug] [2025-8-13 17:50:03] Log::Print : The start address of operating flash is 0x0.
[Debug] [2025-8-13 17:50:03] The value of Progress is 1
[Debug] [2025-8-13 17:50:04] The value of Progress is 6
[Debug] [2025-8-13 17:50:04] The value of Progress is 10
[Debug] [2025-8-13 17:50:04] The value of Progress is 15
[Debug] [2025-8-13 17:50:04] The value of Progress is 20
[Debug] [2025-8-13 17:50:04] The value of Progress is 25
[Debug] [2025-8-13 17:50:04] The value of Progress is 30
[Debug] [2025-8-13 17:50:04] The value of Progress is 35
[Debug] [2025-8-13 17:50:04] The value of Progress is 40
[Debug] [2025-8-13 17:50:04] The value of Progress is 45
[Debug] [2025-8-13 17:50:05] The value of Progress is 50
[Debug] [2025-8-13 17:50:05] The value of Progress is 55
[Debug] [2025-8-13 17:50:05] The value of Progress is 60
[Debug] [2025-8-13 17:50:05] The value of Progress is 65
[Debug] [2025-8-13 17:50:05] The value of Progress is 70
[Debug] [2025-8-13 17:50:05] The value of Progress is 75
[Debug] [2025-8-13 17:50:05] The value of Progress is 80
[Debug] [2025-8-13 17:50:05] The value of Progress is 85
[Debug] [2025-8-13 17:50:05] The value of Progress is 90
[Debug] [2025-8-13 17:50:05] The value of Progress is 95
[Debug] [2025-8-13 17:50:06] The value of Progress is 100
[Debug] [2025-8-13 17:50:06] COMMAND[Verify Outer Flash] execute successfully, takes 2.5 secs.
[Debug] [2025-8-13 17:50:06] end to send jtag flash verify cmd
[Debug] [2025-8-13 17:50:06] end to send jtag flash program cmd.
[Debug] [2025-8-13 17:50:06] Log::Print : COMMAND[Verify Outer Flash] execute successfully, takes 2.5 secs.
[Info] [2025-8-13 17:50:11] /***************************End Configration***************************/
[Info] [2025-8-13 17:50:39] /***************************Start Configuration***************************/
[Info] [2025-8-13 17:50:39] Path: C:/pango/PDS_2022.2-SP6.4/bin
[Info] [2025-8-13 17:50:39] Version: 146967
[Info] [2025-8-13 17:50:40] Current Path: D:/Desktop/work_material/RK_learning/RK3568_MES2L50H/05-work_material/03_FPGA_Project/01_img_pcie_capture/project
[Info] [2025-8-13 17:50:40] PDS Dir Path: D:/Desktop/work_material/RK_learning/RK3568_MES2L50H/05-work_material/03_FPGA_Project/01_img_pcie_capture/project
[Info] [2025-8-13 17:50:41] Configuration is not connect with server. connect first then scan chain.
[Debug] [2025-8-13 17:50:41] Client Local host name:LAPTOP-EA3TT0M1
[Debug] [2025-8-13 17:50:41] Client Local Address:192.168.1.11
[Debug] [2025-8-13 17:50:41] Client Local Address:192.168.1.18
[Debug] [2025-8-13 17:50:41] Server Address:127.0.0.1, Port:65420
[Debug] [2025-8-13 17:50:41] Log::Print : Connecting to server[127.0.0.1 : 65420].
[Info] [2025-8-13 17:50:41] Connect OK, Server: 127.0.0.1  Port: 65420
[Debug] [2025-8-13 17:50:41] Finish.
[Info] [2025-8-13 17:50:41] Connect server succeeded
[Debug] [2025-8-13 17:50:41] Send RPC:1
[Debug] [2025-8-13 17:50:41] Send cmd [check version information:40004] OK
[Debug] [2025-8-13 17:50:41] Send RPC:2
[Debug] [2025-8-13 17:50:41] Send cmd [get_cable_paras:40010] OK
[Debug] [2025-8-13 17:50:41] Begin to send initialize chain cmd...
[Debug] [2025-8-13 17:50:41] Send RPC:3
[Debug] [2025-8-13 17:50:41] Send cmd [Open config cable:20001] OK
[Debug] [2025-8-13 17:50:41] End to send initialize chain cmd.
[Debug] [2025-8-13 17:50:41] COMMAND[check version information] execute successfully, takes 0.0 secs.
[Debug] [2025-8-13 17:50:41] Log::Print : Connect to server[127.0.0.1 : 65420] successfully.
[Debug] [2025-8-13 17:50:41] Log::Print : COMMAND[check version information] execute successfully, takes 0.0 secs.
[Debug] [2025-8-13 17:50:43] COMMAND[get_cable_paras] execute successfully, takes 1.2 secs.
[Debug] [2025-8-13 17:50:43] Log::Print : The cable List : 
Cable index 0:USB Cable II/fffffffffffffffe 

[Debug] [2025-8-13 17:50:43] Log::Print : COMMAND[get_cable_paras] execute successfully, takes 1.2 secs.
[Debug] [2025-8-13 17:50:43] begin the exec of open cable cmd...
[Debug] [2025-8-13 17:50:43] Begin to deal with chain from server...
[Debug] [2025-8-13 17:50:43] Begin to set user chain...
[Debug] [2025-8-13 17:50:43] End to set user chain.
[Debug] [2025-8-13 17:50:43] Begin to update graphic item and tree item ...
[Debug] [2025-8-13 17:50:43] End to update graphic item and tree item ...
[Debug] [2025-8-13 17:50:43] Log::Print : PANGO USB CABLE II cable driver: D2XX DLL
[Debug] [2025-8-13 17:50:43] Log::Print : PG2L50H
[Debug] [2025-8-13 17:50:43] Log::Print : This device configure situation (done bit): 1
[Info] [2025-8-13 17:50:44] set OpenLastPath: D:/Desktop/work_material/RK_learning/RK3568_MES2L50H/05-work_material/03_FPGA_Project/01_img_pcie_capture/project/generate_bitstream/image_pcie_capture.sbit
[Debug] [2025-8-13 17:50:44] begin to get device info from CFG file...
[Debug] [2025-8-13 17:50:44] end to get device info from CFG file...
[Debug] [2025-8-13 17:50:44] Begin to update graphic item and tree item ...
[Debug] [2025-8-13 17:50:44] End to update graphic item and tree item ...
[Debug] [2025-8-13 17:50:44] Begin to update graphic item and tree item ...
[Debug] [2025-8-13 17:50:44] End to update graphic item and tree item ...
[Debug] [2025-8-13 17:50:44] End to deal wiht chain from server.
[Debug] [2025-8-13 17:50:44] end the exec of open cable cmd.
[Debug] [2025-8-13 17:50:44] COMMAND[Open config cable] execute successfully, takes 2.3 secs.
[Debug] [2025-8-13 17:50:44] Log::Print : COMMAND[Open config cable] execute successfully, takes 2.3 secs.
[Debug] [2025-8-13 17:50:47] Begin to send scan outer flash cmd...
[Debug] [2025-8-13 17:50:47] Send RPC:4
[Debug] [2025-8-13 17:50:47] Send cmd [Scan Outer SPI Flash:20300] OK
[Debug] [2025-8-13 17:50:47] End to send scan outer flash cmd.
[Debug] [2025-8-13 17:50:48] begin to exec scan jtag flash cmd...
[Debug] [2025-8-13 17:50:48] Begin to initialize JtagFlash for selected FPGA Device...
[Debug] [2025-8-13 17:50:48] Begin to update graphic item and tree item ...
[Debug] [2025-8-13 17:50:48] End to update graphic item and tree item ...
[Info] [2025-8-13 17:50:49] set OpenLastPath: D:/Desktop/work_material/RK_learning/RK3568_MES2L50H/05-work_material/03_FPGA_Project/01_img_pcie_capture/project/generate_bitstream/image_pcie_capture.sfc
[Debug] [2025-8-13 17:50:49] begin to check SFC File and Flash Device Read Mode.
[Debug] [2025-8-13 17:50:49] end to check SFC File and Flash Device Read Mode.
[Debug] [2025-8-13 17:50:49] Begin to update graphic item and tree item ...
[Debug] [2025-8-13 17:50:49] End to update graphic item and tree item ...
[Debug] [2025-8-13 17:50:49] End to initialize OuterFlash for selected FPGA Device...
[Debug] [2025-8-13 17:50:49] end to exec scan jtag flash cmd...
[Debug] [2025-8-13 17:50:49] COMMAND[Scan Outer SPI Flash] execute successfully, takes 1.7 secs.
[Debug] [2025-8-13 17:50:49] Log::Print : COMMAND[Scan Outer SPI Flash] execute successfully, takes 1.7 secs.
[Debug] [2025-8-13 17:50:50] Begin to Converte file.
[Debug] [2025-8-13 17:50:57] begin to parse sfc file.
[Debug] [2025-8-13 17:50:57] begin to get device info from CFG file...
[Debug] [2025-8-13 17:50:57] end to get device info from CFG file...
[Debug] [2025-8-13 17:50:57] begin to get device info from CFG file...
[Debug] [2025-8-13 17:50:57] end to get device info from CFG file...
[Debug] [2025-8-13 17:50:57] end to parse sfc file.
[Debug] [2025-8-13 17:50:57] Log::Print : The Start Address of bit file D:/Desktop/work_material/RK_learning/RK3568_MES2L50H/05-work_material/03_FPGA_Project/01_img_pcie_capture/project/generate_bitstream/image_pcie_capture.sbit: 0x0
[Debug] [2025-8-13 17:50:57] End to Converte file.
[Debug] [2025-8-13 17:51:00] Begin to send scan outer flash cmd...
[Debug] [2025-8-13 17:51:00] Send RPC:5
[Debug] [2025-8-13 17:51:00] Send cmd [Scan Outer SPI Flash:20300] OK
[Debug] [2025-8-13 17:51:00] End to send scan outer flash cmd.
[Debug] [2025-8-13 17:51:00] begin to exec scan jtag flash cmd...
[Debug] [2025-8-13 17:51:00] Begin to initialize JtagFlash for selected FPGA Device...
[Debug] [2025-8-13 17:51:00] Begin to update graphic item and tree item ...
[Debug] [2025-8-13 17:51:00] End to update graphic item and tree item ...
[Info] [2025-8-13 17:51:01] set OpenLastPath: D:/Desktop/work_material/RK_learning/RK3568_MES2L50H/05-work_material/03_FPGA_Project/01_img_pcie_capture/project/generate_bitstream/image_pcie_capture.sfc
[Debug] [2025-8-13 17:51:01] begin to check SFC File and Flash Device Read Mode.
[Debug] [2025-8-13 17:51:01] end to check SFC File and Flash Device Read Mode.
[Debug] [2025-8-13 17:51:01] Begin to update graphic item and tree item ...
[Debug] [2025-8-13 17:51:01] End to update graphic item and tree item ...
[Debug] [2025-8-13 17:51:01] End to initialize OuterFlash for selected FPGA Device...
[Debug] [2025-8-13 17:51:01] end to exec scan jtag flash cmd...
[Debug] [2025-8-13 17:51:01] COMMAND[Scan Outer SPI Flash] execute successfully, takes 1.3 secs.
[Debug] [2025-8-13 17:51:01] Log::Print : COMMAND[Scan Outer SPI Flash] execute successfully, takes 1.3 secs.
[Debug] [2025-8-13 17:51:03] begin to send promgram jtag flash cmd.
[Debug] [2025-8-13 17:51:03] begin to send jtag flash erase cmd
[Debug] [2025-8-13 17:51:03] Send RPC:6
[Debug] [2025-8-13 17:51:03] Begin to send embed flash erase data.
[Debug] [2025-8-13 17:51:03] Begin to send flash erase data.
[Debug] [2025-8-13 17:51:03] End to send flash erase data.
[Debug] [2025-8-13 17:51:03] End to send embed flash erase data.
[Debug] [2025-8-13 17:51:03] Send cmd [Erase Outer Flash:20302] OK
[Debug] [2025-8-13 17:51:03] Log::Print : The start address of operating flash is 0x0.
[Debug] [2025-8-13 17:51:03] The value of Progress is 1
[Debug] [2025-8-13 17:51:04] The value of Progress is 6
[Debug] [2025-8-13 17:51:05] The value of Progress is 12
[Debug] [2025-8-13 17:51:05] The value of Progress is 15
[Debug] [2025-8-13 17:51:06] The value of Progress is 21
[Debug] [2025-8-13 17:51:07] The value of Progress is 27
[Debug] [2025-8-13 17:51:07] The value of Progress is 30
[Debug] [2025-8-13 17:51:08] The value of Progress is 36
[Debug] [2025-8-13 17:51:09] The value of Progress is 42
[Debug] [2025-8-13 17:51:09] The value of Progress is 45
[Error] [2025-8-13 17:51:12] fail to exec Erase Outer Flash cmd...
[Debug] [2025-8-13 17:51:12] end to send jtag flash erase cmd.
[Error] [2025-8-13 17:51:12] Flash Erasing failed before programming.
[Error] [2025-8-13 17:51:12] MsgOut: Configuration-0008: The command 'Erase Outer Flash' execute fail.
[Debug] [2025-8-13 17:51:16] begin to send promgram jtag flash cmd.
[Debug] [2025-8-13 17:51:16] begin to send jtag flash erase cmd
[Debug] [2025-8-13 17:51:16] Send RPC:7
[Debug] [2025-8-13 17:51:16] Begin to send embed flash erase data.
[Debug] [2025-8-13 17:51:16] Begin to send flash erase data.
[Debug] [2025-8-13 17:51:16] End to send flash erase data.
[Debug] [2025-8-13 17:51:16] End to send embed flash erase data.
[Debug] [2025-8-13 17:51:16] Send cmd [Erase Outer Flash:20302] OK
[Debug] [2025-8-13 17:51:16] Log::Print : The start address of operating flash is 0x0.
[Debug] [2025-8-13 17:51:16] The value of Progress is 1
[Debug] [2025-8-13 17:51:17] The value of Progress is 6
[Debug] [2025-8-13 17:51:18] The value of Progress is 12
[Debug] [2025-8-13 17:51:19] The value of Progress is 15
[Debug] [2025-8-13 17:51:19] The value of Progress is 21
[Debug] [2025-8-13 17:51:20] The value of Progress is 27
[Debug] [2025-8-13 17:51:21] The value of Progress is 30
[Debug] [2025-8-13 17:51:21] The value of Progress is 36
[Debug] [2025-8-13 17:51:22] The value of Progress is 42
[Debug] [2025-8-13 17:51:22] The value of Progress is 45
[Debug] [2025-8-13 17:51:23] The value of Progress is 51
[Debug] [2025-8-13 17:51:24] The value of Progress is 57
[Debug] [2025-8-13 17:51:24] The value of Progress is 60
[Debug] [2025-8-13 17:51:25] The value of Progress is 66
[Debug] [2025-8-13 17:51:26] The value of Progress is 72
[Debug] [2025-8-13 17:51:26] The value of Progress is 75
[Debug] [2025-8-13 17:51:27] The value of Progress is 81
[Debug] [2025-8-13 17:51:27] The value of Progress is 87
[Debug] [2025-8-13 17:51:28] The value of Progress is 90
[Debug] [2025-8-13 17:51:28] The value of Progress is 96
[Debug] [2025-8-13 17:51:28] The value of Progress is 100
[Debug] [2025-8-13 17:51:29] COMMAND[Erase Outer Flash] execute finish, takes 12.5 secs.
[Debug] [2025-8-13 17:51:29] end to send jtag flash erase cmd.
[Debug] [2025-8-13 17:51:29] Send RPC:8
[Debug] [2025-8-13 17:51:29] Begin to send jtag flash program data.
[Debug] [2025-8-13 17:51:29] Begin to send flash program data.
[Debug] [2025-8-13 17:51:29] End to send flash program data.
[Debug] [2025-8-13 17:51:29] End to send embed flash program data.
[Debug] [2025-8-13 17:51:29] Send cmd [Program Outer Flash:20301] OK
[Debug] [2025-8-13 17:51:29] Log::Print : COMMAND[Erase Outer Flash] execute finish, takes 12.5 secs.
[Debug] [2025-8-13 17:51:29] Log::Print : The start address of operating flash is 0x0.
[Debug] [2025-8-13 17:51:29] The value of Progress is 1
[Debug] [2025-8-13 17:51:31] The value of Progress is 6
[Debug] [2025-8-13 17:51:33] The value of Progress is 10
[Debug] [2025-8-13 17:51:34] The value of Progress is 15
[Debug] [2025-8-13 17:51:36] The value of Progress is 20
[Debug] [2025-8-13 17:51:38] The value of Progress is 25
[Debug] [2025-8-13 17:51:40] The value of Progress is 30
[Debug] [2025-8-13 17:51:42] The value of Progress is 35
[Debug] [2025-8-13 17:51:43] The value of Progress is 40
[Debug] [2025-8-13 17:51:45] The value of Progress is 45
[Debug] [2025-8-13 17:51:47] The value of Progress is 50
[Debug] [2025-8-13 17:51:49] The value of Progress is 55
[Debug] [2025-8-13 17:51:51] The value of Progress is 60
[Debug] [2025-8-13 17:51:53] The value of Progress is 65
[Debug] [2025-8-13 17:51:55] The value of Progress is 70
[Debug] [2025-8-13 17:51:57] The value of Progress is 75
[Debug] [2025-8-13 17:51:58] The value of Progress is 80
[Debug] [2025-8-13 17:52:00] The value of Progress is 85
[Debug] [2025-8-13 17:52:02] The value of Progress is 90
[Debug] [2025-8-13 17:52:04] The value of Progress is 95
[Debug] [2025-8-13 17:52:06] The value of Progress is 100
[Debug] [2025-8-13 17:52:06] COMMAND[Program Outer Flash] execute finish, takes 37.3 secs.
[Debug] [2025-8-13 17:52:06] begin to send jtag flash verify cmd
[Debug] [2025-8-13 17:52:06] Send RPC:9
[Debug] [2025-8-13 17:52:06] Begin to send embed flash verify data.
[Debug] [2025-8-13 17:52:06] Begin to send flash verify data.
[Debug] [2025-8-13 17:52:06] End to send flash verify data.
[Debug] [2025-8-13 17:52:06] End to send embed flash verify data.
[Debug] [2025-8-13 17:52:06] Send cmd [Verify Outer Flash:20303] OK
[Debug] [2025-8-13 17:52:06] Log::Print : COMMAND[Program Outer Flash] execute finish, takes 37.3 secs.
[Debug] [2025-8-13 17:52:06] Log::Print : The start address of operating flash is 0x0.
[Debug] [2025-8-13 17:52:06] The value of Progress is 1
[Debug] [2025-8-13 17:52:06] The value of Progress is 6
[Debug] [2025-8-13 17:52:06] The value of Progress is 10
[Debug] [2025-8-13 17:52:06] The value of Progress is 15
[Debug] [2025-8-13 17:52:06] The value of Progress is 20
[Debug] [2025-8-13 17:52:07] The value of Progress is 25
[Debug] [2025-8-13 17:52:07] The value of Progress is 30
[Debug] [2025-8-13 17:52:07] The value of Progress is 35
[Debug] [2025-8-13 17:52:07] The value of Progress is 40
[Debug] [2025-8-13 17:52:07] The value of Progress is 45
[Debug] [2025-8-13 17:52:07] The value of Progress is 50
[Debug] [2025-8-13 17:52:07] The value of Progress is 55
[Debug] [2025-8-13 17:52:07] The value of Progress is 60
[Debug] [2025-8-13 17:52:07] The value of Progress is 65
[Debug] [2025-8-13 17:52:08] The value of Progress is 70
[Debug] [2025-8-13 17:52:08] The value of Progress is 75
[Debug] [2025-8-13 17:52:08] The value of Progress is 80
[Debug] [2025-8-13 17:52:08] The value of Progress is 85
[Debug] [2025-8-13 17:52:08] The value of Progress is 90
[Debug] [2025-8-13 17:52:08] The value of Progress is 95
[Debug] [2025-8-13 17:52:08] The value of Progress is 100
[Debug] [2025-8-13 17:52:08] COMMAND[Verify Outer Flash] execute successfully, takes 2.5 secs.
[Debug] [2025-8-13 17:52:08] end to send jtag flash verify cmd
[Debug] [2025-8-13 17:52:08] end to send jtag flash program cmd.
[Debug] [2025-8-13 17:52:08] Log::Print : COMMAND[Verify Outer Flash] execute successfully, takes 2.5 secs.
[Debug] [2025-8-13 18:20:29] Begin to Converte file.
[Debug] [2025-8-13 18:20:29] End to Converte file.
[Debug] [2025-8-13 18:20:31] begin to parse sfc file.
[Debug] [2025-8-13 18:20:31] begin to get device info from CFG file...
[Debug] [2025-8-13 18:20:31] end to get device info from CFG file...
[Debug] [2025-8-13 18:20:31] begin to get device info from CFG file...
[Debug] [2025-8-13 18:20:31] end to get device info from CFG file...
[Debug] [2025-8-13 18:20:31] end to parse sfc file.
[Debug] [2025-8-13 18:20:31] Log::Print : The Start Address of bit file D:/Desktop/work_material/RK_learning/RK3568_MES2L50H/05-work_material/03_FPGA_Project/01_img_pcie_capture/project/generate_bitstream/image_pcie_capture.sbit: 0x0
[Debug] [2025-8-13 18:20:33] begin to send promgram jtag flash cmd.
[Debug] [2025-8-13 18:20:33] begin to send jtag flash erase cmd
[Debug] [2025-8-13 18:20:33] Send RPC:10
[Debug] [2025-8-13 18:20:33] Begin to send embed flash erase data.
[Debug] [2025-8-13 18:20:33] Begin to send flash erase data.
[Debug] [2025-8-13 18:20:33] End to send flash erase data.
[Debug] [2025-8-13 18:20:33] End to send embed flash erase data.
[Debug] [2025-8-13 18:20:33] Send cmd [Erase Outer Flash:20302] OK
[Debug] [2025-8-13 18:20:33] Log::Print : The start address of operating flash is 0x0.
[Debug] [2025-8-13 18:20:33] The value of Progress is 1
[Debug] [2025-8-13 18:20:34] The value of Progress is 6
[Debug] [2025-8-13 18:20:35] The value of Progress is 12
[Debug] [2025-8-13 18:20:35] The value of Progress is 15
[Debug] [2025-8-13 18:20:36] The value of Progress is 21
[Debug] [2025-8-13 18:20:37] The value of Progress is 27
[Debug] [2025-8-13 18:20:37] The value of Progress is 30
[Debug] [2025-8-13 18:20:38] The value of Progress is 36
[Debug] [2025-8-13 18:20:38] The value of Progress is 42
[Debug] [2025-8-13 18:20:39] The value of Progress is 45
[Debug] [2025-8-13 18:20:39] The value of Progress is 51
[Debug] [2025-8-13 18:20:40] The value of Progress is 57
[Debug] [2025-8-13 18:20:40] The value of Progress is 60
[Debug] [2025-8-13 18:20:41] The value of Progress is 66
[Debug] [2025-8-13 18:20:42] The value of Progress is 72
[Debug] [2025-8-13 18:20:42] The value of Progress is 75
[Debug] [2025-8-13 18:20:43] The value of Progress is 81
[Debug] [2025-8-13 18:20:43] The value of Progress is 87
[Debug] [2025-8-13 18:20:44] The value of Progress is 90
[Debug] [2025-8-13 18:20:45] The value of Progress is 96
[Debug] [2025-8-13 18:20:45] The value of Progress is 100
[Debug] [2025-8-13 18:20:45] COMMAND[Erase Outer Flash] execute finish, takes 11.5 secs.
[Debug] [2025-8-13 18:20:45] end to send jtag flash erase cmd.
[Debug] [2025-8-13 18:20:45] Send RPC:11
[Debug] [2025-8-13 18:20:45] Begin to send jtag flash program data.
[Debug] [2025-8-13 18:20:45] Begin to send flash program data.
[Debug] [2025-8-13 18:20:45] End to send flash program data.
[Debug] [2025-8-13 18:20:45] End to send embed flash program data.
[Debug] [2025-8-13 18:20:45] Send cmd [Program Outer Flash:20301] OK
[Debug] [2025-8-13 18:20:45] Log::Print : COMMAND[Erase Outer Flash] execute finish, takes 11.5 secs.
[Debug] [2025-8-13 18:20:45] Log::Print : The start address of operating flash is 0x0.
[Debug] [2025-8-13 18:20:45] The value of Progress is 1
[Debug] [2025-8-13 18:20:47] The value of Progress is 6
[Debug] [2025-8-13 18:20:49] The value of Progress is 10
[Debug] [2025-8-13 18:20:51] The value of Progress is 15
[Debug] [2025-8-13 18:20:53] The value of Progress is 20
[Debug] [2025-8-13 18:20:54] The value of Progress is 25
[Debug] [2025-8-13 18:20:56] The value of Progress is 30
[Debug] [2025-8-13 18:20:58] The value of Progress is 35
[Debug] [2025-8-13 18:21:00] The value of Progress is 40
[Debug] [2025-8-13 18:21:02] The value of Progress is 45
[Debug] [2025-8-13 18:21:04] The value of Progress is 50
[Debug] [2025-8-13 18:21:06] The value of Progress is 55
[Debug] [2025-8-13 18:21:07] The value of Progress is 60
[Debug] [2025-8-13 18:21:09] The value of Progress is 65
[Debug] [2025-8-13 18:21:11] The value of Progress is 70
[Debug] [2025-8-13 18:21:13] The value of Progress is 75
[Debug] [2025-8-13 18:21:15] The value of Progress is 80
[Debug] [2025-8-13 18:21:17] The value of Progress is 85
[Debug] [2025-8-13 18:21:18] The value of Progress is 90
[Debug] [2025-8-13 18:21:20] The value of Progress is 95
[Debug] [2025-8-13 18:21:22] The value of Progress is 100
[Debug] [2025-8-13 18:21:22] COMMAND[Program Outer Flash] execute finish, takes 37.6 secs.
[Debug] [2025-8-13 18:21:22] begin to send jtag flash verify cmd
[Debug] [2025-8-13 18:21:22] Send RPC:12
[Debug] [2025-8-13 18:21:22] Begin to send embed flash verify data.
[Debug] [2025-8-13 18:21:22] Begin to send flash verify data.
[Debug] [2025-8-13 18:21:22] End to send flash verify data.
[Debug] [2025-8-13 18:21:22] End to send embed flash verify data.
[Debug] [2025-8-13 18:21:22] Send cmd [Verify Outer Flash:20303] OK
[Debug] [2025-8-13 18:21:22] Log::Print : COMMAND[Program Outer Flash] execute finish, takes 37.6 secs.
[Debug] [2025-8-13 18:21:22] Log::Print : The start address of operating flash is 0x0.
[Debug] [2025-8-13 18:21:22] The value of Progress is 1
[Debug] [2025-8-13 18:21:23] The value of Progress is 6
[Debug] [2025-8-13 18:21:23] The value of Progress is 10
[Debug] [2025-8-13 18:21:23] The value of Progress is 15
[Debug] [2025-8-13 18:21:23] The value of Progress is 20
[Debug] [2025-8-13 18:21:23] The value of Progress is 25
[Debug] [2025-8-13 18:21:23] The value of Progress is 30
[Debug] [2025-8-13 18:21:23] The value of Progress is 35
[Debug] [2025-8-13 18:21:23] The value of Progress is 40
[Debug] [2025-8-13 18:21:23] The value of Progress is 45
[Debug] [2025-8-13 18:21:24] The value of Progress is 50
[Debug] [2025-8-13 18:21:24] The value of Progress is 55
[Debug] [2025-8-13 18:21:24] The value of Progress is 60
[Debug] [2025-8-13 18:21:24] The value of Progress is 65
[Debug] [2025-8-13 18:21:24] The value of Progress is 70
[Debug] [2025-8-13 18:21:24] The value of Progress is 75
[Debug] [2025-8-13 18:21:24] The value of Progress is 80
[Debug] [2025-8-13 18:21:24] The value of Progress is 85
[Debug] [2025-8-13 18:21:24] The value of Progress is 90
[Debug] [2025-8-13 18:21:24] The value of Progress is 95
[Debug] [2025-8-13 18:21:25] The value of Progress is 100
[Debug] [2025-8-13 18:21:25] COMMAND[Verify Outer Flash] execute successfully, takes 2.5 secs.
[Debug] [2025-8-13 18:21:25] end to send jtag flash verify cmd
[Debug] [2025-8-13 18:21:25] end to send jtag flash program cmd.
[Debug] [2025-8-13 18:21:25] Log::Print : COMMAND[Verify Outer Flash] execute successfully, takes 2.5 secs.
[Info] [2025-8-13 18:21:44] /***************************End Configration***************************/
[Info] [2025-8-13 18:27:42] /***************************Start Configuration***************************/
[Info] [2025-8-13 18:27:42] Path: C:/pango/PDS_2022.2-SP6.4/bin
[Info] [2025-8-13 18:27:42] Version: 146967
[Info] [2025-8-13 18:27:43] Current Path: D:/Desktop/work_material/RK_learning/RK3568_MES2L50H/05-work_material/03_FPGA_Project/01_img_pcie_capture/project
[Info] [2025-8-13 18:27:43] PDS Dir Path: D:/Desktop/work_material/RK_learning/RK3568_MES2L50H/05-work_material/03_FPGA_Project/01_img_pcie_capture/project
[Info] [2025-8-13 18:27:54] Configuration is not connect with server. connect first then scan chain.
[Debug] [2025-8-13 18:27:54] Client Local host name:LAPTOP-EA3TT0M1
[Debug] [2025-8-13 18:27:54] Client Local Address:192.168.1.11
[Debug] [2025-8-13 18:27:54] Client Local Address:192.168.1.18
[Debug] [2025-8-13 18:27:54] Server Address:127.0.0.1, Port:65420
[Debug] [2025-8-13 18:27:55] Log::Print : Connecting to server[127.0.0.1 : 65420].
[Info] [2025-8-13 18:27:55] Connect OK, Server: 127.0.0.1  Port: 65420
[Debug] [2025-8-13 18:27:55] Finish.
[Info] [2025-8-13 18:27:55] Connect server succeeded
[Debug] [2025-8-13 18:27:55] Send RPC:1
[Debug] [2025-8-13 18:27:55] Send cmd [check version information:40004] OK
[Debug] [2025-8-13 18:27:55] Log::Print : Connect to server[127.0.0.1 : 65420] successfully.
[Debug] [2025-8-13 18:27:55] Send RPC:2
[Debug] [2025-8-13 18:27:55] Send cmd [get_cable_paras:40010] OK
[Debug] [2025-8-13 18:27:55] Begin to send initialize chain cmd...
[Debug] [2025-8-13 18:27:55] Send RPC:3
[Debug] [2025-8-13 18:27:55] Send cmd [Open config cable:20001] OK
[Debug] [2025-8-13 18:27:55] End to send initialize chain cmd.
[Debug] [2025-8-13 18:27:55] COMMAND[check version information] execute successfully, takes 0.2 secs.
[Debug] [2025-8-13 18:27:55] Log::Print : COMMAND[check version information] execute successfully, takes 0.2 secs.
[Debug] [2025-8-13 18:27:56] COMMAND[get_cable_paras] execute successfully, takes 1.1 secs.
[Debug] [2025-8-13 18:27:56] Log::Print : The cable List : 
Cable index 0:USB Cable II/fffffffffffffffe 

[Debug] [2025-8-13 18:27:56] Log::Print : COMMAND[get_cable_paras] execute successfully, takes 1.1 secs.
[Debug] [2025-8-13 18:27:57] begin the exec of open cable cmd...
[Debug] [2025-8-13 18:27:57] Begin to deal with chain from server...
[Debug] [2025-8-13 18:27:57] Begin to set user chain...
[Debug] [2025-8-13 18:27:57] End to set user chain.
[Debug] [2025-8-13 18:27:57] Begin to update graphic item and tree item ...
[Debug] [2025-8-13 18:27:57] End to update graphic item and tree item ...
[Debug] [2025-8-13 18:27:57] Log::Print : PANGO USB CABLE II cable driver: D2XX DLL
[Debug] [2025-8-13 18:27:57] Log::Print : PG2L50H
[Debug] [2025-8-13 18:27:57] Log::Print : This device configure situation (done bit): 1
[Info] [2025-8-13 18:27:57] set OpenLastPath: D:/Desktop/work_material/RK_learning/RK3568_MES2L50H/05-work_material/03_FPGA_Project/01_img_pcie_capture/project/generate_bitstream/image_pcie_capture.sbit
[Debug] [2025-8-13 18:27:57] begin to get device info from CFG file...
[Debug] [2025-8-13 18:27:57] end to get device info from CFG file...
[Debug] [2025-8-13 18:27:57] Begin to update graphic item and tree item ...
[Debug] [2025-8-13 18:27:57] End to update graphic item and tree item ...
[Debug] [2025-8-13 18:27:57] Begin to update graphic item and tree item ...
[Debug] [2025-8-13 18:27:57] End to update graphic item and tree item ...
[Debug] [2025-8-13 18:27:57] End to deal wiht chain from server.
[Debug] [2025-8-13 18:27:57] end the exec of open cable cmd.
[Debug] [2025-8-13 18:27:57] COMMAND[Open config cable] execute successfully, takes 2.3 secs.
[Debug] [2025-8-13 18:27:57] Log::Print : COMMAND[Open config cable] execute successfully, takes 2.3 secs.
[Debug] [2025-8-13 18:28:00] Begin to send scan outer flash cmd...
[Debug] [2025-8-13 18:28:00] Send RPC:4
[Debug] [2025-8-13 18:28:00] Send cmd [Scan Outer SPI Flash:20300] OK
[Debug] [2025-8-13 18:28:00] End to send scan outer flash cmd.
[Debug] [2025-8-13 18:28:00] begin to exec scan jtag flash cmd...
[Debug] [2025-8-13 18:28:00] Begin to initialize JtagFlash for selected FPGA Device...
[Debug] [2025-8-13 18:28:00] Begin to update graphic item and tree item ...
[Debug] [2025-8-13 18:28:00] End to update graphic item and tree item ...
[Debug] [2025-8-13 18:28:01] selected file name is empty and ignore.
[Debug] [2025-8-13 18:28:01] End to initialize OuterFlash for selected FPGA Device...
[Debug] [2025-8-13 18:28:01] end to exec scan jtag flash cmd...
[Debug] [2025-8-13 18:28:01] COMMAND[Scan Outer SPI Flash] execute successfully, takes 1.3 secs.
[Debug] [2025-8-13 18:28:01] Log::Print : COMMAND[Scan Outer SPI Flash] execute successfully, takes 1.3 secs.
[Debug] [2025-8-13 18:28:03] Begin to Converte file.
[Debug] [2025-8-13 18:28:09] begin to parse sfc file.
[Debug] [2025-8-13 18:28:09] begin to get device info from CFG file...
[Debug] [2025-8-13 18:28:09] end to get device info from CFG file...
[Debug] [2025-8-13 18:28:09] begin to get device info from CFG file...
[Debug] [2025-8-13 18:28:09] end to get device info from CFG file...
[Debug] [2025-8-13 18:28:09] end to parse sfc file.
[Debug] [2025-8-13 18:28:09] Log::Print : The Start Address of bit file D:/Desktop/work_material/RK_learning/RK3568_MES2L50H/05-work_material/03_FPGA_Project/01_img_pcie_capture/project/generate_bitstream/image_pcie_capture.sbit: 0x0
[Debug] [2025-8-13 18:28:10] End to Converte file.
[Debug] [2025-8-13 18:28:14] Begin to send scan outer flash cmd...
[Debug] [2025-8-13 18:28:14] Send RPC:5
[Debug] [2025-8-13 18:28:14] Send cmd [Scan Outer SPI Flash:20300] OK
[Debug] [2025-8-13 18:28:14] End to send scan outer flash cmd.
[Debug] [2025-8-13 18:28:14] begin to exec scan jtag flash cmd...
[Debug] [2025-8-13 18:28:14] Begin to initialize JtagFlash for selected FPGA Device...
[Debug] [2025-8-13 18:28:14] Begin to update graphic item and tree item ...
[Debug] [2025-8-13 18:28:14] End to update graphic item and tree item ...
[Info] [2025-8-13 18:28:15] set OpenLastPath: D:/Desktop/work_material/RK_learning/RK3568_MES2L50H/05-work_material/03_FPGA_Project/01_img_pcie_capture/project/generate_bitstream/image_pcie_capture.sfc
[Debug] [2025-8-13 18:28:15] begin to check SFC File and Flash Device Read Mode.
[Debug] [2025-8-13 18:28:15] end to check SFC File and Flash Device Read Mode.
[Debug] [2025-8-13 18:28:15] Begin to update graphic item and tree item ...
[Debug] [2025-8-13 18:28:15] End to update graphic item and tree item ...
[Debug] [2025-8-13 18:28:15] End to initialize OuterFlash for selected FPGA Device...
[Debug] [2025-8-13 18:28:15] end to exec scan jtag flash cmd...
[Debug] [2025-8-13 18:28:15] COMMAND[Scan Outer SPI Flash] execute successfully, takes 1.1 secs.
[Debug] [2025-8-13 18:28:15] Log::Print : COMMAND[Scan Outer SPI Flash] execute successfully, takes 1.1 secs.
[Debug] [2025-8-13 18:28:16] begin to send promgram jtag flash cmd.
[Debug] [2025-8-13 18:28:16] begin to send jtag flash erase cmd
[Debug] [2025-8-13 18:28:16] Send RPC:6
[Debug] [2025-8-13 18:28:16] Begin to send embed flash erase data.
[Debug] [2025-8-13 18:28:16] Begin to send flash erase data.
[Debug] [2025-8-13 18:28:16] End to send flash erase data.
[Debug] [2025-8-13 18:28:16] End to send embed flash erase data.
[Debug] [2025-8-13 18:28:16] Send cmd [Erase Outer Flash:20302] OK
[Debug] [2025-8-13 18:28:16] Log::Print : The start address of operating flash is 0x0.
[Debug] [2025-8-13 18:28:16] The value of Progress is 1
[Debug] [2025-8-13 18:28:17] The value of Progress is 6
[Debug] [2025-8-13 18:28:17] The value of Progress is 12
[Debug] [2025-8-13 18:28:18] The value of Progress is 15
[Debug] [2025-8-13 18:28:19] The value of Progress is 21
[Debug] [2025-8-13 18:28:19] The value of Progress is 27
[Debug] [2025-8-13 18:28:20] The value of Progress is 30
[Debug] [2025-8-13 18:28:20] The value of Progress is 36
[Debug] [2025-8-13 18:28:21] The value of Progress is 42
[Debug] [2025-8-13 18:28:21] The value of Progress is 45
[Debug] [2025-8-13 18:28:22] The value of Progress is 51
[Debug] [2025-8-13 18:28:23] The value of Progress is 57
[Debug] [2025-8-13 18:28:23] The value of Progress is 60
[Debug] [2025-8-13 18:28:24] The value of Progress is 66
[Debug] [2025-8-13 18:28:24] The value of Progress is 72
[Debug] [2025-8-13 18:28:24] The value of Progress is 75
[Debug] [2025-8-13 18:28:25] The value of Progress is 81
[Debug] [2025-8-13 18:28:26] The value of Progress is 87
[Debug] [2025-8-13 18:28:26] The value of Progress is 90
[Debug] [2025-8-13 18:28:27] The value of Progress is 96
[Debug] [2025-8-13 18:28:27] The value of Progress is 100
[Debug] [2025-8-13 18:28:27] COMMAND[Erase Outer Flash] execute finish, takes 11.5 secs.
[Debug] [2025-8-13 18:28:27] end to send jtag flash erase cmd.
[Debug] [2025-8-13 18:28:27] Send RPC:7
[Debug] [2025-8-13 18:28:27] Begin to send jtag flash program data.
[Debug] [2025-8-13 18:28:27] Begin to send flash program data.
[Debug] [2025-8-13 18:28:27] End to send flash program data.
[Debug] [2025-8-13 18:28:27] End to send embed flash program data.
[Debug] [2025-8-13 18:28:27] Send cmd [Program Outer Flash:20301] OK
[Debug] [2025-8-13 18:28:27] Log::Print : COMMAND[Erase Outer Flash] execute finish, takes 11.5 secs.
[Debug] [2025-8-13 18:28:27] Log::Print : The start address of operating flash is 0x0.
[Debug] [2025-8-13 18:28:27] The value of Progress is 1
[Debug] [2025-8-13 18:28:29] The value of Progress is 6
[Debug] [2025-8-13 18:28:31] The value of Progress is 10
[Debug] [2025-8-13 18:28:32] The value of Progress is 15
[Debug] [2025-8-13 18:28:34] The value of Progress is 20
[Debug] [2025-8-13 18:28:36] The value of Progress is 25
[Debug] [2025-8-13 18:28:37] The value of Progress is 30
[Debug] [2025-8-13 18:28:39] The value of Progress is 35
[Debug] [2025-8-13 18:28:41] The value of Progress is 40
[Debug] [2025-8-13 18:28:42] The value of Progress is 45
[Debug] [2025-8-13 18:28:44] The value of Progress is 50
[Debug] [2025-8-13 18:28:45] The value of Progress is 55
[Debug] [2025-8-13 18:28:47] The value of Progress is 60
[Debug] [2025-8-13 18:28:49] The value of Progress is 65
[Debug] [2025-8-13 18:28:50] The value of Progress is 70
[Debug] [2025-8-13 18:28:52] The value of Progress is 75
[Debug] [2025-8-13 18:28:54] The value of Progress is 80
[Debug] [2025-8-13 18:28:55] The value of Progress is 85
[Debug] [2025-8-13 18:28:57] The value of Progress is 90
[Debug] [2025-8-13 18:28:59] The value of Progress is 95
[Debug] [2025-8-13 18:29:00] The value of Progress is 100
[Debug] [2025-8-13 18:29:01] COMMAND[Program Outer Flash] execute finish, takes 33.6 secs.
[Debug] [2025-8-13 18:29:01] begin to send jtag flash verify cmd
[Debug] [2025-8-13 18:29:01] Send RPC:8
[Debug] [2025-8-13 18:29:01] Begin to send embed flash verify data.
[Debug] [2025-8-13 18:29:01] Begin to send flash verify data.
[Debug] [2025-8-13 18:29:01] End to send flash verify data.
[Debug] [2025-8-13 18:29:01] End to send embed flash verify data.
[Debug] [2025-8-13 18:29:01] Send cmd [Verify Outer Flash:20303] OK
[Debug] [2025-8-13 18:29:01] Log::Print : COMMAND[Program Outer Flash] execute finish, takes 33.6 secs.
[Debug] [2025-8-13 18:29:01] Log::Print : The start address of operating flash is 0x0.
[Debug] [2025-8-13 18:29:01] The value of Progress is 1
[Debug] [2025-8-13 18:29:01] The value of Progress is 6
[Debug] [2025-8-13 18:29:01] The value of Progress is 10
[Debug] [2025-8-13 18:29:01] The value of Progress is 15
[Debug] [2025-8-13 18:29:01] The value of Progress is 20
[Debug] [2025-8-13 18:29:01] The value of Progress is 25
[Debug] [2025-8-13 18:29:01] The value of Progress is 30
[Debug] [2025-8-13 18:29:02] The value of Progress is 35
[Debug] [2025-8-13 18:29:02] The value of Progress is 40
[Debug] [2025-8-13 18:29:02] The value of Progress is 45
[Debug] [2025-8-13 18:29:02] The value of Progress is 50
[Debug] [2025-8-13 18:29:02] The value of Progress is 55
[Debug] [2025-8-13 18:29:02] The value of Progress is 60
[Debug] [2025-8-13 18:29:02] The value of Progress is 65
[Debug] [2025-8-13 18:29:02] The value of Progress is 70
[Debug] [2025-8-13 18:29:02] The value of Progress is 75
[Debug] [2025-8-13 18:29:03] The value of Progress is 80
[Debug] [2025-8-13 18:29:03] The value of Progress is 85
[Debug] [2025-8-13 18:29:03] The value of Progress is 90
[Debug] [2025-8-13 18:29:03] The value of Progress is 95
[Debug] [2025-8-13 18:29:03] The value of Progress is 100
[Debug] [2025-8-13 18:29:03] COMMAND[Verify Outer Flash] execute successfully, takes 2.5 secs.
[Debug] [2025-8-13 18:29:03] end to send jtag flash verify cmd
[Debug] [2025-8-13 18:29:03] end to send jtag flash program cmd.
[Debug] [2025-8-13 18:29:03] Log::Print : COMMAND[Verify Outer Flash] execute successfully, takes 2.5 secs.
[Debug] [2025-8-13 18:34:33] Begin to Converte file.
[Debug] [2025-8-13 18:34:33] End to Converte file.
[Debug] [2025-8-13 18:34:34] begin to parse sfc file.
[Debug] [2025-8-13 18:34:34] begin to get device info from CFG file...
[Debug] [2025-8-13 18:34:34] end to get device info from CFG file...
[Debug] [2025-8-13 18:34:34] begin to get device info from CFG file...
[Debug] [2025-8-13 18:34:34] end to get device info from CFG file...
[Debug] [2025-8-13 18:34:34] end to parse sfc file.
[Debug] [2025-8-13 18:34:34] Log::Print : The Start Address of bit file D:/Desktop/work_material/RK_learning/RK3568_MES2L50H/05-work_material/03_FPGA_Project/01_img_pcie_capture/project/generate_bitstream/image_pcie_capture.sbit: 0x0
[Debug] [2025-8-13 18:34:36] begin to send promgram jtag flash cmd.
[Debug] [2025-8-13 18:34:36] begin to send jtag flash erase cmd
[Debug] [2025-8-13 18:34:36] Send RPC:9
[Debug] [2025-8-13 18:34:36] Begin to send embed flash erase data.
[Debug] [2025-8-13 18:34:36] Begin to send flash erase data.
[Debug] [2025-8-13 18:34:36] End to send flash erase data.
[Debug] [2025-8-13 18:34:36] End to send embed flash erase data.
[Debug] [2025-8-13 18:34:36] Send cmd [Erase Outer Flash:20302] OK
[Debug] [2025-8-13 18:34:36] Log::Print : The start address of operating flash is 0x0.
[Debug] [2025-8-13 18:34:36] The value of Progress is 1
[Debug] [2025-8-13 18:34:37] The value of Progress is 6
[Debug] [2025-8-13 18:34:38] The value of Progress is 12
[Debug] [2025-8-13 18:34:39] The value of Progress is 15
[Debug] [2025-8-13 18:34:39] The value of Progress is 21
[Debug] [2025-8-13 18:34:40] The value of Progress is 27
[Debug] [2025-8-13 18:34:40] The value of Progress is 30
[Debug] [2025-8-13 18:34:41] The value of Progress is 36
[Debug] [2025-8-13 18:34:42] The value of Progress is 42
[Debug] [2025-8-13 18:34:42] The value of Progress is 45
[Debug] [2025-8-13 18:34:43] The value of Progress is 51
[Debug] [2025-8-13 18:34:43] The value of Progress is 57
[Debug] [2025-8-13 18:34:44] The value of Progress is 60
[Debug] [2025-8-13 18:34:44] The value of Progress is 66
[Debug] [2025-8-13 18:34:45] The value of Progress is 72
[Debug] [2025-8-13 18:34:45] The value of Progress is 75
[Debug] [2025-8-13 18:34:46] The value of Progress is 81
[Debug] [2025-8-13 18:34:47] The value of Progress is 87
[Debug] [2025-8-13 18:34:47] The value of Progress is 90
[Debug] [2025-8-13 18:34:48] The value of Progress is 96
[Debug] [2025-8-13 18:34:48] The value of Progress is 100
[Debug] [2025-8-13 18:34:48] COMMAND[Erase Outer Flash] execute finish, takes 11.8 secs.
[Debug] [2025-8-13 18:34:48] end to send jtag flash erase cmd.
[Debug] [2025-8-13 18:34:48] Send RPC:10
[Debug] [2025-8-13 18:34:48] Begin to send jtag flash program data.
[Debug] [2025-8-13 18:34:48] Begin to send flash program data.
[Debug] [2025-8-13 18:34:48] End to send flash program data.
[Debug] [2025-8-13 18:34:48] End to send embed flash program data.
[Debug] [2025-8-13 18:34:48] Send cmd [Program Outer Flash:20301] OK
[Debug] [2025-8-13 18:34:48] Log::Print : COMMAND[Erase Outer Flash] execute finish, takes 11.8 secs.
[Debug] [2025-8-13 18:34:48] Log::Print : The start address of operating flash is 0x0.
[Debug] [2025-8-13 18:34:48] The value of Progress is 1
[Debug] [2025-8-13 18:34:50] The value of Progress is 6
[Debug] [2025-8-13 18:34:52] The value of Progress is 10
[Debug] [2025-8-13 18:34:53] The value of Progress is 15
[Debug] [2025-8-13 18:34:55] The value of Progress is 20
[Debug] [2025-8-13 18:34:57] The value of Progress is 25
[Debug] [2025-8-13 18:34:58] The value of Progress is 30
[Debug] [2025-8-13 18:35:00] The value of Progress is 35
[Debug] [2025-8-13 18:35:02] The value of Progress is 40
[Debug] [2025-8-13 18:35:03] The value of Progress is 45
[Debug] [2025-8-13 18:35:05] The value of Progress is 50
[Debug] [2025-8-13 18:35:07] The value of Progress is 55
[Debug] [2025-8-13 18:35:08] The value of Progress is 60
[Debug] [2025-8-13 18:35:10] The value of Progress is 65
[Debug] [2025-8-13 18:35:12] The value of Progress is 70
[Debug] [2025-8-13 18:35:13] The value of Progress is 75
[Debug] [2025-8-13 18:35:15] The value of Progress is 80
[Debug] [2025-8-13 18:35:17] The value of Progress is 85
[Debug] [2025-8-13 18:35:18] The value of Progress is 90
[Debug] [2025-8-13 18:35:20] The value of Progress is 95
[Debug] [2025-8-13 18:35:22] The value of Progress is 100
[Debug] [2025-8-13 18:35:22] COMMAND[Program Outer Flash] execute finish, takes 33.8 secs.
[Debug] [2025-8-13 18:35:22] begin to send jtag flash verify cmd
[Debug] [2025-8-13 18:35:22] Send RPC:11
[Debug] [2025-8-13 18:35:22] Begin to send embed flash verify data.
[Debug] [2025-8-13 18:35:22] Begin to send flash verify data.
[Debug] [2025-8-13 18:35:22] End to send flash verify data.
[Debug] [2025-8-13 18:35:22] End to send embed flash verify data.
[Debug] [2025-8-13 18:35:22] Send cmd [Verify Outer Flash:20303] OK
[Debug] [2025-8-13 18:35:22] Log::Print : COMMAND[Program Outer Flash] execute finish, takes 33.8 secs.
[Debug] [2025-8-13 18:35:22] Log::Print : The start address of operating flash is 0x0.
[Debug] [2025-8-13 18:35:22] The value of Progress is 1
[Debug] [2025-8-13 18:35:22] The value of Progress is 6
[Debug] [2025-8-13 18:35:22] The value of Progress is 10
[Debug] [2025-8-13 18:35:22] The value of Progress is 15
[Debug] [2025-8-13 18:35:22] The value of Progress is 20
[Debug] [2025-8-13 18:35:23] The value of Progress is 25
[Debug] [2025-8-13 18:35:23] The value of Progress is 30
[Debug] [2025-8-13 18:35:23] The value of Progress is 35
[Debug] [2025-8-13 18:35:23] The value of Progress is 40
[Debug] [2025-8-13 18:35:23] The value of Progress is 45
[Debug] [2025-8-13 18:35:23] The value of Progress is 50
[Debug] [2025-8-13 18:35:23] The value of Progress is 55
[Debug] [2025-8-13 18:35:23] The value of Progress is 60
[Debug] [2025-8-13 18:35:23] The value of Progress is 65
[Debug] [2025-8-13 18:35:24] The value of Progress is 70
[Debug] [2025-8-13 18:35:24] The value of Progress is 75
[Debug] [2025-8-13 18:35:24] The value of Progress is 80
[Debug] [2025-8-13 18:35:24] The value of Progress is 85
[Debug] [2025-8-13 18:35:24] The value of Progress is 90
[Debug] [2025-8-13 18:35:24] The value of Progress is 95
[Debug] [2025-8-13 18:35:24] The value of Progress is 100
[Debug] [2025-8-13 18:35:24] COMMAND[Verify Outer Flash] execute successfully, takes 2.5 secs.
[Debug] [2025-8-13 18:35:24] end to send jtag flash verify cmd
[Debug] [2025-8-13 18:35:24] end to send jtag flash program cmd.
[Debug] [2025-8-13 18:35:24] Log::Print : COMMAND[Verify Outer Flash] execute successfully, takes 2.5 secs.
[Debug] [2025-8-13 18:40:52] Begin to Converte file.
[Debug] [2025-8-13 18:40:52] End to Converte file.
[Debug] [2025-8-13 18:41:01] begin to parse sfc file.
[Debug] [2025-8-13 18:41:01] begin to get device info from CFG file...
[Debug] [2025-8-13 18:41:01] end to get device info from CFG file...
[Debug] [2025-8-13 18:41:01] begin to get device info from CFG file...
[Debug] [2025-8-13 18:41:01] end to get device info from CFG file...
[Debug] [2025-8-13 18:41:01] end to parse sfc file.
[Debug] [2025-8-13 18:41:01] Log::Print : The Start Address of bit file D:/Desktop/work_material/RK_learning/RK3568_MES2L50H/05-work_material/03_FPGA_Project/01_img_pcie_capture/project/generate_bitstream/image_pcie_capture.sbit: 0x0
[Debug] [2025-8-13 18:41:04] Begin to send scan outer flash cmd...
[Debug] [2025-8-13 18:41:04] Send RPC:12
[Debug] [2025-8-13 18:41:04] Send cmd [Scan Outer SPI Flash:20300] OK
[Debug] [2025-8-13 18:41:04] End to send scan outer flash cmd.
[Debug] [2025-8-13 18:41:04] begin to exec scan jtag flash cmd...
[Debug] [2025-8-13 18:41:04] Begin to initialize JtagFlash for selected FPGA Device...
[Debug] [2025-8-13 18:41:04] Begin to update graphic item and tree item ...
[Debug] [2025-8-13 18:41:04] End to update graphic item and tree item ...
[Info] [2025-8-13 18:41:07] set OpenLastPath: D:/Desktop/work_material/RK_learning/RK3568_MES2L50H/05-work_material/03_FPGA_Project/01_img_pcie_capture/project/generate_bitstream/image_pcie_capture.sfc
[Debug] [2025-8-13 18:41:07] begin to check SFC File and Flash Device Read Mode.
[Debug] [2025-8-13 18:41:07] end to check SFC File and Flash Device Read Mode.
[Debug] [2025-8-13 18:41:07] Begin to update graphic item and tree item ...
[Debug] [2025-8-13 18:41:07] End to update graphic item and tree item ...
[Debug] [2025-8-13 18:41:07] End to initialize OuterFlash for selected FPGA Device...
[Debug] [2025-8-13 18:41:07] end to exec scan jtag flash cmd...
[Debug] [2025-8-13 18:41:07] COMMAND[Scan Outer SPI Flash] execute successfully, takes 3.1 secs.
[Debug] [2025-8-13 18:41:07] Log::Print : COMMAND[Scan Outer SPI Flash] execute successfully, takes 3.1 secs.
[Debug] [2025-8-13 18:41:08] begin to send promgram jtag flash cmd.
[Debug] [2025-8-13 18:41:08] begin to send jtag flash erase cmd
[Debug] [2025-8-13 18:41:08] Send RPC:13
[Debug] [2025-8-13 18:41:08] Begin to send embed flash erase data.
[Debug] [2025-8-13 18:41:08] Begin to send flash erase data.
[Debug] [2025-8-13 18:41:08] End to send flash erase data.
[Debug] [2025-8-13 18:41:08] End to send embed flash erase data.
[Debug] [2025-8-13 18:41:08] Send cmd [Erase Outer Flash:20302] OK
[Debug] [2025-8-13 18:41:08] Log::Print : The start address of operating flash is 0x0.
[Debug] [2025-8-13 18:41:09] The value of Progress is 1
[Debug] [2025-8-13 18:41:10] The value of Progress is 6
[Debug] [2025-8-13 18:41:10] The value of Progress is 12
[Debug] [2025-8-13 18:41:11] The value of Progress is 15
[Debug] [2025-8-13 18:41:11] The value of Progress is 21
[Debug] [2025-8-13 18:41:12] The value of Progress is 27
[Debug] [2025-8-13 18:41:12] The value of Progress is 30
[Debug] [2025-8-13 18:41:13] The value of Progress is 36
[Debug] [2025-8-13 18:41:14] The value of Progress is 42
[Debug] [2025-8-13 18:41:14] The value of Progress is 45
[Debug] [2025-8-13 18:41:15] The value of Progress is 51
[Debug] [2025-8-13 18:41:16] The value of Progress is 57
[Debug] [2025-8-13 18:41:16] The value of Progress is 60
[Debug] [2025-8-13 18:41:17] The value of Progress is 66
[Debug] [2025-8-13 18:41:17] The value of Progress is 72
[Debug] [2025-8-13 18:41:17] The value of Progress is 75
[Debug] [2025-8-13 18:41:18] The value of Progress is 81
[Debug] [2025-8-13 18:41:19] The value of Progress is 87
[Debug] [2025-8-13 18:41:19] The value of Progress is 90
[Debug] [2025-8-13 18:41:20] The value of Progress is 96
[Debug] [2025-8-13 18:41:20] The value of Progress is 100
[Debug] [2025-8-13 18:41:20] COMMAND[Erase Outer Flash] execute finish, takes 12.0 secs.
[Debug] [2025-8-13 18:41:20] end to send jtag flash erase cmd.
[Debug] [2025-8-13 18:41:20] Send RPC:14
[Debug] [2025-8-13 18:41:20] Begin to send jtag flash program data.
[Debug] [2025-8-13 18:41:20] Begin to send flash program data.
[Debug] [2025-8-13 18:41:20] End to send flash program data.
[Debug] [2025-8-13 18:41:20] End to send embed flash program data.
[Debug] [2025-8-13 18:41:20] Send cmd [Program Outer Flash:20301] OK
[Debug] [2025-8-13 18:41:20] Log::Print : COMMAND[Erase Outer Flash] execute finish, takes 12.0 secs.
[Debug] [2025-8-13 18:41:20] Log::Print : The start address of operating flash is 0x0.
[Debug] [2025-8-13 18:41:21] The value of Progress is 1
[Debug] [2025-8-13 18:41:23] The value of Progress is 6
[Debug] [2025-8-13 18:41:24] The value of Progress is 10
[Debug] [2025-8-13 18:41:26] The value of Progress is 15
[Debug] [2025-8-13 18:41:27] The value of Progress is 20
[Debug] [2025-8-13 18:41:29] The value of Progress is 25
[Debug] [2025-8-13 18:41:31] The value of Progress is 30
[Debug] [2025-8-13 18:41:32] The value of Progress is 35
[Debug] [2025-8-13 18:41:34] The value of Progress is 40
[Debug] [2025-8-13 18:41:36] The value of Progress is 45
[Debug] [2025-8-13 18:41:37] The value of Progress is 50
[Debug] [2025-8-13 18:41:39] The value of Progress is 55
[Debug] [2025-8-13 18:41:41] The value of Progress is 60
[Debug] [2025-8-13 18:41:42] The value of Progress is 65
[Debug] [2025-8-13 18:41:44] The value of Progress is 70
[Debug] [2025-8-13 18:41:46] The value of Progress is 75
[Debug] [2025-8-13 18:41:47] The value of Progress is 80
[Debug] [2025-8-13 18:41:49] The value of Progress is 85
[Debug] [2025-8-13 18:41:51] The value of Progress is 90
[Debug] [2025-8-13 18:41:52] The value of Progress is 95
[Debug] [2025-8-13 18:41:54] The value of Progress is 100
[Debug] [2025-8-13 18:41:54] COMMAND[Program Outer Flash] execute finish, takes 33.7 secs.
[Debug] [2025-8-13 18:41:54] begin to send jtag flash verify cmd
[Debug] [2025-8-13 18:41:54] Send RPC:15
[Debug] [2025-8-13 18:41:54] Begin to send embed flash verify data.
[Debug] [2025-8-13 18:41:54] Begin to send flash verify data.
[Debug] [2025-8-13 18:41:54] End to send flash verify data.
[Debug] [2025-8-13 18:41:54] End to send embed flash verify data.
[Debug] [2025-8-13 18:41:54] Send cmd [Verify Outer Flash:20303] OK
[Debug] [2025-8-13 18:41:54] Log::Print : COMMAND[Program Outer Flash] execute finish, takes 33.7 secs.
[Debug] [2025-8-13 18:41:54] Log::Print : The start address of operating flash is 0x0.
[Debug] [2025-8-13 18:41:54] The value of Progress is 1
[Debug] [2025-8-13 18:41:54] The value of Progress is 6
[Debug] [2025-8-13 18:41:55] The value of Progress is 10
[Debug] [2025-8-13 18:41:55] The value of Progress is 15
[Debug] [2025-8-13 18:41:55] The value of Progress is 20
[Debug] [2025-8-13 18:41:55] The value of Progress is 25
[Debug] [2025-8-13 18:41:55] The value of Progress is 30
[Debug] [2025-8-13 18:41:55] The value of Progress is 35
[Debug] [2025-8-13 18:41:55] The value of Progress is 40
[Debug] [2025-8-13 18:41:55] The value of Progress is 45
[Debug] [2025-8-13 18:41:55] The value of Progress is 50
[Debug] [2025-8-13 18:41:55] The value of Progress is 55
[Debug] [2025-8-13 18:41:56] The value of Progress is 60
[Debug] [2025-8-13 18:41:56] The value of Progress is 65
[Debug] [2025-8-13 18:41:56] The value of Progress is 70
[Debug] [2025-8-13 18:41:56] The value of Progress is 75
[Debug] [2025-8-13 18:41:56] The value of Progress is 80
[Debug] [2025-8-13 18:41:56] The value of Progress is 85
[Debug] [2025-8-13 18:41:56] The value of Progress is 90
[Debug] [2025-8-13 18:41:56] The value of Progress is 95
[Debug] [2025-8-13 18:41:56] The value of Progress is 100
[Debug] [2025-8-13 18:41:57] COMMAND[Verify Outer Flash] execute successfully, takes 2.5 secs.
[Debug] [2025-8-13 18:41:57] end to send jtag flash verify cmd
[Debug] [2025-8-13 18:41:57] end to send jtag flash program cmd.
[Debug] [2025-8-13 18:41:57] Log::Print : COMMAND[Verify Outer Flash] execute successfully, takes 2.5 secs.
[Debug] [2025-8-13 18:43:56] Begin to Converte file.
[Debug] [2025-8-13 18:43:56] End to Converte file.
[Debug] [2025-8-13 18:43:57] begin to parse sfc file.
[Debug] [2025-8-13 18:43:57] begin to get device info from CFG file...
[Debug] [2025-8-13 18:43:57] end to get device info from CFG file...
[Debug] [2025-8-13 18:43:57] begin to get device info from CFG file...
[Debug] [2025-8-13 18:43:57] end to get device info from CFG file...
[Debug] [2025-8-13 18:43:57] end to parse sfc file.
[Debug] [2025-8-13 18:43:57] Log::Print : The Start Address of bit file D:/Desktop/work_material/RK_learning/RK3568_MES2L50H/05-work_material/03_FPGA_Project/01_img_pcie_capture/project/generate_bitstream/image_pcie_capture.sbit: 0x0
[Debug] [2025-8-13 18:43:59] begin to send promgram jtag flash cmd.
[Debug] [2025-8-13 18:43:59] begin to send jtag flash erase cmd
[Debug] [2025-8-13 18:43:59] Send RPC:16
[Debug] [2025-8-13 18:43:59] Begin to send embed flash erase data.
[Debug] [2025-8-13 18:43:59] Begin to send flash erase data.
[Debug] [2025-8-13 18:43:59] End to send flash erase data.
[Debug] [2025-8-13 18:43:59] End to send embed flash erase data.
[Debug] [2025-8-13 18:43:59] Send cmd [Erase Outer Flash:20302] OK
[Debug] [2025-8-13 18:43:59] Log::Print : The start address of operating flash is 0x0.
[Debug] [2025-8-13 18:43:59] The value of Progress is 1
[Debug] [2025-8-13 18:44:01] The value of Progress is 6
[Debug] [2025-8-13 18:44:01] The value of Progress is 10
[Debug] [2025-8-13 18:44:02] The value of Progress is 16
[Debug] [2025-8-13 18:44:02] The value of Progress is 20
[Debug] [2025-8-13 18:44:03] The value of Progress is 26
[Debug] [2025-8-13 18:44:03] The value of Progress is 30
[Debug] [2025-8-13 18:44:04] The value of Progress is 36
[Debug] [2025-8-13 18:44:04] The value of Progress is 40
[Debug] [2025-8-13 18:44:05] The value of Progress is 46
[Debug] [2025-8-13 18:44:05] The value of Progress is 50
[Debug] [2025-8-13 18:44:06] The value of Progress is 56
[Debug] [2025-8-13 18:44:06] The value of Progress is 60
[Debug] [2025-8-13 18:44:07] The value of Progress is 66
[Debug] [2025-8-13 18:44:07] The value of Progress is 70
[Debug] [2025-8-13 18:44:08] The value of Progress is 76
[Debug] [2025-8-13 18:44:08] The value of Progress is 80
[Debug] [2025-8-13 18:44:09] The value of Progress is 86
[Debug] [2025-8-13 18:44:09] The value of Progress is 90
[Debug] [2025-8-13 18:44:10] The value of Progress is 96
[Debug] [2025-8-13 18:44:10] The value of Progress is 100
[Debug] [2025-8-13 18:44:10] COMMAND[Erase Outer Flash] execute finish, takes 10.7 secs.
[Debug] [2025-8-13 18:44:10] end to send jtag flash erase cmd.
[Debug] [2025-8-13 18:44:10] Send RPC:17
[Debug] [2025-8-13 18:44:10] Begin to send jtag flash program data.
[Debug] [2025-8-13 18:44:10] Begin to send flash program data.
[Debug] [2025-8-13 18:44:10] End to send flash program data.
[Debug] [2025-8-13 18:44:10] End to send embed flash program data.
[Debug] [2025-8-13 18:44:10] Send cmd [Program Outer Flash:20301] OK
[Debug] [2025-8-13 18:44:10] Log::Print : COMMAND[Erase Outer Flash] execute finish, takes 10.7 secs.
[Debug] [2025-8-13 18:44:10] Log::Print : The start address of operating flash is 0x0.
[Debug] [2025-8-13 18:44:10] The value of Progress is 1
[Debug] [2025-8-13 18:44:12] The value of Progress is 6
[Debug] [2025-8-13 18:44:13] The value of Progress is 10
[Debug] [2025-8-13 18:44:15] The value of Progress is 15
[Debug] [2025-8-13 18:44:16] The value of Progress is 20
[Debug] [2025-8-13 18:44:18] The value of Progress is 25
[Debug] [2025-8-13 18:44:19] The value of Progress is 30
[Debug] [2025-8-13 18:44:21] The value of Progress is 35
[Debug] [2025-8-13 18:44:22] The value of Progress is 40
[Debug] [2025-8-13 18:44:24] The value of Progress is 45
[Debug] [2025-8-13 18:44:25] The value of Progress is 50
[Debug] [2025-8-13 18:44:27] The value of Progress is 55
[Debug] [2025-8-13 18:44:29] The value of Progress is 60
[Debug] [2025-8-13 18:44:30] The value of Progress is 65
[Debug] [2025-8-13 18:44:32] The value of Progress is 70
[Debug] [2025-8-13 18:44:33] The value of Progress is 75
[Debug] [2025-8-13 18:44:35] The value of Progress is 80
[Debug] [2025-8-13 18:44:36] The value of Progress is 85
[Debug] [2025-8-13 18:44:38] The value of Progress is 90
[Debug] [2025-8-13 18:44:39] The value of Progress is 95
[Debug] [2025-8-13 18:44:41] The value of Progress is 100
[Debug] [2025-8-13 18:44:41] COMMAND[Program Outer Flash] execute finish, takes 31.1 secs.
[Debug] [2025-8-13 18:44:41] begin to send jtag flash verify cmd
[Debug] [2025-8-13 18:44:41] Send RPC:18
[Debug] [2025-8-13 18:44:41] Begin to send embed flash verify data.
[Debug] [2025-8-13 18:44:41] Begin to send flash verify data.
[Debug] [2025-8-13 18:44:41] End to send flash verify data.
[Debug] [2025-8-13 18:44:41] End to send embed flash verify data.
[Debug] [2025-8-13 18:44:41] Send cmd [Verify Outer Flash:20303] OK
[Debug] [2025-8-13 18:44:41] Log::Print : COMMAND[Program Outer Flash] execute finish, takes 31.1 secs.
[Debug] [2025-8-13 18:44:41] Log::Print : The start address of operating flash is 0x0.
[Debug] [2025-8-13 18:44:41] The value of Progress is 1
[Debug] [2025-8-13 18:44:41] The value of Progress is 6
[Debug] [2025-8-13 18:44:41] The value of Progress is 10
[Debug] [2025-8-13 18:44:42] The value of Progress is 15
[Debug] [2025-8-13 18:44:42] The value of Progress is 20
[Debug] [2025-8-13 18:44:42] The value of Progress is 25
[Debug] [2025-8-13 18:44:42] The value of Progress is 30
[Debug] [2025-8-13 18:44:42] The value of Progress is 35
[Debug] [2025-8-13 18:44:42] The value of Progress is 40
[Debug] [2025-8-13 18:44:42] The value of Progress is 45
[Debug] [2025-8-13 18:44:42] The value of Progress is 50
[Debug] [2025-8-13 18:44:42] The value of Progress is 55
[Debug] [2025-8-13 18:44:42] The value of Progress is 60
[Debug] [2025-8-13 18:44:43] The value of Progress is 65
[Debug] [2025-8-13 18:44:43] The value of Progress is 70
[Debug] [2025-8-13 18:44:43] The value of Progress is 75
[Debug] [2025-8-13 18:44:43] The value of Progress is 80
[Debug] [2025-8-13 18:44:43] The value of Progress is 85
[Debug] [2025-8-13 18:44:43] The value of Progress is 90
[Debug] [2025-8-13 18:44:43] The value of Progress is 95
[Debug] [2025-8-13 18:44:43] The value of Progress is 100
[Debug] [2025-8-13 18:44:43] COMMAND[Verify Outer Flash] execute successfully, takes 2.3 secs.
[Debug] [2025-8-13 18:44:43] end to send jtag flash verify cmd
[Debug] [2025-8-13 18:44:43] end to send jtag flash program cmd.
[Debug] [2025-8-13 18:44:43] Log::Print : COMMAND[Verify Outer Flash] execute successfully, takes 2.3 secs.
[Debug] [2025-8-13 19:06:10] Begin to Converte file.
[Debug] [2025-8-13 19:06:10] End to Converte file.
[Debug] [2025-8-13 19:06:14] begin to parse sfc file.
[Debug] [2025-8-13 19:06:14] begin to get device info from CFG file...
[Debug] [2025-8-13 19:06:14] end to get device info from CFG file...
[Debug] [2025-8-13 19:06:14] begin to get device info from CFG file...
[Debug] [2025-8-13 19:06:14] end to get device info from CFG file...
[Debug] [2025-8-13 19:06:14] end to parse sfc file.
[Debug] [2025-8-13 19:06:14] Log::Print : The Start Address of bit file D:/Desktop/work_material/RK_learning/RK3568_MES2L50H/05-work_material/03_FPGA_Project/01_img_pcie_capture/project/generate_bitstream/image_pcie_capture.sbit: 0x0
[Debug] [2025-8-13 19:06:17] begin to send promgram jtag flash cmd.
[Debug] [2025-8-13 19:06:17] begin to send jtag flash erase cmd
[Debug] [2025-8-13 19:06:17] Send RPC:19
[Debug] [2025-8-13 19:06:17] Begin to send embed flash erase data.
[Debug] [2025-8-13 19:06:17] Begin to send flash erase data.
[Debug] [2025-8-13 19:06:17] End to send flash erase data.
[Debug] [2025-8-13 19:06:17] End to send embed flash erase data.
[Debug] [2025-8-13 19:06:17] Send cmd [Erase Outer Flash:20302] OK
[Debug] [2025-8-13 19:06:17] Log::Print : The start address of operating flash is 0x0.
[Debug] [2025-8-13 19:06:17] The value of Progress is 1
[Debug] [2025-8-13 19:06:18] The value of Progress is 6
[Debug] [2025-8-13 19:06:18] The value of Progress is 10
[Debug] [2025-8-13 19:06:19] The value of Progress is 17
[Debug] [2025-8-13 19:06:19] The value of Progress is 20
[Debug] [2025-8-13 19:06:20] The value of Progress is 27
[Debug] [2025-8-13 19:06:21] The value of Progress is 31
[Debug] [2025-8-13 19:06:21] The value of Progress is 37
[Debug] [2025-8-13 19:06:22] The value of Progress is 41
[Debug] [2025-8-13 19:06:22] The value of Progress is 48
[Debug] [2025-8-13 19:06:23] The value of Progress is 51
[Debug] [2025-8-13 19:06:23] The value of Progress is 55
[Debug] [2025-8-13 19:06:24] The value of Progress is 62
[Debug] [2025-8-13 19:06:24] The value of Progress is 65
[Debug] [2025-8-13 19:06:25] The value of Progress is 72
[Debug] [2025-8-13 19:06:25] The value of Progress is 75
[Debug] [2025-8-13 19:06:26] The value of Progress is 82
[Debug] [2025-8-13 19:06:26] The value of Progress is 86
[Debug] [2025-8-13 19:06:27] The value of Progress is 93
[Debug] [2025-8-13 19:06:27] The value of Progress is 96
[Debug] [2025-8-13 19:06:27] The value of Progress is 100
[Debug] [2025-8-13 19:06:27] COMMAND[Erase Outer Flash] execute finish, takes 10.2 secs.
[Debug] [2025-8-13 19:06:27] end to send jtag flash erase cmd.
[Debug] [2025-8-13 19:06:27] Send RPC:20
[Debug] [2025-8-13 19:06:27] Begin to send jtag flash program data.
[Debug] [2025-8-13 19:06:27] Begin to send flash program data.
[Debug] [2025-8-13 19:06:27] End to send flash program data.
[Debug] [2025-8-13 19:06:27] End to send embed flash program data.
[Debug] [2025-8-13 19:06:27] Send cmd [Program Outer Flash:20301] OK
[Debug] [2025-8-13 19:06:27] Log::Print : COMMAND[Erase Outer Flash] execute finish, takes 10.2 secs.
[Debug] [2025-8-13 19:06:27] Log::Print : The start address of operating flash is 0x0.
[Debug] [2025-8-13 19:06:27] The value of Progress is 1
[Debug] [2025-8-13 19:06:29] The value of Progress is 6
[Debug] [2025-8-13 19:06:30] The value of Progress is 10
[Debug] [2025-8-13 19:06:32] The value of Progress is 15
[Debug] [2025-8-13 19:06:33] The value of Progress is 20
[Debug] [2025-8-13 19:06:35] The value of Progress is 25
[Debug] [2025-8-13 19:06:36] The value of Progress is 30
[Debug] [2025-8-13 19:06:37] The value of Progress is 35
[Debug] [2025-8-13 19:06:39] The value of Progress is 40
[Debug] [2025-8-13 19:06:40] The value of Progress is 45
[Debug] [2025-8-13 19:06:42] The value of Progress is 50
[Debug] [2025-8-13 19:06:43] The value of Progress is 55
[Debug] [2025-8-13 19:06:45] The value of Progress is 60
[Debug] [2025-8-13 19:06:46] The value of Progress is 65
[Debug] [2025-8-13 19:06:48] The value of Progress is 70
[Debug] [2025-8-13 19:06:49] The value of Progress is 75
[Debug] [2025-8-13 19:06:50] The value of Progress is 80
[Debug] [2025-8-13 19:06:52] The value of Progress is 85
[Debug] [2025-8-13 19:06:53] The value of Progress is 90
[Debug] [2025-8-13 19:06:55] The value of Progress is 95
[Debug] [2025-8-13 19:06:56] The value of Progress is 100
[Debug] [2025-8-13 19:06:56] COMMAND[Program Outer Flash] execute finish, takes 29.3 secs.
[Debug] [2025-8-13 19:06:56] begin to send jtag flash verify cmd
[Debug] [2025-8-13 19:06:56] Send RPC:21
[Debug] [2025-8-13 19:06:56] Begin to send embed flash verify data.
[Debug] [2025-8-13 19:06:56] Begin to send flash verify data.
[Debug] [2025-8-13 19:06:56] End to send flash verify data.
[Debug] [2025-8-13 19:06:56] End to send embed flash verify data.
[Debug] [2025-8-13 19:06:56] Send cmd [Verify Outer Flash:20303] OK
[Debug] [2025-8-13 19:06:56] Log::Print : COMMAND[Program Outer Flash] execute finish, takes 29.3 secs.
[Debug] [2025-8-13 19:06:56] Log::Print : The start address of operating flash is 0x0.
[Debug] [2025-8-13 19:06:57] The value of Progress is 1
[Debug] [2025-8-13 19:06:57] The value of Progress is 6
[Debug] [2025-8-13 19:06:57] The value of Progress is 10
[Debug] [2025-8-13 19:06:57] The value of Progress is 15
[Debug] [2025-8-13 19:06:57] The value of Progress is 20
[Debug] [2025-8-13 19:06:57] The value of Progress is 25
[Debug] [2025-8-13 19:06:57] The value of Progress is 30
[Debug] [2025-8-13 19:06:57] The value of Progress is 35
[Debug] [2025-8-13 19:06:57] The value of Progress is 40
[Debug] [2025-8-13 19:06:57] The value of Progress is 45
[Debug] [2025-8-13 19:06:58] The value of Progress is 50
[Debug] [2025-8-13 19:06:58] The value of Progress is 55
[Debug] [2025-8-13 19:06:58] The value of Progress is 60
[Debug] [2025-8-13 19:06:58] The value of Progress is 65
[Debug] [2025-8-13 19:06:58] The value of Progress is 70
[Debug] [2025-8-13 19:06:58] The value of Progress is 75
[Debug] [2025-8-13 19:06:58] The value of Progress is 80
[Debug] [2025-8-13 19:06:58] The value of Progress is 85
[Debug] [2025-8-13 19:06:58] The value of Progress is 90
[Debug] [2025-8-13 19:06:58] The value of Progress is 95
[Debug] [2025-8-13 19:06:58] The value of Progress is 100
[Debug] [2025-8-13 19:06:59] COMMAND[Verify Outer Flash] execute successfully, takes 2.3 secs.
[Debug] [2025-8-13 19:06:59] end to send jtag flash verify cmd
[Debug] [2025-8-13 19:06:59] end to send jtag flash program cmd.
[Debug] [2025-8-13 19:06:59] Log::Print : COMMAND[Verify Outer Flash] execute successfully, takes 2.3 secs.
[Debug] [2025-8-13 20:03:20] Begin to Converte file.
[Debug] [2025-8-13 20:03:20] End to Converte file.
[Debug] [2025-8-13 20:03:21] begin to parse sfc file.
[Debug] [2025-8-13 20:03:21] begin to get device info from CFG file...
[Debug] [2025-8-13 20:03:21] end to get device info from CFG file...
[Debug] [2025-8-13 20:03:21] begin to get device info from CFG file...
[Debug] [2025-8-13 20:03:21] end to get device info from CFG file...
[Debug] [2025-8-13 20:03:21] end to parse sfc file.
[Debug] [2025-8-13 20:03:21] Log::Print : The Start Address of bit file D:/Desktop/work_material/RK_learning/RK3568_MES2L50H/05-work_material/03_FPGA_Project/01_img_pcie_capture/project/generate_bitstream/image_pcie_capture.sbit: 0x0
[Debug] [2025-8-13 20:03:24] begin to send promgram jtag flash cmd.
[Debug] [2025-8-13 20:03:24] begin to send jtag flash erase cmd
[Debug] [2025-8-13 20:03:24] Send RPC:22
[Debug] [2025-8-13 20:03:24] Begin to send embed flash erase data.
[Debug] [2025-8-13 20:03:24] Begin to send flash erase data.
[Debug] [2025-8-13 20:03:24] End to send flash erase data.
[Debug] [2025-8-13 20:03:24] End to send embed flash erase data.
[Debug] [2025-8-13 20:03:24] Send cmd [Erase Outer Flash:20302] OK
[Debug] [2025-8-13 20:03:24] Log::Print : The start address of operating flash is 0x0.
[Error] [2025-8-13 20:03:28] fail to exec Erase Outer Flash cmd...
[Debug] [2025-8-13 20:03:28] end to send jtag flash erase cmd.
[Error] [2025-8-13 20:03:28] Flash Erasing failed before programming.
[Error] [2025-8-13 20:03:28] MsgOut: JtagServer-0306: No devices detected while scanning the JTAG chain, failed detecting JTAG device chain.
[Error] [2025-8-13 20:03:28] MsgOut: Configuration-0008: The command 'Erase Outer Flash' execute fail.
[Debug] [2025-8-13 20:03:31] begin to send promgram jtag flash cmd.
[Debug] [2025-8-13 20:03:31] begin to send jtag flash erase cmd
[Debug] [2025-8-13 20:03:31] Send RPC:23
[Debug] [2025-8-13 20:03:31] Begin to send embed flash erase data.
[Debug] [2025-8-13 20:03:31] Begin to send flash erase data.
[Debug] [2025-8-13 20:03:31] End to send flash erase data.
[Debug] [2025-8-13 20:03:31] End to send embed flash erase data.
[Debug] [2025-8-13 20:03:31] Send cmd [Erase Outer Flash:20302] OK
[Debug] [2025-8-13 20:03:31] Log::Print : The start address of operating flash is 0x0.
[Debug] [2025-8-13 20:03:31] The value of Progress is 1
[Debug] [2025-8-13 20:03:33] The value of Progress is 6
[Debug] [2025-8-13 20:03:33] The value of Progress is 10
[Debug] [2025-8-13 20:03:34] The value of Progress is 17
[Debug] [2025-8-13 20:03:34] The value of Progress is 20
[Debug] [2025-8-13 20:03:35] The value of Progress is 27
[Debug] [2025-8-13 20:03:35] The value of Progress is 31
[Debug] [2025-8-13 20:03:36] The value of Progress is 37
[Debug] [2025-8-13 20:03:36] The value of Progress is 41
[Debug] [2025-8-13 20:03:37] The value of Progress is 48
[Debug] [2025-8-13 20:03:37] The value of Progress is 51
[Debug] [2025-8-13 20:03:38] The value of Progress is 55
[Debug] [2025-8-13 20:03:38] The value of Progress is 62
[Debug] [2025-8-13 20:03:39] The value of Progress is 65
[Debug] [2025-8-13 20:03:40] The value of Progress is 72
[Debug] [2025-8-13 20:03:40] The value of Progress is 75
[Debug] [2025-8-13 20:03:41] The value of Progress is 82
[Debug] [2025-8-13 20:03:41] The value of Progress is 86
[Debug] [2025-8-13 20:03:42] The value of Progress is 93
[Debug] [2025-8-13 20:03:42] The value of Progress is 96
[Debug] [2025-8-13 20:03:42] The value of Progress is 100
[Debug] [2025-8-13 20:03:42] COMMAND[Erase Outer Flash] execute finish, takes 11.0 secs.
[Debug] [2025-8-13 20:03:42] end to send jtag flash erase cmd.
[Debug] [2025-8-13 20:03:42] Send RPC:24
[Debug] [2025-8-13 20:03:42] Begin to send jtag flash program data.
[Debug] [2025-8-13 20:03:42] Begin to send flash program data.
[Debug] [2025-8-13 20:03:42] End to send flash program data.
[Debug] [2025-8-13 20:03:42] End to send embed flash program data.
[Debug] [2025-8-13 20:03:42] Send cmd [Program Outer Flash:20301] OK
[Debug] [2025-8-13 20:03:42] Log::Print : COMMAND[Erase Outer Flash] execute finish, takes 11.0 secs.
[Debug] [2025-8-13 20:03:42] Log::Print : The start address of operating flash is 0x0.
[Debug] [2025-8-13 20:03:42] The value of Progress is 1
[Debug] [2025-8-13 20:03:44] The value of Progress is 6
[Debug] [2025-8-13 20:03:45] The value of Progress is 10
[Debug] [2025-8-13 20:03:47] The value of Progress is 15
[Debug] [2025-8-13 20:03:48] The value of Progress is 20
[Debug] [2025-8-13 20:03:50] The value of Progress is 25
[Debug] [2025-8-13 20:03:51] The value of Progress is 30
[Debug] [2025-8-13 20:03:53] The value of Progress is 35
[Debug] [2025-8-13 20:03:54] The value of Progress is 40
[Debug] [2025-8-13 20:03:55] The value of Progress is 45
[Debug] [2025-8-13 20:03:57] The value of Progress is 50
[Debug] [2025-8-13 20:03:58] The value of Progress is 55
[Debug] [2025-8-13 20:04:00] The value of Progress is 60
[Debug] [2025-8-13 20:04:01] The value of Progress is 65
[Debug] [2025-8-13 20:04:03] The value of Progress is 70
[Debug] [2025-8-13 20:04:04] The value of Progress is 75
[Debug] [2025-8-13 20:04:06] The value of Progress is 80
[Debug] [2025-8-13 20:04:07] The value of Progress is 85
[Debug] [2025-8-13 20:04:09] The value of Progress is 90
[Debug] [2025-8-13 20:04:10] The value of Progress is 95
[Debug] [2025-8-13 20:04:11] The value of Progress is 100
[Debug] [2025-8-13 20:04:12] COMMAND[Program Outer Flash] execute finish, takes 29.4 secs.
[Debug] [2025-8-13 20:04:12] begin to send jtag flash verify cmd
[Debug] [2025-8-13 20:04:12] Send RPC:25
[Debug] [2025-8-13 20:04:12] Begin to send embed flash verify data.
[Debug] [2025-8-13 20:04:12] Begin to send flash verify data.
[Debug] [2025-8-13 20:04:12] End to send flash verify data.
[Debug] [2025-8-13 20:04:12] End to send embed flash verify data.
[Debug] [2025-8-13 20:04:12] Send cmd [Verify Outer Flash:20303] OK
[Debug] [2025-8-13 20:04:12] Log::Print : COMMAND[Program Outer Flash] execute finish, takes 29.4 secs.
[Debug] [2025-8-13 20:04:12] Log::Print : The start address of operating flash is 0x0.
[Debug] [2025-8-13 20:04:12] The value of Progress is 1
[Debug] [2025-8-13 20:04:12] The value of Progress is 6
[Debug] [2025-8-13 20:04:12] The value of Progress is 10
[Debug] [2025-8-13 20:04:12] The value of Progress is 15
[Debug] [2025-8-13 20:04:12] The value of Progress is 20
[Debug] [2025-8-13 20:04:12] The value of Progress is 25
[Debug] [2025-8-13 20:04:12] The value of Progress is 30
[Debug] [2025-8-13 20:04:12] The value of Progress is 35
[Debug] [2025-8-13 20:04:13] The value of Progress is 40
[Debug] [2025-8-13 20:04:13] The value of Progress is 45
[Debug] [2025-8-13 20:04:13] The value of Progress is 50
[Debug] [2025-8-13 20:04:13] The value of Progress is 55
[Debug] [2025-8-13 20:04:13] The value of Progress is 60
[Debug] [2025-8-13 20:04:13] The value of Progress is 65
[Debug] [2025-8-13 20:04:13] The value of Progress is 70
[Debug] [2025-8-13 20:04:13] The value of Progress is 75
[Debug] [2025-8-13 20:04:13] The value of Progress is 80
[Debug] [2025-8-13 20:04:13] The value of Progress is 85
[Debug] [2025-8-13 20:04:14] The value of Progress is 90
[Debug] [2025-8-13 20:04:14] The value of Progress is 95
[Debug] [2025-8-13 20:04:14] The value of Progress is 100
[Debug] [2025-8-13 20:04:14] COMMAND[Verify Outer Flash] execute successfully, takes 2.3 secs.
[Debug] [2025-8-13 20:04:14] end to send jtag flash verify cmd
[Debug] [2025-8-13 20:04:14] end to send jtag flash program cmd.
[Debug] [2025-8-13 20:04:14] Log::Print : COMMAND[Verify Outer Flash] execute successfully, takes 2.3 secs.
[Debug] [2025-8-13 20:11:45] Begin to Converte file.
[Debug] [2025-8-13 20:11:45] End to Converte file.
[Debug] [2025-8-13 20:11:46] begin to parse sfc file.
[Debug] [2025-8-13 20:11:46] begin to get device info from CFG file...
[Debug] [2025-8-13 20:11:46] end to get device info from CFG file...
[Debug] [2025-8-13 20:11:46] begin to get device info from CFG file...
[Debug] [2025-8-13 20:11:46] end to get device info from CFG file...
[Debug] [2025-8-13 20:11:46] end to parse sfc file.
[Debug] [2025-8-13 20:11:46] Log::Print : The Start Address of bit file D:/Desktop/work_material/RK_learning/RK3568_MES2L50H/05-work_material/03_FPGA_Project/01_img_pcie_capture/project/generate_bitstream/image_pcie_capture.sbit: 0x0
[Debug] [2025-8-13 20:11:48] begin to send promgram jtag flash cmd.
[Debug] [2025-8-13 20:11:48] begin to send jtag flash erase cmd
[Debug] [2025-8-13 20:11:48] Send RPC:26
[Debug] [2025-8-13 20:11:48] Begin to send embed flash erase data.
[Debug] [2025-8-13 20:11:48] Begin to send flash erase data.
[Debug] [2025-8-13 20:11:48] End to send flash erase data.
[Debug] [2025-8-13 20:11:48] End to send embed flash erase data.
[Debug] [2025-8-13 20:11:48] Send cmd [Erase Outer Flash:20302] OK
[Debug] [2025-8-13 20:11:48] Log::Print : The start address of operating flash is 0x0.
[Debug] [2025-8-13 20:11:48] The value of Progress is 1
[Debug] [2025-8-13 20:11:50] The value of Progress is 6
[Debug] [2025-8-13 20:11:50] The value of Progress is 10
[Debug] [2025-8-13 20:11:51] The value of Progress is 16
[Debug] [2025-8-13 20:11:51] The value of Progress is 20
[Debug] [2025-8-13 20:11:52] The value of Progress is 26
[Debug] [2025-8-13 20:11:52] The value of Progress is 30
[Debug] [2025-8-13 20:11:53] The value of Progress is 36
[Debug] [2025-8-13 20:11:53] The value of Progress is 40
[Debug] [2025-8-13 20:11:54] The value of Progress is 46
[Debug] [2025-8-13 20:11:54] The value of Progress is 50
[Debug] [2025-8-13 20:11:55] The value of Progress is 56
[Debug] [2025-8-13 20:11:55] The value of Progress is 60
[Debug] [2025-8-13 20:11:56] The value of Progress is 66
[Debug] [2025-8-13 20:11:57] The value of Progress is 70
[Debug] [2025-8-13 20:11:57] The value of Progress is 76
[Debug] [2025-8-13 20:11:57] The value of Progress is 80
[Debug] [2025-8-13 20:11:58] The value of Progress is 86
[Debug] [2025-8-13 20:11:58] The value of Progress is 90
[Debug] [2025-8-13 20:11:59] The value of Progress is 96
[Debug] [2025-8-13 20:11:59] The value of Progress is 100
[Debug] [2025-8-13 20:11:59] COMMAND[Erase Outer Flash] execute finish, takes 11.0 secs.
[Debug] [2025-8-13 20:11:59] end to send jtag flash erase cmd.
[Debug] [2025-8-13 20:11:59] Send RPC:27
[Debug] [2025-8-13 20:11:59] Begin to send jtag flash program data.
[Debug] [2025-8-13 20:11:59] Begin to send flash program data.
[Debug] [2025-8-13 20:11:59] End to send flash program data.
[Debug] [2025-8-13 20:11:59] End to send embed flash program data.
[Debug] [2025-8-13 20:11:59] Send cmd [Program Outer Flash:20301] OK
[Debug] [2025-8-13 20:11:59] Log::Print : COMMAND[Erase Outer Flash] execute finish, takes 11.0 secs.
[Debug] [2025-8-13 20:11:59] Log::Print : The start address of operating flash is 0x0.
[Debug] [2025-8-13 20:11:59] The value of Progress is 1
[Debug] [2025-8-13 20:12:01] The value of Progress is 6
[Debug] [2025-8-13 20:12:02] The value of Progress is 10
[Debug] [2025-8-13 20:12:04] The value of Progress is 15
[Debug] [2025-8-13 20:12:06] The value of Progress is 20
[Debug] [2025-8-13 20:12:07] The value of Progress is 25
[Debug] [2025-8-13 20:12:09] The value of Progress is 30
[Debug] [2025-8-13 20:12:10] The value of Progress is 35
[Debug] [2025-8-13 20:12:12] The value of Progress is 40
[Debug] [2025-8-13 20:12:13] The value of Progress is 45
[Debug] [2025-8-13 20:12:15] The value of Progress is 50
[Debug] [2025-8-13 20:12:16] The value of Progress is 55
[Debug] [2025-8-13 20:12:18] The value of Progress is 60
[Debug] [2025-8-13 20:12:19] The value of Progress is 65
[Debug] [2025-8-13 20:12:21] The value of Progress is 70
[Debug] [2025-8-13 20:12:22] The value of Progress is 75
[Debug] [2025-8-13 20:12:24] The value of Progress is 80
[Debug] [2025-8-13 20:12:25] The value of Progress is 85
[Debug] [2025-8-13 20:12:27] The value of Progress is 90
[Debug] [2025-8-13 20:12:28] The value of Progress is 95
[Debug] [2025-8-13 20:12:30] The value of Progress is 100
[Debug] [2025-8-13 20:12:30] COMMAND[Program Outer Flash] execute finish, takes 30.6 secs.
[Debug] [2025-8-13 20:12:30] begin to send jtag flash verify cmd
[Debug] [2025-8-13 20:12:30] Send RPC:28
[Debug] [2025-8-13 20:12:30] Begin to send embed flash verify data.
[Debug] [2025-8-13 20:12:30] Begin to send flash verify data.
[Debug] [2025-8-13 20:12:30] End to send flash verify data.
[Debug] [2025-8-13 20:12:30] End to send embed flash verify data.
[Debug] [2025-8-13 20:12:30] Send cmd [Verify Outer Flash:20303] OK
[Debug] [2025-8-13 20:12:30] Log::Print : COMMAND[Program Outer Flash] execute finish, takes 30.6 secs.
[Debug] [2025-8-13 20:12:30] Log::Print : The start address of operating flash is 0x0.
[Debug] [2025-8-13 20:12:30] The value of Progress is 1
[Debug] [2025-8-13 20:12:30] The value of Progress is 6
[Debug] [2025-8-13 20:12:30] The value of Progress is 10
[Debug] [2025-8-13 20:12:30] The value of Progress is 15
[Debug] [2025-8-13 20:12:30] The value of Progress is 20
[Debug] [2025-8-13 20:12:31] The value of Progress is 25
[Debug] [2025-8-13 20:12:31] The value of Progress is 30
[Debug] [2025-8-13 20:12:31] The value of Progress is 35
[Debug] [2025-8-13 20:12:31] The value of Progress is 40
[Debug] [2025-8-13 20:12:31] The value of Progress is 45
[Debug] [2025-8-13 20:12:31] The value of Progress is 50
[Debug] [2025-8-13 20:12:31] The value of Progress is 55
[Debug] [2025-8-13 20:12:31] The value of Progress is 60
[Debug] [2025-8-13 20:12:31] The value of Progress is 65
[Debug] [2025-8-13 20:12:31] The value of Progress is 70
[Debug] [2025-8-13 20:12:31] The value of Progress is 75
[Debug] [2025-8-13 20:12:32] The value of Progress is 80
[Debug] [2025-8-13 20:12:32] The value of Progress is 85
[Debug] [2025-8-13 20:12:32] The value of Progress is 90
[Debug] [2025-8-13 20:12:32] The value of Progress is 95
[Debug] [2025-8-13 20:12:32] The value of Progress is 100
[Debug] [2025-8-13 20:12:32] COMMAND[Verify Outer Flash] execute successfully, takes 2.3 secs.
[Debug] [2025-8-13 20:12:32] end to send jtag flash verify cmd
[Debug] [2025-8-13 20:12:32] end to send jtag flash program cmd.
[Debug] [2025-8-13 20:12:32] Log::Print : COMMAND[Verify Outer Flash] execute successfully, takes 2.3 secs.
[Debug] [2025-8-13 20:22:59] Begin to Converte file.
[Debug] [2025-8-13 20:22:59] End to Converte file.
[Debug] [2025-8-13 20:23:01] begin to parse sfc file.
[Debug] [2025-8-13 20:23:01] begin to get device info from CFG file...
[Debug] [2025-8-13 20:23:01] end to get device info from CFG file...
[Debug] [2025-8-13 20:23:01] begin to get device info from CFG file...
[Debug] [2025-8-13 20:23:01] end to get device info from CFG file...
[Debug] [2025-8-13 20:23:01] end to parse sfc file.
[Debug] [2025-8-13 20:23:01] Log::Print : The Start Address of bit file D:/Desktop/work_material/RK_learning/RK3568_MES2L50H/05-work_material/03_FPGA_Project/01_img_pcie_capture/project/generate_bitstream/image_pcie_capture.sbit: 0x0
[Debug] [2025-8-13 20:23:03] begin to send promgram jtag flash cmd.
[Debug] [2025-8-13 20:23:03] begin to send jtag flash erase cmd
[Debug] [2025-8-13 20:23:03] Send RPC:29
[Debug] [2025-8-13 20:23:03] Begin to send embed flash erase data.
[Debug] [2025-8-13 20:23:03] Begin to send flash erase data.
[Debug] [2025-8-13 20:23:03] End to send flash erase data.
[Debug] [2025-8-13 20:23:03] End to send embed flash erase data.
[Debug] [2025-8-13 20:23:03] Send cmd [Erase Outer Flash:20302] OK
[Debug] [2025-8-13 20:23:03] Log::Print : The start address of operating flash is 0x0.
[Debug] [2025-8-13 20:23:03] The value of Progress is 1
[Debug] [2025-8-13 20:23:04] The value of Progress is 6
[Debug] [2025-8-13 20:23:05] The value of Progress is 10
[Debug] [2025-8-13 20:23:05] The value of Progress is 16
[Debug] [2025-8-13 20:23:06] The value of Progress is 20
[Debug] [2025-8-13 20:23:07] The value of Progress is 26
[Debug] [2025-8-13 20:23:07] The value of Progress is 30
[Debug] [2025-8-13 20:23:07] The value of Progress is 36
[Debug] [2025-8-13 20:23:08] The value of Progress is 40
[Debug] [2025-8-13 20:23:08] The value of Progress is 46
[Debug] [2025-8-13 20:23:09] The value of Progress is 50
[Debug] [2025-8-13 20:23:10] The value of Progress is 56
[Debug] [2025-8-13 20:23:10] The value of Progress is 60
[Debug] [2025-8-13 20:23:11] The value of Progress is 66
[Debug] [2025-8-13 20:23:11] The value of Progress is 70
[Debug] [2025-8-13 20:23:12] The value of Progress is 76
[Debug] [2025-8-13 20:23:12] The value of Progress is 80
[Debug] [2025-8-13 20:23:13] The value of Progress is 86
[Debug] [2025-8-13 20:23:13] The value of Progress is 90
[Debug] [2025-8-13 20:23:13] The value of Progress is 96
[Debug] [2025-8-13 20:23:13] The value of Progress is 100
[Debug] [2025-8-13 20:23:13] COMMAND[Erase Outer Flash] execute finish, takes 10.3 secs.
[Debug] [2025-8-13 20:23:13] end to send jtag flash erase cmd.
[Debug] [2025-8-13 20:23:13] Send RPC:30
[Debug] [2025-8-13 20:23:13] Begin to send jtag flash program data.
[Debug] [2025-8-13 20:23:13] Begin to send flash program data.
[Debug] [2025-8-13 20:23:13] End to send flash program data.
[Debug] [2025-8-13 20:23:13] End to send embed flash program data.
[Debug] [2025-8-13 20:23:13] Send cmd [Program Outer Flash:20301] OK
[Debug] [2025-8-13 20:23:14] Log::Print : COMMAND[Erase Outer Flash] execute finish, takes 10.3 secs.
[Debug] [2025-8-13 20:23:14] Log::Print : The start address of operating flash is 0x0.
[Debug] [2025-8-13 20:23:14] The value of Progress is 1
[Debug] [2025-8-13 20:23:16] The value of Progress is 6
[Debug] [2025-8-13 20:23:17] The value of Progress is 10
[Debug] [2025-8-13 20:23:18] The value of Progress is 15
[Debug] [2025-8-13 20:23:20] The value of Progress is 20
[Debug] [2025-8-13 20:23:21] The value of Progress is 25
[Debug] [2025-8-13 20:23:23] The value of Progress is 30
[Debug] [2025-8-13 20:23:24] The value of Progress is 35
[Debug] [2025-8-13 20:23:26] The value of Progress is 40
[Debug] [2025-8-13 20:23:27] The value of Progress is 45
[Debug] [2025-8-13 20:23:29] The value of Progress is 50
[Debug] [2025-8-13 20:23:31] The value of Progress is 55
[Debug] [2025-8-13 20:23:32] The value of Progress is 60
[Debug] [2025-8-13 20:23:34] The value of Progress is 65
[Debug] [2025-8-13 20:23:35] The value of Progress is 70
[Debug] [2025-8-13 20:23:37] The value of Progress is 75
[Debug] [2025-8-13 20:23:38] The value of Progress is 80
[Debug] [2025-8-13 20:23:40] The value of Progress is 85
[Debug] [2025-8-13 20:23:41] The value of Progress is 90
[Debug] [2025-8-13 20:23:43] The value of Progress is 95
[Debug] [2025-8-13 20:23:44] The value of Progress is 100
[Debug] [2025-8-13 20:23:45] COMMAND[Program Outer Flash] execute finish, takes 31.0 secs.
[Debug] [2025-8-13 20:23:45] begin to send jtag flash verify cmd
[Debug] [2025-8-13 20:23:45] Send RPC:31
[Debug] [2025-8-13 20:23:45] Begin to send embed flash verify data.
[Debug] [2025-8-13 20:23:45] Begin to send flash verify data.
[Debug] [2025-8-13 20:23:45] End to send flash verify data.
[Debug] [2025-8-13 20:23:45] End to send embed flash verify data.
[Debug] [2025-8-13 20:23:45] Send cmd [Verify Outer Flash:20303] OK
[Debug] [2025-8-13 20:23:45] Log::Print : COMMAND[Program Outer Flash] execute finish, takes 31.0 secs.
[Debug] [2025-8-13 20:23:45] Log::Print : The start address of operating flash is 0x0.
[Debug] [2025-8-13 20:23:45] The value of Progress is 1
[Debug] [2025-8-13 20:23:45] The value of Progress is 6
[Debug] [2025-8-13 20:23:45] The value of Progress is 10
[Debug] [2025-8-13 20:23:45] The value of Progress is 15
[Debug] [2025-8-13 20:23:45] The value of Progress is 20
[Debug] [2025-8-13 20:23:45] The value of Progress is 25
[Debug] [2025-8-13 20:23:45] The value of Progress is 30
[Debug] [2025-8-13 20:23:45] The value of Progress is 35
[Debug] [2025-8-13 20:23:45] The value of Progress is 40
[Debug] [2025-8-13 20:23:46] The value of Progress is 45
[Debug] [2025-8-13 20:23:46] The value of Progress is 50
[Debug] [2025-8-13 20:23:46] The value of Progress is 55
[Debug] [2025-8-13 20:23:46] The value of Progress is 60
[Debug] [2025-8-13 20:23:46] The value of Progress is 65
[Debug] [2025-8-13 20:23:46] The value of Progress is 70
[Debug] [2025-8-13 20:23:46] The value of Progress is 75
[Debug] [2025-8-13 20:23:46] The value of Progress is 80
[Debug] [2025-8-13 20:23:46] The value of Progress is 85
[Debug] [2025-8-13 20:23:46] The value of Progress is 90
[Debug] [2025-8-13 20:23:47] The value of Progress is 95
[Debug] [2025-8-13 20:23:47] The value of Progress is 100
[Debug] [2025-8-13 20:23:47] COMMAND[Verify Outer Flash] execute successfully, takes 2.3 secs.
[Debug] [2025-8-13 20:23:47] end to send jtag flash verify cmd
[Debug] [2025-8-13 20:23:47] end to send jtag flash program cmd.
[Debug] [2025-8-13 20:23:47] Log::Print : COMMAND[Verify Outer Flash] execute successfully, takes 2.3 secs.
[Info] [2025-8-13 22:16:02] /***************************Start Configuration***************************/
[Info] [2025-8-13 22:16:02] Path: C:/pango/PDS_2022.2-SP6.4/bin
[Info] [2025-8-13 22:16:02] Version: 146967
[Info] [2025-8-13 22:16:03] Current Path: D:/Desktop/work_material/RK_learning/RK3568_MES2L50H/05-work_material/03_FPGA_Project/02_img_pcie_capture/project
[Info] [2025-8-13 22:16:03] PDS Dir Path: D:/Desktop/work_material/RK_learning/RK3568_MES2L50H/05-work_material/03_FPGA_Project/02_img_pcie_capture/project
[Info] [2025-8-13 22:16:04] Configuration is not connect with server. connect first then scan chain.
[Debug] [2025-8-13 22:16:04] Client Local host name:LAPTOP-EA3TT0M1
[Debug] [2025-8-13 22:16:04] Client Local Address:192.168.1.18
[Debug] [2025-8-13 22:16:04] Server Address:127.0.0.1, Port:65420
[Debug] [2025-8-13 22:16:04] Log::Print : Connecting to server[127.0.0.1 : 65420].
[Info] [2025-8-13 22:16:05] Connect OK, Server: 127.0.0.1  Port: 65420
[Debug] [2025-8-13 22:16:05] Finish.
[Info] [2025-8-13 22:16:05] Connect server succeeded
[Debug] [2025-8-13 22:16:05] Send RPC:1
[Debug] [2025-8-13 22:16:05] Send cmd [check version information:40004] OK
[Debug] [2025-8-13 22:16:05] Log::Print : Connect to server[127.0.0.1 : 65420] successfully.
[Debug] [2025-8-13 22:16:05] Send RPC:2
[Debug] [2025-8-13 22:16:05] Send cmd [get_cable_paras:40010] OK
[Debug] [2025-8-13 22:16:05] Begin to send initialize chain cmd...
[Debug] [2025-8-13 22:16:05] Send RPC:3
[Debug] [2025-8-13 22:16:05] Send cmd [Open config cable:20001] OK
[Debug] [2025-8-13 22:16:05] End to send initialize chain cmd.
[Debug] [2025-8-13 22:16:05] COMMAND[check version information] execute successfully, takes 0.5 secs.
[Debug] [2025-8-13 22:16:05] Log::Print : COMMAND[check version information] execute successfully, takes 0.5 secs.
[Debug] [2025-8-13 22:16:06] COMMAND[get_cable_paras] execute successfully, takes 1.3 secs.
[Debug] [2025-8-13 22:16:06] Log::Print : The cable List : 
Cable index 0:USB Cable II/fffffffffffffffe 

[Debug] [2025-8-13 22:16:06] Log::Print : COMMAND[get_cable_paras] execute successfully, takes 1.3 secs.
[Debug] [2025-8-13 22:16:07] begin the exec of open cable cmd...
[Debug] [2025-8-13 22:16:07] Begin to deal with chain from server...
[Debug] [2025-8-13 22:16:07] Begin to set user chain...
[Debug] [2025-8-13 22:16:07] End to set user chain.
[Debug] [2025-8-13 22:16:07] Begin to update graphic item and tree item ...
[Debug] [2025-8-13 22:16:07] End to update graphic item and tree item ...
[Debug] [2025-8-13 22:16:07] Log::Print : PANGO USB CABLE II cable driver: D2XX DLL
[Debug] [2025-8-13 22:16:07] Log::Print : PG2L50H
[Debug] [2025-8-13 22:16:07] Log::Print : This device configure situation (done bit): 0
[Info] [2025-8-13 22:16:08] set OpenLastPath: D:/Desktop/work_material/RK_learning/RK3568_MES2L50H/05-work_material/03_FPGA_Project/02_img_pcie_capture/project/generate_bitstream/image_pcie_capture.sbit
[Debug] [2025-8-13 22:16:08] begin to get device info from CFG file...
[Debug] [2025-8-13 22:16:08] end to get device info from CFG file...
[Debug] [2025-8-13 22:16:08] Begin to update graphic item and tree item ...
[Debug] [2025-8-13 22:16:08] End to update graphic item and tree item ...
[Debug] [2025-8-13 22:16:08] Begin to update graphic item and tree item ...
[Debug] [2025-8-13 22:16:08] End to update graphic item and tree item ...
[Debug] [2025-8-13 22:16:08] End to deal wiht chain from server.
[Debug] [2025-8-13 22:16:08] end the exec of open cable cmd.
[Debug] [2025-8-13 22:16:08] COMMAND[Open config cable] execute successfully, takes 2.8 secs.
[Debug] [2025-8-13 22:16:08] Log::Print : COMMAND[Open config cable] execute successfully, takes 2.8 secs.
[Debug] [2025-8-13 22:16:10] Begin to Converte file.
[Debug] [2025-8-13 22:16:18] begin to parse sfc file.
[Debug] [2025-8-13 22:16:18] begin to get device info from CFG file...
[Debug] [2025-8-13 22:16:18] end to get device info from CFG file...
[Debug] [2025-8-13 22:16:18] begin to get device info from CFG file...
[Debug] [2025-8-13 22:16:18] end to get device info from CFG file...
[Debug] [2025-8-13 22:16:18] end to parse sfc file.
[Debug] [2025-8-13 22:16:18] Log::Print : The Start Address of bit file D:/Desktop/work_material/RK_learning/RK3568_MES2L50H/05-work_material/03_FPGA_Project/02_img_pcie_capture/project/generate_bitstream/image_pcie_capture.sbit: 0x0
[Debug] [2025-8-13 22:16:19] End to Converte file.
[Debug] [2025-8-13 22:16:20] Begin to send scan outer flash cmd...
[Debug] [2025-8-13 22:16:20] Send RPC:4
[Debug] [2025-8-13 22:16:20] Send cmd [Scan Outer SPI Flash:20300] OK
[Debug] [2025-8-13 22:16:20] End to send scan outer flash cmd.
[Debug] [2025-8-13 22:16:21] begin to exec scan jtag flash cmd...
[Debug] [2025-8-13 22:16:21] Begin to initialize JtagFlash for selected FPGA Device...
[Debug] [2025-8-13 22:16:21] Begin to update graphic item and tree item ...
[Debug] [2025-8-13 22:16:21] End to update graphic item and tree item ...
[Info] [2025-8-13 22:16:22] set OpenLastPath: D:/Desktop/work_material/RK_learning/RK3568_MES2L50H/05-work_material/03_FPGA_Project/02_img_pcie_capture/project/generate_bitstream/image_pcie_capture.sfc
[Debug] [2025-8-13 22:16:22] begin to check SFC File and Flash Device Read Mode.
[Debug] [2025-8-13 22:16:22] end to check SFC File and Flash Device Read Mode.
[Debug] [2025-8-13 22:16:22] Begin to update graphic item and tree item ...
[Debug] [2025-8-13 22:16:22] End to update graphic item and tree item ...
[Debug] [2025-8-13 22:16:22] End to initialize OuterFlash for selected FPGA Device...
[Debug] [2025-8-13 22:16:22] end to exec scan jtag flash cmd...
[Debug] [2025-8-13 22:16:22] COMMAND[Scan Outer SPI Flash] execute successfully, takes 1.2 secs.
[Debug] [2025-8-13 22:16:22] Log::Print : COMMAND[Scan Outer SPI Flash] execute successfully, takes 1.2 secs.
[Debug] [2025-8-13 22:16:23] begin to send promgram jtag flash cmd.
[Debug] [2025-8-13 22:16:23] begin to send jtag flash erase cmd
[Debug] [2025-8-13 22:16:23] Send RPC:5
[Debug] [2025-8-13 22:16:23] Begin to send embed flash erase data.
[Debug] [2025-8-13 22:16:23] Begin to send flash erase data.
[Debug] [2025-8-13 22:16:23] End to send flash erase data.
[Debug] [2025-8-13 22:16:23] End to send embed flash erase data.
[Debug] [2025-8-13 22:16:23] Send cmd [Erase Outer Flash:20302] OK
[Debug] [2025-8-13 22:16:23] Log::Print : The start address of operating flash is 0x0.
[Debug] [2025-8-13 22:16:23] The value of Progress is 1
[Debug] [2025-8-13 22:16:24] The value of Progress is 6
[Debug] [2025-8-13 22:16:24] The value of Progress is 10
[Debug] [2025-8-13 22:16:25] The value of Progress is 17
[Debug] [2025-8-13 22:16:25] The value of Progress is 20
[Debug] [2025-8-13 22:16:26] The value of Progress is 27
[Debug] [2025-8-13 22:16:26] The value of Progress is 31
[Debug] [2025-8-13 22:16:27] The value of Progress is 37
[Debug] [2025-8-13 22:16:28] The value of Progress is 41
[Debug] [2025-8-13 22:16:28] The value of Progress is 48
[Debug] [2025-8-13 22:16:29] The value of Progress is 51
[Debug] [2025-8-13 22:16:29] The value of Progress is 55
[Debug] [2025-8-13 22:16:30] The value of Progress is 62
[Debug] [2025-8-13 22:16:30] The value of Progress is 65
[Debug] [2025-8-13 22:16:31] The value of Progress is 72
[Debug] [2025-8-13 22:16:31] The value of Progress is 75
[Debug] [2025-8-13 22:16:32] The value of Progress is 82
[Debug] [2025-8-13 22:16:32] The value of Progress is 86
[Debug] [2025-8-13 22:16:33] The value of Progress is 93
[Debug] [2025-8-13 22:16:33] The value of Progress is 96
[Debug] [2025-8-13 22:16:33] The value of Progress is 100
[Debug] [2025-8-13 22:16:33] COMMAND[Erase Outer Flash] execute finish, takes 10.8 secs.
[Debug] [2025-8-13 22:16:33] end to send jtag flash erase cmd.
[Debug] [2025-8-13 22:16:33] Send RPC:6
[Debug] [2025-8-13 22:16:33] Begin to send jtag flash program data.
[Debug] [2025-8-13 22:16:33] Begin to send flash program data.
[Debug] [2025-8-13 22:16:33] End to send flash program data.
[Debug] [2025-8-13 22:16:33] End to send embed flash program data.
[Debug] [2025-8-13 22:16:33] Send cmd [Program Outer Flash:20301] OK
[Debug] [2025-8-13 22:16:33] Log::Print : COMMAND[Erase Outer Flash] execute finish, takes 10.8 secs.
[Debug] [2025-8-13 22:16:33] Log::Print : The start address of operating flash is 0x0.
[Debug] [2025-8-13 22:16:34] The value of Progress is 1
[Debug] [2025-8-13 22:16:35] The value of Progress is 6
[Debug] [2025-8-13 22:16:37] The value of Progress is 10
[Debug] [2025-8-13 22:16:38] The value of Progress is 15
[Debug] [2025-8-13 22:16:40] The value of Progress is 20
[Debug] [2025-8-13 22:16:41] The value of Progress is 25
[Debug] [2025-8-13 22:16:43] The value of Progress is 30
[Debug] [2025-8-13 22:16:44] The value of Progress is 35
[Debug] [2025-8-13 22:16:46] The value of Progress is 40
[Debug] [2025-8-13 22:16:47] The value of Progress is 45
[Debug] [2025-8-13 22:16:49] The value of Progress is 50
[Debug] [2025-8-13 22:16:50] The value of Progress is 55
[Debug] [2025-8-13 22:16:52] The value of Progress is 60
[Debug] [2025-8-13 22:16:53] The value of Progress is 65
[Debug] [2025-8-13 22:16:55] The value of Progress is 70
[Debug] [2025-8-13 22:16:56] The value of Progress is 75
[Debug] [2025-8-13 22:16:58] The value of Progress is 80
[Debug] [2025-8-13 22:16:59] The value of Progress is 85
[Debug] [2025-8-13 22:17:01] The value of Progress is 90
[Debug] [2025-8-13 22:17:02] The value of Progress is 95
[Debug] [2025-8-13 22:17:04] The value of Progress is 100
[Debug] [2025-8-13 22:17:04] COMMAND[Program Outer Flash] execute finish, takes 30.7 secs.
[Debug] [2025-8-13 22:17:04] begin to send jtag flash verify cmd
[Debug] [2025-8-13 22:17:04] Send RPC:7
[Debug] [2025-8-13 22:17:04] Begin to send embed flash verify data.
[Debug] [2025-8-13 22:17:04] Begin to send flash verify data.
[Debug] [2025-8-13 22:17:04] End to send flash verify data.
[Debug] [2025-8-13 22:17:04] End to send embed flash verify data.
[Debug] [2025-8-13 22:17:04] Send cmd [Verify Outer Flash:20303] OK
[Debug] [2025-8-13 22:17:04] Log::Print : COMMAND[Program Outer Flash] execute finish, takes 30.7 secs.
[Debug] [2025-8-13 22:17:04] Log::Print : The start address of operating flash is 0x0.
[Debug] [2025-8-13 22:17:04] The value of Progress is 1
[Debug] [2025-8-13 22:17:04] The value of Progress is 6
[Debug] [2025-8-13 22:17:04] The value of Progress is 10
[Debug] [2025-8-13 22:17:05] The value of Progress is 15
[Debug] [2025-8-13 22:17:05] The value of Progress is 20
[Debug] [2025-8-13 22:17:05] The value of Progress is 25
[Debug] [2025-8-13 22:17:05] The value of Progress is 30
[Debug] [2025-8-13 22:17:05] The value of Progress is 35
[Debug] [2025-8-13 22:17:05] The value of Progress is 40
[Debug] [2025-8-13 22:17:05] The value of Progress is 45
[Debug] [2025-8-13 22:17:05] The value of Progress is 50
[Debug] [2025-8-13 22:17:05] The value of Progress is 55
[Debug] [2025-8-13 22:17:05] The value of Progress is 60
[Debug] [2025-8-13 22:17:05] The value of Progress is 65
[Debug] [2025-8-13 22:17:06] The value of Progress is 70
[Debug] [2025-8-13 22:17:06] The value of Progress is 75
[Debug] [2025-8-13 22:17:06] The value of Progress is 80
[Debug] [2025-8-13 22:17:06] The value of Progress is 85
[Debug] [2025-8-13 22:17:06] The value of Progress is 90
[Debug] [2025-8-13 22:17:06] The value of Progress is 95
[Debug] [2025-8-13 22:17:06] The value of Progress is 100
[Debug] [2025-8-13 22:17:06] COMMAND[Verify Outer Flash] execute successfully, takes 2.2 secs.
[Debug] [2025-8-13 22:17:06] end to send jtag flash verify cmd
[Debug] [2025-8-13 22:17:06] end to send jtag flash program cmd.
[Debug] [2025-8-13 22:17:06] Log::Print : COMMAND[Verify Outer Flash] execute successfully, takes 2.2 secs.
[Debug] [2025-8-13 22:24:22] Begin to Converte file.
[Debug] [2025-8-13 22:24:22] End to Converte file.
[Debug] [2025-8-13 22:24:23] begin to parse sfc file.
[Debug] [2025-8-13 22:24:23] begin to get device info from CFG file...
[Debug] [2025-8-13 22:24:23] end to get device info from CFG file...
[Debug] [2025-8-13 22:24:23] begin to get device info from CFG file...
[Debug] [2025-8-13 22:24:23] end to get device info from CFG file...
[Debug] [2025-8-13 22:24:23] end to parse sfc file.
[Debug] [2025-8-13 22:24:23] Log::Print : The Start Address of bit file D:/Desktop/work_material/RK_learning/RK3568_MES2L50H/05-work_material/03_FPGA_Project/02_img_pcie_capture/project/generate_bitstream/image_pcie_capture.sbit: 0x0
[Debug] [2025-8-13 22:24:29] begin to send promgram jtag flash cmd.
[Debug] [2025-8-13 22:24:29] begin to send jtag flash erase cmd
[Debug] [2025-8-13 22:24:29] Send RPC:8
[Debug] [2025-8-13 22:24:29] Begin to send embed flash erase data.
[Debug] [2025-8-13 22:24:29] Begin to send flash erase data.
[Debug] [2025-8-13 22:24:29] End to send flash erase data.
[Debug] [2025-8-13 22:24:29] End to send embed flash erase data.
[Debug] [2025-8-13 22:24:29] Send cmd [Erase Outer Flash:20302] OK
[Debug] [2025-8-13 22:24:29] Log::Print : The start address of operating flash is 0x0.
[Debug] [2025-8-13 22:24:29] The value of Progress is 1
[Debug] [2025-8-13 22:24:30] The value of Progress is 7
[Debug] [2025-8-13 22:24:31] The value of Progress is 10
[Debug] [2025-8-13 22:24:31] The value of Progress is 17
[Debug] [2025-8-13 22:24:31] The value of Progress is 21
[Debug] [2025-8-13 22:24:32] The value of Progress is 25
[Debug] [2025-8-13 22:24:33] The value of Progress is 32
[Debug] [2025-8-13 22:24:33] The value of Progress is 35
[Debug] [2025-8-13 22:24:34] The value of Progress is 42
[Debug] [2025-8-13 22:24:34] The value of Progress is 46
[Debug] [2025-8-13 22:24:34] The value of Progress is 50
[Debug] [2025-8-13 22:24:35] The value of Progress is 57
[Debug] [2025-8-13 22:24:36] The value of Progress is 60
[Debug] [2025-8-13 22:24:36] The value of Progress is 67
[Debug] [2025-8-13 22:24:37] The value of Progress is 71
[Debug] [2025-8-13 22:24:37] The value of Progress is 75
[Debug] [2025-8-13 22:24:38] The value of Progress is 82
[Debug] [2025-8-13 22:24:38] The value of Progress is 85
[Debug] [2025-8-13 22:24:39] The value of Progress is 92
[Debug] [2025-8-13 22:24:39] The value of Progress is 96
[Debug] [2025-8-13 22:24:39] The value of Progress is 100
[Debug] [2025-8-13 22:24:39] COMMAND[Erase Outer Flash] execute finish, takes 10.2 secs.
[Debug] [2025-8-13 22:24:39] end to send jtag flash erase cmd.
[Debug] [2025-8-13 22:24:39] Send RPC:9
[Debug] [2025-8-13 22:24:39] Begin to send jtag flash program data.
[Debug] [2025-8-13 22:24:39] Begin to send flash program data.
[Debug] [2025-8-13 22:24:39] End to send flash program data.
[Debug] [2025-8-13 22:24:39] End to send embed flash program data.
[Debug] [2025-8-13 22:24:39] Send cmd [Program Outer Flash:20301] OK
[Debug] [2025-8-13 22:24:39] Log::Print : COMMAND[Erase Outer Flash] execute finish, takes 10.2 secs.
[Debug] [2025-8-13 22:24:39] Log::Print : The start address of operating flash is 0x0.
[Debug] [2025-8-13 22:24:39] The value of Progress is 1
[Debug] [2025-8-13 22:24:41] The value of Progress is 6
[Debug] [2025-8-13 22:24:42] The value of Progress is 10
[Debug] [2025-8-13 22:24:44] The value of Progress is 15
[Debug] [2025-8-13 22:24:45] The value of Progress is 20
[Debug] [2025-8-13 22:24:46] The value of Progress is 25
[Debug] [2025-8-13 22:24:48] The value of Progress is 30
[Debug] [2025-8-13 22:24:49] The value of Progress is 35
[Debug] [2025-8-13 22:24:51] The value of Progress is 40
[Debug] [2025-8-13 22:24:52] The value of Progress is 45
[Debug] [2025-8-13 22:24:54] The value of Progress is 50
[Debug] [2025-8-13 22:24:55] The value of Progress is 55
[Debug] [2025-8-13 22:24:56] The value of Progress is 60
[Debug] [2025-8-13 22:24:58] The value of Progress is 65
[Debug] [2025-8-13 22:24:59] The value of Progress is 70
[Debug] [2025-8-13 22:25:01] The value of Progress is 75
[Debug] [2025-8-13 22:25:02] The value of Progress is 80
[Debug] [2025-8-13 22:25:03] The value of Progress is 85
[Debug] [2025-8-13 22:25:05] The value of Progress is 90
[Debug] [2025-8-13 22:25:06] The value of Progress is 95
[Debug] [2025-8-13 22:25:08] The value of Progress is 100
[Debug] [2025-8-13 22:25:08] COMMAND[Program Outer Flash] execute finish, takes 28.7 secs.
[Debug] [2025-8-13 22:25:08] begin to send jtag flash verify cmd
[Debug] [2025-8-13 22:25:08] Send RPC:10
[Debug] [2025-8-13 22:25:08] Begin to send embed flash verify data.
[Debug] [2025-8-13 22:25:08] Begin to send flash verify data.
[Debug] [2025-8-13 22:25:08] End to send flash verify data.
[Debug] [2025-8-13 22:25:08] End to send embed flash verify data.
[Debug] [2025-8-13 22:25:08] Send cmd [Verify Outer Flash:20303] OK
[Debug] [2025-8-13 22:25:08] Log::Print : COMMAND[Program Outer Flash] execute finish, takes 28.7 secs.
[Debug] [2025-8-13 22:25:08] Log::Print : The start address of operating flash is 0x0.
[Debug] [2025-8-13 22:25:08] The value of Progress is 1
[Debug] [2025-8-13 22:25:08] The value of Progress is 6
[Debug] [2025-8-13 22:25:08] The value of Progress is 10
[Debug] [2025-8-13 22:25:08] The value of Progress is 15
[Debug] [2025-8-13 22:25:08] The value of Progress is 20
[Debug] [2025-8-13 22:25:08] The value of Progress is 25
[Debug] [2025-8-13 22:25:09] The value of Progress is 30
[Debug] [2025-8-13 22:25:09] The value of Progress is 35
[Debug] [2025-8-13 22:25:09] The value of Progress is 40
[Debug] [2025-8-13 22:25:09] The value of Progress is 45
[Debug] [2025-8-13 22:25:09] The value of Progress is 50
[Debug] [2025-8-13 22:25:09] The value of Progress is 55
[Debug] [2025-8-13 22:25:09] The value of Progress is 60
[Debug] [2025-8-13 22:25:09] The value of Progress is 65
[Debug] [2025-8-13 22:25:09] The value of Progress is 70
[Debug] [2025-8-13 22:25:09] The value of Progress is 75
[Debug] [2025-8-13 22:25:09] The value of Progress is 80
[Debug] [2025-8-13 22:25:10] The value of Progress is 85
[Debug] [2025-8-13 22:25:10] The value of Progress is 90
[Debug] [2025-8-13 22:25:10] The value of Progress is 95
[Debug] [2025-8-13 22:25:10] The value of Progress is 100
[Debug] [2025-8-13 22:25:10] COMMAND[Verify Outer Flash] execute successfully, takes 2.2 secs.
[Debug] [2025-8-13 22:25:10] end to send jtag flash verify cmd
[Debug] [2025-8-13 22:25:10] end to send jtag flash program cmd.
[Debug] [2025-8-13 22:25:10] Log::Print : COMMAND[Verify Outer Flash] execute successfully, takes 2.2 secs.
[Debug] [2025-8-13 22:53:51] Begin to Converte file.
[Debug] [2025-8-13 22:53:51] End to Converte file.
[Debug] [2025-8-13 22:53:52] begin to parse sfc file.
[Debug] [2025-8-13 22:53:52] begin to get device info from CFG file...
[Debug] [2025-8-13 22:53:52] end to get device info from CFG file...
[Debug] [2025-8-13 22:53:52] begin to get device info from CFG file...
[Debug] [2025-8-13 22:53:52] end to get device info from CFG file...
[Debug] [2025-8-13 22:53:52] end to parse sfc file.
[Debug] [2025-8-13 22:53:52] Log::Print : The Start Address of bit file D:/Desktop/work_material/RK_learning/RK3568_MES2L50H/05-work_material/03_FPGA_Project/02_img_pcie_capture/project/generate_bitstream/image_pcie_capture.sbit: 0x0
[Debug] [2025-8-13 22:53:56] begin to send promgram jtag flash cmd.
[Debug] [2025-8-13 22:53:56] begin to send jtag flash erase cmd
[Debug] [2025-8-13 22:53:56] Send RPC:11
[Debug] [2025-8-13 22:53:56] Begin to send embed flash erase data.
[Debug] [2025-8-13 22:53:56] Begin to send flash erase data.
[Debug] [2025-8-13 22:53:56] End to send flash erase data.
[Debug] [2025-8-13 22:53:56] End to send embed flash erase data.
[Debug] [2025-8-13 22:53:56] Send cmd [Erase Outer Flash:20302] OK
[Debug] [2025-8-13 22:53:56] Log::Print : The start address of operating flash is 0x0.
[Debug] [2025-8-13 22:53:56] The value of Progress is 1
[Debug] [2025-8-13 22:53:57] The value of Progress is 7
[Debug] [2025-8-13 22:53:57] The value of Progress is 10
[Debug] [2025-8-13 22:53:58] The value of Progress is 17
[Debug] [2025-8-13 22:53:58] The value of Progress is 21
[Debug] [2025-8-13 22:53:59] The value of Progress is 25
[Debug] [2025-8-13 22:53:59] Begin to send abort process cmd.
[Debug] [2025-8-13 22:53:59] Begin to flush aborting cmd. 
[Debug] [2025-8-13 22:53:59] End to flush aborting cmd. 
[Debug] [2025-8-13 22:53:59] End to send abort process cmd.
[Debug] [2025-8-13 22:53:59] end to send jtag flash erase cmd.
[Error] [2025-8-13 22:53:59] Flash Erasing failed before programming.
[Error] [2025-8-13 22:53:59] MsgOut: Configuration-0005: Try to abort Erasing.
[Debug] [2025-8-13 22:53:59] The value of Progress is 100
[Error] [2025-8-13 22:53:59] fail to exec Erase Outer Flash cmd...
[Error] [2025-8-13 22:53:59] MsgOut: JtagServer-0365: Current operation is canceled by the user.
[Error] [2025-8-13 22:53:59] MsgOut: Configuration-0008: The command 'Erase Outer Flash' execute fail.
[Info] [2025-8-13 22:54:00] /***************************End Configration***************************/
[Info] [2025-8-13 23:39:29] /***************************Start Configuration***************************/
[Info] [2025-8-13 23:39:29] Path: C:/pango/PDS_2022.2-SP6.4/bin
[Info] [2025-8-13 23:39:29] Version: 146967
[Info] [2025-8-13 23:39:30] Current Path: D:/Desktop/work_material/RK_learning/RK3568_MES2L50H/05-work_material/03_FPGA_Project/02_img_pcie_capture/project
[Info] [2025-8-13 23:39:30] PDS Dir Path: D:/Desktop/work_material/RK_learning/RK3568_MES2L50H/05-work_material/03_FPGA_Project/02_img_pcie_capture/project
[Debug] [2025-8-13 23:39:35] Begin to Converte file.
[Debug] [2025-8-13 23:39:43] begin to parse sfc file.
[Debug] [2025-8-13 23:39:43] begin to get device info from CFG file...
[Debug] [2025-8-13 23:39:43] end to get device info from CFG file...
[Debug] [2025-8-13 23:39:43] begin to get device info from CFG file...
[Debug] [2025-8-13 23:39:43] end to get device info from CFG file...
[Debug] [2025-8-13 23:39:43] end to parse sfc file.
[Debug] [2025-8-13 23:39:43] Log::Print : The Start Address of bit file D:/Desktop/work_material/RK_learning/RK3568_MES2L50H/05-work_material/03_FPGA_Project/02_img_pcie_capture/project/generate_bitstream/image_pcie_capture.sbit: 0x0
[Debug] [2025-8-13 23:39:44] End to Converte file.
[Info] [2025-8-13 23:39:45] /***************************End Configration***************************/
[Info] [2025-8-13 23:39:47] /***************************Start Configuration***************************/
[Info] [2025-8-13 23:39:47] Path: C:/pango/PDS_2022.2-SP6.4/bin
[Info] [2025-8-13 23:39:47] Version: 146967
[Info] [2025-8-13 23:39:48] Current Path: D:/Desktop/work_material/RK_learning/RK3568_MES2L50H/05-work_material/03_FPGA_Project/02_img_pcie_capture/project
[Info] [2025-8-13 23:39:48] PDS Dir Path: D:/Desktop/work_material/RK_learning/RK3568_MES2L50H/05-work_material/03_FPGA_Project/02_img_pcie_capture/project
[Info] [2025-8-13 23:43:18] /***************************End Configration***************************/
[Info] [2025-8-13 23:43:19] /***************************Start Configuration***************************/
[Info] [2025-8-13 23:43:19] Path: C:/pango/PDS_2022.2-SP6.4/bin
[Info] [2025-8-13 23:43:19] Version: 146967
[Info] [2025-8-13 23:43:20] Current Path: D:/Desktop/work_material/RK_learning/RK3568_MES2L50H/05-work_material/03_FPGA_Project/02_img_pcie_capture/project
[Info] [2025-8-13 23:43:20] PDS Dir Path: D:/Desktop/work_material/RK_learning/RK3568_MES2L50H/05-work_material/03_FPGA_Project/02_img_pcie_capture/project
[Debug] [2025-8-13 23:43:23] Begin to Converte file.
[Debug] [2025-8-13 23:43:31] begin to parse sfc file.
[Debug] [2025-8-13 23:43:31] begin to get device info from CFG file...
[Debug] [2025-8-13 23:43:31] end to get device info from CFG file...
[Debug] [2025-8-13 23:43:31] begin to get device info from CFG file...
[Debug] [2025-8-13 23:43:31] end to get device info from CFG file...
[Debug] [2025-8-13 23:43:31] end to parse sfc file.
[Debug] [2025-8-13 23:43:31] Log::Print : The Start Address of bit file D:/Desktop/work_material/RK_learning/RK3568_MES2L50H/05-work_material/03_FPGA_Project/02_img_pcie_capture/project/generate_bitstream/image_pcie_capture.sbit: 0x0
[Debug] [2025-8-13 23:43:31] End to Converte file.
[Info] [2025-8-13 23:43:33] Configuration is not connect with server. connect first then scan chain.
[Debug] [2025-8-13 23:43:33] Client Local host name:LAPTOP-EA3TT0M1
[Debug] [2025-8-13 23:43:33] Client Local Address:192.168.1.11
[Debug] [2025-8-13 23:43:33] Client Local Address:192.168.1.18
[Debug] [2025-8-13 23:43:33] Server Address:127.0.0.1, Port:65420
[Debug] [2025-8-13 23:43:33] Log::Print : Connecting to server[127.0.0.1 : 65420].
[Info] [2025-8-13 23:43:33] Connect OK, Server: 127.0.0.1  Port: 65420
[Debug] [2025-8-13 23:43:33] Finish.
[Info] [2025-8-13 23:43:33] Connect server succeeded
[Debug] [2025-8-13 23:43:33] Send RPC:1
[Debug] [2025-8-13 23:43:33] Send cmd [check version information:40004] OK
[Debug] [2025-8-13 23:43:33] Send RPC:2
[Debug] [2025-8-13 23:43:33] Send cmd [get_cable_paras:40010] OK
[Debug] [2025-8-13 23:43:33] Begin to send initialize chain cmd...
[Debug] [2025-8-13 23:43:33] Send RPC:3
[Debug] [2025-8-13 23:43:33] Send cmd [Open config cable:20001] OK
[Debug] [2025-8-13 23:43:33] End to send initialize chain cmd.
[Debug] [2025-8-13 23:43:33] COMMAND[check version information] execute successfully, takes 0.0 secs.
[Debug] [2025-8-13 23:43:33] Log::Print : Connect to server[127.0.0.1 : 65420] successfully.
[Debug] [2025-8-13 23:43:33] Log::Print : COMMAND[check version information] execute successfully, takes 0.0 secs.
[Debug] [2025-8-13 23:43:35] COMMAND[get_cable_paras] execute successfully, takes 1.3 secs.
[Debug] [2025-8-13 23:43:35] Log::Print : The cable List : 
Cable index 0:USB Cable II/fffffffffffffffe 

[Debug] [2025-8-13 23:43:35] Log::Print : COMMAND[get_cable_paras] execute successfully, takes 1.3 secs.
[Debug] [2025-8-13 23:43:35] begin the exec of open cable cmd...
[Debug] [2025-8-13 23:43:35] Begin to deal with chain from server...
[Debug] [2025-8-13 23:43:35] Begin to set user chain...
[Debug] [2025-8-13 23:43:35] End to set user chain.
[Debug] [2025-8-13 23:43:35] Begin to update graphic item and tree item ...
[Debug] [2025-8-13 23:43:35] End to update graphic item and tree item ...
[Debug] [2025-8-13 23:43:35] Log::Print : PANGO USB CABLE II cable driver: D2XX DLL
[Debug] [2025-8-13 23:43:35] Log::Print : PG2L50H
[Debug] [2025-8-13 23:43:35] Log::Print : This device configure situation (done bit): 1
[Info] [2025-8-13 23:43:36] set OpenLastPath: D:/Desktop/work_material/RK_learning/RK3568_MES2L50H/05-work_material/03_FPGA_Project/02_img_pcie_capture/project/generate_bitstream/image_pcie_capture.sbit
[Debug] [2025-8-13 23:43:36] begin to get device info from CFG file...
[Debug] [2025-8-13 23:43:36] end to get device info from CFG file...
[Debug] [2025-8-13 23:43:36] Begin to update graphic item and tree item ...
[Debug] [2025-8-13 23:43:36] End to update graphic item and tree item ...
[Debug] [2025-8-13 23:43:36] Begin to update graphic item and tree item ...
[Debug] [2025-8-13 23:43:36] End to update graphic item and tree item ...
[Debug] [2025-8-13 23:43:36] End to deal wiht chain from server.
[Debug] [2025-8-13 23:43:36] end the exec of open cable cmd.
[Debug] [2025-8-13 23:43:36] COMMAND[Open config cable] execute successfully, takes 2.4 secs.
[Debug] [2025-8-13 23:43:36] Log::Print : COMMAND[Open config cable] execute successfully, takes 2.4 secs.
[Debug] [2025-8-13 23:43:37] Begin to send scan outer flash cmd...
[Debug] [2025-8-13 23:43:37] Send RPC:4
[Debug] [2025-8-13 23:43:37] Send cmd [Scan Outer SPI Flash:20300] OK
[Debug] [2025-8-13 23:43:37] End to send scan outer flash cmd.
[Debug] [2025-8-13 23:43:38] begin to exec scan jtag flash cmd...
[Debug] [2025-8-13 23:43:38] Begin to initialize JtagFlash for selected FPGA Device...
[Debug] [2025-8-13 23:43:38] Begin to update graphic item and tree item ...
[Debug] [2025-8-13 23:43:38] End to update graphic item and tree item ...
[Info] [2025-8-13 23:43:38] set OpenLastPath: D:/Desktop/work_material/RK_learning/RK3568_MES2L50H/05-work_material/03_FPGA_Project/02_img_pcie_capture/project/generate_bitstream/image_pcie_capture.sfc
[Debug] [2025-8-13 23:43:38] begin to check SFC File and Flash Device Read Mode.
[Debug] [2025-8-13 23:43:38] end to check SFC File and Flash Device Read Mode.
[Debug] [2025-8-13 23:43:38] Begin to update graphic item and tree item ...
[Debug] [2025-8-13 23:43:38] End to update graphic item and tree item ...
[Debug] [2025-8-13 23:43:38] End to initialize OuterFlash for selected FPGA Device...
[Debug] [2025-8-13 23:43:38] end to exec scan jtag flash cmd...
[Debug] [2025-8-13 23:43:38] COMMAND[Scan Outer SPI Flash] execute successfully, takes 1.1 secs.
[Debug] [2025-8-13 23:43:38] Log::Print : COMMAND[Scan Outer SPI Flash] execute successfully, takes 1.1 secs.
[Debug] [2025-8-13 23:43:39] begin to send jtag flash erase cmd
[Debug] [2025-8-13 23:43:39] Send RPC:5
[Debug] [2025-8-13 23:43:39] Begin to send embed flash erase data.
[Debug] [2025-8-13 23:43:39] Begin to send flash erase data.
[Debug] [2025-8-13 23:43:39] End to send flash erase data.
[Debug] [2025-8-13 23:43:39] End to send embed flash erase data.
[Debug] [2025-8-13 23:43:39] Send cmd [Erase Outer Flash:20302] OK
[Debug] [2025-8-13 23:43:39] Log::Print : The start address of operating flash is 0x0.
[Debug] [2025-8-13 23:43:39] The value of Progress is 1
[Debug] [2025-8-13 23:43:40] Begin to send abort process cmd.
[Debug] [2025-8-13 23:43:40] Begin to flush aborting cmd. 
[Debug] [2025-8-13 23:43:40] End to flush aborting cmd. 
[Debug] [2025-8-13 23:43:40] End to send abort process cmd.
[Debug] [2025-8-13 23:43:40] end to send jtag flash erase cmd.
[Error] [2025-8-13 23:43:40] MsgOut: Configuration-0005: Try to abort Erasing.
[Debug] [2025-8-13 23:43:40] The value of Progress is 100
[Error] [2025-8-13 23:43:41] fail to exec Erase Outer Flash cmd...
[Error] [2025-8-13 23:43:41] MsgOut: JtagServer-0365: Current operation is canceled by the user.
[Error] [2025-8-13 23:43:41] MsgOut: Configuration-0008: The command 'Erase Outer Flash' execute fail.
[Debug] [2025-8-13 23:43:41] begin to send promgram jtag flash cmd.
[Debug] [2025-8-13 23:43:41] begin to send jtag flash erase cmd
[Debug] [2025-8-13 23:43:41] Send RPC:6
[Debug] [2025-8-13 23:43:41] Begin to send embed flash erase data.
[Debug] [2025-8-13 23:43:41] Begin to send flash erase data.
[Debug] [2025-8-13 23:43:41] End to send flash erase data.
[Debug] [2025-8-13 23:43:41] End to send embed flash erase data.
[Debug] [2025-8-13 23:43:41] Send cmd [Erase Outer Flash:20302] OK
[Debug] [2025-8-13 23:43:41] Log::Print : The start address of operating flash is 0x0.
[Debug] [2025-8-13 23:43:41] The value of Progress is 1
[Debug] [2025-8-13 23:43:42] The value of Progress is 6
[Debug] [2025-8-13 23:43:42] The value of Progress is 10
[Debug] [2025-8-13 23:43:43] The value of Progress is 17
[Debug] [2025-8-13 23:43:44] The value of Progress is 20
[Debug] [2025-8-13 23:43:44] The value of Progress is 27
[Debug] [2025-8-13 23:43:45] The value of Progress is 31
[Debug] [2025-8-13 23:43:45] The value of Progress is 37
[Debug] [2025-8-13 23:43:46] The value of Progress is 41
[Debug] [2025-8-13 23:43:46] The value of Progress is 48
[Debug] [2025-8-13 23:43:47] The value of Progress is 51
[Debug] [2025-8-13 23:43:47] The value of Progress is 55
[Debug] [2025-8-13 23:43:48] The value of Progress is 62
[Debug] [2025-8-13 23:43:48] The value of Progress is 65
[Debug] [2025-8-13 23:43:49] The value of Progress is 72
[Debug] [2025-8-13 23:43:49] The value of Progress is 75
[Debug] [2025-8-13 23:43:50] The value of Progress is 82
[Debug] [2025-8-13 23:43:50] The value of Progress is 86
[Debug] [2025-8-13 23:43:51] The value of Progress is 93
[Debug] [2025-8-13 23:43:51] The value of Progress is 96
[Debug] [2025-8-13 23:43:51] The value of Progress is 100
[Debug] [2025-8-13 23:43:51] COMMAND[Erase Outer Flash] execute finish, takes 10.5 secs.
[Debug] [2025-8-13 23:43:51] end to send jtag flash erase cmd.
[Debug] [2025-8-13 23:43:51] Send RPC:7
[Debug] [2025-8-13 23:43:51] Begin to send jtag flash program data.
[Debug] [2025-8-13 23:43:51] Begin to send flash program data.
[Debug] [2025-8-13 23:43:51] End to send flash program data.
[Debug] [2025-8-13 23:43:51] End to send embed flash program data.
[Debug] [2025-8-13 23:43:51] Send cmd [Program Outer Flash:20301] OK
[Debug] [2025-8-13 23:43:51] Log::Print : COMMAND[Erase Outer Flash] execute finish, takes 10.5 secs.
[Debug] [2025-8-13 23:43:51] Log::Print : The start address of operating flash is 0x0.
[Debug] [2025-8-13 23:43:52] The value of Progress is 1
[Debug] [2025-8-13 23:43:53] The value of Progress is 6
[Debug] [2025-8-13 23:43:54] The value of Progress is 10
[Debug] [2025-8-13 23:43:56] The value of Progress is 15
[Debug] [2025-8-13 23:43:57] The value of Progress is 20
[Debug] [2025-8-13 23:43:59] The value of Progress is 25
[Debug] [2025-8-13 23:44:00] The value of Progress is 30
[Debug] [2025-8-13 23:44:02] The value of Progress is 35
[Debug] [2025-8-13 23:44:03] The value of Progress is 40
[Debug] [2025-8-13 23:44:05] The value of Progress is 45
[Debug] [2025-8-13 23:44:06] The value of Progress is 50
[Debug] [2025-8-13 23:44:08] The value of Progress is 55
[Debug] [2025-8-13 23:44:09] The value of Progress is 60
[Debug] [2025-8-13 23:44:11] The value of Progress is 65
[Debug] [2025-8-13 23:44:12] The value of Progress is 70
[Debug] [2025-8-13 23:44:13] The value of Progress is 75
[Debug] [2025-8-13 23:44:15] The value of Progress is 80
[Debug] [2025-8-13 23:44:16] The value of Progress is 85
[Debug] [2025-8-13 23:44:18] The value of Progress is 90
[Debug] [2025-8-13 23:44:19] The value of Progress is 95
[Debug] [2025-8-13 23:44:21] The value of Progress is 100
[Debug] [2025-8-13 23:44:21] COMMAND[Program Outer Flash] execute finish, takes 29.8 secs.
[Debug] [2025-8-13 23:44:21] begin to send jtag flash verify cmd
[Debug] [2025-8-13 23:44:21] Send RPC:8
[Debug] [2025-8-13 23:44:21] Begin to send embed flash verify data.
[Debug] [2025-8-13 23:44:21] Begin to send flash verify data.
[Debug] [2025-8-13 23:44:21] End to send flash verify data.
[Debug] [2025-8-13 23:44:21] End to send embed flash verify data.
[Debug] [2025-8-13 23:44:21] Send cmd [Verify Outer Flash:20303] OK
[Debug] [2025-8-13 23:44:21] Log::Print : COMMAND[Program Outer Flash] execute finish, takes 29.8 secs.
[Debug] [2025-8-13 23:44:21] Log::Print : The start address of operating flash is 0x0.
[Debug] [2025-8-13 23:44:21] The value of Progress is 1
[Debug] [2025-8-13 23:44:21] The value of Progress is 6
[Debug] [2025-8-13 23:44:21] The value of Progress is 10
[Debug] [2025-8-13 23:44:22] The value of Progress is 15
[Debug] [2025-8-13 23:44:22] The value of Progress is 20
[Debug] [2025-8-13 23:44:22] The value of Progress is 25
[Debug] [2025-8-13 23:44:22] The value of Progress is 30
[Debug] [2025-8-13 23:44:22] The value of Progress is 35
[Debug] [2025-8-13 23:44:22] The value of Progress is 40
[Debug] [2025-8-13 23:44:22] The value of Progress is 45
[Debug] [2025-8-13 23:44:22] The value of Progress is 50
[Debug] [2025-8-13 23:44:22] The value of Progress is 55
[Debug] [2025-8-13 23:44:22] The value of Progress is 60
[Debug] [2025-8-13 23:44:22] The value of Progress is 65
[Debug] [2025-8-13 23:44:23] The value of Progress is 70
[Debug] [2025-8-13 23:44:23] The value of Progress is 75
[Debug] [2025-8-13 23:44:23] The value of Progress is 80
[Debug] [2025-8-13 23:44:23] The value of Progress is 85
[Debug] [2025-8-13 23:44:23] The value of Progress is 90
[Debug] [2025-8-13 23:44:23] The value of Progress is 95
[Debug] [2025-8-13 23:44:23] The value of Progress is 100
[Debug] [2025-8-13 23:44:23] COMMAND[Verify Outer Flash] execute successfully, takes 2.3 secs.
[Debug] [2025-8-13 23:44:23] end to send jtag flash verify cmd
[Debug] [2025-8-13 23:44:23] end to send jtag flash program cmd.
[Debug] [2025-8-13 23:44:23] Log::Print : COMMAND[Verify Outer Flash] execute successfully, takes 2.3 secs.
[Info] [2025-8-13 23:55:31] /***************************End Configration***************************/
[Info] [2025-8-13 23:55:32] /***************************Start Configuration***************************/
[Info] [2025-8-13 23:55:32] Path: C:/pango/PDS_2022.2-SP6.4/bin
[Info] [2025-8-13 23:55:32] Version: 146967
[Info] [2025-8-13 23:55:33] Current Path: D:/Desktop/work_material/RK_learning/RK3568_MES2L50H/05-work_material/03_FPGA_Project/02_img_pcie_capture/project
[Info] [2025-8-13 23:55:33] PDS Dir Path: D:/Desktop/work_material/RK_learning/RK3568_MES2L50H/05-work_material/03_FPGA_Project/02_img_pcie_capture/project
[Debug] [2025-8-13 23:55:36] Begin to Converte file.
[Debug] [2025-8-13 23:55:42] begin to parse sfc file.
[Debug] [2025-8-13 23:55:42] begin to get device info from CFG file...
[Debug] [2025-8-13 23:55:42] end to get device info from CFG file...
[Debug] [2025-8-13 23:55:42] begin to get device info from CFG file...
[Debug] [2025-8-13 23:55:42] end to get device info from CFG file...
[Debug] [2025-8-13 23:55:42] end to parse sfc file.
[Debug] [2025-8-13 23:55:42] Log::Print : The Start Address of bit file D:/Desktop/work_material/RK_learning/RK3568_MES2L50H/05-work_material/03_FPGA_Project/02_img_pcie_capture/project/generate_bitstream/image_pcie_capture.sbit: 0x0
[Debug] [2025-8-13 23:55:43] End to Converte file.
[Info] [2025-8-13 23:55:45] Configuration is not connect with server. connect first then scan chain.
[Debug] [2025-8-13 23:55:45] Client Local host name:LAPTOP-EA3TT0M1
[Debug] [2025-8-13 23:55:45] Client Local Address:192.168.1.11
[Debug] [2025-8-13 23:55:45] Client Local Address:192.168.1.18
[Debug] [2025-8-13 23:55:45] Server Address:127.0.0.1, Port:65420
[Debug] [2025-8-13 23:55:45] Log::Print : Connecting to server[127.0.0.1 : 65420].
[Info] [2025-8-13 23:55:45] Connect OK, Server: 127.0.0.1  Port: 65420
[Debug] [2025-8-13 23:55:45] Finish.
[Info] [2025-8-13 23:55:45] Connect server succeeded
[Debug] [2025-8-13 23:55:45] Send RPC:1
[Debug] [2025-8-13 23:55:45] Send cmd [check version information:40004] OK
[Debug] [2025-8-13 23:55:45] Log::Print : Connect to server[127.0.0.1 : 65420] successfully.
[Debug] [2025-8-13 23:55:45] Send RPC:2
[Debug] [2025-8-13 23:55:45] Send cmd [get_cable_paras:40010] OK
[Debug] [2025-8-13 23:55:45] Begin to send initialize chain cmd...
[Debug] [2025-8-13 23:55:45] Send RPC:3
[Debug] [2025-8-13 23:55:45] Send cmd [Open config cable:20001] OK
[Debug] [2025-8-13 23:55:45] End to send initialize chain cmd.
[Debug] [2025-8-13 23:55:45] COMMAND[check version information] execute successfully, takes 0.0 secs.
[Debug] [2025-8-13 23:55:45] Log::Print : COMMAND[check version information] execute successfully, takes 0.0 secs.
[Debug] [2025-8-13 23:55:46] COMMAND[get_cable_paras] execute successfully, takes 1.2 secs.
[Debug] [2025-8-13 23:55:46] Log::Print : The cable List : 
Cable index 0:USB Cable II/fffffffffffffffe 

[Debug] [2025-8-13 23:55:46] Log::Print : COMMAND[get_cable_paras] execute successfully, takes 1.2 secs.
[Debug] [2025-8-13 23:55:46] begin the exec of open cable cmd...
[Debug] [2025-8-13 23:55:46] Begin to deal with chain from server...
[Debug] [2025-8-13 23:55:46] Begin to set user chain...
[Debug] [2025-8-13 23:55:46] End to set user chain.
[Debug] [2025-8-13 23:55:46] Begin to update graphic item and tree item ...
[Debug] [2025-8-13 23:55:46] End to update graphic item and tree item ...
[Debug] [2025-8-13 23:55:46] Log::Print : PANGO USB CABLE II cable driver: D2XX DLL
[Debug] [2025-8-13 23:55:46] Log::Print : PG2L50H
[Debug] [2025-8-13 23:55:46] Log::Print : This device configure situation (done bit): 1
[Info] [2025-8-13 23:55:47] set OpenLastPath: D:/Desktop/work_material/RK_learning/RK3568_MES2L50H/05-work_material/03_FPGA_Project/02_img_pcie_capture/project/generate_bitstream/image_pcie_capture.sbit
[Debug] [2025-8-13 23:55:47] begin to get device info from CFG file...
[Debug] [2025-8-13 23:55:47] end to get device info from CFG file...
[Debug] [2025-8-13 23:55:47] Begin to update graphic item and tree item ...
[Debug] [2025-8-13 23:55:47] End to update graphic item and tree item ...
[Debug] [2025-8-13 23:55:47] Begin to update graphic item and tree item ...
[Debug] [2025-8-13 23:55:47] End to update graphic item and tree item ...
[Debug] [2025-8-13 23:55:47] End to deal wiht chain from server.
[Debug] [2025-8-13 23:55:47] end the exec of open cable cmd.
[Debug] [2025-8-13 23:55:47] COMMAND[Open config cable] execute successfully, takes 2.5 secs.
[Debug] [2025-8-13 23:55:47] Log::Print : COMMAND[Open config cable] execute successfully, takes 2.5 secs.
[Debug] [2025-8-13 23:55:49] Begin to send scan outer flash cmd...
[Debug] [2025-8-13 23:55:49] Send RPC:4
[Debug] [2025-8-13 23:55:49] Send cmd [Scan Outer SPI Flash:20300] OK
[Debug] [2025-8-13 23:55:49] End to send scan outer flash cmd.
[Debug] [2025-8-13 23:55:49] begin to exec scan jtag flash cmd...
[Debug] [2025-8-13 23:55:49] Begin to initialize JtagFlash for selected FPGA Device...
[Debug] [2025-8-13 23:55:49] Begin to update graphic item and tree item ...
[Debug] [2025-8-13 23:55:49] End to update graphic item and tree item ...
[Info] [2025-8-13 23:55:50] set OpenLastPath: D:/Desktop/work_material/RK_learning/RK3568_MES2L50H/05-work_material/03_FPGA_Project/02_img_pcie_capture/project/generate_bitstream/image_pcie_capture.sfc
[Debug] [2025-8-13 23:55:50] begin to check SFC File and Flash Device Read Mode.
[Debug] [2025-8-13 23:55:50] end to check SFC File and Flash Device Read Mode.
[Debug] [2025-8-13 23:55:50] Begin to update graphic item and tree item ...
[Debug] [2025-8-13 23:55:50] End to update graphic item and tree item ...
[Debug] [2025-8-13 23:55:50] End to initialize OuterFlash for selected FPGA Device...
[Debug] [2025-8-13 23:55:50] end to exec scan jtag flash cmd...
[Debug] [2025-8-13 23:55:50] COMMAND[Scan Outer SPI Flash] execute successfully, takes 1.3 secs.
[Debug] [2025-8-13 23:55:50] Log::Print : COMMAND[Scan Outer SPI Flash] execute successfully, takes 1.3 secs.
[Debug] [2025-8-13 23:55:51] begin to send promgram jtag flash cmd.
[Debug] [2025-8-13 23:55:51] begin to send jtag flash erase cmd
[Debug] [2025-8-13 23:55:51] Send RPC:5
[Debug] [2025-8-13 23:55:51] Begin to send embed flash erase data.
[Debug] [2025-8-13 23:55:51] Begin to send flash erase data.
[Debug] [2025-8-13 23:55:51] End to send flash erase data.
[Debug] [2025-8-13 23:55:51] End to send embed flash erase data.
[Debug] [2025-8-13 23:55:51] Send cmd [Erase Outer Flash:20302] OK
[Debug] [2025-8-13 23:55:51] Log::Print : The start address of operating flash is 0x0.
[Debug] [2025-8-13 23:55:51] The value of Progress is 1
[Debug] [2025-8-13 23:55:52] The value of Progress is 7
[Debug] [2025-8-13 23:55:53] The value of Progress is 10
[Debug] [2025-8-13 23:55:53] The value of Progress is 17
[Debug] [2025-8-13 23:55:54] The value of Progress is 21
[Debug] [2025-8-13 23:55:54] The value of Progress is 25
[Debug] [2025-8-13 23:55:55] The value of Progress is 32
[Debug] [2025-8-13 23:55:55] The value of Progress is 35
[Debug] [2025-8-13 23:55:56] The value of Progress is 42
[Debug] [2025-8-13 23:55:56] The value of Progress is 46
[Debug] [2025-8-13 23:55:56] The value of Progress is 50
[Debug] [2025-8-13 23:55:57] The value of Progress is 57
[Debug] [2025-8-13 23:55:57] The value of Progress is 60
[Debug] [2025-8-13 23:55:58] The value of Progress is 67
[Debug] [2025-8-13 23:55:58] The value of Progress is 71
[Debug] [2025-8-13 23:55:59] The value of Progress is 75
[Debug] [2025-8-13 23:55:59] The value of Progress is 82
[Debug] [2025-8-13 23:56:00] The value of Progress is 85
[Debug] [2025-8-13 23:56:00] The value of Progress is 92
[Debug] [2025-8-13 23:56:01] The value of Progress is 96
[Debug] [2025-8-13 23:56:01] The value of Progress is 100
[Debug] [2025-8-13 23:56:01] COMMAND[Erase Outer Flash] execute finish, takes 9.5 secs.
[Debug] [2025-8-13 23:56:01] end to send jtag flash erase cmd.
[Debug] [2025-8-13 23:56:01] Send RPC:6
[Debug] [2025-8-13 23:56:01] Begin to send jtag flash program data.
[Debug] [2025-8-13 23:56:01] Begin to send flash program data.
[Debug] [2025-8-13 23:56:01] End to send flash program data.
[Debug] [2025-8-13 23:56:01] End to send embed flash program data.
[Debug] [2025-8-13 23:56:01] Send cmd [Program Outer Flash:20301] OK
[Debug] [2025-8-13 23:56:01] Log::Print : COMMAND[Erase Outer Flash] execute finish, takes 9.5 secs.
[Debug] [2025-8-13 23:56:01] Log::Print : The start address of operating flash is 0x0.
[Debug] [2025-8-13 23:56:01] The value of Progress is 1
[Debug] [2025-8-13 23:56:03] The value of Progress is 6
[Debug] [2025-8-13 23:56:04] The value of Progress is 10
[Debug] [2025-8-13 23:56:05] The value of Progress is 15
[Debug] [2025-8-13 23:56:07] The value of Progress is 20
[Debug] [2025-8-13 23:56:08] The value of Progress is 25
[Debug] [2025-8-13 23:56:09] The value of Progress is 30
[Debug] [2025-8-13 23:56:11] The value of Progress is 35
[Debug] [2025-8-13 23:56:12] The value of Progress is 40
[Debug] [2025-8-13 23:56:14] The value of Progress is 45
[Debug] [2025-8-13 23:56:15] The value of Progress is 50
[Debug] [2025-8-13 23:56:16] The value of Progress is 55
[Debug] [2025-8-13 23:56:18] The value of Progress is 60
[Debug] [2025-8-13 23:56:19] The value of Progress is 65
[Debug] [2025-8-13 23:56:21] The value of Progress is 70
[Debug] [2025-8-13 23:56:22] The value of Progress is 75
[Debug] [2025-8-13 23:56:24] The value of Progress is 80
[Debug] [2025-8-13 23:56:25] The value of Progress is 85
[Debug] [2025-8-13 23:56:26] The value of Progress is 90
[Debug] [2025-8-13 23:56:28] The value of Progress is 95
[Debug] [2025-8-13 23:56:29] The value of Progress is 100
[Debug] [2025-8-13 23:56:29] COMMAND[Program Outer Flash] execute finish, takes 28.6 secs.
[Debug] [2025-8-13 23:56:29] begin to send jtag flash verify cmd
[Debug] [2025-8-13 23:56:29] Send RPC:7
[Debug] [2025-8-13 23:56:29] Begin to send embed flash verify data.
[Debug] [2025-8-13 23:56:29] Begin to send flash verify data.
[Debug] [2025-8-13 23:56:29] End to send flash verify data.
[Debug] [2025-8-13 23:56:29] End to send embed flash verify data.
[Debug] [2025-8-13 23:56:29] Send cmd [Verify Outer Flash:20303] OK
[Debug] [2025-8-13 23:56:29] Log::Print : COMMAND[Program Outer Flash] execute finish, takes 28.6 secs.
[Debug] [2025-8-13 23:56:29] Log::Print : The start address of operating flash is 0x0.
[Debug] [2025-8-13 23:56:30] The value of Progress is 1
[Debug] [2025-8-13 23:56:30] The value of Progress is 6
[Debug] [2025-8-13 23:56:30] The value of Progress is 10
[Debug] [2025-8-13 23:56:30] The value of Progress is 15
[Debug] [2025-8-13 23:56:30] The value of Progress is 20
[Debug] [2025-8-13 23:56:30] The value of Progress is 25
[Debug] [2025-8-13 23:56:30] The value of Progress is 30
[Debug] [2025-8-13 23:56:30] The value of Progress is 35
[Debug] [2025-8-13 23:56:30] The value of Progress is 40
[Debug] [2025-8-13 23:56:30] The value of Progress is 45
[Debug] [2025-8-13 23:56:30] The value of Progress is 50
[Debug] [2025-8-13 23:56:31] The value of Progress is 55
[Debug] [2025-8-13 23:56:31] The value of Progress is 60
[Debug] [2025-8-13 23:56:31] The value of Progress is 65
[Debug] [2025-8-13 23:56:31] The value of Progress is 70
[Debug] [2025-8-13 23:56:31] The value of Progress is 75
[Debug] [2025-8-13 23:56:31] The value of Progress is 80
[Debug] [2025-8-13 23:56:31] The value of Progress is 85
[Debug] [2025-8-13 23:56:31] The value of Progress is 90
[Debug] [2025-8-13 23:56:31] The value of Progress is 95
[Debug] [2025-8-13 23:56:31] The value of Progress is 100
[Debug] [2025-8-13 23:56:32] COMMAND[Verify Outer Flash] execute successfully, takes 2.2 secs.
[Debug] [2025-8-13 23:56:32] end to send jtag flash verify cmd
[Debug] [2025-8-13 23:56:32] end to send jtag flash program cmd.
[Debug] [2025-8-13 23:56:32] Log::Print : COMMAND[Verify Outer Flash] execute successfully, takes 2.2 secs.
[Info] [2025-8-14 00:07:09] /***************************End Configration***************************/
[Info] [2025-8-14 00:07:30] /***************************Start Configuration***************************/
[Info] [2025-8-14 00:07:30] Path: C:/pango/PDS_2022.2-SP6.4/bin
[Info] [2025-8-14 00:07:30] Version: 146967
[Info] [2025-8-14 00:07:31] Current Path: D:/Desktop/work_material/RK_learning/RK3568_MES2L50H/05-work_material/03_FPGA_Project/02_img_pcie_capture/project
[Info] [2025-8-14 00:07:31] PDS Dir Path: D:/Desktop/work_material/RK_learning/RK3568_MES2L50H/05-work_material/03_FPGA_Project/02_img_pcie_capture/project
[Info] [2025-8-14 00:07:33] Configuration is not connect with server. connect first then scan chain.
[Debug] [2025-8-14 00:07:33] Client Local host name:LAPTOP-EA3TT0M1
[Debug] [2025-8-14 00:07:33] Client Local Address:192.168.1.11
[Debug] [2025-8-14 00:07:33] Client Local Address:192.168.1.18
[Debug] [2025-8-14 00:07:33] Server Address:127.0.0.1, Port:65420
[Debug] [2025-8-14 00:07:33] Log::Print : Connecting to server[127.0.0.1 : 65420].
[Info] [2025-8-14 00:07:33] Connect OK, Server: 127.0.0.1  Port: 65420
[Debug] [2025-8-14 00:07:33] Finish.
[Info] [2025-8-14 00:07:33] Connect server succeeded
[Debug] [2025-8-14 00:07:33] Send RPC:1
[Debug] [2025-8-14 00:07:33] Send cmd [check version information:40004] OK
[Debug] [2025-8-14 00:07:33] Send RPC:2
[Debug] [2025-8-14 00:07:33] Send cmd [get_cable_paras:40010] OK
[Debug] [2025-8-14 00:07:33] Begin to send initialize chain cmd...
[Debug] [2025-8-14 00:07:33] Send RPC:3
[Debug] [2025-8-14 00:07:33] Send cmd [Open config cable:20001] OK
[Debug] [2025-8-14 00:07:33] End to send initialize chain cmd.
[Debug] [2025-8-14 00:07:33] COMMAND[check version information] execute successfully, takes 0.0 secs.
[Debug] [2025-8-14 00:07:33] Log::Print : Connect to server[127.0.0.1 : 65420] successfully.
[Debug] [2025-8-14 00:07:33] Log::Print : COMMAND[check version information] execute successfully, takes 0.0 secs.
[Debug] [2025-8-14 00:07:34] COMMAND[get_cable_paras] execute successfully, takes 1.2 secs.
[Debug] [2025-8-14 00:07:34] Log::Print : The cable List : 
Cable index 0:USB Cable II/fffffffffffffffe 

[Debug] [2025-8-14 00:07:34] Log::Print : COMMAND[get_cable_paras] execute successfully, takes 1.2 secs.
[Debug] [2025-8-14 00:07:35] begin the exec of open cable cmd...
[Debug] [2025-8-14 00:07:35] Begin to deal with chain from server...
[Debug] [2025-8-14 00:07:35] Begin to set user chain...
[Debug] [2025-8-14 00:07:35] End to set user chain.
[Debug] [2025-8-14 00:07:35] Begin to update graphic item and tree item ...
[Debug] [2025-8-14 00:07:35] End to update graphic item and tree item ...
[Debug] [2025-8-14 00:07:35] Log::Print : PANGO USB CABLE II cable driver: D2XX DLL
[Debug] [2025-8-14 00:07:35] Log::Print : PG2L50H
[Debug] [2025-8-14 00:07:35] Log::Print : This device configure situation (done bit): 1
[Info] [2025-8-14 00:07:36] set OpenLastPath: D:/Desktop/work_material/RK_learning/RK3568_MES2L50H/05-work_material/03_FPGA_Project/02_img_pcie_capture/project/generate_bitstream/image_pcie_capture.sbit
[Debug] [2025-8-14 00:07:36] begin to get device info from CFG file...
[Debug] [2025-8-14 00:07:36] end to get device info from CFG file...
[Debug] [2025-8-14 00:07:36] Begin to update graphic item and tree item ...
[Debug] [2025-8-14 00:07:36] End to update graphic item and tree item ...
[Debug] [2025-8-14 00:07:36] Begin to update graphic item and tree item ...
[Debug] [2025-8-14 00:07:36] End to update graphic item and tree item ...
[Debug] [2025-8-14 00:07:36] End to deal wiht chain from server.
[Debug] [2025-8-14 00:07:36] end the exec of open cable cmd.
[Debug] [2025-8-14 00:07:36] COMMAND[Open config cable] execute successfully, takes 2.7 secs.
[Debug] [2025-8-14 00:07:36] Log::Print : COMMAND[Open config cable] execute successfully, takes 2.7 secs.
[Debug] [2025-8-14 00:07:39] Begin to Converte file.
[Debug] [2025-8-14 00:08:00] begin to parse sfc file.
[Debug] [2025-8-14 00:08:00] begin to get device info from CFG file...
[Debug] [2025-8-14 00:08:00] end to get device info from CFG file...
[Debug] [2025-8-14 00:08:00] begin to get device info from CFG file...
[Debug] [2025-8-14 00:08:00] end to get device info from CFG file...
[Debug] [2025-8-14 00:08:00] end to parse sfc file.
[Debug] [2025-8-14 00:08:00] Log::Print : The Start Address of bit file D:/Desktop/work_material/RK_learning/RK3568_MES2L50H/05-work_material/03_FPGA_Project/02_img_pcie_capture/project/generate_bitstream/image_pcie_capture.sbit: 0x0
[Debug] [2025-8-14 00:08:01] End to Converte file.
[Debug] [2025-8-14 00:08:03] Begin to send scan outer flash cmd...
[Debug] [2025-8-14 00:08:03] Send RPC:4
[Debug] [2025-8-14 00:08:03] Send cmd [Scan Outer SPI Flash:20300] OK
[Debug] [2025-8-14 00:08:03] End to send scan outer flash cmd.
[Debug] [2025-8-14 00:08:04] begin to exec scan jtag flash cmd...
[Debug] [2025-8-14 00:08:04] Begin to initialize JtagFlash for selected FPGA Device...
[Debug] [2025-8-14 00:08:04] Begin to update graphic item and tree item ...
[Debug] [2025-8-14 00:08:04] End to update graphic item and tree item ...
[Info] [2025-8-14 00:08:05] set OpenLastPath: D:/Desktop/work_material/RK_learning/RK3568_MES2L50H/05-work_material/03_FPGA_Project/02_img_pcie_capture/project/generate_bitstream/image_pcie_capture_5g.sfc
[Debug] [2025-8-14 00:08:05] begin to check SFC File and Flash Device Read Mode.
[Debug] [2025-8-14 00:08:05] end to check SFC File and Flash Device Read Mode.
[Debug] [2025-8-14 00:08:05] Begin to update graphic item and tree item ...
[Debug] [2025-8-14 00:08:05] End to update graphic item and tree item ...
[Debug] [2025-8-14 00:08:05] End to initialize OuterFlash for selected FPGA Device...
[Debug] [2025-8-14 00:08:05] end to exec scan jtag flash cmd...
[Debug] [2025-8-14 00:08:05] COMMAND[Scan Outer SPI Flash] execute successfully, takes 2.3 secs.
[Debug] [2025-8-14 00:08:05] Log::Print : COMMAND[Scan Outer SPI Flash] execute successfully, takes 2.3 secs.
[Debug] [2025-8-14 00:08:07] begin to send promgram jtag flash cmd.
[Debug] [2025-8-14 00:08:07] begin to send jtag flash erase cmd
[Debug] [2025-8-14 00:08:07] Send RPC:5
[Debug] [2025-8-14 00:08:07] Begin to send embed flash erase data.
[Debug] [2025-8-14 00:08:07] Begin to send flash erase data.
[Debug] [2025-8-14 00:08:07] End to send flash erase data.
[Debug] [2025-8-14 00:08:07] End to send embed flash erase data.
[Debug] [2025-8-14 00:08:07] Send cmd [Erase Outer Flash:20302] OK
[Debug] [2025-8-14 00:08:07] Log::Print : The start address of operating flash is 0x0.
[Debug] [2025-8-14 00:08:07] The value of Progress is 1
[Debug] [2025-8-14 00:08:08] The value of Progress is 6
[Debug] [2025-8-14 00:08:08] The value of Progress is 10
[Debug] [2025-8-14 00:08:09] The value of Progress is 17
[Debug] [2025-8-14 00:08:09] The value of Progress is 20
[Debug] [2025-8-14 00:08:10] The value of Progress is 27
[Debug] [2025-8-14 00:08:10] The value of Progress is 31
[Debug] [2025-8-14 00:08:11] The value of Progress is 37
[Debug] [2025-8-14 00:08:11] The value of Progress is 41
[Debug] [2025-8-14 00:08:12] The value of Progress is 48
[Debug] [2025-8-14 00:08:12] The value of Progress is 51
[Debug] [2025-8-14 00:08:13] The value of Progress is 55
[Debug] [2025-8-14 00:08:13] The value of Progress is 62
[Debug] [2025-8-14 00:08:14] The value of Progress is 65
[Debug] [2025-8-14 00:08:14] The value of Progress is 72
[Debug] [2025-8-14 00:08:15] The value of Progress is 75
[Debug] [2025-8-14 00:08:15] The value of Progress is 82
[Debug] [2025-8-14 00:08:16] The value of Progress is 86
[Debug] [2025-8-14 00:08:16] The value of Progress is 93
[Debug] [2025-8-14 00:08:17] The value of Progress is 96
[Debug] [2025-8-14 00:08:17] The value of Progress is 100
[Debug] [2025-8-14 00:08:17] COMMAND[Erase Outer Flash] execute finish, takes 10.0 secs.
[Debug] [2025-8-14 00:08:17] end to send jtag flash erase cmd.
[Debug] [2025-8-14 00:08:17] Send RPC:6
[Debug] [2025-8-14 00:08:17] Begin to send jtag flash program data.
[Debug] [2025-8-14 00:08:17] Begin to send flash program data.
[Debug] [2025-8-14 00:08:17] End to send flash program data.
[Debug] [2025-8-14 00:08:17] End to send embed flash program data.
[Debug] [2025-8-14 00:08:17] Send cmd [Program Outer Flash:20301] OK
[Debug] [2025-8-14 00:08:17] Log::Print : COMMAND[Erase Outer Flash] execute finish, takes 10.0 secs.
[Debug] [2025-8-14 00:08:17] Log::Print : The start address of operating flash is 0x0.
[Debug] [2025-8-14 00:08:17] The value of Progress is 1
[Debug] [2025-8-14 00:08:19] The value of Progress is 6
[Debug] [2025-8-14 00:08:20] The value of Progress is 10
[Debug] [2025-8-14 00:08:21] The value of Progress is 15
[Debug] [2025-8-14 00:08:23] The value of Progress is 20
[Debug] [2025-8-14 00:08:24] The value of Progress is 25
[Debug] [2025-8-14 00:08:26] The value of Progress is 30
[Debug] [2025-8-14 00:08:27] The value of Progress is 35
[Debug] [2025-8-14 00:08:29] The value of Progress is 40
[Debug] [2025-8-14 00:08:30] The value of Progress is 45
[Debug] [2025-8-14 00:08:32] The value of Progress is 50
[Debug] [2025-8-14 00:08:33] The value of Progress is 55
[Debug] [2025-8-14 00:08:34] The value of Progress is 60
[Debug] [2025-8-14 00:08:36] The value of Progress is 65
[Debug] [2025-8-14 00:08:37] The value of Progress is 70
[Debug] [2025-8-14 00:08:39] The value of Progress is 75
[Debug] [2025-8-14 00:08:40] The value of Progress is 80
[Debug] [2025-8-14 00:08:42] The value of Progress is 85
[Debug] [2025-8-14 00:08:43] The value of Progress is 90
[Debug] [2025-8-14 00:08:45] The value of Progress is 95
[Debug] [2025-8-14 00:08:46] The value of Progress is 100
[Debug] [2025-8-14 00:08:46] COMMAND[Program Outer Flash] execute finish, takes 29.8 secs.
[Debug] [2025-8-14 00:08:46] begin to send jtag flash verify cmd
[Debug] [2025-8-14 00:08:46] Send RPC:7
[Debug] [2025-8-14 00:08:46] Begin to send embed flash verify data.
[Debug] [2025-8-14 00:08:46] Begin to send flash verify data.
[Debug] [2025-8-14 00:08:46] End to send flash verify data.
[Debug] [2025-8-14 00:08:46] End to send embed flash verify data.
[Debug] [2025-8-14 00:08:46] Send cmd [Verify Outer Flash:20303] OK
[Debug] [2025-8-14 00:08:46] Log::Print : COMMAND[Program Outer Flash] execute finish, takes 29.8 secs.
[Debug] [2025-8-14 00:08:46] Log::Print : The start address of operating flash is 0x0.
[Debug] [2025-8-14 00:08:47] The value of Progress is 1
[Debug] [2025-8-14 00:08:47] The value of Progress is 6
[Debug] [2025-8-14 00:08:47] The value of Progress is 10
[Debug] [2025-8-14 00:08:47] The value of Progress is 15
[Debug] [2025-8-14 00:08:47] The value of Progress is 20
[Debug] [2025-8-14 00:08:47] The value of Progress is 25
[Debug] [2025-8-14 00:08:47] The value of Progress is 30
[Debug] [2025-8-14 00:08:47] The value of Progress is 35
[Debug] [2025-8-14 00:08:47] The value of Progress is 40
[Debug] [2025-8-14 00:08:47] The value of Progress is 45
[Debug] [2025-8-14 00:08:48] The value of Progress is 50
[Debug] [2025-8-14 00:08:48] The value of Progress is 55
[Debug] [2025-8-14 00:08:48] The value of Progress is 60
[Debug] [2025-8-14 00:08:48] The value of Progress is 65
[Debug] [2025-8-14 00:08:48] The value of Progress is 70
[Debug] [2025-8-14 00:08:48] The value of Progress is 75
[Debug] [2025-8-14 00:08:48] The value of Progress is 80
[Debug] [2025-8-14 00:08:48] The value of Progress is 85
[Debug] [2025-8-14 00:08:48] The value of Progress is 90
[Debug] [2025-8-14 00:08:48] The value of Progress is 95
[Debug] [2025-8-14 00:08:48] The value of Progress is 100
[Debug] [2025-8-14 00:08:49] COMMAND[Verify Outer Flash] execute successfully, takes 2.3 secs.
[Debug] [2025-8-14 00:08:49] end to send jtag flash verify cmd
[Debug] [2025-8-14 00:08:49] end to send jtag flash program cmd.
[Debug] [2025-8-14 00:08:49] Log::Print : COMMAND[Verify Outer Flash] execute successfully, takes 2.3 secs.
[Info] [2025-8-14 00:19:16] /***************************End Configration***************************/
[Info] [2025-8-15 17:45:01] /***************************Start Configuration***************************/
[Info] [2025-8-15 17:45:01] Path: C:/pango/PDS_2022.2-SP6.4/bin
[Info] [2025-8-15 17:45:01] Version: 146967
[Info] [2025-8-15 17:45:02] Current Path: D:/Desktop/work_material/RK_learning/RK3568_MES2L50H/05-work_material/04_doc/allll/02_FPGA_demo/02_img_pcie_capture/project
[Info] [2025-8-15 17:45:02] PDS Dir Path: D:/Desktop/work_material/RK_learning/RK3568_MES2L50H/05-work_material/04_doc/allll/02_FPGA_demo/02_img_pcie_capture/project
[Debug] [2025-8-15 17:45:05] Begin to Converte file.
[Debug] [2025-8-15 17:45:12] begin to parse sfc file.
[Debug] [2025-8-15 17:45:12] begin to get device info from CFG file...
[Debug] [2025-8-15 17:45:12] end to get device info from CFG file...
[Debug] [2025-8-15 17:45:12] begin to get device info from CFG file...
[Debug] [2025-8-15 17:45:12] end to get device info from CFG file...
[Debug] [2025-8-15 17:45:12] end to parse sfc file.
[Debug] [2025-8-15 17:45:12] Log::Print : The Start Address of bit file D:/Desktop/work_material/RK_learning/RK3568_MES2L50H/05-work_material/04_doc/allll/02_FPGA_demo/02_img_pcie_capture/project/generate_bitstream/image_pcie_capture.sbit: 0x0
[Debug] [2025-8-15 17:45:13] End to Converte file.
[Info] [2025-8-15 17:45:15] Configuration is not connect with server. connect first then scan chain.
[Debug] [2025-8-15 17:45:15] Client Local host name:LAPTOP-EA3TT0M1
[Debug] [2025-8-15 17:45:15] Client Local Address:192.168.1.11
[Debug] [2025-8-15 17:45:15] Client Local Address:192.168.1.8
[Debug] [2025-8-15 17:45:15] Server Address:127.0.0.1, Port:65420
[Debug] [2025-8-15 17:45:15] Log::Print : Connecting to server[127.0.0.1 : 65420].
[Info] [2025-8-15 17:45:15] Connect OK, Server: 127.0.0.1  Port: 65420
[Debug] [2025-8-15 17:45:15] Finish.
[Info] [2025-8-15 17:45:15] Connect server succeeded
[Debug] [2025-8-15 17:45:15] Send RPC:1
[Debug] [2025-8-15 17:45:15] Send cmd [check version information:40004] OK
[Debug] [2025-8-15 17:45:15] Log::Print : Connect to server[127.0.0.1 : 65420] successfully.
[Debug] [2025-8-15 17:45:16] Send RPC:2
[Debug] [2025-8-15 17:45:16] Send cmd [get_cable_paras:40010] OK
[Debug] [2025-8-15 17:45:16] Begin to send initialize chain cmd...
[Debug] [2025-8-15 17:45:16] Send RPC:3
[Debug] [2025-8-15 17:45:16] Send cmd [Open config cable:20001] OK
[Debug] [2025-8-15 17:45:16] End to send initialize chain cmd.
[Debug] [2025-8-15 17:45:16] COMMAND[check version information] execute successfully, takes 0.4 secs.
[Debug] [2025-8-15 17:45:16] Log::Print : COMMAND[check version information] execute successfully, takes 0.4 secs.
[Debug] [2025-8-15 17:45:17] COMMAND[get_cable_paras] execute successfully, takes 1.2 secs.
[Debug] [2025-8-15 17:45:17] Log::Print : The cable List : 
Cable index 0:USB Cable II/fffffffffffffffe 

[Debug] [2025-8-15 17:45:17] Log::Print : COMMAND[get_cable_paras] execute successfully, takes 1.2 secs.
[Debug] [2025-8-15 17:45:17] begin the exec of open cable cmd...
[Debug] [2025-8-15 17:45:17] Begin to deal with chain from server...
[Debug] [2025-8-15 17:45:17] Begin to set user chain...
[Debug] [2025-8-15 17:45:17] End to set user chain.
[Debug] [2025-8-15 17:45:17] Begin to update graphic item and tree item ...
[Debug] [2025-8-15 17:45:17] End to update graphic item and tree item ...
[Debug] [2025-8-15 17:45:18] Log::Print : PANGO USB CABLE II cable driver: D2XX DLL
[Debug] [2025-8-15 17:45:18] Log::Print : PG2L50H
[Debug] [2025-8-15 17:45:18] Log::Print : This device configure situation (done bit): 1
[Info] [2025-8-15 17:45:19] set OpenLastPath: D:/Desktop/work_material/RK_learning/RK3568_MES2L50H/05-work_material/04_doc/allll/02_FPGA_demo/02_img_pcie_capture/project/generate_bitstream/image_pcie_capture.sbit
[Debug] [2025-8-15 17:45:19] begin to get device info from CFG file...
[Debug] [2025-8-15 17:45:19] end to get device info from CFG file...
[Debug] [2025-8-15 17:45:19] Begin to update graphic item and tree item ...
[Debug] [2025-8-15 17:45:19] End to update graphic item and tree item ...
[Debug] [2025-8-15 17:45:19] Begin to update graphic item and tree item ...
[Debug] [2025-8-15 17:45:19] End to update graphic item and tree item ...
[Debug] [2025-8-15 17:45:19] End to deal wiht chain from server.
[Debug] [2025-8-15 17:45:19] end the exec of open cable cmd.
[Debug] [2025-8-15 17:45:19] COMMAND[Open config cable] execute successfully, takes 2.9 secs.
[Debug] [2025-8-15 17:45:19] Log::Print : COMMAND[Open config cable] execute successfully, takes 2.9 secs.
[Debug] [2025-8-15 17:45:20] Begin to send scan outer flash cmd...
[Debug] [2025-8-15 17:45:20] Send RPC:4
[Debug] [2025-8-15 17:45:20] Send cmd [Scan Outer SPI Flash:20300] OK
[Debug] [2025-8-15 17:45:20] End to send scan outer flash cmd.
[Debug] [2025-8-15 17:45:21] begin to exec scan jtag flash cmd...
[Debug] [2025-8-15 17:45:21] Begin to initialize JtagFlash for selected FPGA Device...
[Debug] [2025-8-15 17:45:21] Begin to update graphic item and tree item ...
[Debug] [2025-8-15 17:45:21] End to update graphic item and tree item ...
[Info] [2025-8-15 17:45:32] set OpenLastPath: D:/Desktop/work_material/RK_learning/RK3568_MES2L50H/05-work_material/04_doc/allll/02_FPGA_demo/02_img_pcie_capture/project/generate_bitstream/image_pcie_capture.sfc
[Debug] [2025-8-15 17:45:32] begin to check SFC File and Flash Device Read Mode.
[Debug] [2025-8-15 17:45:32] end to check SFC File and Flash Device Read Mode.
[Debug] [2025-8-15 17:45:32] Begin to update graphic item and tree item ...
[Debug] [2025-8-15 17:45:32] End to update graphic item and tree item ...
[Debug] [2025-8-15 17:45:32] End to initialize OuterFlash for selected FPGA Device...
[Debug] [2025-8-15 17:45:32] end to exec scan jtag flash cmd...
[Debug] [2025-8-15 17:45:32] COMMAND[Scan Outer SPI Flash] execute successfully, takes 11.5 secs.
[Debug] [2025-8-15 17:45:32] Log::Print : COMMAND[Scan Outer SPI Flash] execute successfully, takes 11.5 secs.
[Debug] [2025-8-15 17:45:33] begin to send promgram jtag flash cmd.
[Debug] [2025-8-15 17:45:33] begin to send jtag flash erase cmd
[Debug] [2025-8-15 17:45:33] Send RPC:5
[Debug] [2025-8-15 17:45:33] Begin to send embed flash erase data.
[Debug] [2025-8-15 17:45:33] Begin to send flash erase data.
[Debug] [2025-8-15 17:45:33] End to send flash erase data.
[Debug] [2025-8-15 17:45:33] End to send embed flash erase data.
[Debug] [2025-8-15 17:45:33] Send cmd [Erase Outer Flash:20302] OK
[Debug] [2025-8-15 17:45:33] Log::Print : The start address of operating flash is 0x0.
[Debug] [2025-8-15 17:45:33] The value of Progress is 1
[Debug] [2025-8-15 17:45:34] The value of Progress is 7
[Debug] [2025-8-15 17:45:35] The value of Progress is 10
[Debug] [2025-8-15 17:45:35] The value of Progress is 17
[Debug] [2025-8-15 17:45:36] The value of Progress is 21
[Debug] [2025-8-15 17:45:36] The value of Progress is 25
[Debug] [2025-8-15 17:45:37] The value of Progress is 32
[Debug] [2025-8-15 17:45:37] The value of Progress is 35
[Debug] [2025-8-15 17:45:38] The value of Progress is 42
[Debug] [2025-8-15 17:45:38] The value of Progress is 46
[Debug] [2025-8-15 17:45:39] The value of Progress is 50
[Debug] [2025-8-15 17:45:39] The value of Progress is 57
[Debug] [2025-8-15 17:45:40] The value of Progress is 60
[Debug] [2025-8-15 17:45:40] The value of Progress is 67
[Debug] [2025-8-15 17:45:41] The value of Progress is 71
[Debug] [2025-8-15 17:45:41] The value of Progress is 75
[Debug] [2025-8-15 17:45:42] The value of Progress is 82
[Debug] [2025-8-15 17:45:42] The value of Progress is 85
[Debug] [2025-8-15 17:45:43] The value of Progress is 92
[Debug] [2025-8-15 17:45:43] The value of Progress is 96
[Debug] [2025-8-15 17:45:43] The value of Progress is 100
[Debug] [2025-8-15 17:45:43] COMMAND[Erase Outer Flash] execute finish, takes 10.0 secs.
[Debug] [2025-8-15 17:45:43] end to send jtag flash erase cmd.
[Debug] [2025-8-15 17:45:43] Send RPC:6
[Debug] [2025-8-15 17:45:43] Begin to send jtag flash program data.
[Debug] [2025-8-15 17:45:43] Begin to send flash program data.
[Debug] [2025-8-15 17:45:43] End to send flash program data.
[Debug] [2025-8-15 17:45:43] End to send embed flash program data.
[Debug] [2025-8-15 17:45:43] Send cmd [Program Outer Flash:20301] OK
[Debug] [2025-8-15 17:45:43] Log::Print : COMMAND[Erase Outer Flash] execute finish, takes 10.0 secs.
[Debug] [2025-8-15 17:45:43] Log::Print : The start address of operating flash is 0x0.
[Debug] [2025-8-15 17:45:43] The value of Progress is 1
[Debug] [2025-8-15 17:45:45] The value of Progress is 6
[Debug] [2025-8-15 17:45:46] The value of Progress is 10
[Debug] [2025-8-15 17:45:47] The value of Progress is 15
[Debug] [2025-8-15 17:45:49] The value of Progress is 20
[Debug] [2025-8-15 17:45:50] The value of Progress is 25
[Debug] [2025-8-15 17:45:52] The value of Progress is 30
[Debug] [2025-8-15 17:45:53] The value of Progress is 35
[Debug] [2025-8-15 17:45:54] The value of Progress is 40
[Debug] [2025-8-15 17:45:56] The value of Progress is 45
[Debug] [2025-8-15 17:45:57] The value of Progress is 50
[Debug] [2025-8-15 17:45:59] The value of Progress is 55
[Debug] [2025-8-15 17:46:00] The value of Progress is 60
[Debug] [2025-8-15 17:46:01] The value of Progress is 65
[Debug] [2025-8-15 17:46:03] The value of Progress is 70
[Debug] [2025-8-15 17:46:04] The value of Progress is 75
[Debug] [2025-8-15 17:46:06] The value of Progress is 80
[Debug] [2025-8-15 17:46:07] The value of Progress is 85
[Debug] [2025-8-15 17:46:08] The value of Progress is 90
[Debug] [2025-8-15 17:46:10] The value of Progress is 95
[Debug] [2025-8-15 17:46:11] The value of Progress is 100
[Debug] [2025-8-15 17:46:11] COMMAND[Program Outer Flash] execute finish, takes 28.4 secs.
[Debug] [2025-8-15 17:46:11] begin to send jtag flash verify cmd
[Debug] [2025-8-15 17:46:11] Send RPC:7
[Debug] [2025-8-15 17:46:11] Begin to send embed flash verify data.
[Debug] [2025-8-15 17:46:11] Begin to send flash verify data.
[Debug] [2025-8-15 17:46:11] End to send flash verify data.
[Debug] [2025-8-15 17:46:11] End to send embed flash verify data.
[Debug] [2025-8-15 17:46:11] Send cmd [Verify Outer Flash:20303] OK
[Debug] [2025-8-15 17:46:12] Log::Print : COMMAND[Program Outer Flash] execute finish, takes 28.4 secs.
[Debug] [2025-8-15 17:46:12] Log::Print : The start address of operating flash is 0x0.
[Debug] [2025-8-15 17:46:12] The value of Progress is 1
[Debug] [2025-8-15 17:46:12] The value of Progress is 6
[Debug] [2025-8-15 17:46:12] The value of Progress is 10
[Debug] [2025-8-15 17:46:12] The value of Progress is 15
[Debug] [2025-8-15 17:46:12] The value of Progress is 20
[Debug] [2025-8-15 17:46:12] The value of Progress is 25
[Debug] [2025-8-15 17:46:12] The value of Progress is 30
[Debug] [2025-8-15 17:46:12] The value of Progress is 35
[Debug] [2025-8-15 17:46:12] The value of Progress is 40
[Debug] [2025-8-15 17:46:12] The value of Progress is 45
[Debug] [2025-8-15 17:46:13] The value of Progress is 50
[Debug] [2025-8-15 17:46:13] The value of Progress is 55
[Debug] [2025-8-15 17:46:13] The value of Progress is 60
[Debug] [2025-8-15 17:46:13] The value of Progress is 65
[Debug] [2025-8-15 17:46:13] The value of Progress is 70
[Debug] [2025-8-15 17:46:13] The value of Progress is 75
[Debug] [2025-8-15 17:46:13] The value of Progress is 80
[Debug] [2025-8-15 17:46:13] The value of Progress is 85
[Debug] [2025-8-15 17:46:13] The value of Progress is 90
[Debug] [2025-8-15 17:46:13] The value of Progress is 95
[Debug] [2025-8-15 17:46:13] The value of Progress is 100
[Debug] [2025-8-15 17:46:14] COMMAND[Verify Outer Flash] execute successfully, takes 2.2 secs.
[Debug] [2025-8-15 17:46:14] end to send jtag flash verify cmd
[Debug] [2025-8-15 17:46:14] end to send jtag flash program cmd.
[Debug] [2025-8-15 17:46:14] Log::Print : COMMAND[Verify Outer Flash] execute successfully, takes 2.2 secs.
[Info] [2025-8-15 18:55:36] /***************************End Configration***************************/
[Info] [2025-10-16 16:24:05] /***************************Start Configuration***************************/
[Info] [2025-10-16 16:24:05] Path: C:/pango/PDS_2022.2-SP6.4/bin
[Info] [2025-10-16 16:24:05] Version: 146967
[Info] [2025-10-16 16:24:06] Current Path: D:/Desktop/video_class/camera_demo/FPGA_project/03_camera_pcie_capture_fmc/project
[Info] [2025-10-16 16:24:06] PDS Dir Path: D:/Desktop/video_class/camera_demo/FPGA_project/03_camera_pcie_capture_fmc/project
[Debug] [2025-10-16 16:24:09] Begin to Converte file.
[Debug] [2025-10-16 16:24:24] begin to parse sfc file.
[Debug] [2025-10-16 16:24:24] begin to get device info from CFG file...
[Debug] [2025-10-16 16:24:24] end to get device info from CFG file...
[Debug] [2025-10-16 16:24:24] begin to get device info from CFG file...
[Debug] [2025-10-16 16:24:24] end to get device info from CFG file...
[Debug] [2025-10-16 16:24:24] end to parse sfc file.
[Debug] [2025-10-16 16:24:24] Log::Print : The Start Address of bit file D:/Desktop/video_class/camera_demo/FPGA_project/03_camera_pcie_capture_fmc/project/generate_bitstream/image_pcie_capture.sbit: 0x0
[Debug] [2025-10-16 16:24:25] End to Converte file.
[Info] [2025-10-16 16:24:26] Configuration is not connect with server. connect first then scan chain.
[Debug] [2025-10-16 16:24:26] Client Local host name:LAPTOP-EA3TT0M1
[Debug] [2025-10-16 16:24:26] Client Local Address:192.168.1.105
[Debug] [2025-10-16 16:24:26] Client Local Address:10.104.21.106
[Debug] [2025-10-16 16:24:26] Server Address:127.0.0.1, Port:65420
[Debug] [2025-10-16 16:24:27] Log::Print : Connecting to server[127.0.0.1 : 65420].
[Info] [2025-10-16 16:24:27] Connect OK, Server: 127.0.0.1  Port: 65420
[Debug] [2025-10-16 16:24:27] Finish.
[Info] [2025-10-16 16:24:27] Connect server succeeded
[Debug] [2025-10-16 16:24:27] Send RPC:1
[Debug] [2025-10-16 16:24:27] Send cmd [check version information:40004] OK
[Debug] [2025-10-16 16:24:27] Log::Print : Connect to server[127.0.0.1 : 65420] successfully.
[Debug] [2025-10-16 16:24:28] Send RPC:2
[Debug] [2025-10-16 16:24:28] Send cmd [get_cable_paras:40010] OK
[Debug] [2025-10-16 16:24:28] Begin to send initialize chain cmd...
[Debug] [2025-10-16 16:24:28] Send RPC:3
[Debug] [2025-10-16 16:24:28] Send cmd [Open config cable:20001] OK
[Debug] [2025-10-16 16:24:28] End to send initialize chain cmd.
[Debug] [2025-10-16 16:24:28] COMMAND[check version information] execute successfully, takes 0.6 secs.
[Debug] [2025-10-16 16:24:28] Log::Print : COMMAND[check version information] execute successfully, takes 0.6 secs.
[Debug] [2025-10-16 16:24:29] COMMAND[get_cable_paras] execute successfully, takes 1.3 secs.
[Debug] [2025-10-16 16:24:29] Log::Print : The cable List : 
Cable index 0:USB Cable II/fffffffffffffffe 

[Debug] [2025-10-16 16:24:29] Log::Print : COMMAND[get_cable_paras] execute successfully, takes 1.3 secs.
[Debug] [2025-10-16 16:24:29] begin the exec of open cable cmd...
[Debug] [2025-10-16 16:24:29] Begin to deal with chain from server...
[Debug] [2025-10-16 16:24:29] Begin to set user chain...
[Debug] [2025-10-16 16:24:29] End to set user chain.
[Debug] [2025-10-16 16:24:29] Begin to update graphic item and tree item ...
[Debug] [2025-10-16 16:24:29] End to update graphic item and tree item ...
[Debug] [2025-10-16 16:24:29] Log::Print : PANGO USB CABLE II cable driver: D2XX DLL
[Debug] [2025-10-16 16:24:29] Log::Print : PG2L50H
[Debug] [2025-10-16 16:24:29] Log::Print : This device configure situation (done bit): 1
[Info] [2025-10-16 16:24:30] set OpenLastPath: D:/Desktop/video_class/camera_demo/FPGA_project/03_camera_pcie_capture_fmc/project/generate_bitstream/image_pcie_capture.sbit
[Debug] [2025-10-16 16:24:30] begin to get device info from CFG file...
[Debug] [2025-10-16 16:24:30] end to get device info from CFG file...
[Debug] [2025-10-16 16:24:30] Begin to update graphic item and tree item ...
[Debug] [2025-10-16 16:24:30] End to update graphic item and tree item ...
[Debug] [2025-10-16 16:24:30] Begin to update graphic item and tree item ...
[Debug] [2025-10-16 16:24:30] End to update graphic item and tree item ...
[Debug] [2025-10-16 16:24:30] End to deal wiht chain from server.
[Debug] [2025-10-16 16:24:30] end the exec of open cable cmd.
[Debug] [2025-10-16 16:24:30] COMMAND[Open config cable] execute successfully, takes 2.4 secs.
[Debug] [2025-10-16 16:24:30] Log::Print : COMMAND[Open config cable] execute successfully, takes 2.4 secs.
[Debug] [2025-10-16 16:24:32] Begin to send scan outer flash cmd...
[Debug] [2025-10-16 16:24:32] Send RPC:4
[Debug] [2025-10-16 16:24:32] Send cmd [Scan Outer SPI Flash:20300] OK
[Debug] [2025-10-16 16:24:32] End to send scan outer flash cmd.
[Debug] [2025-10-16 16:24:32] begin to exec scan jtag flash cmd...
[Debug] [2025-10-16 16:24:32] Begin to initialize JtagFlash for selected FPGA Device...
[Debug] [2025-10-16 16:24:32] Begin to update graphic item and tree item ...
[Debug] [2025-10-16 16:24:32] End to update graphic item and tree item ...
[Info] [2025-10-16 16:24:33] set OpenLastPath: D:/Desktop/video_class/camera_demo/FPGA_project/03_camera_pcie_capture_fmc/project/generate_bitstream/image_pcie_capture.sfc
[Debug] [2025-10-16 16:24:33] begin to check SFC File and Flash Device Read Mode.
[Debug] [2025-10-16 16:24:33] end to check SFC File and Flash Device Read Mode.
[Debug] [2025-10-16 16:24:33] Begin to update graphic item and tree item ...
[Debug] [2025-10-16 16:24:33] End to update graphic item and tree item ...
[Debug] [2025-10-16 16:24:33] End to initialize OuterFlash for selected FPGA Device...
[Debug] [2025-10-16 16:24:33] end to exec scan jtag flash cmd...
[Debug] [2025-10-16 16:24:33] COMMAND[Scan Outer SPI Flash] execute successfully, takes 1.4 secs.
[Debug] [2025-10-16 16:24:33] Log::Print : COMMAND[Scan Outer SPI Flash] execute successfully, takes 1.4 secs.
[Debug] [2025-10-16 16:24:34] begin to send promgram jtag flash cmd.
[Debug] [2025-10-16 16:24:34] begin to send jtag flash erase cmd
[Debug] [2025-10-16 16:24:34] Send RPC:5
[Debug] [2025-10-16 16:24:34] Begin to send embed flash erase data.
[Debug] [2025-10-16 16:24:34] Begin to send flash erase data.
[Debug] [2025-10-16 16:24:34] End to send flash erase data.
[Debug] [2025-10-16 16:24:34] End to send embed flash erase data.
[Debug] [2025-10-16 16:24:34] Send cmd [Erase Outer Flash:20302] OK
[Debug] [2025-10-16 16:24:34] Log::Print : The start address of operating flash is 0x0.
[Debug] [2025-10-16 16:24:35] The value of Progress is 1
[Debug] [2025-10-16 16:24:36] The value of Progress is 6
[Debug] [2025-10-16 16:24:36] The value of Progress is 10
[Debug] [2025-10-16 16:24:37] The value of Progress is 16
[Debug] [2025-10-16 16:24:37] The value of Progress is 20
[Debug] [2025-10-16 16:24:38] The value of Progress is 26
[Debug] [2025-10-16 16:24:38] The value of Progress is 30
[Debug] [2025-10-16 16:24:39] The value of Progress is 36
[Debug] [2025-10-16 16:24:39] The value of Progress is 40
[Debug] [2025-10-16 16:24:40] The value of Progress is 46
[Debug] [2025-10-16 16:24:40] The value of Progress is 50
[Debug] [2025-10-16 16:24:41] The value of Progress is 56
[Debug] [2025-10-16 16:24:41] The value of Progress is 60
[Debug] [2025-10-16 16:24:42] The value of Progress is 66
[Debug] [2025-10-16 16:24:42] The value of Progress is 70
[Debug] [2025-10-16 16:24:43] The value of Progress is 76
[Debug] [2025-10-16 16:24:43] The value of Progress is 80
[Debug] [2025-10-16 16:24:44] The value of Progress is 86
[Debug] [2025-10-16 16:24:44] The value of Progress is 90
[Debug] [2025-10-16 16:24:45] The value of Progress is 96
[Debug] [2025-10-16 16:24:45] The value of Progress is 100
[Debug] [2025-10-16 16:24:45] COMMAND[Erase Outer Flash] execute finish, takes 10.5 secs.
[Debug] [2025-10-16 16:24:45] end to send jtag flash erase cmd.
[Debug] [2025-10-16 16:24:45] Send RPC:6
[Debug] [2025-10-16 16:24:45] Begin to send jtag flash program data.
[Debug] [2025-10-16 16:24:45] Begin to send flash program data.
[Debug] [2025-10-16 16:24:45] End to send flash program data.
[Debug] [2025-10-16 16:24:45] End to send embed flash program data.
[Debug] [2025-10-16 16:24:45] Send cmd [Program Outer Flash:20301] OK
[Debug] [2025-10-16 16:24:45] Log::Print : COMMAND[Erase Outer Flash] execute finish, takes 10.5 secs.
[Debug] [2025-10-16 16:24:45] Log::Print : The start address of operating flash is 0x0.
[Debug] [2025-10-16 16:24:45] The value of Progress is 1
[Debug] [2025-10-16 16:24:47] The value of Progress is 6
[Debug] [2025-10-16 16:24:48] The value of Progress is 10
[Debug] [2025-10-16 16:24:50] The value of Progress is 15
[Debug] [2025-10-16 16:24:51] The value of Progress is 20
[Debug] [2025-10-16 16:24:53] The value of Progress is 25
[Debug] [2025-10-16 16:24:54] The value of Progress is 30
[Debug] [2025-10-16 16:24:56] The value of Progress is 35
[Debug] [2025-10-16 16:24:57] The value of Progress is 40
[Debug] [2025-10-16 16:24:59] The value of Progress is 45
[Debug] [2025-10-16 16:25:00] The value of Progress is 50
[Debug] [2025-10-16 16:25:02] The value of Progress is 55
[Debug] [2025-10-16 16:25:03] The value of Progress is 60
[Debug] [2025-10-16 16:25:05] The value of Progress is 65
[Debug] [2025-10-16 16:25:06] The value of Progress is 70
[Debug] [2025-10-16 16:25:08] The value of Progress is 75
[Debug] [2025-10-16 16:25:10] The value of Progress is 80
[Debug] [2025-10-16 16:25:11] The value of Progress is 85
[Debug] [2025-10-16 16:25:13] The value of Progress is 90
[Debug] [2025-10-16 16:25:14] The value of Progress is 95
[Debug] [2025-10-16 16:25:16] The value of Progress is 100
[Debug] [2025-10-16 16:25:16] COMMAND[Program Outer Flash] execute finish, takes 30.7 secs.
[Debug] [2025-10-16 16:25:16] begin to send jtag flash verify cmd
[Debug] [2025-10-16 16:25:16] Send RPC:7
[Debug] [2025-10-16 16:25:16] Begin to send embed flash verify data.
[Debug] [2025-10-16 16:25:16] Begin to send flash verify data.
[Debug] [2025-10-16 16:25:16] End to send flash verify data.
[Debug] [2025-10-16 16:25:16] End to send embed flash verify data.
[Debug] [2025-10-16 16:25:16] Send cmd [Verify Outer Flash:20303] OK
[Debug] [2025-10-16 16:25:16] Log::Print : COMMAND[Program Outer Flash] execute finish, takes 30.7 secs.
[Debug] [2025-10-16 16:25:16] Log::Print : The start address of operating flash is 0x0.
[Debug] [2025-10-16 16:25:16] The value of Progress is 1
[Debug] [2025-10-16 16:25:16] The value of Progress is 6
[Debug] [2025-10-16 16:25:16] The value of Progress is 10
[Debug] [2025-10-16 16:25:16] The value of Progress is 15
[Debug] [2025-10-16 16:25:16] The value of Progress is 20
[Debug] [2025-10-16 16:25:16] The value of Progress is 25
[Debug] [2025-10-16 16:25:17] The value of Progress is 30
[Debug] [2025-10-16 16:25:17] The value of Progress is 35
[Debug] [2025-10-16 16:25:17] The value of Progress is 40
[Debug] [2025-10-16 16:25:17] The value of Progress is 45
[Debug] [2025-10-16 16:25:17] The value of Progress is 50
[Debug] [2025-10-16 16:25:17] The value of Progress is 55
[Debug] [2025-10-16 16:25:17] The value of Progress is 60
[Debug] [2025-10-16 16:25:17] The value of Progress is 65
[Debug] [2025-10-16 16:25:17] The value of Progress is 70
[Debug] [2025-10-16 16:25:17] The value of Progress is 75
[Debug] [2025-10-16 16:25:17] The value of Progress is 80
[Debug] [2025-10-16 16:25:18] The value of Progress is 85
[Debug] [2025-10-16 16:25:18] The value of Progress is 90
[Debug] [2025-10-16 16:25:18] The value of Progress is 95
[Debug] [2025-10-16 16:25:18] The value of Progress is 100
[Debug] [2025-10-16 16:25:18] COMMAND[Verify Outer Flash] execute successfully, takes 2.3 secs.
[Debug] [2025-10-16 16:25:18] end to send jtag flash verify cmd
[Debug] [2025-10-16 16:25:18] end to send jtag flash program cmd.
[Debug] [2025-10-16 16:25:18] Log::Print : COMMAND[Verify Outer Flash] execute successfully, takes 2.3 secs.
[Debug] [2025-10-16 16:32:30] Begin to Converte file.
[Debug] [2025-10-16 16:32:30] End to Converte file.
[Debug] [2025-10-16 16:32:33] begin to parse sfc file.
[Debug] [2025-10-16 16:32:33] begin to get device info from CFG file...
[Debug] [2025-10-16 16:32:33] end to get device info from CFG file...
[Debug] [2025-10-16 16:32:33] begin to get device info from CFG file...
[Debug] [2025-10-16 16:32:33] end to get device info from CFG file...
[Debug] [2025-10-16 16:32:33] end to parse sfc file.
[Debug] [2025-10-16 16:32:33] Log::Print : The Start Address of bit file D:/Desktop/video_class/camera_demo/FPGA_project/03_camera_pcie_capture_fmc/project/generate_bitstream/image_pcie_capture.sbit: 0x0
[Debug] [2025-10-16 16:32:36] Begin to send scan outer flash cmd...
[Debug] [2025-10-16 16:32:36] Send RPC:8
[Debug] [2025-10-16 16:32:36] Send cmd [Scan Outer SPI Flash:20300] OK
[Debug] [2025-10-16 16:32:36] End to send scan outer flash cmd.
[Debug] [2025-10-16 16:32:36] begin to exec scan jtag flash cmd...
[Debug] [2025-10-16 16:32:36] Begin to initialize JtagFlash for selected FPGA Device...
[Debug] [2025-10-16 16:32:36] Begin to update graphic item and tree item ...
[Debug] [2025-10-16 16:32:36] End to update graphic item and tree item ...
[Info] [2025-10-16 16:32:39] set OpenLastPath: D:/Desktop/video_class/camera_demo/FPGA_project/03_camera_pcie_capture_fmc/project/generate_bitstream/image_pcie_capture.sfc
[Debug] [2025-10-16 16:32:39] begin to check SFC File and Flash Device Read Mode.
[Debug] [2025-10-16 16:32:39] end to check SFC File and Flash Device Read Mode.
[Debug] [2025-10-16 16:32:39] Begin to update graphic item and tree item ...
[Debug] [2025-10-16 16:32:39] End to update graphic item and tree item ...
[Debug] [2025-10-16 16:32:39] End to initialize OuterFlash for selected FPGA Device...
[Debug] [2025-10-16 16:32:39] end to exec scan jtag flash cmd...
[Debug] [2025-10-16 16:32:39] COMMAND[Scan Outer SPI Flash] execute successfully, takes 3.6 secs.
[Debug] [2025-10-16 16:32:39] Log::Print : COMMAND[Scan Outer SPI Flash] execute successfully, takes 3.6 secs.
[Debug] [2025-10-16 16:32:41] begin to send promgram jtag flash cmd.
[Debug] [2025-10-16 16:32:41] begin to send jtag flash erase cmd
[Debug] [2025-10-16 16:32:41] Send RPC:9
[Debug] [2025-10-16 16:32:41] Begin to send embed flash erase data.
[Debug] [2025-10-16 16:32:41] Begin to send flash erase data.
[Debug] [2025-10-16 16:32:41] End to send flash erase data.
[Debug] [2025-10-16 16:32:41] End to send embed flash erase data.
[Debug] [2025-10-16 16:32:41] Send cmd [Erase Outer Flash:20302] OK
[Debug] [2025-10-16 16:32:41] Log::Print : The start address of operating flash is 0x0.
[Debug] [2025-10-16 16:32:41] The value of Progress is 1
[Debug] [2025-10-16 16:32:43] The value of Progress is 6
[Debug] [2025-10-16 16:32:43] The value of Progress is 12
[Debug] [2025-10-16 16:32:44] The value of Progress is 16
[Debug] [2025-10-16 16:32:44] The value of Progress is 22
[Debug] [2025-10-16 16:32:45] The value of Progress is 25
[Debug] [2025-10-16 16:32:45] The value of Progress is 32
[Debug] [2025-10-16 16:32:45] The value of Progress is 35
[Debug] [2025-10-16 16:32:46] The value of Progress is 41
[Debug] [2025-10-16 16:32:47] The value of Progress is 45
[Debug] [2025-10-16 16:32:47] The value of Progress is 51
[Debug] [2025-10-16 16:32:48] The value of Progress is 58
[Debug] [2025-10-16 16:32:48] The value of Progress is 61
[Debug] [2025-10-16 16:32:49] The value of Progress is 67
[Debug] [2025-10-16 16:32:49] The value of Progress is 70
[Debug] [2025-10-16 16:32:50] The value of Progress is 77
[Debug] [2025-10-16 16:32:50] The value of Progress is 80
[Debug] [2025-10-16 16:32:51] The value of Progress is 87
[Debug] [2025-10-16 16:32:51] The value of Progress is 90
[Debug] [2025-10-16 16:32:52] The value of Progress is 96
[Debug] [2025-10-16 16:32:52] The value of Progress is 100
[Debug] [2025-10-16 16:32:52] COMMAND[Erase Outer Flash] execute finish, takes 10.8 secs.
[Debug] [2025-10-16 16:32:52] end to send jtag flash erase cmd.
[Debug] [2025-10-16 16:32:52] Send RPC:10
[Debug] [2025-10-16 16:32:52] Begin to send jtag flash program data.
[Debug] [2025-10-16 16:32:52] Begin to send flash program data.
[Debug] [2025-10-16 16:32:52] End to send flash program data.
[Debug] [2025-10-16 16:32:52] End to send embed flash program data.
[Debug] [2025-10-16 16:32:52] Send cmd [Program Outer Flash:20301] OK
[Debug] [2025-10-16 16:32:52] Log::Print : COMMAND[Erase Outer Flash] execute finish, takes 10.8 secs.
[Debug] [2025-10-16 16:32:52] Log::Print : The start address of operating flash is 0x0.
[Debug] [2025-10-16 16:32:52] The value of Progress is 1
[Debug] [2025-10-16 16:32:54] The value of Progress is 6
[Debug] [2025-10-16 16:32:55] The value of Progress is 10
[Debug] [2025-10-16 16:32:57] The value of Progress is 15
[Debug] [2025-10-16 16:32:58] The value of Progress is 20
[Debug] [2025-10-16 16:33:00] The value of Progress is 25
[Debug] [2025-10-16 16:33:02] The value of Progress is 30
[Debug] [2025-10-16 16:33:03] The value of Progress is 35
[Debug] [2025-10-16 16:33:05] The value of Progress is 40
[Debug] [2025-10-16 16:33:06] The value of Progress is 45
[Debug] [2025-10-16 16:33:08] The value of Progress is 50
[Debug] [2025-10-16 16:33:09] The value of Progress is 55
[Debug] [2025-10-16 16:33:11] The value of Progress is 60
[Debug] [2025-10-16 16:33:12] The value of Progress is 65
[Debug] [2025-10-16 16:33:14] The value of Progress is 70
[Debug] [2025-10-16 16:33:16] The value of Progress is 75
[Debug] [2025-10-16 16:33:17] The value of Progress is 80
[Debug] [2025-10-16 16:33:19] The value of Progress is 85
[Debug] [2025-10-16 16:33:20] The value of Progress is 90
[Debug] [2025-10-16 16:33:22] The value of Progress is 95
[Debug] [2025-10-16 16:33:23] The value of Progress is 100
[Debug] [2025-10-16 16:33:24] COMMAND[Program Outer Flash] execute finish, takes 31.5 secs.
[Debug] [2025-10-16 16:33:24] begin to send jtag flash verify cmd
[Debug] [2025-10-16 16:33:24] Send RPC:11
[Debug] [2025-10-16 16:33:24] Begin to send embed flash verify data.
[Debug] [2025-10-16 16:33:24] Begin to send flash verify data.
[Debug] [2025-10-16 16:33:24] End to send flash verify data.
[Debug] [2025-10-16 16:33:24] End to send embed flash verify data.
[Debug] [2025-10-16 16:33:24] Send cmd [Verify Outer Flash:20303] OK
[Debug] [2025-10-16 16:33:24] Log::Print : COMMAND[Program Outer Flash] execute finish, takes 31.5 secs.
[Debug] [2025-10-16 16:33:24] Log::Print : The start address of operating flash is 0x0.
[Debug] [2025-10-16 16:33:24] The value of Progress is 1
[Debug] [2025-10-16 16:33:24] The value of Progress is 6
[Debug] [2025-10-16 16:33:24] The value of Progress is 10
[Debug] [2025-10-16 16:33:24] The value of Progress is 15
[Debug] [2025-10-16 16:33:24] The value of Progress is 20
[Debug] [2025-10-16 16:33:24] The value of Progress is 25
[Debug] [2025-10-16 16:33:24] The value of Progress is 30
[Debug] [2025-10-16 16:33:24] The value of Progress is 35
[Debug] [2025-10-16 16:33:25] The value of Progress is 40
[Debug] [2025-10-16 16:33:25] The value of Progress is 45
[Debug] [2025-10-16 16:33:25] The value of Progress is 50
[Debug] [2025-10-16 16:33:25] The value of Progress is 55
[Debug] [2025-10-16 16:33:25] The value of Progress is 60
[Debug] [2025-10-16 16:33:25] The value of Progress is 65
[Debug] [2025-10-16 16:33:25] The value of Progress is 70
[Debug] [2025-10-16 16:33:25] The value of Progress is 75
[Debug] [2025-10-16 16:33:25] The value of Progress is 80
[Debug] [2025-10-16 16:33:25] The value of Progress is 85
[Debug] [2025-10-16 16:33:25] The value of Progress is 90
[Debug] [2025-10-16 16:33:26] The value of Progress is 95
[Debug] [2025-10-16 16:33:26] The value of Progress is 100
[Debug] [2025-10-16 16:33:26] COMMAND[Verify Outer Flash] execute successfully, takes 2.2 secs.
[Debug] [2025-10-16 16:33:26] end to send jtag flash verify cmd
[Debug] [2025-10-16 16:33:26] end to send jtag flash program cmd.
[Debug] [2025-10-16 16:33:26] Log::Print : COMMAND[Verify Outer Flash] execute successfully, takes 2.2 secs.
[Info] [2025-10-16 16:47:35] /***************************End Configration***************************/
[Info] [2025-10-16 17:22:13] /***************************Start Configuration***************************/
[Info] [2025-10-16 17:22:13] Path: C:/pango/PDS_2022.2-SP6.4/bin
[Info] [2025-10-16 17:22:13] Version: 146967
[Info] [2025-10-16 17:22:14] Current Path: D:/Desktop/video_class/camera_demo/FPGA_project/04_camera_pcie_capture_40pin/project
[Info] [2025-10-16 17:22:14] PDS Dir Path: D:/Desktop/video_class/camera_demo/FPGA_project/04_camera_pcie_capture_40pin/project
[Info] [2025-10-16 17:22:21] Configuration is not connect with server. connect first then scan chain.
[Debug] [2025-10-16 17:22:21] Client Local host name:LAPTOP-EA3TT0M1
[Debug] [2025-10-16 17:22:21] Client Local Address:10.104.21.106
[Debug] [2025-10-16 17:22:21] Server Address:127.0.0.1, Port:65420
[Debug] [2025-10-16 17:22:21] Log::Print : Connecting to server[127.0.0.1 : 65420].
[Info] [2025-10-16 17:22:21] Connect OK, Server: 127.0.0.1  Port: 65420
[Debug] [2025-10-16 17:22:21] Finish.
[Info] [2025-10-16 17:22:21] Connect server succeeded
[Debug] [2025-10-16 17:22:21] Send RPC:1
[Debug] [2025-10-16 17:22:21] Send cmd [check version information:40004] OK
[Debug] [2025-10-16 17:22:21] Log::Print : Connect to server[127.0.0.1 : 65420] successfully.
[Debug] [2025-10-16 17:22:22] Send RPC:2
[Debug] [2025-10-16 17:22:22] Send cmd [get_cable_paras:40010] OK
[Debug] [2025-10-16 17:22:22] Begin to send initialize chain cmd...
[Debug] [2025-10-16 17:22:22] Send RPC:3
[Debug] [2025-10-16 17:22:22] Send cmd [Open config cable:20001] OK
[Debug] [2025-10-16 17:22:22] End to send initialize chain cmd.
[Debug] [2025-10-16 17:22:22] COMMAND[check version information] execute successfully, takes 0.5 secs.
[Debug] [2025-10-16 17:22:22] Log::Print : COMMAND[check version information] execute successfully, takes 0.5 secs.
[Debug] [2025-10-16 17:22:23] COMMAND[get_cable_paras] execute successfully, takes 1.2 secs.
[Debug] [2025-10-16 17:22:23] Log::Print : The cable List : 
Cable index 0:USB Cable II/fffffffffffffffe 

[Debug] [2025-10-16 17:22:23] Log::Print : COMMAND[get_cable_paras] execute successfully, takes 1.2 secs.
[Debug] [2025-10-16 17:22:24] begin the exec of open cable cmd...
[Debug] [2025-10-16 17:22:24] Begin to deal with chain from server...
[Debug] [2025-10-16 17:22:24] Begin to set user chain...
[Debug] [2025-10-16 17:22:24] End to set user chain.
[Debug] [2025-10-16 17:22:24] Begin to update graphic item and tree item ...
[Debug] [2025-10-16 17:22:24] End to update graphic item and tree item ...
[Debug] [2025-10-16 17:22:24] Log::Print : PANGO USB CABLE II cable driver: D2XX DLL
[Debug] [2025-10-16 17:22:24] Log::Print : PG2L50H
[Debug] [2025-10-16 17:22:24] Log::Print : This device configure situation (done bit): 1
[Info] [2025-10-16 17:22:25] set OpenLastPath: D:/Desktop/video_class/camera_demo/FPGA_project/04_camera_pcie_capture_40pin/project/generate_bitstream/image_pcie_capture.sbit
[Debug] [2025-10-16 17:22:25] begin to get device info from CFG file...
[Debug] [2025-10-16 17:22:25] end to get device info from CFG file...
[Debug] [2025-10-16 17:22:25] Begin to update graphic item and tree item ...
[Debug] [2025-10-16 17:22:25] End to update graphic item and tree item ...
[Debug] [2025-10-16 17:22:25] Begin to update graphic item and tree item ...
[Debug] [2025-10-16 17:22:25] End to update graphic item and tree item ...
[Debug] [2025-10-16 17:22:25] End to deal wiht chain from server.
[Debug] [2025-10-16 17:22:25] end the exec of open cable cmd.
[Debug] [2025-10-16 17:22:25] COMMAND[Open config cable] execute successfully, takes 2.8 secs.
[Debug] [2025-10-16 17:22:25] Log::Print : COMMAND[Open config cable] execute successfully, takes 2.8 secs.
[Debug] [2025-10-16 17:22:28] Begin to Converte file.
[Debug] [2025-10-16 17:22:34] begin to parse sfc file.
[Debug] [2025-10-16 17:22:34] begin to get device info from CFG file...
[Debug] [2025-10-16 17:22:34] end to get device info from CFG file...
[Debug] [2025-10-16 17:22:34] begin to get device info from CFG file...
[Debug] [2025-10-16 17:22:34] end to get device info from CFG file...
[Debug] [2025-10-16 17:22:34] end to parse sfc file.
[Debug] [2025-10-16 17:22:34] Log::Print : The Start Address of bit file D:/Desktop/video_class/camera_demo/FPGA_project/04_camera_pcie_capture_40pin/project/generate_bitstream/image_pcie_capture.sbit: 0x0
[Debug] [2025-10-16 17:22:36] End to Converte file.
[Debug] [2025-10-16 17:23:12] Begin to Converte file.
[Debug] [2025-10-16 17:23:12] End to Converte file.
[Debug] [2025-10-16 17:23:59] Begin to operate flash.
[Debug] [2025-10-16 17:23:59] End to operate flash.
[Debug] [2025-10-16 17:24:03] Begin to Converte file.
[Debug] [2025-10-16 17:24:03] End to Converte file.
[Debug] [2025-10-16 17:24:05] begin to parse sfc file.
[Debug] [2025-10-16 17:24:05] begin to get device info from CFG file...
[Debug] [2025-10-16 17:24:05] end to get device info from CFG file...
[Debug] [2025-10-16 17:24:05] begin to get device info from CFG file...
[Debug] [2025-10-16 17:24:05] end to get device info from CFG file...
[Debug] [2025-10-16 17:24:05] end to parse sfc file.
[Debug] [2025-10-16 17:24:05] Log::Print : The Start Address of bit file D:/Desktop/video_class/camera_demo/FPGA_project/04_camera_pcie_capture_40pin/project/generate_bitstream/image_pcie_capture.sbit: 0x0
[Debug] [2025-10-16 17:24:07] Begin to send scan outer flash cmd...
[Debug] [2025-10-16 17:24:07] Send RPC:4
[Debug] [2025-10-16 17:24:07] Send cmd [Scan Outer SPI Flash:20300] OK
[Debug] [2025-10-16 17:24:07] End to send scan outer flash cmd.
[Debug] [2025-10-16 17:24:08] begin to exec scan jtag flash cmd...
[Debug] [2025-10-16 17:24:08] Begin to initialize JtagFlash for selected FPGA Device...
[Debug] [2025-10-16 17:24:08] Begin to update graphic item and tree item ...
[Debug] [2025-10-16 17:24:08] End to update graphic item and tree item ...
[Info] [2025-10-16 17:24:09] set OpenLastPath: D:/Desktop/video_class/camera_demo/FPGA_project/04_camera_pcie_capture_40pin/project/generate_bitstream/image_pcie_capture.sfc
[Debug] [2025-10-16 17:24:09] begin to check SFC File and Flash Device Read Mode.
[Debug] [2025-10-16 17:24:09] end to check SFC File and Flash Device Read Mode.
[Debug] [2025-10-16 17:24:09] Begin to update graphic item and tree item ...
[Debug] [2025-10-16 17:24:09] End to update graphic item and tree item ...
[Debug] [2025-10-16 17:24:09] End to initialize OuterFlash for selected FPGA Device...
[Debug] [2025-10-16 17:24:09] end to exec scan jtag flash cmd...
[Debug] [2025-10-16 17:24:09] COMMAND[Scan Outer SPI Flash] execute successfully, takes 1.2 secs.
[Debug] [2025-10-16 17:24:09] Log::Print : COMMAND[Scan Outer SPI Flash] execute successfully, takes 1.2 secs.
[Debug] [2025-10-16 17:24:10] begin to send promgram jtag flash cmd.
[Debug] [2025-10-16 17:24:10] begin to send jtag flash erase cmd
[Debug] [2025-10-16 17:24:10] Send RPC:5
[Debug] [2025-10-16 17:24:10] Begin to send embed flash erase data.
[Debug] [2025-10-16 17:24:10] Begin to send flash erase data.
[Debug] [2025-10-16 17:24:10] End to send flash erase data.
[Debug] [2025-10-16 17:24:10] End to send embed flash erase data.
[Debug] [2025-10-16 17:24:10] Send cmd [Erase Outer Flash:20302] OK
[Debug] [2025-10-16 17:24:10] Log::Print : The start address of operating flash is 0x0.
[Debug] [2025-10-16 17:24:10] The value of Progress is 1
[Debug] [2025-10-16 17:24:11] The value of Progress is 7
[Debug] [2025-10-16 17:24:11] The value of Progress is 10
[Debug] [2025-10-16 17:24:12] The value of Progress is 17
[Debug] [2025-10-16 17:24:12] The value of Progress is 21
[Debug] [2025-10-16 17:24:13] The value of Progress is 25
[Debug] [2025-10-16 17:24:13] The value of Progress is 32
[Debug] [2025-10-16 17:24:14] The value of Progress is 35
[Debug] [2025-10-16 17:24:14] The value of Progress is 42
[Debug] [2025-10-16 17:24:15] The value of Progress is 46
[Debug] [2025-10-16 17:24:15] The value of Progress is 50
[Debug] [2025-10-16 17:24:16] The value of Progress is 57
[Debug] [2025-10-16 17:24:16] The value of Progress is 60
[Debug] [2025-10-16 17:24:17] The value of Progress is 67
[Debug] [2025-10-16 17:24:17] The value of Progress is 71
[Debug] [2025-10-16 17:24:17] The value of Progress is 75
[Debug] [2025-10-16 17:24:18] The value of Progress is 82
[Debug] [2025-10-16 17:24:18] The value of Progress is 85
[Debug] [2025-10-16 17:24:19] The value of Progress is 92
[Debug] [2025-10-16 17:24:19] The value of Progress is 96
[Debug] [2025-10-16 17:24:19] The value of Progress is 100
[Debug] [2025-10-16 17:24:19] COMMAND[Erase Outer Flash] execute finish, takes 9.7 secs.
[Debug] [2025-10-16 17:24:19] end to send jtag flash erase cmd.
[Debug] [2025-10-16 17:24:19] Send RPC:6
[Debug] [2025-10-16 17:24:19] Begin to send jtag flash program data.
[Debug] [2025-10-16 17:24:19] Begin to send flash program data.
[Debug] [2025-10-16 17:24:19] End to send flash program data.
[Debug] [2025-10-16 17:24:19] End to send embed flash program data.
[Debug] [2025-10-16 17:24:19] Send cmd [Program Outer Flash:20301] OK
[Debug] [2025-10-16 17:24:19] Log::Print : COMMAND[Erase Outer Flash] execute finish, takes 9.7 secs.
[Debug] [2025-10-16 17:24:19] Log::Print : The start address of operating flash is 0x0.
[Debug] [2025-10-16 17:24:20] The value of Progress is 1
[Debug] [2025-10-16 17:24:21] The value of Progress is 6
[Debug] [2025-10-16 17:24:22] The value of Progress is 10
[Debug] [2025-10-16 17:24:24] The value of Progress is 15
[Debug] [2025-10-16 17:24:25] The value of Progress is 20
[Debug] [2025-10-16 17:24:27] The value of Progress is 25
[Debug] [2025-10-16 17:24:28] The value of Progress is 30
[Debug] [2025-10-16 17:24:30] The value of Progress is 35
[Debug] [2025-10-16 17:24:31] The value of Progress is 40
[Debug] [2025-10-16 17:24:33] The value of Progress is 45
[Debug] [2025-10-16 17:24:34] The value of Progress is 50
[Debug] [2025-10-16 17:24:35] The value of Progress is 55
[Debug] [2025-10-16 17:24:37] The value of Progress is 60
[Debug] [2025-10-16 17:24:38] The value of Progress is 65
[Debug] [2025-10-16 17:24:40] The value of Progress is 70
[Debug] [2025-10-16 17:24:41] The value of Progress is 75
[Debug] [2025-10-16 17:24:42] The value of Progress is 80
[Debug] [2025-10-16 17:24:44] The value of Progress is 85
[Debug] [2025-10-16 17:24:45] The value of Progress is 90
[Debug] [2025-10-16 17:24:47] The value of Progress is 95
[Debug] [2025-10-16 17:24:48] The value of Progress is 100
[Debug] [2025-10-16 17:24:48] COMMAND[Program Outer Flash] execute finish, takes 28.9 secs.
[Debug] [2025-10-16 17:24:48] begin to send jtag flash verify cmd
[Debug] [2025-10-16 17:24:48] Send RPC:7
[Debug] [2025-10-16 17:24:48] Begin to send embed flash verify data.
[Debug] [2025-10-16 17:24:48] Begin to send flash verify data.
[Debug] [2025-10-16 17:24:48] End to send flash verify data.
[Debug] [2025-10-16 17:24:48] End to send embed flash verify data.
[Debug] [2025-10-16 17:24:48] Send cmd [Verify Outer Flash:20303] OK
[Debug] [2025-10-16 17:24:48] Log::Print : COMMAND[Program Outer Flash] execute finish, takes 28.9 secs.
[Debug] [2025-10-16 17:24:48] Log::Print : The start address of operating flash is 0x0.
[Debug] [2025-10-16 17:24:48] The value of Progress is 1
[Debug] [2025-10-16 17:24:49] The value of Progress is 6
[Debug] [2025-10-16 17:24:49] The value of Progress is 10
[Debug] [2025-10-16 17:24:49] The value of Progress is 15
[Debug] [2025-10-16 17:24:49] The value of Progress is 20
[Debug] [2025-10-16 17:24:49] The value of Progress is 25
[Debug] [2025-10-16 17:24:49] The value of Progress is 30
[Debug] [2025-10-16 17:24:49] The value of Progress is 35
[Debug] [2025-10-16 17:24:49] The value of Progress is 40
[Debug] [2025-10-16 17:24:49] The value of Progress is 45
[Debug] [2025-10-16 17:24:49] The value of Progress is 50
[Debug] [2025-10-16 17:24:49] The value of Progress is 55
[Debug] [2025-10-16 17:24:50] The value of Progress is 60
[Debug] [2025-10-16 17:24:50] The value of Progress is 65
[Debug] [2025-10-16 17:24:50] The value of Progress is 70
[Debug] [2025-10-16 17:24:50] The value of Progress is 75
[Debug] [2025-10-16 17:24:50] The value of Progress is 80
[Debug] [2025-10-16 17:24:50] The value of Progress is 85
[Debug] [2025-10-16 17:24:50] The value of Progress is 90
[Debug] [2025-10-16 17:24:50] The value of Progress is 95
[Debug] [2025-10-16 17:24:50] The value of Progress is 100
[Debug] [2025-10-16 17:24:51] COMMAND[Verify Outer Flash] execute successfully, takes 2.2 secs.
[Debug] [2025-10-16 17:24:51] end to send jtag flash verify cmd
[Debug] [2025-10-16 17:24:51] end to send jtag flash program cmd.
[Debug] [2025-10-16 17:24:51] Log::Print : COMMAND[Verify Outer Flash] execute successfully, takes 2.2 secs.
[Debug] [2025-10-16 18:14:05] Begin to Converte file.
[Debug] [2025-10-16 18:14:05] End to Converte file.
[Debug] [2025-10-16 18:14:09] begin to parse sfc file.
[Debug] [2025-10-16 18:14:09] begin to get device info from CFG file...
[Debug] [2025-10-16 18:14:09] end to get device info from CFG file...
[Debug] [2025-10-16 18:14:09] begin to get device info from CFG file...
[Debug] [2025-10-16 18:14:09] end to get device info from CFG file...
[Debug] [2025-10-16 18:14:09] end to parse sfc file.
[Debug] [2025-10-16 18:14:09] Log::Print : The Start Address of bit file D:/Desktop/video_class/camera_demo/FPGA_project/04_camera_pcie_capture_40pin/project/generate_bitstream/image_pcie_capture.sbit: 0x0
[Debug] [2025-10-16 18:14:12] begin to send promgram jtag flash cmd.
[Debug] [2025-10-16 18:14:12] begin to send jtag flash erase cmd
[Debug] [2025-10-16 18:14:12] Send RPC:8
[Debug] [2025-10-16 18:14:12] Begin to send embed flash erase data.
[Debug] [2025-10-16 18:14:12] Begin to send flash erase data.
[Debug] [2025-10-16 18:14:12] End to send flash erase data.
[Debug] [2025-10-16 18:14:12] End to send embed flash erase data.
[Debug] [2025-10-16 18:14:12] Send cmd [Erase Outer Flash:20302] OK
[Debug] [2025-10-16 18:14:12] Log::Print : The start address of operating flash is 0x0.
[Debug] [2025-10-16 18:14:12] The value of Progress is 1
[Debug] [2025-10-16 18:14:14] The value of Progress is 7
[Debug] [2025-10-16 18:14:14] The value of Progress is 10
[Debug] [2025-10-16 18:14:15] The value of Progress is 17
[Debug] [2025-10-16 18:14:15] The value of Progress is 21
[Debug] [2025-10-16 18:14:15] The value of Progress is 25
[Debug] [2025-10-16 18:14:16] The value of Progress is 32
[Debug] [2025-10-16 18:14:16] The value of Progress is 35
[Debug] [2025-10-16 18:14:17] The value of Progress is 42
[Debug] [2025-10-16 18:14:18] The value of Progress is 46
[Debug] [2025-10-16 18:14:18] The value of Progress is 50
[Debug] [2025-10-16 18:14:19] The value of Progress is 57
[Debug] [2025-10-16 18:14:19] The value of Progress is 60
[Debug] [2025-10-16 18:14:20] The value of Progress is 67
[Debug] [2025-10-16 18:14:20] The value of Progress is 71
[Debug] [2025-10-16 18:14:20] The value of Progress is 75
[Debug] [2025-10-16 18:14:21] The value of Progress is 82
[Debug] [2025-10-16 18:14:21] The value of Progress is 85
[Debug] [2025-10-16 18:14:22] The value of Progress is 92
[Debug] [2025-10-16 18:14:22] The value of Progress is 96
[Debug] [2025-10-16 18:14:22] The value of Progress is 100
[Debug] [2025-10-16 18:14:22] COMMAND[Erase Outer Flash] execute finish, takes 10.3 secs.
[Debug] [2025-10-16 18:14:22] end to send jtag flash erase cmd.
[Debug] [2025-10-16 18:14:22] Send RPC:9
[Debug] [2025-10-16 18:14:22] Begin to send jtag flash program data.
[Debug] [2025-10-16 18:14:22] Begin to send flash program data.
[Debug] [2025-10-16 18:14:22] End to send flash program data.
[Debug] [2025-10-16 18:14:22] End to send embed flash program data.
[Debug] [2025-10-16 18:14:22] Send cmd [Program Outer Flash:20301] OK
[Debug] [2025-10-16 18:14:22] Log::Print : COMMAND[Erase Outer Flash] execute finish, takes 10.3 secs.
[Debug] [2025-10-16 18:14:22] Log::Print : The start address of operating flash is 0x0.
[Debug] [2025-10-16 18:14:23] The value of Progress is 1
[Debug] [2025-10-16 18:14:24] The value of Progress is 6
[Debug] [2025-10-16 18:14:25] The value of Progress is 10
[Debug] [2025-10-16 18:14:27] The value of Progress is 15
[Debug] [2025-10-16 18:14:28] The value of Progress is 20
[Debug] [2025-10-16 18:14:30] The value of Progress is 25
[Debug] [2025-10-16 18:14:31] The value of Progress is 30
[Debug] [2025-10-16 18:14:33] The value of Progress is 35
[Debug] [2025-10-16 18:14:34] The value of Progress is 40
[Debug] [2025-10-16 18:14:35] The value of Progress is 45
[Debug] [2025-10-16 18:14:37] The value of Progress is 50
[Debug] [2025-10-16 18:14:38] The value of Progress is 55
[Debug] [2025-10-16 18:14:40] The value of Progress is 60
[Debug] [2025-10-16 18:14:41] The value of Progress is 65
[Debug] [2025-10-16 18:14:42] The value of Progress is 70
[Debug] [2025-10-16 18:14:44] The value of Progress is 75
[Debug] [2025-10-16 18:14:45] The value of Progress is 80
[Debug] [2025-10-16 18:14:47] The value of Progress is 85
[Debug] [2025-10-16 18:14:48] The value of Progress is 90
[Debug] [2025-10-16 18:14:50] The value of Progress is 95
[Debug] [2025-10-16 18:14:51] The value of Progress is 100
[Debug] [2025-10-16 18:14:51] COMMAND[Program Outer Flash] execute finish, takes 28.9 secs.
[Debug] [2025-10-16 18:14:51] begin to send jtag flash verify cmd
[Debug] [2025-10-16 18:14:51] Send RPC:10
[Debug] [2025-10-16 18:14:51] Begin to send embed flash verify data.
[Debug] [2025-10-16 18:14:51] Begin to send flash verify data.
[Debug] [2025-10-16 18:14:51] End to send flash verify data.
[Debug] [2025-10-16 18:14:51] End to send embed flash verify data.
[Debug] [2025-10-16 18:14:51] Send cmd [Verify Outer Flash:20303] OK
[Debug] [2025-10-16 18:14:51] Log::Print : COMMAND[Program Outer Flash] execute finish, takes 28.9 secs.
[Debug] [2025-10-16 18:14:51] Log::Print : The start address of operating flash is 0x0.
[Debug] [2025-10-16 18:14:51] The value of Progress is 1
[Debug] [2025-10-16 18:14:52] The value of Progress is 6
[Debug] [2025-10-16 18:14:52] The value of Progress is 10
[Debug] [2025-10-16 18:14:52] The value of Progress is 15
[Debug] [2025-10-16 18:14:52] The value of Progress is 20
[Debug] [2025-10-16 18:14:52] The value of Progress is 25
[Debug] [2025-10-16 18:14:52] The value of Progress is 30
[Debug] [2025-10-16 18:14:52] The value of Progress is 35
[Debug] [2025-10-16 18:14:52] The value of Progress is 40
[Debug] [2025-10-16 18:14:52] The value of Progress is 45
[Debug] [2025-10-16 18:14:52] The value of Progress is 50
[Debug] [2025-10-16 18:14:53] The value of Progress is 55
[Debug] [2025-10-16 18:14:53] The value of Progress is 60
[Debug] [2025-10-16 18:14:53] The value of Progress is 65
[Debug] [2025-10-16 18:14:53] The value of Progress is 70
[Debug] [2025-10-16 18:14:53] The value of Progress is 75
[Debug] [2025-10-16 18:14:53] The value of Progress is 80
[Debug] [2025-10-16 18:14:53] The value of Progress is 85
[Debug] [2025-10-16 18:14:53] The value of Progress is 90
[Debug] [2025-10-16 18:14:53] The value of Progress is 95
[Debug] [2025-10-16 18:14:53] The value of Progress is 100
[Debug] [2025-10-16 18:14:54] COMMAND[Verify Outer Flash] execute successfully, takes 2.3 secs.
[Debug] [2025-10-16 18:14:54] end to send jtag flash verify cmd
[Debug] [2025-10-16 18:14:54] end to send jtag flash program cmd.
[Debug] [2025-10-16 18:14:54] Log::Print : COMMAND[Verify Outer Flash] execute successfully, takes 2.3 secs.
[Error] [2025-10-16 21:06:26] Server close connect
[Info] [2025-10-16 21:06:26] Disconnect from Server: 127.0.0.1  Port: 65420
[Warn] [2025-10-16 21:06:26] Server is disconnected
[Debug] [2025-10-16 21:06:26] end to connect server
[Debug] [2025-10-16 21:06:26] Server close connect process finish
[Debug] [2025-10-16 21:06:26] Begin to delete graphic item and tree item ...
[Debug] [2025-10-16 21:06:26] Begin to remove all device in BS mode...
[Debug] [2025-10-16 21:06:26] begin remove user device...
[Debug] [2025-10-16 21:06:26] begin remove user device...
[Debug] [2025-10-16 21:06:26] end remove user device.
[Debug] [2025-10-16 21:06:26] Begin to update graphic item and tree item ...
[Debug] [2025-10-16 21:06:26] End to update graphic item and tree item ...
[Debug] [2025-10-16 21:06:26] end remove user device.
[Debug] [2025-10-16 21:06:26] End to remove devices in BS mode...
[Debug] [2025-10-16 21:06:26] Begin to update graphic item and tree item ...
[Debug] [2025-10-16 21:06:26] End to update graphic item and tree item ...
[Debug] [2025-10-16 21:06:26] End to delete graphic item and tree item ...
[Error] [2025-10-16 21:06:27] MsgOut: CdtCommon-0402: Fail to connect to server. 
[Debug] [2025-10-16 21:06:27] Log::Print : Server is disconnect
[Info] [2025-10-17 11:11:44] /***************************Start Configuration***************************/
[Info] [2025-10-17 11:11:44] Path: C:/pango/PDS_2022.2-SP6.4/bin
[Info] [2025-10-17 11:11:44] Version: 146967
[Info] [2025-10-17 11:11:45] Current Path: D:/Desktop/video_class/camera_demo/FPGA_project/04_camera_pcie_capture_40pin/project
[Info] [2025-10-17 11:11:45] PDS Dir Path: D:/Desktop/video_class/camera_demo/FPGA_project/04_camera_pcie_capture_40pin/project
[Info] [2025-10-17 11:11:47] Configuration is not connect with server. connect first then scan chain.
[Debug] [2025-10-17 11:11:47] Client Local host name:LAPTOP-EA3TT0M1
[Debug] [2025-10-17 11:11:47] Client Local Address:192.168.1.105
[Debug] [2025-10-17 11:11:47] Client Local Address:10.104.21.106
[Debug] [2025-10-17 11:11:47] Server Address:127.0.0.1, Port:65420
[Debug] [2025-10-17 11:11:47] Log::Print : Connecting to server[127.0.0.1 : 65420].
[Info] [2025-10-17 11:11:47] Connect OK, Server: 127.0.0.1  Port: 65420
[Debug] [2025-10-17 11:11:47] Finish.
[Info] [2025-10-17 11:11:47] Connect server succeeded
[Debug] [2025-10-17 11:11:47] Send RPC:1
[Debug] [2025-10-17 11:11:47] Send cmd [check version information:40004] OK
[Debug] [2025-10-17 11:11:47] Send RPC:2
[Debug] [2025-10-17 11:11:47] Send cmd [get_cable_paras:40010] OK
[Debug] [2025-10-17 11:11:47] Begin to send initialize chain cmd...
[Debug] [2025-10-17 11:11:47] Send RPC:3
[Debug] [2025-10-17 11:11:47] Send cmd [Open config cable:20001] OK
[Debug] [2025-10-17 11:11:47] End to send initialize chain cmd.
[Debug] [2025-10-17 11:11:47] COMMAND[check version information] execute successfully, takes 0.0 secs.
[Debug] [2025-10-17 11:11:47] Log::Print : Connect to server[127.0.0.1 : 65420] successfully.
[Debug] [2025-10-17 11:11:47] Log::Print : COMMAND[check version information] execute successfully, takes 0.0 secs.
[Debug] [2025-10-17 11:11:48] COMMAND[get_cable_paras] execute successfully, takes 1.3 secs.
[Debug] [2025-10-17 11:11:48] Log::Print : The cable List : 
Cable index 0:USB Cable II/fffffffffffffffe 

[Debug] [2025-10-17 11:11:48] Log::Print : COMMAND[get_cable_paras] execute successfully, takes 1.3 secs.
[Debug] [2025-10-17 11:11:48] begin the exec of open cable cmd...
[Debug] [2025-10-17 11:11:48] Begin to deal with chain from server...
[Debug] [2025-10-17 11:11:48] Begin to set user chain...
[Debug] [2025-10-17 11:11:48] End to set user chain.
[Debug] [2025-10-17 11:11:48] Begin to update graphic item and tree item ...
[Debug] [2025-10-17 11:11:48] End to update graphic item and tree item ...
[Debug] [2025-10-17 11:11:48] Log::Print : PANGO USB CABLE II cable driver: D2XX DLL
[Debug] [2025-10-17 11:11:48] Log::Print : PG2L50H
[Debug] [2025-10-17 11:11:48] Log::Print : This device configure situation (done bit): 1
[Info] [2025-10-17 11:11:50] set OpenLastPath: D:/Desktop/video_class/camera_demo/FPGA_project/04_camera_pcie_capture_40pin/project/generate_bitstream/image_pcie_capture.sbit
[Debug] [2025-10-17 11:11:50] begin to get device info from CFG file...
[Debug] [2025-10-17 11:11:50] end to get device info from CFG file...
[Debug] [2025-10-17 11:11:50] Begin to update graphic item and tree item ...
[Debug] [2025-10-17 11:11:50] End to update graphic item and tree item ...
[Debug] [2025-10-17 11:11:50] Begin to update graphic item and tree item ...
[Debug] [2025-10-17 11:11:50] End to update graphic item and tree item ...
[Debug] [2025-10-17 11:11:50] End to deal wiht chain from server.
[Debug] [2025-10-17 11:11:50] end the exec of open cable cmd.
[Debug] [2025-10-17 11:11:50] COMMAND[Open config cable] execute successfully, takes 2.9 secs.
[Debug] [2025-10-17 11:11:50] Log::Print : COMMAND[Open config cable] execute successfully, takes 2.9 secs.
[Debug] [2025-10-17 11:11:51] Begin to Converte file.
[Debug] [2025-10-17 11:11:58] begin to parse sfc file.
[Debug] [2025-10-17 11:11:58] begin to get device info from CFG file...
[Debug] [2025-10-17 11:11:58] end to get device info from CFG file...
[Debug] [2025-10-17 11:11:58] begin to get device info from CFG file...
[Debug] [2025-10-17 11:11:58] end to get device info from CFG file...
[Debug] [2025-10-17 11:11:58] end to parse sfc file.
[Debug] [2025-10-17 11:11:58] Log::Print : The Start Address of bit file D:/Desktop/video_class/camera_demo/FPGA_project/04_camera_pcie_capture_40pin/project/generate_bitstream/image_pcie_capture.sbit: 0x0
[Debug] [2025-10-17 11:11:58] End to Converte file.
[Debug] [2025-10-17 11:12:01] Begin to send scan outer flash cmd...
[Debug] [2025-10-17 11:12:01] Send RPC:4
[Debug] [2025-10-17 11:12:01] Send cmd [Scan Outer SPI Flash:20300] OK
[Debug] [2025-10-17 11:12:01] End to send scan outer flash cmd.
[Debug] [2025-10-17 11:12:01] begin to exec scan jtag flash cmd...
[Debug] [2025-10-17 11:12:01] Begin to initialize JtagFlash for selected FPGA Device...
[Debug] [2025-10-17 11:12:01] Begin to update graphic item and tree item ...
[Debug] [2025-10-17 11:12:01] End to update graphic item and tree item ...
[Info] [2025-10-17 11:12:03] set OpenLastPath: D:/Desktop/video_class/camera_demo/FPGA_project/04_camera_pcie_capture_40pin/project/generate_bitstream/image_pcie_capture.sfc
[Debug] [2025-10-17 11:12:03] begin to check SFC File and Flash Device Read Mode.
[Debug] [2025-10-17 11:12:03] end to check SFC File and Flash Device Read Mode.
[Debug] [2025-10-17 11:12:03] Begin to update graphic item and tree item ...
[Debug] [2025-10-17 11:12:03] End to update graphic item and tree item ...
[Debug] [2025-10-17 11:12:03] End to initialize OuterFlash for selected FPGA Device...
[Debug] [2025-10-17 11:12:03] end to exec scan jtag flash cmd...
[Debug] [2025-10-17 11:12:03] COMMAND[Scan Outer SPI Flash] execute successfully, takes 1.9 secs.
[Debug] [2025-10-17 11:12:03] Log::Print : COMMAND[Scan Outer SPI Flash] execute successfully, takes 1.9 secs.
[Debug] [2025-10-17 11:12:04] begin to send promgram jtag flash cmd.
[Debug] [2025-10-17 11:12:04] begin to send jtag flash erase cmd
[Debug] [2025-10-17 11:12:04] Send RPC:5
[Debug] [2025-10-17 11:12:04] Begin to send embed flash erase data.
[Debug] [2025-10-17 11:12:04] Begin to send flash erase data.
[Debug] [2025-10-17 11:12:04] End to send flash erase data.
[Debug] [2025-10-17 11:12:04] End to send embed flash erase data.
[Debug] [2025-10-17 11:12:04] Send cmd [Erase Outer Flash:20302] OK
[Debug] [2025-10-17 11:12:04] Log::Print : The start address of operating flash is 0x0.
[Debug] [2025-10-17 11:12:04] The value of Progress is 1
[Debug] [2025-10-17 11:12:05] The value of Progress is 6
[Debug] [2025-10-17 11:12:06] The value of Progress is 10
[Debug] [2025-10-17 11:12:06] The value of Progress is 16
[Debug] [2025-10-17 11:12:07] The value of Progress is 20
[Debug] [2025-10-17 11:12:07] The value of Progress is 26
[Debug] [2025-10-17 11:12:08] The value of Progress is 30
[Debug] [2025-10-17 11:12:08] The value of Progress is 36
[Debug] [2025-10-17 11:12:09] The value of Progress is 40
[Debug] [2025-10-17 11:12:09] The value of Progress is 46
[Debug] [2025-10-17 11:12:10] The value of Progress is 50
[Debug] [2025-10-17 11:12:10] The value of Progress is 56
[Debug] [2025-10-17 11:12:11] The value of Progress is 60
[Debug] [2025-10-17 11:12:11] The value of Progress is 66
[Debug] [2025-10-17 11:12:12] The value of Progress is 70
[Debug] [2025-10-17 11:12:12] The value of Progress is 76
[Debug] [2025-10-17 11:12:13] The value of Progress is 80
[Debug] [2025-10-17 11:12:13] The value of Progress is 86
[Debug] [2025-10-17 11:12:14] The value of Progress is 90
[Debug] [2025-10-17 11:12:14] The value of Progress is 96
[Debug] [2025-10-17 11:12:14] The value of Progress is 100
[Debug] [2025-10-17 11:12:14] COMMAND[Erase Outer Flash] execute finish, takes 10.3 secs.
[Debug] [2025-10-17 11:12:14] end to send jtag flash erase cmd.
[Debug] [2025-10-17 11:12:14] Send RPC:6
[Debug] [2025-10-17 11:12:14] Begin to send jtag flash program data.
[Debug] [2025-10-17 11:12:14] Begin to send flash program data.
[Debug] [2025-10-17 11:12:14] End to send flash program data.
[Debug] [2025-10-17 11:12:14] End to send embed flash program data.
[Debug] [2025-10-17 11:12:14] Send cmd [Program Outer Flash:20301] OK
[Debug] [2025-10-17 11:12:14] Log::Print : COMMAND[Erase Outer Flash] execute finish, takes 10.3 secs.
[Debug] [2025-10-17 11:12:14] Log::Print : The start address of operating flash is 0x0.
[Debug] [2025-10-17 11:12:15] The value of Progress is 1
[Debug] [2025-10-17 11:12:16] The value of Progress is 6
[Debug] [2025-10-17 11:12:18] The value of Progress is 10
[Debug] [2025-10-17 11:12:19] The value of Progress is 15
[Debug] [2025-10-17 11:12:21] The value of Progress is 20
[Debug] [2025-10-17 11:12:22] The value of Progress is 25
[Debug] [2025-10-17 11:12:24] The value of Progress is 30
[Debug] [2025-10-17 11:12:25] The value of Progress is 35
[Debug] [2025-10-17 11:12:27] The value of Progress is 40
[Debug] [2025-10-17 11:12:28] The value of Progress is 45
[Debug] [2025-10-17 11:12:30] The value of Progress is 50
[Debug] [2025-10-17 11:12:32] The value of Progress is 55
[Debug] [2025-10-17 11:12:33] The value of Progress is 60
[Debug] [2025-10-17 11:12:35] The value of Progress is 65
[Debug] [2025-10-17 11:12:36] The value of Progress is 70
[Debug] [2025-10-17 11:12:38] The value of Progress is 75
[Debug] [2025-10-17 11:12:39] The value of Progress is 80
[Debug] [2025-10-17 11:12:41] The value of Progress is 85
[Debug] [2025-10-17 11:12:43] The value of Progress is 90
[Debug] [2025-10-17 11:12:44] The value of Progress is 95
[Debug] [2025-10-17 11:12:46] The value of Progress is 100
[Debug] [2025-10-17 11:12:46] COMMAND[Program Outer Flash] execute finish, takes 31.5 secs.
[Debug] [2025-10-17 11:12:46] begin to send jtag flash verify cmd
[Debug] [2025-10-17 11:12:46] Send RPC:7
[Debug] [2025-10-17 11:12:46] Begin to send embed flash verify data.
[Debug] [2025-10-17 11:12:46] Begin to send flash verify data.
[Debug] [2025-10-17 11:12:46] End to send flash verify data.
[Debug] [2025-10-17 11:12:46] End to send embed flash verify data.
[Debug] [2025-10-17 11:12:46] Send cmd [Verify Outer Flash:20303] OK
[Debug] [2025-10-17 11:12:46] Log::Print : COMMAND[Program Outer Flash] execute finish, takes 31.5 secs.
[Debug] [2025-10-17 11:12:46] Log::Print : The start address of operating flash is 0x0.
[Debug] [2025-10-17 11:12:46] The value of Progress is 1
[Debug] [2025-10-17 11:12:46] The value of Progress is 6
[Debug] [2025-10-17 11:12:46] The value of Progress is 10
[Debug] [2025-10-17 11:12:46] The value of Progress is 15
[Debug] [2025-10-17 11:12:47] The value of Progress is 20
[Debug] [2025-10-17 11:12:47] The value of Progress is 25
[Debug] [2025-10-17 11:12:47] The value of Progress is 30
[Debug] [2025-10-17 11:12:47] The value of Progress is 35
[Debug] [2025-10-17 11:12:47] The value of Progress is 40
[Debug] [2025-10-17 11:12:47] The value of Progress is 45
[Debug] [2025-10-17 11:12:47] The value of Progress is 50
[Debug] [2025-10-17 11:12:47] The value of Progress is 55
[Debug] [2025-10-17 11:12:47] The value of Progress is 60
[Debug] [2025-10-17 11:12:47] The value of Progress is 65
[Debug] [2025-10-17 11:12:47] The value of Progress is 70
[Debug] [2025-10-17 11:12:48] The value of Progress is 75
[Debug] [2025-10-17 11:12:48] The value of Progress is 80
[Debug] [2025-10-17 11:12:48] The value of Progress is 85
[Debug] [2025-10-17 11:12:48] The value of Progress is 90
[Debug] [2025-10-17 11:12:48] The value of Progress is 95
[Debug] [2025-10-17 11:12:48] The value of Progress is 100
[Debug] [2025-10-17 11:12:48] COMMAND[Verify Outer Flash] execute successfully, takes 2.3 secs.
[Debug] [2025-10-17 11:12:48] end to send jtag flash verify cmd
[Debug] [2025-10-17 11:12:48] end to send jtag flash program cmd.
[Debug] [2025-10-17 11:12:48] Log::Print : COMMAND[Verify Outer Flash] execute successfully, takes 2.3 secs.
[Info] [2025-10-17 11:15:26] /***************************End Configration***************************/
[Info] [2025-10-17 11:19:00] /***************************Start Configuration***************************/
[Info] [2025-10-17 11:19:00] Path: C:/pango/PDS_2022.2-SP6.4/bin
[Info] [2025-10-17 11:19:00] Version: 146967
[Info] [2025-10-17 11:19:01] Current Path: D:/Desktop/video_class/camera_demo/FPGA_project/04_camera_pcie_capture_40pin/project
[Info] [2025-10-17 11:19:01] PDS Dir Path: D:/Desktop/video_class/camera_demo/FPGA_project/04_camera_pcie_capture_40pin/project
[Debug] [2025-10-17 11:19:03] Begin to Converte file.
[Debug] [2025-10-17 11:19:10] begin to parse sfc file.
[Debug] [2025-10-17 11:19:10] begin to get device info from CFG file...
[Debug] [2025-10-17 11:19:10] end to get device info from CFG file...
[Debug] [2025-10-17 11:19:10] begin to get device info from CFG file...
[Debug] [2025-10-17 11:19:10] end to get device info from CFG file...
[Debug] [2025-10-17 11:19:10] end to parse sfc file.
[Debug] [2025-10-17 11:19:10] Log::Print : The Start Address of bit file D:/Desktop/video_class/camera_demo/FPGA_project/04_camera_pcie_capture_40pin/project/generate_bitstream/image_pcie_capture.sbit: 0x0
[Debug] [2025-10-17 11:19:10] End to Converte file.
[Info] [2025-10-17 11:19:12] Configuration is not connect with server. connect first then scan chain.
[Debug] [2025-10-17 11:19:12] Client Local host name:LAPTOP-EA3TT0M1
[Debug] [2025-10-17 11:19:12] Client Local Address:192.168.1.105
[Debug] [2025-10-17 11:19:12] Client Local Address:10.104.21.106
[Debug] [2025-10-17 11:19:12] Server Address:127.0.0.1, Port:65420
[Debug] [2025-10-17 11:19:12] Log::Print : Connecting to server[127.0.0.1 : 65420].
[Info] [2025-10-17 11:19:12] Connect OK, Server: 127.0.0.1  Port: 65420
[Debug] [2025-10-17 11:19:12] Finish.
[Info] [2025-10-17 11:19:12] Connect server succeeded
[Debug] [2025-10-17 11:19:12] Send RPC:1
[Debug] [2025-10-17 11:19:12] Send cmd [check version information:40004] OK
[Debug] [2025-10-17 11:19:12] Send RPC:2
[Debug] [2025-10-17 11:19:12] Send cmd [get_cable_paras:40010] OK
[Debug] [2025-10-17 11:19:12] Begin to send initialize chain cmd...
[Debug] [2025-10-17 11:19:12] Send RPC:3
[Debug] [2025-10-17 11:19:12] Send cmd [Open config cable:20001] OK
[Debug] [2025-10-17 11:19:12] End to send initialize chain cmd.
[Debug] [2025-10-17 11:19:12] COMMAND[check version information] execute successfully, takes 0.0 secs.
[Debug] [2025-10-17 11:19:12] Log::Print : Connect to server[127.0.0.1 : 65420] successfully.
[Debug] [2025-10-17 11:19:12] Log::Print : COMMAND[check version information] execute successfully, takes 0.0 secs.
[Debug] [2025-10-17 11:19:13] COMMAND[get_cable_paras] execute successfully, takes 1.3 secs.
[Debug] [2025-10-17 11:19:13] Log::Print : The cable List : 
Cable index 0:USB Cable II/fffffffffffffffe 

[Debug] [2025-10-17 11:19:13] Log::Print : COMMAND[get_cable_paras] execute successfully, takes 1.3 secs.
[Debug] [2025-10-17 11:19:14] begin the exec of open cable cmd...
[Debug] [2025-10-17 11:19:14] Begin to deal with chain from server...
[Debug] [2025-10-17 11:19:14] Begin to set user chain...
[Debug] [2025-10-17 11:19:14] End to set user chain.
[Debug] [2025-10-17 11:19:14] Begin to update graphic item and tree item ...
[Debug] [2025-10-17 11:19:14] End to update graphic item and tree item ...
[Debug] [2025-10-17 11:19:14] Log::Print : PANGO USB CABLE II cable driver: D2XX DLL
[Debug] [2025-10-17 11:19:14] Log::Print : PG2L50H
[Debug] [2025-10-17 11:19:14] Log::Print : This device configure situation (done bit): 1
[Info] [2025-10-17 11:19:15] set OpenLastPath: D:/Desktop/video_class/camera_demo/FPGA_project/04_camera_pcie_capture_40pin/project/generate_bitstream/image_pcie_capture.sbit
[Debug] [2025-10-17 11:19:15] begin to get device info from CFG file...
[Debug] [2025-10-17 11:19:15] end to get device info from CFG file...
[Debug] [2025-10-17 11:19:15] Begin to update graphic item and tree item ...
[Debug] [2025-10-17 11:19:15] End to update graphic item and tree item ...
[Debug] [2025-10-17 11:19:15] Begin to update graphic item and tree item ...
[Debug] [2025-10-17 11:19:15] End to update graphic item and tree item ...
[Debug] [2025-10-17 11:19:15] End to deal wiht chain from server.
[Debug] [2025-10-17 11:19:15] end the exec of open cable cmd.
[Debug] [2025-10-17 11:19:15] COMMAND[Open config cable] execute successfully, takes 2.8 secs.
[Debug] [2025-10-17 11:19:15] Log::Print : COMMAND[Open config cable] execute successfully, takes 2.8 secs.
[Debug] [2025-10-17 11:19:16] Begin to send scan outer flash cmd...
[Debug] [2025-10-17 11:19:16] Send RPC:4
[Debug] [2025-10-17 11:19:16] Send cmd [Scan Outer SPI Flash:20300] OK
[Debug] [2025-10-17 11:19:16] End to send scan outer flash cmd.
[Debug] [2025-10-17 11:19:16] begin to exec scan jtag flash cmd...
[Debug] [2025-10-17 11:19:16] Begin to initialize JtagFlash for selected FPGA Device...
[Debug] [2025-10-17 11:19:16] Begin to update graphic item and tree item ...
[Debug] [2025-10-17 11:19:16] End to update graphic item and tree item ...
[Info] [2025-10-17 11:19:18] set OpenLastPath: D:/Desktop/video_class/camera_demo/FPGA_project/04_camera_pcie_capture_40pin/project/generate_bitstream/image_pcie_capture.sfc
[Debug] [2025-10-17 11:19:18] begin to check SFC File and Flash Device Read Mode.
[Debug] [2025-10-17 11:19:18] end to check SFC File and Flash Device Read Mode.
[Debug] [2025-10-17 11:19:18] Begin to update graphic item and tree item ...
[Debug] [2025-10-17 11:19:18] End to update graphic item and tree item ...
[Debug] [2025-10-17 11:19:18] End to initialize OuterFlash for selected FPGA Device...
[Debug] [2025-10-17 11:19:18] end to exec scan jtag flash cmd...
[Debug] [2025-10-17 11:19:18] COMMAND[Scan Outer SPI Flash] execute successfully, takes 1.4 secs.
[Debug] [2025-10-17 11:19:18] Log::Print : COMMAND[Scan Outer SPI Flash] execute successfully, takes 1.4 secs.
[Debug] [2025-10-17 11:19:19] begin to send promgram jtag flash cmd.
[Debug] [2025-10-17 11:19:19] begin to send jtag flash erase cmd
[Debug] [2025-10-17 11:19:19] Send RPC:5
[Debug] [2025-10-17 11:19:19] Begin to send embed flash erase data.
[Debug] [2025-10-17 11:19:19] Begin to send flash erase data.
[Debug] [2025-10-17 11:19:19] End to send flash erase data.
[Debug] [2025-10-17 11:19:19] End to send embed flash erase data.
[Debug] [2025-10-17 11:19:19] Send cmd [Erase Outer Flash:20302] OK
[Debug] [2025-10-17 11:19:19] Log::Print : The start address of operating flash is 0x0.
[Debug] [2025-10-17 11:19:19] The value of Progress is 1
[Debug] [2025-10-17 11:19:20] The value of Progress is 6
[Debug] [2025-10-17 11:19:20] The value of Progress is 10
[Debug] [2025-10-17 11:19:21] The value of Progress is 16
[Debug] [2025-10-17 11:19:21] The value of Progress is 20
[Debug] [2025-10-17 11:19:22] The value of Progress is 26
[Debug] [2025-10-17 11:19:22] The value of Progress is 30
[Debug] [2025-10-17 11:19:23] The value of Progress is 36
[Debug] [2025-10-17 11:19:23] The value of Progress is 40
[Debug] [2025-10-17 11:19:24] The value of Progress is 46
[Debug] [2025-10-17 11:19:24] The value of Progress is 50
[Debug] [2025-10-17 11:19:25] The value of Progress is 56
[Debug] [2025-10-17 11:19:25] The value of Progress is 60
[Debug] [2025-10-17 11:19:26] The value of Progress is 66
[Debug] [2025-10-17 11:19:26] The value of Progress is 70
[Debug] [2025-10-17 11:19:27] The value of Progress is 76
[Debug] [2025-10-17 11:19:27] The value of Progress is 80
[Debug] [2025-10-17 11:19:28] The value of Progress is 86
[Debug] [2025-10-17 11:19:28] The value of Progress is 90
[Debug] [2025-10-17 11:19:29] The value of Progress is 96
[Debug] [2025-10-17 11:19:29] The value of Progress is 100
[Debug] [2025-10-17 11:19:29] COMMAND[Erase Outer Flash] execute finish, takes 10.3 secs.
[Debug] [2025-10-17 11:19:29] end to send jtag flash erase cmd.
[Debug] [2025-10-17 11:19:29] Send RPC:6
[Debug] [2025-10-17 11:19:29] Begin to send jtag flash program data.
[Debug] [2025-10-17 11:19:29] Begin to send flash program data.
[Debug] [2025-10-17 11:19:29] End to send flash program data.
[Debug] [2025-10-17 11:19:29] End to send embed flash program data.
[Debug] [2025-10-17 11:19:29] Send cmd [Program Outer Flash:20301] OK
[Debug] [2025-10-17 11:19:29] Log::Print : COMMAND[Erase Outer Flash] execute finish, takes 10.3 secs.
[Debug] [2025-10-17 11:19:29] Log::Print : The start address of operating flash is 0x0.
[Debug] [2025-10-17 11:19:29] The value of Progress is 1
[Debug] [2025-10-17 11:19:31] The value of Progress is 6
[Debug] [2025-10-17 11:19:32] The value of Progress is 10
[Debug] [2025-10-17 11:19:34] The value of Progress is 15
[Debug] [2025-10-17 11:19:35] The value of Progress is 20
[Debug] [2025-10-17 11:19:37] The value of Progress is 25
[Debug] [2025-10-17 11:19:38] The value of Progress is 30
[Debug] [2025-10-17 11:19:40] The value of Progress is 35
[Debug] [2025-10-17 11:19:41] The value of Progress is 40
[Debug] [2025-10-17 11:19:43] The value of Progress is 45
[Debug] [2025-10-17 11:19:44] The value of Progress is 50
[Debug] [2025-10-17 11:19:46] The value of Progress is 55
[Debug] [2025-10-17 11:19:48] The value of Progress is 60
[Debug] [2025-10-17 11:19:49] The value of Progress is 65
[Debug] [2025-10-17 11:19:51] The value of Progress is 70
[Debug] [2025-10-17 11:19:52] The value of Progress is 75
[Debug] [2025-10-17 11:19:54] The value of Progress is 80
[Debug] [2025-10-17 11:19:55] The value of Progress is 85
[Debug] [2025-10-17 11:19:57] The value of Progress is 90
[Debug] [2025-10-17 11:19:58] The value of Progress is 95
[Debug] [2025-10-17 11:20:00] The value of Progress is 100
[Debug] [2025-10-17 11:20:00] COMMAND[Program Outer Flash] execute finish, takes 31.2 secs.
[Debug] [2025-10-17 11:20:00] begin to send jtag flash verify cmd
[Debug] [2025-10-17 11:20:00] Send RPC:7
[Debug] [2025-10-17 11:20:00] Begin to send embed flash verify data.
[Debug] [2025-10-17 11:20:00] Begin to send flash verify data.
[Debug] [2025-10-17 11:20:00] End to send flash verify data.
[Debug] [2025-10-17 11:20:00] End to send embed flash verify data.
[Debug] [2025-10-17 11:20:00] Send cmd [Verify Outer Flash:20303] OK
[Debug] [2025-10-17 11:20:00] Log::Print : COMMAND[Program Outer Flash] execute finish, takes 31.2 secs.
[Debug] [2025-10-17 11:20:00] Log::Print : The start address of operating flash is 0x0.
[Debug] [2025-10-17 11:20:00] The value of Progress is 1
[Debug] [2025-10-17 11:20:00] The value of Progress is 6
[Debug] [2025-10-17 11:20:01] The value of Progress is 10
[Debug] [2025-10-17 11:20:01] The value of Progress is 15
[Debug] [2025-10-17 11:20:01] The value of Progress is 20
[Debug] [2025-10-17 11:20:01] The value of Progress is 25
[Debug] [2025-10-17 11:20:01] The value of Progress is 30
[Debug] [2025-10-17 11:20:01] The value of Progress is 35
[Debug] [2025-10-17 11:20:01] The value of Progress is 40
[Debug] [2025-10-17 11:20:01] The value of Progress is 45
[Debug] [2025-10-17 11:20:01] The value of Progress is 50
[Debug] [2025-10-17 11:20:01] The value of Progress is 55
[Debug] [2025-10-17 11:20:02] The value of Progress is 60
[Debug] [2025-10-17 11:20:02] The value of Progress is 65
[Debug] [2025-10-17 11:20:02] The value of Progress is 70
[Debug] [2025-10-17 11:20:02] The value of Progress is 75
[Debug] [2025-10-17 11:20:02] The value of Progress is 80
[Debug] [2025-10-17 11:20:02] The value of Progress is 85
[Debug] [2025-10-17 11:20:02] The value of Progress is 90
[Debug] [2025-10-17 11:20:02] The value of Progress is 95
[Debug] [2025-10-17 11:20:02] The value of Progress is 100
[Debug] [2025-10-17 11:20:02] COMMAND[Verify Outer Flash] execute successfully, takes 2.3 secs.
[Debug] [2025-10-17 11:20:02] end to send jtag flash verify cmd
[Debug] [2025-10-17 11:20:02] end to send jtag flash program cmd.
[Debug] [2025-10-17 11:20:02] Log::Print : COMMAND[Verify Outer Flash] execute successfully, takes 2.3 secs.
[Info] [2025-10-17 11:25:22] /***************************End Configration***************************/
[Info] [2025-10-17 11:42:39] /***************************Start Configuration***************************/
[Info] [2025-10-17 11:42:39] Path: C:/pango/PDS_2022.2-SP6.4/bin
[Info] [2025-10-17 11:42:39] Version: 146967
[Info] [2025-10-17 11:42:40] Current Path: D:/Desktop/video_class/camera_demo/FPGA_project/04_camera_pcie_capture_40pin/project
[Info] [2025-10-17 11:42:40] PDS Dir Path: D:/Desktop/video_class/camera_demo/FPGA_project/04_camera_pcie_capture_40pin/project
[Info] [2025-10-17 11:42:42] Configuration is not connect with server. connect first then scan chain.
[Debug] [2025-10-17 11:42:42] Client Local host name:LAPTOP-EA3TT0M1
[Debug] [2025-10-17 11:42:42] Client Local Address:10.104.21.106
[Debug] [2025-10-17 11:42:42] Server Address:127.0.0.1, Port:65420
[Debug] [2025-10-17 11:42:42] Log::Print : Connecting to server[127.0.0.1 : 65420].
[Info] [2025-10-17 11:42:42] Connect OK, Server: 127.0.0.1  Port: 65420
[Debug] [2025-10-17 11:42:42] Finish.
[Info] [2025-10-17 11:42:42] Connect server succeeded
[Debug] [2025-10-17 11:42:42] Send RPC:1
[Debug] [2025-10-17 11:42:42] Send cmd [check version information:40004] OK
[Debug] [2025-10-17 11:42:42] Log::Print : Connect to server[127.0.0.1 : 65420] successfully.
[Debug] [2025-10-17 11:42:43] Send RPC:2
[Debug] [2025-10-17 11:42:43] Send cmd [get_cable_paras:40010] OK
[Debug] [2025-10-17 11:42:43] Begin to send initialize chain cmd...
[Debug] [2025-10-17 11:42:43] Send RPC:3
[Debug] [2025-10-17 11:42:43] Send cmd [Open config cable:20001] OK
[Debug] [2025-10-17 11:42:43] End to send initialize chain cmd.
[Debug] [2025-10-17 11:42:43] COMMAND[check version information] execute successfully, takes 0.4 secs.
[Debug] [2025-10-17 11:42:43] Log::Print : COMMAND[check version information] execute successfully, takes 0.4 secs.
[Debug] [2025-10-17 11:42:44] COMMAND[get_cable_paras] execute successfully, takes 1.3 secs.
[Debug] [2025-10-17 11:42:44] Log::Print : The cable List : 
Cable index 0:USB Cable II/fffffffffffffffe 

[Debug] [2025-10-17 11:42:44] Log::Print : COMMAND[get_cable_paras] execute successfully, takes 1.3 secs.
[Error] [2025-10-17 11:42:49] fail to exec Open config cable cmd...
[Debug] [2025-10-17 11:42:49] Log::Print : PANGO USB CABLE II cable driver: D2XX DLL
[Error] [2025-10-17 11:42:49] MsgOut: JtagServer-0306: No devices detected while scanning the JTAG chain, failed detecting JTAG device chain.
[Warn] [2025-10-17 11:42:49] MsgOut: Please check the device power, cable connection situation and whether put the chip in the right way or not.
   If these do not work, try to restart the software.
[Error] [2025-10-17 11:42:49] MsgOut: Configuration-0008: The command 'Open config cable' execute fail.
[Info] [2025-10-17 11:42:57] Disconnect from Server: 127.0.0.1  Port: 65420
[Warn] [2025-10-17 11:42:57] Server is disconnected
[Debug] [2025-10-17 11:42:57] end to connect server
[Debug] [2025-10-17 11:42:57] Log::Print : Server is disconnect
[Debug] [2025-10-17 11:42:57] Client Local host name:LAPTOP-EA3TT0M1
[Debug] [2025-10-17 11:42:57] Client Local Address:192.168.1.105
[Debug] [2025-10-17 11:42:57] Client Local Address:10.104.21.106
[Debug] [2025-10-17 11:42:57] Server Address:127.0.0.1, Port:65420
[Debug] [2025-10-17 11:42:57] Log::Print : Connecting to server[127.0.0.1 : 65420].
[Info] [2025-10-17 11:42:57] Connect OK, Server: 127.0.0.1  Port: 65420
[Debug] [2025-10-17 11:42:57] Finish.
[Info] [2025-10-17 11:42:57] Connect server succeeded
[Debug] [2025-10-17 11:42:57] Send RPC:4
[Debug] [2025-10-17 11:42:57] Send cmd [check version information:40004] OK
[Debug] [2025-10-17 11:42:57] Send RPC:5
[Debug] [2025-10-17 11:42:57] Send cmd [get_cable_paras:40010] OK
[Debug] [2025-10-17 11:42:57] COMMAND[check version information] execute successfully, takes 0.0 secs.
[Debug] [2025-10-17 11:42:57] Log::Print : Connect to server[127.0.0.1 : 65420] successfully.
[Debug] [2025-10-17 11:42:57] Log::Print : COMMAND[check version information] execute successfully, takes 0.0 secs.
[Debug] [2025-10-17 11:42:59] COMMAND[get_cable_paras] execute successfully, takes 1.4 secs.
[Debug] [2025-10-17 11:42:59] Log::Print : The cable List : 
Cable index 0:USB Cable II/fffffffffffffffe 

[Debug] [2025-10-17 11:42:59] Log::Print : COMMAND[get_cable_paras] execute successfully, takes 1.4 secs.
[Debug] [2025-10-17 11:43:01] Send RPC:6
[Debug] [2025-10-17 11:43:01] Send cmd [set_cable_paras:40011] OK
[Debug] [2025-10-17 11:43:01] COMMAND[set_cable_paras] execute successfully, takes 0.9 secs.
[Debug] [2025-10-17 11:43:01] Log::Print : COMMAND[set_cable_paras] execute successfully, takes 0.9 secs.
[Debug] [2025-10-17 11:43:02] Begin to send initialize chain cmd...
[Debug] [2025-10-17 11:43:02] Send RPC:7
[Debug] [2025-10-17 11:43:02] Send cmd [Open config cable:20001] OK
[Debug] [2025-10-17 11:43:02] End to send initialize chain cmd.
[Debug] [2025-10-17 11:43:02] begin the exec of open cable cmd...
[Debug] [2025-10-17 11:43:02] Begin to deal with chain from server...
[Debug] [2025-10-17 11:43:02] Begin to set user chain...
[Debug] [2025-10-17 11:43:02] End to set user chain.
[Debug] [2025-10-17 11:43:02] Begin to update graphic item and tree item ...
[Debug] [2025-10-17 11:43:02] End to update graphic item and tree item ...
[Debug] [2025-10-17 11:43:02] Log::Print : PANGO USB CABLE II cable driver: D2XX DLL
[Debug] [2025-10-17 11:43:02] Log::Print : PG2L50H
[Debug] [2025-10-17 11:43:02] Log::Print : This device configure situation (done bit): 1
[Info] [2025-10-17 11:43:04] set OpenLastPath: D:/Desktop/video_class/camera_demo/FPGA_project/04_camera_pcie_capture_40pin/project/generate_bitstream/image_pcie_capture.sbit
[Debug] [2025-10-17 11:43:04] begin to get device info from CFG file...
[Debug] [2025-10-17 11:43:04] end to get device info from CFG file...
[Debug] [2025-10-17 11:43:04] Begin to update graphic item and tree item ...
[Debug] [2025-10-17 11:43:04] End to update graphic item and tree item ...
[Debug] [2025-10-17 11:43:04] Begin to update graphic item and tree item ...
[Debug] [2025-10-17 11:43:04] End to update graphic item and tree item ...
[Debug] [2025-10-17 11:43:04] End to deal wiht chain from server.
[Debug] [2025-10-17 11:43:04] end the exec of open cable cmd.
[Debug] [2025-10-17 11:43:04] COMMAND[Open config cable] execute successfully, takes 1.7 secs.
[Debug] [2025-10-17 11:43:04] Log::Print : COMMAND[Open config cable] execute successfully, takes 1.7 secs.
[Debug] [2025-10-17 11:43:06] Begin to Converte file.
[Debug] [2025-10-17 11:43:13] begin to parse sfc file.
[Debug] [2025-10-17 11:43:13] begin to get device info from CFG file...
[Debug] [2025-10-17 11:43:13] end to get device info from CFG file...
[Debug] [2025-10-17 11:43:13] begin to get device info from CFG file...
[Debug] [2025-10-17 11:43:13] end to get device info from CFG file...
[Debug] [2025-10-17 11:43:13] end to parse sfc file.
[Debug] [2025-10-17 11:43:13] Log::Print : The Start Address of bit file D:/Desktop/video_class/camera_demo/FPGA_project/04_camera_pcie_capture_40pin/project/generate_bitstream/image_pcie_capture.sbit: 0x0
[Debug] [2025-10-17 11:43:14] End to Converte file.
[Debug] [2025-10-17 11:43:15] Begin to send scan outer flash cmd...
[Debug] [2025-10-17 11:43:15] Send RPC:8
[Debug] [2025-10-17 11:43:15] Send cmd [Scan Outer SPI Flash:20300] OK
[Debug] [2025-10-17 11:43:15] End to send scan outer flash cmd.
[Debug] [2025-10-17 11:43:16] begin to exec scan jtag flash cmd...
[Debug] [2025-10-17 11:43:16] Begin to initialize JtagFlash for selected FPGA Device...
[Debug] [2025-10-17 11:43:16] Begin to update graphic item and tree item ...
[Debug] [2025-10-17 11:43:16] End to update graphic item and tree item ...
[Info] [2025-10-17 11:43:17] set OpenLastPath: D:/Desktop/video_class/camera_demo/FPGA_project/04_camera_pcie_capture_40pin/project/generate_bitstream/image_pcie_capture.sfc
[Debug] [2025-10-17 11:43:17] begin to check SFC File and Flash Device Read Mode.
[Debug] [2025-10-17 11:43:17] end to check SFC File and Flash Device Read Mode.
[Debug] [2025-10-17 11:43:17] Begin to update graphic item and tree item ...
[Debug] [2025-10-17 11:43:17] End to update graphic item and tree item ...
[Debug] [2025-10-17 11:43:17] End to initialize OuterFlash for selected FPGA Device...
[Debug] [2025-10-17 11:43:17] end to exec scan jtag flash cmd...
[Debug] [2025-10-17 11:43:17] COMMAND[Scan Outer SPI Flash] execute successfully, takes 1.6 secs.
[Debug] [2025-10-17 11:43:17] Log::Print : COMMAND[Scan Outer SPI Flash] execute successfully, takes 1.6 secs.
[Debug] [2025-10-17 11:43:19] begin to send promgram jtag flash cmd.
[Debug] [2025-10-17 11:43:19] begin to send jtag flash erase cmd
[Debug] [2025-10-17 11:43:19] Send RPC:9
[Debug] [2025-10-17 11:43:19] Begin to send embed flash erase data.
[Debug] [2025-10-17 11:43:19] Begin to send flash erase data.
[Debug] [2025-10-17 11:43:19] End to send flash erase data.
[Debug] [2025-10-17 11:43:19] End to send embed flash erase data.
[Debug] [2025-10-17 11:43:19] Send cmd [Erase Outer Flash:20302] OK
[Debug] [2025-10-17 11:43:19] Log::Print : The start address of operating flash is 0x0.
[Debug] [2025-10-17 11:43:19] The value of Progress is 1
[Debug] [2025-10-17 11:43:20] The value of Progress is 7
[Debug] [2025-10-17 11:43:20] The value of Progress is 10
[Debug] [2025-10-17 11:43:21] The value of Progress is 17
[Debug] [2025-10-17 11:43:21] The value of Progress is 21
[Debug] [2025-10-17 11:43:21] The value of Progress is 25
[Debug] [2025-10-17 11:43:22] The value of Progress is 32
[Debug] [2025-10-17 11:43:22] The value of Progress is 35
[Debug] [2025-10-17 11:43:23] The value of Progress is 42
[Debug] [2025-10-17 11:43:23] The value of Progress is 46
[Debug] [2025-10-17 11:43:24] The value of Progress is 50
[Debug] [2025-10-17 11:43:25] The value of Progress is 57
[Debug] [2025-10-17 11:43:25] The value of Progress is 60
[Debug] [2025-10-17 11:43:26] The value of Progress is 67
[Debug] [2025-10-17 11:43:26] The value of Progress is 71
[Debug] [2025-10-17 11:43:26] The value of Progress is 75
[Debug] [2025-10-17 11:43:27] The value of Progress is 82
[Debug] [2025-10-17 11:43:27] The value of Progress is 85
[Debug] [2025-10-17 11:43:28] The value of Progress is 92
[Debug] [2025-10-17 11:43:28] The value of Progress is 96
[Debug] [2025-10-17 11:43:28] The value of Progress is 100
[Debug] [2025-10-17 11:43:28] COMMAND[Erase Outer Flash] execute finish, takes 9.9 secs.
[Debug] [2025-10-17 11:43:28] end to send jtag flash erase cmd.
[Debug] [2025-10-17 11:43:28] Send RPC:10
[Debug] [2025-10-17 11:43:28] Begin to send jtag flash program data.
[Debug] [2025-10-17 11:43:28] Begin to send flash program data.
[Debug] [2025-10-17 11:43:28] End to send flash program data.
[Debug] [2025-10-17 11:43:28] End to send embed flash program data.
[Debug] [2025-10-17 11:43:28] Send cmd [Program Outer Flash:20301] OK
[Debug] [2025-10-17 11:43:28] Log::Print : COMMAND[Erase Outer Flash] execute finish, takes 9.9 secs.
[Debug] [2025-10-17 11:43:28] Log::Print : The start address of operating flash is 0x0.
[Debug] [2025-10-17 11:43:29] The value of Progress is 1
[Debug] [2025-10-17 11:43:30] The value of Progress is 6
[Debug] [2025-10-17 11:43:31] The value of Progress is 10
[Debug] [2025-10-17 11:43:33] The value of Progress is 15
[Debug] [2025-10-17 11:43:34] The value of Progress is 20
[Debug] [2025-10-17 11:43:36] The value of Progress is 25
[Debug] [2025-10-17 11:43:37] The value of Progress is 30
[Debug] [2025-10-17 11:43:39] The value of Progress is 35
[Debug] [2025-10-17 11:43:40] The value of Progress is 40
[Debug] [2025-10-17 11:43:41] The value of Progress is 45
[Debug] [2025-10-17 11:43:43] The value of Progress is 50
[Debug] [2025-10-17 11:43:44] The value of Progress is 55
[Debug] [2025-10-17 11:43:46] The value of Progress is 60
[Debug] [2025-10-17 11:43:47] The value of Progress is 65
[Debug] [2025-10-17 11:43:49] The value of Progress is 70
[Debug] [2025-10-17 11:43:50] The value of Progress is 75
[Debug] [2025-10-17 11:43:51] The value of Progress is 80
[Debug] [2025-10-17 11:43:53] The value of Progress is 85
[Debug] [2025-10-17 11:43:54] The value of Progress is 90
[Debug] [2025-10-17 11:43:56] The value of Progress is 95
[Debug] [2025-10-17 11:43:57] The value of Progress is 100
[Debug] [2025-10-17 11:43:57] COMMAND[Program Outer Flash] execute finish, takes 28.9 secs.
[Debug] [2025-10-17 11:43:57] begin to send jtag flash verify cmd
[Debug] [2025-10-17 11:43:57] Send RPC:11
[Debug] [2025-10-17 11:43:57] Begin to send embed flash verify data.
[Debug] [2025-10-17 11:43:57] Begin to send flash verify data.
[Debug] [2025-10-17 11:43:57] End to send flash verify data.
[Debug] [2025-10-17 11:43:57] End to send embed flash verify data.
[Debug] [2025-10-17 11:43:57] Send cmd [Verify Outer Flash:20303] OK
[Debug] [2025-10-17 11:43:57] Log::Print : COMMAND[Program Outer Flash] execute finish, takes 28.9 secs.
[Debug] [2025-10-17 11:43:57] Log::Print : The start address of operating flash is 0x0.
[Debug] [2025-10-17 11:43:57] The value of Progress is 1
[Debug] [2025-10-17 11:43:58] The value of Progress is 6
[Debug] [2025-10-17 11:43:58] The value of Progress is 10
[Debug] [2025-10-17 11:43:58] The value of Progress is 15
[Debug] [2025-10-17 11:43:58] The value of Progress is 20
[Debug] [2025-10-17 11:43:58] The value of Progress is 25
[Debug] [2025-10-17 11:43:58] The value of Progress is 30
[Debug] [2025-10-17 11:43:58] The value of Progress is 35
[Debug] [2025-10-17 11:43:58] The value of Progress is 40
[Debug] [2025-10-17 11:43:58] The value of Progress is 45
[Debug] [2025-10-17 11:43:58] The value of Progress is 50
[Debug] [2025-10-17 11:43:59] The value of Progress is 55
[Debug] [2025-10-17 11:43:59] The value of Progress is 60
[Debug] [2025-10-17 11:43:59] The value of Progress is 65
[Debug] [2025-10-17 11:43:59] The value of Progress is 70
[Debug] [2025-10-17 11:43:59] The value of Progress is 75
[Debug] [2025-10-17 11:43:59] The value of Progress is 80
[Debug] [2025-10-17 11:43:59] The value of Progress is 85
[Debug] [2025-10-17 11:43:59] The value of Progress is 90
[Debug] [2025-10-17 11:43:59] The value of Progress is 95
[Debug] [2025-10-17 11:43:59] The value of Progress is 100
[Debug] [2025-10-17 11:44:00] COMMAND[Verify Outer Flash] execute successfully, takes 2.3 secs.
[Debug] [2025-10-17 11:44:00] end to send jtag flash verify cmd
[Debug] [2025-10-17 11:44:00] end to send jtag flash program cmd.
[Debug] [2025-10-17 11:44:00] Log::Print : COMMAND[Verify Outer Flash] execute successfully, takes 2.3 secs.
[Debug] [2025-10-17 11:52:57] Begin to Converte file.
[Debug] [2025-10-17 11:52:57] End to Converte file.
[Debug] [2025-10-17 11:52:59] begin to parse sfc file.
[Debug] [2025-10-17 11:52:59] begin to get device info from CFG file...
[Debug] [2025-10-17 11:52:59] end to get device info from CFG file...
[Debug] [2025-10-17 11:52:59] begin to get device info from CFG file...
[Debug] [2025-10-17 11:52:59] end to get device info from CFG file...
[Debug] [2025-10-17 11:52:59] end to parse sfc file.
[Debug] [2025-10-17 11:52:59] Log::Print : The Start Address of bit file D:/Desktop/video_class/camera_demo/FPGA_project/04_camera_pcie_capture_40pin/project/generate_bitstream/image_pcie_capture.sbit: 0x0
[Debug] [2025-10-17 11:53:01] begin to send promgram jtag flash cmd.
[Debug] [2025-10-17 11:53:01] begin to send jtag flash erase cmd
[Debug] [2025-10-17 11:53:01] Send RPC:12
[Debug] [2025-10-17 11:53:01] Begin to send embed flash erase data.
[Debug] [2025-10-17 11:53:01] Begin to send flash erase data.
[Debug] [2025-10-17 11:53:01] End to send flash erase data.
[Debug] [2025-10-17 11:53:01] End to send embed flash erase data.
[Debug] [2025-10-17 11:53:01] Send cmd [Erase Outer Flash:20302] OK
[Debug] [2025-10-17 11:53:01] Log::Print : The start address of operating flash is 0x0.
[Debug] [2025-10-17 11:53:02] The value of Progress is 1
[Debug] [2025-10-17 11:53:03] The value of Progress is 6
[Debug] [2025-10-17 11:53:03] The value of Progress is 10
[Debug] [2025-10-17 11:53:04] The value of Progress is 16
[Debug] [2025-10-17 11:53:04] The value of Progress is 20
[Debug] [2025-10-17 11:53:05] The value of Progress is 26
[Debug] [2025-10-17 11:53:05] The value of Progress is 30
[Debug] [2025-10-17 11:53:06] The value of Progress is 36
[Debug] [2025-10-17 11:53:06] The value of Progress is 40
[Debug] [2025-10-17 11:53:07] The value of Progress is 46
[Debug] [2025-10-17 11:53:07] The value of Progress is 50
[Debug] [2025-10-17 11:53:08] The value of Progress is 56
[Debug] [2025-10-17 11:53:08] The value of Progress is 60
[Debug] [2025-10-17 11:53:09] The value of Progress is 66
[Debug] [2025-10-17 11:53:09] The value of Progress is 70
[Debug] [2025-10-17 11:53:10] The value of Progress is 76
[Debug] [2025-10-17 11:53:10] The value of Progress is 80
[Debug] [2025-10-17 11:53:11] The value of Progress is 86
[Debug] [2025-10-17 11:53:11] The value of Progress is 90
[Debug] [2025-10-17 11:53:12] The value of Progress is 96
[Debug] [2025-10-17 11:53:12] The value of Progress is 100
[Debug] [2025-10-17 11:53:12] COMMAND[Erase Outer Flash] execute finish, takes 10.5 secs.
[Debug] [2025-10-17 11:53:12] end to send jtag flash erase cmd.
[Debug] [2025-10-17 11:53:12] Send RPC:13
[Debug] [2025-10-17 11:53:12] Begin to send jtag flash program data.
[Debug] [2025-10-17 11:53:12] Begin to send flash program data.
[Debug] [2025-10-17 11:53:12] End to send flash program data.
[Debug] [2025-10-17 11:53:12] End to send embed flash program data.
[Debug] [2025-10-17 11:53:12] Send cmd [Program Outer Flash:20301] OK
[Debug] [2025-10-17 11:53:12] Log::Print : COMMAND[Erase Outer Flash] execute finish, takes 10.5 secs.
[Debug] [2025-10-17 11:53:12] Log::Print : The start address of operating flash is 0x0.
[Debug] [2025-10-17 11:53:12] The value of Progress is 1
[Debug] [2025-10-17 11:53:14] The value of Progress is 6
[Debug] [2025-10-17 11:53:15] The value of Progress is 10
[Debug] [2025-10-17 11:53:17] The value of Progress is 15
[Debug] [2025-10-17 11:53:18] The value of Progress is 20
[Debug] [2025-10-17 11:53:20] The value of Progress is 25
[Debug] [2025-10-17 11:53:21] The value of Progress is 30
[Debug] [2025-10-17 11:53:23] The value of Progress is 35
[Debug] [2025-10-17 11:53:24] The value of Progress is 40
[Debug] [2025-10-17 11:53:26] The value of Progress is 45
[Debug] [2025-10-17 11:53:28] The value of Progress is 50
[Debug] [2025-10-17 11:53:29] The value of Progress is 55
[Debug] [2025-10-17 11:53:31] The value of Progress is 60
[Debug] [2025-10-17 11:53:32] The value of Progress is 65
[Debug] [2025-10-17 11:53:34] The value of Progress is 70
[Debug] [2025-10-17 11:53:35] The value of Progress is 75
[Debug] [2025-10-17 11:53:37] The value of Progress is 80
[Debug] [2025-10-17 11:53:38] The value of Progress is 85
[Debug] [2025-10-17 11:53:40] The value of Progress is 90
[Debug] [2025-10-17 11:53:41] The value of Progress is 95
[Debug] [2025-10-17 11:53:43] The value of Progress is 100
[Debug] [2025-10-17 11:53:43] COMMAND[Program Outer Flash] execute finish, takes 31.0 secs.
[Debug] [2025-10-17 11:53:43] begin to send jtag flash verify cmd
[Debug] [2025-10-17 11:53:43] Send RPC:14
[Debug] [2025-10-17 11:53:43] Begin to send embed flash verify data.
[Debug] [2025-10-17 11:53:43] Begin to send flash verify data.
[Debug] [2025-10-17 11:53:43] End to send flash verify data.
[Debug] [2025-10-17 11:53:43] End to send embed flash verify data.
[Debug] [2025-10-17 11:53:43] Send cmd [Verify Outer Flash:20303] OK
[Debug] [2025-10-17 11:53:43] Log::Print : COMMAND[Program Outer Flash] execute finish, takes 31.0 secs.
[Debug] [2025-10-17 11:53:43] Log::Print : The start address of operating flash is 0x0.
[Debug] [2025-10-17 11:53:43] The value of Progress is 1
[Debug] [2025-10-17 11:53:43] The value of Progress is 6
[Debug] [2025-10-17 11:53:43] The value of Progress is 10
[Debug] [2025-10-17 11:53:43] The value of Progress is 15
[Debug] [2025-10-17 11:53:44] The value of Progress is 20
[Debug] [2025-10-17 11:53:44] The value of Progress is 25
[Debug] [2025-10-17 11:53:44] The value of Progress is 30
[Debug] [2025-10-17 11:53:44] The value of Progress is 35
[Debug] [2025-10-17 11:53:44] The value of Progress is 40
[Debug] [2025-10-17 11:53:44] The value of Progress is 45
[Debug] [2025-10-17 11:53:44] The value of Progress is 50
[Debug] [2025-10-17 11:53:44] The value of Progress is 55
[Debug] [2025-10-17 11:53:44] The value of Progress is 60
[Debug] [2025-10-17 11:53:44] The value of Progress is 65
[Debug] [2025-10-17 11:53:44] The value of Progress is 70
[Debug] [2025-10-17 11:53:45] The value of Progress is 75
[Debug] [2025-10-17 11:53:45] The value of Progress is 80
[Debug] [2025-10-17 11:53:45] The value of Progress is 85
[Debug] [2025-10-17 11:53:45] The value of Progress is 90
[Debug] [2025-10-17 11:53:45] The value of Progress is 95
[Debug] [2025-10-17 11:53:45] The value of Progress is 100
[Debug] [2025-10-17 11:53:45] COMMAND[Verify Outer Flash] execute successfully, takes 2.2 secs.
[Debug] [2025-10-17 11:53:45] end to send jtag flash verify cmd
[Debug] [2025-10-17 11:53:45] end to send jtag flash program cmd.
[Debug] [2025-10-17 11:53:45] Log::Print : COMMAND[Verify Outer Flash] execute successfully, takes 2.2 secs.
[Info] [2025-10-17 12:02:35] /***************************End Configration***************************/
[Info] [2025-10-17 12:02:37] /***************************Start Configuration***************************/
[Info] [2025-10-17 12:02:37] Path: C:/pango/PDS_2022.2-SP6.4/bin
[Info] [2025-10-17 12:02:37] Version: 146967
[Info] [2025-10-17 12:02:38] Current Path: D:/Desktop/video_class/camera_demo/FPGA_project/04_camera_pcie_capture_40pin/project
[Info] [2025-10-17 12:02:38] PDS Dir Path: D:/Desktop/video_class/camera_demo/FPGA_project/04_camera_pcie_capture_40pin/project
[Info] [2025-10-17 12:02:39] Configuration is not connect with server. connect first then scan chain.
[Debug] [2025-10-17 12:02:39] Client Local host name:LAPTOP-EA3TT0M1
[Debug] [2025-10-17 12:02:39] Client Local Address:192.168.1.105
[Debug] [2025-10-17 12:02:39] Client Local Address:10.104.21.106
[Debug] [2025-10-17 12:02:39] Server Address:127.0.0.1, Port:65420
[Debug] [2025-10-17 12:02:39] Log::Print : Connecting to server[127.0.0.1 : 65420].
[Info] [2025-10-17 12:02:40] Connect OK, Server: 127.0.0.1  Port: 65420
[Debug] [2025-10-17 12:02:40] Finish.
[Info] [2025-10-17 12:02:40] Connect server succeeded
[Debug] [2025-10-17 12:02:40] Send RPC:1
[Debug] [2025-10-17 12:02:40] Send cmd [check version information:40004] OK
[Debug] [2025-10-17 12:02:40] Log::Print : Connect to server[127.0.0.1 : 65420] successfully.
[Debug] [2025-10-17 12:02:40] Send RPC:2
[Debug] [2025-10-17 12:02:40] Send cmd [get_cable_paras:40010] OK
[Debug] [2025-10-17 12:02:40] Begin to send initialize chain cmd...
[Debug] [2025-10-17 12:02:40] Send RPC:3
[Debug] [2025-10-17 12:02:40] Send cmd [Open config cable:20001] OK
[Debug] [2025-10-17 12:02:40] End to send initialize chain cmd.
[Debug] [2025-10-17 12:02:40] COMMAND[check version information] execute successfully, takes 0.4 secs.
[Debug] [2025-10-17 12:02:40] Log::Print : COMMAND[check version information] execute successfully, takes 0.4 secs.
[Debug] [2025-10-17 12:02:42] COMMAND[get_cable_paras] execute successfully, takes 1.3 secs.
[Debug] [2025-10-17 12:02:42] Log::Print : The cable List : 
Cable index 0:USB Cable II/fffffffffffffffe 

[Debug] [2025-10-17 12:02:42] Log::Print : COMMAND[get_cable_paras] execute successfully, takes 1.3 secs.
[Debug] [2025-10-17 12:02:42] begin the exec of open cable cmd...
[Debug] [2025-10-17 12:02:42] Begin to deal with chain from server...
[Debug] [2025-10-17 12:02:42] Begin to set user chain...
[Debug] [2025-10-17 12:02:42] End to set user chain.
[Debug] [2025-10-17 12:02:42] Begin to update graphic item and tree item ...
[Debug] [2025-10-17 12:02:42] End to update graphic item and tree item ...
[Debug] [2025-10-17 12:02:42] Log::Print : PANGO USB CABLE II cable driver: D2XX DLL
[Debug] [2025-10-17 12:02:42] Log::Print : PG2L50H
[Debug] [2025-10-17 12:02:42] Log::Print : This device configure situation (done bit): 1
[Info] [2025-10-17 12:02:43] set OpenLastPath: D:/Desktop/video_class/camera_demo/FPGA_project/04_camera_pcie_capture_40pin/project/generate_bitstream/image_pcie_capture.sbit
[Debug] [2025-10-17 12:02:43] begin to get device info from CFG file...
[Debug] [2025-10-17 12:02:43] end to get device info from CFG file...
[Debug] [2025-10-17 12:02:43] Begin to update graphic item and tree item ...
[Debug] [2025-10-17 12:02:43] End to update graphic item and tree item ...
[Debug] [2025-10-17 12:02:43] Begin to update graphic item and tree item ...
[Debug] [2025-10-17 12:02:43] End to update graphic item and tree item ...
[Debug] [2025-10-17 12:02:43] End to deal wiht chain from server.
[Debug] [2025-10-17 12:02:43] end the exec of open cable cmd.
[Debug] [2025-10-17 12:02:43] COMMAND[Open config cable] execute successfully, takes 2.7 secs.
[Debug] [2025-10-17 12:02:43] Log::Print : COMMAND[Open config cable] execute successfully, takes 2.7 secs.
[Debug] [2025-10-17 12:02:46] Begin to Converte file.
[Debug] [2025-10-17 12:02:53] begin to parse sfc file.
[Debug] [2025-10-17 12:02:53] begin to get device info from CFG file...
[Debug] [2025-10-17 12:02:53] end to get device info from CFG file...
[Debug] [2025-10-17 12:02:53] begin to get device info from CFG file...
[Debug] [2025-10-17 12:02:53] end to get device info from CFG file...
[Debug] [2025-10-17 12:02:53] end to parse sfc file.
[Debug] [2025-10-17 12:02:53] Log::Print : The Start Address of bit file D:/Desktop/video_class/camera_demo/FPGA_project/04_camera_pcie_capture_40pin/project/generate_bitstream/image_pcie_capture.sbit: 0x0
[Debug] [2025-10-17 12:02:54] End to Converte file.
[Debug] [2025-10-17 12:02:56] Begin to send scan outer flash cmd...
[Debug] [2025-10-17 12:02:56] Send RPC:4
[Debug] [2025-10-17 12:02:56] Send cmd [Scan Outer SPI Flash:20300] OK
[Debug] [2025-10-17 12:02:56] End to send scan outer flash cmd.
[Debug] [2025-10-17 12:02:57] begin to exec scan jtag flash cmd...
[Debug] [2025-10-17 12:02:57] Begin to initialize JtagFlash for selected FPGA Device...
[Debug] [2025-10-17 12:02:57] Begin to update graphic item and tree item ...
[Debug] [2025-10-17 12:02:57] End to update graphic item and tree item ...
[Info] [2025-10-17 12:02:57] set OpenLastPath: D:/Desktop/video_class/camera_demo/FPGA_project/04_camera_pcie_capture_40pin/project/generate_bitstream/image_pcie_capture.sfc
[Debug] [2025-10-17 12:02:57] begin to check SFC File and Flash Device Read Mode.
[Debug] [2025-10-17 12:02:57] end to check SFC File and Flash Device Read Mode.
[Debug] [2025-10-17 12:02:57] Begin to update graphic item and tree item ...
[Debug] [2025-10-17 12:02:57] End to update graphic item and tree item ...
[Debug] [2025-10-17 12:02:57] End to initialize OuterFlash for selected FPGA Device...
[Debug] [2025-10-17 12:02:57] end to exec scan jtag flash cmd...
[Debug] [2025-10-17 12:02:57] COMMAND[Scan Outer SPI Flash] execute successfully, takes 1.2 secs.
[Debug] [2025-10-17 12:02:57] Log::Print : COMMAND[Scan Outer SPI Flash] execute successfully, takes 1.2 secs.
[Debug] [2025-10-17 12:02:58] begin to send promgram jtag flash cmd.
[Debug] [2025-10-17 12:02:58] begin to send jtag flash erase cmd
[Debug] [2025-10-17 12:02:58] Send RPC:5
[Debug] [2025-10-17 12:02:58] Begin to send embed flash erase data.
[Debug] [2025-10-17 12:02:58] Begin to send flash erase data.
[Debug] [2025-10-17 12:02:58] End to send flash erase data.
[Debug] [2025-10-17 12:02:58] End to send embed flash erase data.
[Debug] [2025-10-17 12:02:58] Send cmd [Erase Outer Flash:20302] OK
[Debug] [2025-10-17 12:02:58] Log::Print : The start address of operating flash is 0x0.
[Debug] [2025-10-17 12:02:59] The value of Progress is 1
[Debug] [2025-10-17 12:03:00] The value of Progress is 6
[Debug] [2025-10-17 12:03:00] The value of Progress is 10
[Debug] [2025-10-17 12:03:01] The value of Progress is 16
[Debug] [2025-10-17 12:03:01] The value of Progress is 20
[Debug] [2025-10-17 12:03:02] The value of Progress is 26
[Debug] [2025-10-17 12:03:02] The value of Progress is 30
[Debug] [2025-10-17 12:03:03] The value of Progress is 36
[Debug] [2025-10-17 12:03:03] The value of Progress is 40
[Debug] [2025-10-17 12:03:04] The value of Progress is 46
[Debug] [2025-10-17 12:03:04] The value of Progress is 50
[Debug] [2025-10-17 12:03:05] The value of Progress is 56
[Debug] [2025-10-17 12:03:05] The value of Progress is 60
[Debug] [2025-10-17 12:03:06] The value of Progress is 66
[Debug] [2025-10-17 12:03:06] The value of Progress is 70
[Debug] [2025-10-17 12:03:07] The value of Progress is 76
[Debug] [2025-10-17 12:03:07] The value of Progress is 80
[Debug] [2025-10-17 12:03:08] The value of Progress is 86
[Debug] [2025-10-17 12:03:08] The value of Progress is 90
[Debug] [2025-10-17 12:03:09] The value of Progress is 96
[Debug] [2025-10-17 12:03:09] The value of Progress is 100
[Debug] [2025-10-17 12:03:09] COMMAND[Erase Outer Flash] execute finish, takes 10.2 secs.
[Debug] [2025-10-17 12:03:09] end to send jtag flash erase cmd.
[Debug] [2025-10-17 12:03:09] Send RPC:6
[Debug] [2025-10-17 12:03:09] Begin to send jtag flash program data.
[Debug] [2025-10-17 12:03:09] Begin to send flash program data.
[Debug] [2025-10-17 12:03:09] End to send flash program data.
[Debug] [2025-10-17 12:03:09] End to send embed flash program data.
[Debug] [2025-10-17 12:03:09] Send cmd [Program Outer Flash:20301] OK
[Debug] [2025-10-17 12:03:09] Log::Print : COMMAND[Erase Outer Flash] execute finish, takes 10.2 secs.
[Debug] [2025-10-17 12:03:09] Log::Print : The start address of operating flash is 0x0.
[Debug] [2025-10-17 12:03:09] The value of Progress is 1
[Debug] [2025-10-17 12:03:11] The value of Progress is 6
[Debug] [2025-10-17 12:03:12] The value of Progress is 10
[Debug] [2025-10-17 12:03:13] The value of Progress is 15
[Debug] [2025-10-17 12:03:15] The value of Progress is 20
[Debug] [2025-10-17 12:03:16] The value of Progress is 25
[Debug] [2025-10-17 12:03:18] The value of Progress is 30
[Debug] [2025-10-17 12:03:20] The value of Progress is 35
[Debug] [2025-10-17 12:03:21] The value of Progress is 40
[Debug] [2025-10-17 12:03:23] The value of Progress is 45
[Debug] [2025-10-17 12:03:24] The value of Progress is 50
[Debug] [2025-10-17 12:03:26] The value of Progress is 55
[Debug] [2025-10-17 12:03:27] The value of Progress is 60
[Debug] [2025-10-17 12:03:29] The value of Progress is 65
[Debug] [2025-10-17 12:03:30] The value of Progress is 70
[Debug] [2025-10-17 12:03:32] The value of Progress is 75
[Debug] [2025-10-17 12:03:33] The value of Progress is 80
[Debug] [2025-10-17 12:03:35] The value of Progress is 85
[Debug] [2025-10-17 12:03:36] The value of Progress is 90
[Debug] [2025-10-17 12:03:38] The value of Progress is 95
[Debug] [2025-10-17 12:03:39] The value of Progress is 100
[Debug] [2025-10-17 12:03:40] COMMAND[Program Outer Flash] execute finish, takes 31.0 secs.
[Debug] [2025-10-17 12:03:40] begin to send jtag flash verify cmd
[Debug] [2025-10-17 12:03:40] Send RPC:7
[Debug] [2025-10-17 12:03:40] Begin to send embed flash verify data.
[Debug] [2025-10-17 12:03:40] Begin to send flash verify data.
[Debug] [2025-10-17 12:03:40] End to send flash verify data.
[Debug] [2025-10-17 12:03:40] End to send embed flash verify data.
[Debug] [2025-10-17 12:03:40] Send cmd [Verify Outer Flash:20303] OK
[Debug] [2025-10-17 12:03:40] Log::Print : COMMAND[Program Outer Flash] execute finish, takes 31.0 secs.
[Debug] [2025-10-17 12:03:40] Log::Print : The start address of operating flash is 0x0.
[Debug] [2025-10-17 12:03:40] The value of Progress is 1
[Debug] [2025-10-17 12:03:40] The value of Progress is 6
[Debug] [2025-10-17 12:03:40] The value of Progress is 10
[Debug] [2025-10-17 12:03:40] The value of Progress is 15
[Debug] [2025-10-17 12:03:40] The value of Progress is 20
[Debug] [2025-10-17 12:03:40] The value of Progress is 25
[Debug] [2025-10-17 12:03:40] The value of Progress is 30
[Debug] [2025-10-17 12:03:41] The value of Progress is 35
[Debug] [2025-10-17 12:03:41] The value of Progress is 40
[Debug] [2025-10-17 12:03:41] The value of Progress is 45
[Debug] [2025-10-17 12:03:41] The value of Progress is 50
[Debug] [2025-10-17 12:03:41] The value of Progress is 55
[Debug] [2025-10-17 12:03:41] The value of Progress is 60
[Debug] [2025-10-17 12:03:41] The value of Progress is 65
[Debug] [2025-10-17 12:03:41] The value of Progress is 70
[Debug] [2025-10-17 12:03:41] The value of Progress is 75
[Debug] [2025-10-17 12:03:41] The value of Progress is 80
[Debug] [2025-10-17 12:03:41] The value of Progress is 85
[Debug] [2025-10-17 12:03:42] The value of Progress is 90
[Debug] [2025-10-17 12:03:42] The value of Progress is 95
[Debug] [2025-10-17 12:03:42] The value of Progress is 100
[Debug] [2025-10-17 12:03:42] COMMAND[Verify Outer Flash] execute successfully, takes 2.2 secs.
[Debug] [2025-10-17 12:03:42] end to send jtag flash verify cmd
[Debug] [2025-10-17 12:03:42] end to send jtag flash program cmd.
[Debug] [2025-10-17 12:03:42] Log::Print : COMMAND[Verify Outer Flash] execute successfully, takes 2.2 secs.
[Debug] [2025-10-17 12:22:20] Begin to Converte file.
[Debug] [2025-10-17 12:22:20] End to Converte file.
[Debug] [2025-10-17 12:22:21] begin to parse sfc file.
[Debug] [2025-10-17 12:22:21] begin to get device info from CFG file...
[Debug] [2025-10-17 12:22:21] end to get device info from CFG file...
[Debug] [2025-10-17 12:22:21] begin to get device info from CFG file...
[Debug] [2025-10-17 12:22:21] end to get device info from CFG file...
[Debug] [2025-10-17 12:22:21] end to parse sfc file.
[Debug] [2025-10-17 12:22:21] Log::Print : The Start Address of bit file D:/Desktop/video_class/camera_demo/FPGA_project/04_camera_pcie_capture_40pin/project/generate_bitstream/image_pcie_capture.sbit: 0x0
[Debug] [2025-10-17 12:22:26] Begin to send scan outer flash cmd...
[Debug] [2025-10-17 12:22:26] Send RPC:8
[Debug] [2025-10-17 12:22:26] Send cmd [Scan Outer SPI Flash:20300] OK
[Debug] [2025-10-17 12:22:26] End to send scan outer flash cmd.
[Debug] [2025-10-17 12:22:26] begin to exec scan jtag flash cmd...
[Debug] [2025-10-17 12:22:26] Begin to initialize JtagFlash for selected FPGA Device...
[Debug] [2025-10-17 12:22:26] Begin to update graphic item and tree item ...
[Debug] [2025-10-17 12:22:26] End to update graphic item and tree item ...
[Info] [2025-10-17 12:22:27] set OpenLastPath: D:/Desktop/video_class/camera_demo/FPGA_project/04_camera_pcie_capture_40pin/project/generate_bitstream/image_pcie_capture.sfc
[Debug] [2025-10-17 12:22:27] begin to check SFC File and Flash Device Read Mode.
[Debug] [2025-10-17 12:22:27] end to check SFC File and Flash Device Read Mode.
[Debug] [2025-10-17 12:22:27] Begin to update graphic item and tree item ...
[Debug] [2025-10-17 12:22:27] End to update graphic item and tree item ...
[Debug] [2025-10-17 12:22:27] End to initialize OuterFlash for selected FPGA Device...
[Debug] [2025-10-17 12:22:27] end to exec scan jtag flash cmd...
[Debug] [2025-10-17 12:22:27] COMMAND[Scan Outer SPI Flash] execute successfully, takes 1.4 secs.
[Debug] [2025-10-17 12:22:27] Log::Print : COMMAND[Scan Outer SPI Flash] execute successfully, takes 1.4 secs.
[Debug] [2025-10-17 12:22:28] begin to send promgram jtag flash cmd.
[Debug] [2025-10-17 12:22:28] begin to send jtag flash erase cmd
[Debug] [2025-10-17 12:22:28] Send RPC:9
[Debug] [2025-10-17 12:22:28] Begin to send embed flash erase data.
[Debug] [2025-10-17 12:22:28] Begin to send flash erase data.
[Debug] [2025-10-17 12:22:28] End to send flash erase data.
[Debug] [2025-10-17 12:22:28] End to send embed flash erase data.
[Debug] [2025-10-17 12:22:28] Send cmd [Erase Outer Flash:20302] OK
[Debug] [2025-10-17 12:22:28] Log::Print : The start address of operating flash is 0x0.
[Debug] [2025-10-17 12:22:28] The value of Progress is 1
[Debug] [2025-10-17 12:22:30] The value of Progress is 6
[Debug] [2025-10-17 12:22:30] The value of Progress is 10
[Debug] [2025-10-17 12:22:31] The value of Progress is 16
[Debug] [2025-10-17 12:22:31] The value of Progress is 20
[Debug] [2025-10-17 12:22:32] The value of Progress is 26
[Debug] [2025-10-17 12:22:32] The value of Progress is 30
[Debug] [2025-10-17 12:22:33] The value of Progress is 36
[Debug] [2025-10-17 12:22:33] The value of Progress is 40
[Debug] [2025-10-17 12:22:34] The value of Progress is 46
[Debug] [2025-10-17 12:22:34] The value of Progress is 50
[Debug] [2025-10-17 12:22:35] The value of Progress is 56
[Debug] [2025-10-17 12:22:35] The value of Progress is 60
[Debug] [2025-10-17 12:22:36] The value of Progress is 66
[Debug] [2025-10-17 12:22:36] The value of Progress is 70
[Debug] [2025-10-17 12:22:37] The value of Progress is 76
[Debug] [2025-10-17 12:22:37] The value of Progress is 80
[Debug] [2025-10-17 12:22:38] The value of Progress is 86
[Debug] [2025-10-17 12:22:38] The value of Progress is 90
[Debug] [2025-10-17 12:22:39] The value of Progress is 96
[Debug] [2025-10-17 12:22:39] The value of Progress is 100
[Debug] [2025-10-17 12:22:39] COMMAND[Erase Outer Flash] execute finish, takes 10.7 secs.
[Debug] [2025-10-17 12:22:39] end to send jtag flash erase cmd.
[Debug] [2025-10-17 12:22:39] Send RPC:10
[Debug] [2025-10-17 12:22:39] Begin to send jtag flash program data.
[Debug] [2025-10-17 12:22:39] Begin to send flash program data.
[Debug] [2025-10-17 12:22:39] End to send flash program data.
[Debug] [2025-10-17 12:22:39] End to send embed flash program data.
[Debug] [2025-10-17 12:22:39] Send cmd [Program Outer Flash:20301] OK
[Debug] [2025-10-17 12:22:39] Log::Print : COMMAND[Erase Outer Flash] execute finish, takes 10.7 secs.
[Debug] [2025-10-17 12:22:39] Log::Print : The start address of operating flash is 0x0.
[Debug] [2025-10-17 12:22:39] The value of Progress is 1
[Debug] [2025-10-17 12:22:41] The value of Progress is 6
[Debug] [2025-10-17 12:22:42] The value of Progress is 10
[Debug] [2025-10-17 12:22:44] The value of Progress is 15
[Debug] [2025-10-17 12:22:45] The value of Progress is 20
[Debug] [2025-10-17 12:22:47] The value of Progress is 25
[Debug] [2025-10-17 12:22:48] The value of Progress is 30
[Debug] [2025-10-17 12:22:50] The value of Progress is 35
[Debug] [2025-10-17 12:22:51] The value of Progress is 40
[Debug] [2025-10-17 12:22:53] The value of Progress is 45
[Debug] [2025-10-17 12:22:54] The value of Progress is 50
[Debug] [2025-10-17 12:22:56] The value of Progress is 55
[Debug] [2025-10-17 12:22:57] The value of Progress is 60
[Debug] [2025-10-17 12:22:59] The value of Progress is 65
[Debug] [2025-10-17 12:23:00] The value of Progress is 70
[Debug] [2025-10-17 12:23:02] The value of Progress is 75
[Debug] [2025-10-17 12:23:03] The value of Progress is 80
[Debug] [2025-10-17 12:23:05] The value of Progress is 85
[Debug] [2025-10-17 12:23:06] The value of Progress is 90
[Debug] [2025-10-17 12:23:08] The value of Progress is 95
[Debug] [2025-10-17 12:23:09] The value of Progress is 100
[Debug] [2025-10-17 12:23:10] COMMAND[Program Outer Flash] execute finish, takes 30.7 secs.
[Debug] [2025-10-17 12:23:10] begin to send jtag flash verify cmd
[Debug] [2025-10-17 12:23:10] Send RPC:11
[Debug] [2025-10-17 12:23:10] Begin to send embed flash verify data.
[Debug] [2025-10-17 12:23:10] Begin to send flash verify data.
[Debug] [2025-10-17 12:23:10] End to send flash verify data.
[Debug] [2025-10-17 12:23:10] End to send embed flash verify data.
[Debug] [2025-10-17 12:23:10] Send cmd [Verify Outer Flash:20303] OK
[Debug] [2025-10-17 12:23:10] Log::Print : COMMAND[Program Outer Flash] execute finish, takes 30.7 secs.
[Debug] [2025-10-17 12:23:10] Log::Print : The start address of operating flash is 0x0.
[Debug] [2025-10-17 12:23:10] The value of Progress is 1
[Debug] [2025-10-17 12:23:10] The value of Progress is 6
[Debug] [2025-10-17 12:23:10] The value of Progress is 10
[Debug] [2025-10-17 12:23:10] The value of Progress is 15
[Debug] [2025-10-17 12:23:10] The value of Progress is 20
[Debug] [2025-10-17 12:23:10] The value of Progress is 25
[Debug] [2025-10-17 12:23:10] The value of Progress is 30
[Debug] [2025-10-17 12:23:11] The value of Progress is 35
[Debug] [2025-10-17 12:23:11] The value of Progress is 40
[Debug] [2025-10-17 12:23:11] The value of Progress is 45
[Debug] [2025-10-17 12:23:11] The value of Progress is 50
[Debug] [2025-10-17 12:23:11] The value of Progress is 55
[Debug] [2025-10-17 12:23:11] The value of Progress is 60
[Debug] [2025-10-17 12:23:11] The value of Progress is 65
[Debug] [2025-10-17 12:23:11] The value of Progress is 70
[Debug] [2025-10-17 12:23:11] The value of Progress is 75
[Debug] [2025-10-17 12:23:11] The value of Progress is 80
[Debug] [2025-10-17 12:23:12] The value of Progress is 85
[Debug] [2025-10-17 12:23:12] The value of Progress is 90
[Debug] [2025-10-17 12:23:12] The value of Progress is 95
[Debug] [2025-10-17 12:23:12] The value of Progress is 100
[Debug] [2025-10-17 12:23:12] COMMAND[Verify Outer Flash] execute successfully, takes 2.3 secs.
[Debug] [2025-10-17 12:23:12] end to send jtag flash verify cmd
[Debug] [2025-10-17 12:23:12] end to send jtag flash program cmd.
[Debug] [2025-10-17 12:23:12] Log::Print : COMMAND[Verify Outer Flash] execute successfully, takes 2.3 secs.
[Debug] [2025-10-17 12:33:17] Begin to Converte file.
[Debug] [2025-10-17 12:33:17] End to Converte file.
[Debug] [2025-10-17 12:33:20] begin to parse sfc file.
[Debug] [2025-10-17 12:33:20] begin to get device info from CFG file...
[Debug] [2025-10-17 12:33:20] end to get device info from CFG file...
[Debug] [2025-10-17 12:33:20] begin to get device info from CFG file...
[Debug] [2025-10-17 12:33:20] end to get device info from CFG file...
[Debug] [2025-10-17 12:33:20] end to parse sfc file.
[Debug] [2025-10-17 12:33:20] Log::Print : The Start Address of bit file D:/Desktop/video_class/camera_demo/FPGA_project/04_camera_pcie_capture_40pin/project/generate_bitstream/image_pcie_capture.sbit: 0x0
[Debug] [2025-10-17 12:33:23] Begin to send scan outer flash cmd...
[Debug] [2025-10-17 12:33:23] Send RPC:12
[Debug] [2025-10-17 12:33:23] Send cmd [Scan Outer SPI Flash:20300] OK
[Debug] [2025-10-17 12:33:23] End to send scan outer flash cmd.
[Debug] [2025-10-17 12:33:24] begin to exec scan jtag flash cmd...
[Debug] [2025-10-17 12:33:24] Begin to initialize JtagFlash for selected FPGA Device...
[Debug] [2025-10-17 12:33:24] Begin to update graphic item and tree item ...
[Debug] [2025-10-17 12:33:24] End to update graphic item and tree item ...
[Info] [2025-10-17 12:33:25] set OpenLastPath: D:/Desktop/video_class/camera_demo/FPGA_project/04_camera_pcie_capture_40pin/project/generate_bitstream/image_pcie_capture.sfc
[Debug] [2025-10-17 12:33:25] begin to check SFC File and Flash Device Read Mode.
[Debug] [2025-10-17 12:33:25] end to check SFC File and Flash Device Read Mode.
[Debug] [2025-10-17 12:33:25] Begin to update graphic item and tree item ...
[Debug] [2025-10-17 12:33:25] End to update graphic item and tree item ...
[Debug] [2025-10-17 12:33:25] End to initialize OuterFlash for selected FPGA Device...
[Debug] [2025-10-17 12:33:25] end to exec scan jtag flash cmd...
[Debug] [2025-10-17 12:33:25] COMMAND[Scan Outer SPI Flash] execute successfully, takes 2.3 secs.
[Debug] [2025-10-17 12:33:25] Log::Print : COMMAND[Scan Outer SPI Flash] execute successfully, takes 2.3 secs.
[Debug] [2025-10-17 12:33:28] begin to send promgram jtag flash cmd.
[Debug] [2025-10-17 12:33:28] begin to send jtag flash erase cmd
[Debug] [2025-10-17 12:33:28] Send RPC:13
[Debug] [2025-10-17 12:33:28] Begin to send embed flash erase data.
[Debug] [2025-10-17 12:33:28] Begin to send flash erase data.
[Debug] [2025-10-17 12:33:28] End to send flash erase data.
[Debug] [2025-10-17 12:33:28] End to send embed flash erase data.
[Debug] [2025-10-17 12:33:28] Send cmd [Erase Outer Flash:20302] OK
[Debug] [2025-10-17 12:33:28] Log::Print : The start address of operating flash is 0x0.
[Debug] [2025-10-17 12:33:28] The value of Progress is 1
[Debug] [2025-10-17 12:33:29] The value of Progress is 6
[Debug] [2025-10-17 12:33:29] The value of Progress is 10
[Debug] [2025-10-17 12:33:30] The value of Progress is 16
[Debug] [2025-10-17 12:33:30] The value of Progress is 20
[Debug] [2025-10-17 12:33:31] The value of Progress is 26
[Debug] [2025-10-17 12:33:31] The value of Progress is 30
[Debug] [2025-10-17 12:33:32] The value of Progress is 36
[Debug] [2025-10-17 12:33:32] The value of Progress is 40
[Debug] [2025-10-17 12:33:33] The value of Progress is 46
[Debug] [2025-10-17 12:33:33] The value of Progress is 50
[Debug] [2025-10-17 12:33:34] The value of Progress is 56
[Debug] [2025-10-17 12:33:34] The value of Progress is 60
[Debug] [2025-10-17 12:33:35] The value of Progress is 66
[Debug] [2025-10-17 12:33:35] The value of Progress is 70
[Debug] [2025-10-17 12:33:36] The value of Progress is 76
[Debug] [2025-10-17 12:33:36] The value of Progress is 80
[Debug] [2025-10-17 12:33:37] The value of Progress is 86
[Debug] [2025-10-17 12:33:37] The value of Progress is 90
[Debug] [2025-10-17 12:33:38] The value of Progress is 96
[Debug] [2025-10-17 12:33:38] The value of Progress is 100
[Debug] [2025-10-17 12:33:38] COMMAND[Erase Outer Flash] execute finish, takes 10.5 secs.
[Debug] [2025-10-17 12:33:38] end to send jtag flash erase cmd.
[Debug] [2025-10-17 12:33:38] Send RPC:14
[Debug] [2025-10-17 12:33:38] Begin to send jtag flash program data.
[Debug] [2025-10-17 12:33:38] Begin to send flash program data.
[Debug] [2025-10-17 12:33:38] End to send flash program data.
[Debug] [2025-10-17 12:33:38] End to send embed flash program data.
[Debug] [2025-10-17 12:33:38] Send cmd [Program Outer Flash:20301] OK
[Debug] [2025-10-17 12:33:38] Log::Print : COMMAND[Erase Outer Flash] execute finish, takes 10.5 secs.
[Debug] [2025-10-17 12:33:38] Log::Print : The start address of operating flash is 0x0.
[Debug] [2025-10-17 12:33:38] The value of Progress is 1
[Debug] [2025-10-17 12:33:40] The value of Progress is 6
[Debug] [2025-10-17 12:33:41] The value of Progress is 10
[Debug] [2025-10-17 12:33:43] The value of Progress is 15
[Debug] [2025-10-17 12:33:44] The value of Progress is 20
[Debug] [2025-10-17 12:33:46] The value of Progress is 25
[Debug] [2025-10-17 12:33:47] The value of Progress is 30
[Debug] [2025-10-17 12:33:49] The value of Progress is 35
[Debug] [2025-10-17 12:33:50] The value of Progress is 40
[Debug] [2025-10-17 12:33:52] The value of Progress is 45
[Debug] [2025-10-17 12:33:53] The value of Progress is 50
[Debug] [2025-10-17 12:33:55] The value of Progress is 55
[Debug] [2025-10-17 12:33:56] The value of Progress is 60
[Debug] [2025-10-17 12:33:58] The value of Progress is 65
[Debug] [2025-10-17 12:33:59] The value of Progress is 70
[Debug] [2025-10-17 12:34:01] The value of Progress is 75
[Debug] [2025-10-17 12:34:03] The value of Progress is 80
[Debug] [2025-10-17 12:34:04] The value of Progress is 85
[Debug] [2025-10-17 12:34:06] The value of Progress is 90
[Debug] [2025-10-17 12:34:07] The value of Progress is 95
[Debug] [2025-10-17 12:34:09] The value of Progress is 100
[Debug] [2025-10-17 12:34:09] COMMAND[Program Outer Flash] execute finish, takes 30.7 secs.
[Debug] [2025-10-17 12:34:09] begin to send jtag flash verify cmd
[Debug] [2025-10-17 12:34:09] Send RPC:15
[Debug] [2025-10-17 12:34:09] Begin to send embed flash verify data.
[Debug] [2025-10-17 12:34:09] Begin to send flash verify data.
[Debug] [2025-10-17 12:34:09] End to send flash verify data.
[Debug] [2025-10-17 12:34:09] End to send embed flash verify data.
[Debug] [2025-10-17 12:34:09] Send cmd [Verify Outer Flash:20303] OK
[Debug] [2025-10-17 12:34:09] Log::Print : COMMAND[Program Outer Flash] execute finish, takes 30.7 secs.
[Debug] [2025-10-17 12:34:09] Log::Print : The start address of operating flash is 0x0.
[Debug] [2025-10-17 12:34:09] The value of Progress is 1
[Debug] [2025-10-17 12:34:09] The value of Progress is 6
[Debug] [2025-10-17 12:34:09] The value of Progress is 10
[Debug] [2025-10-17 12:34:09] The value of Progress is 15
[Debug] [2025-10-17 12:34:09] The value of Progress is 20
[Debug] [2025-10-17 12:34:10] The value of Progress is 25
[Debug] [2025-10-17 12:34:10] The value of Progress is 30
[Debug] [2025-10-17 12:34:10] The value of Progress is 35
[Debug] [2025-10-17 12:34:10] The value of Progress is 40
[Debug] [2025-10-17 12:34:10] The value of Progress is 45
[Debug] [2025-10-17 12:34:10] The value of Progress is 50
[Debug] [2025-10-17 12:34:10] The value of Progress is 55
[Debug] [2025-10-17 12:34:10] The value of Progress is 60
[Debug] [2025-10-17 12:34:10] The value of Progress is 65
[Debug] [2025-10-17 12:34:10] The value of Progress is 70
[Debug] [2025-10-17 12:34:10] The value of Progress is 75
[Debug] [2025-10-17 12:34:11] The value of Progress is 80
[Debug] [2025-10-17 12:34:11] The value of Progress is 85
[Debug] [2025-10-17 12:34:11] The value of Progress is 90
[Debug] [2025-10-17 12:34:11] The value of Progress is 95
[Debug] [2025-10-17 12:34:11] The value of Progress is 100
[Debug] [2025-10-17 12:34:11] COMMAND[Verify Outer Flash] execute successfully, takes 2.3 secs.
[Debug] [2025-10-17 12:34:11] end to send jtag flash verify cmd
[Debug] [2025-10-17 12:34:11] end to send jtag flash program cmd.
[Debug] [2025-10-17 12:34:11] Log::Print : COMMAND[Verify Outer Flash] execute successfully, takes 2.3 secs.
[Debug] [2025-10-17 12:45:21] Begin to Converte file.
[Debug] [2025-10-17 12:45:21] End to Converte file.
[Debug] [2025-10-17 12:45:25] begin to parse sfc file.
[Debug] [2025-10-17 12:45:25] begin to get device info from CFG file...
[Debug] [2025-10-17 12:45:25] end to get device info from CFG file...
[Debug] [2025-10-17 12:45:25] begin to get device info from CFG file...
[Debug] [2025-10-17 12:45:25] end to get device info from CFG file...
[Debug] [2025-10-17 12:45:25] end to parse sfc file.
[Debug] [2025-10-17 12:45:25] Log::Print : The Start Address of bit file D:/Desktop/video_class/camera_demo/FPGA_project/04_camera_pcie_capture_40pin/project/generate_bitstream/image_pcie_capture.sbit: 0x0
[Debug] [2025-10-17 12:45:28] begin to send promgram jtag flash cmd.
[Debug] [2025-10-17 12:45:28] begin to send jtag flash erase cmd
[Debug] [2025-10-17 12:45:28] Send RPC:16
[Debug] [2025-10-17 12:45:28] Begin to send embed flash erase data.
[Debug] [2025-10-17 12:45:28] Begin to send flash erase data.
[Debug] [2025-10-17 12:45:28] End to send flash erase data.
[Debug] [2025-10-17 12:45:28] End to send embed flash erase data.
[Debug] [2025-10-17 12:45:28] Send cmd [Erase Outer Flash:20302] OK
[Debug] [2025-10-17 12:45:29] Log::Print : The start address of operating flash is 0x0.
[Debug] [2025-10-17 12:45:29] The value of Progress is 1
[Debug] [2025-10-17 12:45:30] The value of Progress is 6
[Debug] [2025-10-17 12:45:30] The value of Progress is 10
[Debug] [2025-10-17 12:45:31] The value of Progress is 16
[Debug] [2025-10-17 12:45:31] The value of Progress is 20
[Debug] [2025-10-17 12:45:32] The value of Progress is 26
[Debug] [2025-10-17 12:45:32] The value of Progress is 30
[Debug] [2025-10-17 12:45:33] The value of Progress is 36
[Debug] [2025-10-17 12:45:33] The value of Progress is 40
[Debug] [2025-10-17 12:45:34] The value of Progress is 46
[Debug] [2025-10-17 12:45:34] The value of Progress is 50
[Debug] [2025-10-17 12:45:35] The value of Progress is 56
[Debug] [2025-10-17 12:45:35] The value of Progress is 60
[Debug] [2025-10-17 12:45:36] The value of Progress is 66
[Debug] [2025-10-17 12:45:36] The value of Progress is 70
[Debug] [2025-10-17 12:45:37] The value of Progress is 76
[Debug] [2025-10-17 12:45:37] The value of Progress is 80
[Debug] [2025-10-17 12:45:38] The value of Progress is 86
[Debug] [2025-10-17 12:45:38] The value of Progress is 90
[Debug] [2025-10-17 12:45:39] The value of Progress is 96
[Debug] [2025-10-17 12:45:39] The value of Progress is 100
[Debug] [2025-10-17 12:45:39] COMMAND[Erase Outer Flash] execute finish, takes 10.4 secs.
[Debug] [2025-10-17 12:45:39] end to send jtag flash erase cmd.
[Debug] [2025-10-17 12:45:39] Send RPC:17
[Debug] [2025-10-17 12:45:39] Begin to send jtag flash program data.
[Debug] [2025-10-17 12:45:39] Begin to send flash program data.
[Debug] [2025-10-17 12:45:39] End to send flash program data.
[Debug] [2025-10-17 12:45:39] End to send embed flash program data.
[Debug] [2025-10-17 12:45:39] Send cmd [Program Outer Flash:20301] OK
[Debug] [2025-10-17 12:45:39] Log::Print : COMMAND[Erase Outer Flash] execute finish, takes 10.4 secs.
[Debug] [2025-10-17 12:45:39] Log::Print : The start address of operating flash is 0x0.
[Debug] [2025-10-17 12:45:39] The value of Progress is 1
[Debug] [2025-10-17 12:45:41] The value of Progress is 6
[Debug] [2025-10-17 12:45:42] The value of Progress is 10
[Debug] [2025-10-17 12:45:44] The value of Progress is 15
[Debug] [2025-10-17 12:45:45] The value of Progress is 20
[Debug] [2025-10-17 12:45:47] The value of Progress is 25
[Debug] [2025-10-17 12:45:48] The value of Progress is 30
[Debug] [2025-10-17 12:45:50] The value of Progress is 35
[Debug] [2025-10-17 12:45:51] The value of Progress is 40
[Debug] [2025-10-17 12:45:53] The value of Progress is 45
[Debug] [2025-10-17 12:45:54] The value of Progress is 50
[Debug] [2025-10-17 12:45:56] The value of Progress is 55
[Debug] [2025-10-17 12:45:57] The value of Progress is 60
[Debug] [2025-10-17 12:45:59] The value of Progress is 65
[Debug] [2025-10-17 12:46:00] The value of Progress is 70
[Debug] [2025-10-17 12:46:02] The value of Progress is 75
[Debug] [2025-10-17 12:46:03] The value of Progress is 80
[Debug] [2025-10-17 12:46:05] The value of Progress is 85
[Debug] [2025-10-17 12:46:06] The value of Progress is 90
[Debug] [2025-10-17 12:46:08] The value of Progress is 95
[Debug] [2025-10-17 12:46:09] The value of Progress is 100
[Debug] [2025-10-17 12:46:09] COMMAND[Program Outer Flash] execute finish, takes 30.4 secs.
[Debug] [2025-10-17 12:46:09] begin to send jtag flash verify cmd
[Debug] [2025-10-17 12:46:09] Send RPC:18
[Debug] [2025-10-17 12:46:09] Begin to send embed flash verify data.
[Debug] [2025-10-17 12:46:09] Begin to send flash verify data.
[Debug] [2025-10-17 12:46:09] End to send flash verify data.
[Debug] [2025-10-17 12:46:09] End to send embed flash verify data.
[Debug] [2025-10-17 12:46:09] Send cmd [Verify Outer Flash:20303] OK
[Debug] [2025-10-17 12:46:09] Log::Print : COMMAND[Program Outer Flash] execute finish, takes 30.4 secs.
[Debug] [2025-10-17 12:46:09] Log::Print : The start address of operating flash is 0x0.
[Debug] [2025-10-17 12:46:10] The value of Progress is 1
[Debug] [2025-10-17 12:46:10] The value of Progress is 6
[Debug] [2025-10-17 12:46:10] The value of Progress is 10
[Debug] [2025-10-17 12:46:10] The value of Progress is 15
[Debug] [2025-10-17 12:46:10] The value of Progress is 20
[Debug] [2025-10-17 12:46:10] The value of Progress is 25
[Debug] [2025-10-17 12:46:10] The value of Progress is 30
[Debug] [2025-10-17 12:46:10] The value of Progress is 35
[Debug] [2025-10-17 12:46:10] The value of Progress is 40
[Debug] [2025-10-17 12:46:10] The value of Progress is 45
[Debug] [2025-10-17 12:46:10] The value of Progress is 50
[Debug] [2025-10-17 12:46:11] The value of Progress is 55
[Debug] [2025-10-17 12:46:11] The value of Progress is 60
[Debug] [2025-10-17 12:46:11] The value of Progress is 65
[Debug] [2025-10-17 12:46:11] The value of Progress is 70
[Debug] [2025-10-17 12:46:11] The value of Progress is 75
[Debug] [2025-10-17 12:46:11] The value of Progress is 80
[Debug] [2025-10-17 12:46:11] The value of Progress is 85
[Debug] [2025-10-17 12:46:11] The value of Progress is 90
[Debug] [2025-10-17 12:46:11] The value of Progress is 95
[Debug] [2025-10-17 12:46:11] The value of Progress is 100
[Debug] [2025-10-17 12:46:12] COMMAND[Verify Outer Flash] execute successfully, takes 2.3 secs.
[Debug] [2025-10-17 12:46:12] end to send jtag flash verify cmd
[Debug] [2025-10-17 12:46:12] end to send jtag flash program cmd.
[Debug] [2025-10-17 12:46:12] Log::Print : COMMAND[Verify Outer Flash] execute successfully, takes 2.3 secs.
[Error] [2025-10-17 12:50:48] Server close connect
[Info] [2025-10-17 12:50:48] Disconnect from Server: 127.0.0.1  Port: 65420
[Warn] [2025-10-17 12:50:48] Server is disconnected
[Debug] [2025-10-17 12:50:48] end to connect server
[Debug] [2025-10-17 12:50:48] Server close connect process finish
[Debug] [2025-10-17 12:50:48] Begin to delete graphic item and tree item ...
[Debug] [2025-10-17 12:50:48] Begin to remove all device in BS mode...
[Debug] [2025-10-17 12:50:48] begin remove user device...
[Debug] [2025-10-17 12:50:48] begin remove user device...
[Debug] [2025-10-17 12:50:48] end remove user device.
[Debug] [2025-10-17 12:50:48] Begin to update graphic item and tree item ...
[Debug] [2025-10-17 12:50:48] End to update graphic item and tree item ...
[Debug] [2025-10-17 12:50:48] end remove user device.
[Debug] [2025-10-17 12:50:48] End to remove devices in BS mode...
[Debug] [2025-10-17 12:50:48] Begin to update graphic item and tree item ...
[Debug] [2025-10-17 12:50:48] End to update graphic item and tree item ...
[Debug] [2025-10-17 12:50:48] End to delete graphic item and tree item ...
[Error] [2025-10-17 12:50:49] MsgOut: CdtCommon-0402: Fail to connect to server. 
[Debug] [2025-10-17 12:50:49] Log::Print : Server is disconnect
[Info] [2025-10-17 20:44:49] /***************************Start Configuration***************************/
[Info] [2025-10-17 20:44:49] Path: C:/pango/PDS_2022.2-SP6.4/bin
[Info] [2025-10-17 20:44:49] Version: 146967
[Info] [2025-10-17 20:44:50] Current Path: D:/Desktop/video_class/camera_demo/FPGA_project/05_camera_pcie_capture_40pin/project
[Info] [2025-10-17 20:44:50] PDS Dir Path: D:/Desktop/video_class/camera_demo/FPGA_project/05_camera_pcie_capture_40pin/project
[Info] [2025-10-17 20:44:53] Configuration is not connect with server. connect first then scan chain.
[Debug] [2025-10-17 20:44:53] Client Local host name:LAPTOP-EA3TT0M1
[Debug] [2025-10-17 20:44:53] Client Local Address:10.104.21.106
[Debug] [2025-10-17 20:44:53] Server Address:127.0.0.1, Port:65420
[Debug] [2025-10-17 20:44:53] Log::Print : Connecting to server[127.0.0.1 : 65420].
[Info] [2025-10-17 20:44:54] Connect OK, Server: 127.0.0.1  Port: 65420
[Debug] [2025-10-17 20:44:54] Finish.
[Info] [2025-10-17 20:44:54] Connect server succeeded
[Debug] [2025-10-17 20:44:54] Send RPC:1
[Debug] [2025-10-17 20:44:54] Send cmd [check version information:40004] OK
[Debug] [2025-10-17 20:44:54] Log::Print : Connect to server[127.0.0.1 : 65420] successfully.
[Debug] [2025-10-17 20:44:55] Send RPC:2
[Debug] [2025-10-17 20:44:55] Send cmd [get_cable_paras:40010] OK
[Debug] [2025-10-17 20:44:55] Begin to send initialize chain cmd...
[Debug] [2025-10-17 20:44:55] Send RPC:3
[Debug] [2025-10-17 20:44:55] Send cmd [Open config cable:20001] OK
[Debug] [2025-10-17 20:44:55] End to send initialize chain cmd.
[Debug] [2025-10-17 20:44:55] COMMAND[check version information] execute successfully, takes 0.8 secs.
[Debug] [2025-10-17 20:44:55] Log::Print : COMMAND[check version information] execute successfully, takes 0.8 secs.
[Debug] [2025-10-17 20:44:56] COMMAND[get_cable_paras] execute successfully, takes 1.3 secs.
[Debug] [2025-10-17 20:44:56] Log::Print : The cable List : 
Cable index 0:USB Cable II/fffffffffffffffe 

[Debug] [2025-10-17 20:44:56] Log::Print : COMMAND[get_cable_paras] execute successfully, takes 1.3 secs.
[Debug] [2025-10-17 20:44:56] begin the exec of open cable cmd...
[Debug] [2025-10-17 20:44:56] Begin to deal with chain from server...
[Debug] [2025-10-17 20:44:56] Begin to set user chain...
[Debug] [2025-10-17 20:44:56] End to set user chain.
[Debug] [2025-10-17 20:44:56] Begin to update graphic item and tree item ...
[Debug] [2025-10-17 20:44:56] End to update graphic item and tree item ...
[Debug] [2025-10-17 20:44:56] Log::Print : PANGO USB CABLE II cable driver: D2XX DLL
[Debug] [2025-10-17 20:44:56] Log::Print : PG2L50H
[Debug] [2025-10-17 20:44:56] Log::Print : This device configure situation (done bit): 1
[Info] [2025-10-17 20:44:57] set OpenLastPath: D:/Desktop/video_class/camera_demo/FPGA_project/05_camera_pcie_capture_40pin/project/generate_bitstream/image_pcie_capture.sbit
[Debug] [2025-10-17 20:44:57] begin to get device info from CFG file...
[Debug] [2025-10-17 20:44:57] end to get device info from CFG file...
[Debug] [2025-10-17 20:44:58] Begin to update graphic item and tree item ...
[Debug] [2025-10-17 20:44:58] End to update graphic item and tree item ...
[Debug] [2025-10-17 20:44:58] Begin to update graphic item and tree item ...
[Debug] [2025-10-17 20:44:58] End to update graphic item and tree item ...
[Debug] [2025-10-17 20:44:58] End to deal wiht chain from server.
[Debug] [2025-10-17 20:44:58] end the exec of open cable cmd.
[Debug] [2025-10-17 20:44:58] COMMAND[Open config cable] execute successfully, takes 2.9 secs.
[Debug] [2025-10-17 20:44:58] Log::Print : COMMAND[Open config cable] execute successfully, takes 2.9 secs.
[Debug] [2025-10-17 20:45:00] Begin to Converte file.
[Debug] [2025-10-17 20:45:08] begin to parse sfc file.
[Debug] [2025-10-17 20:45:08] begin to get device info from CFG file...
[Debug] [2025-10-17 20:45:08] end to get device info from CFG file...
[Debug] [2025-10-17 20:45:08] begin to get device info from CFG file...
[Debug] [2025-10-17 20:45:08] end to get device info from CFG file...
[Debug] [2025-10-17 20:45:08] end to parse sfc file.
[Debug] [2025-10-17 20:45:08] Log::Print : The Start Address of bit file D:/Desktop/video_class/camera_demo/FPGA_project/05_camera_pcie_capture_40pin/project/generate_bitstream/image_pcie_capture.sbit: 0x0
[Debug] [2025-10-17 20:45:10] End to Converte file.
[Debug] [2025-10-17 20:45:11] Begin to send scan outer flash cmd...
[Debug] [2025-10-17 20:45:11] Send RPC:4
[Debug] [2025-10-17 20:45:11] Send cmd [Scan Outer SPI Flash:20300] OK
[Debug] [2025-10-17 20:45:11] End to send scan outer flash cmd.
[Debug] [2025-10-17 20:45:12] begin to exec scan jtag flash cmd...
[Debug] [2025-10-17 20:45:12] Begin to initialize JtagFlash for selected FPGA Device...
[Debug] [2025-10-17 20:45:12] Begin to update graphic item and tree item ...
[Debug] [2025-10-17 20:45:12] End to update graphic item and tree item ...
[Info] [2025-10-17 20:45:12] set OpenLastPath: D:/Desktop/video_class/camera_demo/FPGA_project/05_camera_pcie_capture_40pin/project/generate_bitstream/image_pcie_capture.sfc
[Debug] [2025-10-17 20:45:12] begin to check SFC File and Flash Device Read Mode.
[Debug] [2025-10-17 20:45:12] end to check SFC File and Flash Device Read Mode.
[Debug] [2025-10-17 20:45:12] Begin to update graphic item and tree item ...
[Debug] [2025-10-17 20:45:12] End to update graphic item and tree item ...
[Debug] [2025-10-17 20:45:12] End to initialize OuterFlash for selected FPGA Device...
[Debug] [2025-10-17 20:45:12] end to exec scan jtag flash cmd...
[Debug] [2025-10-17 20:45:12] COMMAND[Scan Outer SPI Flash] execute successfully, takes 1.2 secs.
[Debug] [2025-10-17 20:45:12] Log::Print : COMMAND[Scan Outer SPI Flash] execute successfully, takes 1.2 secs.
[Debug] [2025-10-17 20:45:14] begin to send promgram jtag flash cmd.
[Debug] [2025-10-17 20:45:14] begin to send jtag flash erase cmd
[Debug] [2025-10-17 20:45:14] Send RPC:5
[Debug] [2025-10-17 20:45:14] Begin to send embed flash erase data.
[Debug] [2025-10-17 20:45:14] Begin to send flash erase data.
[Debug] [2025-10-17 20:45:14] End to send flash erase data.
[Debug] [2025-10-17 20:45:14] End to send embed flash erase data.
[Debug] [2025-10-17 20:45:14] Send cmd [Erase Outer Flash:20302] OK
[Debug] [2025-10-17 20:45:14] Log::Print : The start address of operating flash is 0x0.
[Debug] [2025-10-17 20:45:14] The value of Progress is 1
[Debug] [2025-10-17 20:45:15] The value of Progress is 6
[Debug] [2025-10-17 20:45:15] The value of Progress is 10
[Debug] [2025-10-17 20:45:16] The value of Progress is 16
[Debug] [2025-10-17 20:45:16] The value of Progress is 20
[Debug] [2025-10-17 20:45:17] The value of Progress is 26
[Debug] [2025-10-17 20:45:17] The value of Progress is 30
[Debug] [2025-10-17 20:45:18] The value of Progress is 36
[Debug] [2025-10-17 20:45:19] The value of Progress is 40
[Debug] [2025-10-17 20:45:19] The value of Progress is 46
[Debug] [2025-10-17 20:45:20] The value of Progress is 50
[Debug] [2025-10-17 20:45:20] The value of Progress is 56
[Debug] [2025-10-17 20:45:21] The value of Progress is 60
[Debug] [2025-10-17 20:45:21] The value of Progress is 66
[Debug] [2025-10-17 20:45:22] The value of Progress is 70
[Debug] [2025-10-17 20:45:22] The value of Progress is 76
[Debug] [2025-10-17 20:45:23] The value of Progress is 80
[Debug] [2025-10-17 20:45:23] The value of Progress is 86
[Debug] [2025-10-17 20:45:24] The value of Progress is 90
[Debug] [2025-10-17 20:45:24] The value of Progress is 96
[Debug] [2025-10-17 20:45:24] The value of Progress is 100
[Debug] [2025-10-17 20:45:25] COMMAND[Erase Outer Flash] execute finish, takes 10.8 secs.
[Debug] [2025-10-17 20:45:25] end to send jtag flash erase cmd.
[Debug] [2025-10-17 20:45:25] Send RPC:6
[Debug] [2025-10-17 20:45:25] Begin to send jtag flash program data.
[Debug] [2025-10-17 20:45:25] Begin to send flash program data.
[Debug] [2025-10-17 20:45:25] End to send flash program data.
[Debug] [2025-10-17 20:45:25] End to send embed flash program data.
[Debug] [2025-10-17 20:45:25] Send cmd [Program Outer Flash:20301] OK
[Debug] [2025-10-17 20:45:25] Log::Print : COMMAND[Erase Outer Flash] execute finish, takes 10.8 secs.
[Debug] [2025-10-17 20:45:25] Log::Print : The start address of operating flash is 0x0.
[Debug] [2025-10-17 20:45:25] The value of Progress is 1
[Debug] [2025-10-17 20:45:27] The value of Progress is 6
[Debug] [2025-10-17 20:45:28] The value of Progress is 10
[Debug] [2025-10-17 20:45:29] The value of Progress is 15
[Debug] [2025-10-17 20:45:31] The value of Progress is 20
[Debug] [2025-10-17 20:45:32] The value of Progress is 25
[Debug] [2025-10-17 20:45:34] The value of Progress is 30
[Debug] [2025-10-17 20:45:35] The value of Progress is 35
[Debug] [2025-10-17 20:45:37] The value of Progress is 40
[Debug] [2025-10-17 20:45:38] The value of Progress is 45
[Debug] [2025-10-17 20:45:40] The value of Progress is 50
[Debug] [2025-10-17 20:45:41] The value of Progress is 55
[Debug] [2025-10-17 20:45:43] The value of Progress is 60
[Debug] [2025-10-17 20:45:44] The value of Progress is 65
[Debug] [2025-10-17 20:45:46] The value of Progress is 70
[Debug] [2025-10-17 20:45:47] The value of Progress is 75
[Debug] [2025-10-17 20:45:49] The value of Progress is 80
[Debug] [2025-10-17 20:45:50] The value of Progress is 85
[Debug] [2025-10-17 20:45:52] The value of Progress is 90
[Debug] [2025-10-17 20:45:53] The value of Progress is 95
[Debug] [2025-10-17 20:45:55] The value of Progress is 100
[Debug] [2025-10-17 20:45:55] COMMAND[Program Outer Flash] execute finish, takes 30.5 secs.
[Debug] [2025-10-17 20:45:55] begin to send jtag flash verify cmd
[Debug] [2025-10-17 20:45:55] Send RPC:7
[Debug] [2025-10-17 20:45:55] Begin to send embed flash verify data.
[Debug] [2025-10-17 20:45:55] Begin to send flash verify data.
[Debug] [2025-10-17 20:45:55] End to send flash verify data.
[Debug] [2025-10-17 20:45:55] End to send embed flash verify data.
[Debug] [2025-10-17 20:45:55] Send cmd [Verify Outer Flash:20303] OK
[Debug] [2025-10-17 20:45:55] Log::Print : COMMAND[Program Outer Flash] execute finish, takes 30.5 secs.
[Debug] [2025-10-17 20:45:55] Log::Print : The start address of operating flash is 0x0.
[Debug] [2025-10-17 20:45:55] The value of Progress is 1
[Debug] [2025-10-17 20:45:55] The value of Progress is 6
[Debug] [2025-10-17 20:45:55] The value of Progress is 10
[Debug] [2025-10-17 20:45:56] The value of Progress is 15
[Debug] [2025-10-17 20:45:56] The value of Progress is 20
[Debug] [2025-10-17 20:45:56] The value of Progress is 25
[Debug] [2025-10-17 20:45:56] The value of Progress is 30
[Debug] [2025-10-17 20:45:56] The value of Progress is 35
[Debug] [2025-10-17 20:45:56] The value of Progress is 40
[Debug] [2025-10-17 20:45:56] The value of Progress is 45
[Debug] [2025-10-17 20:45:56] The value of Progress is 50
[Debug] [2025-10-17 20:45:56] The value of Progress is 55
[Debug] [2025-10-17 20:45:56] The value of Progress is 60
[Debug] [2025-10-17 20:45:56] The value of Progress is 65
[Debug] [2025-10-17 20:45:57] The value of Progress is 70
[Debug] [2025-10-17 20:45:57] The value of Progress is 75
[Debug] [2025-10-17 20:45:57] The value of Progress is 80
[Debug] [2025-10-17 20:45:57] The value of Progress is 85
[Debug] [2025-10-17 20:45:57] The value of Progress is 90
[Debug] [2025-10-17 20:45:57] The value of Progress is 95
[Debug] [2025-10-17 20:45:57] The value of Progress is 100
[Debug] [2025-10-17 20:45:57] COMMAND[Verify Outer Flash] execute successfully, takes 2.2 secs.
[Debug] [2025-10-17 20:45:57] end to send jtag flash verify cmd
[Debug] [2025-10-17 20:45:57] end to send jtag flash program cmd.
[Debug] [2025-10-17 20:45:57] Log::Print : COMMAND[Verify Outer Flash] execute successfully, takes 2.2 secs.
[Debug] [2025-10-17 20:59:44] Begin to Converte file.
[Debug] [2025-10-17 20:59:44] End to Converte file.
[Debug] [2025-10-17 20:59:47] begin to parse sfc file.
[Debug] [2025-10-17 20:59:47] begin to get device info from CFG file...
[Debug] [2025-10-17 20:59:47] end to get device info from CFG file...
[Debug] [2025-10-17 20:59:47] begin to get device info from CFG file...
[Debug] [2025-10-17 20:59:47] end to get device info from CFG file...
[Debug] [2025-10-17 20:59:47] end to parse sfc file.
[Debug] [2025-10-17 20:59:47] Log::Print : The Start Address of bit file D:/Desktop/video_class/camera_demo/FPGA_project/05_camera_pcie_capture_40pin/project/generate_bitstream/image_pcie_capture.sbit: 0x0
[Debug] [2025-10-17 20:59:49] begin to send promgram jtag flash cmd.
[Debug] [2025-10-17 20:59:49] begin to send jtag flash erase cmd
[Debug] [2025-10-17 20:59:49] Send RPC:8
[Debug] [2025-10-17 20:59:49] Begin to send embed flash erase data.
[Debug] [2025-10-17 20:59:49] Begin to send flash erase data.
[Debug] [2025-10-17 20:59:49] End to send flash erase data.
[Debug] [2025-10-17 20:59:49] End to send embed flash erase data.
[Debug] [2025-10-17 20:59:49] Send cmd [Erase Outer Flash:20302] OK
[Debug] [2025-10-17 20:59:49] Log::Print : The start address of operating flash is 0x0.
[Debug] [2025-10-17 20:59:53] The value of Progress is 1
[Debug] [2025-10-17 20:59:55] The value of Progress is 6
[Debug] [2025-10-17 20:59:55] The value of Progress is 12
[Debug] [2025-10-17 20:59:56] The value of Progress is 16
[Debug] [2025-10-17 20:59:56] The value of Progress is 22
[Debug] [2025-10-17 20:59:57] The value of Progress is 25
[Debug] [2025-10-17 20:59:57] The value of Progress is 32
[Debug] [2025-10-17 20:59:57] The value of Progress is 35
[Debug] [2025-10-17 20:59:58] The value of Progress is 41
[Debug] [2025-10-17 20:59:59] The value of Progress is 45
[Debug] [2025-10-17 20:59:59] The value of Progress is 51
[Debug] [2025-10-17 21:00:00] The value of Progress is 58
[Debug] [2025-10-17 21:00:00] The value of Progress is 61
[Debug] [2025-10-17 21:00:01] The value of Progress is 67
[Debug] [2025-10-17 21:00:01] The value of Progress is 70
[Debug] [2025-10-17 21:00:02] The value of Progress is 77
[Debug] [2025-10-17 21:00:02] The value of Progress is 80
[Debug] [2025-10-17 21:00:03] The value of Progress is 87
[Debug] [2025-10-17 21:00:03] The value of Progress is 90
[Debug] [2025-10-17 21:00:04] The value of Progress is 96
[Debug] [2025-10-17 21:00:04] The value of Progress is 100
[Debug] [2025-10-17 21:00:04] COMMAND[Erase Outer Flash] execute finish, takes 14.6 secs.
[Debug] [2025-10-17 21:00:04] end to send jtag flash erase cmd.
[Debug] [2025-10-17 21:00:04] Send RPC:9
[Debug] [2025-10-17 21:00:04] Begin to send jtag flash program data.
[Debug] [2025-10-17 21:00:04] Begin to send flash program data.
[Debug] [2025-10-17 21:00:04] End to send flash program data.
[Debug] [2025-10-17 21:00:04] End to send embed flash program data.
[Debug] [2025-10-17 21:00:04] Send cmd [Program Outer Flash:20301] OK
[Debug] [2025-10-17 21:00:04] Log::Print : COMMAND[Erase Outer Flash] execute finish, takes 14.6 secs.
[Debug] [2025-10-17 21:00:04] Log::Print : The start address of operating flash is 0x0.
[Debug] [2025-10-17 21:00:04] The value of Progress is 1
[Debug] [2025-10-17 21:00:06] The value of Progress is 6
[Debug] [2025-10-17 21:00:08] The value of Progress is 10
[Debug] [2025-10-17 21:00:09] The value of Progress is 15
[Debug] [2025-10-17 21:00:11] The value of Progress is 20
[Debug] [2025-10-17 21:00:12] The value of Progress is 25
[Debug] [2025-10-17 21:00:14] The value of Progress is 30
[Debug] [2025-10-17 21:00:16] The value of Progress is 35
[Debug] [2025-10-17 21:00:17] The value of Progress is 40
[Debug] [2025-10-17 21:00:19] The value of Progress is 45
[Debug] [2025-10-17 21:00:20] The value of Progress is 50
[Debug] [2025-10-17 21:00:22] The value of Progress is 55
[Debug] [2025-10-17 21:00:24] The value of Progress is 60
[Debug] [2025-10-17 21:00:25] The value of Progress is 65
[Debug] [2025-10-17 21:00:27] The value of Progress is 70
[Debug] [2025-10-17 21:00:28] The value of Progress is 75
[Debug] [2025-10-17 21:00:30] The value of Progress is 80
[Debug] [2025-10-17 21:00:31] The value of Progress is 85
[Debug] [2025-10-17 21:00:33] The value of Progress is 90
[Debug] [2025-10-17 21:00:35] The value of Progress is 95
[Debug] [2025-10-17 21:00:36] The value of Progress is 100
[Debug] [2025-10-17 21:00:36] COMMAND[Program Outer Flash] execute finish, takes 32.2 secs.
[Debug] [2025-10-17 21:00:36] begin to send jtag flash verify cmd
[Debug] [2025-10-17 21:00:36] Send RPC:10
[Debug] [2025-10-17 21:00:36] Begin to send embed flash verify data.
[Debug] [2025-10-17 21:00:36] Begin to send flash verify data.
[Debug] [2025-10-17 21:00:36] End to send flash verify data.
[Debug] [2025-10-17 21:00:36] End to send embed flash verify data.
[Debug] [2025-10-17 21:00:36] Send cmd [Verify Outer Flash:20303] OK
[Debug] [2025-10-17 21:00:36] Log::Print : COMMAND[Program Outer Flash] execute finish, takes 32.2 secs.
[Debug] [2025-10-17 21:00:36] Log::Print : The start address of operating flash is 0x0.
[Debug] [2025-10-17 21:00:37] The value of Progress is 1
[Debug] [2025-10-17 21:00:37] The value of Progress is 6
[Debug] [2025-10-17 21:00:37] The value of Progress is 10
[Debug] [2025-10-17 21:00:37] The value of Progress is 15
[Debug] [2025-10-17 21:00:37] The value of Progress is 20
[Debug] [2025-10-17 21:00:37] The value of Progress is 25
[Debug] [2025-10-17 21:00:37] The value of Progress is 30
[Debug] [2025-10-17 21:00:37] The value of Progress is 35
[Debug] [2025-10-17 21:00:37] The value of Progress is 40
[Debug] [2025-10-17 21:00:37] The value of Progress is 45
[Debug] [2025-10-17 21:00:38] The value of Progress is 50
[Debug] [2025-10-17 21:00:38] The value of Progress is 55
[Debug] [2025-10-17 21:00:38] The value of Progress is 60
[Debug] [2025-10-17 21:00:38] The value of Progress is 65
[Debug] [2025-10-17 21:00:38] The value of Progress is 70
[Debug] [2025-10-17 21:00:38] The value of Progress is 75
[Debug] [2025-10-17 21:00:38] The value of Progress is 80
[Debug] [2025-10-17 21:00:38] The value of Progress is 85
[Debug] [2025-10-17 21:00:38] The value of Progress is 90
[Debug] [2025-10-17 21:00:38] The value of Progress is 95
[Debug] [2025-10-17 21:00:38] The value of Progress is 100
[Debug] [2025-10-17 21:00:39] COMMAND[Verify Outer Flash] execute successfully, takes 2.3 secs.
[Debug] [2025-10-17 21:00:39] end to send jtag flash verify cmd
[Debug] [2025-10-17 21:00:39] end to send jtag flash program cmd.
[Debug] [2025-10-17 21:00:39] Log::Print : COMMAND[Verify Outer Flash] execute successfully, takes 2.3 secs.
[Debug] [2025-10-17 22:11:47] Begin to Converte file.
[Debug] [2025-10-17 22:11:47] End to Converte file.
[Debug] [2025-10-17 22:11:49] begin to parse sfc file.
[Debug] [2025-10-17 22:11:49] begin to get device info from CFG file...
[Debug] [2025-10-17 22:11:49] end to get device info from CFG file...
[Debug] [2025-10-17 22:11:49] begin to get device info from CFG file...
[Debug] [2025-10-17 22:11:49] end to get device info from CFG file...
[Debug] [2025-10-17 22:11:49] end to parse sfc file.
[Debug] [2025-10-17 22:11:49] Log::Print : The Start Address of bit file D:/Desktop/video_class/camera_demo/FPGA_project/05_camera_pcie_capture_40pin/project/generate_bitstream/image_pcie_capture.sbit: 0x0
[Debug] [2025-10-17 22:11:51] begin to send promgram jtag flash cmd.
[Debug] [2025-10-17 22:11:51] begin to send jtag flash erase cmd
[Debug] [2025-10-17 22:11:51] Send RPC:11
[Debug] [2025-10-17 22:11:51] Begin to send embed flash erase data.
[Debug] [2025-10-17 22:11:51] Begin to send flash erase data.
[Debug] [2025-10-17 22:11:51] End to send flash erase data.
[Debug] [2025-10-17 22:11:51] End to send embed flash erase data.
[Debug] [2025-10-17 22:11:51] Send cmd [Erase Outer Flash:20302] OK
[Debug] [2025-10-17 22:11:51] Log::Print : The start address of operating flash is 0x0.
[Debug] [2025-10-17 22:11:52] The value of Progress is 1
[Debug] [2025-10-17 22:11:53] The value of Progress is 6
[Debug] [2025-10-17 22:11:53] The value of Progress is 12
[Debug] [2025-10-17 22:11:54] The value of Progress is 16
[Debug] [2025-10-17 22:11:54] The value of Progress is 22
[Debug] [2025-10-17 22:11:55] The value of Progress is 25
[Debug] [2025-10-17 22:11:55] The value of Progress is 32
[Debug] [2025-10-17 22:11:56] The value of Progress is 35
[Debug] [2025-10-17 22:11:56] The value of Progress is 41
[Debug] [2025-10-17 22:11:57] The value of Progress is 45
[Debug] [2025-10-17 22:11:57] The value of Progress is 51
[Debug] [2025-10-17 22:11:58] The value of Progress is 58
[Debug] [2025-10-17 22:11:58] The value of Progress is 61
[Debug] [2025-10-17 22:11:59] The value of Progress is 67
[Debug] [2025-10-17 22:11:59] The value of Progress is 70
[Debug] [2025-10-17 22:12:00] The value of Progress is 77
[Debug] [2025-10-17 22:12:00] The value of Progress is 80
[Debug] [2025-10-17 22:12:01] The value of Progress is 87
[Debug] [2025-10-17 22:12:01] The value of Progress is 90
[Debug] [2025-10-17 22:12:02] The value of Progress is 96
[Debug] [2025-10-17 22:12:02] The value of Progress is 100
[Debug] [2025-10-17 22:12:02] COMMAND[Erase Outer Flash] execute finish, takes 10.5 secs.
[Debug] [2025-10-17 22:12:02] end to send jtag flash erase cmd.
[Debug] [2025-10-17 22:12:02] Send RPC:12
[Debug] [2025-10-17 22:12:02] Begin to send jtag flash program data.
[Debug] [2025-10-17 22:12:02] Begin to send flash program data.
[Debug] [2025-10-17 22:12:02] End to send flash program data.
[Debug] [2025-10-17 22:12:02] End to send embed flash program data.
[Debug] [2025-10-17 22:12:02] Send cmd [Program Outer Flash:20301] OK
[Debug] [2025-10-17 22:12:02] Log::Print : COMMAND[Erase Outer Flash] execute finish, takes 10.5 secs.
[Debug] [2025-10-17 22:12:02] Log::Print : The start address of operating flash is 0x0.
[Debug] [2025-10-17 22:12:02] The value of Progress is 1
[Debug] [2025-10-17 22:12:04] The value of Progress is 6
[Debug] [2025-10-17 22:12:05] The value of Progress is 10
[Debug] [2025-10-17 22:12:07] The value of Progress is 15
[Debug] [2025-10-17 22:12:08] The value of Progress is 20
[Debug] [2025-10-17 22:12:10] The value of Progress is 25
[Debug] [2025-10-17 22:12:12] The value of Progress is 30
[Debug] [2025-10-17 22:12:13] The value of Progress is 35
[Debug] [2025-10-17 22:12:15] The value of Progress is 40
[Debug] [2025-10-17 22:12:16] The value of Progress is 45
[Debug] [2025-10-17 22:12:18] The value of Progress is 50
[Debug] [2025-10-17 22:12:19] The value of Progress is 55
[Debug] [2025-10-17 22:12:21] The value of Progress is 60
[Debug] [2025-10-17 22:12:22] The value of Progress is 65
[Debug] [2025-10-17 22:12:24] The value of Progress is 70
[Debug] [2025-10-17 22:12:25] The value of Progress is 75
[Debug] [2025-10-17 22:12:27] The value of Progress is 80
[Debug] [2025-10-17 22:12:29] The value of Progress is 85
[Debug] [2025-10-17 22:12:30] The value of Progress is 90
[Debug] [2025-10-17 22:12:32] The value of Progress is 95
[Debug] [2025-10-17 22:12:33] The value of Progress is 100
[Debug] [2025-10-17 22:12:33] COMMAND[Program Outer Flash] execute finish, takes 31.3 secs.
[Debug] [2025-10-17 22:12:33] begin to send jtag flash verify cmd
[Debug] [2025-10-17 22:12:33] Send RPC:13
[Debug] [2025-10-17 22:12:33] Begin to send embed flash verify data.
[Debug] [2025-10-17 22:12:33] Begin to send flash verify data.
[Debug] [2025-10-17 22:12:33] End to send flash verify data.
[Debug] [2025-10-17 22:12:33] End to send embed flash verify data.
[Debug] [2025-10-17 22:12:33] Send cmd [Verify Outer Flash:20303] OK
[Debug] [2025-10-17 22:12:33] Log::Print : COMMAND[Program Outer Flash] execute finish, takes 31.3 secs.
[Debug] [2025-10-17 22:12:33] Log::Print : The start address of operating flash is 0x0.
[Debug] [2025-10-17 22:12:34] The value of Progress is 1
[Debug] [2025-10-17 22:12:34] The value of Progress is 6
[Debug] [2025-10-17 22:12:34] The value of Progress is 10
[Debug] [2025-10-17 22:12:34] The value of Progress is 15
[Debug] [2025-10-17 22:12:34] The value of Progress is 20
[Debug] [2025-10-17 22:12:34] The value of Progress is 25
[Debug] [2025-10-17 22:12:34] The value of Progress is 30
[Debug] [2025-10-17 22:12:34] The value of Progress is 35
[Debug] [2025-10-17 22:12:34] The value of Progress is 40
[Debug] [2025-10-17 22:12:34] The value of Progress is 45
[Debug] [2025-10-17 22:12:35] The value of Progress is 50
[Debug] [2025-10-17 22:12:35] The value of Progress is 55
[Debug] [2025-10-17 22:12:35] The value of Progress is 60
[Debug] [2025-10-17 22:12:35] The value of Progress is 65
[Debug] [2025-10-17 22:12:35] The value of Progress is 70
[Debug] [2025-10-17 22:12:35] The value of Progress is 75
[Debug] [2025-10-17 22:12:35] The value of Progress is 80
[Debug] [2025-10-17 22:12:35] The value of Progress is 85
[Debug] [2025-10-17 22:12:35] The value of Progress is 90
[Debug] [2025-10-17 22:12:35] The value of Progress is 95
[Debug] [2025-10-17 22:12:36] The value of Progress is 100
[Debug] [2025-10-17 22:12:36] COMMAND[Verify Outer Flash] execute successfully, takes 2.3 secs.
[Debug] [2025-10-17 22:12:36] end to send jtag flash verify cmd
[Debug] [2025-10-17 22:12:36] end to send jtag flash program cmd.
[Debug] [2025-10-17 22:12:36] Log::Print : COMMAND[Verify Outer Flash] execute successfully, takes 2.3 secs.
[Debug] [2025-10-17 22:22:51] Begin to Converte file.
[Debug] [2025-10-17 22:22:51] End to Converte file.
[Debug] [2025-10-17 22:22:53] begin to parse sfc file.
[Debug] [2025-10-17 22:22:53] begin to get device info from CFG file...
[Debug] [2025-10-17 22:22:53] end to get device info from CFG file...
[Debug] [2025-10-17 22:22:53] begin to get device info from CFG file...
[Debug] [2025-10-17 22:22:53] end to get device info from CFG file...
[Debug] [2025-10-17 22:22:53] end to parse sfc file.
[Debug] [2025-10-17 22:22:53] Log::Print : The Start Address of bit file D:/Desktop/video_class/camera_demo/FPGA_project/05_camera_pcie_capture_40pin/project/generate_bitstream/image_pcie_capture.sbit: 0x0
[Debug] [2025-10-17 22:22:55] begin to send promgram jtag flash cmd.
[Debug] [2025-10-17 22:22:55] begin to send jtag flash erase cmd
[Debug] [2025-10-17 22:22:55] Send RPC:14
[Debug] [2025-10-17 22:22:55] Begin to send embed flash erase data.
[Debug] [2025-10-17 22:22:55] Begin to send flash erase data.
[Debug] [2025-10-17 22:22:55] End to send flash erase data.
[Debug] [2025-10-17 22:22:55] End to send embed flash erase data.
[Debug] [2025-10-17 22:22:55] Send cmd [Erase Outer Flash:20302] OK
[Debug] [2025-10-17 22:22:55] Log::Print : The start address of operating flash is 0x0.
[Error] [2025-10-17 22:23:00] fail to exec Erase Outer Flash cmd...
[Debug] [2025-10-17 22:23:00] end to send jtag flash erase cmd.
[Error] [2025-10-17 22:23:00] Flash Erasing failed before programming.
[Error] [2025-10-17 22:23:00] MsgOut: JtagServer-0306: No devices detected while scanning the JTAG chain, failed detecting JTAG device chain.
[Error] [2025-10-17 22:23:00] MsgOut: Configuration-0008: The command 'Erase Outer Flash' execute fail.
[Debug] [2025-10-17 22:23:11] begin to send promgram jtag flash cmd.
[Debug] [2025-10-17 22:23:11] begin to send jtag flash erase cmd
[Debug] [2025-10-17 22:23:11] Send RPC:15
[Debug] [2025-10-17 22:23:11] Begin to send embed flash erase data.
[Debug] [2025-10-17 22:23:11] Begin to send flash erase data.
[Debug] [2025-10-17 22:23:11] End to send flash erase data.
[Debug] [2025-10-17 22:23:11] End to send embed flash erase data.
[Debug] [2025-10-17 22:23:11] Send cmd [Erase Outer Flash:20302] OK
[Debug] [2025-10-17 22:23:11] Log::Print : The start address of operating flash is 0x0.
[Debug] [2025-10-17 22:23:11] The value of Progress is 1
[Debug] [2025-10-17 22:23:12] The value of Progress is 6
[Debug] [2025-10-17 22:23:12] The value of Progress is 10
[Debug] [2025-10-17 22:23:13] The value of Progress is 17
[Debug] [2025-10-17 22:23:13] The value of Progress is 20
[Debug] [2025-10-17 22:23:14] The value of Progress is 27
[Debug] [2025-10-17 22:23:14] The value of Progress is 31
[Debug] [2025-10-17 22:23:15] The value of Progress is 37
[Debug] [2025-10-17 22:23:15] The value of Progress is 41
[Debug] [2025-10-17 22:23:16] The value of Progress is 48
[Debug] [2025-10-17 22:23:16] The value of Progress is 51
[Debug] [2025-10-17 22:23:16] The value of Progress is 55
[Debug] [2025-10-17 22:23:17] The value of Progress is 62
[Debug] [2025-10-17 22:23:17] The value of Progress is 65
[Debug] [2025-10-17 22:23:18] The value of Progress is 72
[Debug] [2025-10-17 22:23:18] The value of Progress is 75
[Debug] [2025-10-17 22:23:19] The value of Progress is 82
[Debug] [2025-10-17 22:23:19] The value of Progress is 86
[Debug] [2025-10-17 22:23:20] The value of Progress is 93
[Debug] [2025-10-17 22:23:20] The value of Progress is 96
[Debug] [2025-10-17 22:23:20] The value of Progress is 100
[Debug] [2025-10-17 22:23:21] COMMAND[Erase Outer Flash] execute finish, takes 10.0 secs.
[Debug] [2025-10-17 22:23:21] end to send jtag flash erase cmd.
[Debug] [2025-10-17 22:23:21] Send RPC:16
[Debug] [2025-10-17 22:23:21] Begin to send jtag flash program data.
[Debug] [2025-10-17 22:23:21] Begin to send flash program data.
[Debug] [2025-10-17 22:23:21] End to send flash program data.
[Debug] [2025-10-17 22:23:21] End to send embed flash program data.
[Debug] [2025-10-17 22:23:21] Send cmd [Program Outer Flash:20301] OK
[Debug] [2025-10-17 22:23:21] Log::Print : COMMAND[Erase Outer Flash] execute finish, takes 10.0 secs.
[Debug] [2025-10-17 22:23:21] Log::Print : The start address of operating flash is 0x0.
[Debug] [2025-10-17 22:23:21] The value of Progress is 1
[Debug] [2025-10-17 22:23:23] The value of Progress is 6
[Debug] [2025-10-17 22:23:24] The value of Progress is 10
[Debug] [2025-10-17 22:23:25] The value of Progress is 15
[Debug] [2025-10-17 22:23:27] The value of Progress is 20
[Debug] [2025-10-17 22:23:28] The value of Progress is 25
[Debug] [2025-10-17 22:23:30] The value of Progress is 30
[Debug] [2025-10-17 22:23:31] The value of Progress is 35
[Debug] [2025-10-17 22:23:33] The value of Progress is 40
[Debug] [2025-10-17 22:23:34] The value of Progress is 45
[Debug] [2025-10-17 22:23:35] The value of Progress is 50
[Debug] [2025-10-17 22:23:37] The value of Progress is 55
[Debug] [2025-10-17 22:23:38] The value of Progress is 60
[Debug] [2025-10-17 22:23:40] The value of Progress is 65
[Debug] [2025-10-17 22:23:41] The value of Progress is 70
[Debug] [2025-10-17 22:23:43] The value of Progress is 75
[Debug] [2025-10-17 22:23:44] The value of Progress is 80
[Debug] [2025-10-17 22:23:46] The value of Progress is 85
[Debug] [2025-10-17 22:23:47] The value of Progress is 90
[Debug] [2025-10-17 22:23:49] The value of Progress is 95
[Debug] [2025-10-17 22:23:50] The value of Progress is 100
[Debug] [2025-10-17 22:23:50] COMMAND[Program Outer Flash] execute finish, takes 29.8 secs.
[Debug] [2025-10-17 22:23:50] begin to send jtag flash verify cmd
[Debug] [2025-10-17 22:23:50] Send RPC:17
[Debug] [2025-10-17 22:23:50] Begin to send embed flash verify data.
[Debug] [2025-10-17 22:23:50] Begin to send flash verify data.
[Debug] [2025-10-17 22:23:50] End to send flash verify data.
[Debug] [2025-10-17 22:23:50] End to send embed flash verify data.
[Debug] [2025-10-17 22:23:50] Send cmd [Verify Outer Flash:20303] OK
[Debug] [2025-10-17 22:23:50] Log::Print : COMMAND[Program Outer Flash] execute finish, takes 29.8 secs.
[Debug] [2025-10-17 22:23:50] Log::Print : The start address of operating flash is 0x0.
[Debug] [2025-10-17 22:23:51] The value of Progress is 1
[Debug] [2025-10-17 22:23:51] The value of Progress is 6
[Debug] [2025-10-17 22:23:51] The value of Progress is 10
[Debug] [2025-10-17 22:23:51] The value of Progress is 15
[Debug] [2025-10-17 22:23:51] The value of Progress is 20
[Debug] [2025-10-17 22:23:51] The value of Progress is 25
[Debug] [2025-10-17 22:23:51] The value of Progress is 30
[Debug] [2025-10-17 22:23:51] The value of Progress is 35
[Debug] [2025-10-17 22:23:51] The value of Progress is 40
[Debug] [2025-10-17 22:23:51] The value of Progress is 45
[Debug] [2025-10-17 22:23:51] The value of Progress is 50
[Debug] [2025-10-17 22:23:52] The value of Progress is 55
[Debug] [2025-10-17 22:23:52] The value of Progress is 60
[Debug] [2025-10-17 22:23:52] The value of Progress is 65
[Debug] [2025-10-17 22:23:52] The value of Progress is 70
[Debug] [2025-10-17 22:23:52] The value of Progress is 75
[Debug] [2025-10-17 22:23:52] The value of Progress is 80
[Debug] [2025-10-17 22:23:52] The value of Progress is 85
[Debug] [2025-10-17 22:23:52] The value of Progress is 90
[Debug] [2025-10-17 22:23:52] The value of Progress is 95
[Debug] [2025-10-17 22:23:52] The value of Progress is 100
[Debug] [2025-10-17 22:23:53] COMMAND[Verify Outer Flash] execute successfully, takes 2.3 secs.
[Debug] [2025-10-17 22:23:53] end to send jtag flash verify cmd
[Debug] [2025-10-17 22:23:53] end to send jtag flash program cmd.
[Debug] [2025-10-17 22:23:53] Log::Print : COMMAND[Verify Outer Flash] execute successfully, takes 2.3 secs.
[Debug] [2025-10-17 22:34:34] Begin to Converte file.
[Debug] [2025-10-17 22:34:34] End to Converte file.
[Debug] [2025-10-17 22:34:35] begin to parse sfc file.
[Debug] [2025-10-17 22:34:35] begin to get device info from CFG file...
[Debug] [2025-10-17 22:34:35] end to get device info from CFG file...
[Debug] [2025-10-17 22:34:35] begin to get device info from CFG file...
[Debug] [2025-10-17 22:34:35] end to get device info from CFG file...
[Debug] [2025-10-17 22:34:35] end to parse sfc file.
[Debug] [2025-10-17 22:34:35] Log::Print : The Start Address of bit file D:/Desktop/video_class/camera_demo/FPGA_project/05_camera_pcie_capture_40pin/project/generate_bitstream/image_pcie_capture.sbit: 0x0
[Debug] [2025-10-17 22:34:38] Begin to send scan outer flash cmd...
[Debug] [2025-10-17 22:34:38] Send RPC:18
[Debug] [2025-10-17 22:34:38] Send cmd [Scan Outer SPI Flash:20300] OK
[Debug] [2025-10-17 22:34:38] End to send scan outer flash cmd.
[Debug] [2025-10-17 22:34:42] begin to exec scan jtag flash cmd...
[Debug] [2025-10-17 22:34:42] Begin to initialize JtagFlash for selected FPGA Device...
[Debug] [2025-10-17 22:34:42] Begin to update graphic item and tree item ...
[Debug] [2025-10-17 22:34:42] End to update graphic item and tree item ...
[Info] [2025-10-17 22:34:42] set OpenLastPath: D:/Desktop/video_class/camera_demo/FPGA_project/05_camera_pcie_capture_40pin/project/generate_bitstream/image_pcie_capture.sfc
[Debug] [2025-10-17 22:34:42] begin to check SFC File and Flash Device Read Mode.
[Debug] [2025-10-17 22:34:42] end to check SFC File and Flash Device Read Mode.
[Debug] [2025-10-17 22:34:42] Begin to update graphic item and tree item ...
[Debug] [2025-10-17 22:34:42] End to update graphic item and tree item ...
[Debug] [2025-10-17 22:34:42] End to initialize OuterFlash for selected FPGA Device...
[Debug] [2025-10-17 22:34:42] end to exec scan jtag flash cmd...
[Debug] [2025-10-17 22:34:42] COMMAND[Scan Outer SPI Flash] execute successfully, takes 4.2 secs.
[Debug] [2025-10-17 22:34:42] Log::Print : COMMAND[Scan Outer SPI Flash] execute successfully, takes 4.2 secs.
[Debug] [2025-10-17 22:34:44] begin to send promgram jtag flash cmd.
[Debug] [2025-10-17 22:34:44] begin to send jtag flash erase cmd
[Debug] [2025-10-17 22:34:44] Send RPC:19
[Debug] [2025-10-17 22:34:44] Begin to send embed flash erase data.
[Debug] [2025-10-17 22:34:44] Begin to send flash erase data.
[Debug] [2025-10-17 22:34:44] End to send flash erase data.
[Debug] [2025-10-17 22:34:44] End to send embed flash erase data.
[Debug] [2025-10-17 22:34:44] Send cmd [Erase Outer Flash:20302] OK
[Debug] [2025-10-17 22:34:44] Log::Print : The start address of operating flash is 0x0.
[Debug] [2025-10-17 22:34:44] The value of Progress is 1
[Debug] [2025-10-17 22:34:45] The value of Progress is 6
[Debug] [2025-10-17 22:34:45] The value of Progress is 10
[Debug] [2025-10-17 22:34:46] The value of Progress is 16
[Debug] [2025-10-17 22:34:46] The value of Progress is 20
[Debug] [2025-10-17 22:34:47] The value of Progress is 26
[Debug] [2025-10-17 22:34:47] The value of Progress is 30
[Debug] [2025-10-17 22:34:48] The value of Progress is 36
[Debug] [2025-10-17 22:34:48] The value of Progress is 40
[Debug] [2025-10-17 22:34:49] The value of Progress is 46
[Debug] [2025-10-17 22:34:49] The value of Progress is 50
[Debug] [2025-10-17 22:34:50] The value of Progress is 56
[Debug] [2025-10-17 22:34:50] The value of Progress is 60
[Debug] [2025-10-17 22:34:51] The value of Progress is 66
[Debug] [2025-10-17 22:34:51] The value of Progress is 70
[Debug] [2025-10-17 22:34:52] The value of Progress is 76
[Debug] [2025-10-17 22:34:52] The value of Progress is 80
[Debug] [2025-10-17 22:34:53] The value of Progress is 86
[Debug] [2025-10-17 22:34:53] The value of Progress is 90
[Debug] [2025-10-17 22:34:54] The value of Progress is 96
[Debug] [2025-10-17 22:34:54] The value of Progress is 100
[Debug] [2025-10-17 22:34:54] COMMAND[Erase Outer Flash] execute finish, takes 10.5 secs.
[Debug] [2025-10-17 22:34:54] end to send jtag flash erase cmd.
[Debug] [2025-10-17 22:34:54] Send RPC:20
[Debug] [2025-10-17 22:34:54] Begin to send jtag flash program data.
[Debug] [2025-10-17 22:34:54] Begin to send flash program data.
[Debug] [2025-10-17 22:34:54] End to send flash program data.
[Debug] [2025-10-17 22:34:54] End to send embed flash program data.
[Debug] [2025-10-17 22:34:54] Send cmd [Program Outer Flash:20301] OK
[Debug] [2025-10-17 22:34:54] Log::Print : COMMAND[Erase Outer Flash] execute finish, takes 10.5 secs.
[Debug] [2025-10-17 22:34:54] Log::Print : The start address of operating flash is 0x0.
[Debug] [2025-10-17 22:34:54] The value of Progress is 1
[Debug] [2025-10-17 22:34:56] The value of Progress is 6
[Debug] [2025-10-17 22:34:57] The value of Progress is 10
[Debug] [2025-10-17 22:34:59] The value of Progress is 15
[Debug] [2025-10-17 22:35:00] The value of Progress is 20
[Debug] [2025-10-17 22:35:02] The value of Progress is 25
[Debug] [2025-10-17 22:35:03] The value of Progress is 30
[Debug] [2025-10-17 22:35:05] The value of Progress is 35
[Debug] [2025-10-17 22:35:06] The value of Progress is 40
[Debug] [2025-10-17 22:35:08] The value of Progress is 45
[Debug] [2025-10-17 22:35:09] The value of Progress is 50
[Debug] [2025-10-17 22:35:11] The value of Progress is 55
[Debug] [2025-10-17 22:35:12] The value of Progress is 60
[Debug] [2025-10-17 22:35:14] The value of Progress is 65
[Debug] [2025-10-17 22:35:15] The value of Progress is 70
[Debug] [2025-10-17 22:35:17] The value of Progress is 75
[Debug] [2025-10-17 22:35:18] The value of Progress is 80
[Debug] [2025-10-17 22:35:20] The value of Progress is 85
[Debug] [2025-10-17 22:35:21] The value of Progress is 90
[Debug] [2025-10-17 22:35:23] The value of Progress is 95
[Debug] [2025-10-17 22:35:24] The value of Progress is 100
[Debug] [2025-10-17 22:35:25] COMMAND[Program Outer Flash] execute finish, takes 30.5 secs.
[Debug] [2025-10-17 22:35:25] begin to send jtag flash verify cmd
[Debug] [2025-10-17 22:35:25] Send RPC:21
[Debug] [2025-10-17 22:35:25] Begin to send embed flash verify data.
[Debug] [2025-10-17 22:35:25] Begin to send flash verify data.
[Debug] [2025-10-17 22:35:25] End to send flash verify data.
[Debug] [2025-10-17 22:35:25] End to send embed flash verify data.
[Debug] [2025-10-17 22:35:25] Send cmd [Verify Outer Flash:20303] OK
[Debug] [2025-10-17 22:35:25] Log::Print : COMMAND[Program Outer Flash] execute finish, takes 30.5 secs.
[Debug] [2025-10-17 22:35:25] Log::Print : The start address of operating flash is 0x0.
[Debug] [2025-10-17 22:35:25] The value of Progress is 1
[Debug] [2025-10-17 22:35:25] The value of Progress is 6
[Debug] [2025-10-17 22:35:25] The value of Progress is 10
[Debug] [2025-10-17 22:35:25] The value of Progress is 15
[Debug] [2025-10-17 22:35:25] The value of Progress is 20
[Debug] [2025-10-17 22:35:25] The value of Progress is 25
[Debug] [2025-10-17 22:35:25] The value of Progress is 30
[Debug] [2025-10-17 22:35:25] The value of Progress is 35
[Debug] [2025-10-17 22:35:26] The value of Progress is 40
[Debug] [2025-10-17 22:35:26] The value of Progress is 45
[Debug] [2025-10-17 22:35:26] The value of Progress is 50
[Debug] [2025-10-17 22:35:26] The value of Progress is 55
[Debug] [2025-10-17 22:35:26] The value of Progress is 60
[Debug] [2025-10-17 22:35:26] The value of Progress is 65
[Debug] [2025-10-17 22:35:26] The value of Progress is 70
[Debug] [2025-10-17 22:35:26] The value of Progress is 75
[Debug] [2025-10-17 22:35:26] The value of Progress is 80
[Debug] [2025-10-17 22:35:26] The value of Progress is 85
[Debug] [2025-10-17 22:35:27] The value of Progress is 90
[Debug] [2025-10-17 22:35:27] The value of Progress is 95
[Debug] [2025-10-17 22:35:27] The value of Progress is 100
[Debug] [2025-10-17 22:35:27] COMMAND[Verify Outer Flash] execute successfully, takes 2.2 secs.
[Debug] [2025-10-17 22:35:27] end to send jtag flash verify cmd
[Debug] [2025-10-17 22:35:27] end to send jtag flash program cmd.
[Debug] [2025-10-17 22:35:27] Log::Print : COMMAND[Verify Outer Flash] execute successfully, takes 2.2 secs.
[Debug] [2025-10-17 22:52:19] Begin to Converte file.
[Debug] [2025-10-17 22:52:19] End to Converte file.
[Debug] [2025-10-17 22:52:21] begin to parse sfc file.
[Debug] [2025-10-17 22:52:21] begin to get device info from CFG file...
[Debug] [2025-10-17 22:52:21] end to get device info from CFG file...
[Debug] [2025-10-17 22:52:21] begin to get device info from CFG file...
[Debug] [2025-10-17 22:52:21] end to get device info from CFG file...
[Debug] [2025-10-17 22:52:21] end to parse sfc file.
[Debug] [2025-10-17 22:52:21] Log::Print : The Start Address of bit file D:/Desktop/video_class/camera_demo/FPGA_project/05_camera_pcie_capture_40pin/project/generate_bitstream/image_pcie_capture.sbit: 0x0
[Debug] [2025-10-17 22:52:26] Begin to send scan outer flash cmd...
[Debug] [2025-10-17 22:52:26] Send RPC:22
[Debug] [2025-10-17 22:52:26] Send cmd [Scan Outer SPI Flash:20300] OK
[Debug] [2025-10-17 22:52:26] End to send scan outer flash cmd.
[Debug] [2025-10-17 22:52:27] begin to exec scan jtag flash cmd...
[Debug] [2025-10-17 22:52:27] Begin to initialize JtagFlash for selected FPGA Device...
[Debug] [2025-10-17 22:52:27] Begin to update graphic item and tree item ...
[Debug] [2025-10-17 22:52:27] End to update graphic item and tree item ...
[Info] [2025-10-17 22:52:28] set OpenLastPath: D:/Desktop/video_class/camera_demo/FPGA_project/05_camera_pcie_capture_40pin/project/generate_bitstream/image_pcie_capture.sfc
[Debug] [2025-10-17 22:52:28] begin to check SFC File and Flash Device Read Mode.
[Debug] [2025-10-17 22:52:28] end to check SFC File and Flash Device Read Mode.
[Debug] [2025-10-17 22:52:28] Begin to update graphic item and tree item ...
[Debug] [2025-10-17 22:52:28] End to update graphic item and tree item ...
[Debug] [2025-10-17 22:52:28] End to initialize OuterFlash for selected FPGA Device...
[Debug] [2025-10-17 22:52:28] end to exec scan jtag flash cmd...
[Debug] [2025-10-17 22:52:28] COMMAND[Scan Outer SPI Flash] execute successfully, takes 1.3 secs.
[Debug] [2025-10-17 22:52:28] Log::Print : COMMAND[Scan Outer SPI Flash] execute successfully, takes 1.3 secs.
[Debug] [2025-10-17 22:52:29] begin to send promgram jtag flash cmd.
[Debug] [2025-10-17 22:52:29] begin to send jtag flash erase cmd
[Debug] [2025-10-17 22:52:29] Send RPC:23
[Debug] [2025-10-17 22:52:29] Begin to send embed flash erase data.
[Debug] [2025-10-17 22:52:29] Begin to send flash erase data.
[Debug] [2025-10-17 22:52:29] End to send flash erase data.
[Debug] [2025-10-17 22:52:29] End to send embed flash erase data.
[Debug] [2025-10-17 22:52:29] Send cmd [Erase Outer Flash:20302] OK
[Debug] [2025-10-17 22:52:29] Log::Print : The start address of operating flash is 0x0.
[Debug] [2025-10-17 22:52:29] The value of Progress is 1
[Debug] [2025-10-17 22:52:30] The value of Progress is 6
[Debug] [2025-10-17 22:52:30] The value of Progress is 10
[Debug] [2025-10-17 22:52:31] The value of Progress is 17
[Debug] [2025-10-17 22:52:31] The value of Progress is 20
[Debug] [2025-10-17 22:52:32] The value of Progress is 27
[Debug] [2025-10-17 22:52:32] The value of Progress is 31
[Debug] [2025-10-17 22:52:33] The value of Progress is 37
[Debug] [2025-10-17 22:52:33] The value of Progress is 41
[Debug] [2025-10-17 22:52:34] The value of Progress is 48
[Debug] [2025-10-17 22:52:34] The value of Progress is 51
[Debug] [2025-10-17 22:52:35] The value of Progress is 55
[Debug] [2025-10-17 22:52:35] The value of Progress is 62
[Debug] [2025-10-17 22:52:36] The value of Progress is 65
[Debug] [2025-10-17 22:52:36] The value of Progress is 72
[Debug] [2025-10-17 22:52:37] The value of Progress is 75
[Debug] [2025-10-17 22:52:37] The value of Progress is 82
[Debug] [2025-10-17 22:52:38] The value of Progress is 86
[Debug] [2025-10-17 22:52:38] The value of Progress is 93
[Debug] [2025-10-17 22:52:39] The value of Progress is 96
[Debug] [2025-10-17 22:52:39] The value of Progress is 100
[Debug] [2025-10-17 22:52:39] COMMAND[Erase Outer Flash] execute finish, takes 10.2 secs.
[Debug] [2025-10-17 22:52:39] end to send jtag flash erase cmd.
[Debug] [2025-10-17 22:52:39] Send RPC:24
[Debug] [2025-10-17 22:52:39] Begin to send jtag flash program data.
[Debug] [2025-10-17 22:52:39] Begin to send flash program data.
[Debug] [2025-10-17 22:52:39] End to send flash program data.
[Debug] [2025-10-17 22:52:39] End to send embed flash program data.
[Debug] [2025-10-17 22:52:39] Send cmd [Program Outer Flash:20301] OK
[Debug] [2025-10-17 22:52:39] Log::Print : COMMAND[Erase Outer Flash] execute finish, takes 10.2 secs.
[Debug] [2025-10-17 22:52:39] Log::Print : The start address of operating flash is 0x0.
[Debug] [2025-10-17 22:52:39] The value of Progress is 1
[Debug] [2025-10-17 22:52:41] The value of Progress is 6
[Debug] [2025-10-17 22:52:42] The value of Progress is 10
[Debug] [2025-10-17 22:52:43] The value of Progress is 15
[Debug] [2025-10-17 22:52:45] The value of Progress is 20
[Debug] [2025-10-17 22:52:46] The value of Progress is 25
[Debug] [2025-10-17 22:52:48] The value of Progress is 30
[Debug] [2025-10-17 22:52:49] The value of Progress is 35
[Debug] [2025-10-17 22:52:51] The value of Progress is 40
[Debug] [2025-10-17 22:52:52] The value of Progress is 45
[Debug] [2025-10-17 22:52:54] The value of Progress is 50
[Debug] [2025-10-17 22:52:55] The value of Progress is 55
[Debug] [2025-10-17 22:52:57] The value of Progress is 60
[Debug] [2025-10-17 22:52:58] The value of Progress is 65
[Debug] [2025-10-17 22:52:59] The value of Progress is 70
[Debug] [2025-10-17 22:53:01] The value of Progress is 75
[Debug] [2025-10-17 22:53:02] The value of Progress is 80
[Debug] [2025-10-17 22:53:04] The value of Progress is 85
[Debug] [2025-10-17 22:53:05] The value of Progress is 90
[Debug] [2025-10-17 22:53:07] The value of Progress is 95
[Debug] [2025-10-17 22:53:08] The value of Progress is 100
[Debug] [2025-10-17 22:53:08] COMMAND[Program Outer Flash] execute finish, takes 29.7 secs.
[Debug] [2025-10-17 22:53:08] begin to send jtag flash verify cmd
[Debug] [2025-10-17 22:53:08] Send RPC:25
[Debug] [2025-10-17 22:53:08] Begin to send embed flash verify data.
[Debug] [2025-10-17 22:53:08] Begin to send flash verify data.
[Debug] [2025-10-17 22:53:08] End to send flash verify data.
[Debug] [2025-10-17 22:53:08] End to send embed flash verify data.
[Debug] [2025-10-17 22:53:08] Send cmd [Verify Outer Flash:20303] OK
[Debug] [2025-10-17 22:53:08] Log::Print : COMMAND[Program Outer Flash] execute finish, takes 29.7 secs.
[Debug] [2025-10-17 22:53:08] Log::Print : The start address of operating flash is 0x0.
[Debug] [2025-10-17 22:53:09] The value of Progress is 1
[Debug] [2025-10-17 22:53:09] The value of Progress is 6
[Debug] [2025-10-17 22:53:09] The value of Progress is 10
[Debug] [2025-10-17 22:53:09] The value of Progress is 15
[Debug] [2025-10-17 22:53:09] The value of Progress is 20
[Debug] [2025-10-17 22:53:09] The value of Progress is 25
[Debug] [2025-10-17 22:53:09] The value of Progress is 30
[Debug] [2025-10-17 22:53:09] The value of Progress is 35
[Debug] [2025-10-17 22:53:09] The value of Progress is 40
[Debug] [2025-10-17 22:53:10] The value of Progress is 45
[Debug] [2025-10-17 22:53:10] The value of Progress is 50
[Debug] [2025-10-17 22:53:10] The value of Progress is 55
[Debug] [2025-10-17 22:53:10] The value of Progress is 60
[Debug] [2025-10-17 22:53:10] The value of Progress is 65
[Debug] [2025-10-17 22:53:10] The value of Progress is 70
[Debug] [2025-10-17 22:53:10] The value of Progress is 75
[Debug] [2025-10-17 22:53:10] The value of Progress is 80
[Debug] [2025-10-17 22:53:10] The value of Progress is 85
[Debug] [2025-10-17 22:53:10] The value of Progress is 90
[Debug] [2025-10-17 22:53:10] The value of Progress is 95
[Debug] [2025-10-17 22:53:11] The value of Progress is 100
[Debug] [2025-10-17 22:53:11] COMMAND[Verify Outer Flash] execute successfully, takes 2.3 secs.
[Debug] [2025-10-17 22:53:11] end to send jtag flash verify cmd
[Debug] [2025-10-17 22:53:11] end to send jtag flash program cmd.
[Debug] [2025-10-17 22:53:11] Log::Print : COMMAND[Verify Outer Flash] execute successfully, takes 2.3 secs.
[Debug] [2025-10-17 23:06:08] Begin to Converte file.
[Debug] [2025-10-17 23:06:08] End to Converte file.
[Debug] [2025-10-17 23:06:10] begin to parse sfc file.
[Debug] [2025-10-17 23:06:10] begin to get device info from CFG file...
[Debug] [2025-10-17 23:06:10] end to get device info from CFG file...
[Debug] [2025-10-17 23:06:10] begin to get device info from CFG file...
[Debug] [2025-10-17 23:06:10] end to get device info from CFG file...
[Debug] [2025-10-17 23:06:10] end to parse sfc file.
[Debug] [2025-10-17 23:06:10] Log::Print : The Start Address of bit file D:/Desktop/video_class/camera_demo/FPGA_project/05_camera_pcie_capture_40pin/project/generate_bitstream/image_pcie_capture.sbit: 0x0
[Debug] [2025-10-17 23:06:13] begin to send promgram jtag flash cmd.
[Debug] [2025-10-17 23:06:13] begin to send jtag flash erase cmd
[Debug] [2025-10-17 23:06:13] Send RPC:26
[Debug] [2025-10-17 23:06:13] Begin to send embed flash erase data.
[Debug] [2025-10-17 23:06:13] Begin to send flash erase data.
[Debug] [2025-10-17 23:06:13] End to send flash erase data.
[Debug] [2025-10-17 23:06:13] End to send embed flash erase data.
[Debug] [2025-10-17 23:06:13] Send cmd [Erase Outer Flash:20302] OK
[Debug] [2025-10-17 23:06:13] Log::Print : The start address of operating flash is 0x0.
[Error] [2025-10-17 23:06:17] fail to exec Erase Outer Flash cmd...
[Debug] [2025-10-17 23:06:17] end to send jtag flash erase cmd.
[Error] [2025-10-17 23:06:17] Flash Erasing failed before programming.
[Error] [2025-10-17 23:06:17] MsgOut: JtagServer-0306: No devices detected while scanning the JTAG chain, failed detecting JTAG device chain.
[Error] [2025-10-17 23:06:17] MsgOut: Configuration-0008: The command 'Erase Outer Flash' execute fail.
[Debug] [2025-10-17 23:06:23] Begin to send scan outer flash cmd...
[Debug] [2025-10-17 23:06:23] Send RPC:27
[Debug] [2025-10-17 23:06:23] Send cmd [Scan Outer SPI Flash:20300] OK
[Debug] [2025-10-17 23:06:23] End to send scan outer flash cmd.
[Debug] [2025-10-17 23:06:23] begin to exec scan jtag flash cmd...
[Debug] [2025-10-17 23:06:23] Begin to initialize JtagFlash for selected FPGA Device...
[Debug] [2025-10-17 23:06:23] Begin to update graphic item and tree item ...
[Debug] [2025-10-17 23:06:23] End to update graphic item and tree item ...
[Info] [2025-10-17 23:06:24] set OpenLastPath: D:/Desktop/video_class/camera_demo/FPGA_project/05_camera_pcie_capture_40pin/project/generate_bitstream/image_pcie_capture.sfc
[Debug] [2025-10-17 23:06:24] begin to check SFC File and Flash Device Read Mode.
[Debug] [2025-10-17 23:06:24] end to check SFC File and Flash Device Read Mode.
[Debug] [2025-10-17 23:06:24] Begin to update graphic item and tree item ...
[Debug] [2025-10-17 23:06:24] End to update graphic item and tree item ...
[Debug] [2025-10-17 23:06:24] End to initialize OuterFlash for selected FPGA Device...
[Debug] [2025-10-17 23:06:24] end to exec scan jtag flash cmd...
[Debug] [2025-10-17 23:06:24] COMMAND[Scan Outer SPI Flash] execute successfully, takes 1.1 secs.
[Debug] [2025-10-17 23:06:24] Log::Print : COMMAND[Scan Outer SPI Flash] execute successfully, takes 1.1 secs.
[Debug] [2025-10-17 23:06:25] begin to send promgram jtag flash cmd.
[Debug] [2025-10-17 23:06:25] begin to send jtag flash erase cmd
[Debug] [2025-10-17 23:06:25] Send RPC:28
[Debug] [2025-10-17 23:06:25] Begin to send embed flash erase data.
[Debug] [2025-10-17 23:06:25] Begin to send flash erase data.
[Debug] [2025-10-17 23:06:25] End to send flash erase data.
[Debug] [2025-10-17 23:06:25] End to send embed flash erase data.
[Debug] [2025-10-17 23:06:25] Send cmd [Erase Outer Flash:20302] OK
[Debug] [2025-10-17 23:06:25] Log::Print : The start address of operating flash is 0x0.
[Debug] [2025-10-17 23:06:25] The value of Progress is 1
[Debug] [2025-10-17 23:06:26] The value of Progress is 6
[Debug] [2025-10-17 23:06:26] The value of Progress is 10
[Debug] [2025-10-17 23:06:27] The value of Progress is 17
[Debug] [2025-10-17 23:06:27] The value of Progress is 20
[Debug] [2025-10-17 23:06:28] The value of Progress is 27
[Debug] [2025-10-17 23:06:28] The value of Progress is 31
[Debug] [2025-10-17 23:06:29] The value of Progress is 37
[Debug] [2025-10-17 23:06:30] The value of Progress is 41
[Debug] [2025-10-17 23:06:30] The value of Progress is 48
[Debug] [2025-10-17 23:06:31] The value of Progress is 51
[Debug] [2025-10-17 23:06:31] The value of Progress is 55
[Debug] [2025-10-17 23:06:32] The value of Progress is 62
[Debug] [2025-10-17 23:06:32] The value of Progress is 65
[Debug] [2025-10-17 23:06:33] The value of Progress is 72
[Debug] [2025-10-17 23:06:33] The value of Progress is 75
[Debug] [2025-10-17 23:06:34] The value of Progress is 82
[Debug] [2025-10-17 23:06:34] The value of Progress is 86
[Debug] [2025-10-17 23:06:35] The value of Progress is 93
[Debug] [2025-10-17 23:06:35] The value of Progress is 96
[Debug] [2025-10-17 23:06:35] The value of Progress is 100
[Debug] [2025-10-17 23:06:35] COMMAND[Erase Outer Flash] execute finish, takes 10.3 secs.
[Debug] [2025-10-17 23:06:35] end to send jtag flash erase cmd.
[Debug] [2025-10-17 23:06:35] Send RPC:29
[Debug] [2025-10-17 23:06:35] Begin to send jtag flash program data.
[Debug] [2025-10-17 23:06:35] Begin to send flash program data.
[Debug] [2025-10-17 23:06:35] End to send flash program data.
[Debug] [2025-10-17 23:06:35] End to send embed flash program data.
[Debug] [2025-10-17 23:06:35] Send cmd [Program Outer Flash:20301] OK
[Debug] [2025-10-17 23:06:35] Log::Print : COMMAND[Erase Outer Flash] execute finish, takes 10.3 secs.
[Debug] [2025-10-17 23:06:35] Log::Print : The start address of operating flash is 0x0.
[Debug] [2025-10-17 23:06:35] The value of Progress is 1
[Debug] [2025-10-17 23:06:37] The value of Progress is 6
[Debug] [2025-10-17 23:06:38] The value of Progress is 10
[Debug] [2025-10-17 23:06:40] The value of Progress is 15
[Debug] [2025-10-17 23:06:41] The value of Progress is 20
[Debug] [2025-10-17 23:06:43] The value of Progress is 25
[Debug] [2025-10-17 23:06:44] The value of Progress is 30
[Debug] [2025-10-17 23:06:45] The value of Progress is 35
[Debug] [2025-10-17 23:06:47] The value of Progress is 40
[Debug] [2025-10-17 23:06:48] The value of Progress is 45
[Debug] [2025-10-17 23:06:50] The value of Progress is 50
[Debug] [2025-10-17 23:06:51] The value of Progress is 55
[Debug] [2025-10-17 23:06:53] The value of Progress is 60
[Debug] [2025-10-17 23:06:54] The value of Progress is 65
[Debug] [2025-10-17 23:06:56] The value of Progress is 70
[Debug] [2025-10-17 23:06:57] The value of Progress is 75
[Debug] [2025-10-17 23:06:59] The value of Progress is 80
[Debug] [2025-10-17 23:07:00] The value of Progress is 85
[Debug] [2025-10-17 23:07:02] The value of Progress is 90
[Debug] [2025-10-17 23:07:03] The value of Progress is 95
[Debug] [2025-10-17 23:07:05] The value of Progress is 100
[Debug] [2025-10-17 23:07:05] COMMAND[Program Outer Flash] execute finish, takes 29.9 secs.
[Debug] [2025-10-17 23:07:05] begin to send jtag flash verify cmd
[Debug] [2025-10-17 23:07:05] Send RPC:30
[Debug] [2025-10-17 23:07:05] Begin to send embed flash verify data.
[Debug] [2025-10-17 23:07:05] Begin to send flash verify data.
[Debug] [2025-10-17 23:07:05] End to send flash verify data.
[Debug] [2025-10-17 23:07:05] End to send embed flash verify data.
[Debug] [2025-10-17 23:07:05] Send cmd [Verify Outer Flash:20303] OK
[Debug] [2025-10-17 23:07:05] Log::Print : COMMAND[Program Outer Flash] execute finish, takes 29.9 secs.
[Debug] [2025-10-17 23:07:05] Log::Print : The start address of operating flash is 0x0.
[Debug] [2025-10-17 23:07:05] The value of Progress is 1
[Debug] [2025-10-17 23:07:05] The value of Progress is 6
[Debug] [2025-10-17 23:07:05] The value of Progress is 10
[Debug] [2025-10-17 23:07:05] The value of Progress is 15
[Debug] [2025-10-17 23:07:05] The value of Progress is 20
[Debug] [2025-10-17 23:07:06] The value of Progress is 25
[Debug] [2025-10-17 23:07:06] The value of Progress is 30
[Debug] [2025-10-17 23:07:06] The value of Progress is 35
[Debug] [2025-10-17 23:07:06] The value of Progress is 40
[Debug] [2025-10-17 23:07:06] The value of Progress is 45
[Debug] [2025-10-17 23:07:06] The value of Progress is 50
[Debug] [2025-10-17 23:07:06] The value of Progress is 55
[Debug] [2025-10-17 23:07:06] The value of Progress is 60
[Debug] [2025-10-17 23:07:06] The value of Progress is 65
[Debug] [2025-10-17 23:07:06] The value of Progress is 70
[Debug] [2025-10-17 23:07:06] The value of Progress is 75
[Debug] [2025-10-17 23:07:07] The value of Progress is 80
[Debug] [2025-10-17 23:07:07] The value of Progress is 85
[Debug] [2025-10-17 23:07:07] The value of Progress is 90
[Debug] [2025-10-17 23:07:07] The value of Progress is 95
[Debug] [2025-10-17 23:07:07] The value of Progress is 100
[Debug] [2025-10-17 23:07:07] COMMAND[Verify Outer Flash] execute successfully, takes 2.2 secs.
[Debug] [2025-10-17 23:07:07] end to send jtag flash verify cmd
[Debug] [2025-10-17 23:07:07] end to send jtag flash program cmd.
[Debug] [2025-10-17 23:07:07] Log::Print : COMMAND[Verify Outer Flash] execute successfully, takes 2.2 secs.
[Debug] [2025-10-17 23:18:45] Begin to Converte file.
[Debug] [2025-10-17 23:18:45] End to Converte file.
[Debug] [2025-10-17 23:18:47] begin to parse sfc file.
[Debug] [2025-10-17 23:18:47] begin to get device info from CFG file...
[Debug] [2025-10-17 23:18:47] end to get device info from CFG file...
[Debug] [2025-10-17 23:18:47] begin to get device info from CFG file...
[Debug] [2025-10-17 23:18:47] end to get device info from CFG file...
[Debug] [2025-10-17 23:18:47] end to parse sfc file.
[Debug] [2025-10-17 23:18:47] Log::Print : The Start Address of bit file D:/Desktop/video_class/camera_demo/FPGA_project/05_camera_pcie_capture_40pin/project/generate_bitstream/image_pcie_capture.sbit: 0x0
[Debug] [2025-10-17 23:18:51] Begin to send scan outer flash cmd...
[Debug] [2025-10-17 23:18:51] Send RPC:31
[Debug] [2025-10-17 23:18:51] Send cmd [Scan Outer SPI Flash:20300] OK
[Debug] [2025-10-17 23:18:51] End to send scan outer flash cmd.
[Debug] [2025-10-17 23:18:52] begin to exec scan jtag flash cmd...
[Debug] [2025-10-17 23:18:52] Begin to initialize JtagFlash for selected FPGA Device...
[Debug] [2025-10-17 23:18:52] Begin to update graphic item and tree item ...
[Debug] [2025-10-17 23:18:52] End to update graphic item and tree item ...
[Info] [2025-10-17 23:18:52] set OpenLastPath: D:/Desktop/video_class/camera_demo/FPGA_project/05_camera_pcie_capture_40pin/project/generate_bitstream/image_pcie_capture.sfc
[Debug] [2025-10-17 23:18:52] begin to check SFC File and Flash Device Read Mode.
[Debug] [2025-10-17 23:18:52] end to check SFC File and Flash Device Read Mode.
[Debug] [2025-10-17 23:18:52] Begin to update graphic item and tree item ...
[Debug] [2025-10-17 23:18:52] End to update graphic item and tree item ...
[Debug] [2025-10-17 23:18:52] End to initialize OuterFlash for selected FPGA Device...
[Debug] [2025-10-17 23:18:52] end to exec scan jtag flash cmd...
[Debug] [2025-10-17 23:18:52] COMMAND[Scan Outer SPI Flash] execute successfully, takes 1.2 secs.
[Debug] [2025-10-17 23:18:52] Log::Print : COMMAND[Scan Outer SPI Flash] execute successfully, takes 1.2 secs.
[Debug] [2025-10-17 23:18:54] begin to send promgram jtag flash cmd.
[Debug] [2025-10-17 23:18:54] begin to send jtag flash erase cmd
[Debug] [2025-10-17 23:18:54] Send RPC:32
[Debug] [2025-10-17 23:18:54] Begin to send embed flash erase data.
[Debug] [2025-10-17 23:18:54] Begin to send flash erase data.
[Debug] [2025-10-17 23:18:54] End to send flash erase data.
[Debug] [2025-10-17 23:18:54] End to send embed flash erase data.
[Debug] [2025-10-17 23:18:54] Send cmd [Erase Outer Flash:20302] OK
[Debug] [2025-10-17 23:18:54] Log::Print : The start address of operating flash is 0x0.
[Debug] [2025-10-17 23:18:54] The value of Progress is 1
[Debug] [2025-10-17 23:18:55] The value of Progress is 6
[Debug] [2025-10-17 23:18:55] The value of Progress is 10
[Debug] [2025-10-17 23:18:56] The value of Progress is 16
[Debug] [2025-10-17 23:18:56] The value of Progress is 20
[Debug] [2025-10-17 23:18:57] The value of Progress is 26
[Debug] [2025-10-17 23:18:57] The value of Progress is 30
[Debug] [2025-10-17 23:18:58] The value of Progress is 36
[Debug] [2025-10-17 23:18:58] The value of Progress is 40
[Debug] [2025-10-17 23:18:59] The value of Progress is 46
[Debug] [2025-10-17 23:18:59] The value of Progress is 50
[Debug] [2025-10-17 23:19:00] The value of Progress is 56
[Debug] [2025-10-17 23:19:00] The value of Progress is 60
[Debug] [2025-10-17 23:19:01] The value of Progress is 66
[Debug] [2025-10-17 23:19:01] The value of Progress is 70
[Debug] [2025-10-17 23:19:02] The value of Progress is 76
[Debug] [2025-10-17 23:19:02] The value of Progress is 80
[Debug] [2025-10-17 23:19:03] The value of Progress is 86
[Debug] [2025-10-17 23:19:03] The value of Progress is 90
[Debug] [2025-10-17 23:19:04] The value of Progress is 96
[Debug] [2025-10-17 23:19:04] The value of Progress is 100
[Debug] [2025-10-17 23:19:04] COMMAND[Erase Outer Flash] execute finish, takes 10.6 secs.
[Debug] [2025-10-17 23:19:04] end to send jtag flash erase cmd.
[Debug] [2025-10-17 23:19:04] Send RPC:33
[Debug] [2025-10-17 23:19:04] Begin to send jtag flash program data.
[Debug] [2025-10-17 23:19:04] Begin to send flash program data.
[Debug] [2025-10-17 23:19:04] End to send flash program data.
[Debug] [2025-10-17 23:19:04] End to send embed flash program data.
[Debug] [2025-10-17 23:19:04] Send cmd [Program Outer Flash:20301] OK
[Debug] [2025-10-17 23:19:04] Log::Print : COMMAND[Erase Outer Flash] execute finish, takes 10.6 secs.
[Debug] [2025-10-17 23:19:04] Log::Print : The start address of operating flash is 0x0.
[Debug] [2025-10-17 23:19:04] The value of Progress is 1
[Debug] [2025-10-17 23:19:06] The value of Progress is 6
[Debug] [2025-10-17 23:19:07] The value of Progress is 10
[Debug] [2025-10-17 23:19:09] The value of Progress is 15
[Debug] [2025-10-17 23:19:10] The value of Progress is 20
[Debug] [2025-10-17 23:19:12] The value of Progress is 25
[Debug] [2025-10-17 23:19:13] The value of Progress is 30
[Debug] [2025-10-17 23:19:15] The value of Progress is 35
[Debug] [2025-10-17 23:19:16] The value of Progress is 40
[Debug] [2025-10-17 23:19:18] The value of Progress is 45
[Debug] [2025-10-17 23:19:19] The value of Progress is 50
[Debug] [2025-10-17 23:19:21] The value of Progress is 55
[Debug] [2025-10-17 23:19:22] The value of Progress is 60
[Debug] [2025-10-17 23:19:24] The value of Progress is 65
[Debug] [2025-10-17 23:19:25] The value of Progress is 70
[Debug] [2025-10-17 23:19:27] The value of Progress is 75
[Debug] [2025-10-17 23:19:28] The value of Progress is 80
[Debug] [2025-10-17 23:19:30] The value of Progress is 85
[Debug] [2025-10-17 23:19:31] The value of Progress is 90
[Debug] [2025-10-17 23:19:33] The value of Progress is 95
[Debug] [2025-10-17 23:19:34] The value of Progress is 100
[Debug] [2025-10-17 23:19:35] COMMAND[Program Outer Flash] execute finish, takes 30.5 secs.
[Debug] [2025-10-17 23:19:35] begin to send jtag flash verify cmd
[Debug] [2025-10-17 23:19:35] Send RPC:34
[Debug] [2025-10-17 23:19:35] Begin to send embed flash verify data.
[Debug] [2025-10-17 23:19:35] Begin to send flash verify data.
[Debug] [2025-10-17 23:19:35] End to send flash verify data.
[Debug] [2025-10-17 23:19:35] End to send embed flash verify data.
[Debug] [2025-10-17 23:19:35] Send cmd [Verify Outer Flash:20303] OK
[Debug] [2025-10-17 23:19:35] Log::Print : COMMAND[Program Outer Flash] execute finish, takes 30.5 secs.
[Debug] [2025-10-17 23:19:35] Log::Print : The start address of operating flash is 0x0.
[Debug] [2025-10-17 23:19:35] The value of Progress is 1
[Debug] [2025-10-17 23:19:35] The value of Progress is 6
[Debug] [2025-10-17 23:19:35] The value of Progress is 10
[Debug] [2025-10-17 23:19:35] The value of Progress is 15
[Debug] [2025-10-17 23:19:35] The value of Progress is 20
[Debug] [2025-10-17 23:19:35] The value of Progress is 25
[Debug] [2025-10-17 23:19:35] The value of Progress is 30
[Debug] [2025-10-17 23:19:35] The value of Progress is 35
[Debug] [2025-10-17 23:19:36] The value of Progress is 40
[Debug] [2025-10-17 23:19:36] The value of Progress is 45
[Debug] [2025-10-17 23:19:36] The value of Progress is 50
[Debug] [2025-10-17 23:19:36] The value of Progress is 55
[Debug] [2025-10-17 23:19:36] The value of Progress is 60
[Debug] [2025-10-17 23:19:36] The value of Progress is 65
[Debug] [2025-10-17 23:19:36] The value of Progress is 70
[Debug] [2025-10-17 23:19:36] The value of Progress is 75
[Debug] [2025-10-17 23:19:36] The value of Progress is 80
[Debug] [2025-10-17 23:19:36] The value of Progress is 85
[Debug] [2025-10-17 23:19:37] The value of Progress is 90
[Debug] [2025-10-17 23:19:37] The value of Progress is 95
[Debug] [2025-10-17 23:19:37] The value of Progress is 100
[Debug] [2025-10-17 23:19:37] COMMAND[Verify Outer Flash] execute successfully, takes 2.2 secs.
[Debug] [2025-10-17 23:19:37] end to send jtag flash verify cmd
[Debug] [2025-10-17 23:19:37] end to send jtag flash program cmd.
[Debug] [2025-10-17 23:19:37] Log::Print : COMMAND[Verify Outer Flash] execute successfully, takes 2.2 secs.
[Info] [2025-10-17 23:26:11] /***************************End Configration***************************/
[Info] [2025-10-18 00:12:47] /***************************Start Configuration***************************/
[Info] [2025-10-18 00:12:47] Path: C:/pango/PDS_2022.2-SP6.4/bin
[Info] [2025-10-18 00:12:47] Version: 146967
[Info] [2025-10-18 00:12:48] Current Path: D:/Desktop/video_class/camera_demo/FPGA_project/05_camera_pcie_capture_40pin/project
[Info] [2025-10-18 00:12:48] PDS Dir Path: D:/Desktop/video_class/camera_demo/FPGA_project/05_camera_pcie_capture_40pin/project
[Info] [2025-10-18 00:12:50] Configuration is not connect with server. connect first then scan chain.
[Debug] [2025-10-18 00:12:50] Client Local host name:LAPTOP-EA3TT0M1
[Debug] [2025-10-18 00:12:50] Client Local Address:192.168.56.230
[Debug] [2025-10-18 00:12:50] Server Address:127.0.0.1, Port:65420
[Debug] [2025-10-18 00:12:50] Log::Print : Connecting to server[127.0.0.1 : 65420].
[Info] [2025-10-18 00:12:51] Connect OK, Server: 127.0.0.1  Port: 65420
[Debug] [2025-10-18 00:12:51] Finish.
[Info] [2025-10-18 00:12:51] Connect server succeeded
[Debug] [2025-10-18 00:12:51] Send RPC:1
[Debug] [2025-10-18 00:12:51] Send cmd [check version information:40004] OK
[Debug] [2025-10-18 00:12:51] Log::Print : Connect to server[127.0.0.1 : 65420] successfully.
[Debug] [2025-10-18 00:12:52] Send RPC:2
[Debug] [2025-10-18 00:12:52] Send cmd [get_cable_paras:40010] OK
[Debug] [2025-10-18 00:12:52] Begin to send initialize chain cmd...
[Debug] [2025-10-18 00:12:52] Send RPC:3
[Debug] [2025-10-18 00:12:52] Send cmd [Open config cable:20001] OK
[Debug] [2025-10-18 00:12:52] End to send initialize chain cmd.
[Debug] [2025-10-18 00:12:52] COMMAND[check version information] execute successfully, takes 0.7 secs.
[Debug] [2025-10-18 00:12:52] Log::Print : COMMAND[check version information] execute successfully, takes 0.7 secs.
[Debug] [2025-10-18 00:12:53] COMMAND[get_cable_paras] execute successfully, takes 1.4 secs.
[Debug] [2025-10-18 00:12:53] Log::Print : The cable List : 
Cable index 0:USB Cable II/fffffffffffffffe 

[Debug] [2025-10-18 00:12:53] Log::Print : COMMAND[get_cable_paras] execute successfully, takes 1.4 secs.
[Debug] [2025-10-18 00:12:53] begin the exec of open cable cmd...
[Debug] [2025-10-18 00:12:53] Begin to deal with chain from server...
[Debug] [2025-10-18 00:12:53] Begin to set user chain...
[Debug] [2025-10-18 00:12:53] End to set user chain.
[Debug] [2025-10-18 00:12:53] Begin to update graphic item and tree item ...
[Debug] [2025-10-18 00:12:53] End to update graphic item and tree item ...
[Debug] [2025-10-18 00:12:53] Log::Print : PANGO USB CABLE II cable driver: D2XX DLL
[Debug] [2025-10-18 00:12:53] Log::Print : PG2L50H
[Debug] [2025-10-18 00:12:53] Log::Print : This device configure situation (done bit): 1
[Info] [2025-10-18 00:12:54] set OpenLastPath: D:/Desktop/video_class/camera_demo/FPGA_project/05_camera_pcie_capture_40pin/project/generate_bitstream/image_pcie_capture.sbit
[Debug] [2025-10-18 00:12:54] begin to get device info from CFG file...
[Debug] [2025-10-18 00:12:54] end to get device info from CFG file...
[Debug] [2025-10-18 00:12:54] Begin to update graphic item and tree item ...
[Debug] [2025-10-18 00:12:54] End to update graphic item and tree item ...
[Debug] [2025-10-18 00:12:54] Begin to update graphic item and tree item ...
[Debug] [2025-10-18 00:12:54] End to update graphic item and tree item ...
[Debug] [2025-10-18 00:12:54] End to deal wiht chain from server.
[Debug] [2025-10-18 00:12:54] end the exec of open cable cmd.
[Debug] [2025-10-18 00:12:54] COMMAND[Open config cable] execute successfully, takes 2.9 secs.
[Debug] [2025-10-18 00:12:54] Log::Print : COMMAND[Open config cable] execute successfully, takes 2.9 secs.
[Debug] [2025-10-18 00:12:56] Begin to Converte file.
[Debug] [2025-10-18 00:13:04] begin to parse sfc file.
[Debug] [2025-10-18 00:13:04] begin to get device info from CFG file...
[Debug] [2025-10-18 00:13:04] end to get device info from CFG file...
[Debug] [2025-10-18 00:13:04] begin to get device info from CFG file...
[Debug] [2025-10-18 00:13:04] end to get device info from CFG file...
[Debug] [2025-10-18 00:13:04] end to parse sfc file.
[Debug] [2025-10-18 00:13:04] Log::Print : The Start Address of bit file D:/Desktop/video_class/camera_demo/FPGA_project/05_camera_pcie_capture_40pin/project/generate_bitstream/image_pcie_capture.sbit: 0x0
[Debug] [2025-10-18 00:13:05] End to Converte file.
[Debug] [2025-10-18 00:13:06] Begin to send scan outer flash cmd...
[Debug] [2025-10-18 00:13:06] Send RPC:4
[Debug] [2025-10-18 00:13:06] Send cmd [Scan Outer SPI Flash:20300] OK
[Debug] [2025-10-18 00:13:06] End to send scan outer flash cmd.
[Debug] [2025-10-18 00:13:07] begin to exec scan jtag flash cmd...
[Debug] [2025-10-18 00:13:07] Begin to initialize JtagFlash for selected FPGA Device...
[Debug] [2025-10-18 00:13:07] Begin to update graphic item and tree item ...
[Debug] [2025-10-18 00:13:07] End to update graphic item and tree item ...
[Info] [2025-10-18 00:13:08] set OpenLastPath: D:/Desktop/video_class/camera_demo/FPGA_project/05_camera_pcie_capture_40pin/project/generate_bitstream/image_pcie_capture.sfc
[Debug] [2025-10-18 00:13:08] begin to check SFC File and Flash Device Read Mode.
[Debug] [2025-10-18 00:13:08] end to check SFC File and Flash Device Read Mode.
[Debug] [2025-10-18 00:13:08] Begin to update graphic item and tree item ...
[Debug] [2025-10-18 00:13:08] End to update graphic item and tree item ...
[Debug] [2025-10-18 00:13:08] End to initialize OuterFlash for selected FPGA Device...
[Debug] [2025-10-18 00:13:08] end to exec scan jtag flash cmd...
[Debug] [2025-10-18 00:13:08] COMMAND[Scan Outer SPI Flash] execute successfully, takes 1.5 secs.
[Debug] [2025-10-18 00:13:08] Log::Print : COMMAND[Scan Outer SPI Flash] execute successfully, takes 1.5 secs.
[Debug] [2025-10-18 00:13:09] begin to send promgram jtag flash cmd.
[Debug] [2025-10-18 00:13:09] begin to send jtag flash erase cmd
[Debug] [2025-10-18 00:13:09] Send RPC:5
[Debug] [2025-10-18 00:13:09] Begin to send embed flash erase data.
[Debug] [2025-10-18 00:13:09] Begin to send flash erase data.
[Debug] [2025-10-18 00:13:09] End to send flash erase data.
[Debug] [2025-10-18 00:13:09] End to send embed flash erase data.
[Debug] [2025-10-18 00:13:09] Send cmd [Erase Outer Flash:20302] OK
[Debug] [2025-10-18 00:13:09] Log::Print : The start address of operating flash is 0x0.
[Debug] [2025-10-18 00:13:09] The value of Progress is 1
[Debug] [2025-10-18 00:13:10] The value of Progress is 6
[Debug] [2025-10-18 00:13:10] The value of Progress is 10
[Debug] [2025-10-18 00:13:11] The value of Progress is 17
[Debug] [2025-10-18 00:13:11] The value of Progress is 20
[Debug] [2025-10-18 00:13:12] The value of Progress is 27
[Debug] [2025-10-18 00:13:13] The value of Progress is 31
[Debug] [2025-10-18 00:13:13] The value of Progress is 37
[Debug] [2025-10-18 00:13:13] The value of Progress is 41
[Debug] [2025-10-18 00:13:14] The value of Progress is 48
[Debug] [2025-10-18 00:13:14] The value of Progress is 51
[Debug] [2025-10-18 00:13:15] The value of Progress is 55
[Debug] [2025-10-18 00:13:15] The value of Progress is 62
[Debug] [2025-10-18 00:13:16] The value of Progress is 65
[Debug] [2025-10-18 00:13:16] The value of Progress is 72
[Debug] [2025-10-18 00:13:17] The value of Progress is 75
[Debug] [2025-10-18 00:13:17] The value of Progress is 82
[Debug] [2025-10-18 00:13:18] The value of Progress is 86
[Debug] [2025-10-18 00:13:18] The value of Progress is 93
[Debug] [2025-10-18 00:13:19] The value of Progress is 96
[Debug] [2025-10-18 00:13:19] The value of Progress is 100
[Debug] [2025-10-18 00:13:19] COMMAND[Erase Outer Flash] execute finish, takes 10.0 secs.
[Debug] [2025-10-18 00:13:19] end to send jtag flash erase cmd.
[Debug] [2025-10-18 00:13:19] Send RPC:6
[Debug] [2025-10-18 00:13:19] Begin to send jtag flash program data.
[Debug] [2025-10-18 00:13:19] Begin to send flash program data.
[Debug] [2025-10-18 00:13:19] End to send flash program data.
[Debug] [2025-10-18 00:13:19] End to send embed flash program data.
[Debug] [2025-10-18 00:13:19] Send cmd [Program Outer Flash:20301] OK
[Debug] [2025-10-18 00:13:19] Log::Print : COMMAND[Erase Outer Flash] execute finish, takes 10.0 secs.
[Debug] [2025-10-18 00:13:19] Log::Print : The start address of operating flash is 0x0.
[Debug] [2025-10-18 00:13:19] The value of Progress is 1
[Debug] [2025-10-18 00:13:21] The value of Progress is 6
[Debug] [2025-10-18 00:13:22] The value of Progress is 10
[Debug] [2025-10-18 00:13:23] The value of Progress is 15
[Debug] [2025-10-18 00:13:25] The value of Progress is 20
[Debug] [2025-10-18 00:13:26] The value of Progress is 25
[Debug] [2025-10-18 00:13:28] The value of Progress is 30
[Debug] [2025-10-18 00:13:29] The value of Progress is 35
[Debug] [2025-10-18 00:13:31] The value of Progress is 40
[Debug] [2025-10-18 00:13:32] The value of Progress is 45
[Debug] [2025-10-18 00:13:34] The value of Progress is 50
[Debug] [2025-10-18 00:13:35] The value of Progress is 55
[Debug] [2025-10-18 00:13:37] The value of Progress is 60
[Debug] [2025-10-18 00:13:38] The value of Progress is 65
[Debug] [2025-10-18 00:13:40] The value of Progress is 70
[Debug] [2025-10-18 00:13:41] The value of Progress is 75
[Debug] [2025-10-18 00:13:43] The value of Progress is 80
[Debug] [2025-10-18 00:13:44] The value of Progress is 85
[Debug] [2025-10-18 00:13:46] The value of Progress is 90
[Debug] [2025-10-18 00:13:47] The value of Progress is 95
[Debug] [2025-10-18 00:13:49] The value of Progress is 100
[Debug] [2025-10-18 00:13:49] COMMAND[Program Outer Flash] execute finish, takes 30.0 secs.
[Debug] [2025-10-18 00:13:49] begin to send jtag flash verify cmd
[Debug] [2025-10-18 00:13:49] Send RPC:7
[Debug] [2025-10-18 00:13:49] Begin to send embed flash verify data.
[Debug] [2025-10-18 00:13:49] Begin to send flash verify data.
[Debug] [2025-10-18 00:13:49] End to send flash verify data.
[Debug] [2025-10-18 00:13:49] End to send embed flash verify data.
[Debug] [2025-10-18 00:13:49] Send cmd [Verify Outer Flash:20303] OK
[Debug] [2025-10-18 00:13:49] Log::Print : COMMAND[Program Outer Flash] execute finish, takes 30.0 secs.
[Debug] [2025-10-18 00:13:49] Log::Print : The start address of operating flash is 0x0.
[Debug] [2025-10-18 00:13:49] The value of Progress is 1
[Debug] [2025-10-18 00:13:49] The value of Progress is 6
[Debug] [2025-10-18 00:13:49] The value of Progress is 10
[Debug] [2025-10-18 00:13:49] The value of Progress is 15
[Debug] [2025-10-18 00:13:49] The value of Progress is 20
[Debug] [2025-10-18 00:13:49] The value of Progress is 25
[Debug] [2025-10-18 00:13:50] The value of Progress is 30
[Debug] [2025-10-18 00:13:50] The value of Progress is 35
[Debug] [2025-10-18 00:13:50] The value of Progress is 40
[Debug] [2025-10-18 00:13:50] The value of Progress is 45
[Debug] [2025-10-18 00:13:50] The value of Progress is 50
[Debug] [2025-10-18 00:13:50] The value of Progress is 55
[Debug] [2025-10-18 00:13:50] The value of Progress is 60
[Debug] [2025-10-18 00:13:50] The value of Progress is 65
[Debug] [2025-10-18 00:13:50] The value of Progress is 70
[Debug] [2025-10-18 00:13:50] The value of Progress is 75
[Debug] [2025-10-18 00:13:50] The value of Progress is 80
[Debug] [2025-10-18 00:13:51] The value of Progress is 85
[Debug] [2025-10-18 00:13:51] The value of Progress is 90
[Debug] [2025-10-18 00:13:51] The value of Progress is 95
[Debug] [2025-10-18 00:13:51] The value of Progress is 100
[Debug] [2025-10-18 00:13:51] COMMAND[Verify Outer Flash] execute successfully, takes 2.3 secs.
[Debug] [2025-10-18 00:13:51] end to send jtag flash verify cmd
[Debug] [2025-10-18 00:13:51] end to send jtag flash program cmd.
[Debug] [2025-10-18 00:13:51] Log::Print : COMMAND[Verify Outer Flash] execute successfully, takes 2.3 secs.
[Debug] [2025-10-18 00:51:59] Begin to Converte file.
[Debug] [2025-10-18 00:51:59] End to Converte file.
[Debug] [2025-10-18 00:52:00] begin to parse sfc file.
[Debug] [2025-10-18 00:52:00] begin to get device info from CFG file...
[Debug] [2025-10-18 00:52:00] end to get device info from CFG file...
[Debug] [2025-10-18 00:52:00] begin to get device info from CFG file...
[Debug] [2025-10-18 00:52:00] end to get device info from CFG file...
[Debug] [2025-10-18 00:52:00] end to parse sfc file.
[Debug] [2025-10-18 00:52:00] Log::Print : The Start Address of bit file D:/Desktop/video_class/camera_demo/FPGA_project/05_camera_pcie_capture_40pin/project/generate_bitstream/image_pcie_capture.sbit: 0x0
[Debug] [2025-10-18 00:52:02] Begin to send scan outer flash cmd...
[Debug] [2025-10-18 00:52:02] Send RPC:8
[Debug] [2025-10-18 00:52:02] Send cmd [Scan Outer SPI Flash:20300] OK
[Debug] [2025-10-18 00:52:02] End to send scan outer flash cmd.
[Debug] [2025-10-18 00:52:03] begin to exec scan jtag flash cmd...
[Debug] [2025-10-18 00:52:03] Begin to initialize JtagFlash for selected FPGA Device...
[Debug] [2025-10-18 00:52:03] Begin to update graphic item and tree item ...
[Debug] [2025-10-18 00:52:03] End to update graphic item and tree item ...
[Info] [2025-10-18 00:52:03] set OpenLastPath: D:/Desktop/video_class/camera_demo/FPGA_project/05_camera_pcie_capture_40pin/project/generate_bitstream/image_pcie_capture.sfc
[Debug] [2025-10-18 00:52:03] begin to check SFC File and Flash Device Read Mode.
[Debug] [2025-10-18 00:52:04] end to check SFC File and Flash Device Read Mode.
[Debug] [2025-10-18 00:52:04] Begin to update graphic item and tree item ...
[Debug] [2025-10-18 00:52:04] End to update graphic item and tree item ...
[Debug] [2025-10-18 00:52:04] End to initialize OuterFlash for selected FPGA Device...
[Debug] [2025-10-18 00:52:04] end to exec scan jtag flash cmd...
[Debug] [2025-10-18 00:52:04] COMMAND[Scan Outer SPI Flash] execute successfully, takes 1.3 secs.
[Debug] [2025-10-18 00:52:04] Log::Print : COMMAND[Scan Outer SPI Flash] execute successfully, takes 1.3 secs.
[Debug] [2025-10-18 00:52:05] begin to send promgram jtag flash cmd.
[Debug] [2025-10-18 00:52:05] begin to send jtag flash erase cmd
[Debug] [2025-10-18 00:52:05] Send RPC:9
[Debug] [2025-10-18 00:52:05] Begin to send embed flash erase data.
[Debug] [2025-10-18 00:52:05] Begin to send flash erase data.
[Debug] [2025-10-18 00:52:05] End to send flash erase data.
[Debug] [2025-10-18 00:52:05] End to send embed flash erase data.
[Debug] [2025-10-18 00:52:05] Send cmd [Erase Outer Flash:20302] OK
[Debug] [2025-10-18 00:52:05] Log::Print : The start address of operating flash is 0x0.
[Debug] [2025-10-18 00:52:05] The value of Progress is 1
[Debug] [2025-10-18 00:52:06] The value of Progress is 6
[Debug] [2025-10-18 00:52:06] The value of Progress is 10
[Debug] [2025-10-18 00:52:07] The value of Progress is 17
[Debug] [2025-10-18 00:52:07] The value of Progress is 20
[Debug] [2025-10-18 00:52:08] The value of Progress is 27
[Debug] [2025-10-18 00:52:08] The value of Progress is 31
[Debug] [2025-10-18 00:52:09] The value of Progress is 37
[Debug] [2025-10-18 00:52:09] The value of Progress is 41
[Debug] [2025-10-18 00:52:10] The value of Progress is 48
[Debug] [2025-10-18 00:52:10] The value of Progress is 51
[Debug] [2025-10-18 00:52:11] The value of Progress is 55
[Debug] [2025-10-18 00:52:11] The value of Progress is 62
[Debug] [2025-10-18 00:52:12] The value of Progress is 65
[Debug] [2025-10-18 00:52:12] The value of Progress is 72
[Debug] [2025-10-18 00:52:13] The value of Progress is 75
[Debug] [2025-10-18 00:52:13] The value of Progress is 82
[Debug] [2025-10-18 00:52:13] The value of Progress is 86
[Debug] [2025-10-18 00:52:14] The value of Progress is 93
[Debug] [2025-10-18 00:52:14] The value of Progress is 96
[Debug] [2025-10-18 00:52:14] The value of Progress is 100
[Debug] [2025-10-18 00:52:15] COMMAND[Erase Outer Flash] execute finish, takes 10.0 secs.
[Debug] [2025-10-18 00:52:15] end to send jtag flash erase cmd.
[Debug] [2025-10-18 00:52:15] Send RPC:10
[Debug] [2025-10-18 00:52:15] Begin to send jtag flash program data.
[Debug] [2025-10-18 00:52:15] Begin to send flash program data.
[Debug] [2025-10-18 00:52:15] End to send flash program data.
[Debug] [2025-10-18 00:52:15] End to send embed flash program data.
[Debug] [2025-10-18 00:52:15] Send cmd [Program Outer Flash:20301] OK
[Debug] [2025-10-18 00:52:15] Log::Print : COMMAND[Erase Outer Flash] execute finish, takes 10.0 secs.
[Debug] [2025-10-18 00:52:15] Log::Print : The start address of operating flash is 0x0.
[Debug] [2025-10-18 00:52:15] The value of Progress is 1
[Debug] [2025-10-18 00:52:16] The value of Progress is 6
[Debug] [2025-10-18 00:52:18] The value of Progress is 10
[Debug] [2025-10-18 00:52:19] The value of Progress is 15
[Debug] [2025-10-18 00:52:21] The value of Progress is 20
[Debug] [2025-10-18 00:52:22] The value of Progress is 25
[Debug] [2025-10-18 00:52:23] The value of Progress is 30
[Debug] [2025-10-18 00:52:25] The value of Progress is 35
[Debug] [2025-10-18 00:52:26] The value of Progress is 40
[Debug] [2025-10-18 00:52:28] The value of Progress is 45
[Debug] [2025-10-18 00:52:29] The value of Progress is 50
[Debug] [2025-10-18 00:52:31] The value of Progress is 55
[Debug] [2025-10-18 00:52:32] The value of Progress is 60
[Debug] [2025-10-18 00:52:34] The value of Progress is 65
[Debug] [2025-10-18 00:52:35] The value of Progress is 70
[Debug] [2025-10-18 00:52:37] The value of Progress is 75
[Debug] [2025-10-18 00:52:38] The value of Progress is 80
[Debug] [2025-10-18 00:52:39] The value of Progress is 85
[Debug] [2025-10-18 00:52:41] The value of Progress is 90
[Debug] [2025-10-18 00:52:42] The value of Progress is 95
[Debug] [2025-10-18 00:52:44] The value of Progress is 100
[Debug] [2025-10-18 00:52:44] COMMAND[Program Outer Flash] execute finish, takes 29.4 secs.
[Debug] [2025-10-18 00:52:44] begin to send jtag flash verify cmd
[Debug] [2025-10-18 00:52:44] Send RPC:11
[Debug] [2025-10-18 00:52:44] Begin to send embed flash verify data.
[Debug] [2025-10-18 00:52:44] Begin to send flash verify data.
[Debug] [2025-10-18 00:52:44] End to send flash verify data.
[Debug] [2025-10-18 00:52:44] End to send embed flash verify data.
[Debug] [2025-10-18 00:52:44] Send cmd [Verify Outer Flash:20303] OK
[Debug] [2025-10-18 00:52:44] Log::Print : COMMAND[Program Outer Flash] execute finish, takes 29.4 secs.
[Debug] [2025-10-18 00:52:44] Log::Print : The start address of operating flash is 0x0.
[Debug] [2025-10-18 00:52:44] The value of Progress is 1
[Debug] [2025-10-18 00:52:44] The value of Progress is 6
[Debug] [2025-10-18 00:52:44] The value of Progress is 10
[Debug] [2025-10-18 00:52:44] The value of Progress is 15
[Debug] [2025-10-18 00:52:45] The value of Progress is 20
[Debug] [2025-10-18 00:52:45] The value of Progress is 25
[Debug] [2025-10-18 00:52:45] The value of Progress is 30
[Debug] [2025-10-18 00:52:45] The value of Progress is 35
[Debug] [2025-10-18 00:52:45] The value of Progress is 40
[Debug] [2025-10-18 00:52:45] The value of Progress is 45
[Debug] [2025-10-18 00:52:45] The value of Progress is 50
[Debug] [2025-10-18 00:52:45] The value of Progress is 55
[Debug] [2025-10-18 00:52:45] The value of Progress is 60
[Debug] [2025-10-18 00:52:45] The value of Progress is 65
[Debug] [2025-10-18 00:52:45] The value of Progress is 70
[Debug] [2025-10-18 00:52:46] The value of Progress is 75
[Debug] [2025-10-18 00:52:46] The value of Progress is 80
[Debug] [2025-10-18 00:52:46] The value of Progress is 85
[Debug] [2025-10-18 00:52:46] The value of Progress is 90
[Debug] [2025-10-18 00:52:46] The value of Progress is 95
[Debug] [2025-10-18 00:52:46] The value of Progress is 100
[Debug] [2025-10-18 00:52:46] COMMAND[Verify Outer Flash] execute successfully, takes 2.2 secs.
[Debug] [2025-10-18 00:52:46] end to send jtag flash verify cmd
[Debug] [2025-10-18 00:52:46] end to send jtag flash program cmd.
[Debug] [2025-10-18 00:52:46] Log::Print : COMMAND[Verify Outer Flash] execute successfully, takes 2.2 secs.
[Debug] [2025-10-18 01:16:35] Begin to operate flash.
[Debug] [2025-10-18 01:16:35] End to operate flash.
[Debug] [2025-10-18 01:16:39] Begin to Converte file.
[Debug] [2025-10-18 01:16:39] End to Converte file.
[Debug] [2025-10-18 01:16:41] begin to parse sfc file.
[Debug] [2025-10-18 01:16:41] begin to get device info from CFG file...
[Debug] [2025-10-18 01:16:41] end to get device info from CFG file...
[Debug] [2025-10-18 01:16:41] begin to get device info from CFG file...
[Debug] [2025-10-18 01:16:41] end to get device info from CFG file...
[Debug] [2025-10-18 01:16:41] end to parse sfc file.
[Debug] [2025-10-18 01:16:41] Log::Print : The Start Address of bit file D:/Desktop/video_class/camera_demo/FPGA_project/05_camera_pcie_capture_40pin/project/generate_bitstream/image_pcie_capture.sbit: 0x0
[Debug] [2025-10-18 01:16:44] begin to send promgram jtag flash cmd.
[Debug] [2025-10-18 01:16:44] begin to send jtag flash erase cmd
[Debug] [2025-10-18 01:16:44] Send RPC:12
[Debug] [2025-10-18 01:16:44] Begin to send embed flash erase data.
[Debug] [2025-10-18 01:16:44] Begin to send flash erase data.
[Debug] [2025-10-18 01:16:44] End to send flash erase data.
[Debug] [2025-10-18 01:16:44] End to send embed flash erase data.
[Debug] [2025-10-18 01:16:44] Send cmd [Erase Outer Flash:20302] OK
[Debug] [2025-10-18 01:16:44] Log::Print : The start address of operating flash is 0x0.
[Debug] [2025-10-18 01:16:44] The value of Progress is 1
[Debug] [2025-10-18 01:16:45] The value of Progress is 6
[Debug] [2025-10-18 01:16:46] The value of Progress is 10
[Debug] [2025-10-18 01:16:46] The value of Progress is 17
[Debug] [2025-10-18 01:16:47] The value of Progress is 20
[Debug] [2025-10-18 01:16:47] The value of Progress is 27
[Debug] [2025-10-18 01:16:48] The value of Progress is 31
[Debug] [2025-10-18 01:16:48] The value of Progress is 37
[Debug] [2025-10-18 01:16:49] The value of Progress is 41
[Debug] [2025-10-18 01:16:49] The value of Progress is 48
[Debug] [2025-10-18 01:16:50] The value of Progress is 51
[Debug] [2025-10-18 01:16:50] The value of Progress is 55
[Debug] [2025-10-18 01:16:51] The value of Progress is 62
[Debug] [2025-10-18 01:16:51] The value of Progress is 65
[Debug] [2025-10-18 01:16:52] The value of Progress is 72
[Debug] [2025-10-18 01:16:52] The value of Progress is 75
[Debug] [2025-10-18 01:16:53] The value of Progress is 82
[Debug] [2025-10-18 01:16:53] The value of Progress is 86
[Debug] [2025-10-18 01:16:54] The value of Progress is 93
[Debug] [2025-10-18 01:16:54] The value of Progress is 96
[Debug] [2025-10-18 01:16:54] The value of Progress is 100
[Debug] [2025-10-18 01:16:54] COMMAND[Erase Outer Flash] execute finish, takes 10.3 secs.
[Debug] [2025-10-18 01:16:54] end to send jtag flash erase cmd.
[Debug] [2025-10-18 01:16:54] Send RPC:13
[Debug] [2025-10-18 01:16:54] Begin to send jtag flash program data.
[Debug] [2025-10-18 01:16:54] Begin to send flash program data.
[Debug] [2025-10-18 01:16:54] End to send flash program data.
[Debug] [2025-10-18 01:16:54] End to send embed flash program data.
[Debug] [2025-10-18 01:16:54] Send cmd [Program Outer Flash:20301] OK
[Debug] [2025-10-18 01:16:54] Log::Print : COMMAND[Erase Outer Flash] execute finish, takes 10.3 secs.
[Debug] [2025-10-18 01:16:54] Log::Print : The start address of operating flash is 0x0.
[Debug] [2025-10-18 01:16:54] The value of Progress is 1
[Debug] [2025-10-18 01:16:56] The value of Progress is 6
[Debug] [2025-10-18 01:16:57] The value of Progress is 10
[Debug] [2025-10-18 01:16:59] The value of Progress is 15
[Debug] [2025-10-18 01:17:01] The value of Progress is 20
[Debug] [2025-10-18 01:17:03] The value of Progress is 25
[Debug] [2025-10-18 01:17:05] The value of Progress is 30
[Debug] [2025-10-18 01:17:07] The value of Progress is 35
[Debug] [2025-10-18 01:17:08] The value of Progress is 40
[Debug] [2025-10-18 01:17:10] The value of Progress is 45
[Debug] [2025-10-18 01:17:12] The value of Progress is 50
[Debug] [2025-10-18 01:17:14] The value of Progress is 55
[Debug] [2025-10-18 01:17:16] The value of Progress is 60
[Debug] [2025-10-18 01:17:17] The value of Progress is 65
[Debug] [2025-10-18 01:17:19] The value of Progress is 70
[Debug] [2025-10-18 01:17:21] The value of Progress is 75
[Debug] [2025-10-18 01:17:22] The value of Progress is 80
[Debug] [2025-10-18 01:17:24] The value of Progress is 85
[Debug] [2025-10-18 01:17:25] The value of Progress is 90
[Debug] [2025-10-18 01:17:27] The value of Progress is 95
[Debug] [2025-10-18 01:17:28] The value of Progress is 100
[Debug] [2025-10-18 01:17:28] COMMAND[Program Outer Flash] execute finish, takes 34.2 secs.
[Debug] [2025-10-18 01:17:28] begin to send jtag flash verify cmd
[Debug] [2025-10-18 01:17:28] Send RPC:14
[Debug] [2025-10-18 01:17:28] Begin to send embed flash verify data.
[Debug] [2025-10-18 01:17:28] Begin to send flash verify data.
[Debug] [2025-10-18 01:17:28] End to send flash verify data.
[Debug] [2025-10-18 01:17:28] End to send embed flash verify data.
[Debug] [2025-10-18 01:17:28] Send cmd [Verify Outer Flash:20303] OK
[Debug] [2025-10-18 01:17:28] Log::Print : COMMAND[Program Outer Flash] execute finish, takes 34.2 secs.
[Debug] [2025-10-18 01:17:28] Log::Print : The start address of operating flash is 0x0.
[Debug] [2025-10-18 01:17:29] The value of Progress is 1
[Debug] [2025-10-18 01:17:29] The value of Progress is 6
[Debug] [2025-10-18 01:17:29] The value of Progress is 10
[Debug] [2025-10-18 01:17:29] The value of Progress is 15
[Debug] [2025-10-18 01:17:29] The value of Progress is 20
[Debug] [2025-10-18 01:17:29] The value of Progress is 25
[Debug] [2025-10-18 01:17:29] The value of Progress is 30
[Debug] [2025-10-18 01:17:29] The value of Progress is 35
[Debug] [2025-10-18 01:17:29] The value of Progress is 40
[Debug] [2025-10-18 01:17:29] The value of Progress is 45
[Debug] [2025-10-18 01:17:30] The value of Progress is 50
[Debug] [2025-10-18 01:17:30] The value of Progress is 55
[Debug] [2025-10-18 01:17:30] The value of Progress is 60
[Debug] [2025-10-18 01:17:30] The value of Progress is 65
[Debug] [2025-10-18 01:17:30] The value of Progress is 70
[Debug] [2025-10-18 01:17:30] The value of Progress is 75
[Debug] [2025-10-18 01:17:30] The value of Progress is 80
[Debug] [2025-10-18 01:17:30] The value of Progress is 85
[Debug] [2025-10-18 01:17:30] The value of Progress is 90
[Debug] [2025-10-18 01:17:30] The value of Progress is 95
[Debug] [2025-10-18 01:17:30] The value of Progress is 100
[Debug] [2025-10-18 01:17:31] COMMAND[Verify Outer Flash] execute successfully, takes 2.2 secs.
[Debug] [2025-10-18 01:17:31] end to send jtag flash verify cmd
[Debug] [2025-10-18 01:17:31] end to send jtag flash program cmd.
[Debug] [2025-10-18 01:17:31] Log::Print : COMMAND[Verify Outer Flash] execute successfully, takes 2.2 secs.
[Debug] [2025-10-18 11:28:01] Begin to Converte file.
[Debug] [2025-10-18 11:28:01] End to Converte file.
[Debug] [2025-10-18 11:28:03] begin to parse sfc file.
[Debug] [2025-10-18 11:28:03] begin to get device info from CFG file...
[Debug] [2025-10-18 11:28:03] end to get device info from CFG file...
[Debug] [2025-10-18 11:28:03] begin to get device info from CFG file...
[Debug] [2025-10-18 11:28:03] end to get device info from CFG file...
[Debug] [2025-10-18 11:28:03] end to parse sfc file.
[Debug] [2025-10-18 11:28:03] Log::Print : The Start Address of bit file D:/Desktop/video_class/camera_demo/FPGA_project/05_camera_pcie_capture_40pin/project/generate_bitstream/image_pcie_capture.sbit: 0x0
[Debug] [2025-10-18 11:28:05] begin to send promgram jtag flash cmd.
[Debug] [2025-10-18 11:28:05] begin to send jtag flash erase cmd
[Debug] [2025-10-18 11:28:05] Send RPC:15
[Debug] [2025-10-18 11:28:05] Begin to send embed flash erase data.
[Debug] [2025-10-18 11:28:05] Begin to send flash erase data.
[Debug] [2025-10-18 11:28:05] End to send flash erase data.
[Debug] [2025-10-18 11:28:05] End to send embed flash erase data.
[Debug] [2025-10-18 11:28:05] Send cmd [Erase Outer Flash:20302] OK
[Debug] [2025-10-18 11:28:05] Log::Print : The start address of operating flash is 0x0.
[Debug] [2025-10-18 11:28:06] The value of Progress is 1
[Debug] [2025-10-18 11:28:07] The value of Progress is 6
[Debug] [2025-10-18 11:28:07] The value of Progress is 10
[Debug] [2025-10-18 11:28:08] The value of Progress is 16
[Debug] [2025-10-18 11:28:08] The value of Progress is 20
[Debug] [2025-10-18 11:28:09] The value of Progress is 26
[Debug] [2025-10-18 11:28:09] The value of Progress is 30
[Debug] [2025-10-18 11:28:10] The value of Progress is 36
[Debug] [2025-10-18 11:28:10] The value of Progress is 40
[Debug] [2025-10-18 11:28:11] The value of Progress is 46
[Debug] [2025-10-18 11:28:11] The value of Progress is 50
[Debug] [2025-10-18 11:28:12] The value of Progress is 56
[Debug] [2025-10-18 11:28:12] The value of Progress is 60
[Debug] [2025-10-18 11:28:13] The value of Progress is 66
[Debug] [2025-10-18 11:28:13] The value of Progress is 70
[Debug] [2025-10-18 11:28:14] The value of Progress is 76
[Debug] [2025-10-18 11:28:14] The value of Progress is 80
[Debug] [2025-10-18 11:28:15] The value of Progress is 86
[Debug] [2025-10-18 11:28:15] The value of Progress is 90
[Debug] [2025-10-18 11:28:16] The value of Progress is 96
[Debug] [2025-10-18 11:28:16] The value of Progress is 100
[Debug] [2025-10-18 11:28:16] COMMAND[Erase Outer Flash] execute finish, takes 10.8 secs.
[Debug] [2025-10-18 11:28:16] end to send jtag flash erase cmd.
[Debug] [2025-10-18 11:28:16] Send RPC:16
[Debug] [2025-10-18 11:28:16] Begin to send jtag flash program data.
[Debug] [2025-10-18 11:28:16] Begin to send flash program data.
[Debug] [2025-10-18 11:28:16] End to send flash program data.
[Debug] [2025-10-18 11:28:16] End to send embed flash program data.
[Debug] [2025-10-18 11:28:16] Send cmd [Program Outer Flash:20301] OK
[Debug] [2025-10-18 11:28:16] Log::Print : COMMAND[Erase Outer Flash] execute finish, takes 10.8 secs.
[Debug] [2025-10-18 11:28:16] Log::Print : The start address of operating flash is 0x0.
[Debug] [2025-10-18 11:28:16] The value of Progress is 1
[Debug] [2025-10-18 11:28:18] The value of Progress is 6
[Debug] [2025-10-18 11:28:20] The value of Progress is 10
[Debug] [2025-10-18 11:28:21] The value of Progress is 15
[Debug] [2025-10-18 11:28:23] The value of Progress is 20
[Debug] [2025-10-18 11:28:25] The value of Progress is 25
[Debug] [2025-10-18 11:28:27] The value of Progress is 30
[Debug] [2025-10-18 11:28:29] The value of Progress is 35
[Debug] [2025-10-18 11:28:30] The value of Progress is 40
[Debug] [2025-10-18 11:28:33] The value of Progress is 45
[Debug] [2025-10-18 11:28:35] The value of Progress is 50
[Debug] [2025-10-18 11:28:36] The value of Progress is 55
[Debug] [2025-10-18 11:28:38] The value of Progress is 60
[Debug] [2025-10-18 11:28:40] The value of Progress is 65
[Debug] [2025-10-18 11:28:42] The value of Progress is 70
[Debug] [2025-10-18 11:28:43] The value of Progress is 75
[Debug] [2025-10-18 11:28:45] The value of Progress is 80
[Debug] [2025-10-18 11:28:47] The value of Progress is 85
[Debug] [2025-10-18 11:28:49] The value of Progress is 90
[Debug] [2025-10-18 11:28:51] The value of Progress is 95
[Debug] [2025-10-18 11:28:53] The value of Progress is 100
[Debug] [2025-10-18 11:28:53] COMMAND[Program Outer Flash] execute finish, takes 36.4 secs.
[Debug] [2025-10-18 11:28:53] begin to send jtag flash verify cmd
[Debug] [2025-10-18 11:28:53] Send RPC:17
[Debug] [2025-10-18 11:28:53] Begin to send embed flash verify data.
[Debug] [2025-10-18 11:28:53] Begin to send flash verify data.
[Debug] [2025-10-18 11:28:53] End to send flash verify data.
[Debug] [2025-10-18 11:28:53] End to send embed flash verify data.
[Debug] [2025-10-18 11:28:53] Send cmd [Verify Outer Flash:20303] OK
[Debug] [2025-10-18 11:28:53] Log::Print : COMMAND[Program Outer Flash] execute finish, takes 36.4 secs.
[Debug] [2025-10-18 11:28:53] Log::Print : The start address of operating flash is 0x0.
[Debug] [2025-10-18 11:28:53] The value of Progress is 1
[Debug] [2025-10-18 11:28:53] The value of Progress is 6
[Debug] [2025-10-18 11:28:53] The value of Progress is 10
[Debug] [2025-10-18 11:28:53] The value of Progress is 15
[Debug] [2025-10-18 11:28:53] The value of Progress is 20
[Debug] [2025-10-18 11:28:53] The value of Progress is 25
[Debug] [2025-10-18 11:28:53] The value of Progress is 30
[Debug] [2025-10-18 11:28:54] The value of Progress is 35
[Debug] [2025-10-18 11:28:54] The value of Progress is 40
[Debug] [2025-10-18 11:28:54] The value of Progress is 45
[Debug] [2025-10-18 11:28:54] The value of Progress is 50
[Debug] [2025-10-18 11:28:54] The value of Progress is 55
[Debug] [2025-10-18 11:28:54] The value of Progress is 60
[Debug] [2025-10-18 11:28:54] The value of Progress is 65
[Debug] [2025-10-18 11:28:54] The value of Progress is 70
[Debug] [2025-10-18 11:28:54] The value of Progress is 75
[Debug] [2025-10-18 11:28:54] The value of Progress is 80
[Debug] [2025-10-18 11:28:55] The value of Progress is 85
[Debug] [2025-10-18 11:28:55] The value of Progress is 90
[Debug] [2025-10-18 11:28:55] The value of Progress is 95
[Debug] [2025-10-18 11:28:55] The value of Progress is 100
[Debug] [2025-10-18 11:28:55] COMMAND[Verify Outer Flash] execute successfully, takes 2.3 secs.
[Debug] [2025-10-18 11:28:55] end to send jtag flash verify cmd
[Debug] [2025-10-18 11:28:55] end to send jtag flash program cmd.
[Debug] [2025-10-18 11:28:55] Log::Print : COMMAND[Verify Outer Flash] execute successfully, takes 2.3 secs.
[Debug] [2025-10-18 12:00:09] Begin to Converte file.
[Debug] [2025-10-18 12:00:09] End to Converte file.
[Debug] [2025-10-18 12:00:12] begin to parse sfc file.
[Debug] [2025-10-18 12:00:12] begin to get device info from CFG file...
[Debug] [2025-10-18 12:00:12] end to get device info from CFG file...
[Debug] [2025-10-18 12:00:12] begin to get device info from CFG file...
[Debug] [2025-10-18 12:00:12] end to get device info from CFG file...
[Debug] [2025-10-18 12:00:12] end to parse sfc file.
[Debug] [2025-10-18 12:00:12] Log::Print : The Start Address of bit file D:/Desktop/video_class/camera_demo/FPGA_project/05_camera_pcie_capture_40pin/project/generate_bitstream/image_pcie_capture.sbit: 0x0
[Debug] [2025-10-18 12:00:15] Begin to send scan outer flash cmd...
[Debug] [2025-10-18 12:00:15] Send RPC:18
[Debug] [2025-10-18 12:00:15] Send cmd [Scan Outer SPI Flash:20300] OK
[Debug] [2025-10-18 12:00:15] End to send scan outer flash cmd.
[Debug] [2025-10-18 12:00:16] begin to exec scan jtag flash cmd...
[Debug] [2025-10-18 12:00:16] Begin to initialize JtagFlash for selected FPGA Device...
[Debug] [2025-10-18 12:00:16] Begin to update graphic item and tree item ...
[Debug] [2025-10-18 12:00:16] End to update graphic item and tree item ...
[Info] [2025-10-18 12:00:19] set OpenLastPath: D:/Desktop/video_class/camera_demo/FPGA_project/05_camera_pcie_capture_40pin/project/generate_bitstream/image_pcie_capture.sfc
[Debug] [2025-10-18 12:00:19] begin to check SFC File and Flash Device Read Mode.
[Debug] [2025-10-18 12:00:19] end to check SFC File and Flash Device Read Mode.
[Debug] [2025-10-18 12:00:19] Begin to update graphic item and tree item ...
[Debug] [2025-10-18 12:00:19] End to update graphic item and tree item ...
[Debug] [2025-10-18 12:00:19] End to initialize OuterFlash for selected FPGA Device...
[Debug] [2025-10-18 12:00:19] end to exec scan jtag flash cmd...
[Debug] [2025-10-18 12:00:19] COMMAND[Scan Outer SPI Flash] execute successfully, takes 4.0 secs.
[Debug] [2025-10-18 12:00:19] Log::Print : COMMAND[Scan Outer SPI Flash] execute successfully, takes 4.0 secs.
[Debug] [2025-10-18 12:00:21] begin to send promgram jtag flash cmd.
[Debug] [2025-10-18 12:00:21] begin to send jtag flash erase cmd
[Debug] [2025-10-18 12:00:21] Send RPC:19
[Debug] [2025-10-18 12:00:21] Begin to send embed flash erase data.
[Debug] [2025-10-18 12:00:21] Begin to send flash erase data.
[Debug] [2025-10-18 12:00:21] End to send flash erase data.
[Debug] [2025-10-18 12:00:21] End to send embed flash erase data.
[Debug] [2025-10-18 12:00:21] Send cmd [Erase Outer Flash:20302] OK
[Debug] [2025-10-18 12:00:21] Log::Print : The start address of operating flash is 0x0.
[Debug] [2025-10-18 12:00:21] The value of Progress is 1
[Debug] [2025-10-18 12:00:22] The value of Progress is 6
[Debug] [2025-10-18 12:00:22] The value of Progress is 10
[Debug] [2025-10-18 12:00:23] The value of Progress is 17
[Debug] [2025-10-18 12:00:23] The value of Progress is 20
[Debug] [2025-10-18 12:00:24] The value of Progress is 27
[Debug] [2025-10-18 12:00:25] The value of Progress is 31
[Debug] [2025-10-18 12:00:25] The value of Progress is 37
[Debug] [2025-10-18 12:00:26] The value of Progress is 41
[Debug] [2025-10-18 12:00:26] The value of Progress is 48
[Debug] [2025-10-18 12:00:27] The value of Progress is 51
[Debug] [2025-10-18 12:00:27] The value of Progress is 55
[Debug] [2025-10-18 12:00:28] The value of Progress is 62
[Debug] [2025-10-18 12:00:28] The value of Progress is 65
[Debug] [2025-10-18 12:00:29] The value of Progress is 72
[Debug] [2025-10-18 12:00:29] The value of Progress is 75
[Debug] [2025-10-18 12:00:30] The value of Progress is 82
[Debug] [2025-10-18 12:00:30] The value of Progress is 86
[Debug] [2025-10-18 12:00:31] The value of Progress is 93
[Debug] [2025-10-18 12:00:31] The value of Progress is 96
[Debug] [2025-10-18 12:00:31] The value of Progress is 100
[Debug] [2025-10-18 12:00:31] COMMAND[Erase Outer Flash] execute finish, takes 10.3 secs.
[Debug] [2025-10-18 12:00:31] end to send jtag flash erase cmd.
[Debug] [2025-10-18 12:00:31] Send RPC:20
[Debug] [2025-10-18 12:00:31] Begin to send jtag flash program data.
[Debug] [2025-10-18 12:00:31] Begin to send flash program data.
[Debug] [2025-10-18 12:00:31] End to send flash program data.
[Debug] [2025-10-18 12:00:31] End to send embed flash program data.
[Debug] [2025-10-18 12:00:31] Send cmd [Program Outer Flash:20301] OK
[Debug] [2025-10-18 12:00:31] Log::Print : COMMAND[Erase Outer Flash] execute finish, takes 10.3 secs.
[Debug] [2025-10-18 12:00:31] Log::Print : The start address of operating flash is 0x0.
[Debug] [2025-10-18 12:00:31] The value of Progress is 1
[Debug] [2025-10-18 12:00:33] The value of Progress is 6
[Debug] [2025-10-18 12:00:34] The value of Progress is 10
[Debug] [2025-10-18 12:00:36] The value of Progress is 15
[Debug] [2025-10-18 12:00:37] The value of Progress is 20
[Debug] [2025-10-18 12:00:39] The value of Progress is 25
[Debug] [2025-10-18 12:00:40] The value of Progress is 30
[Debug] [2025-10-18 12:00:42] The value of Progress is 35
[Debug] [2025-10-18 12:00:43] The value of Progress is 40
[Debug] [2025-10-18 12:00:44] The value of Progress is 45
[Debug] [2025-10-18 12:00:46] The value of Progress is 50
[Debug] [2025-10-18 12:00:47] The value of Progress is 55
[Debug] [2025-10-18 12:00:49] The value of Progress is 60
[Debug] [2025-10-18 12:00:50] The value of Progress is 65
[Debug] [2025-10-18 12:00:52] The value of Progress is 70
[Debug] [2025-10-18 12:00:53] The value of Progress is 75
[Debug] [2025-10-18 12:00:55] The value of Progress is 80
[Debug] [2025-10-18 12:00:56] The value of Progress is 85
[Debug] [2025-10-18 12:00:58] The value of Progress is 90
[Debug] [2025-10-18 12:00:59] The value of Progress is 95
[Debug] [2025-10-18 12:01:01] The value of Progress is 100
[Debug] [2025-10-18 12:01:01] COMMAND[Program Outer Flash] execute finish, takes 29.6 secs.
[Debug] [2025-10-18 12:01:01] begin to send jtag flash verify cmd
[Debug] [2025-10-18 12:01:01] Send RPC:21
[Debug] [2025-10-18 12:01:01] Begin to send embed flash verify data.
[Debug] [2025-10-18 12:01:01] Begin to send flash verify data.
[Debug] [2025-10-18 12:01:01] End to send flash verify data.
[Debug] [2025-10-18 12:01:01] End to send embed flash verify data.
[Debug] [2025-10-18 12:01:01] Send cmd [Verify Outer Flash:20303] OK
[Debug] [2025-10-18 12:01:01] Log::Print : COMMAND[Program Outer Flash] execute finish, takes 29.6 secs.
[Debug] [2025-10-18 12:01:01] Log::Print : The start address of operating flash is 0x0.
[Debug] [2025-10-18 12:01:01] The value of Progress is 1
[Debug] [2025-10-18 12:01:01] The value of Progress is 6
[Debug] [2025-10-18 12:01:01] The value of Progress is 10
[Debug] [2025-10-18 12:01:01] The value of Progress is 15
[Debug] [2025-10-18 12:01:01] The value of Progress is 20
[Debug] [2025-10-18 12:01:01] The value of Progress is 25
[Debug] [2025-10-18 12:01:01] The value of Progress is 30
[Debug] [2025-10-18 12:01:02] The value of Progress is 35
[Debug] [2025-10-18 12:01:02] The value of Progress is 40
[Debug] [2025-10-18 12:01:02] The value of Progress is 45
[Debug] [2025-10-18 12:01:02] The value of Progress is 50
[Debug] [2025-10-18 12:01:02] The value of Progress is 55
[Debug] [2025-10-18 12:01:02] The value of Progress is 60
[Debug] [2025-10-18 12:01:02] The value of Progress is 65
[Debug] [2025-10-18 12:01:02] The value of Progress is 70
[Debug] [2025-10-18 12:01:02] The value of Progress is 75
[Debug] [2025-10-18 12:01:02] The value of Progress is 80
[Debug] [2025-10-18 12:01:03] The value of Progress is 85
[Debug] [2025-10-18 12:01:03] The value of Progress is 90
[Debug] [2025-10-18 12:01:03] The value of Progress is 95
[Debug] [2025-10-18 12:01:03] The value of Progress is 100
[Debug] [2025-10-18 12:01:03] COMMAND[Verify Outer Flash] execute successfully, takes 2.2 secs.
[Debug] [2025-10-18 12:01:03] end to send jtag flash verify cmd
[Debug] [2025-10-18 12:01:03] end to send jtag flash program cmd.
[Debug] [2025-10-18 12:01:03] Log::Print : COMMAND[Verify Outer Flash] execute successfully, takes 2.2 secs.
[Debug] [2025-10-18 12:04:23] Begin to send scan outer flash cmd...
[Debug] [2025-10-18 12:04:23] Send RPC:22
[Debug] [2025-10-18 12:04:23] Send cmd [Scan Outer SPI Flash:20300] OK
[Debug] [2025-10-18 12:04:23] End to send scan outer flash cmd.
[Debug] [2025-10-18 12:04:24] begin to exec scan jtag flash cmd...
[Debug] [2025-10-18 12:04:24] Begin to initialize JtagFlash for selected FPGA Device...
[Debug] [2025-10-18 12:04:24] Begin to update graphic item and tree item ...
[Debug] [2025-10-18 12:04:24] End to update graphic item and tree item ...
[Info] [2025-10-18 12:04:36] set OpenLastPath: D:/Desktop/video_class/camera_demo/FPGA_project/04_camera_pcie_capture_40pin/project/generate_bitstream/image_pcie_capture.sfc
[Debug] [2025-10-18 12:04:36] begin to check SFC File and Flash Device Read Mode.
[Debug] [2025-10-18 12:04:36] end to check SFC File and Flash Device Read Mode.
[Debug] [2025-10-18 12:04:36] Begin to update graphic item and tree item ...
[Debug] [2025-10-18 12:04:36] End to update graphic item and tree item ...
[Debug] [2025-10-18 12:04:36] End to initialize OuterFlash for selected FPGA Device...
[Debug] [2025-10-18 12:04:36] end to exec scan jtag flash cmd...
[Debug] [2025-10-18 12:04:36] COMMAND[Scan Outer SPI Flash] execute successfully, takes 13.0 secs.
[Debug] [2025-10-18 12:04:36] Log::Print : COMMAND[Scan Outer SPI Flash] execute successfully, takes 13.0 secs.
[Debug] [2025-10-18 12:04:38] begin to send promgram jtag flash cmd.
[Debug] [2025-10-18 12:04:38] begin to send jtag flash erase cmd
[Debug] [2025-10-18 12:04:38] Send RPC:23
[Debug] [2025-10-18 12:04:38] Begin to send embed flash erase data.
[Debug] [2025-10-18 12:04:38] Begin to send flash erase data.
[Debug] [2025-10-18 12:04:38] End to send flash erase data.
[Debug] [2025-10-18 12:04:38] End to send embed flash erase data.
[Debug] [2025-10-18 12:04:38] Send cmd [Erase Outer Flash:20302] OK
[Debug] [2025-10-18 12:04:38] Log::Print : The start address of operating flash is 0x0.
[Debug] [2025-10-18 12:04:38] The value of Progress is 1
[Debug] [2025-10-18 12:04:39] The value of Progress is 6
[Debug] [2025-10-18 12:04:39] The value of Progress is 10
[Debug] [2025-10-18 12:04:40] The value of Progress is 16
[Debug] [2025-10-18 12:04:40] The value of Progress is 20
[Debug] [2025-10-18 12:04:41] The value of Progress is 26
[Debug] [2025-10-18 12:04:41] The value of Progress is 30
[Debug] [2025-10-18 12:04:42] The value of Progress is 36
[Debug] [2025-10-18 12:04:42] The value of Progress is 40
[Debug] [2025-10-18 12:04:43] The value of Progress is 46
[Debug] [2025-10-18 12:04:43] The value of Progress is 50
[Debug] [2025-10-18 12:04:44] The value of Progress is 56
[Debug] [2025-10-18 12:04:44] The value of Progress is 60
[Debug] [2025-10-18 12:04:45] The value of Progress is 66
[Debug] [2025-10-18 12:04:45] The value of Progress is 70
[Debug] [2025-10-18 12:04:46] The value of Progress is 76
[Debug] [2025-10-18 12:04:46] The value of Progress is 80
[Debug] [2025-10-18 12:04:47] The value of Progress is 86
[Debug] [2025-10-18 12:04:47] The value of Progress is 90
[Debug] [2025-10-18 12:04:48] The value of Progress is 96
[Debug] [2025-10-18 12:04:48] The value of Progress is 100
[Debug] [2025-10-18 12:04:48] COMMAND[Erase Outer Flash] execute finish, takes 10.5 secs.
[Debug] [2025-10-18 12:04:48] end to send jtag flash erase cmd.
[Debug] [2025-10-18 12:04:48] Send RPC:24
[Debug] [2025-10-18 12:04:48] Begin to send jtag flash program data.
[Debug] [2025-10-18 12:04:48] Begin to send flash program data.
[Debug] [2025-10-18 12:04:48] End to send flash program data.
[Debug] [2025-10-18 12:04:48] End to send embed flash program data.
[Debug] [2025-10-18 12:04:48] Send cmd [Program Outer Flash:20301] OK
[Debug] [2025-10-18 12:04:48] Log::Print : COMMAND[Erase Outer Flash] execute finish, takes 10.5 secs.
[Debug] [2025-10-18 12:04:48] Log::Print : The start address of operating flash is 0x0.
[Debug] [2025-10-18 12:04:48] The value of Progress is 1
[Debug] [2025-10-18 12:04:50] The value of Progress is 6
[Debug] [2025-10-18 12:04:51] The value of Progress is 10
[Debug] [2025-10-18 12:04:53] The value of Progress is 15
[Debug] [2025-10-18 12:04:54] The value of Progress is 20
[Debug] [2025-10-18 12:04:56] The value of Progress is 25
[Debug] [2025-10-18 12:04:57] The value of Progress is 30
[Debug] [2025-10-18 12:04:59] The value of Progress is 35
[Debug] [2025-10-18 12:05:00] The value of Progress is 40
[Debug] [2025-10-18 12:05:02] The value of Progress is 45
[Debug] [2025-10-18 12:05:03] The value of Progress is 50
[Debug] [2025-10-18 12:05:05] The value of Progress is 55
[Debug] [2025-10-18 12:05:06] The value of Progress is 60
[Debug] [2025-10-18 12:05:08] The value of Progress is 65
[Debug] [2025-10-18 12:05:09] The value of Progress is 70
[Debug] [2025-10-18 12:05:11] The value of Progress is 75
[Debug] [2025-10-18 12:05:12] The value of Progress is 80
[Debug] [2025-10-18 12:05:14] The value of Progress is 85
[Debug] [2025-10-18 12:05:15] The value of Progress is 90
[Debug] [2025-10-18 12:05:17] The value of Progress is 95
[Debug] [2025-10-18 12:05:19] The value of Progress is 100
[Debug] [2025-10-18 12:05:19] COMMAND[Program Outer Flash] execute finish, takes 30.6 secs.
[Debug] [2025-10-18 12:05:19] begin to send jtag flash verify cmd
[Debug] [2025-10-18 12:05:19] Send RPC:25
[Debug] [2025-10-18 12:05:19] Begin to send embed flash verify data.
[Debug] [2025-10-18 12:05:19] Begin to send flash verify data.
[Debug] [2025-10-18 12:05:19] End to send flash verify data.
[Debug] [2025-10-18 12:05:19] End to send embed flash verify data.
[Debug] [2025-10-18 12:05:19] Send cmd [Verify Outer Flash:20303] OK
[Debug] [2025-10-18 12:05:19] Log::Print : COMMAND[Program Outer Flash] execute finish, takes 30.6 secs.
[Debug] [2025-10-18 12:05:19] Log::Print : The start address of operating flash is 0x0.
[Debug] [2025-10-18 12:05:19] The value of Progress is 1
[Debug] [2025-10-18 12:05:19] The value of Progress is 6
[Debug] [2025-10-18 12:05:19] The value of Progress is 10
[Debug] [2025-10-18 12:05:19] The value of Progress is 15
[Debug] [2025-10-18 12:05:19] The value of Progress is 20
[Debug] [2025-10-18 12:05:19] The value of Progress is 25
[Debug] [2025-10-18 12:05:20] The value of Progress is 30
[Debug] [2025-10-18 12:05:20] The value of Progress is 35
[Debug] [2025-10-18 12:05:20] The value of Progress is 40
[Debug] [2025-10-18 12:05:20] The value of Progress is 45
[Debug] [2025-10-18 12:05:20] The value of Progress is 50
[Debug] [2025-10-18 12:05:20] The value of Progress is 55
[Debug] [2025-10-18 12:05:20] The value of Progress is 60
[Debug] [2025-10-18 12:05:20] The value of Progress is 65
[Debug] [2025-10-18 12:05:20] The value of Progress is 70
[Debug] [2025-10-18 12:05:20] The value of Progress is 75
[Debug] [2025-10-18 12:05:20] The value of Progress is 80
[Debug] [2025-10-18 12:05:21] The value of Progress is 85
[Debug] [2025-10-18 12:05:21] The value of Progress is 90
[Debug] [2025-10-18 12:05:21] The value of Progress is 95
[Debug] [2025-10-18 12:05:21] The value of Progress is 100
[Debug] [2025-10-18 12:05:21] COMMAND[Verify Outer Flash] execute successfully, takes 2.2 secs.
[Debug] [2025-10-18 12:05:21] end to send jtag flash verify cmd
[Debug] [2025-10-18 12:05:21] end to send jtag flash program cmd.
[Debug] [2025-10-18 12:05:21] Log::Print : COMMAND[Verify Outer Flash] execute successfully, takes 2.2 secs.
[Debug] [2025-10-18 12:11:52] Begin to Converte file.
[Debug] [2025-10-18 12:11:52] End to Converte file.
[Debug] [2025-10-18 12:11:53] begin to parse sfc file.
[Debug] [2025-10-18 12:11:53] begin to get device info from CFG file...
[Debug] [2025-10-18 12:11:53] end to get device info from CFG file...
[Debug] [2025-10-18 12:11:53] begin to get device info from CFG file...
[Debug] [2025-10-18 12:11:53] end to get device info from CFG file...
[Debug] [2025-10-18 12:11:53] end to parse sfc file.
[Debug] [2025-10-18 12:11:53] Log::Print : The Start Address of bit file D:/Desktop/video_class/camera_demo/FPGA_project/05_camera_pcie_capture_40pin/project/generate_bitstream/image_pcie_capture.sbit: 0x0
[Debug] [2025-10-18 12:11:57] Begin to send scan outer flash cmd...
[Debug] [2025-10-18 12:11:57] Send RPC:26
[Debug] [2025-10-18 12:11:57] Send cmd [Scan Outer SPI Flash:20300] OK
[Debug] [2025-10-18 12:11:57] End to send scan outer flash cmd.
[Error] [2025-10-18 12:12:02] fail to exec Scan Outer SPI Flash cmd...
[Error] [2025-10-18 12:12:02] MsgOut: JtagServer-0336: Flash id is 0x0, maybe the clock frequency is high or this flash is not supported, please reduce the clock frequency of cable or replace with other flash.
[Error] [2025-10-18 12:12:02] MsgOut: Configuration-0008: The command 'Scan Outer SPI Flash' execute fail.
[Debug] [2025-10-18 12:12:03] Begin to operte outer flash through FPGA...
[Error] [2025-10-18 12:12:05] PG2L50H not support this function
[Debug] [2025-10-18 12:12:06] Begin to send scan outer flash cmd...
[Debug] [2025-10-18 12:12:06] Send RPC:27
[Debug] [2025-10-18 12:12:06] Send cmd [Scan Outer SPI Flash:20300] OK
[Debug] [2025-10-18 12:12:06] End to send scan outer flash cmd.
[Debug] [2025-10-18 12:12:06] begin to exec scan jtag flash cmd...
[Debug] [2025-10-18 12:12:06] Begin to initialize JtagFlash for selected FPGA Device...
[Debug] [2025-10-18 12:12:06] Begin to update graphic item and tree item ...
[Debug] [2025-10-18 12:12:06] End to update graphic item and tree item ...
[Info] [2025-10-18 12:12:15] set OpenLastPath: D:/Desktop/video_class/camera_demo/FPGA_project/05_camera_pcie_capture_40pin/project/generate_bitstream/image_pcie_capture.sfc
[Debug] [2025-10-18 12:12:15] begin to check SFC File and Flash Device Read Mode.
[Debug] [2025-10-18 12:12:15] end to check SFC File and Flash Device Read Mode.
[Debug] [2025-10-18 12:12:15] Begin to update graphic item and tree item ...
[Debug] [2025-10-18 12:12:15] End to update graphic item and tree item ...
[Debug] [2025-10-18 12:12:15] End to initialize OuterFlash for selected FPGA Device...
[Debug] [2025-10-18 12:12:15] end to exec scan jtag flash cmd...
[Debug] [2025-10-18 12:12:15] COMMAND[Scan Outer SPI Flash] execute successfully, takes 9.3 secs.
[Debug] [2025-10-18 12:12:15] Log::Print : COMMAND[Scan Outer SPI Flash] execute successfully, takes 9.3 secs.
[Debug] [2025-10-18 12:12:17] begin to send promgram jtag flash cmd.
[Debug] [2025-10-18 12:12:17] begin to send jtag flash erase cmd
[Debug] [2025-10-18 12:12:17] Send RPC:28
[Debug] [2025-10-18 12:12:17] Begin to send embed flash erase data.
[Debug] [2025-10-18 12:12:17] Begin to send flash erase data.
[Debug] [2025-10-18 12:12:17] End to send flash erase data.
[Debug] [2025-10-18 12:12:17] End to send embed flash erase data.
[Debug] [2025-10-18 12:12:17] Send cmd [Erase Outer Flash:20302] OK
[Debug] [2025-10-18 12:12:17] Log::Print : The start address of operating flash is 0x0.
[Debug] [2025-10-18 12:12:17] The value of Progress is 1
[Debug] [2025-10-18 12:12:18] The value of Progress is 6
[Debug] [2025-10-18 12:12:19] The value of Progress is 10
[Debug] [2025-10-18 12:12:19] The value of Progress is 16
[Debug] [2025-10-18 12:12:20] The value of Progress is 20
[Debug] [2025-10-18 12:12:20] The value of Progress is 26
[Debug] [2025-10-18 12:12:21] The value of Progress is 30
[Debug] [2025-10-18 12:12:21] The value of Progress is 36
[Debug] [2025-10-18 12:12:22] The value of Progress is 40
[Debug] [2025-10-18 12:12:22] The value of Progress is 46
[Debug] [2025-10-18 12:12:23] The value of Progress is 50
[Debug] [2025-10-18 12:12:23] The value of Progress is 56
[Debug] [2025-10-18 12:12:24] The value of Progress is 60
[Debug] [2025-10-18 12:12:24] The value of Progress is 66
[Debug] [2025-10-18 12:12:25] The value of Progress is 70
[Debug] [2025-10-18 12:12:25] The value of Progress is 76
[Debug] [2025-10-18 12:12:26] The value of Progress is 80
[Debug] [2025-10-18 12:12:26] The value of Progress is 86
[Debug] [2025-10-18 12:12:27] The value of Progress is 90
[Debug] [2025-10-18 12:12:27] The value of Progress is 96
[Debug] [2025-10-18 12:12:27] The value of Progress is 100
[Debug] [2025-10-18 12:12:27] COMMAND[Erase Outer Flash] execute finish, takes 10.5 secs.
[Debug] [2025-10-18 12:12:27] end to send jtag flash erase cmd.
[Debug] [2025-10-18 12:12:27] Send RPC:29
[Debug] [2025-10-18 12:12:27] Begin to send jtag flash program data.
[Debug] [2025-10-18 12:12:27] Begin to send flash program data.
[Debug] [2025-10-18 12:12:27] End to send flash program data.
[Debug] [2025-10-18 12:12:27] End to send embed flash program data.
[Debug] [2025-10-18 12:12:27] Send cmd [Program Outer Flash:20301] OK
[Debug] [2025-10-18 12:12:27] Log::Print : COMMAND[Erase Outer Flash] execute finish, takes 10.5 secs.
[Debug] [2025-10-18 12:12:27] Log::Print : The start address of operating flash is 0x0.
[Debug] [2025-10-18 12:12:28] The value of Progress is 1
[Debug] [2025-10-18 12:12:29] The value of Progress is 6
[Debug] [2025-10-18 12:12:31] The value of Progress is 10
[Debug] [2025-10-18 12:12:32] The value of Progress is 15
[Debug] [2025-10-18 12:12:34] The value of Progress is 20
[Debug] [2025-10-18 12:12:35] The value of Progress is 25
[Debug] [2025-10-18 12:12:37] The value of Progress is 30
[Debug] [2025-10-18 12:12:38] The value of Progress is 35
[Debug] [2025-10-18 12:12:40] The value of Progress is 40
[Debug] [2025-10-18 12:12:41] The value of Progress is 45
[Debug] [2025-10-18 12:12:43] The value of Progress is 50
[Debug] [2025-10-18 12:12:44] The value of Progress is 55
[Debug] [2025-10-18 12:12:46] The value of Progress is 60
[Debug] [2025-10-18 12:12:47] The value of Progress is 65
[Debug] [2025-10-18 12:12:49] The value of Progress is 70
[Debug] [2025-10-18 12:12:50] The value of Progress is 75
[Debug] [2025-10-18 12:12:52] The value of Progress is 80
[Debug] [2025-10-18 12:12:53] The value of Progress is 85
[Debug] [2025-10-18 12:12:55] The value of Progress is 90
[Debug] [2025-10-18 12:12:56] The value of Progress is 95
[Debug] [2025-10-18 12:12:58] The value of Progress is 100
[Debug] [2025-10-18 12:12:58] COMMAND[Program Outer Flash] execute finish, takes 30.7 secs.
[Debug] [2025-10-18 12:12:58] begin to send jtag flash verify cmd
[Debug] [2025-10-18 12:12:58] Send RPC:30
[Debug] [2025-10-18 12:12:58] Begin to send embed flash verify data.
[Debug] [2025-10-18 12:12:58] Begin to send flash verify data.
[Debug] [2025-10-18 12:12:58] End to send flash verify data.
[Debug] [2025-10-18 12:12:58] End to send embed flash verify data.
[Debug] [2025-10-18 12:12:58] Send cmd [Verify Outer Flash:20303] OK
[Debug] [2025-10-18 12:12:58] Log::Print : COMMAND[Program Outer Flash] execute finish, takes 30.7 secs.
[Debug] [2025-10-18 12:12:58] Log::Print : The start address of operating flash is 0x0.
[Debug] [2025-10-18 12:12:58] The value of Progress is 1
[Debug] [2025-10-18 12:12:58] The value of Progress is 6
[Debug] [2025-10-18 12:12:59] The value of Progress is 10
[Debug] [2025-10-18 12:12:59] The value of Progress is 15
[Debug] [2025-10-18 12:12:59] The value of Progress is 20
[Debug] [2025-10-18 12:12:59] The value of Progress is 25
[Debug] [2025-10-18 12:12:59] The value of Progress is 30
[Debug] [2025-10-18 12:12:59] The value of Progress is 35
[Debug] [2025-10-18 12:12:59] The value of Progress is 40
[Debug] [2025-10-18 12:12:59] The value of Progress is 45
[Debug] [2025-10-18 12:12:59] The value of Progress is 50
[Debug] [2025-10-18 12:12:59] The value of Progress is 55
[Debug] [2025-10-18 12:13:00] The value of Progress is 60
[Debug] [2025-10-18 12:13:00] The value of Progress is 65
[Debug] [2025-10-18 12:13:00] The value of Progress is 70
[Debug] [2025-10-18 12:13:00] The value of Progress is 75
[Debug] [2025-10-18 12:13:00] The value of Progress is 80
[Debug] [2025-10-18 12:13:00] The value of Progress is 85
[Debug] [2025-10-18 12:13:00] The value of Progress is 90
[Debug] [2025-10-18 12:13:00] The value of Progress is 95
[Debug] [2025-10-18 12:13:00] The value of Progress is 100
[Debug] [2025-10-18 12:13:00] COMMAND[Verify Outer Flash] execute successfully, takes 2.2 secs.
[Debug] [2025-10-18 12:13:00] end to send jtag flash verify cmd
[Debug] [2025-10-18 12:13:00] end to send jtag flash program cmd.
[Debug] [2025-10-18 12:13:00] Log::Print : COMMAND[Verify Outer Flash] execute successfully, takes 2.2 secs.
[Debug] [2025-10-18 12:15:30] Begin to send scan outer flash cmd...
[Debug] [2025-10-18 12:15:30] Send RPC:31
[Debug] [2025-10-18 12:15:30] Send cmd [Scan Outer SPI Flash:20300] OK
[Debug] [2025-10-18 12:15:30] End to send scan outer flash cmd.
[Debug] [2025-10-18 12:15:30] begin to exec scan jtag flash cmd...
[Debug] [2025-10-18 12:15:30] Begin to initialize JtagFlash for selected FPGA Device...
[Debug] [2025-10-18 12:15:30] Begin to update graphic item and tree item ...
[Debug] [2025-10-18 12:15:30] End to update graphic item and tree item ...
[Info] [2025-10-18 12:15:44] set OpenLastPath: D:/Desktop/video_class/camera_demo/FPGA_project/05_camera_pcie_capture_40pin/project/generate_bitstream/image_pcie_capture.sfc
[Debug] [2025-10-18 12:15:44] begin to check SFC File and Flash Device Read Mode.
[Debug] [2025-10-18 12:15:44] end to check SFC File and Flash Device Read Mode.
[Debug] [2025-10-18 12:15:44] Begin to update graphic item and tree item ...
[Debug] [2025-10-18 12:15:44] End to update graphic item and tree item ...
[Debug] [2025-10-18 12:15:44] End to initialize OuterFlash for selected FPGA Device...
[Debug] [2025-10-18 12:15:44] end to exec scan jtag flash cmd...
[Debug] [2025-10-18 12:15:44] COMMAND[Scan Outer SPI Flash] execute successfully, takes 14.3 secs.
[Debug] [2025-10-18 12:15:44] Log::Print : COMMAND[Scan Outer SPI Flash] execute successfully, takes 14.3 secs.
[Debug] [2025-10-18 12:15:46] begin to send promgram jtag flash cmd.
[Debug] [2025-10-18 12:15:46] begin to send jtag flash erase cmd
[Debug] [2025-10-18 12:15:46] Send RPC:32
[Debug] [2025-10-18 12:15:46] Begin to send embed flash erase data.
[Debug] [2025-10-18 12:15:46] Begin to send flash erase data.
[Debug] [2025-10-18 12:15:46] End to send flash erase data.
[Debug] [2025-10-18 12:15:46] End to send embed flash erase data.
[Debug] [2025-10-18 12:15:46] Send cmd [Erase Outer Flash:20302] OK
[Debug] [2025-10-18 12:15:46] Log::Print : The start address of operating flash is 0x0.
[Debug] [2025-10-18 12:15:46] The value of Progress is 1
[Debug] [2025-10-18 12:15:47] The value of Progress is 6
[Debug] [2025-10-18 12:15:48] The value of Progress is 10
[Debug] [2025-10-18 12:15:48] The value of Progress is 16
[Debug] [2025-10-18 12:15:49] The value of Progress is 20
[Debug] [2025-10-18 12:15:49] The value of Progress is 26
[Debug] [2025-10-18 12:15:50] The value of Progress is 30
[Debug] [2025-10-18 12:15:50] The value of Progress is 36
[Debug] [2025-10-18 12:15:51] The value of Progress is 40
[Debug] [2025-10-18 12:15:51] The value of Progress is 46
[Debug] [2025-10-18 12:15:52] The value of Progress is 50
[Debug] [2025-10-18 12:15:53] The value of Progress is 56
[Debug] [2025-10-18 12:15:53] The value of Progress is 60
[Debug] [2025-10-18 12:15:53] The value of Progress is 66
[Debug] [2025-10-18 12:15:54] The value of Progress is 70
[Debug] [2025-10-18 12:15:54] The value of Progress is 76
[Debug] [2025-10-18 12:15:55] The value of Progress is 80
[Debug] [2025-10-18 12:15:55] The value of Progress is 86
[Debug] [2025-10-18 12:15:56] The value of Progress is 90
[Debug] [2025-10-18 12:15:56] The value of Progress is 96
[Debug] [2025-10-18 12:15:56] The value of Progress is 100
[Debug] [2025-10-18 12:15:56] COMMAND[Erase Outer Flash] execute finish, takes 10.3 secs.
[Debug] [2025-10-18 12:15:56] end to send jtag flash erase cmd.
[Debug] [2025-10-18 12:15:56] Send RPC:33
[Debug] [2025-10-18 12:15:56] Begin to send jtag flash program data.
[Debug] [2025-10-18 12:15:56] Begin to send flash program data.
[Debug] [2025-10-18 12:15:56] End to send flash program data.
[Debug] [2025-10-18 12:15:56] End to send embed flash program data.
[Debug] [2025-10-18 12:15:56] Send cmd [Program Outer Flash:20301] OK
[Debug] [2025-10-18 12:15:56] Log::Print : COMMAND[Erase Outer Flash] execute finish, takes 10.3 secs.
[Debug] [2025-10-18 12:15:56] Log::Print : The start address of operating flash is 0x0.
[Debug] [2025-10-18 12:15:57] The value of Progress is 1
[Debug] [2025-10-18 12:15:58] The value of Progress is 6
[Debug] [2025-10-18 12:16:00] The value of Progress is 10
[Debug] [2025-10-18 12:16:01] The value of Progress is 15
[Debug] [2025-10-18 12:16:03] The value of Progress is 20
[Debug] [2025-10-18 12:16:04] The value of Progress is 25
[Debug] [2025-10-18 12:16:06] The value of Progress is 30
[Debug] [2025-10-18 12:16:07] The value of Progress is 35
[Debug] [2025-10-18 12:16:09] The value of Progress is 40
[Debug] [2025-10-18 12:16:10] The value of Progress is 45
[Debug] [2025-10-18 12:16:12] The value of Progress is 50
[Debug] [2025-10-18 12:16:13] The value of Progress is 55
[Debug] [2025-10-18 12:16:15] The value of Progress is 60
[Debug] [2025-10-18 12:16:16] The value of Progress is 65
[Debug] [2025-10-18 12:16:18] The value of Progress is 70
[Debug] [2025-10-18 12:16:19] The value of Progress is 75
[Debug] [2025-10-18 12:16:21] The value of Progress is 80
[Debug] [2025-10-18 12:16:23] The value of Progress is 85
[Debug] [2025-10-18 12:16:24] The value of Progress is 90
[Debug] [2025-10-18 12:16:26] The value of Progress is 95
[Debug] [2025-10-18 12:16:27] The value of Progress is 100
[Debug] [2025-10-18 12:16:27] COMMAND[Program Outer Flash] execute finish, takes 30.7 secs.
[Debug] [2025-10-18 12:16:27] begin to send jtag flash verify cmd
[Debug] [2025-10-18 12:16:27] Send RPC:34
[Debug] [2025-10-18 12:16:27] Begin to send embed flash verify data.
[Debug] [2025-10-18 12:16:27] Begin to send flash verify data.
[Debug] [2025-10-18 12:16:27] End to send flash verify data.
[Debug] [2025-10-18 12:16:27] End to send embed flash verify data.
[Debug] [2025-10-18 12:16:27] Send cmd [Verify Outer Flash:20303] OK
[Debug] [2025-10-18 12:16:27] Log::Print : COMMAND[Program Outer Flash] execute finish, takes 30.7 secs.
[Debug] [2025-10-18 12:16:27] Log::Print : The start address of operating flash is 0x0.
[Debug] [2025-10-18 12:16:27] The value of Progress is 1
[Debug] [2025-10-18 12:16:27] The value of Progress is 6
[Debug] [2025-10-18 12:16:28] The value of Progress is 10
[Debug] [2025-10-18 12:16:28] The value of Progress is 15
[Debug] [2025-10-18 12:16:28] The value of Progress is 20
[Debug] [2025-10-18 12:16:28] The value of Progress is 25
[Debug] [2025-10-18 12:16:28] The value of Progress is 30
[Debug] [2025-10-18 12:16:28] The value of Progress is 35
[Debug] [2025-10-18 12:16:28] The value of Progress is 40
[Debug] [2025-10-18 12:16:28] The value of Progress is 45
[Debug] [2025-10-18 12:16:28] The value of Progress is 50
[Debug] [2025-10-18 12:16:28] The value of Progress is 55
[Debug] [2025-10-18 12:16:29] The value of Progress is 60
[Debug] [2025-10-18 12:16:29] The value of Progress is 65
[Debug] [2025-10-18 12:16:29] The value of Progress is 70
[Debug] [2025-10-18 12:16:29] The value of Progress is 75
[Debug] [2025-10-18 12:16:29] The value of Progress is 80
[Debug] [2025-10-18 12:16:29] The value of Progress is 85
[Debug] [2025-10-18 12:16:29] The value of Progress is 90
[Debug] [2025-10-18 12:16:29] The value of Progress is 95
[Debug] [2025-10-18 12:16:29] The value of Progress is 100
[Debug] [2025-10-18 12:16:29] COMMAND[Verify Outer Flash] execute successfully, takes 2.2 secs.
[Debug] [2025-10-18 12:16:29] end to send jtag flash verify cmd
[Debug] [2025-10-18 12:16:29] end to send jtag flash program cmd.
[Debug] [2025-10-18 12:16:29] Log::Print : COMMAND[Verify Outer Flash] execute successfully, takes 2.2 secs.
[Debug] [2025-10-18 13:13:16] Begin to Converte file.
[Debug] [2025-10-18 13:13:16] End to Converte file.
[Debug] [2025-10-18 13:13:18] begin to parse sfc file.
[Debug] [2025-10-18 13:13:18] begin to get device info from CFG file...
[Debug] [2025-10-18 13:13:18] end to get device info from CFG file...
[Debug] [2025-10-18 13:13:18] begin to get device info from CFG file...
[Debug] [2025-10-18 13:13:18] end to get device info from CFG file...
[Debug] [2025-10-18 13:13:18] end to parse sfc file.
[Debug] [2025-10-18 13:13:18] Log::Print : The Start Address of bit file D:/Desktop/video_class/camera_demo/FPGA_project/05_camera_pcie_capture_40pin/project/generate_bitstream/image_pcie_capture.sbit: 0x0
[Debug] [2025-10-18 13:13:20] begin to send promgram jtag flash cmd.
[Debug] [2025-10-18 13:13:20] begin to send jtag flash erase cmd
[Debug] [2025-10-18 13:13:20] Send RPC:35
[Debug] [2025-10-18 13:13:20] Begin to send embed flash erase data.
[Debug] [2025-10-18 13:13:20] Begin to send flash erase data.
[Debug] [2025-10-18 13:13:20] End to send flash erase data.
[Debug] [2025-10-18 13:13:20] End to send embed flash erase data.
[Debug] [2025-10-18 13:13:20] Send cmd [Erase Outer Flash:20302] OK
[Debug] [2025-10-18 13:13:20] Log::Print : The start address of operating flash is 0x0.
[Debug] [2025-10-18 13:13:20] The value of Progress is 1
[Debug] [2025-10-18 13:13:21] The value of Progress is 6
[Debug] [2025-10-18 13:13:21] The value of Progress is 10
[Debug] [2025-10-18 13:13:22] The value of Progress is 17
[Debug] [2025-10-18 13:13:22] The value of Progress is 20
[Debug] [2025-10-18 13:13:23] The value of Progress is 27
[Debug] [2025-10-18 13:13:23] The value of Progress is 31
[Debug] [2025-10-18 13:13:24] The value of Progress is 37
[Debug] [2025-10-18 13:13:24] The value of Progress is 41
[Debug] [2025-10-18 13:13:25] The value of Progress is 48
[Debug] [2025-10-18 13:13:25] The value of Progress is 51
[Debug] [2025-10-18 13:13:26] The value of Progress is 55
[Debug] [2025-10-18 13:13:26] The value of Progress is 62
[Debug] [2025-10-18 13:13:27] The value of Progress is 65
[Debug] [2025-10-18 13:13:27] The value of Progress is 72
[Debug] [2025-10-18 13:13:28] The value of Progress is 75
[Debug] [2025-10-18 13:13:28] The value of Progress is 82
[Debug] [2025-10-18 13:13:29] The value of Progress is 86
[Debug] [2025-10-18 13:13:29] The value of Progress is 93
[Debug] [2025-10-18 13:13:30] The value of Progress is 96
[Debug] [2025-10-18 13:13:30] The value of Progress is 100
[Debug] [2025-10-18 13:13:30] COMMAND[Erase Outer Flash] execute finish, takes 10.3 secs.
[Debug] [2025-10-18 13:13:30] end to send jtag flash erase cmd.
[Debug] [2025-10-18 13:13:30] Send RPC:36
[Debug] [2025-10-18 13:13:30] Begin to send jtag flash program data.
[Debug] [2025-10-18 13:13:30] Begin to send flash program data.
[Debug] [2025-10-18 13:13:30] End to send flash program data.
[Debug] [2025-10-18 13:13:30] End to send embed flash program data.
[Debug] [2025-10-18 13:13:30] Send cmd [Program Outer Flash:20301] OK
[Debug] [2025-10-18 13:13:30] Log::Print : COMMAND[Erase Outer Flash] execute finish, takes 10.3 secs.
[Debug] [2025-10-18 13:13:30] Log::Print : The start address of operating flash is 0x0.
[Debug] [2025-10-18 13:13:30] The value of Progress is 1
[Debug] [2025-10-18 13:13:32] The value of Progress is 6
[Debug] [2025-10-18 13:13:33] The value of Progress is 10
[Debug] [2025-10-18 13:13:34] The value of Progress is 15
[Debug] [2025-10-18 13:13:36] The value of Progress is 20
[Debug] [2025-10-18 13:13:37] The value of Progress is 25
[Debug] [2025-10-18 13:13:39] The value of Progress is 30
[Debug] [2025-10-18 13:13:40] The value of Progress is 35
[Debug] [2025-10-18 13:13:42] The value of Progress is 40
[Debug] [2025-10-18 13:13:43] The value of Progress is 45
[Debug] [2025-10-18 13:13:45] The value of Progress is 50
[Debug] [2025-10-18 13:13:46] The value of Progress is 55
[Debug] [2025-10-18 13:13:48] The value of Progress is 60
[Debug] [2025-10-18 13:13:49] The value of Progress is 65
[Debug] [2025-10-18 13:13:51] The value of Progress is 70
[Debug] [2025-10-18 13:13:52] The value of Progress is 75
[Debug] [2025-10-18 13:13:53] The value of Progress is 80
[Debug] [2025-10-18 13:13:55] The value of Progress is 85
[Debug] [2025-10-18 13:13:56] The value of Progress is 90
[Debug] [2025-10-18 13:13:58] The value of Progress is 95
[Debug] [2025-10-18 13:13:59] The value of Progress is 100
[Debug] [2025-10-18 13:14:00] COMMAND[Program Outer Flash] execute finish, takes 29.7 secs.
[Debug] [2025-10-18 13:14:00] begin to send jtag flash verify cmd
[Debug] [2025-10-18 13:14:00] Send RPC:37
[Debug] [2025-10-18 13:14:00] Begin to send embed flash verify data.
[Debug] [2025-10-18 13:14:00] Begin to send flash verify data.
[Debug] [2025-10-18 13:14:00] End to send flash verify data.
[Debug] [2025-10-18 13:14:00] End to send embed flash verify data.
[Debug] [2025-10-18 13:14:00] Send cmd [Verify Outer Flash:20303] OK
[Debug] [2025-10-18 13:14:00] Log::Print : COMMAND[Program Outer Flash] execute finish, takes 29.7 secs.
[Debug] [2025-10-18 13:14:00] Log::Print : The start address of operating flash is 0x0.
[Debug] [2025-10-18 13:14:00] The value of Progress is 1
[Debug] [2025-10-18 13:14:00] The value of Progress is 6
[Debug] [2025-10-18 13:14:00] The value of Progress is 10
[Debug] [2025-10-18 13:14:00] The value of Progress is 15
[Debug] [2025-10-18 13:14:00] The value of Progress is 20
[Debug] [2025-10-18 13:14:00] The value of Progress is 25
[Debug] [2025-10-18 13:14:00] The value of Progress is 30
[Debug] [2025-10-18 13:14:00] The value of Progress is 35
[Debug] [2025-10-18 13:14:01] The value of Progress is 40
[Debug] [2025-10-18 13:14:01] The value of Progress is 45
[Debug] [2025-10-18 13:14:01] The value of Progress is 50
[Debug] [2025-10-18 13:14:01] The value of Progress is 55
[Debug] [2025-10-18 13:14:01] The value of Progress is 60
[Debug] [2025-10-18 13:14:01] The value of Progress is 65
[Debug] [2025-10-18 13:14:01] The value of Progress is 70
[Debug] [2025-10-18 13:14:01] The value of Progress is 75
[Debug] [2025-10-18 13:14:01] The value of Progress is 80
[Debug] [2025-10-18 13:14:01] The value of Progress is 85
[Debug] [2025-10-18 13:14:01] The value of Progress is 90
[Debug] [2025-10-18 13:14:02] The value of Progress is 95
[Debug] [2025-10-18 13:14:02] The value of Progress is 100
[Debug] [2025-10-18 13:14:02] COMMAND[Verify Outer Flash] execute successfully, takes 2.2 secs.
[Debug] [2025-10-18 13:14:02] end to send jtag flash verify cmd
[Debug] [2025-10-18 13:14:02] end to send jtag flash program cmd.
[Debug] [2025-10-18 13:14:02] Log::Print : COMMAND[Verify Outer Flash] execute successfully, takes 2.2 secs.
[Error] [2025-10-18 13:23:30] Server close connect
[Info] [2025-10-18 13:23:30] Disconnect from Server: 127.0.0.1  Port: 65420
[Warn] [2025-10-18 13:23:30] Server is disconnected
[Debug] [2025-10-18 13:23:30] end to connect server
[Debug] [2025-10-18 13:23:30] Server close connect process finish
[Debug] [2025-10-18 13:23:30] Begin to delete graphic item and tree item ...
[Debug] [2025-10-18 13:23:30] Begin to remove all device in BS mode...
[Debug] [2025-10-18 13:23:30] begin remove user device...
[Debug] [2025-10-18 13:23:30] begin remove user device...
[Debug] [2025-10-18 13:23:30] end remove user device.
[Debug] [2025-10-18 13:23:30] Begin to update graphic item and tree item ...
[Debug] [2025-10-18 13:23:30] End to update graphic item and tree item ...
[Debug] [2025-10-18 13:23:30] end remove user device.
[Debug] [2025-10-18 13:23:30] End to remove devices in BS mode...
[Debug] [2025-10-18 13:23:30] Begin to update graphic item and tree item ...
[Debug] [2025-10-18 13:23:30] End to update graphic item and tree item ...
[Debug] [2025-10-18 13:23:30] End to delete graphic item and tree item ...
[Error] [2025-10-18 13:23:30] MsgOut: CdtCommon-0402: Fail to connect to server. 
[Debug] [2025-10-18 13:23:30] Log::Print : Server is disconnect
[Info] [2025-10-18 16:59:29] /***************************Start Configuration***************************/
[Info] [2025-10-18 16:59:29] Path: C:/pango/PDS_2022.2-SP6.4/bin
[Info] [2025-10-18 16:59:29] Version: 146967
[Info] [2025-10-18 16:59:30] Current Path: D:/Desktop/video_class/camera_demo/FPGA_project/05_camera_pcie_capture_40pin/project
[Info] [2025-10-18 16:59:30] PDS Dir Path: D:/Desktop/video_class/camera_demo/FPGA_project/05_camera_pcie_capture_40pin/project
[Debug] [2025-10-18 16:59:35] Begin to Converte file.
[Debug] [2025-10-18 16:59:42] begin to parse sfc file.
[Debug] [2025-10-18 16:59:42] begin to get device info from CFG file...
[Debug] [2025-10-18 16:59:42] end to get device info from CFG file...
[Debug] [2025-10-18 16:59:42] begin to get device info from CFG file...
[Debug] [2025-10-18 16:59:42] end to get device info from CFG file...
[Debug] [2025-10-18 16:59:42] end to parse sfc file.
[Debug] [2025-10-18 16:59:43] Log::Print : The Start Address of bit file D:/Desktop/video_class/camera_demo/FPGA_project/05_camera_pcie_capture_40pin/project/generate_bitstream/image_pcie_capture.sbit: 0x0
[Debug] [2025-10-18 16:59:43] End to Converte file.
[Info] [2025-10-18 16:59:45] Configuration is not connect with server. connect first then scan chain.
[Debug] [2025-10-18 16:59:45] Client Local host name:LAPTOP-EA3TT0M1
[Debug] [2025-10-18 16:59:45] Client Local Address:192.168.101.14
[Debug] [2025-10-18 16:59:45] Server Address:127.0.0.1, Port:65420
[Debug] [2025-10-18 16:59:45] Log::Print : Connecting to server[127.0.0.1 : 65420].
[Info] [2025-10-18 16:59:45] Connect OK, Server: 127.0.0.1  Port: 65420
[Debug] [2025-10-18 16:59:45] Finish.
[Info] [2025-10-18 16:59:45] Connect server succeeded
[Debug] [2025-10-18 16:59:45] Send RPC:1
[Debug] [2025-10-18 16:59:45] Send cmd [check version information:40004] OK
[Debug] [2025-10-18 16:59:45] Log::Print : Connect to server[127.0.0.1 : 65420] successfully.
[Debug] [2025-10-18 16:59:46] Send RPC:2
[Debug] [2025-10-18 16:59:46] Send cmd [get_cable_paras:40010] OK
[Debug] [2025-10-18 16:59:46] Begin to send initialize chain cmd...
[Debug] [2025-10-18 16:59:46] Send RPC:3
[Debug] [2025-10-18 16:59:46] Send cmd [Open config cable:20001] OK
[Debug] [2025-10-18 16:59:46] End to send initialize chain cmd.
[Debug] [2025-10-18 16:59:46] COMMAND[check version information] execute successfully, takes 0.9 secs.
[Debug] [2025-10-18 16:59:46] Log::Print : COMMAND[check version information] execute successfully, takes 0.9 secs.
[Debug] [2025-10-18 16:59:48] COMMAND[get_cable_paras] execute successfully, takes 1.9 secs.
[Debug] [2025-10-18 16:59:48] Log::Print : The cable List : 
Cable index 0:USB Cable II/fffffffffffffffe 

[Debug] [2025-10-18 16:59:48] Log::Print : COMMAND[get_cable_paras] execute successfully, takes 1.9 secs.
[Debug] [2025-10-18 16:59:48] begin the exec of open cable cmd...
[Debug] [2025-10-18 16:59:48] Begin to deal with chain from server...
[Debug] [2025-10-18 16:59:48] Begin to set user chain...
[Debug] [2025-10-18 16:59:48] End to set user chain.
[Debug] [2025-10-18 16:59:48] Begin to update graphic item and tree item ...
[Debug] [2025-10-18 16:59:48] End to update graphic item and tree item ...
[Debug] [2025-10-18 16:59:48] Log::Print : PANGO USB CABLE II cable driver: D2XX DLL
[Debug] [2025-10-18 16:59:48] Log::Print : PG2L50H
[Debug] [2025-10-18 16:59:48] Log::Print : This device configure situation (done bit): 1
[Info] [2025-10-18 16:59:50] set OpenLastPath: D:/Desktop/video_class/camera_demo/FPGA_project/05_camera_pcie_capture_40pin/project/generate_bitstream/image_pcie_capture.sbit
[Debug] [2025-10-18 16:59:50] begin to get device info from CFG file...
[Debug] [2025-10-18 16:59:50] end to get device info from CFG file...
[Debug] [2025-10-18 16:59:50] Begin to update graphic item and tree item ...
[Debug] [2025-10-18 16:59:50] End to update graphic item and tree item ...
[Debug] [2025-10-18 16:59:50] Begin to update graphic item and tree item ...
[Debug] [2025-10-18 16:59:50] End to update graphic item and tree item ...
[Debug] [2025-10-18 16:59:50] End to deal wiht chain from server.
[Debug] [2025-10-18 16:59:50] end the exec of open cable cmd.
[Debug] [2025-10-18 16:59:50] COMMAND[Open config cable] execute successfully, takes 4.2 secs.
[Debug] [2025-10-18 16:59:50] Log::Print : COMMAND[Open config cable] execute successfully, takes 4.2 secs.
[Debug] [2025-10-18 16:59:52] Begin to send scan outer flash cmd...
[Debug] [2025-10-18 16:59:52] Send RPC:4
[Debug] [2025-10-18 16:59:52] Send cmd [Scan Outer SPI Flash:20300] OK
[Debug] [2025-10-18 16:59:52] End to send scan outer flash cmd.
[Debug] [2025-10-18 16:59:52] begin to exec scan jtag flash cmd...
[Debug] [2025-10-18 16:59:52] Begin to initialize JtagFlash for selected FPGA Device...
[Debug] [2025-10-18 16:59:52] Begin to update graphic item and tree item ...
[Debug] [2025-10-18 16:59:52] End to update graphic item and tree item ...
[Info] [2025-10-18 16:59:54] set OpenLastPath: D:/Desktop/video_class/camera_demo/FPGA_project/05_camera_pcie_capture_40pin/project/generate_bitstream/image_pcie_capture.sfc
[Debug] [2025-10-18 16:59:54] begin to check SFC File and Flash Device Read Mode.
[Debug] [2025-10-18 16:59:54] end to check SFC File and Flash Device Read Mode.
[Debug] [2025-10-18 16:59:54] Begin to update graphic item and tree item ...
[Debug] [2025-10-18 16:59:54] End to update graphic item and tree item ...
[Debug] [2025-10-18 16:59:54] End to initialize OuterFlash for selected FPGA Device...
[Debug] [2025-10-18 16:59:54] end to exec scan jtag flash cmd...
[Debug] [2025-10-18 16:59:54] COMMAND[Scan Outer SPI Flash] execute successfully, takes 1.9 secs.
[Debug] [2025-10-18 16:59:54] Log::Print : COMMAND[Scan Outer SPI Flash] execute successfully, takes 1.9 secs.
[Debug] [2025-10-18 16:59:55] begin to send promgram jtag flash cmd.
[Debug] [2025-10-18 16:59:55] begin to send jtag flash erase cmd
[Debug] [2025-10-18 16:59:55] Send RPC:5
[Debug] [2025-10-18 16:59:55] Begin to send embed flash erase data.
[Debug] [2025-10-18 16:59:55] Begin to send flash erase data.
[Debug] [2025-10-18 16:59:55] End to send flash erase data.
[Debug] [2025-10-18 16:59:55] End to send embed flash erase data.
[Debug] [2025-10-18 16:59:55] Send cmd [Erase Outer Flash:20302] OK
[Debug] [2025-10-18 16:59:55] Log::Print : The start address of operating flash is 0x0.
[Debug] [2025-10-18 16:59:55] The value of Progress is 1
[Debug] [2025-10-18 16:59:56] The value of Progress is 7
[Debug] [2025-10-18 16:59:57] The value of Progress is 10
[Debug] [2025-10-18 16:59:57] The value of Progress is 17
[Debug] [2025-10-18 16:59:58] The value of Progress is 21
[Debug] [2025-10-18 16:59:58] The value of Progress is 25
[Debug] [2025-10-18 16:59:59] The value of Progress is 32
[Debug] [2025-10-18 16:59:59] The value of Progress is 35
[Debug] [2025-10-18 17:00:00] The value of Progress is 42
[Debug] [2025-10-18 17:00:00] The value of Progress is 46
[Debug] [2025-10-18 17:00:01] The value of Progress is 50
[Debug] [2025-10-18 17:00:01] The value of Progress is 57
[Debug] [2025-10-18 17:00:02] The value of Progress is 60
[Debug] [2025-10-18 17:00:02] The value of Progress is 67
[Debug] [2025-10-18 17:00:03] The value of Progress is 71
[Debug] [2025-10-18 17:00:03] The value of Progress is 75
[Debug] [2025-10-18 17:00:04] The value of Progress is 82
[Debug] [2025-10-18 17:00:04] The value of Progress is 85
[Debug] [2025-10-18 17:00:05] The value of Progress is 92
[Debug] [2025-10-18 17:00:05] The value of Progress is 96
[Debug] [2025-10-18 17:00:05] The value of Progress is 100
[Debug] [2025-10-18 17:00:05] COMMAND[Erase Outer Flash] execute finish, takes 10.0 secs.
[Debug] [2025-10-18 17:00:05] end to send jtag flash erase cmd.
[Debug] [2025-10-18 17:00:05] Send RPC:6
[Debug] [2025-10-18 17:00:05] Begin to send jtag flash program data.
[Debug] [2025-10-18 17:00:05] Begin to send flash program data.
[Debug] [2025-10-18 17:00:05] End to send flash program data.
[Debug] [2025-10-18 17:00:05] End to send embed flash program data.
[Debug] [2025-10-18 17:00:05] Send cmd [Program Outer Flash:20301] OK
[Debug] [2025-10-18 17:00:05] Log::Print : COMMAND[Erase Outer Flash] execute finish, takes 10.0 secs.
[Debug] [2025-10-18 17:00:05] Log::Print : The start address of operating flash is 0x0.
[Debug] [2025-10-18 17:00:05] The value of Progress is 1
[Debug] [2025-10-18 17:00:07] The value of Progress is 6
[Debug] [2025-10-18 17:00:08] The value of Progress is 10
[Debug] [2025-10-18 17:00:09] The value of Progress is 15
[Debug] [2025-10-18 17:00:11] The value of Progress is 20
[Debug] [2025-10-18 17:00:12] The value of Progress is 25
[Debug] [2025-10-18 17:00:14] The value of Progress is 30
[Debug] [2025-10-18 17:00:15] The value of Progress is 35
[Debug] [2025-10-18 17:00:17] The value of Progress is 40
[Debug] [2025-10-18 17:00:18] The value of Progress is 45
[Debug] [2025-10-18 17:00:19] The value of Progress is 50
[Debug] [2025-10-18 17:00:21] The value of Progress is 55
[Debug] [2025-10-18 17:00:22] The value of Progress is 60
[Debug] [2025-10-18 17:00:24] The value of Progress is 65
[Debug] [2025-10-18 17:00:25] The value of Progress is 70
[Debug] [2025-10-18 17:00:27] The value of Progress is 75
[Debug] [2025-10-18 17:00:28] The value of Progress is 80
[Debug] [2025-10-18 17:00:29] The value of Progress is 85
[Debug] [2025-10-18 17:00:31] The value of Progress is 90
[Debug] [2025-10-18 17:00:32] The value of Progress is 95
[Debug] [2025-10-18 17:00:34] The value of Progress is 100
[Debug] [2025-10-18 17:00:34] COMMAND[Program Outer Flash] execute finish, takes 29.0 secs.
[Debug] [2025-10-18 17:00:34] begin to send jtag flash verify cmd
[Debug] [2025-10-18 17:00:34] Send RPC:7
[Debug] [2025-10-18 17:00:34] Begin to send embed flash verify data.
[Debug] [2025-10-18 17:00:34] Begin to send flash verify data.
[Debug] [2025-10-18 17:00:34] End to send flash verify data.
[Debug] [2025-10-18 17:00:34] End to send embed flash verify data.
[Debug] [2025-10-18 17:00:34] Send cmd [Verify Outer Flash:20303] OK
[Debug] [2025-10-18 17:00:34] Log::Print : COMMAND[Program Outer Flash] execute finish, takes 29.0 secs.
[Debug] [2025-10-18 17:00:34] Log::Print : The start address of operating flash is 0x0.
[Debug] [2025-10-18 17:00:34] The value of Progress is 1
[Debug] [2025-10-18 17:00:34] The value of Progress is 6
[Debug] [2025-10-18 17:00:34] The value of Progress is 10
[Debug] [2025-10-18 17:00:34] The value of Progress is 15
[Debug] [2025-10-18 17:00:35] The value of Progress is 20
[Debug] [2025-10-18 17:00:35] The value of Progress is 25
[Debug] [2025-10-18 17:00:35] The value of Progress is 30
[Debug] [2025-10-18 17:00:35] The value of Progress is 35
[Debug] [2025-10-18 17:00:35] The value of Progress is 40
[Debug] [2025-10-18 17:00:35] The value of Progress is 45
[Debug] [2025-10-18 17:00:35] The value of Progress is 50
[Debug] [2025-10-18 17:00:35] The value of Progress is 55
[Debug] [2025-10-18 17:00:35] The value of Progress is 60
[Debug] [2025-10-18 17:00:35] The value of Progress is 65
[Debug] [2025-10-18 17:00:35] The value of Progress is 70
[Debug] [2025-10-18 17:00:36] The value of Progress is 75
[Debug] [2025-10-18 17:00:36] The value of Progress is 80
[Debug] [2025-10-18 17:00:36] The value of Progress is 85
[Debug] [2025-10-18 17:00:36] The value of Progress is 90
[Debug] [2025-10-18 17:00:36] The value of Progress is 95
[Debug] [2025-10-18 17:00:36] The value of Progress is 100
[Debug] [2025-10-18 17:00:36] COMMAND[Verify Outer Flash] execute successfully, takes 2.3 secs.
[Debug] [2025-10-18 17:00:36] end to send jtag flash verify cmd
[Debug] [2025-10-18 17:00:36] end to send jtag flash program cmd.
[Debug] [2025-10-18 17:00:36] Log::Print : COMMAND[Verify Outer Flash] execute successfully, takes 2.3 secs.
[Debug] [2025-10-18 17:11:35] Begin to send initialize chain cmd...
[Debug] [2025-10-18 17:11:35] Send RPC:8
[Debug] [2025-10-18 17:11:35] Send cmd [Open config cable:20001] OK
[Debug] [2025-10-18 17:11:35] End to send initialize chain cmd.
[Debug] [2025-10-18 17:11:35] begin the exec of open cable cmd...
[Debug] [2025-10-18 17:11:35] Begin to deal with chain from server...
[Debug] [2025-10-18 17:11:35] Begin to set user chain...
[Debug] [2025-10-18 17:11:35] End to set user chain.
[Debug] [2025-10-18 17:11:35] Begin to update graphic item and tree item ...
[Debug] [2025-10-18 17:11:35] End to update graphic item and tree item ...
[Debug] [2025-10-18 17:11:35] Log::Print : PANGO USB CABLE II cable driver: D2XX DLL
[Debug] [2025-10-18 17:11:35] Log::Print : PG2L50H
[Debug] [2025-10-18 17:11:35] Log::Print : This device configure situation (done bit): 1
[Info] [2025-10-18 17:11:37] set OpenLastPath: D:/Desktop/video_class/camera_demo/FPGA_project/05_camera_pcie_capture_40pin/project/generate_bitstream/image_pcie_capture.sbit
[Debug] [2025-10-18 17:11:37] begin to get device info from CFG file...
[Debug] [2025-10-18 17:11:37] end to get device info from CFG file...
[Debug] [2025-10-18 17:11:37] Begin to update graphic item and tree item ...
[Debug] [2025-10-18 17:11:37] End to update graphic item and tree item ...
[Debug] [2025-10-18 17:11:37] Begin to update graphic item and tree item ...
[Debug] [2025-10-18 17:11:37] End to update graphic item and tree item ...
[Debug] [2025-10-18 17:11:37] End to deal wiht chain from server.
[Debug] [2025-10-18 17:11:37] end the exec of open cable cmd.
[Debug] [2025-10-18 17:11:37] COMMAND[Open config cable] execute successfully, takes 2.0 secs.
[Debug] [2025-10-18 17:11:37] Log::Print : COMMAND[Open config cable] execute successfully, takes 2.0 secs.
[Debug] [2025-10-18 17:11:38] Begin to Converte file.
[Debug] [2025-10-18 17:11:38] End to Converte file.
[Debug] [2025-10-18 17:11:40] begin to parse sfc file.
[Debug] [2025-10-18 17:11:40] begin to get device info from CFG file...
[Debug] [2025-10-18 17:11:40] end to get device info from CFG file...
[Debug] [2025-10-18 17:11:40] begin to get device info from CFG file...
[Debug] [2025-10-18 17:11:40] end to get device info from CFG file...
[Debug] [2025-10-18 17:11:40] end to parse sfc file.
[Debug] [2025-10-18 17:11:40] Log::Print : The Start Address of bit file D:/Desktop/video_class/camera_demo/FPGA_project/05_camera_pcie_capture_40pin/project/generate_bitstream/image_pcie_capture.sbit: 0x0
[Debug] [2025-10-18 17:11:43] Begin to send scan outer flash cmd...
[Debug] [2025-10-18 17:11:43] Send RPC:9
[Debug] [2025-10-18 17:11:43] Send cmd [Scan Outer SPI Flash:20300] OK
[Debug] [2025-10-18 17:11:43] End to send scan outer flash cmd.
[Debug] [2025-10-18 17:11:44] begin to exec scan jtag flash cmd...
[Debug] [2025-10-18 17:11:44] Begin to initialize JtagFlash for selected FPGA Device...
[Debug] [2025-10-18 17:11:44] Begin to update graphic item and tree item ...
[Debug] [2025-10-18 17:11:44] End to update graphic item and tree item ...
[Info] [2025-10-18 17:11:46] set OpenLastPath: D:/Desktop/video_class/camera_demo/FPGA_project/05_camera_pcie_capture_40pin/project/generate_bitstream/image_pcie_capture.sfc
[Debug] [2025-10-18 17:11:46] begin to check SFC File and Flash Device Read Mode.
[Debug] [2025-10-18 17:11:46] end to check SFC File and Flash Device Read Mode.
[Debug] [2025-10-18 17:11:46] Begin to update graphic item and tree item ...
[Debug] [2025-10-18 17:11:46] End to update graphic item and tree item ...
[Debug] [2025-10-18 17:11:46] End to initialize OuterFlash for selected FPGA Device...
[Debug] [2025-10-18 17:11:46] end to exec scan jtag flash cmd...
[Debug] [2025-10-18 17:11:46] COMMAND[Scan Outer SPI Flash] execute successfully, takes 2.5 secs.
[Debug] [2025-10-18 17:11:46] Log::Print : COMMAND[Scan Outer SPI Flash] execute successfully, takes 2.5 secs.
[Debug] [2025-10-18 17:11:47] begin to send promgram jtag flash cmd.
[Debug] [2025-10-18 17:11:47] begin to send jtag flash erase cmd
[Debug] [2025-10-18 17:11:47] Send RPC:10
[Debug] [2025-10-18 17:11:47] Begin to send embed flash erase data.
[Debug] [2025-10-18 17:11:47] Begin to send flash erase data.
[Debug] [2025-10-18 17:11:47] End to send flash erase data.
[Debug] [2025-10-18 17:11:47] End to send embed flash erase data.
[Debug] [2025-10-18 17:11:47] Send cmd [Erase Outer Flash:20302] OK
[Debug] [2025-10-18 17:11:47] Log::Print : The start address of operating flash is 0x0.
[Debug] [2025-10-18 17:11:47] The value of Progress is 1
[Debug] [2025-10-18 17:11:48] The value of Progress is 6
[Debug] [2025-10-18 17:11:48] The value of Progress is 10
[Debug] [2025-10-18 17:11:49] The value of Progress is 17
[Debug] [2025-10-18 17:11:49] The value of Progress is 20
[Debug] [2025-10-18 17:11:50] The value of Progress is 27
[Debug] [2025-10-18 17:11:50] The value of Progress is 31
[Debug] [2025-10-18 17:11:51] The value of Progress is 37
[Debug] [2025-10-18 17:11:52] The value of Progress is 41
[Debug] [2025-10-18 17:11:52] The value of Progress is 48
[Debug] [2025-10-18 17:11:53] The value of Progress is 51
[Debug] [2025-10-18 17:11:53] The value of Progress is 55
[Debug] [2025-10-18 17:11:54] The value of Progress is 62
[Debug] [2025-10-18 17:11:54] The value of Progress is 65
[Debug] [2025-10-18 17:11:55] The value of Progress is 72
[Debug] [2025-10-18 17:11:55] The value of Progress is 75
[Debug] [2025-10-18 17:11:56] The value of Progress is 82
[Debug] [2025-10-18 17:11:56] The value of Progress is 86
[Debug] [2025-10-18 17:11:57] The value of Progress is 93
[Debug] [2025-10-18 17:11:57] The value of Progress is 96
[Debug] [2025-10-18 17:11:57] The value of Progress is 100
[Debug] [2025-10-18 17:11:57] COMMAND[Erase Outer Flash] execute finish, takes 10.6 secs.
[Debug] [2025-10-18 17:11:57] end to send jtag flash erase cmd.
[Debug] [2025-10-18 17:11:57] Send RPC:11
[Debug] [2025-10-18 17:11:57] Begin to send jtag flash program data.
[Debug] [2025-10-18 17:11:57] Begin to send flash program data.
[Debug] [2025-10-18 17:11:57] End to send flash program data.
[Debug] [2025-10-18 17:11:57] End to send embed flash program data.
[Debug] [2025-10-18 17:11:57] Send cmd [Program Outer Flash:20301] OK
[Debug] [2025-10-18 17:11:57] Log::Print : COMMAND[Erase Outer Flash] execute finish, takes 10.6 secs.
[Debug] [2025-10-18 17:11:57] Log::Print : The start address of operating flash is 0x0.
[Debug] [2025-10-18 17:11:57] The value of Progress is 1
[Debug] [2025-10-18 17:11:59] The value of Progress is 6
[Debug] [2025-10-18 17:12:00] The value of Progress is 10
[Debug] [2025-10-18 17:12:02] The value of Progress is 15
[Debug] [2025-10-18 17:12:03] The value of Progress is 20
[Debug] [2025-10-18 17:12:05] The value of Progress is 25
[Debug] [2025-10-18 17:12:06] The value of Progress is 30
[Debug] [2025-10-18 17:12:08] The value of Progress is 35
[Debug] [2025-10-18 17:12:09] The value of Progress is 40
[Debug] [2025-10-18 17:12:11] The value of Progress is 45
[Debug] [2025-10-18 17:12:12] The value of Progress is 50
[Debug] [2025-10-18 17:12:14] The value of Progress is 55
[Debug] [2025-10-18 17:12:15] The value of Progress is 60
[Debug] [2025-10-18 17:12:17] The value of Progress is 65
[Debug] [2025-10-18 17:12:18] The value of Progress is 70
[Debug] [2025-10-18 17:12:19] The value of Progress is 75
[Debug] [2025-10-18 17:12:21] The value of Progress is 80
[Debug] [2025-10-18 17:12:22] The value of Progress is 85
[Debug] [2025-10-18 17:12:24] The value of Progress is 90
[Debug] [2025-10-18 17:12:25] The value of Progress is 95
[Debug] [2025-10-18 17:12:27] The value of Progress is 100
[Debug] [2025-10-18 17:12:27] COMMAND[Program Outer Flash] execute finish, takes 29.7 secs.
[Debug] [2025-10-18 17:12:27] begin to send jtag flash verify cmd
[Debug] [2025-10-18 17:12:27] Send RPC:12
[Debug] [2025-10-18 17:12:27] Begin to send embed flash verify data.
[Debug] [2025-10-18 17:12:27] Begin to send flash verify data.
[Debug] [2025-10-18 17:12:27] End to send flash verify data.
[Debug] [2025-10-18 17:12:27] End to send embed flash verify data.
[Debug] [2025-10-18 17:12:27] Send cmd [Verify Outer Flash:20303] OK
[Debug] [2025-10-18 17:12:27] Log::Print : COMMAND[Program Outer Flash] execute finish, takes 29.7 secs.
[Debug] [2025-10-18 17:12:27] Log::Print : The start address of operating flash is 0x0.
[Debug] [2025-10-18 17:12:27] The value of Progress is 1
[Debug] [2025-10-18 17:12:27] The value of Progress is 6
[Debug] [2025-10-18 17:12:27] The value of Progress is 10
[Debug] [2025-10-18 17:12:27] The value of Progress is 15
[Debug] [2025-10-18 17:12:27] The value of Progress is 20
[Debug] [2025-10-18 17:12:28] The value of Progress is 25
[Debug] [2025-10-18 17:12:28] The value of Progress is 30
[Debug] [2025-10-18 17:12:28] The value of Progress is 35
[Debug] [2025-10-18 17:12:28] The value of Progress is 40
[Debug] [2025-10-18 17:12:28] The value of Progress is 45
[Debug] [2025-10-18 17:12:28] The value of Progress is 50
[Debug] [2025-10-18 17:12:28] The value of Progress is 55
[Debug] [2025-10-18 17:12:28] The value of Progress is 60
[Debug] [2025-10-18 17:12:28] The value of Progress is 65
[Debug] [2025-10-18 17:12:28] The value of Progress is 70
[Debug] [2025-10-18 17:12:29] The value of Progress is 75
[Debug] [2025-10-18 17:12:29] The value of Progress is 80
[Debug] [2025-10-18 17:12:29] The value of Progress is 85
[Debug] [2025-10-18 17:12:29] The value of Progress is 90
[Debug] [2025-10-18 17:12:29] The value of Progress is 95
[Debug] [2025-10-18 17:12:29] The value of Progress is 100
[Debug] [2025-10-18 17:12:29] COMMAND[Verify Outer Flash] execute successfully, takes 2.2 secs.
[Debug] [2025-10-18 17:12:29] end to send jtag flash verify cmd
[Debug] [2025-10-18 17:12:29] end to send jtag flash program cmd.
[Debug] [2025-10-18 17:12:29] Log::Print : COMMAND[Verify Outer Flash] execute successfully, takes 2.2 secs.
[Debug] [2025-10-18 17:55:28] Begin to Converte file.
[Debug] [2025-10-18 17:55:28] End to Converte file.
[Debug] [2025-10-18 17:55:30] begin to parse sfc file.
[Debug] [2025-10-18 17:55:30] begin to get device info from CFG file...
[Debug] [2025-10-18 17:55:30] end to get device info from CFG file...
[Debug] [2025-10-18 17:55:30] begin to get device info from CFG file...
[Debug] [2025-10-18 17:55:30] end to get device info from CFG file...
[Debug] [2025-10-18 17:55:30] end to parse sfc file.
[Debug] [2025-10-18 17:55:30] Log::Print : The Start Address of bit file D:/Desktop/video_class/camera_demo/FPGA_project/05_camera_pcie_capture_40pin/project/generate_bitstream/image_pcie_capture.sbit: 0x0
[Debug] [2025-10-18 17:55:34] begin to send promgram jtag flash cmd.
[Debug] [2025-10-18 17:55:34] begin to send jtag flash erase cmd
[Debug] [2025-10-18 17:55:34] Send RPC:13
[Debug] [2025-10-18 17:55:34] Begin to send embed flash erase data.
[Debug] [2025-10-18 17:55:34] Begin to send flash erase data.
[Debug] [2025-10-18 17:55:34] End to send flash erase data.
[Debug] [2025-10-18 17:55:34] End to send embed flash erase data.
[Debug] [2025-10-18 17:55:34] Send cmd [Erase Outer Flash:20302] OK
[Debug] [2025-10-18 17:55:34] Log::Print : The start address of operating flash is 0x0.
[Debug] [2025-10-18 17:55:34] The value of Progress is 1
[Debug] [2025-10-18 17:55:35] The value of Progress is 6
[Debug] [2025-10-18 17:55:36] The value of Progress is 10
[Debug] [2025-10-18 17:55:37] The value of Progress is 16
[Debug] [2025-10-18 17:55:37] The value of Progress is 20
[Debug] [2025-10-18 17:55:38] The value of Progress is 26
[Debug] [2025-10-18 17:55:38] The value of Progress is 30
[Debug] [2025-10-18 17:55:39] The value of Progress is 36
[Debug] [2025-10-18 17:55:39] The value of Progress is 40
[Debug] [2025-10-18 17:55:40] The value of Progress is 46
[Debug] [2025-10-18 17:55:40] The value of Progress is 50
[Debug] [2025-10-18 17:55:41] The value of Progress is 56
[Debug] [2025-10-18 17:55:41] The value of Progress is 60
[Debug] [2025-10-18 17:55:42] The value of Progress is 66
[Debug] [2025-10-18 17:55:42] The value of Progress is 70
[Debug] [2025-10-18 17:55:43] The value of Progress is 76
[Debug] [2025-10-18 17:55:43] The value of Progress is 80
[Debug] [2025-10-18 17:55:44] The value of Progress is 86
[Debug] [2025-10-18 17:55:44] The value of Progress is 90
[Debug] [2025-10-18 17:55:45] The value of Progress is 96
[Debug] [2025-10-18 17:55:45] The value of Progress is 100
[Debug] [2025-10-18 17:55:45] COMMAND[Erase Outer Flash] execute finish, takes 10.6 secs.
[Debug] [2025-10-18 17:55:45] end to send jtag flash erase cmd.
[Debug] [2025-10-18 17:55:45] Send RPC:14
[Debug] [2025-10-18 17:55:45] Begin to send jtag flash program data.
[Debug] [2025-10-18 17:55:45] Begin to send flash program data.
[Debug] [2025-10-18 17:55:45] End to send flash program data.
[Debug] [2025-10-18 17:55:45] End to send embed flash program data.
[Debug] [2025-10-18 17:55:45] Send cmd [Program Outer Flash:20301] OK
[Debug] [2025-10-18 17:55:45] Log::Print : COMMAND[Erase Outer Flash] execute finish, takes 10.6 secs.
[Debug] [2025-10-18 17:55:45] Log::Print : The start address of operating flash is 0x0.
[Debug] [2025-10-18 17:55:45] The value of Progress is 1
[Debug] [2025-10-18 17:55:47] The value of Progress is 6
[Debug] [2025-10-18 17:55:48] The value of Progress is 10
[Debug] [2025-10-18 17:55:49] The value of Progress is 15
[Debug] [2025-10-18 17:55:51] The value of Progress is 20
[Debug] [2025-10-18 17:55:53] The value of Progress is 25
[Debug] [2025-10-18 17:55:54] The value of Progress is 30
[Debug] [2025-10-18 17:55:56] The value of Progress is 35
[Debug] [2025-10-18 17:55:57] The value of Progress is 40
[Debug] [2025-10-18 17:55:59] The value of Progress is 45
[Debug] [2025-10-18 17:56:00] The value of Progress is 50
[Debug] [2025-10-18 17:56:02] The value of Progress is 55
[Debug] [2025-10-18 17:56:03] The value of Progress is 60
[Debug] [2025-10-18 17:56:05] The value of Progress is 65
[Debug] [2025-10-18 17:56:06] The value of Progress is 70
[Debug] [2025-10-18 17:56:08] The value of Progress is 75
[Debug] [2025-10-18 17:56:09] The value of Progress is 80
[Debug] [2025-10-18 17:56:11] The value of Progress is 85
[Debug] [2025-10-18 17:56:12] The value of Progress is 90
[Debug] [2025-10-18 17:56:14] The value of Progress is 95
[Debug] [2025-10-18 17:56:15] The value of Progress is 100
[Debug] [2025-10-18 17:56:16] COMMAND[Program Outer Flash] execute finish, takes 30.8 secs.
[Debug] [2025-10-18 17:56:16] begin to send jtag flash verify cmd
[Debug] [2025-10-18 17:56:16] Send RPC:15
[Debug] [2025-10-18 17:56:16] Begin to send embed flash verify data.
[Debug] [2025-10-18 17:56:16] Begin to send flash verify data.
[Debug] [2025-10-18 17:56:16] End to send flash verify data.
[Debug] [2025-10-18 17:56:16] End to send embed flash verify data.
[Debug] [2025-10-18 17:56:16] Send cmd [Verify Outer Flash:20303] OK
[Debug] [2025-10-18 17:56:16] Log::Print : COMMAND[Program Outer Flash] execute finish, takes 30.8 secs.
[Debug] [2025-10-18 17:56:16] Log::Print : The start address of operating flash is 0x0.
[Debug] [2025-10-18 17:56:16] The value of Progress is 1
[Debug] [2025-10-18 17:56:16] The value of Progress is 6
[Debug] [2025-10-18 17:56:16] The value of Progress is 10
[Debug] [2025-10-18 17:56:16] The value of Progress is 15
[Debug] [2025-10-18 17:56:16] The value of Progress is 20
[Debug] [2025-10-18 17:56:16] The value of Progress is 25
[Debug] [2025-10-18 17:56:16] The value of Progress is 30
[Debug] [2025-10-18 17:56:16] The value of Progress is 35
[Debug] [2025-10-18 17:56:16] The value of Progress is 40
[Debug] [2025-10-18 17:56:17] The value of Progress is 45
[Debug] [2025-10-18 17:56:17] The value of Progress is 50
[Debug] [2025-10-18 17:56:17] The value of Progress is 55
[Debug] [2025-10-18 17:56:17] The value of Progress is 60
[Debug] [2025-10-18 17:56:17] The value of Progress is 65
[Debug] [2025-10-18 17:56:17] The value of Progress is 70
[Debug] [2025-10-18 17:56:17] The value of Progress is 75
[Debug] [2025-10-18 17:56:17] The value of Progress is 80
[Debug] [2025-10-18 17:56:17] The value of Progress is 85
[Debug] [2025-10-18 17:56:17] The value of Progress is 90
[Debug] [2025-10-18 17:56:18] The value of Progress is 95
[Debug] [2025-10-18 17:56:18] The value of Progress is 100
[Debug] [2025-10-18 17:56:18] COMMAND[Verify Outer Flash] execute successfully, takes 2.2 secs.
[Debug] [2025-10-18 17:56:18] end to send jtag flash verify cmd
[Debug] [2025-10-18 17:56:18] end to send jtag flash program cmd.
[Debug] [2025-10-18 17:56:18] Log::Print : COMMAND[Verify Outer Flash] execute successfully, takes 2.2 secs.
[Debug] [2025-10-18 18:07:06] Begin to Converte file.
[Debug] [2025-10-18 18:07:07] End to Converte file.
[Debug] [2025-10-18 18:07:09] begin to parse sfc file.
[Debug] [2025-10-18 18:07:09] begin to get device info from CFG file...
[Debug] [2025-10-18 18:07:09] end to get device info from CFG file...
[Debug] [2025-10-18 18:07:09] begin to get device info from CFG file...
[Debug] [2025-10-18 18:07:09] end to get device info from CFG file...
[Debug] [2025-10-18 18:07:09] end to parse sfc file.
[Debug] [2025-10-18 18:07:09] Log::Print : The Start Address of bit file D:/Desktop/video_class/camera_demo/FPGA_project/05_camera_pcie_capture_40pin/project/generate_bitstream/image_pcie_capture.sbit: 0x0
[Debug] [2025-10-18 18:07:12] begin to send promgram jtag flash cmd.
[Debug] [2025-10-18 18:07:12] begin to send jtag flash erase cmd
[Debug] [2025-10-18 18:07:12] Send RPC:16
[Debug] [2025-10-18 18:07:12] Begin to send embed flash erase data.
[Debug] [2025-10-18 18:07:12] Begin to send flash erase data.
[Debug] [2025-10-18 18:07:12] End to send flash erase data.
[Debug] [2025-10-18 18:07:12] End to send embed flash erase data.
[Debug] [2025-10-18 18:07:12] Send cmd [Erase Outer Flash:20302] OK
[Debug] [2025-10-18 18:07:12] Log::Print : The start address of operating flash is 0x0.
[Debug] [2025-10-18 18:07:12] The value of Progress is 1
[Debug] [2025-10-18 18:07:13] The value of Progress is 6
[Debug] [2025-10-18 18:07:13] The value of Progress is 10
[Debug] [2025-10-18 18:07:14] The value of Progress is 17
[Debug] [2025-10-18 18:07:14] The value of Progress is 20
[Debug] [2025-10-18 18:07:15] The value of Progress is 27
[Debug] [2025-10-18 18:07:15] The value of Progress is 31
[Debug] [2025-10-18 18:07:16] The value of Progress is 37
[Debug] [2025-10-18 18:07:16] The value of Progress is 41
[Debug] [2025-10-18 18:07:17] The value of Progress is 48
[Debug] [2025-10-18 18:07:17] The value of Progress is 51
[Debug] [2025-10-18 18:07:18] The value of Progress is 55
[Debug] [2025-10-18 18:07:18] The value of Progress is 62
[Debug] [2025-10-18 18:07:19] The value of Progress is 65
[Debug] [2025-10-18 18:07:19] The value of Progress is 72
[Debug] [2025-10-18 18:07:20] The value of Progress is 75
[Debug] [2025-10-18 18:07:20] The value of Progress is 82
[Debug] [2025-10-18 18:07:21] The value of Progress is 86
[Debug] [2025-10-18 18:07:21] The value of Progress is 93
[Debug] [2025-10-18 18:07:22] The value of Progress is 96
[Debug] [2025-10-18 18:07:22] The value of Progress is 100
[Debug] [2025-10-18 18:07:22] COMMAND[Erase Outer Flash] execute finish, takes 10.2 secs.
[Debug] [2025-10-18 18:07:22] end to send jtag flash erase cmd.
[Debug] [2025-10-18 18:07:22] Send RPC:17
[Debug] [2025-10-18 18:07:22] Begin to send jtag flash program data.
[Debug] [2025-10-18 18:07:22] Begin to send flash program data.
[Debug] [2025-10-18 18:07:22] End to send flash program data.
[Debug] [2025-10-18 18:07:22] End to send embed flash program data.
[Debug] [2025-10-18 18:07:22] Send cmd [Program Outer Flash:20301] OK
[Debug] [2025-10-18 18:07:22] Log::Print : COMMAND[Erase Outer Flash] execute finish, takes 10.2 secs.
[Debug] [2025-10-18 18:07:22] Log::Print : The start address of operating flash is 0x0.
[Debug] [2025-10-18 18:07:22] The value of Progress is 1
[Debug] [2025-10-18 18:07:24] The value of Progress is 6
[Debug] [2025-10-18 18:07:25] The value of Progress is 10
[Debug] [2025-10-18 18:07:27] The value of Progress is 15
[Debug] [2025-10-18 18:07:28] The value of Progress is 20
[Debug] [2025-10-18 18:07:29] The value of Progress is 25
[Debug] [2025-10-18 18:07:31] The value of Progress is 30
[Debug] [2025-10-18 18:07:32] The value of Progress is 35
[Debug] [2025-10-18 18:07:34] The value of Progress is 40
[Debug] [2025-10-18 18:07:35] The value of Progress is 45
[Debug] [2025-10-18 18:07:37] The value of Progress is 50
[Debug] [2025-10-18 18:07:38] The value of Progress is 55
[Debug] [2025-10-18 18:07:40] The value of Progress is 60
[Debug] [2025-10-18 18:07:41] The value of Progress is 65
[Debug] [2025-10-18 18:07:43] The value of Progress is 70
[Debug] [2025-10-18 18:07:44] The value of Progress is 75
[Debug] [2025-10-18 18:07:46] The value of Progress is 80
[Debug] [2025-10-18 18:07:47] The value of Progress is 85
[Debug] [2025-10-18 18:07:48] The value of Progress is 90
[Debug] [2025-10-18 18:07:50] The value of Progress is 95
[Debug] [2025-10-18 18:07:51] The value of Progress is 100
[Debug] [2025-10-18 18:07:52] COMMAND[Program Outer Flash] execute finish, takes 29.7 secs.
[Debug] [2025-10-18 18:07:52] begin to send jtag flash verify cmd
[Debug] [2025-10-18 18:07:52] Send RPC:18
[Debug] [2025-10-18 18:07:52] Begin to send embed flash verify data.
[Debug] [2025-10-18 18:07:52] Begin to send flash verify data.
[Debug] [2025-10-18 18:07:52] End to send flash verify data.
[Debug] [2025-10-18 18:07:52] End to send embed flash verify data.
[Debug] [2025-10-18 18:07:52] Send cmd [Verify Outer Flash:20303] OK
[Debug] [2025-10-18 18:07:52] Log::Print : COMMAND[Program Outer Flash] execute finish, takes 29.7 secs.
[Debug] [2025-10-18 18:07:52] Log::Print : The start address of operating flash is 0x0.
[Debug] [2025-10-18 18:07:52] The value of Progress is 1
[Debug] [2025-10-18 18:07:52] The value of Progress is 6
[Debug] [2025-10-18 18:07:52] The value of Progress is 10
[Debug] [2025-10-18 18:07:52] The value of Progress is 15
[Debug] [2025-10-18 18:07:52] The value of Progress is 20
[Debug] [2025-10-18 18:07:52] The value of Progress is 25
[Debug] [2025-10-18 18:07:52] The value of Progress is 30
[Debug] [2025-10-18 18:07:52] The value of Progress is 35
[Debug] [2025-10-18 18:07:53] The value of Progress is 40
[Debug] [2025-10-18 18:07:53] The value of Progress is 45
[Debug] [2025-10-18 18:07:53] The value of Progress is 50
[Debug] [2025-10-18 18:07:53] The value of Progress is 55
[Debug] [2025-10-18 18:07:53] The value of Progress is 60
[Debug] [2025-10-18 18:07:53] The value of Progress is 65
[Debug] [2025-10-18 18:07:53] The value of Progress is 70
[Debug] [2025-10-18 18:07:53] The value of Progress is 75
[Debug] [2025-10-18 18:07:53] The value of Progress is 80
[Debug] [2025-10-18 18:07:53] The value of Progress is 85
[Debug] [2025-10-18 18:07:53] The value of Progress is 90
[Debug] [2025-10-18 18:07:54] The value of Progress is 95
[Debug] [2025-10-18 18:07:54] The value of Progress is 100
[Debug] [2025-10-18 18:07:54] COMMAND[Verify Outer Flash] execute successfully, takes 2.3 secs.
[Debug] [2025-10-18 18:07:54] end to send jtag flash verify cmd
[Debug] [2025-10-18 18:07:54] end to send jtag flash program cmd.
[Debug] [2025-10-18 18:07:54] Log::Print : COMMAND[Verify Outer Flash] execute successfully, takes 2.3 secs.
[Debug] [2025-10-18 18:20:55] Begin to Converte file.
[Debug] [2025-10-18 18:20:55] End to Converte file.
[Debug] [2025-10-18 18:20:57] begin to parse sfc file.
[Debug] [2025-10-18 18:20:57] begin to get device info from CFG file...
[Debug] [2025-10-18 18:20:57] end to get device info from CFG file...
[Debug] [2025-10-18 18:20:57] begin to get device info from CFG file...
[Debug] [2025-10-18 18:20:57] end to get device info from CFG file...
[Debug] [2025-10-18 18:20:57] end to parse sfc file.
[Debug] [2025-10-18 18:20:57] Log::Print : The Start Address of bit file D:/Desktop/video_class/camera_demo/FPGA_project/05_camera_pcie_capture_40pin/project/generate_bitstream/image_pcie_capture.sbit: 0x0
[Debug] [2025-10-18 18:20:59] begin to send promgram jtag flash cmd.
[Debug] [2025-10-18 18:20:59] begin to send jtag flash erase cmd
[Debug] [2025-10-18 18:20:59] Send RPC:19
[Debug] [2025-10-18 18:20:59] Begin to send embed flash erase data.
[Debug] [2025-10-18 18:20:59] Begin to send flash erase data.
[Debug] [2025-10-18 18:20:59] End to send flash erase data.
[Debug] [2025-10-18 18:20:59] End to send embed flash erase data.
[Debug] [2025-10-18 18:20:59] Send cmd [Erase Outer Flash:20302] OK
[Debug] [2025-10-18 18:20:59] Log::Print : The start address of operating flash is 0x0.
[Debug] [2025-10-18 18:20:59] The value of Progress is 1
[Debug] [2025-10-18 18:21:00] The value of Progress is 7
[Debug] [2025-10-18 18:21:00] The value of Progress is 10
[Debug] [2025-10-18 18:21:01] The value of Progress is 17
[Debug] [2025-10-18 18:21:01] The value of Progress is 21
[Debug] [2025-10-18 18:21:02] The value of Progress is 25
[Debug] [2025-10-18 18:21:02] The value of Progress is 32
[Debug] [2025-10-18 18:21:03] The value of Progress is 35
[Debug] [2025-10-18 18:21:04] The value of Progress is 42
[Debug] [2025-10-18 18:21:04] The value of Progress is 46
[Debug] [2025-10-18 18:21:04] The value of Progress is 50
[Debug] [2025-10-18 18:21:05] The value of Progress is 57
[Debug] [2025-10-18 18:21:05] The value of Progress is 60
[Debug] [2025-10-18 18:21:06] The value of Progress is 67
[Debug] [2025-10-18 18:21:06] The value of Progress is 71
[Debug] [2025-10-18 18:21:07] The value of Progress is 75
[Debug] [2025-10-18 18:21:07] The value of Progress is 82
[Debug] [2025-10-18 18:21:08] The value of Progress is 85
[Debug] [2025-10-18 18:21:08] The value of Progress is 92
[Debug] [2025-10-18 18:21:09] The value of Progress is 96
[Debug] [2025-10-18 18:21:09] The value of Progress is 100
[Debug] [2025-10-18 18:21:09] COMMAND[Erase Outer Flash] execute finish, takes 10.0 secs.
[Debug] [2025-10-18 18:21:09] end to send jtag flash erase cmd.
[Debug] [2025-10-18 18:21:09] Send RPC:20
[Debug] [2025-10-18 18:21:09] Begin to send jtag flash program data.
[Debug] [2025-10-18 18:21:09] Begin to send flash program data.
[Debug] [2025-10-18 18:21:09] End to send flash program data.
[Debug] [2025-10-18 18:21:09] End to send embed flash program data.
[Debug] [2025-10-18 18:21:09] Send cmd [Program Outer Flash:20301] OK
[Debug] [2025-10-18 18:21:09] Log::Print : COMMAND[Erase Outer Flash] execute finish, takes 10.0 secs.
[Debug] [2025-10-18 18:21:09] Log::Print : The start address of operating flash is 0x0.
[Debug] [2025-10-18 18:21:09] The value of Progress is 1
[Debug] [2025-10-18 18:21:11] The value of Progress is 6
[Debug] [2025-10-18 18:21:12] The value of Progress is 10
[Debug] [2025-10-18 18:21:13] The value of Progress is 15
[Debug] [2025-10-18 18:21:14] The value of Progress is 20
[Debug] [2025-10-18 18:21:16] The value of Progress is 25
[Debug] [2025-10-18 18:21:17] The value of Progress is 30
[Debug] [2025-10-18 18:21:19] The value of Progress is 35
[Debug] [2025-10-18 18:21:20] The value of Progress is 40
[Debug] [2025-10-18 18:21:22] The value of Progress is 45
[Debug] [2025-10-18 18:21:23] The value of Progress is 50
[Debug] [2025-10-18 18:21:24] The value of Progress is 55
[Debug] [2025-10-18 18:21:26] The value of Progress is 60
[Debug] [2025-10-18 18:21:27] The value of Progress is 65
[Debug] [2025-10-18 18:21:29] The value of Progress is 70
[Debug] [2025-10-18 18:21:30] The value of Progress is 75
[Debug] [2025-10-18 18:21:31] The value of Progress is 80
[Debug] [2025-10-18 18:21:33] The value of Progress is 85
[Debug] [2025-10-18 18:21:34] The value of Progress is 90
[Debug] [2025-10-18 18:21:36] The value of Progress is 95
[Debug] [2025-10-18 18:21:37] The value of Progress is 100
[Debug] [2025-10-18 18:21:37] COMMAND[Program Outer Flash] execute finish, takes 28.4 secs.
[Debug] [2025-10-18 18:21:37] begin to send jtag flash verify cmd
[Debug] [2025-10-18 18:21:37] Send RPC:21
[Debug] [2025-10-18 18:21:37] Begin to send embed flash verify data.
[Debug] [2025-10-18 18:21:37] Begin to send flash verify data.
[Debug] [2025-10-18 18:21:37] End to send flash verify data.
[Debug] [2025-10-18 18:21:37] End to send embed flash verify data.
[Debug] [2025-10-18 18:21:37] Send cmd [Verify Outer Flash:20303] OK
[Debug] [2025-10-18 18:21:37] Log::Print : COMMAND[Program Outer Flash] execute finish, takes 28.4 secs.
[Debug] [2025-10-18 18:21:37] Log::Print : The start address of operating flash is 0x0.
[Debug] [2025-10-18 18:21:37] The value of Progress is 1
[Debug] [2025-10-18 18:21:37] The value of Progress is 6
[Debug] [2025-10-18 18:21:37] The value of Progress is 10
[Debug] [2025-10-18 18:21:38] The value of Progress is 15
[Debug] [2025-10-18 18:21:38] The value of Progress is 20
[Debug] [2025-10-18 18:21:38] The value of Progress is 25
[Debug] [2025-10-18 18:21:38] The value of Progress is 30
[Debug] [2025-10-18 18:21:38] The value of Progress is 35
[Debug] [2025-10-18 18:21:38] The value of Progress is 40
[Debug] [2025-10-18 18:21:38] The value of Progress is 45
[Debug] [2025-10-18 18:21:38] The value of Progress is 50
[Debug] [2025-10-18 18:21:38] The value of Progress is 55
[Debug] [2025-10-18 18:21:38] The value of Progress is 60
[Debug] [2025-10-18 18:21:38] The value of Progress is 65
[Debug] [2025-10-18 18:21:39] The value of Progress is 70
[Debug] [2025-10-18 18:21:39] The value of Progress is 75
[Debug] [2025-10-18 18:21:39] The value of Progress is 80
[Debug] [2025-10-18 18:21:39] The value of Progress is 85
[Debug] [2025-10-18 18:21:39] The value of Progress is 90
[Debug] [2025-10-18 18:21:39] The value of Progress is 95
[Debug] [2025-10-18 18:21:39] The value of Progress is 100
[Debug] [2025-10-18 18:21:39] COMMAND[Verify Outer Flash] execute successfully, takes 2.3 secs.
[Debug] [2025-10-18 18:21:39] end to send jtag flash verify cmd
[Debug] [2025-10-18 18:21:39] end to send jtag flash program cmd.
[Debug] [2025-10-18 18:21:39] Log::Print : COMMAND[Verify Outer Flash] execute successfully, takes 2.3 secs.
[Info] [2025-10-18 18:33:45] /***************************End Configration***************************/
[Info] [2025-10-20 17:47:37] /***************************Start Configuration***************************/
[Info] [2025-10-20 17:47:37] Path: C:/pango/PDS_2022.2-SP6.4/bin
[Info] [2025-10-20 17:47:37] Version: 146967
[Info] [2025-10-20 17:47:38] Current Path: D:/Desktop/video_class/camera_demo/FPGA_project/05_camera_pcie_capture_40pin/project
[Info] [2025-10-20 17:47:38] PDS Dir Path: D:/Desktop/video_class/camera_demo/FPGA_project/05_camera_pcie_capture_40pin/project
[Info] [2025-10-20 17:47:40] Configuration is not connect with server. connect first then scan chain.
[Debug] [2025-10-20 17:47:40] Client Local host name:LAPTOP-EA3TT0M1
[Debug] [2025-10-20 17:47:40] Client Local Address:10.104.21.106
[Debug] [2025-10-20 17:47:40] Server Address:127.0.0.1, Port:65420
[Debug] [2025-10-20 17:47:40] Log::Print : Connecting to server[127.0.0.1 : 65420].
[Info] [2025-10-20 17:47:40] Connect OK, Server: 127.0.0.1  Port: 65420
[Debug] [2025-10-20 17:47:40] Finish.
[Info] [2025-10-20 17:47:40] Connect server succeeded
[Debug] [2025-10-20 17:47:40] Send RPC:1
[Debug] [2025-10-20 17:47:40] Send cmd [check version information:40004] OK
[Debug] [2025-10-20 17:47:40] Log::Print : Connect to server[127.0.0.1 : 65420] successfully.
[Debug] [2025-10-20 17:47:40] Send RPC:2
[Debug] [2025-10-20 17:47:40] Send cmd [get_cable_paras:40010] OK
[Debug] [2025-10-20 17:47:40] Begin to send initialize chain cmd...
[Debug] [2025-10-20 17:47:40] Send RPC:3
[Debug] [2025-10-20 17:47:40] Send cmd [Open config cable:20001] OK
[Debug] [2025-10-20 17:47:40] End to send initialize chain cmd.
[Debug] [2025-10-20 17:47:40] COMMAND[check version information] execute successfully, takes 0.3 secs.
[Debug] [2025-10-20 17:47:40] Log::Print : COMMAND[check version information] execute successfully, takes 0.3 secs.
[Debug] [2025-10-20 17:47:42] COMMAND[get_cable_paras] execute successfully, takes 1.2 secs.
[Debug] [2025-10-20 17:47:42] Log::Print : The cable List : 
Cable index 0:USB Cable II/fffffffffffffffe 

[Debug] [2025-10-20 17:47:42] Log::Print : COMMAND[get_cable_paras] execute successfully, takes 1.2 secs.
[Debug] [2025-10-20 17:47:42] begin the exec of open cable cmd...
[Debug] [2025-10-20 17:47:42] Begin to deal with chain from server...
[Debug] [2025-10-20 17:47:42] Begin to set user chain...
[Debug] [2025-10-20 17:47:42] End to set user chain.
[Debug] [2025-10-20 17:47:42] Begin to update graphic item and tree item ...
[Debug] [2025-10-20 17:47:42] End to update graphic item and tree item ...
[Debug] [2025-10-20 17:47:42] Log::Print : PANGO USB CABLE II cable driver: D2XX DLL
[Debug] [2025-10-20 17:47:42] Log::Print : PG2L50H
[Debug] [2025-10-20 17:47:42] Log::Print : This device configure situation (done bit): 1
[Info] [2025-10-20 17:47:44] set OpenLastPath: D:/Desktop/video_class/camera_demo/FPGA_project/05_camera_pcie_capture_40pin/project/generate_bitstream/image_pcie_capture.sbit
[Debug] [2025-10-20 17:47:44] begin to get device info from CFG file...
[Debug] [2025-10-20 17:47:44] end to get device info from CFG file...
[Debug] [2025-10-20 17:47:44] Begin to update graphic item and tree item ...
[Debug] [2025-10-20 17:47:44] End to update graphic item and tree item ...
[Debug] [2025-10-20 17:47:44] Begin to update graphic item and tree item ...
[Debug] [2025-10-20 17:47:44] End to update graphic item and tree item ...
[Debug] [2025-10-20 17:47:44] End to deal wiht chain from server.
[Debug] [2025-10-20 17:47:44] end the exec of open cable cmd.
[Debug] [2025-10-20 17:47:44] COMMAND[Open config cable] execute successfully, takes 3.6 secs.
[Debug] [2025-10-20 17:47:44] Log::Print : COMMAND[Open config cable] execute successfully, takes 3.6 secs.
[Debug] [2025-10-20 17:47:47] Begin to send scan outer flash cmd...
[Debug] [2025-10-20 17:47:47] Send RPC:4
[Debug] [2025-10-20 17:47:47] Send cmd [Scan Outer SPI Flash:20300] OK
[Debug] [2025-10-20 17:47:47] End to send scan outer flash cmd.
[Debug] [2025-10-20 17:47:47] begin to exec scan jtag flash cmd...
[Debug] [2025-10-20 17:47:47] Begin to initialize JtagFlash for selected FPGA Device...
[Debug] [2025-10-20 17:47:47] Begin to update graphic item and tree item ...
[Debug] [2025-10-20 17:47:47] End to update graphic item and tree item ...
[Info] [2025-10-20 17:47:48] set OpenLastPath: D:/Desktop/video_class/camera_demo/FPGA_project/05_camera_pcie_capture_40pin/project/generate_bitstream/image_pcie_capture.sfc
[Debug] [2025-10-20 17:47:48] begin to check SFC File and Flash Device Read Mode.
[Debug] [2025-10-20 17:47:48] end to check SFC File and Flash Device Read Mode.
[Debug] [2025-10-20 17:47:48] Begin to update graphic item and tree item ...
[Debug] [2025-10-20 17:47:48] End to update graphic item and tree item ...
[Debug] [2025-10-20 17:47:48] End to initialize OuterFlash for selected FPGA Device...
[Debug] [2025-10-20 17:47:48] end to exec scan jtag flash cmd...
[Debug] [2025-10-20 17:47:48] COMMAND[Scan Outer SPI Flash] execute successfully, takes 1.3 secs.
[Debug] [2025-10-20 17:47:48] Log::Print : COMMAND[Scan Outer SPI Flash] execute successfully, takes 1.3 secs.
[Debug] [2025-10-20 17:47:49] begin to send promgram jtag flash cmd.
[Debug] [2025-10-20 17:47:49] begin to send jtag flash erase cmd
[Debug] [2025-10-20 17:47:49] Send RPC:5
[Debug] [2025-10-20 17:47:49] Begin to send embed flash erase data.
[Debug] [2025-10-20 17:47:49] Begin to send flash erase data.
[Debug] [2025-10-20 17:47:49] End to send flash erase data.
[Debug] [2025-10-20 17:47:49] End to send embed flash erase data.
[Debug] [2025-10-20 17:47:49] Send cmd [Erase Outer Flash:20302] OK
[Debug] [2025-10-20 17:47:49] Log::Print : The start address of operating flash is 0x0.
[Debug] [2025-10-20 17:47:49] The value of Progress is 1
[Debug] [2025-10-20 17:47:50] The value of Progress is 7
[Debug] [2025-10-20 17:47:51] The value of Progress is 10
[Debug] [2025-10-20 17:47:51] The value of Progress is 17
[Debug] [2025-10-20 17:47:52] The value of Progress is 21
[Debug] [2025-10-20 17:47:52] The value of Progress is 25
[Debug] [2025-10-20 17:47:53] The value of Progress is 32
[Debug] [2025-10-20 17:47:53] The value of Progress is 35
[Debug] [2025-10-20 17:47:53] The value of Progress is 42
[Debug] [2025-10-20 17:47:54] The value of Progress is 46
[Debug] [2025-10-20 17:47:54] The value of Progress is 50
[Debug] [2025-10-20 17:47:55] The value of Progress is 57
[Debug] [2025-10-20 17:47:55] The value of Progress is 60
[Debug] [2025-10-20 17:47:56] The value of Progress is 67
[Debug] [2025-10-20 17:47:56] The value of Progress is 71
[Debug] [2025-10-20 17:47:57] The value of Progress is 75
[Debug] [2025-10-20 17:47:57] The value of Progress is 82
[Debug] [2025-10-20 17:47:58] The value of Progress is 85
[Debug] [2025-10-20 17:47:58] The value of Progress is 92
[Debug] [2025-10-20 17:47:59] The value of Progress is 96
[Debug] [2025-10-20 17:47:59] The value of Progress is 100
[Debug] [2025-10-20 17:47:59] COMMAND[Erase Outer Flash] execute finish, takes 9.9 secs.
[Debug] [2025-10-20 17:47:59] end to send jtag flash erase cmd.
[Debug] [2025-10-20 17:47:59] Send RPC:6
[Debug] [2025-10-20 17:47:59] Begin to send jtag flash program data.
[Debug] [2025-10-20 17:47:59] Begin to send flash program data.
[Debug] [2025-10-20 17:47:59] End to send flash program data.
[Debug] [2025-10-20 17:47:59] End to send embed flash program data.
[Debug] [2025-10-20 17:47:59] Send cmd [Program Outer Flash:20301] OK
[Debug] [2025-10-20 17:47:59] Log::Print : COMMAND[Erase Outer Flash] execute finish, takes 9.9 secs.
[Debug] [2025-10-20 17:47:59] Log::Print : The start address of operating flash is 0x0.
[Debug] [2025-10-20 17:47:59] The value of Progress is 1
[Debug] [2025-10-20 17:48:01] The value of Progress is 6
[Debug] [2025-10-20 17:48:02] The value of Progress is 10
[Debug] [2025-10-20 17:48:03] The value of Progress is 15
[Debug] [2025-10-20 17:48:05] The value of Progress is 20
[Debug] [2025-10-20 17:48:06] The value of Progress is 25
[Debug] [2025-10-20 17:48:07] The value of Progress is 30
[Debug] [2025-10-20 17:48:09] The value of Progress is 35
[Debug] [2025-10-20 17:48:10] The value of Progress is 40
[Debug] [2025-10-20 17:48:12] The value of Progress is 45
[Debug] [2025-10-20 17:48:13] The value of Progress is 50
[Debug] [2025-10-20 17:48:14] The value of Progress is 55
[Debug] [2025-10-20 17:48:16] The value of Progress is 60
[Debug] [2025-10-20 17:48:17] The value of Progress is 65
[Debug] [2025-10-20 17:48:19] The value of Progress is 70
[Debug] [2025-10-20 17:48:20] The value of Progress is 75
[Debug] [2025-10-20 17:48:21] The value of Progress is 80
[Debug] [2025-10-20 17:48:23] The value of Progress is 85
[Debug] [2025-10-20 17:48:24] The value of Progress is 90
[Debug] [2025-10-20 17:48:26] The value of Progress is 95
[Debug] [2025-10-20 17:48:27] The value of Progress is 100
[Debug] [2025-10-20 17:48:27] COMMAND[Program Outer Flash] execute finish, takes 28.5 secs.
[Debug] [2025-10-20 17:48:27] begin to send jtag flash verify cmd
[Debug] [2025-10-20 17:48:27] Send RPC:7
[Debug] [2025-10-20 17:48:27] Begin to send embed flash verify data.
[Debug] [2025-10-20 17:48:27] Begin to send flash verify data.
[Debug] [2025-10-20 17:48:27] End to send flash verify data.
[Debug] [2025-10-20 17:48:27] End to send embed flash verify data.
[Debug] [2025-10-20 17:48:27] Send cmd [Verify Outer Flash:20303] OK
[Debug] [2025-10-20 17:48:27] Log::Print : COMMAND[Program Outer Flash] execute finish, takes 28.5 secs.
[Debug] [2025-10-20 17:48:27] Log::Print : The start address of operating flash is 0x0.
[Debug] [2025-10-20 17:48:28] The value of Progress is 1
[Debug] [2025-10-20 17:48:28] The value of Progress is 6
[Debug] [2025-10-20 17:48:28] The value of Progress is 10
[Debug] [2025-10-20 17:48:28] The value of Progress is 15
[Debug] [2025-10-20 17:48:28] The value of Progress is 20
[Debug] [2025-10-20 17:48:28] The value of Progress is 25
[Debug] [2025-10-20 17:48:28] The value of Progress is 30
[Debug] [2025-10-20 17:48:28] The value of Progress is 35
[Debug] [2025-10-20 17:48:28] The value of Progress is 40
[Debug] [2025-10-20 17:48:28] The value of Progress is 45
[Debug] [2025-10-20 17:48:28] The value of Progress is 50
[Debug] [2025-10-20 17:48:29] The value of Progress is 55
[Debug] [2025-10-20 17:48:29] The value of Progress is 60
[Debug] [2025-10-20 17:48:29] The value of Progress is 65
[Debug] [2025-10-20 17:48:29] The value of Progress is 70
[Debug] [2025-10-20 17:48:29] The value of Progress is 75
[Debug] [2025-10-20 17:48:29] The value of Progress is 80
[Debug] [2025-10-20 17:48:29] The value of Progress is 85
[Debug] [2025-10-20 17:48:29] The value of Progress is 90
[Debug] [2025-10-20 17:48:29] The value of Progress is 95
[Debug] [2025-10-20 17:48:29] The value of Progress is 100
[Debug] [2025-10-20 17:48:29] COMMAND[Verify Outer Flash] execute successfully, takes 2.0 secs.
[Debug] [2025-10-20 17:48:29] end to send jtag flash verify cmd
[Debug] [2025-10-20 17:48:29] end to send jtag flash program cmd.
[Debug] [2025-10-20 17:48:29] Log::Print : COMMAND[Verify Outer Flash] execute successfully, takes 2.0 secs.
[Info] [2025-10-20 17:57:51] /***************************End Configration***************************/
[Info] [2025-10-22 21:18:40] /***************************Start Configuration***************************/
[Info] [2025-10-22 21:18:40] Path: C:/pango/PDS_2022.2-SP6.4/bin
[Info] [2025-10-22 21:18:40] Version: 146967
[Info] [2025-10-22 21:18:41] Current Path: D:/Desktop/video_class/camera_demo/FPGA_project/05_camera_pcie_capture_40pin/project
[Info] [2025-10-22 21:18:41] PDS Dir Path: D:/Desktop/video_class/camera_demo/FPGA_project/05_camera_pcie_capture_40pin/project
[Info] [2025-10-22 21:18:45] Configuration is not connect with server. connect first then scan chain.
[Debug] [2025-10-22 21:18:45] Client Local host name:LAPTOP-EA3TT0M1
[Debug] [2025-10-22 21:18:45] Client Local Address:192.168.174.230
[Debug] [2025-10-22 21:18:45] Server Address:127.0.0.1, Port:65420
[Debug] [2025-10-22 21:18:45] Log::Print : Connecting to server[127.0.0.1 : 65420].
[Info] [2025-10-22 21:18:46] Connect OK, Server: 127.0.0.1  Port: 65420
[Debug] [2025-10-22 21:18:46] Finish.
[Info] [2025-10-22 21:18:46] Connect server succeeded
[Debug] [2025-10-22 21:18:46] Send RPC:1
[Debug] [2025-10-22 21:18:46] Send cmd [check version information:40004] OK
[Debug] [2025-10-22 21:18:46] Log::Print : Connect to server[127.0.0.1 : 65420] successfully.
[Debug] [2025-10-22 21:18:47] Send RPC:2
[Debug] [2025-10-22 21:18:47] Send cmd [get_cable_paras:40010] OK
[Debug] [2025-10-22 21:18:47] Begin to send initialize chain cmd...
[Debug] [2025-10-22 21:18:47] Send RPC:3
[Debug] [2025-10-22 21:18:47] Send cmd [Open config cable:20001] OK
[Debug] [2025-10-22 21:18:47] End to send initialize chain cmd.
[Debug] [2025-10-22 21:18:47] COMMAND[check version information] execute successfully, takes 1.0 secs.
[Debug] [2025-10-22 21:18:47] Log::Print : COMMAND[check version information] execute successfully, takes 1.0 secs.
[Debug] [2025-10-22 21:18:49] COMMAND[get_cable_paras] execute successfully, takes 1.6 secs.
[Debug] [2025-10-22 21:18:49] Log::Print : The cable List : 
Cable index 0:USB Cable II/fffffffffffffffe 

[Debug] [2025-10-22 21:18:49] Log::Print : COMMAND[get_cable_paras] execute successfully, takes 1.6 secs.
[Debug] [2025-10-22 21:18:49] begin the exec of open cable cmd...
[Debug] [2025-10-22 21:18:49] Begin to deal with chain from server...
[Debug] [2025-10-22 21:18:49] Begin to set user chain...
[Debug] [2025-10-22 21:18:49] End to set user chain.
[Debug] [2025-10-22 21:18:49] Begin to update graphic item and tree item ...
[Debug] [2025-10-22 21:18:49] End to update graphic item and tree item ...
[Debug] [2025-10-22 21:18:49] Log::Print : PANGO USB CABLE II cable driver: D2XX DLL
[Debug] [2025-10-22 21:18:49] Log::Print : PG2L50H
[Debug] [2025-10-22 21:18:49] Log::Print : This device configure situation (done bit): 1
[Info] [2025-10-22 21:18:50] set OpenLastPath: D:/Desktop/video_class/camera_demo/FPGA_project/05_camera_pcie_capture_40pin/project/generate_bitstream/image_pcie_capture.sbit
[Debug] [2025-10-22 21:18:50] begin to get device info from CFG file...
[Debug] [2025-10-22 21:18:50] end to get device info from CFG file...
[Debug] [2025-10-22 21:18:50] Begin to update graphic item and tree item ...
[Debug] [2025-10-22 21:18:50] End to update graphic item and tree item ...
[Debug] [2025-10-22 21:18:50] Begin to update graphic item and tree item ...
[Debug] [2025-10-22 21:18:50] End to update graphic item and tree item ...
[Debug] [2025-10-22 21:18:50] End to deal wiht chain from server.
[Debug] [2025-10-22 21:18:50] end the exec of open cable cmd.
[Debug] [2025-10-22 21:18:50] COMMAND[Open config cable] execute successfully, takes 3.4 secs.
[Debug] [2025-10-22 21:18:50] Log::Print : COMMAND[Open config cable] execute successfully, takes 3.4 secs.
[Debug] [2025-10-22 21:18:52] Begin to send scan outer flash cmd...
[Debug] [2025-10-22 21:18:52] Send RPC:4
[Debug] [2025-10-22 21:18:52] Send cmd [Scan Outer SPI Flash:20300] OK
[Debug] [2025-10-22 21:18:52] End to send scan outer flash cmd.
[Debug] [2025-10-22 21:18:52] begin to exec scan jtag flash cmd...
[Debug] [2025-10-22 21:18:52] Begin to initialize JtagFlash for selected FPGA Device...
[Debug] [2025-10-22 21:18:52] Begin to update graphic item and tree item ...
[Debug] [2025-10-22 21:18:52] End to update graphic item and tree item ...
[Info] [2025-10-22 21:18:53] set OpenLastPath: D:/Desktop/video_class/camera_demo/FPGA_project/05_camera_pcie_capture_40pin/project/generate_bitstream/image_pcie_capture.sfc
[Debug] [2025-10-22 21:18:53] begin to check SFC File and Flash Device Read Mode.
[Debug] [2025-10-22 21:18:53] end to check SFC File and Flash Device Read Mode.
[Debug] [2025-10-22 21:18:53] Begin to update graphic item and tree item ...
[Debug] [2025-10-22 21:18:53] End to update graphic item and tree item ...
[Debug] [2025-10-22 21:18:53] End to initialize OuterFlash for selected FPGA Device...
[Debug] [2025-10-22 21:18:53] end to exec scan jtag flash cmd...
[Debug] [2025-10-22 21:18:53] COMMAND[Scan Outer SPI Flash] execute successfully, takes 1.5 secs.
[Debug] [2025-10-22 21:18:53] Log::Print : COMMAND[Scan Outer SPI Flash] execute successfully, takes 1.5 secs.
[Debug] [2025-10-22 21:18:55] begin to send promgram jtag flash cmd.
[Debug] [2025-10-22 21:18:55] begin to send jtag flash erase cmd
[Debug] [2025-10-22 21:18:55] Send RPC:5
[Debug] [2025-10-22 21:18:55] Begin to send embed flash erase data.
[Debug] [2025-10-22 21:18:55] Begin to send flash erase data.
[Debug] [2025-10-22 21:18:55] End to send flash erase data.
[Debug] [2025-10-22 21:18:55] End to send embed flash erase data.
[Debug] [2025-10-22 21:18:55] Send cmd [Erase Outer Flash:20302] OK
[Debug] [2025-10-22 21:18:55] Log::Print : The start address of operating flash is 0x0.
[Debug] [2025-10-22 21:18:55] The value of Progress is 1
[Debug] [2025-10-22 21:18:56] The value of Progress is 7
[Debug] [2025-10-22 21:18:57] The value of Progress is 10
[Debug] [2025-10-22 21:18:57] The value of Progress is 17
[Debug] [2025-10-22 21:18:58] The value of Progress is 21
[Debug] [2025-10-22 21:18:58] The value of Progress is 25
[Debug] [2025-10-22 21:18:59] The value of Progress is 32
[Debug] [2025-10-22 21:18:59] The value of Progress is 35
[Debug] [2025-10-22 21:19:00] The value of Progress is 42
[Debug] [2025-10-22 21:19:00] The value of Progress is 46
[Debug] [2025-10-22 21:19:01] The value of Progress is 50
[Debug] [2025-10-22 21:19:01] The value of Progress is 57
[Debug] [2025-10-22 21:19:02] The value of Progress is 60
[Debug] [2025-10-22 21:19:02] The value of Progress is 67
[Debug] [2025-10-22 21:19:03] The value of Progress is 71
[Debug] [2025-10-22 21:19:03] The value of Progress is 75
[Debug] [2025-10-22 21:19:04] The value of Progress is 82
[Debug] [2025-10-22 21:19:04] The value of Progress is 85
[Debug] [2025-10-22 21:19:05] The value of Progress is 92
[Debug] [2025-10-22 21:19:05] The value of Progress is 96
[Debug] [2025-10-22 21:19:05] The value of Progress is 100
[Debug] [2025-10-22 21:19:05] COMMAND[Erase Outer Flash] execute finish, takes 10.6 secs.
[Debug] [2025-10-22 21:19:05] end to send jtag flash erase cmd.
[Debug] [2025-10-22 21:19:05] Send RPC:6
[Debug] [2025-10-22 21:19:05] Begin to send jtag flash program data.
[Debug] [2025-10-22 21:19:05] Begin to send flash program data.
[Debug] [2025-10-22 21:19:05] End to send flash program data.
[Debug] [2025-10-22 21:19:05] End to send embed flash program data.
[Debug] [2025-10-22 21:19:05] Send cmd [Program Outer Flash:20301] OK
[Debug] [2025-10-22 21:19:05] Log::Print : COMMAND[Erase Outer Flash] execute finish, takes 10.6 secs.
[Debug] [2025-10-22 21:19:05] Log::Print : The start address of operating flash is 0x0.
[Debug] [2025-10-22 21:19:06] The value of Progress is 1
[Debug] [2025-10-22 21:19:07] The value of Progress is 6
[Debug] [2025-10-22 21:19:08] The value of Progress is 10
[Debug] [2025-10-22 21:19:10] The value of Progress is 15
[Debug] [2025-10-22 21:19:11] The value of Progress is 20
[Debug] [2025-10-22 21:19:13] The value of Progress is 25
[Debug] [2025-10-22 21:19:14] The value of Progress is 30
[Debug] [2025-10-22 21:19:15] The value of Progress is 35
[Debug] [2025-10-22 21:19:17] The value of Progress is 40
[Debug] [2025-10-22 21:19:18] The value of Progress is 45
[Debug] [2025-10-22 21:19:20] The value of Progress is 50
[Debug] [2025-10-22 21:19:21] The value of Progress is 55
[Debug] [2025-10-22 21:19:22] The value of Progress is 60
[Debug] [2025-10-22 21:19:24] The value of Progress is 65
[Debug] [2025-10-22 21:19:25] The value of Progress is 70
[Debug] [2025-10-22 21:19:27] The value of Progress is 75
[Debug] [2025-10-22 21:19:28] The value of Progress is 80
[Debug] [2025-10-22 21:19:29] The value of Progress is 85
[Debug] [2025-10-22 21:19:31] The value of Progress is 90
[Debug] [2025-10-22 21:19:32] The value of Progress is 95
[Debug] [2025-10-22 21:19:34] The value of Progress is 100
[Debug] [2025-10-22 21:19:34] COMMAND[Program Outer Flash] execute finish, takes 28.4 secs.
[Debug] [2025-10-22 21:19:34] begin to send jtag flash verify cmd
[Debug] [2025-10-22 21:19:34] Send RPC:7
[Debug] [2025-10-22 21:19:34] Begin to send embed flash verify data.
[Debug] [2025-10-22 21:19:34] Begin to send flash verify data.
[Debug] [2025-10-22 21:19:34] End to send flash verify data.
[Debug] [2025-10-22 21:19:34] End to send embed flash verify data.
[Debug] [2025-10-22 21:19:34] Send cmd [Verify Outer Flash:20303] OK
[Debug] [2025-10-22 21:19:34] Log::Print : COMMAND[Program Outer Flash] execute finish, takes 28.4 secs.
[Debug] [2025-10-22 21:19:34] Log::Print : The start address of operating flash is 0x0.
[Debug] [2025-10-22 21:19:34] The value of Progress is 1
[Debug] [2025-10-22 21:19:34] The value of Progress is 6
[Debug] [2025-10-22 21:19:34] The value of Progress is 10
[Debug] [2025-10-22 21:19:34] The value of Progress is 15
[Debug] [2025-10-22 21:19:34] The value of Progress is 20
[Debug] [2025-10-22 21:19:34] The value of Progress is 25
[Debug] [2025-10-22 21:19:35] The value of Progress is 30
[Debug] [2025-10-22 21:19:35] The value of Progress is 35
[Debug] [2025-10-22 21:19:35] The value of Progress is 40
[Debug] [2025-10-22 21:19:35] The value of Progress is 45
[Debug] [2025-10-22 21:19:35] The value of Progress is 50
[Debug] [2025-10-22 21:19:35] The value of Progress is 55
[Debug] [2025-10-22 21:19:35] The value of Progress is 60
[Debug] [2025-10-22 21:19:35] The value of Progress is 65
[Debug] [2025-10-22 21:19:35] The value of Progress is 70
[Debug] [2025-10-22 21:19:35] The value of Progress is 75
[Debug] [2025-10-22 21:19:35] The value of Progress is 80
[Debug] [2025-10-22 21:19:36] The value of Progress is 85
[Debug] [2025-10-22 21:19:36] The value of Progress is 90
[Debug] [2025-10-22 21:19:36] The value of Progress is 95
[Debug] [2025-10-22 21:19:36] The value of Progress is 100
[Debug] [2025-10-22 21:19:36] COMMAND[Verify Outer Flash] execute successfully, takes 2.0 secs.
[Debug] [2025-10-22 21:19:36] end to send jtag flash verify cmd
[Debug] [2025-10-22 21:19:36] end to send jtag flash program cmd.
[Debug] [2025-10-22 21:19:36] Log::Print : COMMAND[Verify Outer Flash] execute successfully, takes 2.0 secs.
[Info] [2025-10-22 21:19:46] /***************************End Configration***************************/
[Info] [2025-10-27 21:24:01] /***************************Start Configuration***************************/
[Info] [2025-10-27 21:24:01] Path: C:/pango/PDS_2022.2-SP6.4/bin
[Info] [2025-10-27 21:24:01] Version: 146967
[Info] [2025-10-27 21:24:02] Current Path: D:/Desktop/video_class/camera_demo/FPGA_project/05_camera_pcie_capture_40pin_fmc/project
[Info] [2025-10-27 21:24:02] PDS Dir Path: D:/Desktop/video_class/camera_demo/FPGA_project/05_camera_pcie_capture_40pin_fmc/project
[Info] [2025-10-27 21:24:05] Configuration is not connect with server. connect first then scan chain.
[Debug] [2025-10-27 21:24:05] Client Local host name:LAPTOP-EA3TT0M1
[Debug] [2025-10-27 21:24:05] Client Local Address:10.104.21.106
[Debug] [2025-10-27 21:24:05] Server Address:127.0.0.1, Port:65420
[Debug] [2025-10-27 21:24:05] Log::Print : Connecting to server[127.0.0.1 : 65420].
[Info] [2025-10-27 21:24:05] Connect OK, Server: 127.0.0.1  Port: 65420
[Debug] [2025-10-27 21:24:05] Finish.
[Info] [2025-10-27 21:24:05] Connect server succeeded
[Debug] [2025-10-27 21:24:05] Send RPC:1
[Debug] [2025-10-27 21:24:05] Send cmd [check version information:40004] OK
[Debug] [2025-10-27 21:24:05] Send RPC:2
[Debug] [2025-10-27 21:24:05] Send cmd [get_cable_paras:40010] OK
[Debug] [2025-10-27 21:24:05] Begin to send initialize chain cmd...
[Debug] [2025-10-27 21:24:05] Send RPC:3
[Debug] [2025-10-27 21:24:05] Send cmd [Open config cable:20001] OK
[Debug] [2025-10-27 21:24:05] End to send initialize chain cmd.
[Debug] [2025-10-27 21:24:05] COMMAND[check version information] execute successfully, takes 0.0 secs.
[Debug] [2025-10-27 21:24:05] Log::Print : Connect to server[127.0.0.1 : 65420] successfully.
[Debug] [2025-10-27 21:24:05] Log::Print : COMMAND[check version information] execute successfully, takes 0.0 secs.
[Debug] [2025-10-27 21:24:06] COMMAND[get_cable_paras] execute successfully, takes 1.2 secs.
[Debug] [2025-10-27 21:24:06] Log::Print : The cable List : 
Cable index 0:USB Cable II/fffffffffffffffe 

[Debug] [2025-10-27 21:24:06] Log::Print : COMMAND[get_cable_paras] execute successfully, takes 1.2 secs.
[Debug] [2025-10-27 21:24:07] begin the exec of open cable cmd...
[Debug] [2025-10-27 21:24:07] Begin to deal with chain from server...
[Debug] [2025-10-27 21:24:07] Begin to set user chain...
[Debug] [2025-10-27 21:24:07] End to set user chain.
[Debug] [2025-10-27 21:24:07] Begin to update graphic item and tree item ...
[Debug] [2025-10-27 21:24:07] End to update graphic item and tree item ...
[Debug] [2025-10-27 21:24:07] Log::Print : PANGO USB CABLE II cable driver: D2XX DLL
[Debug] [2025-10-27 21:24:07] Log::Print : PG2L50H
[Debug] [2025-10-27 21:24:07] Log::Print : This device configure situation (done bit): 1
[Info] [2025-10-27 21:24:08] set OpenLastPath: D:/Desktop/video_class/camera_demo/FPGA_project/05_camera_pcie_capture_40pin_fmc/project/generate_bitstream/image_pcie_capture.sbit
[Debug] [2025-10-27 21:24:08] begin to get device info from CFG file...
[Debug] [2025-10-27 21:24:08] end to get device info from CFG file...
[Debug] [2025-10-27 21:24:08] Begin to update graphic item and tree item ...
[Debug] [2025-10-27 21:24:08] End to update graphic item and tree item ...
[Debug] [2025-10-27 21:24:08] Begin to update graphic item and tree item ...
[Debug] [2025-10-27 21:24:08] End to update graphic item and tree item ...
[Debug] [2025-10-27 21:24:08] End to deal wiht chain from server.
[Debug] [2025-10-27 21:24:08] end the exec of open cable cmd.
[Debug] [2025-10-27 21:24:08] COMMAND[Open config cable] execute successfully, takes 2.9 secs.
[Debug] [2025-10-27 21:24:08] Log::Print : COMMAND[Open config cable] execute successfully, takes 2.9 secs.
[Debug] [2025-10-27 21:24:10] Begin to Converte file.
[Debug] [2025-10-27 21:24:16] begin to parse sfc file.
[Debug] [2025-10-27 21:24:16] begin to get device info from CFG file...
[Debug] [2025-10-27 21:24:16] end to get device info from CFG file...
[Debug] [2025-10-27 21:24:16] begin to get device info from CFG file...
[Debug] [2025-10-27 21:24:16] end to get device info from CFG file...
[Debug] [2025-10-27 21:24:16] end to parse sfc file.
[Debug] [2025-10-27 21:24:16] Log::Print : The Start Address of bit file D:/Desktop/video_class/camera_demo/FPGA_project/05_camera_pcie_capture_40pin_fmc/project/generate_bitstream/image_pcie_capture.sbit: 0x0
[Debug] [2025-10-27 21:24:17] End to Converte file.
[Debug] [2025-10-27 21:24:20] Begin to send scan outer flash cmd...
[Debug] [2025-10-27 21:24:20] Send RPC:4
[Debug] [2025-10-27 21:24:20] Send cmd [Scan Outer SPI Flash:20300] OK
[Debug] [2025-10-27 21:24:20] End to send scan outer flash cmd.
[Debug] [2025-10-27 21:24:21] begin to exec scan jtag flash cmd...
[Debug] [2025-10-27 21:24:21] Begin to initialize JtagFlash for selected FPGA Device...
[Debug] [2025-10-27 21:24:21] Begin to update graphic item and tree item ...
[Debug] [2025-10-27 21:24:21] End to update graphic item and tree item ...
[Info] [2025-10-27 21:24:21] set OpenLastPath: D:/Desktop/video_class/camera_demo/FPGA_project/05_camera_pcie_capture_40pin_fmc/project/generate_bitstream/image_pcie_capture.sfc
[Debug] [2025-10-27 21:24:21] begin to check SFC File and Flash Device Read Mode.
[Debug] [2025-10-27 21:24:21] end to check SFC File and Flash Device Read Mode.
[Debug] [2025-10-27 21:24:21] Begin to update graphic item and tree item ...
[Debug] [2025-10-27 21:24:21] End to update graphic item and tree item ...
[Debug] [2025-10-27 21:24:21] End to initialize OuterFlash for selected FPGA Device...
[Debug] [2025-10-27 21:24:21] end to exec scan jtag flash cmd...
[Debug] [2025-10-27 21:24:21] COMMAND[Scan Outer SPI Flash] execute successfully, takes 1.2 secs.
[Debug] [2025-10-27 21:24:21] Log::Print : COMMAND[Scan Outer SPI Flash] execute successfully, takes 1.2 secs.
[Debug] [2025-10-27 21:24:22] begin to send promgram jtag flash cmd.
[Debug] [2025-10-27 21:24:22] begin to send jtag flash erase cmd
[Debug] [2025-10-27 21:24:22] Send RPC:5
[Debug] [2025-10-27 21:24:22] Begin to send embed flash erase data.
[Debug] [2025-10-27 21:24:22] Begin to send flash erase data.
[Debug] [2025-10-27 21:24:22] End to send flash erase data.
[Debug] [2025-10-27 21:24:22] End to send embed flash erase data.
[Debug] [2025-10-27 21:24:22] Send cmd [Erase Outer Flash:20302] OK
[Debug] [2025-10-27 21:24:22] Log::Print : The start address of operating flash is 0x0.
[Debug] [2025-10-27 21:24:22] The value of Progress is 1
[Debug] [2025-10-27 21:24:24] The value of Progress is 6
[Debug] [2025-10-27 21:24:24] The value of Progress is 10
[Debug] [2025-10-27 21:24:24] The value of Progress is 17
[Debug] [2025-10-27 21:24:25] The value of Progress is 20
[Debug] [2025-10-27 21:24:26] The value of Progress is 27
[Debug] [2025-10-27 21:24:26] The value of Progress is 31
[Debug] [2025-10-27 21:24:27] The value of Progress is 37
[Debug] [2025-10-27 21:24:27] The value of Progress is 41
[Debug] [2025-10-27 21:24:28] The value of Progress is 48
[Debug] [2025-10-27 21:24:28] The value of Progress is 51
[Debug] [2025-10-27 21:24:28] The value of Progress is 55
[Debug] [2025-10-27 21:24:29] The value of Progress is 62
[Debug] [2025-10-27 21:24:29] The value of Progress is 65
[Debug] [2025-10-27 21:24:30] The value of Progress is 72
[Debug] [2025-10-27 21:24:30] The value of Progress is 75
[Debug] [2025-10-27 21:24:31] The value of Progress is 82
[Debug] [2025-10-27 21:24:31] The value of Progress is 86
[Debug] [2025-10-27 21:24:32] The value of Progress is 93
[Debug] [2025-10-27 21:24:32] The value of Progress is 96
[Debug] [2025-10-27 21:24:32] The value of Progress is 100
[Debug] [2025-10-27 21:24:33] COMMAND[Erase Outer Flash] execute finish, takes 10.2 secs.
[Debug] [2025-10-27 21:24:33] end to send jtag flash erase cmd.
[Debug] [2025-10-27 21:24:33] Send RPC:6
[Debug] [2025-10-27 21:24:33] Begin to send jtag flash program data.
[Debug] [2025-10-27 21:24:33] Begin to send flash program data.
[Debug] [2025-10-27 21:24:33] End to send flash program data.
[Debug] [2025-10-27 21:24:33] End to send embed flash program data.
[Debug] [2025-10-27 21:24:33] Send cmd [Program Outer Flash:20301] OK
[Debug] [2025-10-27 21:24:33] Log::Print : COMMAND[Erase Outer Flash] execute finish, takes 10.2 secs.
[Debug] [2025-10-27 21:24:33] Log::Print : The start address of operating flash is 0x0.
[Debug] [2025-10-27 21:24:33] The value of Progress is 1
[Debug] [2025-10-27 21:24:34] The value of Progress is 6
[Debug] [2025-10-27 21:24:36] The value of Progress is 10
[Debug] [2025-10-27 21:24:37] The value of Progress is 15
[Debug] [2025-10-27 21:24:38] The value of Progress is 20
[Debug] [2025-10-27 21:24:40] The value of Progress is 25
[Debug] [2025-10-27 21:24:41] The value of Progress is 30
[Debug] [2025-10-27 21:24:43] The value of Progress is 35
[Debug] [2025-10-27 21:24:44] The value of Progress is 40
[Debug] [2025-10-27 21:24:46] The value of Progress is 45
[Debug] [2025-10-27 21:24:47] The value of Progress is 50
[Debug] [2025-10-27 21:24:49] The value of Progress is 55
[Debug] [2025-10-27 21:24:50] The value of Progress is 60
[Debug] [2025-10-27 21:24:52] The value of Progress is 65
[Debug] [2025-10-27 21:24:53] The value of Progress is 70
[Debug] [2025-10-27 21:24:55] The value of Progress is 75
[Debug] [2025-10-27 21:24:56] The value of Progress is 80
[Debug] [2025-10-27 21:24:57] The value of Progress is 85
[Debug] [2025-10-27 21:24:59] The value of Progress is 90
[Debug] [2025-10-27 21:25:00] The value of Progress is 95
[Debug] [2025-10-27 21:25:02] The value of Progress is 100
[Debug] [2025-10-27 21:25:02] COMMAND[Program Outer Flash] execute finish, takes 29.4 secs.
[Debug] [2025-10-27 21:25:02] begin to send jtag flash verify cmd
[Debug] [2025-10-27 21:25:02] Send RPC:7
[Debug] [2025-10-27 21:25:02] Begin to send embed flash verify data.
[Debug] [2025-10-27 21:25:02] Begin to send flash verify data.
[Debug] [2025-10-27 21:25:02] End to send flash verify data.
[Debug] [2025-10-27 21:25:02] End to send embed flash verify data.
[Debug] [2025-10-27 21:25:02] Send cmd [Verify Outer Flash:20303] OK
[Debug] [2025-10-27 21:25:02] Log::Print : COMMAND[Program Outer Flash] execute finish, takes 29.4 secs.
[Debug] [2025-10-27 21:25:02] Log::Print : The start address of operating flash is 0x0.
[Debug] [2025-10-27 21:25:02] The value of Progress is 1
[Debug] [2025-10-27 21:25:02] The value of Progress is 6
[Debug] [2025-10-27 21:25:02] The value of Progress is 10
[Debug] [2025-10-27 21:25:02] The value of Progress is 15
[Debug] [2025-10-27 21:25:02] The value of Progress is 20
[Debug] [2025-10-27 21:25:03] The value of Progress is 25
[Debug] [2025-10-27 21:25:03] The value of Progress is 30
[Debug] [2025-10-27 21:25:03] The value of Progress is 35
[Debug] [2025-10-27 21:25:03] The value of Progress is 40
[Debug] [2025-10-27 21:25:03] The value of Progress is 45
[Debug] [2025-10-27 21:25:03] The value of Progress is 50
[Debug] [2025-10-27 21:25:03] The value of Progress is 55
[Debug] [2025-10-27 21:25:03] The value of Progress is 60
[Debug] [2025-10-27 21:25:03] The value of Progress is 65
[Debug] [2025-10-27 21:25:03] The value of Progress is 70
[Debug] [2025-10-27 21:25:03] The value of Progress is 75
[Debug] [2025-10-27 21:25:04] The value of Progress is 80
[Debug] [2025-10-27 21:25:04] The value of Progress is 85
[Debug] [2025-10-27 21:25:04] The value of Progress is 90
[Debug] [2025-10-27 21:25:04] The value of Progress is 95
[Debug] [2025-10-27 21:25:04] The value of Progress is 100
[Debug] [2025-10-27 21:25:04] COMMAND[Verify Outer Flash] execute successfully, takes 2.2 secs.
[Debug] [2025-10-27 21:25:04] end to send jtag flash verify cmd
[Debug] [2025-10-27 21:25:04] end to send jtag flash program cmd.
[Debug] [2025-10-27 21:25:04] Log::Print : COMMAND[Verify Outer Flash] execute successfully, takes 2.2 secs.
[Info] [2025-10-27 21:39:43] /***************************End Configration***************************/
[Info] [2025-10-27 21:39:45] /***************************Start Configuration***************************/
[Info] [2025-10-27 21:39:45] Path: C:/pango/PDS_2022.2-SP6.4/bin
[Info] [2025-10-27 21:39:45] Version: 146967
[Info] [2025-10-27 21:39:46] Current Path: D:/Desktop/video_class/camera_demo/FPGA_project/05_camera_pcie_capture_40pin_fmc/project
[Info] [2025-10-27 21:39:46] PDS Dir Path: D:/Desktop/video_class/camera_demo/FPGA_project/05_camera_pcie_capture_40pin_fmc/project
[Info] [2025-10-27 21:39:48] Configuration is not connect with server. connect first then scan chain.
[Debug] [2025-10-27 21:39:48] Client Local host name:LAPTOP-EA3TT0M1
[Debug] [2025-10-27 21:39:48] Client Local Address:10.104.21.106
[Debug] [2025-10-27 21:39:48] Server Address:127.0.0.1, Port:65420
[Debug] [2025-10-27 21:39:48] Log::Print : Connecting to server[127.0.0.1 : 65420].
[Info] [2025-10-27 21:39:48] Connect OK, Server: 127.0.0.1  Port: 65420
[Debug] [2025-10-27 21:39:48] Finish.
[Info] [2025-10-27 21:39:48] Connect server succeeded
[Debug] [2025-10-27 21:39:48] Send RPC:1
[Debug] [2025-10-27 21:39:48] Send cmd [check version information:40004] OK
[Debug] [2025-10-27 21:39:48] Log::Print : Connect to server[127.0.0.1 : 65420] successfully.
[Debug] [2025-10-27 21:39:49] Send RPC:2
[Debug] [2025-10-27 21:39:49] Send cmd [get_cable_paras:40010] OK
[Debug] [2025-10-27 21:39:49] Begin to send initialize chain cmd...
[Debug] [2025-10-27 21:39:49] Send RPC:3
[Debug] [2025-10-27 21:39:49] Send cmd [Open config cable:20001] OK
[Debug] [2025-10-27 21:39:49] End to send initialize chain cmd.
[Debug] [2025-10-27 21:39:49] COMMAND[check version information] execute successfully, takes 0.4 secs.
[Debug] [2025-10-27 21:39:49] Log::Print : COMMAND[check version information] execute successfully, takes 0.4 secs.
[Debug] [2025-10-27 21:39:50] COMMAND[get_cable_paras] execute successfully, takes 1.1 secs.
[Debug] [2025-10-27 21:39:50] Log::Print : The cable List : 
Cable index 0:USB Cable II/fffffffffffffffe 

[Debug] [2025-10-27 21:39:50] Log::Print : COMMAND[get_cable_paras] execute successfully, takes 1.1 secs.
[Debug] [2025-10-27 21:39:50] begin the exec of open cable cmd...
[Debug] [2025-10-27 21:39:50] Begin to deal with chain from server...
[Debug] [2025-10-27 21:39:50] Begin to set user chain...
[Debug] [2025-10-27 21:39:50] End to set user chain.
[Debug] [2025-10-27 21:39:50] Begin to update graphic item and tree item ...
[Debug] [2025-10-27 21:39:50] End to update graphic item and tree item ...
[Debug] [2025-10-27 21:39:50] Log::Print : PANGO USB CABLE II cable driver: D2XX DLL
[Debug] [2025-10-27 21:39:50] Log::Print : PG2L50H
[Debug] [2025-10-27 21:39:50] Log::Print : This device configure situation (done bit): 1
[Info] [2025-10-27 21:39:51] set OpenLastPath: D:/Desktop/video_class/camera_demo/FPGA_project/05_camera_pcie_capture_40pin_fmc/project/generate_bitstream/image_pcie_capture.sbit
[Debug] [2025-10-27 21:39:51] begin to get device info from CFG file...
[Debug] [2025-10-27 21:39:51] end to get device info from CFG file...
[Debug] [2025-10-27 21:39:51] Begin to update graphic item and tree item ...
[Debug] [2025-10-27 21:39:51] End to update graphic item and tree item ...
[Debug] [2025-10-27 21:39:51] Begin to update graphic item and tree item ...
[Debug] [2025-10-27 21:39:51] End to update graphic item and tree item ...
[Debug] [2025-10-27 21:39:51] End to deal wiht chain from server.
[Debug] [2025-10-27 21:39:51] end the exec of open cable cmd.
[Debug] [2025-10-27 21:39:51] COMMAND[Open config cable] execute successfully, takes 2.7 secs.
[Debug] [2025-10-27 21:39:51] Log::Print : COMMAND[Open config cable] execute successfully, takes 2.7 secs.
[Debug] [2025-10-27 21:39:54] Begin to Converte file.
[Debug] [2025-10-27 21:40:02] begin to parse sfc file.
[Debug] [2025-10-27 21:40:02] begin to get device info from CFG file...
[Debug] [2025-10-27 21:40:02] end to get device info from CFG file...
[Debug] [2025-10-27 21:40:02] begin to get device info from CFG file...
[Debug] [2025-10-27 21:40:02] end to get device info from CFG file...
[Debug] [2025-10-27 21:40:02] end to parse sfc file.
[Debug] [2025-10-27 21:40:02] Log::Print : The Start Address of bit file D:/Desktop/video_class/camera_demo/FPGA_project/05_camera_pcie_capture_40pin_fmc/project/generate_bitstream/image_pcie_capture.sbit: 0x0
[Debug] [2025-10-27 21:40:03] End to Converte file.
[Debug] [2025-10-27 21:40:05] Begin to send scan outer flash cmd...
[Debug] [2025-10-27 21:40:05] Send RPC:4
[Debug] [2025-10-27 21:40:05] Send cmd [Scan Outer SPI Flash:20300] OK
[Debug] [2025-10-27 21:40:05] End to send scan outer flash cmd.
[Debug] [2025-10-27 21:40:05] begin to exec scan jtag flash cmd...
[Debug] [2025-10-27 21:40:05] Begin to initialize JtagFlash for selected FPGA Device...
[Debug] [2025-10-27 21:40:05] Begin to update graphic item and tree item ...
[Debug] [2025-10-27 21:40:05] End to update graphic item and tree item ...
[Info] [2025-10-27 21:40:06] set OpenLastPath: D:/Desktop/video_class/camera_demo/FPGA_project/05_camera_pcie_capture_40pin_fmc/project/generate_bitstream/image_pcie_capture.sfc
[Debug] [2025-10-27 21:40:06] begin to check SFC File and Flash Device Read Mode.
[Debug] [2025-10-27 21:40:06] end to check SFC File and Flash Device Read Mode.
[Debug] [2025-10-27 21:40:06] Begin to update graphic item and tree item ...
[Debug] [2025-10-27 21:40:06] End to update graphic item and tree item ...
[Debug] [2025-10-27 21:40:06] End to initialize OuterFlash for selected FPGA Device...
[Debug] [2025-10-27 21:40:06] end to exec scan jtag flash cmd...
[Debug] [2025-10-27 21:40:06] COMMAND[Scan Outer SPI Flash] execute successfully, takes 1.5 secs.
[Debug] [2025-10-27 21:40:06] Log::Print : COMMAND[Scan Outer SPI Flash] execute successfully, takes 1.5 secs.
[Debug] [2025-10-27 21:40:08] begin to send promgram jtag flash cmd.
[Debug] [2025-10-27 21:40:08] begin to send jtag flash erase cmd
[Debug] [2025-10-27 21:40:08] Send RPC:5
[Debug] [2025-10-27 21:40:08] Begin to send embed flash erase data.
[Debug] [2025-10-27 21:40:08] Begin to send flash erase data.
[Debug] [2025-10-27 21:40:08] End to send flash erase data.
[Debug] [2025-10-27 21:40:08] End to send embed flash erase data.
[Debug] [2025-10-27 21:40:08] Send cmd [Erase Outer Flash:20302] OK
[Debug] [2025-10-27 21:40:08] Log::Print : The start address of operating flash is 0x0.
[Debug] [2025-10-27 21:40:09] The value of Progress is 1
[Debug] [2025-10-27 21:40:10] The value of Progress is 6
[Debug] [2025-10-27 21:40:10] The value of Progress is 10
[Debug] [2025-10-27 21:40:11] The value of Progress is 17
[Debug] [2025-10-27 21:40:11] The value of Progress is 20
[Debug] [2025-10-27 21:40:12] The value of Progress is 27
[Debug] [2025-10-27 21:40:12] The value of Progress is 31
[Debug] [2025-10-27 21:40:13] The value of Progress is 37
[Debug] [2025-10-27 21:40:13] The value of Progress is 41
[Debug] [2025-10-27 21:40:14] The value of Progress is 48
[Debug] [2025-10-27 21:40:14] The value of Progress is 51
[Debug] [2025-10-27 21:40:15] The value of Progress is 55
[Debug] [2025-10-27 21:40:15] The value of Progress is 62
[Debug] [2025-10-27 21:40:16] The value of Progress is 65
[Debug] [2025-10-27 21:40:16] The value of Progress is 72
[Debug] [2025-10-27 21:40:17] The value of Progress is 75
[Debug] [2025-10-27 21:40:17] Begin to send abort process cmd.
[Debug] [2025-10-27 21:40:17] Begin to flush aborting cmd. 
[Debug] [2025-10-27 21:40:17] End to flush aborting cmd. 
[Debug] [2025-10-27 21:40:17] End to send abort process cmd.
[Debug] [2025-10-27 21:40:17] end to send jtag flash erase cmd.
[Error] [2025-10-27 21:40:17] Flash Erasing failed before programming.
[Error] [2025-10-27 21:40:17] MsgOut: Configuration-0005: Try to abort Erasing.
[Debug] [2025-10-27 21:40:17] The value of Progress is 100
[Error] [2025-10-27 21:40:18] fail to exec Erase Outer Flash cmd...
[Error] [2025-10-27 21:40:18] MsgOut: JtagServer-0365: Current operation is canceled by the user.
[Error] [2025-10-27 21:40:18] MsgOut: Configuration-0008: The command 'Erase Outer Flash' execute fail.
[Debug] [2025-10-27 21:40:19] Begin to Converte file.
[Debug] [2025-10-27 21:40:19] End to Converte file.
[Debug] [2025-10-27 21:40:21] begin to parse sfc file.
[Debug] [2025-10-27 21:40:21] begin to get device info from CFG file...
[Debug] [2025-10-27 21:40:21] end to get device info from CFG file...
[Debug] [2025-10-27 21:40:21] begin to get device info from CFG file...
[Debug] [2025-10-27 21:40:21] end to get device info from CFG file...
[Debug] [2025-10-27 21:40:21] end to parse sfc file.
[Debug] [2025-10-27 21:40:21] Log::Print : The Start Address of bit file D:/Desktop/video_class/camera_demo/FPGA_project/05_camera_pcie_capture_40pin_fmc/project/generate_bitstream/image_pcie_capture.sbit: 0x0
[Debug] [2025-10-27 21:40:23] begin to send promgram jtag flash cmd.
[Debug] [2025-10-27 21:40:23] begin to send jtag flash erase cmd
[Debug] [2025-10-27 21:40:23] Send RPC:6
[Debug] [2025-10-27 21:40:23] Begin to send embed flash erase data.
[Debug] [2025-10-27 21:40:23] Begin to send flash erase data.
[Debug] [2025-10-27 21:40:23] End to send flash erase data.
[Debug] [2025-10-27 21:40:23] End to send embed flash erase data.
[Debug] [2025-10-27 21:40:23] Send cmd [Erase Outer Flash:20302] OK
[Debug] [2025-10-27 21:40:23] Log::Print : The start address of operating flash is 0x0.
[Debug] [2025-10-27 21:40:23] The value of Progress is 1
[Debug] [2025-10-27 21:40:25] The value of Progress is 6
[Debug] [2025-10-27 21:40:25] The value of Progress is 10
[Debug] [2025-10-27 21:40:26] The value of Progress is 17
[Debug] [2025-10-27 21:40:26] The value of Progress is 20
[Debug] [2025-10-27 21:40:27] The value of Progress is 27
[Debug] [2025-10-27 21:40:27] The value of Progress is 31
[Debug] [2025-10-27 21:40:28] The value of Progress is 37
[Debug] [2025-10-27 21:40:28] The value of Progress is 41
[Debug] [2025-10-27 21:40:29] The value of Progress is 48
[Debug] [2025-10-27 21:40:30] The value of Progress is 51
[Debug] [2025-10-27 21:40:30] The value of Progress is 55
[Debug] [2025-10-27 21:40:31] The value of Progress is 62
[Debug] [2025-10-27 21:40:31] The value of Progress is 65
[Debug] [2025-10-27 21:40:32] The value of Progress is 72
[Debug] [2025-10-27 21:40:32] The value of Progress is 75
[Debug] [2025-10-27 21:40:33] The value of Progress is 82
[Debug] [2025-10-27 21:40:33] The value of Progress is 86
[Debug] [2025-10-27 21:40:34] The value of Progress is 93
[Debug] [2025-10-27 21:40:34] The value of Progress is 96
[Debug] [2025-10-27 21:40:34] The value of Progress is 100
[Debug] [2025-10-27 21:40:34] COMMAND[Erase Outer Flash] execute finish, takes 11.1 secs.
[Debug] [2025-10-27 21:40:34] end to send jtag flash erase cmd.
[Debug] [2025-10-27 21:40:34] Send RPC:7
[Debug] [2025-10-27 21:40:34] Begin to send jtag flash program data.
[Debug] [2025-10-27 21:40:34] Begin to send flash program data.
[Debug] [2025-10-27 21:40:34] End to send flash program data.
[Debug] [2025-10-27 21:40:34] End to send embed flash program data.
[Debug] [2025-10-27 21:40:34] Send cmd [Program Outer Flash:20301] OK
[Debug] [2025-10-27 21:40:34] Log::Print : COMMAND[Erase Outer Flash] execute finish, takes 11.1 secs.
[Debug] [2025-10-27 21:40:34] Log::Print : The start address of operating flash is 0x0.
[Debug] [2025-10-27 21:40:35] The value of Progress is 1
[Debug] [2025-10-27 21:40:36] The value of Progress is 6
[Debug] [2025-10-27 21:40:37] The value of Progress is 10
[Debug] [2025-10-27 21:40:39] The value of Progress is 15
[Debug] [2025-10-27 21:40:40] The value of Progress is 20
[Debug] [2025-10-27 21:40:42] The value of Progress is 25
[Debug] [2025-10-27 21:40:43] The value of Progress is 30
[Debug] [2025-10-27 21:40:45] The value of Progress is 35
[Debug] [2025-10-27 21:40:46] The value of Progress is 40
[Debug] [2025-10-27 21:40:47] The value of Progress is 45
[Debug] [2025-10-27 21:40:49] The value of Progress is 50
[Debug] [2025-10-27 21:40:50] The value of Progress is 55
[Debug] [2025-10-27 21:40:52] The value of Progress is 60
[Debug] [2025-10-27 21:40:53] The value of Progress is 65
[Debug] [2025-10-27 21:40:55] The value of Progress is 70
[Debug] [2025-10-27 21:40:56] The value of Progress is 75
[Debug] [2025-10-27 21:40:58] The value of Progress is 80
[Debug] [2025-10-27 21:40:59] The value of Progress is 85
[Debug] [2025-10-27 21:41:00] The value of Progress is 90
[Debug] [2025-10-27 21:41:02] The value of Progress is 95
[Debug] [2025-10-27 21:41:03] The value of Progress is 100
[Debug] [2025-10-27 21:41:04] COMMAND[Program Outer Flash] execute finish, takes 29.2 secs.
[Debug] [2025-10-27 21:41:04] begin to send jtag flash verify cmd
[Debug] [2025-10-27 21:41:04] Send RPC:8
[Debug] [2025-10-27 21:41:04] Begin to send embed flash verify data.
[Debug] [2025-10-27 21:41:04] Begin to send flash verify data.
[Debug] [2025-10-27 21:41:04] End to send flash verify data.
[Debug] [2025-10-27 21:41:04] End to send embed flash verify data.
[Debug] [2025-10-27 21:41:04] Send cmd [Verify Outer Flash:20303] OK
[Debug] [2025-10-27 21:41:04] Log::Print : COMMAND[Program Outer Flash] execute finish, takes 29.2 secs.
[Debug] [2025-10-27 21:41:04] Log::Print : The start address of operating flash is 0x0.
[Debug] [2025-10-27 21:41:04] The value of Progress is 1
[Debug] [2025-10-27 21:41:04] The value of Progress is 6
[Debug] [2025-10-27 21:41:04] The value of Progress is 10
[Debug] [2025-10-27 21:41:04] The value of Progress is 15
[Debug] [2025-10-27 21:41:04] The value of Progress is 20
[Debug] [2025-10-27 21:41:04] The value of Progress is 25
[Debug] [2025-10-27 21:41:04] The value of Progress is 30
[Debug] [2025-10-27 21:41:04] The value of Progress is 35
[Debug] [2025-10-27 21:41:04] The value of Progress is 40
[Debug] [2025-10-27 21:41:05] The value of Progress is 45
[Debug] [2025-10-27 21:41:05] The value of Progress is 50
[Debug] [2025-10-27 21:41:05] The value of Progress is 55
[Debug] [2025-10-27 21:41:05] The value of Progress is 60
[Debug] [2025-10-27 21:41:05] The value of Progress is 65
[Debug] [2025-10-27 21:41:05] The value of Progress is 70
[Debug] [2025-10-27 21:41:05] The value of Progress is 75
[Debug] [2025-10-27 21:41:05] The value of Progress is 80
[Debug] [2025-10-27 21:41:05] The value of Progress is 85
[Debug] [2025-10-27 21:41:05] The value of Progress is 90
[Debug] [2025-10-27 21:41:05] The value of Progress is 95
[Debug] [2025-10-27 21:41:06] The value of Progress is 100
[Debug] [2025-10-27 21:41:06] COMMAND[Verify Outer Flash] execute successfully, takes 2.2 secs.
[Debug] [2025-10-27 21:41:06] end to send jtag flash verify cmd
[Debug] [2025-10-27 21:41:06] end to send jtag flash program cmd.
[Debug] [2025-10-27 21:41:06] Log::Print : COMMAND[Verify Outer Flash] execute successfully, takes 2.2 secs.
[Info] [2025-10-27 21:57:28] /***************************End Configration***************************/
[Info] [2025-11-29 00:49:34] /***************************Start Configuration***************************/
[Info] [2025-11-29 00:49:34] Path: E:/PDS_FPGA/PDS_2022.2-SP6.4/bin
[Info] [2025-11-29 00:49:34] Version: 146967
[Info] [2025-11-29 00:49:35] Current Path: F:/final_camer/05_camera_pcie_capture_40pin_fmc/05_camera_pcie_capture_40pin_fmc/project
[Info] [2025-11-29 00:49:35] PDS Dir Path: F:/final_camer/05_camera_pcie_capture_40pin_fmc/05_camera_pcie_capture_40pin_fmc/project
[Info] [2025-11-29 00:49:37] Configuration is not connect with server. connect first then scan chain.
[Debug] [2025-11-29 00:49:38] Client Local host name:????
[Debug] [2025-11-29 00:49:38] Client Local Address:192.168.1.6
[Debug] [2025-11-29 00:49:38] Server Address:127.0.0.1, Port:65420
[Debug] [2025-11-29 00:49:38] Log::Print : Connecting to server[127.0.0.1 : 65420].
[Info] [2025-11-29 00:49:38] Connect OK, Server: 127.0.0.1  Port: 65420
[Debug] [2025-11-29 00:49:38] Finish.
[Info] [2025-11-29 00:49:38] Connect server succeeded
[Debug] [2025-11-29 00:49:38] Send RPC:1
[Debug] [2025-11-29 00:49:38] Send cmd [check version information:40004] OK
[Debug] [2025-11-29 00:49:38] Log::Print : Connect to server[127.0.0.1 : 65420] successfully.
[Debug] [2025-11-29 00:49:38] Send RPC:2
[Debug] [2025-11-29 00:49:38] Send cmd [get_cable_paras:40010] OK
[Debug] [2025-11-29 00:49:38] Begin to send initialize chain cmd...
[Debug] [2025-11-29 00:49:38] Send RPC:3
[Debug] [2025-11-29 00:49:38] Send cmd [Open config cable:20001] OK
[Debug] [2025-11-29 00:49:38] End to send initialize chain cmd.
[Debug] [2025-11-29 00:49:38] COMMAND[check version information] execute successfully, takes 0.3 secs.
[Debug] [2025-11-29 00:49:38] Log::Print : COMMAND[check version information] execute successfully, takes 0.3 secs.
[Debug] [2025-11-29 00:49:40] COMMAND[get_cable_paras] execute successfully, takes 1.2 secs.
[Debug] [2025-11-29 00:49:40] Log::Print : The cable List : 
Cable index 0:USB Cable II/fffffffffffffffe 

[Debug] [2025-11-29 00:49:40] Log::Print : COMMAND[get_cable_paras] execute successfully, takes 1.2 secs.
[Debug] [2025-11-29 00:49:40] begin the exec of open cable cmd...
[Debug] [2025-11-29 00:49:40] Begin to deal with chain from server...
[Debug] [2025-11-29 00:49:40] Begin to set user chain...
[Debug] [2025-11-29 00:49:40] End to set user chain.
[Debug] [2025-11-29 00:49:40] Begin to update graphic item and tree item ...
[Debug] [2025-11-29 00:49:40] End to update graphic item and tree item ...
[Debug] [2025-11-29 00:49:40] Log::Print : PANGO USB CABLE II cable driver: D2XX DLL
[Debug] [2025-11-29 00:49:40] Log::Print : PG2L50H
[Debug] [2025-11-29 00:49:40] Log::Print : This device configure situation (done bit): 1
[Info] [2025-11-29 00:49:42] set OpenLastPath: F:/final_camer/05_camera_pcie_capture_40pin_fmc/05_camera_pcie_capture_40pin_fmc/project/generate_bitstream/image_pcie_capture.sbit
[Debug] [2025-11-29 00:49:42] begin to get device info from CFG file...
[Debug] [2025-11-29 00:49:42] end to get device info from CFG file...
[Debug] [2025-11-29 00:49:42] Begin to update graphic item and tree item ...
[Debug] [2025-11-29 00:49:42] End to update graphic item and tree item ...
[Debug] [2025-11-29 00:49:42] Begin to update graphic item and tree item ...
[Debug] [2025-11-29 00:49:42] End to update graphic item and tree item ...
[Debug] [2025-11-29 00:49:42] End to deal wiht chain from server.
[Debug] [2025-11-29 00:49:42] end the exec of open cable cmd.
[Debug] [2025-11-29 00:49:42] COMMAND[Open config cable] execute successfully, takes 3.4 secs.
[Debug] [2025-11-29 00:49:42] Log::Print : COMMAND[Open config cable] execute successfully, takes 3.4 secs.
[Debug] [2025-11-29 00:49:43] Begin to send programming cmd...
[Debug] [2025-11-29 00:49:43] Send RPC:4
[Debug] [2025-11-29 00:49:43] Begin to send program data.
[Debug] [2025-11-29 00:49:43] End to send program data.
[Debug] [2025-11-29 00:49:43] Send cmd [Program:20002] OK
[Debug] [2025-11-29 00:49:43] The value of Progress is 6
[Debug] [2025-11-29 00:49:43] The value of Progress is 10
[Debug] [2025-11-29 00:49:44] The value of Progress is 15
[Debug] [2025-11-29 00:49:44] The value of Progress is 20
[Debug] [2025-11-29 00:49:44] The value of Progress is 25
[Debug] [2025-11-29 00:49:44] The value of Progress is 30
[Debug] [2025-11-29 00:49:44] The value of Progress is 35
[Debug] [2025-11-29 00:49:44] The value of Progress is 40
[Debug] [2025-11-29 00:49:44] The value of Progress is 45
[Debug] [2025-11-29 00:49:44] The value of Progress is 50
[Debug] [2025-11-29 00:49:44] The value of Progress is 55
[Debug] [2025-11-29 00:49:44] The value of Progress is 60
[Debug] [2025-11-29 00:49:44] The value of Progress is 65
[Debug] [2025-11-29 00:49:44] The value of Progress is 70
[Debug] [2025-11-29 00:49:45] The value of Progress is 75
[Debug] [2025-11-29 00:49:45] The value of Progress is 80
[Debug] [2025-11-29 00:49:45] The value of Progress is 85
[Debug] [2025-11-29 00:49:45] The value of Progress is 90
[Debug] [2025-11-29 00:49:45] The value of Progress is 95
[Debug] [2025-11-29 00:49:45] The value of Progress is 100
[Debug] [2025-11-29 00:49:45] COMMAND[Program] execute successfully, takes 2.0 secs.
[Debug] [2025-11-29 00:49:45] End to send programming cmd.
[Debug] [2025-11-29 00:49:45] Log::Print : The done bit is 1
[Debug] [2025-11-29 00:49:45] Log::Print : COMMAND[Program] execute successfully, takes 2.0 secs.
[Debug] [2025-11-29 00:49:47] Begin to Converte file.
[Debug] [2025-11-29 00:49:52] begin to parse sfc file.
[Debug] [2025-11-29 00:49:52] begin to get device info from CFG file...
[Debug] [2025-11-29 00:49:52] end to get device info from CFG file...
[Debug] [2025-11-29 00:49:52] begin to get device info from CFG file...
[Debug] [2025-11-29 00:49:52] end to get device info from CFG file...
[Debug] [2025-11-29 00:49:52] end to parse sfc file.
[Debug] [2025-11-29 00:49:52] Log::Print : The Start Address of bit file F:/final_camer/05_camera_pcie_capture_40pin_fmc/05_camera_pcie_capture_40pin_fmc/project/generate_bitstream/image_pcie_capture.sbit: 0x0
[Debug] [2025-11-29 00:49:53] End to Converte file.
[Debug] [2025-11-29 00:49:54] Begin to send scan outer flash cmd...
[Debug] [2025-11-29 00:49:54] Send RPC:5
[Debug] [2025-11-29 00:49:54] Send cmd [Scan Outer SPI Flash:20300] OK
[Debug] [2025-11-29 00:49:54] End to send scan outer flash cmd.
[Debug] [2025-11-29 00:49:55] begin to exec scan jtag flash cmd...
[Debug] [2025-11-29 00:49:55] Begin to initialize JtagFlash for selected FPGA Device...
[Debug] [2025-11-29 00:49:55] Begin to update graphic item and tree item ...
[Debug] [2025-11-29 00:49:55] End to update graphic item and tree item ...
[Info] [2025-11-29 00:49:56] set OpenLastPath: F:/final_camer/05_camera_pcie_capture_40pin_fmc/05_camera_pcie_capture_40pin_fmc/project/generate_bitstream/image_pcie_capture.sfc
[Debug] [2025-11-29 00:49:56] begin to check SFC File and Flash Device Read Mode.
[Debug] [2025-11-29 00:49:56] end to check SFC File and Flash Device Read Mode.
[Debug] [2025-11-29 00:49:56] Begin to update graphic item and tree item ...
[Debug] [2025-11-29 00:49:56] End to update graphic item and tree item ...
[Debug] [2025-11-29 00:49:56] End to initialize OuterFlash for selected FPGA Device...
[Debug] [2025-11-29 00:49:56] end to exec scan jtag flash cmd...
[Debug] [2025-11-29 00:49:56] COMMAND[Scan Outer SPI Flash] execute successfully, takes 1.5 secs.
[Debug] [2025-11-29 00:49:56] Log::Print : COMMAND[Scan Outer SPI Flash] execute successfully, takes 1.5 secs.
[Debug] [2025-11-29 00:49:57] begin to send promgram jtag flash cmd.
[Debug] [2025-11-29 00:49:57] begin to send jtag flash erase cmd
[Debug] [2025-11-29 00:49:57] Send RPC:6
[Debug] [2025-11-29 00:49:57] Begin to send embed flash erase data.
[Debug] [2025-11-29 00:49:57] Begin to send flash erase data.
[Debug] [2025-11-29 00:49:57] End to send flash erase data.
[Debug] [2025-11-29 00:49:57] End to send embed flash erase data.
[Debug] [2025-11-29 00:49:57] Send cmd [Erase Outer Flash:20302] OK
[Debug] [2025-11-29 00:49:57] Log::Print : The start address of operating flash is 0x0.
[Debug] [2025-11-29 00:49:57] The value of Progress is 1
[Debug] [2025-11-29 00:49:58] The value of Progress is 6
[Debug] [2025-11-29 00:49:58] The value of Progress is 10
[Debug] [2025-11-29 00:49:59] The value of Progress is 16
[Debug] [2025-11-29 00:49:59] The value of Progress is 20
[Debug] [2025-11-29 00:50:00] The value of Progress is 26
[Debug] [2025-11-29 00:50:00] The value of Progress is 30
[Debug] [2025-11-29 00:50:01] The value of Progress is 36
[Debug] [2025-11-29 00:50:01] The value of Progress is 40
[Debug] [2025-11-29 00:50:02] The value of Progress is 46
[Debug] [2025-11-29 00:50:02] The value of Progress is 50
[Debug] [2025-11-29 00:50:03] The value of Progress is 56
[Debug] [2025-11-29 00:50:03] The value of Progress is 60
[Debug] [2025-11-29 00:50:04] The value of Progress is 66
[Debug] [2025-11-29 00:50:04] The value of Progress is 70
[Debug] [2025-11-29 00:50:05] The value of Progress is 76
[Debug] [2025-11-29 00:50:05] The value of Progress is 80
[Debug] [2025-11-29 00:50:06] The value of Progress is 86
[Debug] [2025-11-29 00:50:06] The value of Progress is 90
[Debug] [2025-11-29 00:50:07] The value of Progress is 96
[Debug] [2025-11-29 00:50:07] The value of Progress is 100
[Debug] [2025-11-29 00:50:07] COMMAND[Erase Outer Flash] execute finish, takes 10.2 secs.
[Debug] [2025-11-29 00:50:07] end to send jtag flash erase cmd.
[Debug] [2025-11-29 00:50:07] Send RPC:7
[Debug] [2025-11-29 00:50:07] Begin to send jtag flash program data.
[Debug] [2025-11-29 00:50:07] Begin to send flash program data.
[Debug] [2025-11-29 00:50:07] End to send flash program data.
[Debug] [2025-11-29 00:50:07] End to send embed flash program data.
[Debug] [2025-11-29 00:50:07] Send cmd [Program Outer Flash:20301] OK
[Debug] [2025-11-29 00:50:07] Log::Print : COMMAND[Erase Outer Flash] execute finish, takes 10.2 secs.
[Debug] [2025-11-29 00:50:07] Log::Print : The start address of operating flash is 0x0.
[Debug] [2025-11-29 00:50:07] The value of Progress is 1
[Debug] [2025-11-29 00:50:09] The value of Progress is 6
[Debug] [2025-11-29 00:50:10] The value of Progress is 10
[Debug] [2025-11-29 00:50:12] The value of Progress is 15
[Debug] [2025-11-29 00:50:13] The value of Progress is 20
[Debug] [2025-11-29 00:50:15] The value of Progress is 25
[Debug] [2025-11-29 00:50:16] The value of Progress is 30
[Debug] [2025-11-29 00:50:18] The value of Progress is 35
[Debug] [2025-11-29 00:50:19] The value of Progress is 40
[Debug] [2025-11-29 00:50:21] The value of Progress is 45
[Debug] [2025-11-29 00:50:22] The value of Progress is 50
[Debug] [2025-11-29 00:50:24] The value of Progress is 55
[Debug] [2025-11-29 00:50:26] The value of Progress is 60
[Debug] [2025-11-29 00:50:27] The value of Progress is 65
[Debug] [2025-11-29 00:50:29] The value of Progress is 70
[Debug] [2025-11-29 00:50:30] The value of Progress is 75
[Debug] [2025-11-29 00:50:32] The value of Progress is 80
[Debug] [2025-11-29 00:50:33] The value of Progress is 85
[Debug] [2025-11-29 00:50:35] The value of Progress is 90
[Debug] [2025-11-29 00:50:36] The value of Progress is 95
[Debug] [2025-11-29 00:50:38] The value of Progress is 100
[Debug] [2025-11-29 00:50:38] COMMAND[Program Outer Flash] execute finish, takes 30.9 secs.
[Debug] [2025-11-29 00:50:38] begin to send jtag flash verify cmd
[Debug] [2025-11-29 00:50:38] Send RPC:8
[Debug] [2025-11-29 00:50:38] Begin to send embed flash verify data.
[Debug] [2025-11-29 00:50:38] Begin to send flash verify data.
[Debug] [2025-11-29 00:50:38] End to send flash verify data.
[Debug] [2025-11-29 00:50:38] End to send embed flash verify data.
[Debug] [2025-11-29 00:50:38] Send cmd [Verify Outer Flash:20303] OK
[Debug] [2025-11-29 00:50:38] Log::Print : COMMAND[Program Outer Flash] execute finish, takes 30.9 secs.
[Debug] [2025-11-29 00:50:38] Log::Print : The start address of operating flash is 0x0.
[Debug] [2025-11-29 00:50:38] The value of Progress is 1
[Debug] [2025-11-29 00:50:38] The value of Progress is 6
[Debug] [2025-11-29 00:50:38] The value of Progress is 10
[Debug] [2025-11-29 00:50:38] The value of Progress is 15
[Debug] [2025-11-29 00:50:38] The value of Progress is 20
[Debug] [2025-11-29 00:50:39] The value of Progress is 25
[Debug] [2025-11-29 00:50:39] The value of Progress is 30
[Debug] [2025-11-29 00:50:39] The value of Progress is 35
[Debug] [2025-11-29 00:50:39] The value of Progress is 40
[Debug] [2025-11-29 00:50:39] The value of Progress is 45
[Debug] [2025-11-29 00:50:39] The value of Progress is 50
[Debug] [2025-11-29 00:50:39] The value of Progress is 55
[Debug] [2025-11-29 00:50:39] The value of Progress is 60
[Debug] [2025-11-29 00:50:39] The value of Progress is 65
[Debug] [2025-11-29 00:50:39] The value of Progress is 70
[Debug] [2025-11-29 00:50:40] The value of Progress is 75
[Debug] [2025-11-29 00:50:40] The value of Progress is 80
[Debug] [2025-11-29 00:50:40] The value of Progress is 85
[Debug] [2025-11-29 00:50:40] The value of Progress is 90
[Debug] [2025-11-29 00:50:40] The value of Progress is 95
[Debug] [2025-11-29 00:50:40] The value of Progress is 100
[Debug] [2025-11-29 00:50:40] COMMAND[Verify Outer Flash] execute successfully, takes 2.2 secs.
[Debug] [2025-11-29 00:50:40] end to send jtag flash verify cmd
[Debug] [2025-11-29 00:50:40] end to send jtag flash program cmd.
[Debug] [2025-11-29 00:50:40] Log::Print : COMMAND[Verify Outer Flash] execute successfully, takes 2.2 secs.
[Info] [2025-11-29 02:31:23] /***************************End Configration***************************/
[Info] [2025-11-29 02:31:24] /***************************Start Configuration***************************/
[Info] [2025-11-29 02:31:24] Path: E:/PDS_FPGA/PDS_2022.2-SP6.4/bin
[Info] [2025-11-29 02:31:24] Version: 146967
[Info] [2025-11-29 02:31:25] Current Path: F:/final_camer/05_camera_pcie_capture_40pin_fmc/05_camera_pcie_capture_40pin_fmc/project
[Info] [2025-11-29 02:31:25] PDS Dir Path: F:/final_camer/05_camera_pcie_capture_40pin_fmc/05_camera_pcie_capture_40pin_fmc/project
[Info] [2025-11-29 02:31:28] Configuration is not connect with server. connect first then scan chain.
[Debug] [2025-11-29 02:31:29] Client Local host name:????
[Debug] [2025-11-29 02:31:29] Client Local Address:192.168.1.6
[Debug] [2025-11-29 02:31:29] Server Address:127.0.0.1, Port:65420
[Debug] [2025-11-29 02:31:29] Log::Print : Connecting to server[127.0.0.1 : 65420].
[Info] [2025-11-29 02:31:29] Connect OK, Server: 127.0.0.1  Port: 65420
[Debug] [2025-11-29 02:31:29] Finish.
[Info] [2025-11-29 02:31:29] Connect server succeeded
[Debug] [2025-11-29 02:31:29] Send RPC:1
[Debug] [2025-11-29 02:31:29] Send cmd [check version information:40004] OK
[Debug] [2025-11-29 02:31:29] Log::Print : Connect to server[127.0.0.1 : 65420] successfully.
[Debug] [2025-11-29 02:31:30] Send RPC:2
[Debug] [2025-11-29 02:31:30] Send cmd [get_cable_paras:40010] OK
[Debug] [2025-11-29 02:31:30] Begin to send initialize chain cmd...
[Debug] [2025-11-29 02:31:30] Send RPC:3
[Debug] [2025-11-29 02:31:30] Send cmd [Open config cable:20001] OK
[Debug] [2025-11-29 02:31:30] End to send initialize chain cmd.
[Debug] [2025-11-29 02:31:30] COMMAND[check version information] execute successfully, takes 0.5 secs.
[Debug] [2025-11-29 02:31:30] Log::Print : COMMAND[check version information] execute successfully, takes 0.5 secs.
[Debug] [2025-11-29 02:31:31] COMMAND[get_cable_paras] execute successfully, takes 1.3 secs.
[Debug] [2025-11-29 02:31:31] Log::Print : The cable List : 
Cable index 0:USB Cable II/fffffffffffffffe 

[Debug] [2025-11-29 02:31:31] Log::Print : COMMAND[get_cable_paras] execute successfully, takes 1.3 secs.
[Debug] [2025-11-29 02:31:31] begin the exec of open cable cmd...
[Debug] [2025-11-29 02:31:31] Begin to deal with chain from server...
[Debug] [2025-11-29 02:31:31] Begin to set user chain...
[Debug] [2025-11-29 02:31:31] End to set user chain.
[Debug] [2025-11-29 02:31:31] Begin to update graphic item and tree item ...
[Debug] [2025-11-29 02:31:31] End to update graphic item and tree item ...
[Debug] [2025-11-29 02:31:31] Log::Print : PANGO USB CABLE II cable driver: D2XX DLL
[Debug] [2025-11-29 02:31:31] Log::Print : PG2L50H
[Debug] [2025-11-29 02:31:31] Log::Print : This device configure situation (done bit): 1
[Info] [2025-11-29 02:31:34] set OpenLastPath: F:/final_camer/05_camera_pcie_capture_40pin_fmc/05_camera_pcie_capture_40pin_fmc/project/generate_bitstream/image_pcie_capture.sbit
[Debug] [2025-11-29 02:31:34] begin to get device info from CFG file...
[Debug] [2025-11-29 02:31:34] end to get device info from CFG file...
[Debug] [2025-11-29 02:31:34] Begin to update graphic item and tree item ...
[Debug] [2025-11-29 02:31:34] End to update graphic item and tree item ...
[Debug] [2025-11-29 02:31:34] Begin to update graphic item and tree item ...
[Debug] [2025-11-29 02:31:34] End to update graphic item and tree item ...
[Debug] [2025-11-29 02:31:34] End to deal wiht chain from server.
[Debug] [2025-11-29 02:31:34] end the exec of open cable cmd.
[Debug] [2025-11-29 02:31:34] COMMAND[Open config cable] execute successfully, takes 4.2 secs.
[Debug] [2025-11-29 02:31:34] Log::Print : COMMAND[Open config cable] execute successfully, takes 4.2 secs.
[Debug] [2025-11-29 02:31:35] Begin to send programming cmd...
[Debug] [2025-11-29 02:31:35] Send RPC:4
[Debug] [2025-11-29 02:31:35] Begin to send program data.
[Debug] [2025-11-29 02:31:35] End to send program data.
[Debug] [2025-11-29 02:31:35] Send cmd [Program:20002] OK
[Debug] [2025-11-29 02:31:35] The value of Progress is 6
[Debug] [2025-11-29 02:31:35] The value of Progress is 10
[Debug] [2025-11-29 02:31:36] The value of Progress is 15
[Debug] [2025-11-29 02:31:36] The value of Progress is 20
[Debug] [2025-11-29 02:31:36] The value of Progress is 25
[Debug] [2025-11-29 02:31:36] The value of Progress is 30
[Debug] [2025-11-29 02:31:36] The value of Progress is 35
[Debug] [2025-11-29 02:31:36] The value of Progress is 40
[Debug] [2025-11-29 02:31:36] The value of Progress is 45
[Debug] [2025-11-29 02:31:36] The value of Progress is 50
[Debug] [2025-11-29 02:31:36] The value of Progress is 55
[Debug] [2025-11-29 02:31:36] The value of Progress is 60
[Debug] [2025-11-29 02:31:36] The value of Progress is 65
[Debug] [2025-11-29 02:31:36] The value of Progress is 70
[Debug] [2025-11-29 02:31:36] The value of Progress is 75
[Debug] [2025-11-29 02:31:37] The value of Progress is 80
[Debug] [2025-11-29 02:31:37] The value of Progress is 85
[Debug] [2025-11-29 02:31:37] The value of Progress is 90
[Debug] [2025-11-29 02:31:37] The value of Progress is 95
[Debug] [2025-11-29 02:31:37] The value of Progress is 100
[Debug] [2025-11-29 02:31:37] COMMAND[Program] execute successfully, takes 2.0 secs.
[Debug] [2025-11-29 02:31:37] End to send programming cmd.
[Debug] [2025-11-29 02:31:37] Log::Print : The done bit is 1
[Debug] [2025-11-29 02:31:37] Log::Print : COMMAND[Program] execute successfully, takes 2.0 secs.
[Debug] [2025-11-29 02:31:38] Begin to Converte file.
[Debug] [2025-11-29 02:31:43] begin to parse sfc file.
[Debug] [2025-11-29 02:31:43] begin to get device info from CFG file...
[Debug] [2025-11-29 02:31:43] end to get device info from CFG file...
[Debug] [2025-11-29 02:31:43] begin to get device info from CFG file...
[Debug] [2025-11-29 02:31:43] end to get device info from CFG file...
[Debug] [2025-11-29 02:31:43] end to parse sfc file.
[Debug] [2025-11-29 02:31:43] Log::Print : The Start Address of bit file F:/final_camer/05_camera_pcie_capture_40pin_fmc/05_camera_pcie_capture_40pin_fmc/project/generate_bitstream/image_pcie_capture.sbit: 0x0
[Debug] [2025-11-29 02:31:44] End to Converte file.
[Debug] [2025-11-29 02:31:48] Begin to send scan outer flash cmd...
[Debug] [2025-11-29 02:31:48] Send RPC:5
[Debug] [2025-11-29 02:31:48] Send cmd [Scan Outer SPI Flash:20300] OK
[Debug] [2025-11-29 02:31:48] End to send scan outer flash cmd.
[Debug] [2025-11-29 02:31:48] begin to exec scan jtag flash cmd...
[Debug] [2025-11-29 02:31:48] Begin to initialize JtagFlash for selected FPGA Device...
[Debug] [2025-11-29 02:31:48] Begin to update graphic item and tree item ...
[Debug] [2025-11-29 02:31:48] End to update graphic item and tree item ...
[Info] [2025-11-29 02:31:50] set OpenLastPath: F:/final_camer/05_camera_pcie_capture_40pin_fmc/05_camera_pcie_capture_40pin_fmc/project/generate_bitstream/image_pcie_capture.sfc
[Debug] [2025-11-29 02:31:50] begin to check SFC File and Flash Device Read Mode.
[Debug] [2025-11-29 02:31:50] end to check SFC File and Flash Device Read Mode.
[Debug] [2025-11-29 02:31:50] Begin to update graphic item and tree item ...
[Debug] [2025-11-29 02:31:50] End to update graphic item and tree item ...
[Debug] [2025-11-29 02:31:50] End to initialize OuterFlash for selected FPGA Device...
[Debug] [2025-11-29 02:31:50] end to exec scan jtag flash cmd...
[Debug] [2025-11-29 02:31:50] COMMAND[Scan Outer SPI Flash] execute successfully, takes 1.7 secs.
[Debug] [2025-11-29 02:31:50] Log::Print : COMMAND[Scan Outer SPI Flash] execute successfully, takes 1.7 secs.
[Debug] [2025-11-29 02:31:51] begin to send promgram jtag flash cmd.
[Debug] [2025-11-29 02:31:51] begin to send jtag flash erase cmd
[Debug] [2025-11-29 02:31:51] Send RPC:6
[Debug] [2025-11-29 02:31:51] Begin to send embed flash erase data.
[Debug] [2025-11-29 02:31:51] Begin to send flash erase data.
[Debug] [2025-11-29 02:31:51] End to send flash erase data.
[Debug] [2025-11-29 02:31:51] End to send embed flash erase data.
[Debug] [2025-11-29 02:31:51] Send cmd [Erase Outer Flash:20302] OK
[Debug] [2025-11-29 02:31:51] Log::Print : The start address of operating flash is 0x0.
[Debug] [2025-11-29 02:31:51] The value of Progress is 1
[Debug] [2025-11-29 02:31:52] The value of Progress is 6
[Debug] [2025-11-29 02:31:52] The value of Progress is 10
[Debug] [2025-11-29 02:31:53] The value of Progress is 17
[Debug] [2025-11-29 02:31:53] The value of Progress is 20
[Debug] [2025-11-29 02:31:54] The value of Progress is 27
[Debug] [2025-11-29 02:31:54] The value of Progress is 31
[Debug] [2025-11-29 02:31:55] The value of Progress is 37
[Debug] [2025-11-29 02:31:55] The value of Progress is 41
[Debug] [2025-11-29 02:31:56] The value of Progress is 48
[Debug] [2025-11-29 02:31:56] The value of Progress is 51
[Debug] [2025-11-29 02:31:57] The value of Progress is 55
[Debug] [2025-11-29 02:31:57] The value of Progress is 62
[Debug] [2025-11-29 02:31:58] The value of Progress is 65
[Debug] [2025-11-29 02:31:59] The value of Progress is 72
[Debug] [2025-11-29 02:31:59] The value of Progress is 75
[Debug] [2025-11-29 02:32:00] The value of Progress is 82
[Debug] [2025-11-29 02:32:00] The value of Progress is 86
[Debug] [2025-11-29 02:32:01] The value of Progress is 93
[Debug] [2025-11-29 02:32:01] The value of Progress is 96
[Debug] [2025-11-29 02:32:01] The value of Progress is 100
[Debug] [2025-11-29 02:32:01] COMMAND[Erase Outer Flash] execute finish, takes 10.2 secs.
[Debug] [2025-11-29 02:32:01] end to send jtag flash erase cmd.
[Debug] [2025-11-29 02:32:01] Send RPC:7
[Debug] [2025-11-29 02:32:01] Begin to send jtag flash program data.
[Debug] [2025-11-29 02:32:01] Begin to send flash program data.
[Debug] [2025-11-29 02:32:01] End to send flash program data.
[Debug] [2025-11-29 02:32:01] End to send embed flash program data.
[Debug] [2025-11-29 02:32:01] Send cmd [Program Outer Flash:20301] OK
[Debug] [2025-11-29 02:32:01] Log::Print : COMMAND[Erase Outer Flash] execute finish, takes 10.2 secs.
[Debug] [2025-11-29 02:32:01] Log::Print : The start address of operating flash is 0x0.
[Debug] [2025-11-29 02:32:01] The value of Progress is 1
[Debug] [2025-11-29 02:32:03] The value of Progress is 6
[Debug] [2025-11-29 02:32:04] The value of Progress is 10
[Debug] [2025-11-29 02:32:06] The value of Progress is 15
[Debug] [2025-11-29 02:32:07] The value of Progress is 20
[Debug] [2025-11-29 02:32:09] The value of Progress is 25
[Debug] [2025-11-29 02:32:10] The value of Progress is 30
[Debug] [2025-11-29 02:32:11] The value of Progress is 35
[Debug] [2025-11-29 02:32:13] The value of Progress is 40
[Debug] [2025-11-29 02:32:14] The value of Progress is 45
[Debug] [2025-11-29 02:32:16] The value of Progress is 50
[Debug] [2025-11-29 02:32:17] The value of Progress is 55
[Debug] [2025-11-29 02:32:19] The value of Progress is 60
[Debug] [2025-11-29 02:32:20] The value of Progress is 65
[Debug] [2025-11-29 02:32:22] The value of Progress is 70
[Debug] [2025-11-29 02:32:23] The value of Progress is 75
[Debug] [2025-11-29 02:32:25] The value of Progress is 80
[Debug] [2025-11-29 02:32:26] The value of Progress is 85
[Debug] [2025-11-29 02:32:27] The value of Progress is 90
[Debug] [2025-11-29 02:32:29] The value of Progress is 95
[Debug] [2025-11-29 02:32:30] The value of Progress is 100
[Debug] [2025-11-29 02:32:31] COMMAND[Program Outer Flash] execute finish, takes 29.4 secs.
[Debug] [2025-11-29 02:32:31] begin to send jtag flash verify cmd
[Debug] [2025-11-29 02:32:31] Send RPC:8
[Debug] [2025-11-29 02:32:31] Begin to send embed flash verify data.
[Debug] [2025-11-29 02:32:31] Begin to send flash verify data.
[Debug] [2025-11-29 02:32:31] End to send flash verify data.
[Debug] [2025-11-29 02:32:31] End to send embed flash verify data.
[Debug] [2025-11-29 02:32:31] Send cmd [Verify Outer Flash:20303] OK
[Debug] [2025-11-29 02:32:31] Log::Print : COMMAND[Program Outer Flash] execute finish, takes 29.4 secs.
[Debug] [2025-11-29 02:32:31] Log::Print : The start address of operating flash is 0x0.
[Debug] [2025-11-29 02:32:31] The value of Progress is 1
[Debug] [2025-11-29 02:32:31] The value of Progress is 6
[Debug] [2025-11-29 02:32:31] The value of Progress is 10
[Debug] [2025-11-29 02:32:31] The value of Progress is 15
[Debug] [2025-11-29 02:32:31] The value of Progress is 20
[Debug] [2025-11-29 02:32:31] The value of Progress is 25
[Debug] [2025-11-29 02:32:31] The value of Progress is 30
[Debug] [2025-11-29 02:32:31] The value of Progress is 35
[Debug] [2025-11-29 02:32:31] The value of Progress is 40
[Debug] [2025-11-29 02:32:32] The value of Progress is 45
[Debug] [2025-11-29 02:32:32] The value of Progress is 50
[Debug] [2025-11-29 02:32:32] The value of Progress is 55
[Debug] [2025-11-29 02:32:32] The value of Progress is 60
[Debug] [2025-11-29 02:32:32] The value of Progress is 65
[Debug] [2025-11-29 02:32:32] The value of Progress is 70
[Debug] [2025-11-29 02:32:32] The value of Progress is 75
[Debug] [2025-11-29 02:32:32] The value of Progress is 80
[Debug] [2025-11-29 02:32:32] The value of Progress is 85
[Debug] [2025-11-29 02:32:32] The value of Progress is 90
[Debug] [2025-11-29 02:32:32] The value of Progress is 95
[Debug] [2025-11-29 02:32:33] The value of Progress is 100
[Debug] [2025-11-29 02:32:33] COMMAND[Verify Outer Flash] execute successfully, takes 2.2 secs.
[Debug] [2025-11-29 02:32:33] end to send jtag flash verify cmd
[Debug] [2025-11-29 02:32:33] end to send jtag flash program cmd.
[Debug] [2025-11-29 02:32:33] Log::Print : COMMAND[Verify Outer Flash] execute successfully, takes 2.2 secs.
[Info] [2025-11-29 03:07:33] /***************************End Configration***************************/
[Info] [2025-11-29 03:07:35] /***************************Start Configuration***************************/
[Info] [2025-11-29 03:07:35] Path: E:/PDS_FPGA/PDS_2022.2-SP6.4/bin
[Info] [2025-11-29 03:07:35] Version: 146967
[Info] [2025-11-29 03:07:36] Current Path: F:/final_camer/05_camera_pcie_capture_40pin_fmc/05_camera_pcie_capture_40pin_fmc/project
[Info] [2025-11-29 03:07:36] PDS Dir Path: F:/final_camer/05_camera_pcie_capture_40pin_fmc/05_camera_pcie_capture_40pin_fmc/project
[Info] [2025-11-29 03:07:39] Configuration is not connect with server. connect first then scan chain.
[Debug] [2025-11-29 03:07:39] Client Local host name:????
[Debug] [2025-11-29 03:07:39] Client Local Address:192.168.1.6
[Debug] [2025-11-29 03:07:39] Server Address:127.0.0.1, Port:65420
[Debug] [2025-11-29 03:07:39] Log::Print : Connecting to server[127.0.0.1 : 65420].
[Info] [2025-11-29 03:07:39] Connect OK, Server: 127.0.0.1  Port: 65420
[Debug] [2025-11-29 03:07:39] Finish.
[Info] [2025-11-29 03:07:39] Connect server succeeded
[Debug] [2025-11-29 03:07:39] Send RPC:1
[Debug] [2025-11-29 03:07:39] Send cmd [check version information:40004] OK
[Debug] [2025-11-29 03:07:39] Log::Print : Connect to server[127.0.0.1 : 65420] successfully.
[Debug] [2025-11-29 03:07:40] Send RPC:2
[Debug] [2025-11-29 03:07:40] Send cmd [get_cable_paras:40010] OK
[Debug] [2025-11-29 03:07:40] Begin to send initialize chain cmd...
[Debug] [2025-11-29 03:07:40] Send RPC:3
[Debug] [2025-11-29 03:07:40] Send cmd [Open config cable:20001] OK
[Debug] [2025-11-29 03:07:40] End to send initialize chain cmd.
[Debug] [2025-11-29 03:07:40] COMMAND[check version information] execute successfully, takes 0.6 secs.
[Debug] [2025-11-29 03:07:40] Log::Print : COMMAND[check version information] execute successfully, takes 0.6 secs.
[Debug] [2025-11-29 03:07:41] COMMAND[get_cable_paras] execute successfully, takes 1.3 secs.
[Debug] [2025-11-29 03:07:41] Log::Print : The cable List : 
Cable index 0:USB Cable II/fffffffffffffffe 

[Debug] [2025-11-29 03:07:41] Log::Print : COMMAND[get_cable_paras] execute successfully, takes 1.3 secs.
[Debug] [2025-11-29 03:07:42] begin the exec of open cable cmd...
[Debug] [2025-11-29 03:07:42] Begin to deal with chain from server...
[Debug] [2025-11-29 03:07:42] Begin to set user chain...
[Debug] [2025-11-29 03:07:42] End to set user chain.
[Debug] [2025-11-29 03:07:42] Begin to update graphic item and tree item ...
[Debug] [2025-11-29 03:07:42] End to update graphic item and tree item ...
[Debug] [2025-11-29 03:07:42] Log::Print : PANGO USB CABLE II cable driver: D2XX DLL
[Debug] [2025-11-29 03:07:42] Log::Print : PG2L50H
[Debug] [2025-11-29 03:07:42] Log::Print : This device configure situation (done bit): 1
[Info] [2025-11-29 03:07:43] set OpenLastPath: F:/final_camer/05_camera_pcie_capture_40pin_fmc/05_camera_pcie_capture_40pin_fmc/project/generate_bitstream/image_pcie_capture.sbit
[Debug] [2025-11-29 03:07:43] begin to get device info from CFG file...
[Debug] [2025-11-29 03:07:44] end to get device info from CFG file...
[Debug] [2025-11-29 03:07:44] Begin to update graphic item and tree item ...
[Debug] [2025-11-29 03:07:44] End to update graphic item and tree item ...
[Debug] [2025-11-29 03:07:44] Begin to update graphic item and tree item ...
[Debug] [2025-11-29 03:07:44] End to update graphic item and tree item ...
[Debug] [2025-11-29 03:07:44] End to deal wiht chain from server.
[Debug] [2025-11-29 03:07:44] end the exec of open cable cmd.
[Debug] [2025-11-29 03:07:44] COMMAND[Open config cable] execute successfully, takes 3.7 secs.
[Debug] [2025-11-29 03:07:44] Log::Print : COMMAND[Open config cable] execute successfully, takes 3.7 secs.
[Debug] [2025-11-29 03:07:45] Begin to send programming cmd...
[Debug] [2025-11-29 03:07:45] Send RPC:4
[Debug] [2025-11-29 03:07:45] Begin to send program data.
[Debug] [2025-11-29 03:07:45] End to send program data.
[Debug] [2025-11-29 03:07:45] Send cmd [Program:20002] OK
[Debug] [2025-11-29 03:07:45] The value of Progress is 6
[Debug] [2025-11-29 03:07:45] The value of Progress is 10
[Debug] [2025-11-29 03:07:45] The value of Progress is 15
[Debug] [2025-11-29 03:07:45] The value of Progress is 20
[Debug] [2025-11-29 03:07:45] The value of Progress is 25
[Debug] [2025-11-29 03:07:45] The value of Progress is 30
[Debug] [2025-11-29 03:07:45] The value of Progress is 35
[Debug] [2025-11-29 03:07:46] The value of Progress is 40
[Debug] [2025-11-29 03:07:46] The value of Progress is 45
[Debug] [2025-11-29 03:07:46] The value of Progress is 50
[Debug] [2025-11-29 03:07:46] The value of Progress is 55
[Debug] [2025-11-29 03:07:46] The value of Progress is 60
[Debug] [2025-11-29 03:07:46] The value of Progress is 65
[Debug] [2025-11-29 03:07:46] The value of Progress is 70
[Debug] [2025-11-29 03:07:46] The value of Progress is 75
[Debug] [2025-11-29 03:07:46] The value of Progress is 80
[Debug] [2025-11-29 03:07:46] The value of Progress is 85
[Debug] [2025-11-29 03:07:46] The value of Progress is 90
[Debug] [2025-11-29 03:07:46] The value of Progress is 95
[Debug] [2025-11-29 03:07:46] The value of Progress is 100
[Debug] [2025-11-29 03:07:47] COMMAND[Program] execute successfully, takes 2.0 secs.
[Debug] [2025-11-29 03:07:47] End to send programming cmd.
[Debug] [2025-11-29 03:07:47] Log::Print : The done bit is 1
[Debug] [2025-11-29 03:07:47] Log::Print : COMMAND[Program] execute successfully, takes 2.0 secs.
[Debug] [2025-11-29 03:07:51] Begin to Converte file.
[Debug] [2025-11-29 03:07:57] begin to parse sfc file.
[Debug] [2025-11-29 03:07:57] begin to get device info from CFG file...
[Debug] [2025-11-29 03:07:57] end to get device info from CFG file...
[Debug] [2025-11-29 03:07:57] begin to get device info from CFG file...
[Debug] [2025-11-29 03:07:57] end to get device info from CFG file...
[Debug] [2025-11-29 03:07:57] end to parse sfc file.
[Debug] [2025-11-29 03:07:57] Log::Print : The Start Address of bit file F:/final_camer/05_camera_pcie_capture_40pin_fmc/05_camera_pcie_capture_40pin_fmc/project/generate_bitstream/image_pcie_capture.sbit: 0x0
[Debug] [2025-11-29 03:07:58] End to Converte file.
[Debug] [2025-11-29 03:08:00] Begin to send scan outer flash cmd...
[Debug] [2025-11-29 03:08:00] Send RPC:5
[Debug] [2025-11-29 03:08:00] Send cmd [Scan Outer SPI Flash:20300] OK
[Debug] [2025-11-29 03:08:00] End to send scan outer flash cmd.
[Debug] [2025-11-29 03:08:00] begin to exec scan jtag flash cmd...
[Debug] [2025-11-29 03:08:00] Begin to initialize JtagFlash for selected FPGA Device...
[Debug] [2025-11-29 03:08:00] Begin to update graphic item and tree item ...
[Debug] [2025-11-29 03:08:00] End to update graphic item and tree item ...
[Info] [2025-11-29 03:08:02] set OpenLastPath: F:/final_camer/05_camera_pcie_capture_40pin_fmc/05_camera_pcie_capture_40pin_fmc/project/generate_bitstream/image_pcie_capture.sfc
[Debug] [2025-11-29 03:08:02] begin to check SFC File and Flash Device Read Mode.
[Debug] [2025-11-29 03:08:02] end to check SFC File and Flash Device Read Mode.
[Debug] [2025-11-29 03:08:02] Begin to update graphic item and tree item ...
[Debug] [2025-11-29 03:08:02] End to update graphic item and tree item ...
[Debug] [2025-11-29 03:08:02] End to initialize OuterFlash for selected FPGA Device...
[Debug] [2025-11-29 03:08:02] end to exec scan jtag flash cmd...
[Debug] [2025-11-29 03:08:02] COMMAND[Scan Outer SPI Flash] execute successfully, takes 2.2 secs.
[Debug] [2025-11-29 03:08:02] Log::Print : COMMAND[Scan Outer SPI Flash] execute successfully, takes 2.2 secs.
[Debug] [2025-11-29 03:08:03] begin to send promgram jtag flash cmd.
[Debug] [2025-11-29 03:08:03] begin to send jtag flash erase cmd
[Debug] [2025-11-29 03:08:03] Send RPC:6
[Debug] [2025-11-29 03:08:03] Begin to send embed flash erase data.
[Debug] [2025-11-29 03:08:03] Begin to send flash erase data.
[Debug] [2025-11-29 03:08:03] End to send flash erase data.
[Debug] [2025-11-29 03:08:03] End to send embed flash erase data.
[Debug] [2025-11-29 03:08:03] Send cmd [Erase Outer Flash:20302] OK
[Debug] [2025-11-29 03:08:03] Log::Print : The start address of operating flash is 0x0.
[Debug] [2025-11-29 03:08:04] The value of Progress is 1
[Debug] [2025-11-29 03:08:05] The value of Progress is 6
[Debug] [2025-11-29 03:08:05] The value of Progress is 10
[Debug] [2025-11-29 03:08:05] The value of Progress is 17
[Debug] [2025-11-29 03:08:06] The value of Progress is 20
[Debug] [2025-11-29 03:08:06] The value of Progress is 27
[Debug] [2025-11-29 03:08:07] The value of Progress is 31
[Debug] [2025-11-29 03:08:07] The value of Progress is 37
[Debug] [2025-11-29 03:08:08] The value of Progress is 41
[Debug] [2025-11-29 03:08:08] The value of Progress is 48
[Debug] [2025-11-29 03:08:09] The value of Progress is 51
[Debug] [2025-11-29 03:08:09] The value of Progress is 55
[Debug] [2025-11-29 03:08:10] The value of Progress is 62
[Debug] [2025-11-29 03:08:10] The value of Progress is 65
[Debug] [2025-11-29 03:08:11] The value of Progress is 72
[Debug] [2025-11-29 03:08:11] The value of Progress is 75
[Debug] [2025-11-29 03:08:12] The value of Progress is 82
[Debug] [2025-11-29 03:08:12] The value of Progress is 86
[Debug] [2025-11-29 03:08:13] The value of Progress is 93
[Debug] [2025-11-29 03:08:13] The value of Progress is 96
[Debug] [2025-11-29 03:08:13] The value of Progress is 100
[Debug] [2025-11-29 03:08:13] COMMAND[Erase Outer Flash] execute finish, takes 9.7 secs.
[Debug] [2025-11-29 03:08:13] end to send jtag flash erase cmd.
[Debug] [2025-11-29 03:08:13] Send RPC:7
[Debug] [2025-11-29 03:08:13] Begin to send jtag flash program data.
[Debug] [2025-11-29 03:08:13] Begin to send flash program data.
[Debug] [2025-11-29 03:08:13] End to send flash program data.
[Debug] [2025-11-29 03:08:13] End to send embed flash program data.
[Debug] [2025-11-29 03:08:13] Send cmd [Program Outer Flash:20301] OK
[Debug] [2025-11-29 03:08:13] Log::Print : COMMAND[Erase Outer Flash] execute finish, takes 9.7 secs.
[Debug] [2025-11-29 03:08:13] Log::Print : The start address of operating flash is 0x0.
[Debug] [2025-11-29 03:08:13] The value of Progress is 1
[Debug] [2025-11-29 03:08:15] The value of Progress is 6
[Debug] [2025-11-29 03:08:16] The value of Progress is 10
[Debug] [2025-11-29 03:08:18] The value of Progress is 15
[Debug] [2025-11-29 03:08:19] The value of Progress is 20
[Debug] [2025-11-29 03:08:21] The value of Progress is 25
[Debug] [2025-11-29 03:08:22] The value of Progress is 30
[Debug] [2025-11-29 03:08:23] The value of Progress is 35
[Debug] [2025-11-29 03:08:25] The value of Progress is 40
[Debug] [2025-11-29 03:08:26] The value of Progress is 45
[Debug] [2025-11-29 03:08:28] The value of Progress is 50
[Debug] [2025-11-29 03:08:29] The value of Progress is 55
[Debug] [2025-11-29 03:08:31] The value of Progress is 60
[Debug] [2025-11-29 03:08:32] The value of Progress is 65
[Debug] [2025-11-29 03:08:34] The value of Progress is 70
[Debug] [2025-11-29 03:08:35] The value of Progress is 75
[Debug] [2025-11-29 03:08:36] The value of Progress is 80
[Debug] [2025-11-29 03:08:38] The value of Progress is 85
[Debug] [2025-11-29 03:08:39] The value of Progress is 90
[Debug] [2025-11-29 03:08:41] The value of Progress is 95
[Debug] [2025-11-29 03:08:42] The value of Progress is 100
[Debug] [2025-11-29 03:08:42] COMMAND[Program Outer Flash] execute finish, takes 29.4 secs.
[Debug] [2025-11-29 03:08:42] begin to send jtag flash verify cmd
[Debug] [2025-11-29 03:08:42] Send RPC:8
[Debug] [2025-11-29 03:08:42] Begin to send embed flash verify data.
[Debug] [2025-11-29 03:08:42] Begin to send flash verify data.
[Debug] [2025-11-29 03:08:42] End to send flash verify data.
[Debug] [2025-11-29 03:08:42] End to send embed flash verify data.
[Debug] [2025-11-29 03:08:42] Send cmd [Verify Outer Flash:20303] OK
[Debug] [2025-11-29 03:08:43] Log::Print : COMMAND[Program Outer Flash] execute finish, takes 29.4 secs.
[Debug] [2025-11-29 03:08:43] Log::Print : The start address of operating flash is 0x0.
[Debug] [2025-11-29 03:08:43] The value of Progress is 1
[Debug] [2025-11-29 03:08:43] The value of Progress is 6
[Debug] [2025-11-29 03:08:43] The value of Progress is 10
[Debug] [2025-11-29 03:08:43] The value of Progress is 15
[Debug] [2025-11-29 03:08:43] The value of Progress is 20
[Debug] [2025-11-29 03:08:43] The value of Progress is 25
[Debug] [2025-11-29 03:08:43] The value of Progress is 30
[Debug] [2025-11-29 03:08:43] The value of Progress is 35
[Debug] [2025-11-29 03:08:43] The value of Progress is 40
[Debug] [2025-11-29 03:08:44] The value of Progress is 45
[Debug] [2025-11-29 03:08:44] The value of Progress is 50
[Debug] [2025-11-29 03:08:44] The value of Progress is 55
[Debug] [2025-11-29 03:08:44] The value of Progress is 60
[Debug] [2025-11-29 03:08:44] The value of Progress is 65
[Debug] [2025-11-29 03:08:44] The value of Progress is 70
[Debug] [2025-11-29 03:08:44] The value of Progress is 75
[Debug] [2025-11-29 03:08:44] The value of Progress is 80
[Debug] [2025-11-29 03:08:44] The value of Progress is 85
[Debug] [2025-11-29 03:08:44] The value of Progress is 90
[Debug] [2025-11-29 03:08:44] The value of Progress is 95
[Debug] [2025-11-29 03:08:45] The value of Progress is 100
[Debug] [2025-11-29 03:08:45] COMMAND[Verify Outer Flash] execute successfully, takes 2.2 secs.
[Debug] [2025-11-29 03:08:45] end to send jtag flash verify cmd
[Debug] [2025-11-29 03:08:45] end to send jtag flash program cmd.
[Debug] [2025-11-29 03:08:45] Log::Print : COMMAND[Verify Outer Flash] execute successfully, takes 2.2 secs.
[Info] [2025-11-29 03:08:52] /***************************End Configration***************************/
[Info] [2025-11-29 03:10:04] /***************************Start Configuration***************************/
[Info] [2025-11-29 03:10:04] Path: E:/PDS_FPGA/PDS_2022.2-SP6.4/bin
[Info] [2025-11-29 03:10:04] Version: 146967
[Info] [2025-11-29 03:10:05] Current Path: F:/final_camer/05_camera_pcie_capture_40pin_fmc/05_camera_pcie_capture_40pin_fmc/project
[Info] [2025-11-29 03:10:05] PDS Dir Path: F:/final_camer/05_camera_pcie_capture_40pin_fmc/05_camera_pcie_capture_40pin_fmc/project
[Info] [2025-11-29 03:10:10] Configuration is not connect with server. connect first then scan chain.
[Debug] [2025-11-29 03:10:10] Client Local host name:????
[Debug] [2025-11-29 03:10:10] Client Local Address:192.168.1.6
[Debug] [2025-11-29 03:10:10] Server Address:127.0.0.1, Port:65420
[Debug] [2025-11-29 03:10:10] Log::Print : Connecting to server[127.0.0.1 : 65420].
[Info] [2025-11-29 03:10:10] Connect OK, Server: 127.0.0.1  Port: 65420
[Debug] [2025-11-29 03:10:10] Finish.
[Info] [2025-11-29 03:10:10] Connect server succeeded
[Debug] [2025-11-29 03:10:10] Send RPC:1
[Debug] [2025-11-29 03:10:10] Send cmd [check version information:40004] OK
[Debug] [2025-11-29 03:10:10] Log::Print : Connect to server[127.0.0.1 : 65420] successfully.
[Debug] [2025-11-29 03:10:11] Send RPC:2
[Debug] [2025-11-29 03:10:11] Send cmd [get_cable_paras:40010] OK
[Debug] [2025-11-29 03:10:11] Begin to send initialize chain cmd...
[Debug] [2025-11-29 03:10:11] Send RPC:3
[Debug] [2025-11-29 03:10:11] Send cmd [Open config cable:20001] OK
[Debug] [2025-11-29 03:10:11] End to send initialize chain cmd.
[Debug] [2025-11-29 03:10:11] COMMAND[check version information] execute successfully, takes 0.3 secs.
[Debug] [2025-11-29 03:10:11] Log::Print : COMMAND[check version information] execute successfully, takes 0.3 secs.
[Debug] [2025-11-29 03:10:12] COMMAND[get_cable_paras] execute successfully, takes 1.2 secs.
[Debug] [2025-11-29 03:10:12] Log::Print : The cable List : 
Cable index 0:USB Cable II/fffffffffffffffe 

[Debug] [2025-11-29 03:10:12] Log::Print : COMMAND[get_cable_paras] execute successfully, takes 1.2 secs.
[Debug] [2025-11-29 03:10:12] begin the exec of open cable cmd...
[Debug] [2025-11-29 03:10:12] Begin to deal with chain from server...
[Debug] [2025-11-29 03:10:12] Begin to set user chain...
[Debug] [2025-11-29 03:10:12] End to set user chain.
[Debug] [2025-11-29 03:10:12] Begin to update graphic item and tree item ...
[Debug] [2025-11-29 03:10:12] End to update graphic item and tree item ...
[Debug] [2025-11-29 03:10:12] Log::Print : PANGO USB CABLE II cable driver: D2XX DLL
[Debug] [2025-11-29 03:10:12] Log::Print : PG2L50H
[Debug] [2025-11-29 03:10:12] Log::Print : This device configure situation (done bit): 1
[Info] [2025-11-29 03:10:14] set OpenLastPath: F:/final_camer/05_camera_pcie_capture_40pin_fmc/05_camera_pcie_capture_40pin_fmc/project/generate_bitstream/image_pcie_capture.sbit
[Debug] [2025-11-29 03:10:14] begin to get device info from CFG file...
[Debug] [2025-11-29 03:10:14] end to get device info from CFG file...
[Debug] [2025-11-29 03:10:14] Begin to update graphic item and tree item ...
[Debug] [2025-11-29 03:10:14] End to update graphic item and tree item ...
[Debug] [2025-11-29 03:10:14] Begin to update graphic item and tree item ...
[Debug] [2025-11-29 03:10:14] End to update graphic item and tree item ...
[Debug] [2025-11-29 03:10:14] End to deal wiht chain from server.
[Debug] [2025-11-29 03:10:14] end the exec of open cable cmd.
[Debug] [2025-11-29 03:10:14] COMMAND[Open config cable] execute successfully, takes 3.6 secs.
[Debug] [2025-11-29 03:10:14] Log::Print : COMMAND[Open config cable] execute successfully, takes 3.6 secs.
[Debug] [2025-11-29 03:10:16] Begin to send verify cmd in BS mode...
[Debug] [2025-11-29 03:10:16] Begin to check mask file.
[Error] [2025-11-29 03:10:16] can not read back bit file because the wrctrl is not enable.
[Warn] [2025-11-29 03:10:16] Mask file does not exist in Verify Operation..
[Error] [2025-11-29 03:10:16] MsgOut: Configuration-0024: Can not read back an compressed file.
[Debug] [2025-11-29 03:10:17] Begin to send programming cmd...
[Debug] [2025-11-29 03:10:17] Send RPC:4
[Debug] [2025-11-29 03:10:17] Begin to send program data.
[Debug] [2025-11-29 03:10:17] End to send program data.
[Debug] [2025-11-29 03:10:17] Send cmd [Program:20002] OK
[Debug] [2025-11-29 03:10:18] The value of Progress is 6
[Debug] [2025-11-29 03:10:18] The value of Progress is 10
[Debug] [2025-11-29 03:10:18] The value of Progress is 15
[Debug] [2025-11-29 03:10:18] The value of Progress is 20
[Debug] [2025-11-29 03:10:18] The value of Progress is 25
[Debug] [2025-11-29 03:10:18] The value of Progress is 30
[Debug] [2025-11-29 03:10:18] The value of Progress is 35
[Debug] [2025-11-29 03:10:18] The value of Progress is 40
[Debug] [2025-11-29 03:10:18] The value of Progress is 45
[Debug] [2025-11-29 03:10:18] The value of Progress is 50
[Debug] [2025-11-29 03:10:18] The value of Progress is 55
[Debug] [2025-11-29 03:10:18] The value of Progress is 60
[Debug] [2025-11-29 03:10:18] The value of Progress is 65
[Debug] [2025-11-29 03:10:19] The value of Progress is 70
[Debug] [2025-11-29 03:10:19] The value of Progress is 75
[Debug] [2025-11-29 03:10:19] The value of Progress is 80
[Debug] [2025-11-29 03:10:19] The value of Progress is 85
[Debug] [2025-11-29 03:10:19] The value of Progress is 90
[Debug] [2025-11-29 03:10:19] The value of Progress is 95
[Debug] [2025-11-29 03:10:19] The value of Progress is 100
[Debug] [2025-11-29 03:10:19] COMMAND[Program] execute successfully, takes 2.0 secs.
[Debug] [2025-11-29 03:10:19] End to send programming cmd.
[Debug] [2025-11-29 03:10:19] Log::Print : The done bit is 1
[Debug] [2025-11-29 03:10:19] Log::Print : COMMAND[Program] execute successfully, takes 2.0 secs.
[Debug] [2025-11-29 03:10:21] Begin to Converte file.
[Debug] [2025-11-29 03:10:28] begin to parse sfc file.
[Debug] [2025-11-29 03:10:28] begin to get device info from CFG file...
[Debug] [2025-11-29 03:10:28] end to get device info from CFG file...
[Debug] [2025-11-29 03:10:28] begin to get device info from CFG file...
[Debug] [2025-11-29 03:10:28] end to get device info from CFG file...
[Debug] [2025-11-29 03:10:28] end to parse sfc file.
[Debug] [2025-11-29 03:10:28] Log::Print : The Start Address of bit file F:/final_camer/05_camera_pcie_capture_40pin_fmc/05_camera_pcie_capture_40pin_fmc/project/generate_bitstream/image_pcie_capture.sbit: 0x0
[Debug] [2025-11-29 03:10:30] End to Converte file.
[Debug] [2025-11-29 03:10:32] Begin to send scan outer flash cmd...
[Debug] [2025-11-29 03:10:32] Send RPC:5
[Debug] [2025-11-29 03:10:32] Send cmd [Scan Outer SPI Flash:20300] OK
[Debug] [2025-11-29 03:10:32] End to send scan outer flash cmd.
[Debug] [2025-11-29 03:10:33] begin to exec scan jtag flash cmd...
[Debug] [2025-11-29 03:10:33] Begin to initialize JtagFlash for selected FPGA Device...
[Debug] [2025-11-29 03:10:33] Begin to update graphic item and tree item ...
[Debug] [2025-11-29 03:10:33] End to update graphic item and tree item ...
[Info] [2025-11-29 03:10:35] set OpenLastPath: F:/final_camer/05_camera_pcie_capture_40pin_fmc/05_camera_pcie_capture_40pin_fmc/project/generate_bitstream/image_pcie_capture.sfc
[Debug] [2025-11-29 03:10:35] begin to check SFC File and Flash Device Read Mode.
[Debug] [2025-11-29 03:10:35] end to check SFC File and Flash Device Read Mode.
[Debug] [2025-11-29 03:10:35] Begin to update graphic item and tree item ...
[Debug] [2025-11-29 03:10:35] End to update graphic item and tree item ...
[Debug] [2025-11-29 03:10:35] End to initialize OuterFlash for selected FPGA Device...
[Debug] [2025-11-29 03:10:35] end to exec scan jtag flash cmd...
[Debug] [2025-11-29 03:10:35] COMMAND[Scan Outer SPI Flash] execute successfully, takes 2.5 secs.
[Debug] [2025-11-29 03:10:35] Log::Print : COMMAND[Scan Outer SPI Flash] execute successfully, takes 2.5 secs.
[Debug] [2025-11-29 03:10:37] begin to send promgram jtag flash cmd.
[Debug] [2025-11-29 03:10:37] begin to send jtag flash erase cmd
[Debug] [2025-11-29 03:10:37] Send RPC:6
[Debug] [2025-11-29 03:10:37] Begin to send embed flash erase data.
[Debug] [2025-11-29 03:10:37] Begin to send flash erase data.
[Debug] [2025-11-29 03:10:37] End to send flash erase data.
[Debug] [2025-11-29 03:10:37] End to send embed flash erase data.
[Debug] [2025-11-29 03:10:37] Send cmd [Erase Outer Flash:20302] OK
[Debug] [2025-11-29 03:10:37] Log::Print : The start address of operating flash is 0x0.
[Debug] [2025-11-29 03:10:37] The value of Progress is 1
[Debug] [2025-11-29 03:10:38] The value of Progress is 6
[Debug] [2025-11-29 03:10:38] The value of Progress is 10
[Debug] [2025-11-29 03:10:39] The value of Progress is 17
[Debug] [2025-11-29 03:10:39] The value of Progress is 20
[Debug] [2025-11-29 03:10:40] The value of Progress is 27
[Debug] [2025-11-29 03:10:40] The value of Progress is 31
[Debug] [2025-11-29 03:10:41] The value of Progress is 37
[Debug] [2025-11-29 03:10:41] The value of Progress is 41
[Debug] [2025-11-29 03:10:42] The value of Progress is 48
[Debug] [2025-11-29 03:10:42] The value of Progress is 51
[Debug] [2025-11-29 03:10:43] The value of Progress is 55
[Debug] [2025-11-29 03:10:43] The value of Progress is 62
[Debug] [2025-11-29 03:10:44] The value of Progress is 65
[Debug] [2025-11-29 03:10:44] The value of Progress is 72
[Debug] [2025-11-29 03:10:45] The value of Progress is 75
[Debug] [2025-11-29 03:10:45] The value of Progress is 82
[Debug] [2025-11-29 03:10:46] The value of Progress is 86
[Debug] [2025-11-29 03:10:46] The value of Progress is 93
[Debug] [2025-11-29 03:10:47] The value of Progress is 96
[Debug] [2025-11-29 03:10:47] The value of Progress is 100
[Debug] [2025-11-29 03:10:47] COMMAND[Erase Outer Flash] execute finish, takes 10.0 secs.
[Debug] [2025-11-29 03:10:47] end to send jtag flash erase cmd.
[Debug] [2025-11-29 03:10:47] Send RPC:7
[Debug] [2025-11-29 03:10:47] Begin to send jtag flash program data.
[Debug] [2025-11-29 03:10:47] Begin to send flash program data.
[Debug] [2025-11-29 03:10:47] End to send flash program data.
[Debug] [2025-11-29 03:10:47] End to send embed flash program data.
[Debug] [2025-11-29 03:10:47] Send cmd [Program Outer Flash:20301] OK
[Debug] [2025-11-29 03:10:47] Log::Print : COMMAND[Erase Outer Flash] execute finish, takes 10.0 secs.
[Debug] [2025-11-29 03:10:47] Log::Print : The start address of operating flash is 0x0.
[Debug] [2025-11-29 03:10:47] The value of Progress is 1
[Debug] [2025-11-29 03:10:49] The value of Progress is 6
[Debug] [2025-11-29 03:10:50] The value of Progress is 10
[Debug] [2025-11-29 03:10:51] The value of Progress is 15
[Debug] [2025-11-29 03:10:53] The value of Progress is 20
[Debug] [2025-11-29 03:10:54] The value of Progress is 25
[Debug] [2025-11-29 03:10:56] The value of Progress is 30
[Debug] [2025-11-29 03:10:57] The value of Progress is 35
[Debug] [2025-11-29 03:10:59] The value of Progress is 40
[Debug] [2025-11-29 03:11:00] The value of Progress is 45
[Debug] [2025-11-29 03:11:01] The value of Progress is 50
[Debug] [2025-11-29 03:11:03] The value of Progress is 55
[Debug] [2025-11-29 03:11:04] The value of Progress is 60
[Debug] [2025-11-29 03:11:06] The value of Progress is 65
[Debug] [2025-11-29 03:11:07] The value of Progress is 70
[Debug] [2025-11-29 03:11:09] The value of Progress is 75
[Debug] [2025-11-29 03:11:10] The value of Progress is 80
[Debug] [2025-11-29 03:11:12] The value of Progress is 85
[Debug] [2025-11-29 03:11:13] The value of Progress is 90
[Debug] [2025-11-29 03:11:14] The value of Progress is 95
[Debug] [2025-11-29 03:11:16] The value of Progress is 100
[Debug] [2025-11-29 03:11:16] COMMAND[Program Outer Flash] execute finish, takes 29.4 secs.
[Debug] [2025-11-29 03:11:16] begin to send jtag flash verify cmd
[Debug] [2025-11-29 03:11:16] Send RPC:8
[Debug] [2025-11-29 03:11:16] Begin to send embed flash verify data.
[Debug] [2025-11-29 03:11:16] Begin to send flash verify data.
[Debug] [2025-11-29 03:11:16] End to send flash verify data.
[Debug] [2025-11-29 03:11:16] End to send embed flash verify data.
[Debug] [2025-11-29 03:11:16] Send cmd [Verify Outer Flash:20303] OK
[Debug] [2025-11-29 03:11:16] Log::Print : COMMAND[Program Outer Flash] execute finish, takes 29.4 secs.
[Debug] [2025-11-29 03:11:16] Log::Print : The start address of operating flash is 0x0.
[Debug] [2025-11-29 03:11:16] The value of Progress is 1
[Debug] [2025-11-29 03:11:16] The value of Progress is 6
[Debug] [2025-11-29 03:11:17] The value of Progress is 10
[Debug] [2025-11-29 03:11:17] The value of Progress is 15
[Debug] [2025-11-29 03:11:17] The value of Progress is 20
[Debug] [2025-11-29 03:11:17] The value of Progress is 25
[Debug] [2025-11-29 03:11:17] The value of Progress is 30
[Debug] [2025-11-29 03:11:17] The value of Progress is 35
[Debug] [2025-11-29 03:11:17] The value of Progress is 40
[Debug] [2025-11-29 03:11:17] The value of Progress is 45
[Debug] [2025-11-29 03:11:17] The value of Progress is 50
[Debug] [2025-11-29 03:11:17] The value of Progress is 55
[Debug] [2025-11-29 03:11:17] The value of Progress is 60
[Debug] [2025-11-29 03:11:18] The value of Progress is 65
[Debug] [2025-11-29 03:11:18] The value of Progress is 70
[Debug] [2025-11-29 03:11:18] The value of Progress is 75
[Debug] [2025-11-29 03:11:18] The value of Progress is 80
[Debug] [2025-11-29 03:11:18] The value of Progress is 85
[Debug] [2025-11-29 03:11:18] The value of Progress is 90
[Debug] [2025-11-29 03:11:18] The value of Progress is 95
[Debug] [2025-11-29 03:11:18] The value of Progress is 100
[Debug] [2025-11-29 03:11:18] COMMAND[Verify Outer Flash] execute successfully, takes 2.2 secs.
[Debug] [2025-11-29 03:11:18] end to send jtag flash verify cmd
[Debug] [2025-11-29 03:11:18] end to send jtag flash program cmd.
[Debug] [2025-11-29 03:11:18] Log::Print : COMMAND[Verify Outer Flash] execute successfully, takes 2.2 secs.
[Info] [2025-11-29 03:11:22] /***************************End Configration***************************/
[Info] [2025-12-1 14:29:27] /***************************Start Configuration***************************/
[Info] [2025-12-1 14:29:27] Path: E:/PDS_FPGA/PDS_2022.2-SP6.4/bin
[Info] [2025-12-1 14:29:27] Version: 146967
[Info] [2025-12-1 14:29:28] Current Path: F:/final_camer/05_camera_pcie_capture_40pin_fmc/05_camera_pcie_capture_40pin_fmc/project
[Info] [2025-12-1 14:29:28] PDS Dir Path: F:/final_camer/05_camera_pcie_capture_40pin_fmc/05_camera_pcie_capture_40pin_fmc/project
[Info] [2025-12-1 14:29:31] Configuration is not connect with server. connect first then scan chain.
[Debug] [2025-12-1 14:29:31] Client Local host name:????
[Debug] [2025-12-1 14:29:31] Client Local Address:192.168.137.1
[Debug] [2025-12-1 14:29:31] Client Local Address:10.9.191.153
[Debug] [2025-12-1 14:29:31] Client Local Address:192.168.170.1
[Debug] [2025-12-1 14:29:31] Client Local Address:192.168.29.1
[Debug] [2025-12-1 14:29:31] Server Address:127.0.0.1, Port:65420
[Debug] [2025-12-1 14:29:31] Log::Print : Connecting to server[127.0.0.1 : 65420].
[Info] [2025-12-1 14:29:32] Connect OK, Server: 127.0.0.1  Port: 65420
[Debug] [2025-12-1 14:29:32] Finish.
[Info] [2025-12-1 14:29:32] Connect server succeeded
[Debug] [2025-12-1 14:29:32] Send RPC:1
[Debug] [2025-12-1 14:29:32] Send cmd [check version information:40004] OK
[Debug] [2025-12-1 14:29:32] Log::Print : Connect to server[127.0.0.1 : 65420] successfully.
[Debug] [2025-12-1 14:29:32] Send RPC:2
[Debug] [2025-12-1 14:29:32] Send cmd [get_cable_paras:40010] OK
[Debug] [2025-12-1 14:29:32] Begin to send initialize chain cmd...
[Debug] [2025-12-1 14:29:32] Send RPC:3
[Debug] [2025-12-1 14:29:32] Send cmd [Open config cable:20001] OK
[Debug] [2025-12-1 14:29:32] End to send initialize chain cmd.
[Debug] [2025-12-1 14:29:32] COMMAND[check version information] execute successfully, takes 0.5 secs.
[Debug] [2025-12-1 14:29:32] Log::Print : COMMAND[check version information] execute successfully, takes 0.5 secs.
[Debug] [2025-12-1 14:29:33] COMMAND[get_cable_paras] execute successfully, takes 1.3 secs.
[Debug] [2025-12-1 14:29:33] Log::Print : The cable List : 
Cable index 0:USB Cable II/fffffffffffffffe 

[Debug] [2025-12-1 14:29:33] Log::Print : COMMAND[get_cable_paras] execute successfully, takes 1.3 secs.
[Debug] [2025-12-1 14:29:34] begin the exec of open cable cmd...
[Debug] [2025-12-1 14:29:34] Begin to deal with chain from server...
[Debug] [2025-12-1 14:29:34] Begin to set user chain...
[Debug] [2025-12-1 14:29:34] End to set user chain.
[Debug] [2025-12-1 14:29:34] Begin to update graphic item and tree item ...
[Debug] [2025-12-1 14:29:34] End to update graphic item and tree item ...
[Debug] [2025-12-1 14:29:34] Log::Print : PANGO USB CABLE II cable driver: D2XX DLL
[Debug] [2025-12-1 14:29:34] Log::Print : PG2L50H
[Debug] [2025-12-1 14:29:34] Log::Print : This device configure situation (done bit): 1
[Info] [2025-12-1 14:29:35] set OpenLastPath: F:/final_camer/05_camera_pcie_capture_40pin_fmc/05_camera_pcie_capture_40pin_fmc/project/generate_bitstream/image_pcie_capture.sbit
[Debug] [2025-12-1 14:29:35] begin to get device info from CFG file...
[Debug] [2025-12-1 14:29:35] end to get device info from CFG file...
[Debug] [2025-12-1 14:29:35] Begin to update graphic item and tree item ...
[Debug] [2025-12-1 14:29:35] End to update graphic item and tree item ...
[Debug] [2025-12-1 14:29:35] Begin to update graphic item and tree item ...
[Debug] [2025-12-1 14:29:35] End to update graphic item and tree item ...
[Debug] [2025-12-1 14:29:35] End to deal wiht chain from server.
[Debug] [2025-12-1 14:29:35] end the exec of open cable cmd.
[Debug] [2025-12-1 14:29:35] COMMAND[Open config cable] execute successfully, takes 3.0 secs.
[Debug] [2025-12-1 14:29:35] Log::Print : COMMAND[Open config cable] execute successfully, takes 3.0 secs.
[Debug] [2025-12-1 14:29:36] Begin to send programming cmd...
[Debug] [2025-12-1 14:29:36] Send RPC:4
[Debug] [2025-12-1 14:29:36] Begin to send program data.
[Debug] [2025-12-1 14:29:36] End to send program data.
[Debug] [2025-12-1 14:29:36] Send cmd [Program:20002] OK
[Debug] [2025-12-1 14:29:36] The value of Progress is 6
[Debug] [2025-12-1 14:29:36] The value of Progress is 10
[Debug] [2025-12-1 14:29:36] The value of Progress is 15
[Debug] [2025-12-1 14:29:37] The value of Progress is 20
[Debug] [2025-12-1 14:29:37] The value of Progress is 25
[Debug] [2025-12-1 14:29:37] The value of Progress is 30
[Debug] [2025-12-1 14:29:37] The value of Progress is 35
[Debug] [2025-12-1 14:29:37] The value of Progress is 40
[Debug] [2025-12-1 14:29:37] The value of Progress is 45
[Debug] [2025-12-1 14:29:37] The value of Progress is 50
[Debug] [2025-12-1 14:29:37] The value of Progress is 55
[Debug] [2025-12-1 14:29:37] The value of Progress is 60
[Debug] [2025-12-1 14:29:37] The value of Progress is 65
[Debug] [2025-12-1 14:29:37] The value of Progress is 70
[Debug] [2025-12-1 14:29:37] The value of Progress is 75
[Debug] [2025-12-1 14:29:37] The value of Progress is 80
[Debug] [2025-12-1 14:29:38] The value of Progress is 85
[Debug] [2025-12-1 14:29:38] The value of Progress is 90
[Debug] [2025-12-1 14:29:38] The value of Progress is 95
[Debug] [2025-12-1 14:29:38] The value of Progress is 100
[Debug] [2025-12-1 14:29:38] COMMAND[Program] execute successfully, takes 2.0 secs.
[Debug] [2025-12-1 14:29:38] End to send programming cmd.
[Debug] [2025-12-1 14:29:38] Log::Print : The done bit is 1
[Debug] [2025-12-1 14:29:38] Log::Print : COMMAND[Program] execute successfully, takes 2.0 secs.
[Debug] [2025-12-1 14:29:39] Begin to Converte file.
[Debug] [2025-12-1 14:29:42] begin to parse sfc file.
[Debug] [2025-12-1 14:29:42] begin to get device info from CFG file...
[Debug] [2025-12-1 14:29:42] end to get device info from CFG file...
[Debug] [2025-12-1 14:29:42] begin to get device info from CFG file...
[Debug] [2025-12-1 14:29:42] end to get device info from CFG file...
[Debug] [2025-12-1 14:29:42] end to parse sfc file.
[Debug] [2025-12-1 14:29:42] Log::Print : The Start Address of bit file F:/final_camer/05_camera_pcie_capture_40pin_fmc/05_camera_pcie_capture_40pin_fmc/project/generate_bitstream/image_pcie_capture.sbit: 0x0
[Debug] [2025-12-1 14:29:43] End to Converte file.
[Debug] [2025-12-1 14:29:44] Begin to operte outer flash through FPGA...
[Error] [2025-12-1 14:29:45] PG2L50H not support this function
[Debug] [2025-12-1 14:29:46] Begin to send scan outer flash cmd...
[Debug] [2025-12-1 14:29:46] Send RPC:5
[Debug] [2025-12-1 14:29:46] Send cmd [Scan Outer SPI Flash:20300] OK
[Debug] [2025-12-1 14:29:46] End to send scan outer flash cmd.
[Debug] [2025-12-1 14:29:46] begin to exec scan jtag flash cmd...
[Debug] [2025-12-1 14:29:46] Begin to initialize JtagFlash for selected FPGA Device...
[Debug] [2025-12-1 14:29:46] Begin to update graphic item and tree item ...
[Debug] [2025-12-1 14:29:46] End to update graphic item and tree item ...
[Info] [2025-12-1 14:29:48] set OpenLastPath: F:/final_camer/05_camera_pcie_capture_40pin_fmc/05_camera_pcie_capture_40pin_fmc/project/generate_bitstream/image_pcie_capture.sfc
[Debug] [2025-12-1 14:29:48] begin to check SFC File and Flash Device Read Mode.
[Debug] [2025-12-1 14:29:48] end to check SFC File and Flash Device Read Mode.
[Debug] [2025-12-1 14:29:48] Begin to update graphic item and tree item ...
[Debug] [2025-12-1 14:29:48] End to update graphic item and tree item ...
[Debug] [2025-12-1 14:29:48] End to initialize OuterFlash for selected FPGA Device...
[Debug] [2025-12-1 14:29:48] end to exec scan jtag flash cmd...
[Debug] [2025-12-1 14:29:48] COMMAND[Scan Outer SPI Flash] execute successfully, takes 1.7 secs.
[Debug] [2025-12-1 14:29:48] Log::Print : COMMAND[Scan Outer SPI Flash] execute successfully, takes 1.7 secs.
[Debug] [2025-12-1 14:29:48] begin to send promgram jtag flash cmd.
[Debug] [2025-12-1 14:29:48] begin to send jtag flash erase cmd
[Debug] [2025-12-1 14:29:48] Send RPC:6
[Debug] [2025-12-1 14:29:48] Begin to send embed flash erase data.
[Debug] [2025-12-1 14:29:48] Begin to send flash erase data.
[Debug] [2025-12-1 14:29:48] End to send flash erase data.
[Debug] [2025-12-1 14:29:48] End to send embed flash erase data.
[Debug] [2025-12-1 14:29:48] Send cmd [Erase Outer Flash:20302] OK
[Debug] [2025-12-1 14:29:48] Log::Print : The start address of operating flash is 0x0.
[Debug] [2025-12-1 14:29:49] The value of Progress is 1
[Debug] [2025-12-1 14:29:50] The value of Progress is 6
[Debug] [2025-12-1 14:29:50] The value of Progress is 10
[Debug] [2025-12-1 14:29:51] The value of Progress is 17
[Debug] [2025-12-1 14:29:51] The value of Progress is 20
[Debug] [2025-12-1 14:29:52] The value of Progress is 27
[Debug] [2025-12-1 14:29:52] The value of Progress is 31
[Debug] [2025-12-1 14:29:53] The value of Progress is 37
[Debug] [2025-12-1 14:29:53] The value of Progress is 41
[Debug] [2025-12-1 14:29:54] The value of Progress is 48
[Debug] [2025-12-1 14:29:54] The value of Progress is 51
[Debug] [2025-12-1 14:29:54] The value of Progress is 55
[Debug] [2025-12-1 14:29:55] The value of Progress is 62
[Debug] [2025-12-1 14:29:55] The value of Progress is 65
[Debug] [2025-12-1 14:29:56] The value of Progress is 72
[Debug] [2025-12-1 14:29:56] The value of Progress is 75
[Debug] [2025-12-1 14:29:57] The value of Progress is 82
[Debug] [2025-12-1 14:29:57] The value of Progress is 86
[Debug] [2025-12-1 14:29:58] The value of Progress is 93
[Debug] [2025-12-1 14:29:58] The value of Progress is 96
[Debug] [2025-12-1 14:29:58] The value of Progress is 100
[Debug] [2025-12-1 14:29:58] COMMAND[Erase Outer Flash] execute finish, takes 9.8 secs.
[Debug] [2025-12-1 14:29:58] end to send jtag flash erase cmd.
[Debug] [2025-12-1 14:29:58] Send RPC:7
[Debug] [2025-12-1 14:29:58] Begin to send jtag flash program data.
[Debug] [2025-12-1 14:29:58] Begin to send flash program data.
[Debug] [2025-12-1 14:29:58] End to send flash program data.
[Debug] [2025-12-1 14:29:58] End to send embed flash program data.
[Debug] [2025-12-1 14:29:58] Send cmd [Program Outer Flash:20301] OK
[Debug] [2025-12-1 14:29:58] Log::Print : COMMAND[Erase Outer Flash] execute finish, takes 9.8 secs.
[Debug] [2025-12-1 14:29:58] Log::Print : The start address of operating flash is 0x0.
[Debug] [2025-12-1 14:29:58] The value of Progress is 1
[Debug] [2025-12-1 14:30:00] The value of Progress is 6
[Debug] [2025-12-1 14:30:01] The value of Progress is 10
[Debug] [2025-12-1 14:30:03] The value of Progress is 15
[Debug] [2025-12-1 14:30:04] The value of Progress is 20
[Debug] [2025-12-1 14:30:06] The value of Progress is 25
[Debug] [2025-12-1 14:30:07] The value of Progress is 30
[Debug] [2025-12-1 14:30:09] The value of Progress is 35
[Debug] [2025-12-1 14:30:10] The value of Progress is 40
[Debug] [2025-12-1 14:30:11] The value of Progress is 45
[Debug] [2025-12-1 14:30:13] The value of Progress is 50
[Debug] [2025-12-1 14:30:14] The value of Progress is 55
[Debug] [2025-12-1 14:30:16] The value of Progress is 60
[Debug] [2025-12-1 14:30:17] The value of Progress is 65
[Debug] [2025-12-1 14:30:19] The value of Progress is 70
[Debug] [2025-12-1 14:30:20] The value of Progress is 75
[Debug] [2025-12-1 14:30:22] The value of Progress is 80
[Debug] [2025-12-1 14:30:23] The value of Progress is 85
[Debug] [2025-12-1 14:30:24] The value of Progress is 90
[Debug] [2025-12-1 14:30:26] The value of Progress is 95
[Debug] [2025-12-1 14:30:27] The value of Progress is 100
[Debug] [2025-12-1 14:30:28] COMMAND[Program Outer Flash] execute finish, takes 29.5 secs.
[Debug] [2025-12-1 14:30:28] begin to send jtag flash verify cmd
[Debug] [2025-12-1 14:30:28] Send RPC:8
[Debug] [2025-12-1 14:30:28] Begin to send embed flash verify data.
[Debug] [2025-12-1 14:30:28] Begin to send flash verify data.
[Debug] [2025-12-1 14:30:28] End to send flash verify data.
[Debug] [2025-12-1 14:30:28] End to send embed flash verify data.
[Debug] [2025-12-1 14:30:28] Send cmd [Verify Outer Flash:20303] OK
[Debug] [2025-12-1 14:30:28] Log::Print : COMMAND[Program Outer Flash] execute finish, takes 29.5 secs.
[Debug] [2025-12-1 14:30:28] Log::Print : The start address of operating flash is 0x0.
[Debug] [2025-12-1 14:30:28] The value of Progress is 1
[Debug] [2025-12-1 14:30:28] The value of Progress is 6
[Debug] [2025-12-1 14:30:28] The value of Progress is 10
[Debug] [2025-12-1 14:30:28] The value of Progress is 15
[Debug] [2025-12-1 14:30:28] The value of Progress is 20
[Debug] [2025-12-1 14:30:28] The value of Progress is 25
[Debug] [2025-12-1 14:30:28] The value of Progress is 30
[Debug] [2025-12-1 14:30:28] The value of Progress is 35
[Debug] [2025-12-1 14:30:29] The value of Progress is 40
[Debug] [2025-12-1 14:30:29] The value of Progress is 45
[Debug] [2025-12-1 14:30:29] The value of Progress is 50
[Debug] [2025-12-1 14:30:29] The value of Progress is 55
[Debug] [2025-12-1 14:30:29] The value of Progress is 60
[Debug] [2025-12-1 14:30:29] The value of Progress is 65
[Debug] [2025-12-1 14:30:29] The value of Progress is 70
[Debug] [2025-12-1 14:30:29] The value of Progress is 75
[Debug] [2025-12-1 14:30:29] The value of Progress is 80
[Debug] [2025-12-1 14:30:29] The value of Progress is 85
[Debug] [2025-12-1 14:30:29] The value of Progress is 90
[Debug] [2025-12-1 14:30:30] The value of Progress is 95
[Debug] [2025-12-1 14:30:30] The value of Progress is 100
[Debug] [2025-12-1 14:30:30] COMMAND[Verify Outer Flash] execute successfully, takes 2.2 secs.
[Debug] [2025-12-1 14:30:30] end to send jtag flash verify cmd
[Debug] [2025-12-1 14:30:30] end to send jtag flash program cmd.
[Debug] [2025-12-1 14:30:30] Log::Print : COMMAND[Verify Outer Flash] execute successfully, takes 2.2 secs.
[Info] [2025-12-1 14:34:41] /***************************End Configration***************************/
[Info] [2025-12-27 16:33:27] /***************************Start Configuration***************************/
[Info] [2025-12-27 16:33:27] Path: E:/PDS_FPGA/PDS_2022.2-SP6.4/bin
[Info] [2025-12-27 16:33:27] Version: 146967
[Info] [2025-12-27 16:33:28] Current Path: F:/project/slow_speed_pcie_four_camer/fpga_four_camer/four_camer/05_camera_pcie_capture_40pin_fmc/project
[Info] [2025-12-27 16:33:28] PDS Dir Path: F:/project/slow_speed_pcie_four_camer/fpga_four_camer/four_camer/05_camera_pcie_capture_40pin_fmc/project
[Info] [2025-12-27 16:33:31] Configuration is not connect with server. connect first then scan chain.
[Debug] [2025-12-27 16:33:31] Client Local host name:????
[Debug] [2025-12-27 16:33:31] Client Local Address:192.168.137.1
[Debug] [2025-12-27 16:33:31] Client Local Address:10.9.20.12
[Debug] [2025-12-27 16:33:31] Client Local Address:192.168.170.1
[Debug] [2025-12-27 16:33:31] Client Local Address:192.168.29.1
[Debug] [2025-12-27 16:33:31] Server Address:127.0.0.1, Port:65420
[Debug] [2025-12-27 16:33:31] Log::Print : Connecting to server[127.0.0.1 : 65420].
[Info] [2025-12-27 16:33:33] Connect OK, Server: 127.0.0.1  Port: 65420
[Debug] [2025-12-27 16:33:33] Finish.
[Info] [2025-12-27 16:33:33] Connect server succeeded
[Debug] [2025-12-27 16:33:33] Send RPC:1
[Debug] [2025-12-27 16:33:33] Send cmd [check version information:40004] OK
[Debug] [2025-12-27 16:33:33] Log::Print : Connect to server[127.0.0.1 : 65420] successfully.
[Debug] [2025-12-27 16:33:34] Send RPC:2
[Debug] [2025-12-27 16:33:34] Send cmd [get_cable_paras:40010] OK
[Debug] [2025-12-27 16:33:34] Begin to send initialize chain cmd...
[Debug] [2025-12-27 16:33:34] Send RPC:3
[Debug] [2025-12-27 16:33:34] Send cmd [Open config cable:20001] OK
[Debug] [2025-12-27 16:33:34] End to send initialize chain cmd.
[Debug] [2025-12-27 16:33:34] COMMAND[check version information] execute successfully, takes 1.3 secs.
[Debug] [2025-12-27 16:33:34] Log::Print : COMMAND[check version information] execute successfully, takes 1.3 secs.
[Debug] [2025-12-27 16:33:36] COMMAND[get_cable_paras] execute successfully, takes 2.1 secs.
[Debug] [2025-12-27 16:33:36] Log::Print : The cable List : 

[Debug] [2025-12-27 16:33:36] Log::Print : COMMAND[get_cable_paras] execute successfully, takes 2.1 secs.
[Error] [2025-12-27 16:33:36] fail to exec Open config cable cmd...
[Error] [2025-12-27 16:33:36] MsgOut: JtagServer-0306: No devices detected while scanning the JTAG chain, failed detecting JTAG device chain.
[Warn] [2025-12-27 16:33:36] MsgOut: Please check the device power, cable connection situation and whether put the chip in the right way or not.
   If these do not work, try to restart the software.
[Error] [2025-12-27 16:33:36] MsgOut: Configuration-0008: The command 'Open config cable' execute fail.
[Info] [2025-12-27 16:33:46] /***************************End Configration***************************/
[Info] [2025-12-27 16:33:47] /***************************Start Configuration***************************/
[Info] [2025-12-27 16:33:47] Path: E:/PDS_FPGA/PDS_2022.2-SP6.4/bin
[Info] [2025-12-27 16:33:47] Version: 146967
[Info] [2025-12-27 16:33:48] Current Path: F:/project/slow_speed_pcie_four_camer/fpga_four_camer/four_camer/05_camera_pcie_capture_40pin_fmc/project
[Info] [2025-12-27 16:33:48] PDS Dir Path: F:/project/slow_speed_pcie_four_camer/fpga_four_camer/four_camer/05_camera_pcie_capture_40pin_fmc/project
[Info] [2025-12-27 16:33:51] Configuration is not connect with server. connect first then scan chain.
[Debug] [2025-12-27 16:33:51] Client Local host name:????
[Debug] [2025-12-27 16:33:51] Client Local Address:192.168.137.1
[Debug] [2025-12-27 16:33:51] Client Local Address:10.9.20.12
[Debug] [2025-12-27 16:33:51] Client Local Address:192.168.170.1
[Debug] [2025-12-27 16:33:51] Client Local Address:192.168.29.1
[Debug] [2025-12-27 16:33:51] Server Address:127.0.0.1, Port:65420
[Debug] [2025-12-27 16:33:51] Log::Print : Connecting to server[127.0.0.1 : 65420].
[Info] [2025-12-27 16:33:51] Connect OK, Server: 127.0.0.1  Port: 65420
[Debug] [2025-12-27 16:33:51] Finish.
[Info] [2025-12-27 16:33:51] Connect server succeeded
[Debug] [2025-12-27 16:33:51] Send RPC:1
[Debug] [2025-12-27 16:33:51] Send cmd [check version information:40004] OK
[Debug] [2025-12-27 16:33:51] Log::Print : Connect to server[127.0.0.1 : 65420] successfully.
[Debug] [2025-12-27 16:33:52] Send RPC:2
[Debug] [2025-12-27 16:33:52] Send cmd [get_cable_paras:40010] OK
[Debug] [2025-12-27 16:33:52] Begin to send initialize chain cmd...
[Debug] [2025-12-27 16:33:52] Send RPC:3
[Debug] [2025-12-27 16:33:52] Send cmd [Open config cable:20001] OK
[Debug] [2025-12-27 16:33:52] End to send initialize chain cmd.
[Debug] [2025-12-27 16:33:52] COMMAND[check version information] execute successfully, takes 0.9 secs.
[Debug] [2025-12-27 16:33:52] Log::Print : COMMAND[check version information] execute successfully, takes 0.9 secs.
[Debug] [2025-12-27 16:33:54] COMMAND[get_cable_paras] execute successfully, takes 1.9 secs.
[Debug] [2025-12-27 16:33:54] Log::Print : The cable List : 

[Debug] [2025-12-27 16:33:54] Log::Print : COMMAND[get_cable_paras] execute successfully, takes 1.9 secs.
[Error] [2025-12-27 16:33:54] fail to exec Open config cable cmd...
[Error] [2025-12-27 16:33:54] MsgOut: JtagServer-0306: No devices detected while scanning the JTAG chain, failed detecting JTAG device chain.
[Warn] [2025-12-27 16:33:54] MsgOut: Please check the device power, cable connection situation and whether put the chip in the right way or not.
   If these do not work, try to restart the software.
[Error] [2025-12-27 16:33:54] MsgOut: Configuration-0008: The command 'Open config cable' execute fail.
[Info] [2025-12-27 16:33:56] /***************************End Configration***************************/
[Info] [2025-12-27 16:34:08] /***************************Start Configuration***************************/
[Info] [2025-12-27 16:34:08] Path: E:/PDS_FPGA/PDS_2022.2-SP6.4/bin
[Info] [2025-12-27 16:34:08] Version: 146967
[Info] [2025-12-27 16:34:09] Current Path: F:/project/slow_speed_pcie_four_camer/fpga_four_camer/four_camer/05_camera_pcie_capture_40pin_fmc/project
[Info] [2025-12-27 16:34:09] PDS Dir Path: F:/project/slow_speed_pcie_four_camer/fpga_four_camer/four_camer/05_camera_pcie_capture_40pin_fmc/project
[Info] [2025-12-27 16:34:11] Configuration is not connect with server. connect first then scan chain.
[Debug] [2025-12-27 16:34:11] Client Local host name:????
[Debug] [2025-12-27 16:34:11] Client Local Address:192.168.137.1
[Debug] [2025-12-27 16:34:11] Client Local Address:10.9.20.12
[Debug] [2025-12-27 16:34:11] Client Local Address:192.168.170.1
[Debug] [2025-12-27 16:34:11] Client Local Address:192.168.29.1
[Debug] [2025-12-27 16:34:11] Server Address:127.0.0.1, Port:65420
[Debug] [2025-12-27 16:34:12] Log::Print : Connecting to server[127.0.0.1 : 65420].
[Info] [2025-12-27 16:34:12] Connect OK, Server: 127.0.0.1  Port: 65420
[Debug] [2025-12-27 16:34:12] Finish.
[Info] [2025-12-27 16:34:12] Connect server succeeded
[Debug] [2025-12-27 16:34:12] Send RPC:1
[Debug] [2025-12-27 16:34:12] Send cmd [check version information:40004] OK
[Debug] [2025-12-27 16:34:12] Log::Print : Connect to server[127.0.0.1 : 65420] successfully.
[Debug] [2025-12-27 16:34:13] Send RPC:2
[Debug] [2025-12-27 16:34:13] Send cmd [get_cable_paras:40010] OK
[Debug] [2025-12-27 16:34:13] Begin to send initialize chain cmd...
[Debug] [2025-12-27 16:34:13] Send RPC:3
[Debug] [2025-12-27 16:34:13] Send cmd [Open config cable:20001] OK
[Debug] [2025-12-27 16:34:13] End to send initialize chain cmd.
[Debug] [2025-12-27 16:34:13] COMMAND[check version information] execute successfully, takes 1.2 secs.
[Debug] [2025-12-27 16:34:13] Log::Print : COMMAND[check version information] execute successfully, takes 1.2 secs.
[Debug] [2025-12-27 16:34:15] COMMAND[get_cable_paras] execute successfully, takes 2.2 secs.
[Debug] [2025-12-27 16:34:15] Log::Print : The cable List : 

[Debug] [2025-12-27 16:34:15] Log::Print : COMMAND[get_cable_paras] execute successfully, takes 2.2 secs.
[Error] [2025-12-27 16:34:15] fail to exec Open config cable cmd...
[Error] [2025-12-27 16:34:15] MsgOut: JtagServer-0306: No devices detected while scanning the JTAG chain, failed detecting JTAG device chain.
[Warn] [2025-12-27 16:34:15] MsgOut: Please check the device power, cable connection situation and whether put the chip in the right way or not.
   If these do not work, try to restart the software.
[Error] [2025-12-27 16:34:15] MsgOut: Configuration-0008: The command 'Open config cable' execute fail.
[Info] [2025-12-27 16:34:19] /***************************End Configration***************************/
[Info] [2025-12-27 16:34:30] /***************************Start Configuration***************************/
[Info] [2025-12-27 16:34:30] Path: E:/PDS_FPGA/PDS_2022.2-SP6.4/bin
[Info] [2025-12-27 16:34:30] Version: 146967
[Info] [2025-12-27 16:34:31] Current Path: F:/project/slow_speed_pcie_four_camer/fpga_four_camer/four_camer/05_camera_pcie_capture_40pin_fmc/project
[Info] [2025-12-27 16:34:31] PDS Dir Path: F:/project/slow_speed_pcie_four_camer/fpga_four_camer/four_camer/05_camera_pcie_capture_40pin_fmc/project
[Info] [2025-12-27 16:34:33] Configuration is not connect with server. connect first then scan chain.
[Debug] [2025-12-27 16:34:33] Client Local host name:????
[Debug] [2025-12-27 16:34:33] Client Local Address:192.168.137.1
[Debug] [2025-12-27 16:34:33] Client Local Address:10.9.20.12
[Debug] [2025-12-27 16:34:33] Client Local Address:192.168.170.1
[Debug] [2025-12-27 16:34:33] Client Local Address:192.168.29.1
[Debug] [2025-12-27 16:34:33] Server Address:127.0.0.1, Port:65420
[Debug] [2025-12-27 16:34:33] Log::Print : Connecting to server[127.0.0.1 : 65420].
[Info] [2025-12-27 16:34:33] Connect OK, Server: 127.0.0.1  Port: 65420
[Debug] [2025-12-27 16:34:33] Finish.
[Info] [2025-12-27 16:34:33] Connect server succeeded
[Debug] [2025-12-27 16:34:33] Send RPC:1
[Debug] [2025-12-27 16:34:33] Send cmd [check version information:40004] OK
[Debug] [2025-12-27 16:34:33] Log::Print : Connect to server[127.0.0.1 : 65420] successfully.
[Debug] [2025-12-27 16:34:34] Send RPC:2
[Debug] [2025-12-27 16:34:34] Send cmd [get_cable_paras:40010] OK
[Debug] [2025-12-27 16:34:34] Begin to send initialize chain cmd...
[Debug] [2025-12-27 16:34:34] Send RPC:3
[Debug] [2025-12-27 16:34:34] Send cmd [Open config cable:20001] OK
[Debug] [2025-12-27 16:34:34] End to send initialize chain cmd.
[Debug] [2025-12-27 16:34:34] COMMAND[check version information] execute successfully, takes 0.5 secs.
[Debug] [2025-12-27 16:34:34] Log::Print : COMMAND[check version information] execute successfully, takes 0.5 secs.
[Debug] [2025-12-27 16:34:35] COMMAND[get_cable_paras] execute successfully, takes 1.3 secs.
[Debug] [2025-12-27 16:34:35] Log::Print : The cable List : 
Cable index 0:USB Cable II/fffffffffffffffe 

[Debug] [2025-12-27 16:34:35] Log::Print : COMMAND[get_cable_paras] execute successfully, takes 1.3 secs.
[Debug] [2025-12-27 16:34:35] begin the exec of open cable cmd...
[Debug] [2025-12-27 16:34:35] Begin to deal with chain from server...
[Debug] [2025-12-27 16:34:35] Begin to set user chain...
[Debug] [2025-12-27 16:34:35] End to set user chain.
[Debug] [2025-12-27 16:34:35] Begin to update graphic item and tree item ...
[Debug] [2025-12-27 16:34:35] End to update graphic item and tree item ...
[Debug] [2025-12-27 16:34:35] Log::Print : PANGO USB CABLE II cable driver: D2XX DLL
[Debug] [2025-12-27 16:34:35] Log::Print : PG2L50H
[Debug] [2025-12-27 16:34:35] Log::Print : This device configure situation (done bit): 1
[Info] [2025-12-27 16:34:37] set OpenLastPath: F:/project/slow_speed_pcie_four_camer/fpga_four_camer/four_camer/05_camera_pcie_capture_40pin_fmc/project/generate_bitstream/image_pcie_capture.sbit
[Debug] [2025-12-27 16:34:37] begin to get device info from CFG file...
[Debug] [2025-12-27 16:34:37] end to get device info from CFG file...
[Debug] [2025-12-27 16:34:37] Begin to update graphic item and tree item ...
[Debug] [2025-12-27 16:34:37] End to update graphic item and tree item ...
[Debug] [2025-12-27 16:34:37] Begin to update graphic item and tree item ...
[Debug] [2025-12-27 16:34:37] End to update graphic item and tree item ...
[Debug] [2025-12-27 16:34:37] End to deal wiht chain from server.
[Debug] [2025-12-27 16:34:37] end the exec of open cable cmd.
[Debug] [2025-12-27 16:34:37] COMMAND[Open config cable] execute successfully, takes 3.3 secs.
[Debug] [2025-12-27 16:34:37] Log::Print : COMMAND[Open config cable] execute successfully, takes 3.3 secs.
[Debug] [2025-12-27 16:34:39] Begin to send programming cmd...
[Debug] [2025-12-27 16:34:39] Send RPC:4
[Debug] [2025-12-27 16:34:39] Begin to send program data.
[Debug] [2025-12-27 16:34:39] End to send program data.
[Debug] [2025-12-27 16:34:39] Send cmd [Program:20002] OK
[Debug] [2025-12-27 16:34:39] The value of Progress is 6
[Debug] [2025-12-27 16:34:39] The value of Progress is 10
[Debug] [2025-12-27 16:34:39] The value of Progress is 15
[Debug] [2025-12-27 16:34:39] The value of Progress is 20
[Debug] [2025-12-27 16:34:39] The value of Progress is 25
[Debug] [2025-12-27 16:34:39] The value of Progress is 30
[Debug] [2025-12-27 16:34:39] The value of Progress is 35
[Debug] [2025-12-27 16:34:40] The value of Progress is 40
[Debug] [2025-12-27 16:34:40] The value of Progress is 45
[Debug] [2025-12-27 16:34:40] The value of Progress is 50
[Debug] [2025-12-27 16:34:40] The value of Progress is 55
[Debug] [2025-12-27 16:34:40] The value of Progress is 60
[Debug] [2025-12-27 16:34:40] The value of Progress is 65
[Debug] [2025-12-27 16:34:40] The value of Progress is 70
[Debug] [2025-12-27 16:34:40] The value of Progress is 75
[Debug] [2025-12-27 16:34:40] The value of Progress is 80
[Debug] [2025-12-27 16:34:40] The value of Progress is 85
[Debug] [2025-12-27 16:34:40] The value of Progress is 90
[Debug] [2025-12-27 16:34:40] The value of Progress is 95
[Debug] [2025-12-27 16:34:40] The value of Progress is 100
[Debug] [2025-12-27 16:34:41] COMMAND[Program] execute successfully, takes 2.0 secs.
[Debug] [2025-12-27 16:34:41] End to send programming cmd.
[Debug] [2025-12-27 16:34:41] Log::Print : The done bit is 1
[Debug] [2025-12-27 16:34:41] Log::Print : COMMAND[Program] execute successfully, takes 2.0 secs.
[Debug] [2025-12-27 16:34:43] Begin to Converte file.
[Debug] [2025-12-27 16:34:48] begin to parse sfc file.
[Debug] [2025-12-27 16:34:48] begin to get device info from CFG file...
[Debug] [2025-12-27 16:34:48] end to get device info from CFG file...
[Debug] [2025-12-27 16:34:48] begin to get device info from CFG file...
[Debug] [2025-12-27 16:34:48] end to get device info from CFG file...
[Debug] [2025-12-27 16:34:48] end to parse sfc file.
[Debug] [2025-12-27 16:34:48] Log::Print : The Start Address of bit file F:/project/slow_speed_pcie_four_camer/fpga_four_camer/four_camer/05_camera_pcie_capture_40pin_fmc/project/generate_bitstream/image_pcie_capture.sbit: 0x0
[Debug] [2025-12-27 16:34:49] End to Converte file.
[Debug] [2025-12-27 16:34:50] Begin to send scan outer flash cmd...
[Debug] [2025-12-27 16:34:50] Send RPC:5
[Debug] [2025-12-27 16:34:50] Send cmd [Scan Outer SPI Flash:20300] OK
[Debug] [2025-12-27 16:34:50] End to send scan outer flash cmd.
[Debug] [2025-12-27 16:34:50] begin to exec scan jtag flash cmd...
[Debug] [2025-12-27 16:34:50] Begin to initialize JtagFlash for selected FPGA Device...
[Debug] [2025-12-27 16:34:50] Begin to update graphic item and tree item ...
[Debug] [2025-12-27 16:34:50] End to update graphic item and tree item ...
[Info] [2025-12-27 16:34:52] set OpenLastPath: F:/project/slow_speed_pcie_four_camer/fpga_four_camer/four_camer/05_camera_pcie_capture_40pin_fmc/project/generate_bitstream/image_pcie_capture.sfc
[Debug] [2025-12-27 16:34:52] begin to check SFC File and Flash Device Read Mode.
[Debug] [2025-12-27 16:34:52] end to check SFC File and Flash Device Read Mode.
[Debug] [2025-12-27 16:34:52] Begin to update graphic item and tree item ...
[Debug] [2025-12-27 16:34:52] End to update graphic item and tree item ...
[Debug] [2025-12-27 16:34:52] End to initialize OuterFlash for selected FPGA Device...
[Debug] [2025-12-27 16:34:52] end to exec scan jtag flash cmd...
[Debug] [2025-12-27 16:34:52] COMMAND[Scan Outer SPI Flash] execute successfully, takes 1.9 secs.
[Debug] [2025-12-27 16:34:52] Log::Print : COMMAND[Scan Outer SPI Flash] execute successfully, takes 1.9 secs.
[Debug] [2025-12-27 16:34:53] begin to send promgram jtag flash cmd.
[Debug] [2025-12-27 16:34:53] begin to send jtag flash erase cmd
[Debug] [2025-12-27 16:34:53] Send RPC:6
[Debug] [2025-12-27 16:34:53] Begin to send embed flash erase data.
[Debug] [2025-12-27 16:34:53] Begin to send flash erase data.
[Debug] [2025-12-27 16:34:53] End to send flash erase data.
[Debug] [2025-12-27 16:34:53] End to send embed flash erase data.
[Debug] [2025-12-27 16:34:53] Send cmd [Erase Outer Flash:20302] OK
[Debug] [2025-12-27 16:34:53] Log::Print : The start address of operating flash is 0x0.
[Debug] [2025-12-27 16:34:53] The value of Progress is 1
[Debug] [2025-12-27 16:34:54] The value of Progress is 6
[Debug] [2025-12-27 16:34:54] The value of Progress is 10
[Debug] [2025-12-27 16:34:55] The value of Progress is 17
[Debug] [2025-12-27 16:34:55] The value of Progress is 20
[Debug] [2025-12-27 16:34:56] The value of Progress is 27
[Debug] [2025-12-27 16:34:56] The value of Progress is 31
[Debug] [2025-12-27 16:34:57] The value of Progress is 37
[Debug] [2025-12-27 16:34:57] The value of Progress is 41
[Debug] [2025-12-27 16:34:58] The value of Progress is 48
[Debug] [2025-12-27 16:34:58] The value of Progress is 51
[Debug] [2025-12-27 16:34:58] The value of Progress is 55
[Debug] [2025-12-27 16:34:59] The value of Progress is 62
[Debug] [2025-12-27 16:34:59] The value of Progress is 65
[Debug] [2025-12-27 16:35:00] The value of Progress is 72
[Debug] [2025-12-27 16:35:00] The value of Progress is 75
[Debug] [2025-12-27 16:35:01] The value of Progress is 82
[Debug] [2025-12-27 16:35:01] The value of Progress is 86
[Debug] [2025-12-27 16:35:02] The value of Progress is 93
[Debug] [2025-12-27 16:35:02] The value of Progress is 96
[Debug] [2025-12-27 16:35:02] The value of Progress is 100
[Debug] [2025-12-27 16:35:02] COMMAND[Erase Outer Flash] execute finish, takes 9.9 secs.
[Debug] [2025-12-27 16:35:02] end to send jtag flash erase cmd.
[Debug] [2025-12-27 16:35:02] Send RPC:7
[Debug] [2025-12-27 16:35:02] Begin to send jtag flash program data.
[Debug] [2025-12-27 16:35:02] Begin to send flash program data.
[Debug] [2025-12-27 16:35:02] End to send flash program data.
[Debug] [2025-12-27 16:35:02] End to send embed flash program data.
[Debug] [2025-12-27 16:35:02] Send cmd [Program Outer Flash:20301] OK
[Debug] [2025-12-27 16:35:03] Log::Print : COMMAND[Erase Outer Flash] execute finish, takes 9.9 secs.
[Debug] [2025-12-27 16:35:03] Log::Print : The start address of operating flash is 0x0.
[Debug] [2025-12-27 16:35:03] The value of Progress is 1
[Debug] [2025-12-27 16:35:04] The value of Progress is 6
[Debug] [2025-12-27 16:35:06] The value of Progress is 10
[Debug] [2025-12-27 16:35:07] The value of Progress is 15
[Debug] [2025-12-27 16:35:08] The value of Progress is 20
[Debug] [2025-12-27 16:35:10] The value of Progress is 25
[Debug] [2025-12-27 16:35:11] The value of Progress is 30
[Error] [2025-12-27 16:35:12] fail to exec Program Outer Flash cmd...
[Debug] [2025-12-27 16:35:12] end to send jtag flash program cmd.
[Error] [2025-12-27 16:35:12] MsgOut: JtagServer-0016: Read instruction or data from PANGO USB CABLE II cable using JTAG protocol timeout.
[Error] [2025-12-27 16:35:12] MsgOut: Configuration-0008: The command 'Program Outer Flash' execute fail.
[Debug] [2025-12-27 16:35:22] begin to send promgram jtag flash cmd.
[Debug] [2025-12-27 16:35:22] begin to send jtag flash erase cmd
[Debug] [2025-12-27 16:35:22] Send RPC:8
[Debug] [2025-12-27 16:35:22] Begin to send embed flash erase data.
[Debug] [2025-12-27 16:35:22] Begin to send flash erase data.
[Debug] [2025-12-27 16:35:22] End to send flash erase data.
[Debug] [2025-12-27 16:35:22] End to send embed flash erase data.
[Debug] [2025-12-27 16:35:22] Send cmd [Erase Outer Flash:20302] OK
[Debug] [2025-12-27 16:35:22] Log::Print : The start address of operating flash is 0x0.
[Error] [2025-12-27 16:35:22] fail to exec Erase Outer Flash cmd...
[Debug] [2025-12-27 16:35:22] end to send jtag flash erase cmd.
[Error] [2025-12-27 16:35:22] Flash Erasing failed before programming.
[Error] [2025-12-27 16:35:22] MsgOut: JtagServer-0001: No PANGO USB CABLE II cable was found in system.
[Error] [2025-12-27 16:35:22] MsgOut: JtagServer-0306: No devices detected while scanning the JTAG chain, failed detecting JTAG device chain.
[Error] [2025-12-27 16:35:22] MsgOut: Configuration-0008: The command 'Erase Outer Flash' execute fail.
[Info] [2025-12-27 16:35:27] /***************************End Configration***************************/
[Info] [2025-12-27 16:35:29] /***************************Start Configuration***************************/
[Info] [2025-12-27 16:35:29] Path: E:/PDS_FPGA/PDS_2022.2-SP6.4/bin
[Info] [2025-12-27 16:35:29] Version: 146967
[Info] [2025-12-27 16:35:30] Current Path: F:/project/slow_speed_pcie_four_camer/fpga_four_camer/four_camer/05_camera_pcie_capture_40pin_fmc/project
[Info] [2025-12-27 16:35:30] PDS Dir Path: F:/project/slow_speed_pcie_four_camer/fpga_four_camer/four_camer/05_camera_pcie_capture_40pin_fmc/project
[Info] [2025-12-27 16:35:32] Configuration is not connect with server. connect first then scan chain.
[Debug] [2025-12-27 16:35:32] Client Local host name:????
[Debug] [2025-12-27 16:35:32] Client Local Address:192.168.137.1
[Debug] [2025-12-27 16:35:32] Client Local Address:10.9.20.12
[Debug] [2025-12-27 16:35:32] Client Local Address:192.168.170.1
[Debug] [2025-12-27 16:35:32] Client Local Address:192.168.29.1
[Debug] [2025-12-27 16:35:32] Server Address:127.0.0.1, Port:65420
[Debug] [2025-12-27 16:35:32] Log::Print : Connecting to server[127.0.0.1 : 65420].
[Info] [2025-12-27 16:35:32] Connect OK, Server: 127.0.0.1  Port: 65420
[Debug] [2025-12-27 16:35:32] Finish.
[Info] [2025-12-27 16:35:32] Connect server succeeded
[Debug] [2025-12-27 16:35:32] Send RPC:1
[Debug] [2025-12-27 16:35:32] Send cmd [check version information:40004] OK
[Debug] [2025-12-27 16:35:32] Log::Print : Connect to server[127.0.0.1 : 65420] successfully.
[Debug] [2025-12-27 16:35:33] Send RPC:2
[Debug] [2025-12-27 16:35:33] Send cmd [get_cable_paras:40010] OK
[Debug] [2025-12-27 16:35:33] Begin to send initialize chain cmd...
[Debug] [2025-12-27 16:35:33] Send RPC:3
[Debug] [2025-12-27 16:35:33] Send cmd [Open config cable:20001] OK
[Debug] [2025-12-27 16:35:33] End to send initialize chain cmd.
[Debug] [2025-12-27 16:35:33] COMMAND[check version information] execute successfully, takes 0.5 secs.
[Debug] [2025-12-27 16:35:33] Log::Print : COMMAND[check version information] execute successfully, takes 0.5 secs.
[Debug] [2025-12-27 16:35:34] COMMAND[get_cable_paras] execute successfully, takes 1.3 secs.
[Debug] [2025-12-27 16:35:34] Log::Print : The cable List : 
Cable index 0:USB Cable II/fffffffffffffffe 

[Debug] [2025-12-27 16:35:34] Log::Print : COMMAND[get_cable_paras] execute successfully, takes 1.3 secs.
[Debug] [2025-12-27 16:35:34] begin the exec of open cable cmd...
[Debug] [2025-12-27 16:35:34] Begin to deal with chain from server...
[Debug] [2025-12-27 16:35:34] Begin to set user chain...
[Debug] [2025-12-27 16:35:34] End to set user chain.
[Debug] [2025-12-27 16:35:34] Begin to update graphic item and tree item ...
[Debug] [2025-12-27 16:35:34] End to update graphic item and tree item ...
[Debug] [2025-12-27 16:35:34] Log::Print : PANGO USB CABLE II cable driver: D2XX DLL
[Debug] [2025-12-27 16:35:34] Log::Print : PG2L50H
[Debug] [2025-12-27 16:35:34] Log::Print : This device configure situation (done bit): 1
[Info] [2025-12-27 16:35:36] set OpenLastPath: F:/project/slow_speed_pcie_four_camer/fpga_four_camer/four_camer/05_camera_pcie_capture_40pin_fmc/project/generate_bitstream/image_pcie_capture.sbit
[Debug] [2025-12-27 16:35:36] begin to get device info from CFG file...
[Debug] [2025-12-27 16:35:36] end to get device info from CFG file...
[Debug] [2025-12-27 16:35:36] Begin to update graphic item and tree item ...
[Debug] [2025-12-27 16:35:36] End to update graphic item and tree item ...
[Debug] [2025-12-27 16:35:36] Begin to update graphic item and tree item ...
[Debug] [2025-12-27 16:35:36] End to update graphic item and tree item ...
[Debug] [2025-12-27 16:35:36] End to deal wiht chain from server.
[Debug] [2025-12-27 16:35:36] end the exec of open cable cmd.
[Debug] [2025-12-27 16:35:36] COMMAND[Open config cable] execute successfully, takes 3.3 secs.
[Debug] [2025-12-27 16:35:36] Log::Print : COMMAND[Open config cable] execute successfully, takes 3.3 secs.
[Debug] [2025-12-27 16:35:37] Begin to send programming cmd...
[Debug] [2025-12-27 16:35:37] Send RPC:4
[Debug] [2025-12-27 16:35:37] Begin to send program data.
[Debug] [2025-12-27 16:35:37] End to send program data.
[Debug] [2025-12-27 16:35:37] Send cmd [Program:20002] OK
[Debug] [2025-12-27 16:35:37] The value of Progress is 6
[Debug] [2025-12-27 16:35:37] The value of Progress is 10
[Error] [2025-12-27 16:35:38] fail to exec Program cmd...
[Debug] [2025-12-27 16:35:38] End to send programming cmd.
[Error] [2025-12-27 16:35:38] MsgOut: JtagServer-0014: Fail to write instruction or data to PANGO USB CABLE II cable using JTAG protocol.
[Error] [2025-12-27 16:35:38] MsgOut: Configuration-0008: The command 'Program' execute fail.
[Debug] [2025-12-27 16:35:47] Begin to Converte file.
[Debug] [2025-12-27 16:35:52] begin to parse sfc file.
[Debug] [2025-12-27 16:35:52] begin to get device info from CFG file...
[Debug] [2025-12-27 16:35:52] end to get device info from CFG file...
[Debug] [2025-12-27 16:35:52] begin to get device info from CFG file...
[Debug] [2025-12-27 16:35:52] end to get device info from CFG file...
[Debug] [2025-12-27 16:35:52] end to parse sfc file.
[Debug] [2025-12-27 16:35:52] Log::Print : The Start Address of bit file F:/project/slow_speed_pcie_four_camer/fpga_four_camer/four_camer/05_camera_pcie_capture_40pin_fmc/project/generate_bitstream/image_pcie_capture.sbit: 0x0
[Debug] [2025-12-27 16:35:53] End to Converte file.
[Debug] [2025-12-27 16:35:55] Begin to send scan outer flash cmd...
[Debug] [2025-12-27 16:35:55] Send RPC:5
[Debug] [2025-12-27 16:35:55] Send cmd [Scan Outer SPI Flash:20300] OK
[Debug] [2025-12-27 16:35:55] End to send scan outer flash cmd.
[Error] [2025-12-27 16:35:55] fail to exec Scan Outer SPI Flash cmd...
[Error] [2025-12-27 16:35:55] MsgOut: JtagServer-0336: Flash id is 0x0, maybe the clock frequency is high or this flash is not supported, please reduce the clock frequency of cable or replace with other flash.
[Error] [2025-12-27 16:35:55] MsgOut: Configuration-0008: The command 'Scan Outer SPI Flash' execute fail.
[Info] [2025-12-27 16:35:59] /***************************End Configration***************************/
[Info] [2025-12-27 16:36:04] /***************************Start Configuration***************************/
[Info] [2025-12-27 16:36:04] Path: E:/PDS_FPGA/PDS_2022.2-SP6.4/bin
[Info] [2025-12-27 16:36:04] Version: 146967
[Info] [2025-12-27 16:36:05] Current Path: F:/project/slow_speed_pcie_four_camer/fpga_four_camer/four_camer/05_camera_pcie_capture_40pin_fmc/project
[Info] [2025-12-27 16:36:05] PDS Dir Path: F:/project/slow_speed_pcie_four_camer/fpga_four_camer/four_camer/05_camera_pcie_capture_40pin_fmc/project
[Info] [2025-12-27 16:36:07] Configuration is not connect with server. connect first then scan chain.
[Debug] [2025-12-27 16:36:07] Client Local host name:????
[Debug] [2025-12-27 16:36:07] Client Local Address:192.168.137.1
[Debug] [2025-12-27 16:36:07] Client Local Address:10.9.20.12
[Debug] [2025-12-27 16:36:07] Client Local Address:192.168.170.1
[Debug] [2025-12-27 16:36:07] Client Local Address:192.168.29.1
[Debug] [2025-12-27 16:36:07] Server Address:127.0.0.1, Port:65420
[Debug] [2025-12-27 16:36:07] Log::Print : Connecting to server[127.0.0.1 : 65420].
[Info] [2025-12-27 16:36:07] Connect OK, Server: 127.0.0.1  Port: 65420
[Debug] [2025-12-27 16:36:07] Finish.
[Info] [2025-12-27 16:36:07] Connect server succeeded
[Debug] [2025-12-27 16:36:07] Send RPC:1
[Debug] [2025-12-27 16:36:07] Send cmd [check version information:40004] OK
[Debug] [2025-12-27 16:36:07] Log::Print : Connect to server[127.0.0.1 : 65420] successfully.
[Debug] [2025-12-27 16:36:08] Send RPC:2
[Debug] [2025-12-27 16:36:08] Send cmd [get_cable_paras:40010] OK
[Debug] [2025-12-27 16:36:08] Begin to send initialize chain cmd...
[Debug] [2025-12-27 16:36:08] Send RPC:3
[Debug] [2025-12-27 16:36:08] Send cmd [Open config cable:20001] OK
[Debug] [2025-12-27 16:36:08] End to send initialize chain cmd.
[Debug] [2025-12-27 16:36:08] COMMAND[check version information] execute successfully, takes 0.9 secs.
[Debug] [2025-12-27 16:36:08] Log::Print : COMMAND[check version information] execute successfully, takes 0.9 secs.
[Debug] [2025-12-27 16:36:10] COMMAND[get_cable_paras] execute successfully, takes 1.8 secs.
[Debug] [2025-12-27 16:36:10] Log::Print : The cable List : 

[Debug] [2025-12-27 16:36:10] Log::Print : COMMAND[get_cable_paras] execute successfully, takes 1.8 secs.
[Error] [2025-12-27 16:36:10] fail to exec Open config cable cmd...
[Error] [2025-12-27 16:36:10] MsgOut: JtagServer-0306: No devices detected while scanning the JTAG chain, failed detecting JTAG device chain.
[Warn] [2025-12-27 16:36:10] MsgOut: Please check the device power, cable connection situation and whether put the chip in the right way or not.
   If these do not work, try to restart the software.
[Error] [2025-12-27 16:36:10] MsgOut: Configuration-0008: The command 'Open config cable' execute fail.
[Info] [2025-12-27 16:36:12] /***************************End Configration***************************/
[Info] [2025-12-27 16:36:23] /***************************Start Configuration***************************/
[Info] [2025-12-27 16:36:23] Path: E:/PDS_FPGA/PDS_2022.2-SP6.4/bin
[Info] [2025-12-27 16:36:23] Version: 146967
[Info] [2025-12-27 16:36:24] Current Path: F:/project/slow_speed_pcie_four_camer/fpga_four_camer/four_camer/05_camera_pcie_capture_40pin_fmc/project
[Info] [2025-12-27 16:36:24] PDS Dir Path: F:/project/slow_speed_pcie_four_camer/fpga_four_camer/four_camer/05_camera_pcie_capture_40pin_fmc/project
[Info] [2025-12-27 16:36:26] Configuration is not connect with server. connect first then scan chain.
[Debug] [2025-12-27 16:36:26] Client Local host name:????
[Debug] [2025-12-27 16:36:26] Client Local Address:192.168.137.1
[Debug] [2025-12-27 16:36:26] Client Local Address:10.9.20.12
[Debug] [2025-12-27 16:36:26] Client Local Address:192.168.170.1
[Debug] [2025-12-27 16:36:26] Client Local Address:192.168.29.1
[Debug] [2025-12-27 16:36:26] Server Address:127.0.0.1, Port:65420
[Debug] [2025-12-27 16:36:26] Log::Print : Connecting to server[127.0.0.1 : 65420].
[Info] [2025-12-27 16:36:27] Connect OK, Server: 127.0.0.1  Port: 65420
[Debug] [2025-12-27 16:36:27] Finish.
[Info] [2025-12-27 16:36:27] Connect server succeeded
[Debug] [2025-12-27 16:36:27] Send RPC:1
[Debug] [2025-12-27 16:36:27] Send cmd [check version information:40004] OK
[Debug] [2025-12-27 16:36:27] Log::Print : Connect to server[127.0.0.1 : 65420] successfully.
[Debug] [2025-12-27 16:36:27] Send RPC:2
[Debug] [2025-12-27 16:36:27] Send cmd [get_cable_paras:40010] OK
[Debug] [2025-12-27 16:36:27] Begin to send initialize chain cmd...
[Debug] [2025-12-27 16:36:27] Send RPC:3
[Debug] [2025-12-27 16:36:27] Send cmd [Open config cable:20001] OK
[Debug] [2025-12-27 16:36:27] End to send initialize chain cmd.
[Debug] [2025-12-27 16:36:27] COMMAND[check version information] execute successfully, takes 0.5 secs.
[Debug] [2025-12-27 16:36:27] Log::Print : COMMAND[check version information] execute successfully, takes 0.5 secs.
[Debug] [2025-12-27 16:36:29] COMMAND[get_cable_paras] execute successfully, takes 1.3 secs.
[Debug] [2025-12-27 16:36:29] Log::Print : The cable List : 
Cable index 0:USB Cable II/fffffffffffffffe 

[Debug] [2025-12-27 16:36:29] Log::Print : COMMAND[get_cable_paras] execute successfully, takes 1.3 secs.
[Debug] [2025-12-27 16:36:29] begin the exec of open cable cmd...
[Debug] [2025-12-27 16:36:29] Begin to deal with chain from server...
[Debug] [2025-12-27 16:36:29] Begin to set user chain...
[Debug] [2025-12-27 16:36:29] End to set user chain.
[Debug] [2025-12-27 16:36:29] Begin to update graphic item and tree item ...
[Debug] [2025-12-27 16:36:29] End to update graphic item and tree item ...
[Debug] [2025-12-27 16:36:29] Log::Print : PANGO USB CABLE II cable driver: D2XX DLL
[Debug] [2025-12-27 16:36:29] Log::Print : PG2L50H
[Debug] [2025-12-27 16:36:29] Log::Print : This device configure situation (done bit): 0
[Info] [2025-12-27 16:36:30] set OpenLastPath: F:/project/slow_speed_pcie_four_camer/fpga_four_camer/four_camer/05_camera_pcie_capture_40pin_fmc/project/generate_bitstream/image_pcie_capture.sbit
[Debug] [2025-12-27 16:36:30] begin to get device info from CFG file...
[Debug] [2025-12-27 16:36:30] end to get device info from CFG file...
[Debug] [2025-12-27 16:36:30] Begin to update graphic item and tree item ...
[Debug] [2025-12-27 16:36:30] End to update graphic item and tree item ...
[Debug] [2025-12-27 16:36:30] Begin to update graphic item and tree item ...
[Debug] [2025-12-27 16:36:30] End to update graphic item and tree item ...
[Debug] [2025-12-27 16:36:30] End to deal wiht chain from server.
[Debug] [2025-12-27 16:36:30] end the exec of open cable cmd.
[Debug] [2025-12-27 16:36:30] COMMAND[Open config cable] execute successfully, takes 3.0 secs.
[Debug] [2025-12-27 16:36:30] Log::Print : COMMAND[Open config cable] execute successfully, takes 3.0 secs.
[Debug] [2025-12-27 16:36:31] Begin to send programming cmd...
[Debug] [2025-12-27 16:36:31] Send RPC:4
[Debug] [2025-12-27 16:36:31] Begin to send program data.
[Debug] [2025-12-27 16:36:31] End to send program data.
[Debug] [2025-12-27 16:36:31] Send cmd [Program:20002] OK
[Debug] [2025-12-27 16:36:31] The value of Progress is 6
[Debug] [2025-12-27 16:36:32] The value of Progress is 10
[Debug] [2025-12-27 16:36:32] The value of Progress is 15
[Debug] [2025-12-27 16:36:32] The value of Progress is 20
[Debug] [2025-12-27 16:36:32] The value of Progress is 25
[Debug] [2025-12-27 16:36:32] The value of Progress is 30
[Debug] [2025-12-27 16:36:32] The value of Progress is 35
[Debug] [2025-12-27 16:36:32] The value of Progress is 40
[Debug] [2025-12-27 16:36:32] The value of Progress is 45
[Debug] [2025-12-27 16:36:32] The value of Progress is 50
[Debug] [2025-12-27 16:36:32] The value of Progress is 55
[Debug] [2025-12-27 16:36:32] The value of Progress is 60
[Debug] [2025-12-27 16:36:32] The value of Progress is 65
[Debug] [2025-12-27 16:36:32] The value of Progress is 70
[Debug] [2025-12-27 16:36:33] The value of Progress is 75
[Debug] [2025-12-27 16:36:33] The value of Progress is 80
[Debug] [2025-12-27 16:36:33] The value of Progress is 85
[Debug] [2025-12-27 16:36:33] The value of Progress is 90
[Debug] [2025-12-27 16:36:33] The value of Progress is 95
[Debug] [2025-12-27 16:36:33] The value of Progress is 100
[Debug] [2025-12-27 16:36:33] COMMAND[Program] execute successfully, takes 2.0 secs.
[Debug] [2025-12-27 16:36:33] End to send programming cmd.
[Debug] [2025-12-27 16:36:33] Log::Print : The done bit is 1
[Debug] [2025-12-27 16:36:33] Log::Print : COMMAND[Program] execute successfully, takes 2.0 secs.
[Debug] [2025-12-27 16:36:35] Begin to Converte file.
[Debug] [2025-12-27 16:36:39] begin to parse sfc file.
[Debug] [2025-12-27 16:36:39] begin to get device info from CFG file...
[Debug] [2025-12-27 16:36:39] end to get device info from CFG file...
[Debug] [2025-12-27 16:36:39] begin to get device info from CFG file...
[Debug] [2025-12-27 16:36:39] end to get device info from CFG file...
[Debug] [2025-12-27 16:36:39] end to parse sfc file.
[Debug] [2025-12-27 16:36:39] Log::Print : The Start Address of bit file F:/project/slow_speed_pcie_four_camer/fpga_four_camer/four_camer/05_camera_pcie_capture_40pin_fmc/project/generate_bitstream/image_pcie_capture.sbit: 0x0
[Debug] [2025-12-27 16:36:40] End to Converte file.
[Debug] [2025-12-27 16:36:41] Begin to send scan outer flash cmd...
[Debug] [2025-12-27 16:36:41] Send RPC:5
[Debug] [2025-12-27 16:36:41] Send cmd [Scan Outer SPI Flash:20300] OK
[Debug] [2025-12-27 16:36:41] End to send scan outer flash cmd.
[Debug] [2025-12-27 16:36:42] begin to exec scan jtag flash cmd...
[Debug] [2025-12-27 16:36:42] Begin to initialize JtagFlash for selected FPGA Device...
[Debug] [2025-12-27 16:36:42] Begin to update graphic item and tree item ...
[Debug] [2025-12-27 16:36:42] End to update graphic item and tree item ...
[Info] [2025-12-27 16:36:43] set OpenLastPath: F:/project/slow_speed_pcie_four_camer/fpga_four_camer/four_camer/05_camera_pcie_capture_40pin_fmc/project/generate_bitstream/image_pcie_capture.sfc
[Debug] [2025-12-27 16:36:43] begin to check SFC File and Flash Device Read Mode.
[Debug] [2025-12-27 16:36:43] end to check SFC File and Flash Device Read Mode.
[Debug] [2025-12-27 16:36:43] Begin to update graphic item and tree item ...
[Debug] [2025-12-27 16:36:43] End to update graphic item and tree item ...
[Debug] [2025-12-27 16:36:43] End to initialize OuterFlash for selected FPGA Device...
[Debug] [2025-12-27 16:36:43] end to exec scan jtag flash cmd...
[Debug] [2025-12-27 16:36:43] COMMAND[Scan Outer SPI Flash] execute successfully, takes 1.7 secs.
[Debug] [2025-12-27 16:36:43] Log::Print : COMMAND[Scan Outer SPI Flash] execute successfully, takes 1.7 secs.
[Debug] [2025-12-27 16:36:44] begin to send promgram jtag flash cmd.
[Debug] [2025-12-27 16:36:44] begin to send jtag flash erase cmd
[Debug] [2025-12-27 16:36:44] Send RPC:6
[Debug] [2025-12-27 16:36:44] Begin to send embed flash erase data.
[Debug] [2025-12-27 16:36:44] Begin to send flash erase data.
[Debug] [2025-12-27 16:36:44] End to send flash erase data.
[Debug] [2025-12-27 16:36:44] End to send embed flash erase data.
[Debug] [2025-12-27 16:36:44] Send cmd [Erase Outer Flash:20302] OK
[Debug] [2025-12-27 16:36:44] Log::Print : The start address of operating flash is 0x0.
[Debug] [2025-12-27 16:36:44] The value of Progress is 1
[Debug] [2025-12-27 16:36:45] The value of Progress is 6
[Debug] [2025-12-27 16:36:46] The value of Progress is 10
[Debug] [2025-12-27 16:36:46] The value of Progress is 17
[Debug] [2025-12-27 16:36:47] The value of Progress is 20
[Debug] [2025-12-27 16:36:47] The value of Progress is 27
[Debug] [2025-12-27 16:36:48] The value of Progress is 31
[Debug] [2025-12-27 16:36:48] The value of Progress is 37
[Debug] [2025-12-27 16:36:49] The value of Progress is 41
[Debug] [2025-12-27 16:36:49] The value of Progress is 48
[Debug] [2025-12-27 16:36:50] The value of Progress is 51
[Debug] [2025-12-27 16:36:50] The value of Progress is 55
[Debug] [2025-12-27 16:36:51] The value of Progress is 62
[Debug] [2025-12-27 16:36:51] The value of Progress is 65
[Debug] [2025-12-27 16:36:52] The value of Progress is 72
[Debug] [2025-12-27 16:36:52] The value of Progress is 75
[Debug] [2025-12-27 16:36:53] The value of Progress is 82
[Debug] [2025-12-27 16:36:54] The value of Progress is 86
[Debug] [2025-12-27 16:36:54] The value of Progress is 93
[Debug] [2025-12-27 16:36:54] The value of Progress is 96
[Debug] [2025-12-27 16:36:54] The value of Progress is 100
[Debug] [2025-12-27 16:36:55] COMMAND[Erase Outer Flash] execute finish, takes 10.5 secs.
[Debug] [2025-12-27 16:36:55] end to send jtag flash erase cmd.
[Debug] [2025-12-27 16:36:55] Send RPC:7
[Debug] [2025-12-27 16:36:55] Begin to send jtag flash program data.
[Debug] [2025-12-27 16:36:55] Begin to send flash program data.
[Debug] [2025-12-27 16:36:55] End to send flash program data.
[Debug] [2025-12-27 16:36:55] End to send embed flash program data.
[Debug] [2025-12-27 16:36:55] Send cmd [Program Outer Flash:20301] OK
[Debug] [2025-12-27 16:36:55] Log::Print : COMMAND[Erase Outer Flash] execute finish, takes 10.5 secs.
[Debug] [2025-12-27 16:36:55] Log::Print : The start address of operating flash is 0x0.
[Debug] [2025-12-27 16:36:55] The value of Progress is 1
[Debug] [2025-12-27 16:36:57] The value of Progress is 6
[Debug] [2025-12-27 16:36:58] The value of Progress is 10
[Debug] [2025-12-27 16:36:59] The value of Progress is 15
[Debug] [2025-12-27 16:37:01] The value of Progress is 20
[Debug] [2025-12-27 16:37:02] The value of Progress is 25
[Debug] [2025-12-27 16:37:04] The value of Progress is 30
[Debug] [2025-12-27 16:37:05] The value of Progress is 35
[Debug] [2025-12-27 16:37:07] The value of Progress is 40
[Debug] [2025-12-27 16:37:08] The value of Progress is 45
[Debug] [2025-12-27 16:37:09] The value of Progress is 50
[Debug] [2025-12-27 16:37:11] The value of Progress is 55
[Debug] [2025-12-27 16:37:12] The value of Progress is 60
[Debug] [2025-12-27 16:37:14] The value of Progress is 65
[Debug] [2025-12-27 16:37:15] The value of Progress is 70
[Debug] [2025-12-27 16:37:17] The value of Progress is 75
[Debug] [2025-12-27 16:37:18] The value of Progress is 80
[Debug] [2025-12-27 16:37:20] The value of Progress is 85
[Debug] [2025-12-27 16:37:21] The value of Progress is 90
[Debug] [2025-12-27 16:37:22] The value of Progress is 95
[Debug] [2025-12-27 16:37:24] The value of Progress is 100
[Debug] [2025-12-27 16:37:24] COMMAND[Program Outer Flash] execute finish, takes 29.4 secs.
[Debug] [2025-12-27 16:37:24] begin to send jtag flash verify cmd
[Debug] [2025-12-27 16:37:24] Send RPC:8
[Debug] [2025-12-27 16:37:24] Begin to send embed flash verify data.
[Debug] [2025-12-27 16:37:24] Begin to send flash verify data.
[Debug] [2025-12-27 16:37:24] End to send flash verify data.
[Debug] [2025-12-27 16:37:24] End to send embed flash verify data.
[Debug] [2025-12-27 16:37:24] Send cmd [Verify Outer Flash:20303] OK
[Debug] [2025-12-27 16:37:24] Log::Print : COMMAND[Program Outer Flash] execute finish, takes 29.4 secs.
[Debug] [2025-12-27 16:37:24] Log::Print : The start address of operating flash is 0x0.
[Debug] [2025-12-27 16:37:24] The value of Progress is 1
[Debug] [2025-12-27 16:37:24] The value of Progress is 6
[Debug] [2025-12-27 16:37:25] The value of Progress is 10
[Debug] [2025-12-27 16:37:25] The value of Progress is 15
[Debug] [2025-12-27 16:37:25] The value of Progress is 20
[Debug] [2025-12-27 16:37:25] The value of Progress is 25
[Debug] [2025-12-27 16:37:25] The value of Progress is 30
[Debug] [2025-12-27 16:37:25] The value of Progress is 35
[Debug] [2025-12-27 16:37:25] The value of Progress is 40
[Debug] [2025-12-27 16:37:25] The value of Progress is 45
[Debug] [2025-12-27 16:37:25] The value of Progress is 50
[Debug] [2025-12-27 16:37:25] The value of Progress is 55
[Debug] [2025-12-27 16:37:25] The value of Progress is 60
[Debug] [2025-12-27 16:37:26] The value of Progress is 65
[Debug] [2025-12-27 16:37:26] The value of Progress is 70
[Debug] [2025-12-27 16:37:26] The value of Progress is 75
[Debug] [2025-12-27 16:37:26] The value of Progress is 80
[Debug] [2025-12-27 16:37:26] The value of Progress is 85
[Debug] [2025-12-27 16:37:26] The value of Progress is 90
[Debug] [2025-12-27 16:37:26] The value of Progress is 95
[Debug] [2025-12-27 16:37:26] The value of Progress is 100
[Debug] [2025-12-27 16:37:26] COMMAND[Verify Outer Flash] execute successfully, takes 2.3 secs.
[Debug] [2025-12-27 16:37:26] end to send jtag flash verify cmd
[Debug] [2025-12-27 16:37:26] end to send jtag flash program cmd.
[Debug] [2025-12-27 16:37:26] Log::Print : COMMAND[Verify Outer Flash] execute successfully, takes 2.3 secs.
[Info] [2025-12-27 16:37:33] /***************************End Configration***************************/
[Info] [2026-4-2 21:23:23] /***************************Start Configuration***************************/
[Info] [2026-4-2 21:23:23] Path: E:/PDS2022/PDS_2022.2-SP6.4/bin
[Info] [2026-4-2 21:23:23] Version: 146967
[Info] [2026-4-2 21:23:24] Current Path: E:/BaiduNetdiskDownload/RK3568/project_slow_four_camer/slow_speed_pcie_four_camer/fpga_four_camer/four_camer/05_camera_pcie_capture_40pin_fmc - 1/project
[Info] [2026-4-2 21:23:24] PDS Dir Path: E:/BaiduNetdiskDownload/RK3568/project_slow_four_camer/slow_speed_pcie_four_camer/fpga_four_camer/four_camer/05_camera_pcie_capture_40pin_fmc - 1/project
[Info] [2026-4-2 21:23:27] Configuration is not connect with server. connect first then scan chain.
[Debug] [2026-4-2 21:23:27] Client Local host name:Lenovo
[Debug] [2026-4-2 21:23:27] Client Local Address:192.168.111.1
[Debug] [2026-4-2 21:23:27] Client Local Address:192.168.183.1
[Debug] [2026-4-2 21:23:27] Client Local Address:192.168.173.127
[Debug] [2026-4-2 21:23:27] Server Address:127.0.0.1, Port:65420
[Debug] [2026-4-2 21:23:27] Log::Print : Connecting to server[127.0.0.1 : 65420].
[Info] [2026-4-2 21:23:30] Connect OK, Server: 127.0.0.1  Port: 65420
[Debug] [2026-4-2 21:23:30] Finish.
[Info] [2026-4-2 21:23:30] Connect server succeeded
[Debug] [2026-4-2 21:23:30] Send RPC:1
[Debug] [2026-4-2 21:23:30] Send cmd [check version information:40004] OK
[Debug] [2026-4-2 21:23:30] Log::Print : Connect to server[127.0.0.1 : 65420] successfully.
[Debug] [2026-4-2 21:23:32] Send RPC:2
[Debug] [2026-4-2 21:23:32] Send cmd [get_cable_paras:40010] OK
[Debug] [2026-4-2 21:23:32] Begin to send initialize chain cmd...
[Debug] [2026-4-2 21:23:32] Send RPC:3
[Debug] [2026-4-2 21:23:32] Send cmd [Open config cable:20001] OK
[Debug] [2026-4-2 21:23:32] End to send initialize chain cmd.
[Debug] [2026-4-2 21:23:32] COMMAND[check version information] execute successfully, takes 2.2 secs.
[Debug] [2026-4-2 21:23:32] Log::Print : COMMAND[check version information] execute successfully, takes 2.2 secs.
[Debug] [2026-4-2 21:23:35] COMMAND[get_cable_paras] execute successfully, takes 3.0 secs.
[Debug] [2026-4-2 21:23:35] Log::Print : The cable List : 
Cable index 0:USB Cable II/fffffffffffffffe 

[Debug] [2026-4-2 21:23:35] Log::Print : COMMAND[get_cable_paras] execute successfully, takes 3.0 secs.
[Debug] [2026-4-2 21:23:35] begin the exec of open cable cmd...
[Debug] [2026-4-2 21:23:35] Begin to deal with chain from server...
[Debug] [2026-4-2 21:23:35] Begin to set user chain...
[Debug] [2026-4-2 21:23:35] End to set user chain.
[Debug] [2026-4-2 21:23:35] Begin to update graphic item and tree item ...
[Debug] [2026-4-2 21:23:35] End to update graphic item and tree item ...
[Debug] [2026-4-2 21:23:35] Log::Print : PANGO USB CABLE II cable driver: D2XX DLL
[Debug] [2026-4-2 21:23:35] Log::Print : PG2L100H
[Debug] [2026-4-2 21:23:35] Log::Print : This device configure situation (done bit): 1
[Info] [2026-4-2 21:23:37] set OpenLastPath: E:/BaiduNetdiskDownload/RK3568/project_slow_four_camer/slow_speed_pcie_four_camer/fpga_four_camer/four_camer/05_camera_pcie_capture_40pin_fmc - 1/project/generate_bitstream/image_pcie_capture.sbit
[Debug] [2026-4-2 21:23:37] begin to get device info from CFG file...
[Debug] [2026-4-2 21:23:37] end to get device info from CFG file...
[Debug] [2026-4-2 21:23:37] Begin to update graphic item and tree item ...
[Debug] [2026-4-2 21:23:37] End to update graphic item and tree item ...
[Debug] [2026-4-2 21:23:37] Begin to update graphic item and tree item ...
[Debug] [2026-4-2 21:23:37] End to update graphic item and tree item ...
[Debug] [2026-4-2 21:23:37] End to deal wiht chain from server.
[Debug] [2026-4-2 21:23:37] end the exec of open cable cmd.
[Debug] [2026-4-2 21:23:37] COMMAND[Open config cable] execute successfully, takes 4.8 secs.
[Debug] [2026-4-2 21:23:37] Log::Print : COMMAND[Open config cable] execute successfully, takes 4.8 secs.
[Debug] [2026-4-2 21:23:38] Begin to send programming cmd...
[Debug] [2026-4-2 21:23:38] Send RPC:4
[Debug] [2026-4-2 21:23:38] Begin to send program data.
[Debug] [2026-4-2 21:23:38] End to send program data.
[Debug] [2026-4-2 21:23:38] Send cmd [Program:20002] OK
[Debug] [2026-4-2 21:23:38] The value of Progress is 6
[Debug] [2026-4-2 21:23:39] The value of Progress is 10
[Debug] [2026-4-2 21:23:39] The value of Progress is 15
[Debug] [2026-4-2 21:23:39] The value of Progress is 20
[Debug] [2026-4-2 21:23:39] The value of Progress is 25
[Debug] [2026-4-2 21:23:39] The value of Progress is 30
[Debug] [2026-4-2 21:23:39] The value of Progress is 35
[Debug] [2026-4-2 21:23:39] The value of Progress is 40
[Debug] [2026-4-2 21:23:39] The value of Progress is 45
[Debug] [2026-4-2 21:23:39] The value of Progress is 50
[Debug] [2026-4-2 21:23:40] The value of Progress is 55
[Debug] [2026-4-2 21:23:40] The value of Progress is 60
[Debug] [2026-4-2 21:23:40] The value of Progress is 65
[Debug] [2026-4-2 21:23:40] The value of Progress is 70
[Debug] [2026-4-2 21:23:40] The value of Progress is 75
[Debug] [2026-4-2 21:23:40] The value of Progress is 80
[Debug] [2026-4-2 21:23:40] The value of Progress is 85
[Debug] [2026-4-2 21:23:40] The value of Progress is 90
[Debug] [2026-4-2 21:23:40] The value of Progress is 95
[Debug] [2026-4-2 21:23:41] The value of Progress is 100
[Debug] [2026-4-2 21:23:41] COMMAND[Program] execute successfully, takes 2.7 secs.
[Debug] [2026-4-2 21:23:41] End to send programming cmd.
[Debug] [2026-4-2 21:23:41] Log::Print : The done bit is 1
[Debug] [2026-4-2 21:23:41] Log::Print : COMMAND[Program] execute successfully, takes 2.7 secs.
[Info] [2026-4-2 21:23:55] /***************************End Configration***************************/
[Info] [2026-4-2 22:32:29] /***************************Start Configuration***************************/
[Info] [2026-4-2 22:32:29] Path: E:/PDS2022/PDS_2022.2-SP6.4/bin
[Info] [2026-4-2 22:32:29] Version: 146967
[Info] [2026-4-2 22:32:30] Current Path: E:/BaiduNetdiskDownload/RK3568/project_slow_four_camer/slow_speed_pcie_four_camer/fpga_four_camer/four_camer/05_camera_pcie_capture_40pin_fmc - 1/project
[Info] [2026-4-2 22:32:30] PDS Dir Path: E:/BaiduNetdiskDownload/RK3568/project_slow_four_camer/slow_speed_pcie_four_camer/fpga_four_camer/four_camer/05_camera_pcie_capture_40pin_fmc - 1/project
[Info] [2026-4-2 22:32:33] Configuration is not connect with server. connect first then scan chain.
[Debug] [2026-4-2 22:32:34] Client Local host name:Lenovo
[Debug] [2026-4-2 22:32:34] Client Local Address:192.168.111.1
[Debug] [2026-4-2 22:32:34] Client Local Address:192.168.183.1
[Debug] [2026-4-2 22:32:34] Client Local Address:192.168.173.127
[Debug] [2026-4-2 22:32:34] Client Local Address:192.168.137.1
[Debug] [2026-4-2 22:32:34] Server Address:127.0.0.1, Port:65420
[Debug] [2026-4-2 22:32:34] Log::Print : Connecting to server[127.0.0.1 : 65420].
[Info] [2026-4-2 22:32:34] Connect OK, Server: 127.0.0.1  Port: 65420
[Debug] [2026-4-2 22:32:34] Finish.
[Info] [2026-4-2 22:32:34] Connect server succeeded
[Debug] [2026-4-2 22:32:34] Send RPC:1
[Debug] [2026-4-2 22:32:34] Send cmd [check version information:40004] OK
[Debug] [2026-4-2 22:32:34] Log::Print : Connect to server[127.0.0.1 : 65420] successfully.
[Debug] [2026-4-2 22:32:36] Send RPC:2
[Debug] [2026-4-2 22:32:36] Send cmd [get_cable_paras:40010] OK
[Debug] [2026-4-2 22:32:36] Begin to send initialize chain cmd...
[Debug] [2026-4-2 22:32:36] Send RPC:3
[Debug] [2026-4-2 22:32:36] Send cmd [Open config cable:20001] OK
[Debug] [2026-4-2 22:32:36] End to send initialize chain cmd.
[Debug] [2026-4-2 22:32:36] COMMAND[check version information] execute successfully, takes 2.1 secs.
[Debug] [2026-4-2 22:32:36] Log::Print : COMMAND[check version information] execute successfully, takes 2.1 secs.
[Debug] [2026-4-2 22:32:39] COMMAND[get_cable_paras] execute successfully, takes 2.8 secs.
[Debug] [2026-4-2 22:32:39] Log::Print : The cable List : 
Cable index 0:USB Cable II/fffffffffffffffe 

[Debug] [2026-4-2 22:32:39] Log::Print : COMMAND[get_cable_paras] execute successfully, takes 2.8 secs.
[Debug] [2026-4-2 22:32:39] begin the exec of open cable cmd...
[Debug] [2026-4-2 22:32:39] Begin to deal with chain from server...
[Debug] [2026-4-2 22:32:39] Begin to set user chain...
[Debug] [2026-4-2 22:32:39] End to set user chain.
[Debug] [2026-4-2 22:32:39] Begin to update graphic item and tree item ...
[Debug] [2026-4-2 22:32:39] End to update graphic item and tree item ...
[Debug] [2026-4-2 22:32:40] Log::Print : PANGO USB CABLE II cable driver: D2XX DLL
[Debug] [2026-4-2 22:32:40] Log::Print : PG2L100H
[Debug] [2026-4-2 22:32:40] Log::Print : This device configure situation (done bit): 1
[Info] [2026-4-2 22:32:40] set OpenLastPath: E:/BaiduNetdiskDownload/RK3568/project_slow_four_camer/slow_speed_pcie_four_camer/fpga_four_camer/four_camer/05_camera_pcie_capture_40pin_fmc - 1/project/generate_bitstream/image_pcie_capture.sbit
[Debug] [2026-4-2 22:32:40] begin to get device info from CFG file...
[Debug] [2026-4-2 22:32:40] end to get device info from CFG file...
[Debug] [2026-4-2 22:32:40] Begin to update graphic item and tree item ...
[Debug] [2026-4-2 22:32:40] End to update graphic item and tree item ...
[Debug] [2026-4-2 22:32:40] Begin to update graphic item and tree item ...
[Debug] [2026-4-2 22:32:40] End to update graphic item and tree item ...
[Debug] [2026-4-2 22:32:40] End to deal wiht chain from server.
[Debug] [2026-4-2 22:32:40] end the exec of open cable cmd.
[Debug] [2026-4-2 22:32:40] COMMAND[Open config cable] execute successfully, takes 4.3 secs.
[Debug] [2026-4-2 22:32:40] Log::Print : COMMAND[Open config cable] execute successfully, takes 4.3 secs.
[Debug] [2026-4-2 22:32:41] Begin to send programming cmd...
[Debug] [2026-4-2 22:32:42] Send RPC:4
[Debug] [2026-4-2 22:32:42] Begin to send program data.
[Debug] [2026-4-2 22:32:42] End to send program data.
[Debug] [2026-4-2 22:32:42] Send cmd [Program:20002] OK
[Debug] [2026-4-2 22:32:42] The value of Progress is 6
[Debug] [2026-4-2 22:32:42] The value of Progress is 10
[Debug] [2026-4-2 22:32:42] The value of Progress is 15
[Debug] [2026-4-2 22:32:42] The value of Progress is 20
[Debug] [2026-4-2 22:32:42] The value of Progress is 25
[Debug] [2026-4-2 22:32:42] The value of Progress is 30
[Debug] [2026-4-2 22:32:42] The value of Progress is 35
[Debug] [2026-4-2 22:32:43] The value of Progress is 40
[Debug] [2026-4-2 22:32:43] The value of Progress is 45
[Debug] [2026-4-2 22:32:43] The value of Progress is 50
[Debug] [2026-4-2 22:32:43] The value of Progress is 55
[Debug] [2026-4-2 22:32:43] The value of Progress is 60
[Debug] [2026-4-2 22:32:43] The value of Progress is 65
[Debug] [2026-4-2 22:32:43] The value of Progress is 70
[Debug] [2026-4-2 22:32:43] The value of Progress is 75
[Debug] [2026-4-2 22:32:44] The value of Progress is 80
[Debug] [2026-4-2 22:32:44] The value of Progress is 85
[Debug] [2026-4-2 22:32:44] The value of Progress is 90
[Debug] [2026-4-2 22:32:44] The value of Progress is 95
[Debug] [2026-4-2 22:32:44] The value of Progress is 100
[Debug] [2026-4-2 22:32:44] COMMAND[Program] execute successfully, takes 2.7 secs.
[Debug] [2026-4-2 22:32:44] End to send programming cmd.
[Debug] [2026-4-2 22:32:44] Log::Print : The done bit is 1
[Debug] [2026-4-2 22:32:44] Log::Print : COMMAND[Program] execute successfully, takes 2.7 secs.
[Debug] [2026-4-2 22:34:55] Begin to send programming cmd...
[Debug] [2026-4-2 22:34:55] Send RPC:5
[Debug] [2026-4-2 22:34:55] Begin to send program data.
[Debug] [2026-4-2 22:34:55] End to send program data.
[Debug] [2026-4-2 22:34:55] Send cmd [Program:20002] OK
[Debug] [2026-4-2 22:34:55] The value of Progress is 6
[Debug] [2026-4-2 22:34:55] The value of Progress is 10
[Debug] [2026-4-2 22:34:55] The value of Progress is 15
[Debug] [2026-4-2 22:34:56] The value of Progress is 20
[Debug] [2026-4-2 22:34:56] The value of Progress is 25
[Debug] [2026-4-2 22:34:56] The value of Progress is 30
[Debug] [2026-4-2 22:34:56] The value of Progress is 35
[Debug] [2026-4-2 22:34:56] The value of Progress is 40
[Debug] [2026-4-2 22:34:56] The value of Progress is 45
[Debug] [2026-4-2 22:34:56] The value of Progress is 50
[Debug] [2026-4-2 22:34:56] The value of Progress is 55
[Debug] [2026-4-2 22:34:56] The value of Progress is 60
[Debug] [2026-4-2 22:34:57] The value of Progress is 65
[Debug] [2026-4-2 22:34:57] The value of Progress is 70
[Debug] [2026-4-2 22:34:57] The value of Progress is 75
[Debug] [2026-4-2 22:34:57] The value of Progress is 80
[Debug] [2026-4-2 22:34:57] The value of Progress is 85
[Debug] [2026-4-2 22:34:57] The value of Progress is 90
[Debug] [2026-4-2 22:34:57] The value of Progress is 95
[Debug] [2026-4-2 22:34:57] The value of Progress is 100
[Debug] [2026-4-2 22:34:58] COMMAND[Program] execute successfully, takes 2.7 secs.
[Debug] [2026-4-2 22:34:58] End to send programming cmd.
[Debug] [2026-4-2 22:34:58] Log::Print : The done bit is 1
[Debug] [2026-4-2 22:34:58] Log::Print : COMMAND[Program] execute successfully, takes 2.7 secs.
[Info] [2026-4-2 22:35:04] /***************************End Configration***************************/
[Info] [2026-4-2 22:44:23] /***************************Start Configuration***************************/
[Info] [2026-4-2 22:44:23] Path: E:/PDS2022/PDS_2022.2-SP6.4/bin
[Info] [2026-4-2 22:44:23] Version: 146967
[Info] [2026-4-2 22:44:24] Current Path: E:/BaiduNetdiskDownload/RK3568/project_slow_four_camer/slow_speed_pcie_four_camer/fpga_four_camer/four_camer/05_camera_pcie_capture_40pin_fmc - 1/project
[Info] [2026-4-2 22:44:24] PDS Dir Path: E:/BaiduNetdiskDownload/RK3568/project_slow_four_camer/slow_speed_pcie_four_camer/fpga_four_camer/four_camer/05_camera_pcie_capture_40pin_fmc - 1/project
[Debug] [2026-4-2 22:44:38] Begin to Converte file.
[Debug] [2026-4-2 22:44:48] begin to parse sfc file.
[Debug] [2026-4-2 22:44:48] begin to get device info from CFG file...
[Debug] [2026-4-2 22:44:48] end to get device info from CFG file...
[Debug] [2026-4-2 22:44:48] begin to get device info from CFG file...
[Debug] [2026-4-2 22:44:48] end to get device info from CFG file...
[Debug] [2026-4-2 22:44:48] end to parse sfc file.
[Debug] [2026-4-2 22:44:48] Log::Print : The Start Address of bit file E:/BaiduNetdiskDownload/RK3568/project_slow_four_camer/slow_speed_pcie_four_camer/fpga_four_camer/four_camer/05_camera_pcie_capture_40pin_fmc - 1/project/generate_bitstream/image_pcie_capture.sbit: 0x0
[Debug] [2026-4-2 22:44:49] End to Converte file.
[Info] [2026-4-2 22:44:50] Configuration is not connect with server. connect first then scan chain.
[Debug] [2026-4-2 22:44:50] Client Local host name:Lenovo
[Debug] [2026-4-2 22:44:50] Client Local Address:192.168.111.1
[Debug] [2026-4-2 22:44:50] Client Local Address:192.168.183.1
[Debug] [2026-4-2 22:44:50] Client Local Address:192.168.173.127
[Debug] [2026-4-2 22:44:50] Server Address:127.0.0.1, Port:65420
[Debug] [2026-4-2 22:44:50] Log::Print : Connecting to server[127.0.0.1 : 65420].
[Info] [2026-4-2 22:44:51] Connect OK, Server: 127.0.0.1  Port: 65420
[Debug] [2026-4-2 22:44:51] Finish.
[Info] [2026-4-2 22:44:51] Connect server succeeded
[Debug] [2026-4-2 22:44:51] Send RPC:1
[Debug] [2026-4-2 22:44:51] Send cmd [check version information:40004] OK
[Debug] [2026-4-2 22:44:51] Log::Print : Connect to server[127.0.0.1 : 65420] successfully.
[Debug] [2026-4-2 22:44:53] Send RPC:2
[Debug] [2026-4-2 22:44:53] Send cmd [get_cable_paras:40010] OK
[Debug] [2026-4-2 22:44:53] Begin to send initialize chain cmd...
[Debug] [2026-4-2 22:44:53] Send RPC:3
[Debug] [2026-4-2 22:44:53] Send cmd [Open config cable:20001] OK
[Debug] [2026-4-2 22:44:53] End to send initialize chain cmd.
[Debug] [2026-4-2 22:44:53] COMMAND[check version information] execute successfully, takes 2.0 secs.
[Debug] [2026-4-2 22:44:53] Log::Print : COMMAND[check version information] execute successfully, takes 2.0 secs.
[Debug] [2026-4-2 22:44:56] COMMAND[get_cable_paras] execute successfully, takes 2.9 secs.
[Debug] [2026-4-2 22:44:56] Log::Print : The cable List : 
Cable index 0:USB Cable II/fffffffffffffffe 

[Debug] [2026-4-2 22:44:56] Log::Print : COMMAND[get_cable_paras] execute successfully, takes 2.9 secs.
[Debug] [2026-4-2 22:44:56] begin the exec of open cable cmd...
[Debug] [2026-4-2 22:44:56] Begin to deal with chain from server...
[Debug] [2026-4-2 22:44:56] Begin to set user chain...
[Debug] [2026-4-2 22:44:56] End to set user chain.
[Debug] [2026-4-2 22:44:56] Begin to update graphic item and tree item ...
[Debug] [2026-4-2 22:44:56] End to update graphic item and tree item ...
[Debug] [2026-4-2 22:44:56] Log::Print : PANGO USB CABLE II cable driver: D2XX DLL
[Debug] [2026-4-2 22:44:56] Log::Print : PG2L100H
[Debug] [2026-4-2 22:44:56] Log::Print : This device configure situation (done bit): 1
[Info] [2026-4-2 22:45:00] set OpenLastPath: E:/BaiduNetdiskDownload/RK3568/project_slow_four_camer/slow_speed_pcie_four_camer/fpga_four_camer/four_camer/05_camera_pcie_capture_40pin_fmc - 1/project/generate_bitstream/image_pcie_capture.sbit
[Debug] [2026-4-2 22:45:00] begin to get device info from CFG file...
[Debug] [2026-4-2 22:45:00] end to get device info from CFG file...
[Debug] [2026-4-2 22:45:00] Begin to update graphic item and tree item ...
[Debug] [2026-4-2 22:45:00] End to update graphic item and tree item ...
[Debug] [2026-4-2 22:45:00] Begin to update graphic item and tree item ...
[Debug] [2026-4-2 22:45:00] End to update graphic item and tree item ...
[Debug] [2026-4-2 22:45:00] End to deal wiht chain from server.
[Debug] [2026-4-2 22:45:00] end the exec of open cable cmd.
[Debug] [2026-4-2 22:45:00] COMMAND[Open config cable] execute successfully, takes 6.8 secs.
[Debug] [2026-4-2 22:45:00] Log::Print : COMMAND[Open config cable] execute successfully, takes 6.8 secs.
[Debug] [2026-4-2 22:45:01] Begin to send scan outer flash cmd...
[Debug] [2026-4-2 22:45:01] Send RPC:4
[Debug] [2026-4-2 22:45:01] Send cmd [Scan Outer SPI Flash:20300] OK
[Debug] [2026-4-2 22:45:01] End to send scan outer flash cmd.
[Error] [2026-4-2 22:45:02] fail to exec Scan Outer SPI Flash cmd...
[Error] [2026-4-2 22:45:02] MsgOut: JtagServer-0336: Flash id is 0x1c7118, maybe the clock frequency is high or this flash is not supported, please reduce the clock frequency of cable or replace with other flash.
[Error] [2026-4-2 22:45:02] MsgOut: Configuration-0008: The command 'Scan Outer SPI Flash' execute fail.
[Debug] [2026-4-2 22:45:08] Begin to send scan outer flash cmd...
[Debug] [2026-4-2 22:45:08] Send RPC:5
[Debug] [2026-4-2 22:45:08] Send cmd [Scan Outer SPI Flash:20300] OK
[Debug] [2026-4-2 22:45:08] End to send scan outer flash cmd.
[Error] [2026-4-2 22:45:08] fail to exec Scan Outer SPI Flash cmd...
[Error] [2026-4-2 22:45:08] MsgOut: JtagServer-0336: Flash id is 0x1c7118, maybe the clock frequency is high or this flash is not supported, please reduce the clock frequency of cable or replace with other flash.
[Error] [2026-4-2 22:45:08] MsgOut: Configuration-0008: The command 'Scan Outer SPI Flash' execute fail.
[Debug] [2026-4-2 22:45:13] Begin to Converte file.
[Debug] [2026-4-2 22:45:13] End to Converte file.
[Debug] [2026-4-2 22:45:16] begin to parse sfc file.
[Debug] [2026-4-2 22:45:16] begin to get device info from CFG file...
[Debug] [2026-4-2 22:45:16] end to get device info from CFG file...
[Debug] [2026-4-2 22:45:16] begin to get device info from CFG file...
[Debug] [2026-4-2 22:45:16] end to get device info from CFG file...
[Debug] [2026-4-2 22:45:16] end to parse sfc file.
[Debug] [2026-4-2 22:45:16] Log::Print : The Start Address of bit file E:/BaiduNetdiskDownload/RK3568/project_slow_four_camer/slow_speed_pcie_four_camer/fpga_four_camer/four_camer/05_camera_pcie_capture_40pin_fmc - 1/project/generate_bitstream/image_pcie_capture.sbit: 0x0
[Debug] [2026-4-2 22:45:20] Begin to send scan outer flash cmd...
[Debug] [2026-4-2 22:45:20] Send RPC:6
[Debug] [2026-4-2 22:45:20] Send cmd [Scan Outer SPI Flash:20300] OK
[Debug] [2026-4-2 22:45:20] End to send scan outer flash cmd.
[Error] [2026-4-2 22:45:20] fail to exec Scan Outer SPI Flash cmd...
[Error] [2026-4-2 22:45:20] MsgOut: JtagServer-0336: Flash id is 0x1c7118, maybe the clock frequency is high or this flash is not supported, please reduce the clock frequency of cable or replace with other flash.
[Error] [2026-4-2 22:45:20] MsgOut: Configuration-0008: The command 'Scan Outer SPI Flash' execute fail.
[Debug] [2026-4-2 22:45:44] Begin to send initialize chain cmd...
[Debug] [2026-4-2 22:45:44] Send RPC:7
[Debug] [2026-4-2 22:45:44] Send cmd [Open config cable:20001] OK
[Debug] [2026-4-2 22:45:44] End to send initialize chain cmd.
[Error] [2026-4-2 22:45:48] fail to exec Open config cable cmd...
[Debug] [2026-4-2 22:45:48] Log::Print : PANGO USB CABLE II cable driver: D2XX DLL
[Error] [2026-4-2 22:45:48] MsgOut: JtagServer-0306: No devices detected while scanning the JTAG chain, failed detecting JTAG device chain.
[Warn] [2026-4-2 22:45:48] MsgOut: Please check the device power, cable connection situation and whether put the chip in the right way or not.
   If these do not work, try to restart the software.
[Error] [2026-4-2 22:45:48] MsgOut: Configuration-0008: The command 'Open config cable' execute fail.
[Info] [2026-4-2 22:45:50] /***************************End Configration***************************/
[Info] [2026-4-2 22:45:52] /***************************Start Configuration***************************/
[Info] [2026-4-2 22:45:52] Path: E:/PDS2022/PDS_2022.2-SP6.4/bin
[Info] [2026-4-2 22:45:52] Version: 146967
[Info] [2026-4-2 22:45:53] Current Path: E:/BaiduNetdiskDownload/RK3568/project_slow_four_camer/slow_speed_pcie_four_camer/fpga_four_camer/four_camer/05_camera_pcie_capture_40pin_fmc - 1/project
[Info] [2026-4-2 22:45:53] PDS Dir Path: E:/BaiduNetdiskDownload/RK3568/project_slow_four_camer/slow_speed_pcie_four_camer/fpga_four_camer/four_camer/05_camera_pcie_capture_40pin_fmc - 1/project
[Info] [2026-4-2 22:45:55] Configuration is not connect with server. connect first then scan chain.
[Debug] [2026-4-2 22:45:55] Client Local host name:Lenovo
[Debug] [2026-4-2 22:45:55] Client Local Address:192.168.111.1
[Debug] [2026-4-2 22:45:55] Client Local Address:192.168.183.1
[Debug] [2026-4-2 22:45:55] Client Local Address:192.168.173.127
[Debug] [2026-4-2 22:45:55] Server Address:127.0.0.1, Port:65420
[Debug] [2026-4-2 22:45:55] Log::Print : Connecting to server[127.0.0.1 : 65420].
[Info] [2026-4-2 22:45:55] Connect OK, Server: 127.0.0.1  Port: 65420
[Debug] [2026-4-2 22:45:55] Finish.
[Info] [2026-4-2 22:45:55] Connect server succeeded
[Debug] [2026-4-2 22:45:55] Send RPC:1
[Debug] [2026-4-2 22:45:55] Send cmd [check version information:40004] OK
[Debug] [2026-4-2 22:45:55] Log::Print : Connect to server[127.0.0.1 : 65420] successfully.
[Debug] [2026-4-2 22:45:57] Send RPC:2
[Debug] [2026-4-2 22:45:57] Send cmd [get_cable_paras:40010] OK
[Debug] [2026-4-2 22:45:57] Begin to send initialize chain cmd...
[Debug] [2026-4-2 22:45:57] Send RPC:3
[Debug] [2026-4-2 22:45:57] Send cmd [Open config cable:20001] OK
[Debug] [2026-4-2 22:45:57] End to send initialize chain cmd.
[Debug] [2026-4-2 22:45:57] COMMAND[check version information] execute successfully, takes 2.0 secs.
[Debug] [2026-4-2 22:45:57] Log::Print : COMMAND[check version information] execute successfully, takes 2.0 secs.
[Debug] [2026-4-2 22:46:00] COMMAND[get_cable_paras] execute successfully, takes 2.7 secs.
[Debug] [2026-4-2 22:46:00] Log::Print : The cable List : 
Cable index 0:USB Cable II/fffffffffffffffe 

[Debug] [2026-4-2 22:46:00] Log::Print : COMMAND[get_cable_paras] execute successfully, takes 2.7 secs.
[Error] [2026-4-2 22:46:04] fail to exec Open config cable cmd...
[Debug] [2026-4-2 22:46:04] Log::Print : PANGO USB CABLE II cable driver: D2XX DLL
[Error] [2026-4-2 22:46:04] MsgOut: JtagServer-0306: No devices detected while scanning the JTAG chain, failed detecting JTAG device chain.
[Warn] [2026-4-2 22:46:04] MsgOut: Please check the device power, cable connection situation and whether put the chip in the right way or not.
   If these do not work, try to restart the software.
[Error] [2026-4-2 22:46:04] MsgOut: Configuration-0008: The command 'Open config cable' execute fail.
[Info] [2026-4-2 22:46:13] /***************************End Configration***************************/
[Info] [2026-4-2 22:47:46] /***************************Start Configuration***************************/
[Info] [2026-4-2 22:47:46] Path: E:/PDS2022/PDS_2022.2-SP6.4/bin
[Info] [2026-4-2 22:47:46] Version: 146967
[Info] [2026-4-2 22:47:47] Current Path: E:/BaiduNetdiskDownload/RK3568/project_slow_four_camer/slow_speed_pcie_four_camer/fpga_four_camer/four_camer/05_camera_pcie_capture_40pin_fmc - 1/project
[Info] [2026-4-2 22:47:47] PDS Dir Path: E:/BaiduNetdiskDownload/RK3568/project_slow_four_camer/slow_speed_pcie_four_camer/fpga_four_camer/four_camer/05_camera_pcie_capture_40pin_fmc - 1/project
[Debug] [2026-4-2 22:47:55] Begin to Converte file.
[Debug] [2026-4-2 22:48:05] begin to parse sfc file.
[Debug] [2026-4-2 22:48:05] begin to get device info from CFG file...
[Debug] [2026-4-2 22:48:05] end to get device info from CFG file...
[Debug] [2026-4-2 22:48:05] begin to get device info from CFG file...
[Debug] [2026-4-2 22:48:05] end to get device info from CFG file...
[Debug] [2026-4-2 22:48:05] end to parse sfc file.
[Debug] [2026-4-2 22:48:05] Log::Print : The Start Address of bit file E:/BaiduNetdiskDownload/RK3568/project_slow_four_camer/slow_speed_pcie_four_camer/fpga_four_camer/four_camer/05_camera_pcie_capture_40pin_fmc - 1/project/generate_bitstream/image_pcie_capture.sbit: 0x0
[Debug] [2026-4-2 22:48:06] End to Converte file.
[Info] [2026-4-2 22:48:08] Configuration is not connect with server. connect first then scan chain.
[Debug] [2026-4-2 22:48:08] Client Local host name:Lenovo
[Debug] [2026-4-2 22:48:08] Client Local Address:192.168.111.1
[Debug] [2026-4-2 22:48:08] Client Local Address:192.168.183.1
[Debug] [2026-4-2 22:48:08] Client Local Address:192.168.173.127
[Debug] [2026-4-2 22:48:08] Server Address:127.0.0.1, Port:65420
[Debug] [2026-4-2 22:48:08] Log::Print : Connecting to server[127.0.0.1 : 65420].
[Info] [2026-4-2 22:48:08] Connect OK, Server: 127.0.0.1  Port: 65420
[Debug] [2026-4-2 22:48:08] Finish.
[Info] [2026-4-2 22:48:08] Connect server succeeded
[Debug] [2026-4-2 22:48:08] Send RPC:1
[Debug] [2026-4-2 22:48:08] Send cmd [check version information:40004] OK
[Debug] [2026-4-2 22:48:08] Log::Print : Connect to server[127.0.0.1 : 65420] successfully.
[Debug] [2026-4-2 22:48:10] Send RPC:2
[Debug] [2026-4-2 22:48:10] Send cmd [get_cable_paras:40010] OK
[Debug] [2026-4-2 22:48:10] Begin to send initialize chain cmd...
[Debug] [2026-4-2 22:48:10] Send RPC:3
[Debug] [2026-4-2 22:48:10] Send cmd [Open config cable:20001] OK
[Debug] [2026-4-2 22:48:10] End to send initialize chain cmd.
[Debug] [2026-4-2 22:48:10] COMMAND[check version information] execute successfully, takes 2.0 secs.
[Debug] [2026-4-2 22:48:10] Log::Print : COMMAND[check version information] execute successfully, takes 2.0 secs.
[Debug] [2026-4-2 22:48:13] COMMAND[get_cable_paras] execute successfully, takes 2.7 secs.
[Debug] [2026-4-2 22:48:13] Log::Print : The cable List : 
Cable index 0:USB Cable II/fffffffffffffffe 

[Debug] [2026-4-2 22:48:13] Log::Print : COMMAND[get_cable_paras] execute successfully, takes 2.7 secs.
[Debug] [2026-4-2 22:48:13] begin the exec of open cable cmd...
[Debug] [2026-4-2 22:48:13] Begin to deal with chain from server...
[Debug] [2026-4-2 22:48:13] Begin to set user chain...
[Debug] [2026-4-2 22:48:13] End to set user chain.
[Debug] [2026-4-2 22:48:13] Begin to update graphic item and tree item ...
[Debug] [2026-4-2 22:48:13] End to update graphic item and tree item ...
[Debug] [2026-4-2 22:48:13] Log::Print : PANGO USB CABLE II cable driver: D2XX DLL
[Debug] [2026-4-2 22:48:13] Log::Print : PG2L100H
[Debug] [2026-4-2 22:48:13] Log::Print : This device configure situation (done bit): 1
[Info] [2026-4-2 22:48:15] set OpenLastPath: E:/BaiduNetdiskDownload/RK3568/project_slow_four_camer/slow_speed_pcie_four_camer/fpga_four_camer/four_camer/05_camera_pcie_capture_40pin_fmc - 1/project/generate_bitstream/image_pcie_capture.sbit
[Debug] [2026-4-2 22:48:15] begin to get device info from CFG file...
[Debug] [2026-4-2 22:48:15] end to get device info from CFG file...
[Debug] [2026-4-2 22:48:15] Begin to update graphic item and tree item ...
[Debug] [2026-4-2 22:48:15] End to update graphic item and tree item ...
[Debug] [2026-4-2 22:48:15] Begin to update graphic item and tree item ...
[Debug] [2026-4-2 22:48:15] End to update graphic item and tree item ...
[Debug] [2026-4-2 22:48:15] End to deal wiht chain from server.
[Debug] [2026-4-2 22:48:15] end the exec of open cable cmd.
[Debug] [2026-4-2 22:48:15] COMMAND[Open config cable] execute successfully, takes 4.8 secs.
[Debug] [2026-4-2 22:48:15] Log::Print : COMMAND[Open config cable] execute successfully, takes 4.8 secs.
[Debug] [2026-4-2 22:48:17] Begin to send scan outer flash cmd...
[Debug] [2026-4-2 22:48:17] Send RPC:4
[Debug] [2026-4-2 22:48:17] Send cmd [Scan Outer SPI Flash:20300] OK
[Debug] [2026-4-2 22:48:17] End to send scan outer flash cmd.
[Error] [2026-4-2 22:48:17] fail to exec Scan Outer SPI Flash cmd...
[Error] [2026-4-2 22:48:17] MsgOut: JtagServer-0336: Flash id is 0x1c7118, maybe the clock frequency is high or this flash is not supported, please reduce the clock frequency of cable or replace with other flash.
[Error] [2026-4-2 22:48:17] MsgOut: Configuration-0008: The command 'Scan Outer SPI Flash' execute fail.
[Debug] [2026-4-2 22:49:24] Begin to operate flash.
[Debug] [2026-4-2 22:49:24] End to operate flash.
[Debug] [2026-4-2 22:49:47] Send RPC:5
[Debug] [2026-4-2 22:49:47] Send cmd [Update user flash device:20073] OK
[Debug] [2026-4-2 22:49:47] COMMAND[Update user flash device] execute successfully, takes 0.0 secs.
[Debug] [2026-4-2 22:49:47] Log::Print : COMMAND[Update user flash device] execute successfully, takes 0.0 secs.
[Debug] [2026-4-2 22:49:54] Begin to send scan outer flash cmd...
[Debug] [2026-4-2 22:49:54] Send RPC:6
[Debug] [2026-4-2 22:49:54] Send cmd [Scan Outer SPI Flash:20300] OK
[Debug] [2026-4-2 22:49:54] End to send scan outer flash cmd.
[Error] [2026-4-2 22:49:55] fail to exec Scan Outer SPI Flash cmd...
[Error] [2026-4-2 22:49:55] MsgOut: JtagServer-0336: Flash id is 0x0, maybe the clock frequency is high or this flash is not supported, please reduce the clock frequency of cable or replace with other flash.
[Error] [2026-4-2 22:49:55] MsgOut: Configuration-0008: The command 'Scan Outer SPI Flash' execute fail.
[Debug] [2026-4-2 22:50:11] Begin to operate flash.
[Debug] [2026-4-2 22:50:11] End to operate flash.
[Debug] [2026-4-2 22:51:17] Begin to send scan outer flash cmd...
[Debug] [2026-4-2 22:51:17] Send RPC:7
[Debug] [2026-4-2 22:51:17] Send cmd [Scan Outer SPI Flash:20300] OK
[Debug] [2026-4-2 22:51:17] End to send scan outer flash cmd.
[Error] [2026-4-2 22:51:17] fail to exec Scan Outer SPI Flash cmd...
[Error] [2026-4-2 22:51:17] MsgOut: JtagServer-0336: Flash id is 0x0, maybe the clock frequency is high or this flash is not supported, please reduce the clock frequency of cable or replace with other flash.
[Error] [2026-4-2 22:51:17] MsgOut: Configuration-0008: The command 'Scan Outer SPI Flash' execute fail.
[Info] [2026-4-2 22:51:21] /***************************End Configration***************************/
[Info] [2026-4-2 22:51:22] /***************************Start Configuration***************************/
[Info] [2026-4-2 22:51:22] Path: E:/PDS2022/PDS_2022.2-SP6.4/bin
[Info] [2026-4-2 22:51:22] Version: 146967
[Info] [2026-4-2 22:51:23] Current Path: E:/BaiduNetdiskDownload/RK3568/project_slow_four_camer/slow_speed_pcie_four_camer/fpga_four_camer/four_camer/05_camera_pcie_capture_40pin_fmc - 1/project
[Info] [2026-4-2 22:51:23] PDS Dir Path: E:/BaiduNetdiskDownload/RK3568/project_slow_four_camer/slow_speed_pcie_four_camer/fpga_four_camer/four_camer/05_camera_pcie_capture_40pin_fmc - 1/project
[Info] [2026-4-2 22:51:46] Configuration is not connect with server. connect first then scan chain.
[Debug] [2026-4-2 22:51:46] Client Local host name:Lenovo
[Debug] [2026-4-2 22:51:46] Client Local Address:192.168.111.1
[Debug] [2026-4-2 22:51:46] Client Local Address:192.168.183.1
[Debug] [2026-4-2 22:51:46] Client Local Address:192.168.173.127
[Debug] [2026-4-2 22:51:46] Server Address:127.0.0.1, Port:65420
[Debug] [2026-4-2 22:51:46] Log::Print : Connecting to server[127.0.0.1 : 65420].
[Info] [2026-4-2 22:51:47] Connect OK, Server: 127.0.0.1  Port: 65420
[Debug] [2026-4-2 22:51:47] Finish.
[Info] [2026-4-2 22:51:47] Connect server succeeded
[Debug] [2026-4-2 22:51:47] Send RPC:1
[Debug] [2026-4-2 22:51:47] Send cmd [check version information:40004] OK
[Debug] [2026-4-2 22:51:47] Log::Print : Connect to server[127.0.0.1 : 65420] successfully.
[Debug] [2026-4-2 22:51:49] Send RPC:2
[Debug] [2026-4-2 22:51:49] Send cmd [get_cable_paras:40010] OK
[Debug] [2026-4-2 22:51:49] Begin to send initialize chain cmd...
[Debug] [2026-4-2 22:51:49] Send RPC:3
[Debug] [2026-4-2 22:51:49] Send cmd [Open config cable:20001] OK
[Debug] [2026-4-2 22:51:49] End to send initialize chain cmd.
[Debug] [2026-4-2 22:51:49] COMMAND[check version information] execute successfully, takes 1.9 secs.
[Debug] [2026-4-2 22:51:49] Log::Print : COMMAND[check version information] execute successfully, takes 1.9 secs.
[Debug] [2026-4-2 22:51:52] COMMAND[get_cable_paras] execute successfully, takes 2.7 secs.
[Debug] [2026-4-2 22:51:52] Log::Print : The cable List : 
Cable index 0:USB Cable II/fffffffffffffffe 

[Debug] [2026-4-2 22:51:52] Log::Print : COMMAND[get_cable_paras] execute successfully, takes 2.7 secs.
[Debug] [2026-4-2 22:51:52] begin the exec of open cable cmd...
[Debug] [2026-4-2 22:51:52] Begin to deal with chain from server...
[Debug] [2026-4-2 22:51:52] Begin to set user chain...
[Debug] [2026-4-2 22:51:52] End to set user chain.
[Debug] [2026-4-2 22:51:52] Begin to update graphic item and tree item ...
[Debug] [2026-4-2 22:51:52] End to update graphic item and tree item ...
[Debug] [2026-4-2 22:51:52] Log::Print : PANGO USB CABLE II cable driver: D2XX DLL
[Debug] [2026-4-2 22:51:52] Log::Print : PG2L100H
[Debug] [2026-4-2 22:51:52] Log::Print : This device configure situation (done bit): 1
[Info] [2026-4-2 22:51:53] set OpenLastPath: E:/BaiduNetdiskDownload/RK3568/project_slow_four_camer/slow_speed_pcie_four_camer/fpga_four_camer/four_camer/05_camera_pcie_capture_40pin_fmc - 1/project/generate_bitstream/image_pcie_capture.sbit
[Debug] [2026-4-2 22:51:53] begin to get device info from CFG file...
[Debug] [2026-4-2 22:51:53] end to get device info from CFG file...
[Debug] [2026-4-2 22:51:53] Begin to update graphic item and tree item ...
[Debug] [2026-4-2 22:51:53] End to update graphic item and tree item ...
[Debug] [2026-4-2 22:51:53] Begin to update graphic item and tree item ...
[Debug] [2026-4-2 22:51:53] End to update graphic item and tree item ...
[Debug] [2026-4-2 22:51:53] End to deal wiht chain from server.
[Debug] [2026-4-2 22:51:53] end the exec of open cable cmd.
[Debug] [2026-4-2 22:51:53] COMMAND[Open config cable] execute successfully, takes 4.2 secs.
[Debug] [2026-4-2 22:51:53] Log::Print : COMMAND[Open config cable] execute successfully, takes 4.2 secs.
[Debug] [2026-4-2 22:51:55] Begin to send scan outer flash cmd...
[Debug] [2026-4-2 22:51:55] Send RPC:4
[Debug] [2026-4-2 22:51:55] Send cmd [Scan Outer SPI Flash:20300] OK
[Debug] [2026-4-2 22:51:55] End to send scan outer flash cmd.
[Error] [2026-4-2 22:51:56] fail to exec Scan Outer SPI Flash cmd...
[Error] [2026-4-2 22:51:56] MsgOut: JtagServer-0336: Flash id is 0x1c7118, maybe the clock frequency is high or this flash is not supported, please reduce the clock frequency of cable or replace with other flash.
[Error] [2026-4-2 22:51:56] MsgOut: Configuration-0008: The command 'Scan Outer SPI Flash' execute fail.
[Debug] [2026-4-2 22:52:08] Begin to Converte file.
[Debug] [2026-4-2 22:52:10] End to Converte file.
[Debug] [2026-4-2 22:52:11] Begin to operate flash.
[Debug] [2026-4-2 22:52:11] End to operate flash.
[Debug] [2026-4-2 22:53:22] Begin to send scan outer flash cmd...
[Debug] [2026-4-2 22:53:22] Send RPC:5
[Debug] [2026-4-2 22:53:22] Send cmd [Scan Outer SPI Flash:20300] OK
[Debug] [2026-4-2 22:53:22] End to send scan outer flash cmd.
[Error] [2026-4-2 22:53:22] fail to exec Scan Outer SPI Flash cmd...
[Error] [2026-4-2 22:53:22] MsgOut: JtagServer-0336: Flash id is 0x1c7118, maybe the clock frequency is high or this flash is not supported, please reduce the clock frequency of cable or replace with other flash.
[Error] [2026-4-2 22:53:22] MsgOut: Configuration-0008: The command 'Scan Outer SPI Flash' execute fail.
[Debug] [2026-4-2 22:53:28] Begin to Converte file.
[Debug] [2026-4-2 22:53:28] End to Converte file.
[Debug] [2026-4-2 22:53:41] begin to parse sfc file.
[Debug] [2026-4-2 22:53:41] begin to get device info from CFG file...
[Debug] [2026-4-2 22:53:41] end to get device info from CFG file...
[Debug] [2026-4-2 22:53:41] begin to get device info from CFG file...
[Debug] [2026-4-2 22:53:41] end to get device info from CFG file...
[Debug] [2026-4-2 22:53:41] end to parse sfc file.
[Debug] [2026-4-2 22:53:41] Log::Print : The Start Address of bit file E:/BaiduNetdiskDownload/RK3568/project_slow_four_camer/slow_speed_pcie_four_camer/fpga_four_camer/four_camer/05_camera_pcie_capture_40pin_fmc - 1/project/generate_bitstream/image_pcie_capture.sbit: 0x0
[Debug] [2026-4-2 22:53:44] Begin to send scan outer flash cmd...
[Debug] [2026-4-2 22:53:44] Send RPC:6
[Debug] [2026-4-2 22:53:44] Send cmd [Scan Outer SPI Flash:20300] OK
[Debug] [2026-4-2 22:53:44] End to send scan outer flash cmd.
[Error] [2026-4-2 22:53:44] fail to exec Scan Outer SPI Flash cmd...
[Error] [2026-4-2 22:53:44] MsgOut: JtagServer-0336: Flash id is 0x1c7118, maybe the clock frequency is high or this flash is not supported, please reduce the clock frequency of cable or replace with other flash.
[Error] [2026-4-2 22:53:44] MsgOut: Configuration-0008: The command 'Scan Outer SPI Flash' execute fail.
[Debug] [2026-4-2 22:53:57] Begin to operate flash.
[Debug] [2026-4-2 22:53:57] End to operate flash.
[Debug] [2026-4-2 22:54:22] Begin to Converte file.
[Debug] [2026-4-2 22:54:22] End to Converte file.
[Debug] [2026-4-2 22:57:02] Begin to operate flash.
[Debug] [2026-4-2 22:57:02] End to operate flash.
[Debug] [2026-4-2 22:57:06] Begin to operate flash.
[Debug] [2026-4-2 22:57:06] End to operate flash.
[Debug] [2026-4-2 22:58:22] Begin to send scan outer flash cmd...
[Debug] [2026-4-2 22:58:22] Send RPC:7
[Debug] [2026-4-2 22:58:22] Send cmd [Scan Outer SPI Flash:20300] OK
[Debug] [2026-4-2 22:58:22] End to send scan outer flash cmd.
[Error] [2026-4-2 22:58:22] fail to exec Scan Outer SPI Flash cmd...
[Error] [2026-4-2 22:58:22] MsgOut: JtagServer-0336: Flash id is 0x1c7118, maybe the clock frequency is high or this flash is not supported, please reduce the clock frequency of cable or replace with other flash.
[Error] [2026-4-2 22:58:22] MsgOut: Configuration-0008: The command 'Scan Outer SPI Flash' execute fail.
[Debug] [2026-4-2 22:58:27] Begin to send scan outer flash cmd...
[Debug] [2026-4-2 22:58:27] Send RPC:8
[Debug] [2026-4-2 22:58:27] Send cmd [Scan Outer SPI Flash:20300] OK
[Debug] [2026-4-2 22:58:27] End to send scan outer flash cmd.
[Error] [2026-4-2 22:58:27] fail to exec Scan Outer SPI Flash cmd...
[Error] [2026-4-2 22:58:27] MsgOut: JtagServer-0336: Flash id is 0x1c7118, maybe the clock frequency is high or this flash is not supported, please reduce the clock frequency of cable or replace with other flash.
[Error] [2026-4-2 22:58:27] MsgOut: Configuration-0008: The command 'Scan Outer SPI Flash' execute fail.
[Debug] [2026-4-2 22:58:54] Begin to Converte file.
[Debug] [2026-4-2 22:58:54] End to Converte file.
[Debug] [2026-4-2 22:58:59] begin to parse sfc file.
[Debug] [2026-4-2 22:58:59] begin to get device info from CFG file...
[Debug] [2026-4-2 22:58:59] end to get device info from CFG file...
[Debug] [2026-4-2 22:58:59] begin to get device info from CFG file...
[Debug] [2026-4-2 22:58:59] end to get device info from CFG file...
[Debug] [2026-4-2 22:58:59] end to parse sfc file.
[Debug] [2026-4-2 22:58:59] Log::Print : The Start Address of bit file E:/BaiduNetdiskDownload/RK3568/project_slow_four_camer/slow_speed_pcie_four_camer/fpga_four_camer/four_camer/05_camera_pcie_capture_40pin_fmc - 1/project/generate_bitstream/image_pcie_capture.sbit: 0x0
[Debug] [2026-4-2 22:59:03] Begin to send scan outer flash cmd...
[Debug] [2026-4-2 22:59:03] Send RPC:9
[Debug] [2026-4-2 22:59:03] Send cmd [Scan Outer SPI Flash:20300] OK
[Debug] [2026-4-2 22:59:03] End to send scan outer flash cmd.
[Error] [2026-4-2 22:59:03] fail to exec Scan Outer SPI Flash cmd...
[Error] [2026-4-2 22:59:03] MsgOut: JtagServer-0336: Flash id is 0x1c7118, maybe the clock frequency is high or this flash is not supported, please reduce the clock frequency of cable or replace with other flash.
[Error] [2026-4-2 22:59:03] MsgOut: Configuration-0008: The command 'Scan Outer SPI Flash' execute fail.
[Info] [2026-4-2 22:59:16] /***************************End Configration***************************/
[Info] [2026-4-2 22:59:17] /***************************Start Configuration***************************/
[Info] [2026-4-2 22:59:17] Path: E:/PDS2022/PDS_2022.2-SP6.4/bin
[Info] [2026-4-2 22:59:17] Version: 146967
[Info] [2026-4-2 22:59:18] Current Path: E:/BaiduNetdiskDownload/RK3568/project_slow_four_camer/slow_speed_pcie_four_camer/fpga_four_camer/four_camer/05_camera_pcie_capture_40pin_fmc - 1/project
[Info] [2026-4-2 22:59:18] PDS Dir Path: E:/BaiduNetdiskDownload/RK3568/project_slow_four_camer/slow_speed_pcie_four_camer/fpga_four_camer/four_camer/05_camera_pcie_capture_40pin_fmc - 1/project
[Info] [2026-4-2 22:59:20] Configuration is not connect with server. connect first then scan chain.
[Debug] [2026-4-2 22:59:20] Client Local host name:Lenovo
[Debug] [2026-4-2 22:59:20] Client Local Address:192.168.111.1
[Debug] [2026-4-2 22:59:20] Client Local Address:192.168.183.1
[Debug] [2026-4-2 22:59:20] Client Local Address:192.168.173.127
[Debug] [2026-4-2 22:59:20] Server Address:127.0.0.1, Port:65420
[Debug] [2026-4-2 22:59:20] Log::Print : Connecting to server[127.0.0.1 : 65420].
[Info] [2026-4-2 22:59:20] Connect OK, Server: 127.0.0.1  Port: 65420
[Debug] [2026-4-2 22:59:20] Finish.
[Info] [2026-4-2 22:59:20] Connect server succeeded
[Debug] [2026-4-2 22:59:20] Send RPC:1
[Debug] [2026-4-2 22:59:20] Send cmd [check version information:40004] OK
[Debug] [2026-4-2 22:59:20] Log::Print : Connect to server[127.0.0.1 : 65420] successfully.
[Debug] [2026-4-2 22:59:22] Send RPC:2
[Debug] [2026-4-2 22:59:22] Send cmd [get_cable_paras:40010] OK
[Debug] [2026-4-2 22:59:22] Begin to send initialize chain cmd...
[Debug] [2026-4-2 22:59:22] Send RPC:3
[Debug] [2026-4-2 22:59:22] Send cmd [Open config cable:20001] OK
[Debug] [2026-4-2 22:59:22] End to send initialize chain cmd.
[Debug] [2026-4-2 22:59:22] COMMAND[check version information] execute successfully, takes 1.9 secs.
[Debug] [2026-4-2 22:59:22] Log::Print : COMMAND[check version information] execute successfully, takes 1.9 secs.
[Debug] [2026-4-2 22:59:25] COMMAND[get_cable_paras] execute successfully, takes 2.7 secs.
[Debug] [2026-4-2 22:59:25] Log::Print : The cable List : 
Cable index 0:USB Cable II/fffffffffffffffe 

[Debug] [2026-4-2 22:59:25] Log::Print : COMMAND[get_cable_paras] execute successfully, takes 2.7 secs.
[Debug] [2026-4-2 22:59:25] begin the exec of open cable cmd...
[Debug] [2026-4-2 22:59:25] Begin to deal with chain from server...
[Debug] [2026-4-2 22:59:25] Begin to set user chain...
[Debug] [2026-4-2 22:59:25] End to set user chain.
[Debug] [2026-4-2 22:59:25] Begin to update graphic item and tree item ...
[Debug] [2026-4-2 22:59:25] End to update graphic item and tree item ...
[Debug] [2026-4-2 22:59:26] Log::Print : PANGO USB CABLE II cable driver: D2XX DLL
[Debug] [2026-4-2 22:59:26] Log::Print : PG2L100H
[Debug] [2026-4-2 22:59:26] Log::Print : This device configure situation (done bit): 1
[Info] [2026-4-2 22:59:26] set OpenLastPath: E:/BaiduNetdiskDownload/RK3568/project_slow_four_camer/slow_speed_pcie_four_camer/fpga_four_camer/four_camer/05_camera_pcie_capture_40pin_fmc - 1/project/generate_bitstream/image_pcie_capture.sbit
[Debug] [2026-4-2 22:59:26] begin to get device info from CFG file...
[Debug] [2026-4-2 22:59:26] end to get device info from CFG file...
[Debug] [2026-4-2 22:59:26] Begin to update graphic item and tree item ...
[Debug] [2026-4-2 22:59:26] End to update graphic item and tree item ...
[Debug] [2026-4-2 22:59:26] Begin to update graphic item and tree item ...
[Debug] [2026-4-2 22:59:26] End to update graphic item and tree item ...
[Debug] [2026-4-2 22:59:26] End to deal wiht chain from server.
[Debug] [2026-4-2 22:59:26] end the exec of open cable cmd.
[Debug] [2026-4-2 22:59:26] COMMAND[Open config cable] execute successfully, takes 4.1 secs.
[Debug] [2026-4-2 22:59:27] Log::Print : COMMAND[Open config cable] execute successfully, takes 4.1 secs.
[Debug] [2026-4-2 22:59:28] Begin to send scan outer flash cmd...
[Debug] [2026-4-2 22:59:28] Send RPC:4
[Debug] [2026-4-2 22:59:28] Send cmd [Scan Outer SPI Flash:20300] OK
[Debug] [2026-4-2 22:59:28] End to send scan outer flash cmd.
[Error] [2026-4-2 22:59:28] fail to exec Scan Outer SPI Flash cmd...
[Error] [2026-4-2 22:59:28] MsgOut: JtagServer-0336: Flash id is 0x1c7118, maybe the clock frequency is high or this flash is not supported, please reduce the clock frequency of cable or replace with other flash.
[Error] [2026-4-2 22:59:28] MsgOut: Configuration-0008: The command 'Scan Outer SPI Flash' execute fail.
[Debug] [2026-4-2 23:00:42] Begin to send scan outer flash cmd...
[Debug] [2026-4-2 23:00:42] Send RPC:5
[Debug] [2026-4-2 23:00:42] Send cmd [Scan Outer SPI Flash:20300] OK
[Debug] [2026-4-2 23:00:42] End to send scan outer flash cmd.
[Error] [2026-4-2 23:00:42] fail to exec Scan Outer SPI Flash cmd...
[Error] [2026-4-2 23:00:42] MsgOut: JtagServer-0336: Flash id is 0x1c7118, maybe the clock frequency is high or this flash is not supported, please reduce the clock frequency of cable or replace with other flash.
[Error] [2026-4-2 23:00:42] MsgOut: Configuration-0008: The command 'Scan Outer SPI Flash' execute fail.
[Debug] [2026-4-2 23:00:46] Begin to operate flash.
[Debug] [2026-4-2 23:00:46] End to operate flash.
[Debug] [2026-4-2 23:02:11] Begin to send scan outer flash cmd...
[Debug] [2026-4-2 23:02:11] Send RPC:6
[Debug] [2026-4-2 23:02:11] Send cmd [Scan Outer SPI Flash:20300] OK
[Debug] [2026-4-2 23:02:11] End to send scan outer flash cmd.
[Error] [2026-4-2 23:02:12] fail to exec Scan Outer SPI Flash cmd...
[Error] [2026-4-2 23:02:12] MsgOut: JtagServer-0336: Flash id is 0x1c7118, maybe the clock frequency is high or this flash is not supported, please reduce the clock frequency of cable or replace with other flash.
[Error] [2026-4-2 23:02:12] MsgOut: Configuration-0008: The command 'Scan Outer SPI Flash' execute fail.
[Info] [2026-4-2 23:02:16] /***************************End Configration***************************/
[Info] [2026-4-2 23:02:24] /***************************Start Configuration***************************/
[Info] [2026-4-2 23:02:24] Path: E:/PDS2022/PDS_2022.2-SP6.4/bin
[Info] [2026-4-2 23:02:24] Version: 146967
[Info] [2026-4-2 23:02:25] Current Path: E:/BaiduNetdiskDownload/RK3568/project_slow_four_camer/slow_speed_pcie_four_camer/fpga_four_camer/four_camer/05_camera_pcie_capture_40pin_fmc - 1/project
[Info] [2026-4-2 23:02:25] PDS Dir Path: E:/BaiduNetdiskDownload/RK3568/project_slow_four_camer/slow_speed_pcie_four_camer/fpga_four_camer/four_camer/05_camera_pcie_capture_40pin_fmc - 1/project
[Info] [2026-4-2 23:02:30] Configuration is not connect with server. connect first then scan chain.
[Debug] [2026-4-2 23:02:30] Client Local host name:Lenovo
[Debug] [2026-4-2 23:02:30] Client Local Address:192.168.111.1
[Debug] [2026-4-2 23:02:30] Client Local Address:192.168.183.1
[Debug] [2026-4-2 23:02:30] Client Local Address:192.168.173.127
[Debug] [2026-4-2 23:02:30] Server Address:127.0.0.1, Port:65420
[Debug] [2026-4-2 23:02:30] Log::Print : Connecting to server[127.0.0.1 : 65420].
[Info] [2026-4-2 23:02:31] Connect OK, Server: 127.0.0.1  Port: 65420
[Debug] [2026-4-2 23:02:31] Finish.
[Info] [2026-4-2 23:02:31] Connect server succeeded
[Debug] [2026-4-2 23:02:31] Send RPC:1
[Debug] [2026-4-2 23:02:31] Send cmd [check version information:40004] OK
[Debug] [2026-4-2 23:02:31] Log::Print : Connect to server[127.0.0.1 : 65420] successfully.
[Debug] [2026-4-2 23:02:32] Send RPC:2
[Debug] [2026-4-2 23:02:32] Send cmd [get_cable_paras:40010] OK
[Debug] [2026-4-2 23:02:32] Begin to send initialize chain cmd...
[Debug] [2026-4-2 23:02:32] Send RPC:3
[Debug] [2026-4-2 23:02:32] Send cmd [Open config cable:20001] OK
[Debug] [2026-4-2 23:02:32] End to send initialize chain cmd.
[Debug] [2026-4-2 23:02:32] COMMAND[check version information] execute successfully, takes 1.9 secs.
[Debug] [2026-4-2 23:02:32] Log::Print : COMMAND[check version information] execute successfully, takes 1.9 secs.
[Debug] [2026-4-2 23:02:35] COMMAND[get_cable_paras] execute successfully, takes 2.7 secs.
[Debug] [2026-4-2 23:02:35] Log::Print : The cable List : 
Cable index 0:USB Cable II/fffffffffffffffe 

[Debug] [2026-4-2 23:02:35] Log::Print : COMMAND[get_cable_paras] execute successfully, takes 2.7 secs.
[Debug] [2026-4-2 23:02:36] begin the exec of open cable cmd...
[Debug] [2026-4-2 23:02:36] Begin to deal with chain from server...
[Debug] [2026-4-2 23:02:36] Begin to set user chain...
[Debug] [2026-4-2 23:02:36] End to set user chain.
[Debug] [2026-4-2 23:02:36] Begin to update graphic item and tree item ...
[Debug] [2026-4-2 23:02:36] End to update graphic item and tree item ...
[Debug] [2026-4-2 23:02:36] Log::Print : PANGO USB CABLE II cable driver: D2XX DLL
[Debug] [2026-4-2 23:02:36] Log::Print : PG2L100H
[Debug] [2026-4-2 23:02:36] Log::Print : This device configure situation (done bit): 1
[Info] [2026-4-2 23:02:37] set OpenLastPath: E:/BaiduNetdiskDownload/RK3568/project_slow_four_camer/slow_speed_pcie_four_camer/fpga_four_camer/four_camer/05_camera_pcie_capture_40pin_fmc - 1/project/generate_bitstream/image_pcie_capture.sbit
[Debug] [2026-4-2 23:02:37] begin to get device info from CFG file...
[Debug] [2026-4-2 23:02:37] end to get device info from CFG file...
[Debug] [2026-4-2 23:02:37] Begin to update graphic item and tree item ...
[Debug] [2026-4-2 23:02:37] End to update graphic item and tree item ...
[Debug] [2026-4-2 23:02:37] Begin to update graphic item and tree item ...
[Debug] [2026-4-2 23:02:37] End to update graphic item and tree item ...
[Debug] [2026-4-2 23:02:37] End to deal wiht chain from server.
[Debug] [2026-4-2 23:02:37] end the exec of open cable cmd.
[Debug] [2026-4-2 23:02:38] COMMAND[Open config cable] execute successfully, takes 5.1 secs.
[Debug] [2026-4-2 23:02:38] Log::Print : COMMAND[Open config cable] execute successfully, takes 5.1 secs.
[Debug] [2026-4-2 23:02:51] Begin to send scan outer flash cmd...
[Debug] [2026-4-2 23:02:51] Send RPC:4
[Debug] [2026-4-2 23:02:51] Send cmd [Scan Outer SPI Flash:20300] OK
[Debug] [2026-4-2 23:02:51] End to send scan outer flash cmd.
[Error] [2026-4-2 23:02:51] fail to exec Scan Outer SPI Flash cmd...
[Error] [2026-4-2 23:02:51] MsgOut: JtagServer-0336: Flash id is 0x1c7118, maybe the clock frequency is high or this flash is not supported, please reduce the clock frequency of cable or replace with other flash.
[Error] [2026-4-2 23:02:51] MsgOut: Configuration-0008: The command 'Scan Outer SPI Flash' execute fail.
[Debug] [2026-4-2 23:03:25] Begin to Converte file.
[Debug] [2026-4-2 23:03:34] begin to parse sfc file.
[Debug] [2026-4-2 23:03:34] begin to get device info from CFG file...
[Debug] [2026-4-2 23:03:34] end to get device info from CFG file...
[Debug] [2026-4-2 23:03:34] begin to get device info from CFG file...
[Debug] [2026-4-2 23:03:34] end to get device info from CFG file...
[Debug] [2026-4-2 23:03:34] end to parse sfc file.
[Debug] [2026-4-2 23:03:34] Log::Print : The Start Address of bit file E:/BaiduNetdiskDownload/RK3568/project_slow_four_camer/slow_speed_pcie_four_camer/fpga_four_camer/four_camer/05_camera_pcie_capture_40pin_fmc - 1/project/generate_bitstream/image_pcie_capture.sbit: 0x0
[Debug] [2026-4-2 23:03:36] End to Converte file.
[Debug] [2026-4-2 23:03:39] Begin to send scan outer flash cmd...
[Debug] [2026-4-2 23:03:39] Send RPC:5
[Debug] [2026-4-2 23:03:39] Send cmd [Scan Outer SPI Flash:20300] OK
[Debug] [2026-4-2 23:03:39] End to send scan outer flash cmd.
[Error] [2026-4-2 23:03:39] fail to exec Scan Outer SPI Flash cmd...
[Error] [2026-4-2 23:03:39] MsgOut: JtagServer-0336: Flash id is 0x1c7118, maybe the clock frequency is high or this flash is not supported, please reduce the clock frequency of cable or replace with other flash.
[Error] [2026-4-2 23:03:39] MsgOut: Configuration-0008: The command 'Scan Outer SPI Flash' execute fail.
[Debug] [2026-4-2 23:05:40] Begin to send scan outer flash cmd...
[Debug] [2026-4-2 23:05:40] Send RPC:6
[Debug] [2026-4-2 23:05:40] Send cmd [Scan Outer SPI Flash:20300] OK
[Debug] [2026-4-2 23:05:40] End to send scan outer flash cmd.
[Error] [2026-4-2 23:05:40] fail to exec Scan Outer SPI Flash cmd...
[Error] [2026-4-2 23:05:40] MsgOut: JtagServer-0336: Flash id is 0x1c7118, maybe the clock frequency is high or this flash is not supported, please reduce the clock frequency of cable or replace with other flash.
[Error] [2026-4-2 23:05:40] MsgOut: Configuration-0008: The command 'Scan Outer SPI Flash' execute fail.
[Debug] [2026-4-2 23:05:44] Begin to send programming cmd...
[Debug] [2026-4-2 23:05:44] Send RPC:7
[Debug] [2026-4-2 23:05:44] Begin to send program data.
[Debug] [2026-4-2 23:05:44] End to send program data.
[Debug] [2026-4-2 23:05:44] Send cmd [Program:20002] OK
[Debug] [2026-4-2 23:05:44] The value of Progress is 6
[Debug] [2026-4-2 23:05:45] The value of Progress is 10
[Debug] [2026-4-2 23:05:45] The value of Progress is 15
[Debug] [2026-4-2 23:05:45] The value of Progress is 20
[Debug] [2026-4-2 23:05:45] The value of Progress is 25
[Debug] [2026-4-2 23:05:45] The value of Progress is 30
[Debug] [2026-4-2 23:05:45] The value of Progress is 35
[Debug] [2026-4-2 23:05:45] The value of Progress is 40
[Debug] [2026-4-2 23:05:45] The value of Progress is 45
[Debug] [2026-4-2 23:05:45] The value of Progress is 50
[Debug] [2026-4-2 23:05:46] The value of Progress is 55
[Debug] [2026-4-2 23:05:46] The value of Progress is 60
[Debug] [2026-4-2 23:05:46] The value of Progress is 65
[Debug] [2026-4-2 23:05:46] The value of Progress is 70
[Debug] [2026-4-2 23:05:46] The value of Progress is 75
[Debug] [2026-4-2 23:05:46] The value of Progress is 80
[Debug] [2026-4-2 23:05:46] The value of Progress is 85
[Debug] [2026-4-2 23:05:46] The value of Progress is 90
[Debug] [2026-4-2 23:05:47] The value of Progress is 95
[Debug] [2026-4-2 23:05:47] The value of Progress is 100
[Debug] [2026-4-2 23:05:47] COMMAND[Program] execute successfully, takes 2.7 secs.
[Debug] [2026-4-2 23:05:47] End to send programming cmd.
[Debug] [2026-4-2 23:05:47] Log::Print : The done bit is 1
[Debug] [2026-4-2 23:05:47] Log::Print : COMMAND[Program] execute successfully, takes 2.7 secs.
[Debug] [2026-4-2 23:05:55] Begin to send scan outer flash cmd...
[Debug] [2026-4-2 23:05:55] Send RPC:8
[Debug] [2026-4-2 23:05:55] Send cmd [Scan Outer SPI Flash:20300] OK
[Debug] [2026-4-2 23:05:55] End to send scan outer flash cmd.
[Error] [2026-4-2 23:05:55] fail to exec Scan Outer SPI Flash cmd...
[Error] [2026-4-2 23:05:55] MsgOut: JtagServer-0336: Flash id is 0x1c7118, maybe the clock frequency is high or this flash is not supported, please reduce the clock frequency of cable or replace with other flash.
[Error] [2026-4-2 23:05:55] MsgOut: Configuration-0008: The command 'Scan Outer SPI Flash' execute fail.
[Info] [2026-4-2 23:07:40] /***************************End Configration***************************/
[Info] [2026-4-2 23:07:41] /***************************Start Configuration***************************/
[Info] [2026-4-2 23:07:41] Path: E:/PDS2022/PDS_2022.2-SP6.4/bin
[Info] [2026-4-2 23:07:41] Version: 146967
[Info] [2026-4-2 23:07:42] Current Path: E:/BaiduNetdiskDownload/RK3568/project_slow_four_camer/slow_speed_pcie_four_camer/fpga_four_camer/four_camer/05_camera_pcie_capture_40pin_fmc - 1/project
[Info] [2026-4-2 23:07:42] PDS Dir Path: E:/BaiduNetdiskDownload/RK3568/project_slow_four_camer/slow_speed_pcie_four_camer/fpga_four_camer/four_camer/05_camera_pcie_capture_40pin_fmc - 1/project
[Info] [2026-4-2 23:07:45] Configuration is not connect with server. connect first then scan chain.
[Debug] [2026-4-2 23:07:45] Client Local host name:Lenovo
[Debug] [2026-4-2 23:07:45] Client Local Address:192.168.111.1
[Debug] [2026-4-2 23:07:45] Client Local Address:192.168.183.1
[Debug] [2026-4-2 23:07:45] Client Local Address:192.168.173.127
[Debug] [2026-4-2 23:07:45] Server Address:127.0.0.1, Port:65420
[Debug] [2026-4-2 23:07:46] Log::Print : Connecting to server[127.0.0.1 : 65420].
[Info] [2026-4-2 23:07:46] Connect OK, Server: 127.0.0.1  Port: 65420
[Debug] [2026-4-2 23:07:46] Finish.
[Info] [2026-4-2 23:07:46] Connect server succeeded
[Debug] [2026-4-2 23:07:46] Send RPC:1
[Debug] [2026-4-2 23:07:46] Send cmd [check version information:40004] OK
[Debug] [2026-4-2 23:07:46] Log::Print : Connect to server[127.0.0.1 : 65420] successfully.
[Debug] [2026-4-2 23:07:48] Send RPC:2
[Debug] [2026-4-2 23:07:48] Send cmd [get_cable_paras:40010] OK
[Debug] [2026-4-2 23:07:48] Begin to send initialize chain cmd...
[Debug] [2026-4-2 23:07:48] Send RPC:3
[Debug] [2026-4-2 23:07:48] Send cmd [Open config cable:20001] OK
[Debug] [2026-4-2 23:07:48] End to send initialize chain cmd.
[Debug] [2026-4-2 23:07:48] COMMAND[check version information] execute successfully, takes 1.9 secs.
[Debug] [2026-4-2 23:07:48] Log::Print : COMMAND[check version information] execute successfully, takes 1.9 secs.
[Debug] [2026-4-2 23:07:51] COMMAND[get_cable_paras] execute successfully, takes 2.7 secs.
[Debug] [2026-4-2 23:07:51] Log::Print : The cable List : 
Cable index 0:USB Cable II/fffffffffffffffe 

[Debug] [2026-4-2 23:07:51] Log::Print : COMMAND[get_cable_paras] execute successfully, takes 2.7 secs.
[Debug] [2026-4-2 23:07:51] begin the exec of open cable cmd...
[Debug] [2026-4-2 23:07:51] Begin to deal with chain from server...
[Debug] [2026-4-2 23:07:51] Begin to set user chain...
[Debug] [2026-4-2 23:07:51] End to set user chain.
[Debug] [2026-4-2 23:07:51] Begin to update graphic item and tree item ...
[Debug] [2026-4-2 23:07:51] End to update graphic item and tree item ...
[Debug] [2026-4-2 23:07:51] Log::Print : PANGO USB CABLE II cable driver: D2XX DLL
[Debug] [2026-4-2 23:07:51] Log::Print : PG2L100H
[Debug] [2026-4-2 23:07:51] Log::Print : This device configure situation (done bit): 1
[Info] [2026-4-2 23:07:52] set OpenLastPath: E:/BaiduNetdiskDownload/RK3568/project_slow_four_camer/slow_speed_pcie_four_camer/fpga_four_camer/four_camer/05_camera_pcie_capture_40pin_fmc - 1/project/generate_bitstream/image_pcie_capture.sbit
[Debug] [2026-4-2 23:07:52] begin to get device info from CFG file...
[Debug] [2026-4-2 23:07:52] end to get device info from CFG file...
[Debug] [2026-4-2 23:07:52] Begin to update graphic item and tree item ...
[Debug] [2026-4-2 23:07:52] End to update graphic item and tree item ...
[Debug] [2026-4-2 23:07:52] Begin to update graphic item and tree item ...
[Debug] [2026-4-2 23:07:52] End to update graphic item and tree item ...
[Debug] [2026-4-2 23:07:52] End to deal wiht chain from server.
[Debug] [2026-4-2 23:07:52] end the exec of open cable cmd.
[Debug] [2026-4-2 23:07:52] COMMAND[Open config cable] execute successfully, takes 4.2 secs.
[Debug] [2026-4-2 23:07:52] Log::Print : COMMAND[Open config cable] execute successfully, takes 4.2 secs.
[Debug] [2026-4-2 23:07:54] Begin to Converte file.
[Debug] [2026-4-2 23:08:02] begin to parse sfc file.
[Debug] [2026-4-2 23:08:02] begin to get device info from CFG file...
[Debug] [2026-4-2 23:08:02] end to get device info from CFG file...
[Debug] [2026-4-2 23:08:02] begin to get device info from CFG file...
[Debug] [2026-4-2 23:08:02] end to get device info from CFG file...
[Debug] [2026-4-2 23:08:02] end to parse sfc file.
[Debug] [2026-4-2 23:08:02] Log::Print : The Start Address of bit file E:/BaiduNetdiskDownload/RK3568/project_slow_four_camer/slow_speed_pcie_four_camer/fpga_four_camer/four_camer/05_camera_pcie_capture_40pin_fmc - 1/project/generate_bitstream/image_pcie_capture.sbit: 0x0
[Debug] [2026-4-2 23:08:03] End to Converte file.
[Debug] [2026-4-2 23:08:06] Begin to send scan outer flash cmd...
[Debug] [2026-4-2 23:08:06] Send RPC:4
[Debug] [2026-4-2 23:08:06] Send cmd [Scan Outer SPI Flash:20300] OK
[Debug] [2026-4-2 23:08:06] End to send scan outer flash cmd.
[Error] [2026-4-2 23:08:06] fail to exec Scan Outer SPI Flash cmd...
[Error] [2026-4-2 23:08:06] MsgOut: JtagServer-0336: Flash id is 0x1c7118, maybe the clock frequency is high or this flash is not supported, please reduce the clock frequency of cable or replace with other flash.
[Error] [2026-4-2 23:08:06] MsgOut: Configuration-0008: The command 'Scan Outer SPI Flash' execute fail.
[Debug] [2026-4-2 23:08:44] Begin to operate flash.
[Debug] [2026-4-2 23:08:44] End to operate flash.
[Debug] [2026-4-2 23:10:08] Send RPC:5
[Debug] [2026-4-2 23:10:08] Send cmd [Update user flash device:20073] OK
[Debug] [2026-4-2 23:10:08] COMMAND[Update user flash device] execute successfully, takes 0.0 secs.
[Debug] [2026-4-2 23:10:08] Log::Print : COMMAND[Update user flash device] execute successfully, takes 0.0 secs.
[Debug] [2026-4-2 23:10:11] Begin to send scan outer flash cmd...
[Debug] [2026-4-2 23:10:11] Send RPC:6
[Debug] [2026-4-2 23:10:11] Send cmd [Scan Outer SPI Flash:20300] OK
[Debug] [2026-4-2 23:10:11] End to send scan outer flash cmd.
[Error] [2026-4-2 23:10:11] fail to exec Scan Outer SPI Flash cmd...
[Error] [2026-4-2 23:10:11] MsgOut: JtagServer-0336: Flash id is 0x0, maybe the clock frequency is high or this flash is not supported, please reduce the clock frequency of cable or replace with other flash.
[Error] [2026-4-2 23:10:11] MsgOut: Configuration-0008: The command 'Scan Outer SPI Flash' execute fail.
[Debug] [2026-4-2 23:11:20] Begin to send scan outer flash cmd...
[Debug] [2026-4-2 23:11:20] Send RPC:7
[Debug] [2026-4-2 23:11:20] Send cmd [Scan Outer SPI Flash:20300] OK
[Debug] [2026-4-2 23:11:20] End to send scan outer flash cmd.
[Error] [2026-4-2 23:11:21] fail to exec Scan Outer SPI Flash cmd...
[Error] [2026-4-2 23:11:21] MsgOut: JtagServer-0336: Flash id is 0x0, maybe the clock frequency is high or this flash is not supported, please reduce the clock frequency of cable or replace with other flash.
[Error] [2026-4-2 23:11:21] MsgOut: Configuration-0008: The command 'Scan Outer SPI Flash' execute fail.
[Debug] [2026-4-2 23:11:23] Begin to Converte file.
[Debug] [2026-4-2 23:11:23] End to Converte file.
[Debug] [2026-4-2 23:11:30] begin to parse sfc file.
[Debug] [2026-4-2 23:11:30] begin to get device info from CFG file...
[Debug] [2026-4-2 23:11:30] end to get device info from CFG file...
[Debug] [2026-4-2 23:11:30] begin to get device info from CFG file...
[Debug] [2026-4-2 23:11:30] end to get device info from CFG file...
[Debug] [2026-4-2 23:11:30] end to parse sfc file.
[Debug] [2026-4-2 23:11:30] Log::Print : The Start Address of bit file E:/BaiduNetdiskDownload/RK3568/project_slow_four_camer/slow_speed_pcie_four_camer/fpga_four_camer/four_camer/05_camera_pcie_capture_40pin_fmc - 1/project/generate_bitstream/image_pcie_capture.sbit: 0x0
[Debug] [2026-4-2 23:11:33] Begin to send scan outer flash cmd...
[Debug] [2026-4-2 23:11:33] Send RPC:8
[Debug] [2026-4-2 23:11:33] Send cmd [Scan Outer SPI Flash:20300] OK
[Debug] [2026-4-2 23:11:33] End to send scan outer flash cmd.
[Error] [2026-4-2 23:11:33] fail to exec Scan Outer SPI Flash cmd...
[Error] [2026-4-2 23:11:33] MsgOut: JtagServer-0336: Flash id is 0x0, maybe the clock frequency is high or this flash is not supported, please reduce the clock frequency of cable or replace with other flash.
[Error] [2026-4-2 23:11:33] MsgOut: Configuration-0008: The command 'Scan Outer SPI Flash' execute fail.
[Info] [2026-4-2 23:11:40] /***************************End Configration***************************/
[Info] [2026-4-2 23:11:41] /***************************Start Configuration***************************/
[Info] [2026-4-2 23:11:41] Path: E:/PDS2022/PDS_2022.2-SP6.4/bin
[Info] [2026-4-2 23:11:41] Version: 146967
[Info] [2026-4-2 23:11:42] Current Path: E:/BaiduNetdiskDownload/RK3568/project_slow_four_camer/slow_speed_pcie_four_camer/fpga_four_camer/four_camer/05_camera_pcie_capture_40pin_fmc - 1/project
[Info] [2026-4-2 23:11:42] PDS Dir Path: E:/BaiduNetdiskDownload/RK3568/project_slow_four_camer/slow_speed_pcie_four_camer/fpga_four_camer/four_camer/05_camera_pcie_capture_40pin_fmc - 1/project
[Info] [2026-4-2 23:11:44] Configuration is not connect with server. connect first then scan chain.
[Debug] [2026-4-2 23:11:44] Client Local host name:Lenovo
[Debug] [2026-4-2 23:11:44] Client Local Address:192.168.111.1
[Debug] [2026-4-2 23:11:44] Client Local Address:192.168.183.1
[Debug] [2026-4-2 23:11:44] Client Local Address:192.168.173.127
[Debug] [2026-4-2 23:11:44] Server Address:127.0.0.1, Port:65420
[Debug] [2026-4-2 23:11:44] Log::Print : Connecting to server[127.0.0.1 : 65420].
[Info] [2026-4-2 23:11:45] Connect OK, Server: 127.0.0.1  Port: 65420
[Debug] [2026-4-2 23:11:45] Finish.
[Info] [2026-4-2 23:11:45] Connect server succeeded
[Debug] [2026-4-2 23:11:45] Send RPC:1
[Debug] [2026-4-2 23:11:45] Send cmd [check version information:40004] OK
[Debug] [2026-4-2 23:11:45] Log::Print : Connect to server[127.0.0.1 : 65420] successfully.
[Debug] [2026-4-2 23:11:46] Send RPC:2
[Debug] [2026-4-2 23:11:46] Send cmd [get_cable_paras:40010] OK
[Debug] [2026-4-2 23:11:46] Begin to send initialize chain cmd...
[Debug] [2026-4-2 23:11:46] Send RPC:3
[Debug] [2026-4-2 23:11:46] Send cmd [Open config cable:20001] OK
[Debug] [2026-4-2 23:11:46] End to send initialize chain cmd.
[Debug] [2026-4-2 23:11:46] COMMAND[check version information] execute successfully, takes 1.8 secs.
[Debug] [2026-4-2 23:11:46] Log::Print : COMMAND[check version information] execute successfully, takes 1.8 secs.
[Debug] [2026-4-2 23:11:49] COMMAND[get_cable_paras] execute successfully, takes 2.7 secs.
[Debug] [2026-4-2 23:11:49] Log::Print : The cable List : 
Cable index 0:USB Cable II/fffffffffffffffe 

[Debug] [2026-4-2 23:11:49] Log::Print : COMMAND[get_cable_paras] execute successfully, takes 2.7 secs.
[Debug] [2026-4-2 23:11:50] begin the exec of open cable cmd...
[Debug] [2026-4-2 23:11:50] Begin to deal with chain from server...
[Debug] [2026-4-2 23:11:50] Begin to set user chain...
[Debug] [2026-4-2 23:11:50] End to set user chain.
[Debug] [2026-4-2 23:11:50] Begin to update graphic item and tree item ...
[Debug] [2026-4-2 23:11:50] End to update graphic item and tree item ...
[Debug] [2026-4-2 23:11:50] Log::Print : PANGO USB CABLE II cable driver: D2XX DLL
[Debug] [2026-4-2 23:11:50] Log::Print : PG2L100H
[Debug] [2026-4-2 23:11:50] Log::Print : This device configure situation (done bit): 1
[Info] [2026-4-2 23:11:51] set OpenLastPath: E:/BaiduNetdiskDownload/RK3568/project_slow_four_camer/slow_speed_pcie_four_camer/fpga_four_camer/four_camer/05_camera_pcie_capture_40pin_fmc - 1/project/generate_bitstream/image_pcie_capture.sbit
[Debug] [2026-4-2 23:11:51] begin to get device info from CFG file...
[Debug] [2026-4-2 23:11:51] end to get device info from CFG file...
[Debug] [2026-4-2 23:11:51] Begin to update graphic item and tree item ...
[Debug] [2026-4-2 23:11:51] End to update graphic item and tree item ...
[Debug] [2026-4-2 23:11:51] Begin to update graphic item and tree item ...
[Debug] [2026-4-2 23:11:51] End to update graphic item and tree item ...
[Debug] [2026-4-2 23:11:51] End to deal wiht chain from server.
[Debug] [2026-4-2 23:11:51] end the exec of open cable cmd.
[Debug] [2026-4-2 23:11:51] COMMAND[Open config cable] execute successfully, takes 4.9 secs.
[Debug] [2026-4-2 23:11:51] Log::Print : COMMAND[Open config cable] execute successfully, takes 4.9 secs.
[Debug] [2026-4-2 23:11:54] Begin to send scan outer flash cmd...
[Debug] [2026-4-2 23:11:54] Send RPC:4
[Debug] [2026-4-2 23:11:54] Send cmd [Scan Outer SPI Flash:20300] OK
[Debug] [2026-4-2 23:11:54] End to send scan outer flash cmd.
[Debug] [2026-4-2 23:11:55] begin to exec scan jtag flash cmd...
[Debug] [2026-4-2 23:11:55] Begin to initialize JtagFlash for selected FPGA Device...
[Debug] [2026-4-2 23:11:55] Begin to update graphic item and tree item ...
[Debug] [2026-4-2 23:11:55] End to update graphic item and tree item ...
[Info] [2026-4-2 23:11:56] set OpenLastPath: E:/BaiduNetdiskDownload/RK3568/project_slow_four_camer/slow_speed_pcie_four_camer/fpga_four_camer/four_camer/05_camera_pcie_capture_40pin_fmc - 1/project/generate_bitstream/image_pcie_capture.sfc
[Debug] [2026-4-2 23:11:56] begin to check SFC File and Flash Device Read Mode.
[Debug] [2026-4-2 23:11:56] end to check SFC File and Flash Device Read Mode.
[Debug] [2026-4-2 23:11:56] Begin to update graphic item and tree item ...
[Debug] [2026-4-2 23:11:56] End to update graphic item and tree item ...
[Debug] [2026-4-2 23:11:56] End to initialize OuterFlash for selected FPGA Device...
[Debug] [2026-4-2 23:11:56] end to exec scan jtag flash cmd...
[Debug] [2026-4-2 23:11:56] COMMAND[Scan Outer SPI Flash] execute successfully, takes 1.9 secs.
[Debug] [2026-4-2 23:11:56] Log::Print : COMMAND[Scan Outer SPI Flash] execute successfully, takes 1.9 secs.
[Debug] [2026-4-2 23:11:59] begin to send promgram jtag flash cmd.
[Debug] [2026-4-2 23:11:59] begin to send jtag flash erase cmd
[Debug] [2026-4-2 23:11:59] Send RPC:5
[Debug] [2026-4-2 23:11:59] Begin to send embed flash erase data.
[Debug] [2026-4-2 23:11:59] Begin to send flash erase data.
[Debug] [2026-4-2 23:11:59] End to send flash erase data.
[Debug] [2026-4-2 23:11:59] End to send embed flash erase data.
[Debug] [2026-4-2 23:11:59] Send cmd [Erase Outer Flash:20302] OK
[Debug] [2026-4-2 23:11:59] Log::Print : The start address of operating flash is 0x0.
[Debug] [2026-4-2 23:12:00] The value of Progress is 1
[Debug] [2026-4-2 23:12:01] The value of Progress is 6
[Debug] [2026-4-2 23:12:01] The value of Progress is 11
[Debug] [2026-4-2 23:12:02] The value of Progress is 16
[Debug] [2026-4-2 23:12:03] The value of Progress is 20
[Debug] [2026-4-2 23:12:03] The value of Progress is 25
[Debug] [2026-4-2 23:12:04] The value of Progress is 30
[Debug] [2026-4-2 23:12:05] The value of Progress is 37
[Debug] [2026-4-2 23:12:06] The value of Progress is 41
[Debug] [2026-4-2 23:12:06] The value of Progress is 46
[Debug] [2026-4-2 23:12:07] The value of Progress is 51
[Debug] [2026-4-2 23:12:08] The value of Progress is 55
[Debug] [2026-4-2 23:12:08] The value of Progress is 60
[Debug] [2026-4-2 23:12:09] The value of Progress is 65
[Debug] [2026-4-2 23:12:10] The value of Progress is 72
[Debug] [2026-4-2 23:12:11] The value of Progress is 76
[Debug] [2026-4-2 23:12:11] The value of Progress is 81
[Debug] [2026-4-2 23:12:12] The value of Progress is 86
[Debug] [2026-4-2 23:12:12] The value of Progress is 90
[Debug] [2026-4-2 23:12:13] The value of Progress is 95
[Debug] [2026-4-2 23:12:13] The value of Progress is 100
[Debug] [2026-4-2 23:12:14] COMMAND[Erase Outer Flash] execute finish, takes 14.3 secs.
[Debug] [2026-4-2 23:12:14] end to send jtag flash erase cmd.
[Debug] [2026-4-2 23:12:14] Send RPC:6
[Debug] [2026-4-2 23:12:14] Begin to send jtag flash program data.
[Debug] [2026-4-2 23:12:14] Begin to send flash program data.
[Debug] [2026-4-2 23:12:14] End to send flash program data.
[Debug] [2026-4-2 23:12:14] End to send embed flash program data.
[Debug] [2026-4-2 23:12:14] Send cmd [Program Outer Flash:20301] OK
[Debug] [2026-4-2 23:12:14] Log::Print : COMMAND[Erase Outer Flash] execute finish, takes 14.3 secs.
[Debug] [2026-4-2 23:12:14] Log::Print : The start address of operating flash is 0x0.
[Debug] [2026-4-2 23:12:14] The value of Progress is 1
[Debug] [2026-4-2 23:12:17] The value of Progress is 6
[Debug] [2026-4-2 23:12:18] The value of Progress is 10
[Debug] [2026-4-2 23:12:21] The value of Progress is 15
[Debug] [2026-4-2 23:12:23] The value of Progress is 20
[Debug] [2026-4-2 23:12:25] The value of Progress is 25
[Debug] [2026-4-2 23:12:27] The value of Progress is 30
[Debug] [2026-4-2 23:12:29] The value of Progress is 35
[Debug] [2026-4-2 23:12:32] The value of Progress is 40
[Debug] [2026-4-2 23:12:34] The value of Progress is 45
[Debug] [2026-4-2 23:12:36] The value of Progress is 50
[Debug] [2026-4-2 23:12:38] The value of Progress is 55
[Debug] [2026-4-2 23:12:40] The value of Progress is 60
[Debug] [2026-4-2 23:12:43] The value of Progress is 65
[Debug] [2026-4-2 23:12:45] The value of Progress is 70
[Debug] [2026-4-2 23:12:47] The value of Progress is 75
[Debug] [2026-4-2 23:12:49] The value of Progress is 80
[Debug] [2026-4-2 23:12:52] The value of Progress is 85
[Debug] [2026-4-2 23:12:54] The value of Progress is 90
[Debug] [2026-4-2 23:12:56] The value of Progress is 95
[Debug] [2026-4-2 23:12:58] The value of Progress is 100
[Debug] [2026-4-2 23:12:58] COMMAND[Program Outer Flash] execute finish, takes 44.5 secs.
[Debug] [2026-4-2 23:12:58] begin to send jtag flash verify cmd
[Debug] [2026-4-2 23:12:58] Send RPC:7
[Debug] [2026-4-2 23:12:58] Begin to send embed flash verify data.
[Debug] [2026-4-2 23:12:58] Begin to send flash verify data.
[Debug] [2026-4-2 23:12:58] End to send flash verify data.
[Debug] [2026-4-2 23:12:58] End to send embed flash verify data.
[Debug] [2026-4-2 23:12:58] Send cmd [Verify Outer Flash:20303] OK
[Debug] [2026-4-2 23:12:58] Log::Print : COMMAND[Program Outer Flash] execute finish, takes 44.5 secs.
[Debug] [2026-4-2 23:12:58] Log::Print : The start address of operating flash is 0x0.
[Debug] [2026-4-2 23:12:58] The value of Progress is 1
[Debug] [2026-4-2 23:12:59] The value of Progress is 6
[Debug] [2026-4-2 23:12:59] The value of Progress is 10
[Debug] [2026-4-2 23:12:59] The value of Progress is 15
[Debug] [2026-4-2 23:12:59] The value of Progress is 20
[Debug] [2026-4-2 23:12:59] The value of Progress is 25
[Debug] [2026-4-2 23:12:59] The value of Progress is 30
[Debug] [2026-4-2 23:12:59] The value of Progress is 35
[Debug] [2026-4-2 23:13:00] The value of Progress is 40
[Debug] [2026-4-2 23:13:00] The value of Progress is 45
[Debug] [2026-4-2 23:13:00] The value of Progress is 50
[Debug] [2026-4-2 23:13:00] The value of Progress is 55
[Debug] [2026-4-2 23:13:00] The value of Progress is 60
[Debug] [2026-4-2 23:13:00] The value of Progress is 65
[Debug] [2026-4-2 23:13:00] The value of Progress is 70
[Debug] [2026-4-2 23:13:01] The value of Progress is 75
[Debug] [2026-4-2 23:13:01] The value of Progress is 80
[Debug] [2026-4-2 23:13:01] The value of Progress is 85
[Debug] [2026-4-2 23:13:01] The value of Progress is 90
[Debug] [2026-4-2 23:13:01] The value of Progress is 95
[Debug] [2026-4-2 23:13:01] The value of Progress is 100
[Debug] [2026-4-2 23:13:02] COMMAND[Verify Outer Flash] execute successfully, takes 3.3 secs.
[Debug] [2026-4-2 23:13:02] end to send jtag flash verify cmd
[Debug] [2026-4-2 23:13:02] end to send jtag flash program cmd.
[Debug] [2026-4-2 23:13:02] Log::Print : COMMAND[Verify Outer Flash] execute successfully, takes 3.3 secs.
[Info] [2026-4-2 23:13:09] /***************************End Configration***************************/
[Info] [2026-4-20 16:48:21] /***************************Start Configuration***************************/
[Info] [2026-4-20 16:48:21] Path: F:/PDS_2022.2-SP6.4/bin
[Info] [2026-4-20 16:48:21] Version: 146967
[Info] [2026-4-20 16:48:22] Current Path: C:/Users/23694/Desktop/ziguang_project/333/04_camera_pcie_capture_40pin_fmc/project
[Info] [2026-4-20 16:48:22] PDS Dir Path: C:/Users/23694/Desktop/ziguang_project/333/04_camera_pcie_capture_40pin_fmc/project
[Info] [2026-4-20 16:48:25] Configuration is not connect with server. connect first then scan chain.
[Debug] [2026-4-20 16:48:25] Client Local host name:xufei
[Debug] [2026-4-20 16:48:25] Client Local Address:192.168.83.1
[Debug] [2026-4-20 16:48:25] Client Local Address:192.168.189.1
[Debug] [2026-4-20 16:48:25] Client Local Address:172.16.209.126
[Debug] [2026-4-20 16:48:25] Server Address:127.0.0.1, Port:65420
[Debug] [2026-4-20 16:48:25] Log::Print : Connecting to server[127.0.0.1 : 65420].
[Info] [2026-4-20 16:48:25] Connect OK, Server: 127.0.0.1  Port: 65420
[Debug] [2026-4-20 16:48:25] Finish.
[Info] [2026-4-20 16:48:25] Connect server succeeded
[Debug] [2026-4-20 16:48:25] Send RPC:1
[Debug] [2026-4-20 16:48:25] Send cmd [check version information:40004] OK
[Debug] [2026-4-20 16:48:25] Log::Print : Connect to server[127.0.0.1 : 65420] successfully.
[Debug] [2026-4-20 16:48:28] Send RPC:2
[Debug] [2026-4-20 16:48:28] Send cmd [get_cable_paras:40010] OK
[Debug] [2026-4-20 16:48:28] Begin to send initialize chain cmd...
[Debug] [2026-4-20 16:48:28] Send RPC:3
[Debug] [2026-4-20 16:48:28] Send cmd [Open config cable:20001] OK
[Debug] [2026-4-20 16:48:28] End to send initialize chain cmd.
[Debug] [2026-4-20 16:48:28] COMMAND[check version information] execute successfully, takes 3.0 secs.
[Debug] [2026-4-20 16:48:28] Log::Print : COMMAND[check version information] execute successfully, takes 3.0 secs.
[Debug] [2026-4-20 16:48:32] COMMAND[get_cable_paras] execute successfully, takes 3.7 secs.
[Debug] [2026-4-20 16:48:32] Log::Print : The cable List : 
Cable index 0:USB Cable II/fffffffffffffffe 

[Debug] [2026-4-20 16:48:32] Log::Print : COMMAND[get_cable_paras] execute successfully, takes 3.7 secs.
[Debug] [2026-4-20 16:48:32] begin the exec of open cable cmd...
[Debug] [2026-4-20 16:48:32] Begin to deal with chain from server...
[Debug] [2026-4-20 16:48:32] Begin to set user chain...
[Debug] [2026-4-20 16:48:32] End to set user chain.
[Debug] [2026-4-20 16:48:32] Begin to update graphic item and tree item ...
[Debug] [2026-4-20 16:48:32] End to update graphic item and tree item ...
[Debug] [2026-4-20 16:48:32] Log::Print : PANGO USB CABLE II cable driver: D2XX DLL
[Debug] [2026-4-20 16:48:32] Log::Print : PG2L100H
[Debug] [2026-4-20 16:48:32] Log::Print : This device configure situation (done bit): 1
[Debug] [2026-4-20 16:48:39] selected file name is empty and ignore.
[Debug] [2026-4-20 16:48:39] Begin to update graphic item and tree item ...
[Debug] [2026-4-20 16:48:39] End to update graphic item and tree item ...
[Debug] [2026-4-20 16:48:39] End to deal wiht chain from server.
[Debug] [2026-4-20 16:48:39] end the exec of open cable cmd.
[Debug] [2026-4-20 16:48:39] COMMAND[Open config cable] execute successfully, takes 11.1 secs.
[Debug] [2026-4-20 16:48:39] Log::Print : COMMAND[Open config cable] execute successfully, takes 11.1 secs.
[Info] [2026-4-20 16:48:42] /***************************End Configration***************************/
[Info] [2026-4-20 21:08:03] /***************************Start Configuration***************************/
[Info] [2026-4-20 21:08:03] Path: F:/PDS_2022.2-SP6.4/bin
[Info] [2026-4-20 21:08:03] Version: 146967
[Info] [2026-4-20 21:08:04] Current Path: C:/Users/23694/Desktop/ziguang_project/333/04_camera_pcie_capture_40pin_fmc/project
[Info] [2026-4-20 21:08:04] PDS Dir Path: C:/Users/23694/Desktop/ziguang_project/333/04_camera_pcie_capture_40pin_fmc/project
[Info] [2026-4-20 21:08:06] Configuration is not connect with server. connect first then scan chain.
[Debug] [2026-4-20 21:08:06] Client Local host name:xufei
[Debug] [2026-4-20 21:08:06] Client Local Address:192.168.83.1
[Debug] [2026-4-20 21:08:06] Client Local Address:192.168.189.1
[Debug] [2026-4-20 21:08:06] Client Local Address:172.16.209.126
[Debug] [2026-4-20 21:08:06] Server Address:127.0.0.1, Port:65420
[Debug] [2026-4-20 21:08:06] Log::Print : Connecting to server[127.0.0.1 : 65420].
[Info] [2026-4-20 21:08:07] Connect OK, Server: 127.0.0.1  Port: 65420
[Debug] [2026-4-20 21:08:07] Finish.
[Info] [2026-4-20 21:08:07] Connect server succeeded
[Debug] [2026-4-20 21:08:07] Send RPC:1
[Debug] [2026-4-20 21:08:07] Send cmd [check version information:40004] OK
[Debug] [2026-4-20 21:08:07] Log::Print : Connect to server[127.0.0.1 : 65420] successfully.
[Debug] [2026-4-20 21:08:09] Send RPC:2
[Debug] [2026-4-20 21:08:09] Send cmd [get_cable_paras:40010] OK
[Debug] [2026-4-20 21:08:09] Begin to send initialize chain cmd...
[Debug] [2026-4-20 21:08:09] Send RPC:3
[Debug] [2026-4-20 21:08:09] Send cmd [Open config cable:20001] OK
[Debug] [2026-4-20 21:08:09] End to send initialize chain cmd.
[Debug] [2026-4-20 21:08:09] COMMAND[check version information] execute successfully, takes 2.8 secs.
[Debug] [2026-4-20 21:08:09] Log::Print : COMMAND[check version information] execute successfully, takes 2.8 secs.
[Debug] [2026-4-20 21:08:13] COMMAND[get_cable_paras] execute successfully, takes 3.4 secs.
[Debug] [2026-4-20 21:08:13] Log::Print : The cable List : 
Cable index 0:USB Cable II/fffffffffffffffe 

[Debug] [2026-4-20 21:08:13] Log::Print : COMMAND[get_cable_paras] execute successfully, takes 3.4 secs.
[Debug] [2026-4-20 21:08:13] begin the exec of open cable cmd...
[Debug] [2026-4-20 21:08:13] Begin to deal with chain from server...
[Debug] [2026-4-20 21:08:13] Begin to set user chain...
[Debug] [2026-4-20 21:08:13] End to set user chain.
[Debug] [2026-4-20 21:08:13] Begin to update graphic item and tree item ...
[Debug] [2026-4-20 21:08:13] End to update graphic item and tree item ...
[Debug] [2026-4-20 21:08:13] Log::Print : PANGO USB CABLE II cable driver: D2XX DLL
[Debug] [2026-4-20 21:08:13] Log::Print : PG2L100H
[Debug] [2026-4-20 21:08:13] Log::Print : This device configure situation (done bit): 1
[Info] [2026-4-20 21:08:16] set OpenLastPath: C:/Users/23694/Desktop/ziguang_project/333/04_camera_pcie_capture_40pin_fmc/project/generate_bitstream/image_pcie_capture.sbit
[Debug] [2026-4-20 21:08:16] begin to get device info from CFG file...
[Debug] [2026-4-20 21:08:16] end to get device info from CFG file...
[Debug] [2026-4-20 21:08:16] Begin to update graphic item and tree item ...
[Debug] [2026-4-20 21:08:16] End to update graphic item and tree item ...
[Debug] [2026-4-20 21:08:16] Begin to update graphic item and tree item ...
[Debug] [2026-4-20 21:08:16] End to update graphic item and tree item ...
[Debug] [2026-4-20 21:08:16] End to deal wiht chain from server.
[Debug] [2026-4-20 21:08:16] end the exec of open cable cmd.
[Debug] [2026-4-20 21:08:16] COMMAND[Open config cable] execute successfully, takes 7.0 secs.
[Debug] [2026-4-20 21:08:16] Log::Print : COMMAND[Open config cable] execute successfully, takes 7.0 secs.
[Debug] [2026-4-20 21:08:19] Begin to Converte file.
[Debug] [2026-4-20 21:08:25] begin to parse sfc file.
[Debug] [2026-4-20 21:08:25] begin to get device info from CFG file...
[Debug] [2026-4-20 21:08:25] end to get device info from CFG file...
[Debug] [2026-4-20 21:08:25] begin to get device info from CFG file...
[Debug] [2026-4-20 21:08:25] end to get device info from CFG file...
[Debug] [2026-4-20 21:08:25] end to parse sfc file.
[Debug] [2026-4-20 21:08:25] Log::Print : The Start Address of bit file C:/Users/23694/Desktop/ziguang_project/333/04_camera_pcie_capture_40pin_fmc/project/generate_bitstream/image_pcie_capture.sbit: 0x0
[Debug] [2026-4-20 21:08:26] End to Converte file.
[Debug] [2026-4-20 21:08:29] Begin to send scan outer flash cmd...
[Debug] [2026-4-20 21:08:29] Send RPC:4
[Debug] [2026-4-20 21:08:29] Send cmd [Scan Outer SPI Flash:20300] OK
[Debug] [2026-4-20 21:08:29] End to send scan outer flash cmd.
[Debug] [2026-4-20 21:08:29] begin to exec scan jtag flash cmd...
[Debug] [2026-4-20 21:08:29] Begin to initialize JtagFlash for selected FPGA Device...
[Debug] [2026-4-20 21:08:29] Begin to update graphic item and tree item ...
[Debug] [2026-4-20 21:08:29] End to update graphic item and tree item ...
[Info] [2026-4-20 21:08:31] set OpenLastPath: C:/Users/23694/Desktop/ziguang_project/333/04_camera_pcie_capture_40pin_fmc/project/generate_bitstream/image_pcie_capture.sfc
[Debug] [2026-4-20 21:08:31] begin to check SFC File and Flash Device Read Mode.
[Debug] [2026-4-20 21:08:31] end to check SFC File and Flash Device Read Mode.
[Debug] [2026-4-20 21:08:31] Begin to update graphic item and tree item ...
[Debug] [2026-4-20 21:08:31] End to update graphic item and tree item ...
[Debug] [2026-4-20 21:08:31] End to initialize OuterFlash for selected FPGA Device...
[Debug] [2026-4-20 21:08:31] end to exec scan jtag flash cmd...
[Debug] [2026-4-20 21:08:31] COMMAND[Scan Outer SPI Flash] execute successfully, takes 2.0 secs.
[Debug] [2026-4-20 21:08:31] Log::Print : COMMAND[Scan Outer SPI Flash] execute successfully, takes 2.0 secs.
[Debug] [2026-4-20 21:08:57] begin to send promgram jtag flash cmd.
[Debug] [2026-4-20 21:08:57] begin to send jtag flash erase cmd
[Debug] [2026-4-20 21:08:57] Send RPC:5
[Debug] [2026-4-20 21:08:57] Begin to send embed flash erase data.
[Debug] [2026-4-20 21:08:57] Begin to send flash erase data.
[Debug] [2026-4-20 21:08:57] End to send flash erase data.
[Debug] [2026-4-20 21:08:57] End to send embed flash erase data.
[Debug] [2026-4-20 21:08:57] Send cmd [Erase Outer Flash:20302] OK
[Debug] [2026-4-20 21:08:57] Log::Print : The start address of operating flash is 0x0.
[Debug] [2026-4-20 21:08:58] The value of Progress is 1
[Debug] [2026-4-20 21:08:59] The value of Progress is 6
[Debug] [2026-4-20 21:09:00] The value of Progress is 11
[Debug] [2026-4-20 21:09:01] The value of Progress is 16
[Debug] [2026-4-20 21:09:02] The value of Progress is 20
[Debug] [2026-4-20 21:09:03] The value of Progress is 25
[Debug] [2026-4-20 21:09:03] The value of Progress is 30
[Debug] [2026-4-20 21:09:05] The value of Progress is 37
[Debug] [2026-4-20 21:09:05] The value of Progress is 41
[Debug] [2026-4-20 21:09:06] The value of Progress is 46
[Debug] [2026-4-20 21:09:07] The value of Progress is 51
[Debug] [2026-4-20 21:09:08] The value of Progress is 55
[Debug] [2026-4-20 21:09:09] The value of Progress is 60
[Debug] [2026-4-20 21:09:10] The value of Progress is 65
[Debug] [2026-4-20 21:09:11] The value of Progress is 72
[Debug] [2026-4-20 21:09:12] The value of Progress is 76
[Debug] [2026-4-20 21:09:13] The value of Progress is 81
[Debug] [2026-4-20 21:09:13] The value of Progress is 86
[Debug] [2026-4-20 21:09:14] The value of Progress is 90
[Debug] [2026-4-20 21:09:15] The value of Progress is 95
[Debug] [2026-4-20 21:09:15] The value of Progress is 100
[Debug] [2026-4-20 21:09:16] COMMAND[Erase Outer Flash] execute finish, takes 18.2 secs.
[Debug] [2026-4-20 21:09:16] end to send jtag flash erase cmd.
[Debug] [2026-4-20 21:09:16] Send RPC:6
[Debug] [2026-4-20 21:09:16] Begin to send jtag flash program data.
[Debug] [2026-4-20 21:09:16] Begin to send flash program data.
[Debug] [2026-4-20 21:09:16] End to send flash program data.
[Debug] [2026-4-20 21:09:16] End to send embed flash program data.
[Debug] [2026-4-20 21:09:16] Send cmd [Program Outer Flash:20301] OK
[Debug] [2026-4-20 21:09:16] Log::Print : COMMAND[Erase Outer Flash] execute finish, takes 18.2 secs.
[Debug] [2026-4-20 21:09:16] Log::Print : The start address of operating flash is 0x0.
[Debug] [2026-4-20 21:09:16] The value of Progress is 1
[Debug] [2026-4-20 21:09:18] The value of Progress is 6
[Debug] [2026-4-20 21:09:20] The value of Progress is 10
[Debug] [2026-4-20 21:09:22] The value of Progress is 15
[Debug] [2026-4-20 21:09:25] The value of Progress is 20
[Debug] [2026-4-20 21:09:27] The value of Progress is 25
[Debug] [2026-4-20 21:09:29] The value of Progress is 30
[Debug] [2026-4-20 21:09:31] The value of Progress is 35
[Debug] [2026-4-20 21:09:34] The value of Progress is 40
[Debug] [2026-4-20 21:09:36] The value of Progress is 45
[Debug] [2026-4-20 21:09:38] The value of Progress is 50
[Debug] [2026-4-20 21:09:40] The value of Progress is 55
[Debug] [2026-4-20 21:09:42] The value of Progress is 60
[Debug] [2026-4-20 21:09:45] The value of Progress is 65
[Debug] [2026-4-20 21:09:47] The value of Progress is 70
[Debug] [2026-4-20 21:09:49] The value of Progress is 75
[Debug] [2026-4-20 21:09:51] The value of Progress is 80
[Debug] [2026-4-20 21:09:54] The value of Progress is 85
[Debug] [2026-4-20 21:09:56] The value of Progress is 90
[Debug] [2026-4-20 21:09:58] The value of Progress is 95
[Debug] [2026-4-20 21:10:00] The value of Progress is 100
[Debug] [2026-4-20 21:10:00] COMMAND[Program Outer Flash] execute finish, takes 44.8 secs.
[Debug] [2026-4-20 21:10:00] begin to send jtag flash verify cmd
[Debug] [2026-4-20 21:10:00] Send RPC:7
[Debug] [2026-4-20 21:10:00] Begin to send embed flash verify data.
[Debug] [2026-4-20 21:10:00] Begin to send flash verify data.
[Debug] [2026-4-20 21:10:00] End to send flash verify data.
[Debug] [2026-4-20 21:10:00] End to send embed flash verify data.
[Debug] [2026-4-20 21:10:00] Send cmd [Verify Outer Flash:20303] OK
[Debug] [2026-4-20 21:10:00] Log::Print : COMMAND[Program Outer Flash] execute finish, takes 44.8 secs.
[Debug] [2026-4-20 21:10:00] Log::Print : The start address of operating flash is 0x0.
[Debug] [2026-4-20 21:10:01] The value of Progress is 1
[Debug] [2026-4-20 21:10:01] The value of Progress is 6
[Debug] [2026-4-20 21:10:01] The value of Progress is 10
[Debug] [2026-4-20 21:10:01] The value of Progress is 15
[Debug] [2026-4-20 21:10:01] The value of Progress is 20
[Debug] [2026-4-20 21:10:01] The value of Progress is 25
[Debug] [2026-4-20 21:10:01] The value of Progress is 30
[Debug] [2026-4-20 21:10:02] The value of Progress is 35
[Debug] [2026-4-20 21:10:02] The value of Progress is 40
[Debug] [2026-4-20 21:10:02] The value of Progress is 45
[Debug] [2026-4-20 21:10:02] The value of Progress is 50
[Debug] [2026-4-20 21:10:02] The value of Progress is 55
[Debug] [2026-4-20 21:10:02] The value of Progress is 60
[Debug] [2026-4-20 21:10:02] The value of Progress is 65
[Debug] [2026-4-20 21:10:03] The value of Progress is 70
[Debug] [2026-4-20 21:10:03] The value of Progress is 75
[Debug] [2026-4-20 21:10:03] The value of Progress is 80
[Debug] [2026-4-20 21:10:03] The value of Progress is 85
[Debug] [2026-4-20 21:10:03] The value of Progress is 90
[Debug] [2026-4-20 21:10:03] The value of Progress is 95
[Debug] [2026-4-20 21:10:03] The value of Progress is 100
[Debug] [2026-4-20 21:10:04] COMMAND[Verify Outer Flash] execute successfully, takes 3.2 secs.
[Debug] [2026-4-20 21:10:04] end to send jtag flash verify cmd
[Debug] [2026-4-20 21:10:04] end to send jtag flash program cmd.
[Debug] [2026-4-20 21:10:04] Log::Print : COMMAND[Verify Outer Flash] execute successfully, takes 3.2 secs.
[Info] [2026-4-20 21:36:53] /***************************End Configration***************************/
[Info] [2026-4-21 19:20:00] /***************************Start Configuration***************************/
[Info] [2026-4-21 19:20:00] Path: F:/PDS_2022.2-SP6.4/bin
[Info] [2026-4-21 19:20:00] Version: 146967
[Info] [2026-4-21 19:20:01] Current Path: C:/Users/23694/Desktop/ziguang_project/333/04_camera_pcie_capture_40pin_fmc/project
[Info] [2026-4-21 19:20:01] PDS Dir Path: C:/Users/23694/Desktop/ziguang_project/333/04_camera_pcie_capture_40pin_fmc/project
[Info] [2026-4-21 19:20:05] Configuration is not connect with server. connect first then scan chain.
[Debug] [2026-4-21 19:20:05] Client Local host name:xufei
[Debug] [2026-4-21 19:20:05] Client Local Address:192.168.83.1
[Debug] [2026-4-21 19:20:05] Client Local Address:192.168.189.1
[Debug] [2026-4-21 19:20:05] Client Local Address:172.16.209.126
[Debug] [2026-4-21 19:20:05] Server Address:127.0.0.1, Port:65420
[Debug] [2026-4-21 19:20:05] Log::Print : Connecting to server[127.0.0.1 : 65420].
[Info] [2026-4-21 19:20:06] Connect OK, Server: 127.0.0.1  Port: 65420
[Debug] [2026-4-21 19:20:06] Finish.
[Info] [2026-4-21 19:20:06] Connect server succeeded
[Debug] [2026-4-21 19:20:06] Send RPC:1
[Debug] [2026-4-21 19:20:06] Send cmd [check version information:40004] OK
[Debug] [2026-4-21 19:20:06] Log::Print : Connect to server[127.0.0.1 : 65420] successfully.
[Debug] [2026-4-21 19:20:09] Send RPC:2
[Debug] [2026-4-21 19:20:09] Send cmd [get_cable_paras:40010] OK
[Debug] [2026-4-21 19:20:09] Begin to send initialize chain cmd...
[Debug] [2026-4-21 19:20:09] Send RPC:3
[Debug] [2026-4-21 19:20:09] Send cmd [Open config cable:20001] OK
[Debug] [2026-4-21 19:20:09] End to send initialize chain cmd.
[Debug] [2026-4-21 19:20:09] COMMAND[check version information] execute successfully, takes 3.1 secs.
[Debug] [2026-4-21 19:20:09] Log::Print : COMMAND[check version information] execute successfully, takes 3.1 secs.
[Debug] [2026-4-21 19:20:13] COMMAND[get_cable_paras] execute successfully, takes 4.0 secs.
[Debug] [2026-4-21 19:20:13] Log::Print : The cable List : 
Cable index 0:USB Cable II/fffffffffffffffe 

[Debug] [2026-4-21 19:20:13] Log::Print : COMMAND[get_cable_paras] execute successfully, takes 4.0 secs.
[Debug] [2026-4-21 19:20:13] begin the exec of open cable cmd...
[Debug] [2026-4-21 19:20:13] Begin to deal with chain from server...
[Debug] [2026-4-21 19:20:13] Begin to set user chain...
[Debug] [2026-4-21 19:20:13] End to set user chain.
[Debug] [2026-4-21 19:20:13] Begin to update graphic item and tree item ...
[Debug] [2026-4-21 19:20:13] End to update graphic item and tree item ...
[Debug] [2026-4-21 19:20:13] Log::Print : PANGO USB CABLE II cable driver: D2XX DLL
[Debug] [2026-4-21 19:20:13] Log::Print : PG2L100H
[Debug] [2026-4-21 19:20:13] Log::Print : This device configure situation (done bit): 1
[Info] [2026-4-21 19:20:31] set OpenLastPath: H:/4.21_test_bit/generate_bitstream/image_pcie_capture.sbit
[Debug] [2026-4-21 19:20:31] begin to get device info from CFG file...
[Debug] [2026-4-21 19:20:31] end to get device info from CFG file...
[Debug] [2026-4-21 19:20:31] Begin to update graphic item and tree item ...
[Debug] [2026-4-21 19:20:31] End to update graphic item and tree item ...
[Debug] [2026-4-21 19:20:31] Begin to update graphic item and tree item ...
[Debug] [2026-4-21 19:20:31] End to update graphic item and tree item ...
[Debug] [2026-4-21 19:20:31] End to deal wiht chain from server.
[Debug] [2026-4-21 19:20:31] end the exec of open cable cmd.
[Debug] [2026-4-21 19:20:31] COMMAND[Open config cable] execute successfully, takes 22.3 secs.
[Debug] [2026-4-21 19:20:31] Log::Print : COMMAND[Open config cable] execute successfully, takes 22.3 secs.
[Debug] [2026-4-21 19:20:34] Begin to Converte file.
[Debug] [2026-4-21 19:20:50] begin to parse sfc file.
[Debug] [2026-4-21 19:20:50] begin to get device info from CFG file...
[Debug] [2026-4-21 19:20:50] end to get device info from CFG file...
[Debug] [2026-4-21 19:20:50] begin to get device info from CFG file...
[Debug] [2026-4-21 19:20:50] end to get device info from CFG file...
[Debug] [2026-4-21 19:20:51] end to parse sfc file.
[Debug] [2026-4-21 19:20:51] Log::Print : The Start Address of bit file H:/4.21_test_bit/generate_bitstream/image_pcie_capture.sbit: 0x0
[Debug] [2026-4-21 19:20:52] End to Converte file.
[Debug] [2026-4-21 19:20:54] Begin to send scan outer flash cmd...
[Debug] [2026-4-21 19:20:54] Send RPC:4
[Debug] [2026-4-21 19:20:54] Send cmd [Scan Outer SPI Flash:20300] OK
[Debug] [2026-4-21 19:20:54] End to send scan outer flash cmd.
[Debug] [2026-4-21 19:20:55] begin to exec scan jtag flash cmd...
[Debug] [2026-4-21 19:20:55] Begin to initialize JtagFlash for selected FPGA Device...
[Debug] [2026-4-21 19:20:55] Begin to update graphic item and tree item ...
[Debug] [2026-4-21 19:20:55] End to update graphic item and tree item ...
[Info] [2026-4-21 19:20:58] set OpenLastPath: H:/4.21_test_bit/generate_bitstream/image_pcie_capture.sfc
[Debug] [2026-4-21 19:20:58] begin to check SFC File and Flash Device Read Mode.
[Debug] [2026-4-21 19:20:58] end to check SFC File and Flash Device Read Mode.
[Debug] [2026-4-21 19:20:58] Begin to update graphic item and tree item ...
[Debug] [2026-4-21 19:20:58] End to update graphic item and tree item ...
[Debug] [2026-4-21 19:20:58] End to initialize OuterFlash for selected FPGA Device...
[Debug] [2026-4-21 19:20:58] end to exec scan jtag flash cmd...
[Debug] [2026-4-21 19:20:58] COMMAND[Scan Outer SPI Flash] execute successfully, takes 3.6 secs.
[Debug] [2026-4-21 19:20:58] Log::Print : COMMAND[Scan Outer SPI Flash] execute successfully, takes 3.6 secs.
[Debug] [2026-4-21 19:20:59] begin to send promgram jtag flash cmd.
[Debug] [2026-4-21 19:20:59] begin to send jtag flash erase cmd
[Debug] [2026-4-21 19:20:59] Send RPC:5
[Debug] [2026-4-21 19:20:59] Begin to send embed flash erase data.
[Debug] [2026-4-21 19:20:59] Begin to send flash erase data.
[Debug] [2026-4-21 19:20:59] End to send flash erase data.
[Debug] [2026-4-21 19:20:59] End to send embed flash erase data.
[Debug] [2026-4-21 19:20:59] Send cmd [Erase Outer Flash:20302] OK
[Debug] [2026-4-21 19:20:59] Log::Print : The start address of operating flash is 0x0.
[Debug] [2026-4-21 19:20:59] The value of Progress is 1
[Debug] [2026-4-21 19:21:01] The value of Progress is 6
[Debug] [2026-4-21 19:21:02] The value of Progress is 11
[Debug] [2026-4-21 19:21:03] The value of Progress is 15
[Debug] [2026-4-21 19:21:04] The value of Progress is 20
[Debug] [2026-4-21 19:21:04] The value of Progress is 25
[Debug] [2026-4-21 19:21:06] The value of Progress is 31
[Debug] [2026-4-21 19:21:06] The value of Progress is 36
[Debug] [2026-4-21 19:21:07] The value of Progress is 40
[Debug] [2026-4-21 19:21:08] The value of Progress is 45
[Debug] [2026-4-21 19:21:09] The value of Progress is 50
[Debug] [2026-4-21 19:21:10] The value of Progress is 56
[Debug] [2026-4-21 19:21:11] The value of Progress is 61
[Debug] [2026-4-21 19:21:12] The value of Progress is 65
[Debug] [2026-4-21 19:21:13] The value of Progress is 70
[Debug] [2026-4-21 19:21:14] The value of Progress is 75
[Debug] [2026-4-21 19:21:15] The value of Progress is 81
[Debug] [2026-4-21 19:21:16] The value of Progress is 86
[Debug] [2026-4-21 19:21:17] The value of Progress is 90
[Debug] [2026-4-21 19:21:17] The value of Progress is 95
[Debug] [2026-4-21 19:21:18] The value of Progress is 100
[Debug] [2026-4-21 19:21:18] COMMAND[Erase Outer Flash] execute finish, takes 18.7 secs.
[Debug] [2026-4-21 19:21:18] end to send jtag flash erase cmd.
[Debug] [2026-4-21 19:21:18] Send RPC:6
[Debug] [2026-4-21 19:21:18] Begin to send jtag flash program data.
[Debug] [2026-4-21 19:21:18] Begin to send flash program data.
[Debug] [2026-4-21 19:21:18] End to send flash program data.
[Debug] [2026-4-21 19:21:18] End to send embed flash program data.
[Debug] [2026-4-21 19:21:18] Send cmd [Program Outer Flash:20301] OK
[Debug] [2026-4-21 19:21:18] Log::Print : COMMAND[Erase Outer Flash] execute finish, takes 18.7 secs.
[Debug] [2026-4-21 19:21:18] Log::Print : The start address of operating flash is 0x0.
[Debug] [2026-4-21 19:21:18] The value of Progress is 1
[Debug] [2026-4-21 19:21:22] The value of Progress is 6
[Debug] [2026-4-21 19:21:24] The value of Progress is 10
[Debug] [2026-4-21 19:21:27] The value of Progress is 15
[Debug] [2026-4-21 19:21:30] The value of Progress is 20
[Debug] [2026-4-21 19:21:32] The value of Progress is 25
[Debug] [2026-4-21 19:21:35] The value of Progress is 30
[Debug] [2026-4-21 19:21:37] The value of Progress is 35
[Debug] [2026-4-21 19:21:42] The value of Progress is 40
[Debug] [2026-4-21 19:21:44] The value of Progress is 45
[Debug] [2026-4-21 19:21:46] The value of Progress is 50
[Debug] [2026-4-21 19:21:49] The value of Progress is 55
[Debug] [2026-4-21 19:21:52] The value of Progress is 60
[Debug] [2026-4-21 19:21:54] The value of Progress is 65
[Debug] [2026-4-21 19:21:57] The value of Progress is 70
[Debug] [2026-4-21 19:21:59] The value of Progress is 75
[Debug] [2026-4-21 19:22:02] The value of Progress is 80
[Debug] [2026-4-21 19:22:05] The value of Progress is 85
[Debug] [2026-4-21 19:22:08] The value of Progress is 90
[Debug] [2026-4-21 19:22:10] The value of Progress is 95
[Debug] [2026-4-21 19:22:13] The value of Progress is 100
[Debug] [2026-4-21 19:22:13] COMMAND[Program Outer Flash] execute finish, takes 54.9 secs.
[Debug] [2026-4-21 19:22:13] begin to send jtag flash verify cmd
[Debug] [2026-4-21 19:22:13] Send RPC:7
[Debug] [2026-4-21 19:22:13] Begin to send embed flash verify data.
[Debug] [2026-4-21 19:22:13] Begin to send flash verify data.
[Debug] [2026-4-21 19:22:13] End to send flash verify data.
[Debug] [2026-4-21 19:22:13] End to send embed flash verify data.
[Debug] [2026-4-21 19:22:13] Send cmd [Verify Outer Flash:20303] OK
[Debug] [2026-4-21 19:22:13] Log::Print : COMMAND[Program Outer Flash] execute finish, takes 54.9 secs.
[Debug] [2026-4-21 19:22:13] Log::Print : The start address of operating flash is 0x0.
[Debug] [2026-4-21 19:22:13] The value of Progress is 1
[Debug] [2026-4-21 19:22:13] The value of Progress is 6
[Debug] [2026-4-21 19:22:13] The value of Progress is 10
[Debug] [2026-4-21 19:22:14] The value of Progress is 15
[Debug] [2026-4-21 19:22:14] The value of Progress is 20
[Debug] [2026-4-21 19:22:14] The value of Progress is 25
[Debug] [2026-4-21 19:22:14] The value of Progress is 30
[Debug] [2026-4-21 19:22:14] The value of Progress is 35
[Debug] [2026-4-21 19:22:14] The value of Progress is 40
[Debug] [2026-4-21 19:22:14] The value of Progress is 45
[Debug] [2026-4-21 19:22:15] The value of Progress is 50
[Debug] [2026-4-21 19:22:15] The value of Progress is 55
[Debug] [2026-4-21 19:22:15] The value of Progress is 60
[Debug] [2026-4-21 19:22:15] The value of Progress is 65
[Debug] [2026-4-21 19:22:15] The value of Progress is 70
[Debug] [2026-4-21 19:22:15] The value of Progress is 75
[Debug] [2026-4-21 19:22:15] The value of Progress is 80
[Debug] [2026-4-21 19:22:16] The value of Progress is 85
[Debug] [2026-4-21 19:22:16] The value of Progress is 90
[Debug] [2026-4-21 19:22:16] The value of Progress is 95
[Debug] [2026-4-21 19:22:16] The value of Progress is 100
[Debug] [2026-4-21 19:22:16] COMMAND[Verify Outer Flash] execute successfully, takes 3.2 secs.
[Debug] [2026-4-21 19:22:16] end to send jtag flash verify cmd
[Debug] [2026-4-21 19:22:16] end to send jtag flash program cmd.
[Debug] [2026-4-21 19:22:16] Log::Print : COMMAND[Verify Outer Flash] execute successfully, takes 3.2 secs.
[Debug] [2026-4-21 21:49:49] Begin to send initialize chain cmd...
[Debug] [2026-4-21 21:49:49] Send RPC:8
[Debug] [2026-4-21 21:49:49] Send cmd [Open config cable:20001] OK
[Debug] [2026-4-21 21:49:49] End to send initialize chain cmd.
[Error] [2026-4-21 21:49:49] fail to exec Open config cable cmd...
[Error] [2026-4-21 21:49:49] MsgOut: JtagServer-0001: No PANGO USB CABLE II cable was found in system.
[Error] [2026-4-21 21:49:49] MsgOut: JtagServer-0306: No devices detected while scanning the JTAG chain, failed detecting JTAG device chain.
[Warn] [2026-4-21 21:49:49] MsgOut: Please check the device power, cable connection situation and whether put the chip in the right way or not.
   If these do not work, try to restart the software.
[Error] [2026-4-21 21:49:49] MsgOut: Configuration-0008: The command 'Open config cable' execute fail.
[Debug] [2026-4-21 21:50:14] Begin to Converte file.
[Debug] [2026-4-21 21:50:14] End to Converte file.
[Debug] [2026-4-21 21:50:36] begin to parse sfc file.
[Debug] [2026-4-21 21:50:36] begin to get device info from CFG file...
[Debug] [2026-4-21 21:50:36] end to get device info from CFG file...
[Debug] [2026-4-21 21:50:36] begin to get device info from CFG file...
[Debug] [2026-4-21 21:50:36] end to get device info from CFG file...
[Debug] [2026-4-21 21:50:36] end to parse sfc file.
[Debug] [2026-4-21 21:50:36] Log::Print : The Start Address of bit file C:/Users/23694/Desktop/ziguang_project/333/04_camera_pcie_capture_40pin_fmc/project/generate_bitstream/image_pcie_capture.sbit: 0x0
[Debug] [2026-4-21 21:50:46] begin to send jtag flash erase cmd
[Debug] [2026-4-21 21:50:46] Send RPC:9
[Debug] [2026-4-21 21:50:46] Begin to send embed flash erase data.
[Debug] [2026-4-21 21:50:46] Begin to send flash erase data.
[Debug] [2026-4-21 21:50:46] End to send flash erase data.
[Debug] [2026-4-21 21:50:46] End to send embed flash erase data.
[Debug] [2026-4-21 21:50:46] Send cmd [Erase Outer Flash:20302] OK
[Debug] [2026-4-21 21:50:46] Log::Print : The start address of operating flash is 0x0.
[Debug] [2026-4-21 21:50:46] The value of Progress is 1
[Debug] [2026-4-21 21:50:46] The value of Progress is 100
[Debug] [2026-4-21 21:50:47] COMMAND[Erase Outer Flash] execute finish, takes 0.5 secs.
[Debug] [2026-4-21 21:50:47] end to send jtag flash erase cmd.
[Debug] [2026-4-21 21:50:47] Log::Print : COMMAND[Erase Outer Flash] execute finish, takes 0.5 secs.
[Info] [2026-4-21 21:50:56] /***************************End Configration***************************/
[Info] [2026-4-21 21:50:57] /***************************Start Configuration***************************/
[Info] [2026-4-21 21:50:57] Path: F:/PDS_2022.2-SP6.4/bin
[Info] [2026-4-21 21:50:57] Version: 146967
[Info] [2026-4-21 21:50:58] Current Path: C:/Users/23694/Desktop/ziguang_project/333/04_camera_pcie_capture_40pin_fmc/project
[Info] [2026-4-21 21:50:58] PDS Dir Path: C:/Users/23694/Desktop/ziguang_project/333/04_camera_pcie_capture_40pin_fmc/project
[Info] [2026-4-21 21:51:01] Configuration is not connect with server. connect first then scan chain.
[Debug] [2026-4-21 21:51:01] Client Local host name:xufei
[Debug] [2026-4-21 21:51:01] Client Local Address:192.168.83.1
[Debug] [2026-4-21 21:51:01] Client Local Address:192.168.189.1
[Debug] [2026-4-21 21:51:01] Client Local Address:172.16.209.126
[Debug] [2026-4-21 21:51:01] Server Address:127.0.0.1, Port:65420
[Debug] [2026-4-21 21:51:01] Log::Print : Connecting to server[127.0.0.1 : 65420].
[Info] [2026-4-21 21:51:01] Connect OK, Server: 127.0.0.1  Port: 65420
[Debug] [2026-4-21 21:51:01] Finish.
[Info] [2026-4-21 21:51:01] Connect server succeeded
[Debug] [2026-4-21 21:51:01] Send RPC:1
[Debug] [2026-4-21 21:51:01] Send cmd [check version information:40004] OK
[Debug] [2026-4-21 21:51:01] Log::Print : Connect to server[127.0.0.1 : 65420] successfully.
[Debug] [2026-4-21 21:51:04] Send RPC:2
[Debug] [2026-4-21 21:51:04] Send cmd [get_cable_paras:40010] OK
[Debug] [2026-4-21 21:51:04] Begin to send initialize chain cmd...
[Debug] [2026-4-21 21:51:04] Send RPC:3
[Debug] [2026-4-21 21:51:04] Send cmd [Open config cable:20001] OK
[Debug] [2026-4-21 21:51:04] End to send initialize chain cmd.
[Debug] [2026-4-21 21:51:04] COMMAND[check version information] execute successfully, takes 3.0 secs.
[Debug] [2026-4-21 21:51:04] Log::Print : COMMAND[check version information] execute successfully, takes 3.0 secs.
[Debug] [2026-4-21 21:51:08] COMMAND[get_cable_paras] execute successfully, takes 3.6 secs.
[Debug] [2026-4-21 21:51:08] Log::Print : The cable List : 
Cable index 0:USB Cable II/fffffffffffffffe 

[Debug] [2026-4-21 21:51:08] Log::Print : COMMAND[get_cable_paras] execute successfully, takes 3.6 secs.
[Debug] [2026-4-21 21:51:08] begin the exec of open cable cmd...
[Debug] [2026-4-21 21:51:08] Begin to deal with chain from server...
[Debug] [2026-4-21 21:51:08] Begin to set user chain...
[Debug] [2026-4-21 21:51:08] End to set user chain.
[Debug] [2026-4-21 21:51:08] Begin to update graphic item and tree item ...
[Debug] [2026-4-21 21:51:08] End to update graphic item and tree item ...
[Debug] [2026-4-21 21:51:08] Log::Print : PANGO USB CABLE II cable driver: D2XX DLL
[Debug] [2026-4-21 21:51:08] Log::Print : PG2L100H
[Debug] [2026-4-21 21:51:08] Log::Print : This device configure situation (done bit): 1
[Info] [2026-4-21 21:51:10] set OpenLastPath: C:/Users/23694/Desktop/ziguang_project/333/04_camera_pcie_capture_40pin_fmc/project/generate_bitstream/image_pcie_capture.sbit
[Debug] [2026-4-21 21:51:10] begin to get device info from CFG file...
[Debug] [2026-4-21 21:51:10] end to get device info from CFG file...
[Debug] [2026-4-21 21:51:10] Begin to update graphic item and tree item ...
[Debug] [2026-4-21 21:51:10] End to update graphic item and tree item ...
[Debug] [2026-4-21 21:51:10] Begin to update graphic item and tree item ...
[Debug] [2026-4-21 21:51:10] End to update graphic item and tree item ...
[Debug] [2026-4-21 21:51:10] End to deal wiht chain from server.
[Debug] [2026-4-21 21:51:10] end the exec of open cable cmd.
[Debug] [2026-4-21 21:51:10] COMMAND[Open config cable] execute successfully, takes 6.2 secs.
[Debug] [2026-4-21 21:51:10] Log::Print : COMMAND[Open config cable] execute successfully, takes 6.2 secs.
[Debug] [2026-4-21 21:51:13] Begin to send scan outer flash cmd...
[Debug] [2026-4-21 21:51:13] Send RPC:4
[Debug] [2026-4-21 21:51:13] Send cmd [Scan Outer SPI Flash:20300] OK
[Debug] [2026-4-21 21:51:13] End to send scan outer flash cmd.
[Debug] [2026-4-21 21:51:13] begin to exec scan jtag flash cmd...
[Debug] [2026-4-21 21:51:13] Begin to initialize JtagFlash for selected FPGA Device...
[Debug] [2026-4-21 21:51:13] Begin to update graphic item and tree item ...
[Debug] [2026-4-21 21:51:13] End to update graphic item and tree item ...
[Info] [2026-4-21 21:51:15] set OpenLastPath: C:/Users/23694/Desktop/ziguang_project/333/04_camera_pcie_capture_40pin_fmc/project/generate_bitstream/image_pcie_capture.sfc
[Debug] [2026-4-21 21:51:15] begin to check SFC File and Flash Device Read Mode.
[Debug] [2026-4-21 21:51:15] end to check SFC File and Flash Device Read Mode.
[Debug] [2026-4-21 21:51:15] Begin to update graphic item and tree item ...
[Debug] [2026-4-21 21:51:15] End to update graphic item and tree item ...
[Debug] [2026-4-21 21:51:15] End to initialize OuterFlash for selected FPGA Device...
[Debug] [2026-4-21 21:51:15] end to exec scan jtag flash cmd...
[Debug] [2026-4-21 21:51:15] COMMAND[Scan Outer SPI Flash] execute successfully, takes 2.5 secs.
[Debug] [2026-4-21 21:51:15] Log::Print : COMMAND[Scan Outer SPI Flash] execute successfully, takes 2.5 secs.
[Debug] [2026-4-21 21:51:18] begin to send promgram jtag flash cmd.
[Debug] [2026-4-21 21:51:18] begin to send jtag flash erase cmd
[Debug] [2026-4-21 21:51:18] Send RPC:5
[Debug] [2026-4-21 21:51:18] Begin to send embed flash erase data.
[Debug] [2026-4-21 21:51:18] Begin to send flash erase data.
[Debug] [2026-4-21 21:51:18] End to send flash erase data.
[Debug] [2026-4-21 21:51:18] End to send embed flash erase data.
[Debug] [2026-4-21 21:51:18] Send cmd [Erase Outer Flash:20302] OK
[Debug] [2026-4-21 21:51:18] Log::Print : The start address of operating flash is 0x0.
[Debug] [2026-4-21 21:51:18] The value of Progress is 1
[Debug] [2026-4-21 21:51:20] The value of Progress is 6
[Debug] [2026-4-21 21:51:20] The value of Progress is 11
[Debug] [2026-4-21 21:51:21] The value of Progress is 16
[Debug] [2026-4-21 21:51:22] The value of Progress is 20
[Debug] [2026-4-21 21:51:23] The value of Progress is 25
[Debug] [2026-4-21 21:51:24] The value of Progress is 30
[Debug] [2026-4-21 21:51:25] The value of Progress is 37
[Debug] [2026-4-21 21:51:26] The value of Progress is 41
[Debug] [2026-4-21 21:51:27] The value of Progress is 46
[Debug] [2026-4-21 21:51:27] The value of Progress is 51
[Debug] [2026-4-21 21:51:28] The value of Progress is 55
[Debug] [2026-4-21 21:51:29] The value of Progress is 60
[Debug] [2026-4-21 21:51:30] The value of Progress is 65
[Debug] [2026-4-21 21:51:31] The value of Progress is 72
[Debug] [2026-4-21 21:51:32] The value of Progress is 76
[Debug] [2026-4-21 21:51:33] The value of Progress is 81
[Debug] [2026-4-21 21:51:33] The value of Progress is 86
[Debug] [2026-4-21 21:51:34] The value of Progress is 90
[Debug] [2026-4-21 21:51:35] The value of Progress is 95
[Debug] [2026-4-21 21:51:36] The value of Progress is 100
[Debug] [2026-4-21 21:51:36] COMMAND[Erase Outer Flash] execute finish, takes 18.0 secs.
[Debug] [2026-4-21 21:51:36] end to send jtag flash erase cmd.
[Debug] [2026-4-21 21:51:36] Send RPC:6
[Debug] [2026-4-21 21:51:36] Begin to send jtag flash program data.
[Debug] [2026-4-21 21:51:36] Begin to send flash program data.
[Debug] [2026-4-21 21:51:36] End to send flash program data.
[Debug] [2026-4-21 21:51:36] End to send embed flash program data.
[Debug] [2026-4-21 21:51:36] Send cmd [Program Outer Flash:20301] OK
[Debug] [2026-4-21 21:51:36] Log::Print : COMMAND[Erase Outer Flash] execute finish, takes 18.0 secs.
[Debug] [2026-4-21 21:51:36] Log::Print : The start address of operating flash is 0x0.
[Debug] [2026-4-21 21:51:36] The value of Progress is 1
[Debug] [2026-4-21 21:51:38] The value of Progress is 6
[Debug] [2026-4-21 21:51:40] The value of Progress is 10
[Debug] [2026-4-21 21:51:43] The value of Progress is 15
[Debug] [2026-4-21 21:51:45] The value of Progress is 20
[Debug] [2026-4-21 21:51:47] The value of Progress is 25
[Debug] [2026-4-21 21:51:49] The value of Progress is 30
[Debug] [2026-4-21 21:51:52] The value of Progress is 35
[Debug] [2026-4-21 21:51:54] The value of Progress is 40
[Debug] [2026-4-21 21:51:56] The value of Progress is 45
[Debug] [2026-4-21 21:51:59] The value of Progress is 50
[Debug] [2026-4-21 21:52:01] The value of Progress is 55
[Debug] [2026-4-21 21:52:03] The value of Progress is 60
[Debug] [2026-4-21 21:52:06] The value of Progress is 65
[Debug] [2026-4-21 21:52:08] The value of Progress is 70
[Debug] [2026-4-21 21:52:11] The value of Progress is 75
[Debug] [2026-4-21 21:52:13] The value of Progress is 80
[Debug] [2026-4-21 21:52:16] The value of Progress is 85
[Debug] [2026-4-21 21:52:18] The value of Progress is 90
[Debug] [2026-4-21 21:52:20] The value of Progress is 95
[Debug] [2026-4-21 21:52:22] The value of Progress is 100
[Debug] [2026-4-21 21:52:23] COMMAND[Program Outer Flash] execute finish, takes 46.8 secs.
[Debug] [2026-4-21 21:52:23] begin to send jtag flash verify cmd
[Debug] [2026-4-21 21:52:23] Send RPC:7
[Debug] [2026-4-21 21:52:23] Begin to send embed flash verify data.
[Debug] [2026-4-21 21:52:23] Begin to send flash verify data.
[Debug] [2026-4-21 21:52:23] End to send flash verify data.
[Debug] [2026-4-21 21:52:23] End to send embed flash verify data.
[Debug] [2026-4-21 21:52:23] Send cmd [Verify Outer Flash:20303] OK
[Debug] [2026-4-21 21:52:23] Log::Print : COMMAND[Program Outer Flash] execute finish, takes 46.8 secs.
[Debug] [2026-4-21 21:52:23] Log::Print : The start address of operating flash is 0x0.
[Debug] [2026-4-21 21:52:23] The value of Progress is 1
[Debug] [2026-4-21 21:52:23] The value of Progress is 6
[Debug] [2026-4-21 21:52:23] The value of Progress is 10
[Debug] [2026-4-21 21:52:23] The value of Progress is 15
[Debug] [2026-4-21 21:52:23] The value of Progress is 20
[Debug] [2026-4-21 21:52:23] The value of Progress is 25
[Debug] [2026-4-21 21:52:24] The value of Progress is 30
[Debug] [2026-4-21 21:52:24] The value of Progress is 35
[Debug] [2026-4-21 21:52:24] The value of Progress is 40
[Debug] [2026-4-21 21:52:24] The value of Progress is 45
[Debug] [2026-4-21 21:52:24] The value of Progress is 50
[Debug] [2026-4-21 21:52:24] The value of Progress is 55
[Debug] [2026-4-21 21:52:24] The value of Progress is 60
[Debug] [2026-4-21 21:52:25] The value of Progress is 65
[Debug] [2026-4-21 21:52:25] The value of Progress is 70
[Debug] [2026-4-21 21:52:25] The value of Progress is 75
[Debug] [2026-4-21 21:52:25] The value of Progress is 80
[Debug] [2026-4-21 21:52:25] The value of Progress is 85
[Debug] [2026-4-21 21:52:25] The value of Progress is 90
[Debug] [2026-4-21 21:52:25] The value of Progress is 95
[Debug] [2026-4-21 21:52:26] The value of Progress is 100
[Debug] [2026-4-21 21:52:26] COMMAND[Verify Outer Flash] execute successfully, takes 3.2 secs.
[Debug] [2026-4-21 21:52:26] end to send jtag flash verify cmd
[Debug] [2026-4-21 21:52:26] end to send jtag flash program cmd.
[Debug] [2026-4-21 21:52:26] Log::Print : COMMAND[Verify Outer Flash] execute successfully, takes 3.2 secs.
[Info] [2026-4-21 22:21:34] /***************************End Configration***************************/
[Info] [2026-4-22 10:40:18] /***************************Start Configuration***************************/
[Info] [2026-4-22 10:40:18] Path: F:/PDS_2022.2-SP6.4/bin
[Info] [2026-4-22 10:40:18] Version: 146967
[Info] [2026-4-22 10:40:19] Current Path: C:/Users/23694/Desktop/ziguang_project/333/04_camera_pcie_capture_40pin_fmc/project
[Info] [2026-4-22 10:40:19] PDS Dir Path: C:/Users/23694/Desktop/ziguang_project/333/04_camera_pcie_capture_40pin_fmc/project
[Info] [2026-4-22 10:40:27] Configuration is not connect with server. connect first then scan chain.
[Debug] [2026-4-22 10:40:27] Client Local host name:xufei
[Debug] [2026-4-22 10:40:27] Client Local Address:192.168.83.1
[Debug] [2026-4-22 10:40:27] Client Local Address:192.168.189.1
[Debug] [2026-4-22 10:40:27] Client Local Address:172.16.209.126
[Debug] [2026-4-22 10:40:27] Server Address:127.0.0.1, Port:65420
[Debug] [2026-4-22 10:40:27] Log::Print : Connecting to server[127.0.0.1 : 65420].
[Info] [2026-4-22 10:40:28] Connect OK, Server: 127.0.0.1  Port: 65420
[Debug] [2026-4-22 10:40:28] Finish.
[Info] [2026-4-22 10:40:28] Connect server succeeded
[Debug] [2026-4-22 10:40:28] Send RPC:1
[Debug] [2026-4-22 10:40:28] Send cmd [check version information:40004] OK
[Debug] [2026-4-22 10:40:28] Log::Print : Connect to server[127.0.0.1 : 65420] successfully.
[Debug] [2026-4-22 10:40:31] Send RPC:2
[Debug] [2026-4-22 10:40:31] Send cmd [get_cable_paras:40010] OK
[Debug] [2026-4-22 10:40:31] Begin to send initialize chain cmd...
[Debug] [2026-4-22 10:40:31] Send RPC:3
[Debug] [2026-4-22 10:40:31] Send cmd [Open config cable:20001] OK
[Debug] [2026-4-22 10:40:31] End to send initialize chain cmd.
[Debug] [2026-4-22 10:40:31] COMMAND[check version information] execute successfully, takes 2.9 secs.
[Debug] [2026-4-22 10:40:31] Log::Print : COMMAND[check version information] execute successfully, takes 2.9 secs.
[Debug] [2026-4-22 10:40:34] COMMAND[get_cable_paras] execute successfully, takes 3.5 secs.
[Debug] [2026-4-22 10:40:34] Log::Print : The cable List : 
Cable index 0:USB Cable II/fffffffffffffffe 

[Debug] [2026-4-22 10:40:34] Log::Print : COMMAND[get_cable_paras] execute successfully, takes 3.5 secs.
[Debug] [2026-4-22 10:40:35] begin the exec of open cable cmd...
[Debug] [2026-4-22 10:40:35] Begin to deal with chain from server...
[Debug] [2026-4-22 10:40:35] Begin to set user chain...
[Debug] [2026-4-22 10:40:35] End to set user chain.
[Debug] [2026-4-22 10:40:35] Begin to update graphic item and tree item ...
[Debug] [2026-4-22 10:40:35] End to update graphic item and tree item ...
[Debug] [2026-4-22 10:40:35] Log::Print : PANGO USB CABLE II cable driver: D2XX DLL
[Debug] [2026-4-22 10:40:35] Log::Print : PG2L100H
[Debug] [2026-4-22 10:40:35] Log::Print : This device configure situation (done bit): 1
[Info] [2026-4-22 10:41:42] set OpenLastPath: C:/Users/23694/Desktop/ziguang_project/333/04_camera_pcie_capture_40pin_fmc/project/generate_bitstream/image_pcie_capture.sbit
[Debug] [2026-4-22 10:41:42] begin to get device info from CFG file...
[Debug] [2026-4-22 10:41:42] end to get device info from CFG file...
[Debug] [2026-4-22 10:41:42] Begin to update graphic item and tree item ...
[Debug] [2026-4-22 10:41:42] End to update graphic item and tree item ...
[Debug] [2026-4-22 10:41:42] Begin to update graphic item and tree item ...
[Debug] [2026-4-22 10:41:42] End to update graphic item and tree item ...
[Debug] [2026-4-22 10:41:42] End to deal wiht chain from server.
[Debug] [2026-4-22 10:41:42] end the exec of open cable cmd.
[Debug] [2026-4-22 10:41:42] COMMAND[Open config cable] execute successfully, takes 71.3 secs.
[Debug] [2026-4-22 10:41:42] Log::Print : COMMAND[Open config cable] execute successfully, takes 71.3 secs.
[Debug] [2026-4-22 10:41:45] Begin to Converte file.
[Debug] [2026-4-22 10:41:52] begin to parse sfc file.
[Debug] [2026-4-22 10:41:52] begin to get device info from CFG file...
[Debug] [2026-4-22 10:41:52] end to get device info from CFG file...
[Debug] [2026-4-22 10:41:52] begin to get device info from CFG file...
[Debug] [2026-4-22 10:41:52] end to get device info from CFG file...
[Debug] [2026-4-22 10:41:52] end to parse sfc file.
[Debug] [2026-4-22 10:41:52] Log::Print : The Start Address of bit file C:/Users/23694/Desktop/ziguang_project/333/04_camera_pcie_capture_40pin_fmc/project/generate_bitstream/image_pcie_capture.sbit: 0x0
[Debug] [2026-4-22 10:41:53] End to Converte file.
[Debug] [2026-4-22 10:41:56] Begin to operte outer flash through FPGA...
[Debug] [2026-4-22 10:41:58] Begin to send scan outer flash cmd...
[Debug] [2026-4-22 10:41:58] Send RPC:4
[Debug] [2026-4-22 10:41:58] Send cmd [Scan Outer SPI Flash:20300] OK
[Debug] [2026-4-22 10:41:58] End to send scan outer flash cmd.
[Debug] [2026-4-22 10:41:59] begin to exec scan jtag flash cmd...
[Debug] [2026-4-22 10:41:59] Begin to initialize JtagFlash for selected FPGA Device...
[Debug] [2026-4-22 10:41:59] Begin to update graphic item and tree item ...
[Debug] [2026-4-22 10:41:59] End to update graphic item and tree item ...
[Info] [2026-4-22 10:42:01] set OpenLastPath: C:/Users/23694/Desktop/ziguang_project/333/04_camera_pcie_capture_40pin_fmc/project/generate_bitstream/image_pcie_capture.sfc
[Debug] [2026-4-22 10:42:01] begin to check SFC File and Flash Device Read Mode.
[Debug] [2026-4-22 10:42:01] end to check SFC File and Flash Device Read Mode.
[Debug] [2026-4-22 10:42:01] Begin to update graphic item and tree item ...
[Debug] [2026-4-22 10:42:01] End to update graphic item and tree item ...
[Debug] [2026-4-22 10:42:01] End to initialize OuterFlash for selected FPGA Device...
[Debug] [2026-4-22 10:42:01] end to exec scan jtag flash cmd...
[Debug] [2026-4-22 10:42:01] COMMAND[Scan Outer SPI Flash] execute successfully, takes 2.4 secs.
[Debug] [2026-4-22 10:42:01] Log::Print : COMMAND[Scan Outer SPI Flash] execute successfully, takes 2.4 secs.
[Debug] [2026-4-22 10:42:03] begin to send promgram jtag flash cmd.
[Debug] [2026-4-22 10:42:03] begin to send jtag flash erase cmd
[Debug] [2026-4-22 10:42:03] Send RPC:5
[Debug] [2026-4-22 10:42:03] Begin to send embed flash erase data.
[Debug] [2026-4-22 10:42:03] Begin to send flash erase data.
[Debug] [2026-4-22 10:42:03] End to send flash erase data.
[Debug] [2026-4-22 10:42:03] End to send embed flash erase data.
[Debug] [2026-4-22 10:42:03] Send cmd [Erase Outer Flash:20302] OK
[Debug] [2026-4-22 10:42:03] Log::Print : The start address of operating flash is 0x0.
[Debug] [2026-4-22 10:42:03] The value of Progress is 1
[Debug] [2026-4-22 10:42:04] The value of Progress is 6
[Debug] [2026-4-22 10:42:05] The value of Progress is 11
[Debug] [2026-4-22 10:42:06] The value of Progress is 16
[Debug] [2026-4-22 10:42:07] The value of Progress is 20
[Debug] [2026-4-22 10:42:08] The value of Progress is 25
[Debug] [2026-4-22 10:42:09] The value of Progress is 30
[Debug] [2026-4-22 10:42:10] The value of Progress is 37
[Debug] [2026-4-22 10:42:11] The value of Progress is 41
[Debug] [2026-4-22 10:42:11] The value of Progress is 46
[Debug] [2026-4-22 10:42:12] The value of Progress is 51
[Debug] [2026-4-22 10:42:13] The value of Progress is 55
[Debug] [2026-4-22 10:42:14] The value of Progress is 60
[Debug] [2026-4-22 10:42:15] The value of Progress is 65
[Debug] [2026-4-22 10:42:16] The value of Progress is 72
[Debug] [2026-4-22 10:42:17] The value of Progress is 76
[Debug] [2026-4-22 10:42:18] The value of Progress is 81
[Debug] [2026-4-22 10:42:19] The value of Progress is 86
[Debug] [2026-4-22 10:42:19] The value of Progress is 90
[Debug] [2026-4-22 10:42:20] The value of Progress is 95
[Debug] [2026-4-22 10:42:21] The value of Progress is 100
[Debug] [2026-4-22 10:42:21] COMMAND[Erase Outer Flash] execute finish, takes 18.2 secs.
[Debug] [2026-4-22 10:42:21] end to send jtag flash erase cmd.
[Debug] [2026-4-22 10:42:21] Send RPC:6
[Debug] [2026-4-22 10:42:21] Begin to send jtag flash program data.
[Debug] [2026-4-22 10:42:21] Begin to send flash program data.
[Debug] [2026-4-22 10:42:21] End to send flash program data.
[Debug] [2026-4-22 10:42:21] End to send embed flash program data.
[Debug] [2026-4-22 10:42:21] Send cmd [Program Outer Flash:20301] OK
[Debug] [2026-4-22 10:42:21] Log::Print : COMMAND[Erase Outer Flash] execute finish, takes 18.2 secs.
[Debug] [2026-4-22 10:42:21] Log::Print : The start address of operating flash is 0x0.
[Debug] [2026-4-22 10:42:21] The value of Progress is 1
[Debug] [2026-4-22 10:42:24] The value of Progress is 6
[Debug] [2026-4-22 10:42:25] The value of Progress is 10
[Debug] [2026-4-22 10:42:28] The value of Progress is 15
[Debug] [2026-4-22 10:42:30] The value of Progress is 20
[Debug] [2026-4-22 10:42:32] The value of Progress is 25
[Debug] [2026-4-22 10:42:34] The value of Progress is 30
[Debug] [2026-4-22 10:42:37] The value of Progress is 35
[Debug] [2026-4-22 10:42:39] The value of Progress is 40
[Debug] [2026-4-22 10:42:41] The value of Progress is 45
[Debug] [2026-4-22 10:42:43] The value of Progress is 50
[Debug] [2026-4-22 10:42:46] The value of Progress is 55
[Debug] [2026-4-22 10:42:48] The value of Progress is 60
[Debug] [2026-4-22 10:42:50] The value of Progress is 65
[Debug] [2026-4-22 10:42:52] The value of Progress is 70
[Debug] [2026-4-22 10:42:54] The value of Progress is 75
[Debug] [2026-4-22 10:42:57] The value of Progress is 80
[Debug] [2026-4-22 10:42:59] The value of Progress is 85
[Debug] [2026-4-22 10:43:01] The value of Progress is 90
[Debug] [2026-4-22 10:43:03] The value of Progress is 95
[Debug] [2026-4-22 10:43:05] The value of Progress is 100
[Debug] [2026-4-22 10:43:06] COMMAND[Program Outer Flash] execute finish, takes 44.8 secs.
[Debug] [2026-4-22 10:43:06] begin to send jtag flash verify cmd
[Debug] [2026-4-22 10:43:06] Send RPC:7
[Debug] [2026-4-22 10:43:06] Begin to send embed flash verify data.
[Debug] [2026-4-22 10:43:06] Begin to send flash verify data.
[Debug] [2026-4-22 10:43:06] End to send flash verify data.
[Debug] [2026-4-22 10:43:06] End to send embed flash verify data.
[Debug] [2026-4-22 10:43:06] Send cmd [Verify Outer Flash:20303] OK
[Debug] [2026-4-22 10:43:06] Log::Print : COMMAND[Program Outer Flash] execute finish, takes 44.8 secs.
[Debug] [2026-4-22 10:43:06] Log::Print : The start address of operating flash is 0x0.
[Debug] [2026-4-22 10:43:06] The value of Progress is 1
[Debug] [2026-4-22 10:43:06] The value of Progress is 6
[Debug] [2026-4-22 10:43:06] The value of Progress is 10
[Debug] [2026-4-22 10:43:06] The value of Progress is 15
[Debug] [2026-4-22 10:43:06] The value of Progress is 20
[Debug] [2026-4-22 10:43:06] The value of Progress is 25
[Debug] [2026-4-22 10:43:07] The value of Progress is 30
[Debug] [2026-4-22 10:43:07] The value of Progress is 35
[Debug] [2026-4-22 10:43:07] The value of Progress is 40
[Debug] [2026-4-22 10:43:07] The value of Progress is 45
[Debug] [2026-4-22 10:43:07] The value of Progress is 50
[Debug] [2026-4-22 10:43:07] The value of Progress is 55
[Debug] [2026-4-22 10:43:07] The value of Progress is 60
[Debug] [2026-4-22 10:43:08] The value of Progress is 65
[Debug] [2026-4-22 10:43:08] The value of Progress is 70
[Debug] [2026-4-22 10:43:08] The value of Progress is 75
[Debug] [2026-4-22 10:43:08] The value of Progress is 80
[Debug] [2026-4-22 10:43:08] The value of Progress is 85
[Debug] [2026-4-22 10:43:08] The value of Progress is 90
[Debug] [2026-4-22 10:43:08] The value of Progress is 95
[Debug] [2026-4-22 10:43:09] The value of Progress is 100
[Debug] [2026-4-22 10:43:09] COMMAND[Verify Outer Flash] execute successfully, takes 3.2 secs.
[Debug] [2026-4-22 10:43:09] end to send jtag flash verify cmd
[Debug] [2026-4-22 10:43:09] end to send jtag flash program cmd.
[Debug] [2026-4-22 10:43:09] Log::Print : COMMAND[Verify Outer Flash] execute successfully, takes 3.2 secs.
[Info] [2026-4-22 10:53:57] /***************************End Configration***************************/
[Info] [2026-4-22 17:03:05] /***************************Start Configuration***************************/
[Info] [2026-4-22 17:03:05] Path: F:/PDS_2022.2-SP6.4/bin
[Info] [2026-4-22 17:03:05] Version: 146967
[Info] [2026-4-22 17:03:06] Current Path: C:/Users/23694/Desktop/ziguang_project/333/04_camera_pcie_capture_40pin_fmc/project
[Info] [2026-4-22 17:03:06] PDS Dir Path: C:/Users/23694/Desktop/ziguang_project/333/04_camera_pcie_capture_40pin_fmc/project
[Info] [2026-4-22 17:03:09] Configuration is not connect with server. connect first then scan chain.
[Debug] [2026-4-22 17:03:10] Client Local host name:xufei
[Debug] [2026-4-22 17:03:10] Client Local Address:192.168.83.1
[Debug] [2026-4-22 17:03:10] Client Local Address:192.168.189.1
[Debug] [2026-4-22 17:03:10] Client Local Address:172.16.209.126
[Debug] [2026-4-22 17:03:10] Server Address:127.0.0.1, Port:65420
[Debug] [2026-4-22 17:03:10] Log::Print : Connecting to server[127.0.0.1 : 65420].
[Info] [2026-4-22 17:03:10] Connect OK, Server: 127.0.0.1  Port: 65420
[Debug] [2026-4-22 17:03:10] Finish.
[Info] [2026-4-22 17:03:10] Connect server succeeded
[Debug] [2026-4-22 17:03:10] Send RPC:1
[Debug] [2026-4-22 17:03:10] Send cmd [check version information:40004] OK
[Debug] [2026-4-22 17:03:10] Log::Print : Connect to server[127.0.0.1 : 65420] successfully.
[Debug] [2026-4-22 17:03:13] Send RPC:2
[Debug] [2026-4-22 17:03:13] Send cmd [get_cable_paras:40010] OK
[Debug] [2026-4-22 17:03:13] Begin to send initialize chain cmd...
[Debug] [2026-4-22 17:03:13] Send RPC:3
[Debug] [2026-4-22 17:03:13] Send cmd [Open config cable:20001] OK
[Debug] [2026-4-22 17:03:13] End to send initialize chain cmd.
[Debug] [2026-4-22 17:03:13] COMMAND[check version information] execute successfully, takes 3.0 secs.
[Debug] [2026-4-22 17:03:13] Log::Print : COMMAND[check version information] execute successfully, takes 3.0 secs.
[Debug] [2026-4-22 17:03:17] COMMAND[get_cable_paras] execute successfully, takes 4.0 secs.
[Debug] [2026-4-22 17:03:17] Log::Print : The cable List : 
Cable index 0:USB Cable II/fffffffffffffffe 

[Debug] [2026-4-22 17:03:17] Log::Print : COMMAND[get_cable_paras] execute successfully, takes 4.0 secs.
[Debug] [2026-4-22 17:03:17] begin the exec of open cable cmd...
[Debug] [2026-4-22 17:03:17] Begin to deal with chain from server...
[Debug] [2026-4-22 17:03:17] Begin to set user chain...
[Debug] [2026-4-22 17:03:17] End to set user chain.
[Debug] [2026-4-22 17:03:17] Begin to update graphic item and tree item ...
[Debug] [2026-4-22 17:03:17] End to update graphic item and tree item ...
[Debug] [2026-4-22 17:03:18] Log::Print : PANGO USB CABLE II cable driver: D2XX DLL
[Debug] [2026-4-22 17:03:18] Log::Print : PG2L100H
[Debug] [2026-4-22 17:03:18] Log::Print : This device configure situation (done bit): 1
[Info] [2026-4-22 17:03:27] set OpenLastPath: C:/Users/23694/Desktop/ziguang_project/333/04_camera_pcie_capture_40pin_fmc/project/generate_bitstream/image_pcie_capture.sbit
[Debug] [2026-4-22 17:03:27] begin to get device info from CFG file...
[Debug] [2026-4-22 17:03:27] end to get device info from CFG file...
[Debug] [2026-4-22 17:03:27] Begin to update graphic item and tree item ...
[Debug] [2026-4-22 17:03:27] End to update graphic item and tree item ...
[Debug] [2026-4-22 17:03:27] Begin to update graphic item and tree item ...
[Debug] [2026-4-22 17:03:27] End to update graphic item and tree item ...
[Debug] [2026-4-22 17:03:27] End to deal wiht chain from server.
[Debug] [2026-4-22 17:03:27] end the exec of open cable cmd.
[Debug] [2026-4-22 17:03:27] COMMAND[Open config cable] execute successfully, takes 13.9 secs.
[Debug] [2026-4-22 17:03:27] Log::Print : COMMAND[Open config cable] execute successfully, takes 13.9 secs.
[Debug] [2026-4-22 17:03:32] Begin to send scan outer flash cmd...
[Debug] [2026-4-22 17:03:32] Send RPC:4
[Debug] [2026-4-22 17:03:32] Send cmd [Scan Outer SPI Flash:20300] OK
[Debug] [2026-4-22 17:03:32] End to send scan outer flash cmd.
[Debug] [2026-4-22 17:03:33] begin to exec scan jtag flash cmd...
[Debug] [2026-4-22 17:03:33] Begin to initialize JtagFlash for selected FPGA Device...
[Debug] [2026-4-22 17:03:33] Begin to update graphic item and tree item ...
[Debug] [2026-4-22 17:03:33] End to update graphic item and tree item ...
[Info] [2026-4-22 17:03:35] set OpenLastPath: C:/Users/23694/Desktop/ziguang_project/333/04_camera_pcie_capture_40pin_fmc/project/generate_bitstream/image_pcie_capture.sfc
[Debug] [2026-4-22 17:03:35] begin to check SFC File and Flash Device Read Mode.
[Debug] [2026-4-22 17:03:35] end to check SFC File and Flash Device Read Mode.
[Debug] [2026-4-22 17:03:35] Begin to update graphic item and tree item ...
[Debug] [2026-4-22 17:03:35] End to update graphic item and tree item ...
[Debug] [2026-4-22 17:03:35] End to initialize OuterFlash for selected FPGA Device...
[Debug] [2026-4-22 17:03:35] end to exec scan jtag flash cmd...
[Debug] [2026-4-22 17:03:35] COMMAND[Scan Outer SPI Flash] execute successfully, takes 3.2 secs.
[Debug] [2026-4-22 17:03:35] Log::Print : COMMAND[Scan Outer SPI Flash] execute successfully, takes 3.2 secs.
[Debug] [2026-4-22 17:03:37] begin to send promgram jtag flash cmd.
[Debug] [2026-4-22 17:03:37] begin to send jtag flash erase cmd
[Debug] [2026-4-22 17:03:37] Send RPC:5
[Debug] [2026-4-22 17:03:37] Begin to send embed flash erase data.
[Debug] [2026-4-22 17:03:37] Begin to send flash erase data.
[Debug] [2026-4-22 17:03:37] End to send flash erase data.
[Debug] [2026-4-22 17:03:37] End to send embed flash erase data.
[Debug] [2026-4-22 17:03:37] Send cmd [Erase Outer Flash:20302] OK
[Debug] [2026-4-22 17:03:37] Log::Print : The start address of operating flash is 0x0.
[Debug] [2026-4-22 17:03:37] The value of Progress is 1
[Debug] [2026-4-22 17:03:39] The value of Progress is 6
[Debug] [2026-4-22 17:03:40] The value of Progress is 11
[Debug] [2026-4-22 17:03:40] The value of Progress is 16
[Debug] [2026-4-22 17:03:41] The value of Progress is 20
[Debug] [2026-4-22 17:03:42] The value of Progress is 25
[Debug] [2026-4-22 17:03:43] The value of Progress is 30
[Debug] [2026-4-22 17:03:44] The value of Progress is 37
[Debug] [2026-4-22 17:03:45] The value of Progress is 41
[Debug] [2026-4-22 17:03:46] The value of Progress is 46
[Debug] [2026-4-22 17:03:46] The value of Progress is 51
[Debug] [2026-4-22 17:03:47] The value of Progress is 55
[Debug] [2026-4-22 17:03:48] The value of Progress is 60
[Debug] [2026-4-22 17:03:49] The value of Progress is 65
[Debug] [2026-4-22 17:03:50] The value of Progress is 72
[Debug] [2026-4-22 17:03:51] The value of Progress is 76
[Debug] [2026-4-22 17:03:52] The value of Progress is 81
[Debug] [2026-4-22 17:03:53] The value of Progress is 86
[Debug] [2026-4-22 17:03:53] The value of Progress is 90
[Debug] [2026-4-22 17:03:54] The value of Progress is 95
[Debug] [2026-4-22 17:03:55] The value of Progress is 100
[Debug] [2026-4-22 17:03:55] COMMAND[Erase Outer Flash] execute finish, takes 17.7 secs.
[Debug] [2026-4-22 17:03:55] end to send jtag flash erase cmd.
[Debug] [2026-4-22 17:03:55] Send RPC:6
[Debug] [2026-4-22 17:03:55] Begin to send jtag flash program data.
[Debug] [2026-4-22 17:03:55] Begin to send flash program data.
[Debug] [2026-4-22 17:03:55] End to send flash program data.
[Debug] [2026-4-22 17:03:55] End to send embed flash program data.
[Debug] [2026-4-22 17:03:55] Send cmd [Program Outer Flash:20301] OK
[Debug] [2026-4-22 17:03:55] Log::Print : COMMAND[Erase Outer Flash] execute finish, takes 17.7 secs.
[Debug] [2026-4-22 17:03:55] Log::Print : The start address of operating flash is 0x0.
[Debug] [2026-4-22 17:03:55] The value of Progress is 1
[Debug] [2026-4-22 17:03:58] The value of Progress is 6
[Debug] [2026-4-22 17:03:59] The value of Progress is 10
[Debug] [2026-4-22 17:04:02] The value of Progress is 15
[Debug] [2026-4-22 17:04:04] The value of Progress is 20
[Debug] [2026-4-22 17:04:06] The value of Progress is 25
[Error] [2026-4-22 17:04:10] fail to exec Program Outer Flash cmd...
[Debug] [2026-4-22 17:04:10] end to send jtag flash program cmd.
[Error] [2026-4-22 17:04:10] MsgOut: Configuration-0008: The command 'Program Outer Flash' execute fail.
[Debug] [2026-4-22 17:04:19] begin to send promgram jtag flash cmd.
[Debug] [2026-4-22 17:04:19] begin to send jtag flash erase cmd
[Debug] [2026-4-22 17:04:19] Send RPC:7
[Debug] [2026-4-22 17:04:19] Begin to send embed flash erase data.
[Debug] [2026-4-22 17:04:19] Begin to send flash erase data.
[Debug] [2026-4-22 17:04:19] End to send flash erase data.
[Debug] [2026-4-22 17:04:19] End to send embed flash erase data.
[Debug] [2026-4-22 17:04:19] Send cmd [Erase Outer Flash:20302] OK
[Debug] [2026-4-22 17:04:19] Log::Print : The start address of operating flash is 0x0.
[Debug] [2026-4-22 17:04:22] Begin to send abort process cmd.
[Debug] [2026-4-22 17:04:22] Begin to flush aborting cmd. 
[Debug] [2026-4-22 17:04:22] End to flush aborting cmd. 
[Debug] [2026-4-22 17:04:22] End to send abort process cmd.
[Debug] [2026-4-22 17:04:22] end to send jtag flash erase cmd.
[Error] [2026-4-22 17:04:22] Flash Erasing failed before programming.
[Error] [2026-4-22 17:04:22] MsgOut: Configuration-0005: Try to abort Erasing.
[Error] [2026-4-22 17:04:23] fail to exec Erase Outer Flash cmd...
[Error] [2026-4-22 17:04:23] MsgOut: JtagServer-0306: No devices detected while scanning the JTAG chain, failed detecting JTAG device chain.
[Error] [2026-4-22 17:04:23] MsgOut: Configuration-0008: The command 'Erase Outer Flash' execute fail.
[Debug] [2026-4-22 17:04:55] Begin to send initialize chain cmd...
[Debug] [2026-4-22 17:04:55] Send RPC:8
[Debug] [2026-4-22 17:04:55] Send cmd [Open config cable:20001] OK
[Debug] [2026-4-22 17:04:55] End to send initialize chain cmd.
[Debug] [2026-4-22 17:04:55] begin the exec of open cable cmd...
[Debug] [2026-4-22 17:04:55] Begin to deal with chain from server...
[Debug] [2026-4-22 17:04:55] Begin to set user chain...
[Debug] [2026-4-22 17:04:55] End to set user chain.
[Debug] [2026-4-22 17:04:55] Begin to update graphic item and tree item ...
[Debug] [2026-4-22 17:04:55] End to update graphic item and tree item ...
[Debug] [2026-4-22 17:04:55] Log::Print : PANGO USB CABLE II cable driver: D2XX DLL
[Debug] [2026-4-22 17:04:55] Log::Print : PG2L100H
[Debug] [2026-4-22 17:04:55] Log::Print : This device configure situation (done bit): 0
[Debug] [2026-4-22 17:04:56] selected file name is empty and ignore.
[Debug] [2026-4-22 17:04:56] Begin to update graphic item and tree item ...
[Debug] [2026-4-22 17:04:56] End to update graphic item and tree item ...
[Debug] [2026-4-22 17:04:56] End to deal wiht chain from server.
[Debug] [2026-4-22 17:04:56] end the exec of open cable cmd.
[Debug] [2026-4-22 17:04:56] COMMAND[Open config cable] execute successfully, takes 1.5 secs.
[Debug] [2026-4-22 17:04:56] Log::Print : COMMAND[Open config cable] execute successfully, takes 1.5 secs.
[Debug] [2026-4-22 17:05:03] Begin to send initialize chain cmd...
[Debug] [2026-4-22 17:05:03] Send RPC:9
[Debug] [2026-4-22 17:05:03] Send cmd [Open config cable:20001] OK
[Debug] [2026-4-22 17:05:03] End to send initialize chain cmd.
[Debug] [2026-4-22 17:05:03] begin the exec of open cable cmd...
[Debug] [2026-4-22 17:05:03] Begin to deal with chain from server...
[Debug] [2026-4-22 17:05:03] Begin to set user chain...
[Debug] [2026-4-22 17:05:03] End to set user chain.
[Debug] [2026-4-22 17:05:03] Begin to update graphic item and tree item ...
[Debug] [2026-4-22 17:05:03] End to update graphic item and tree item ...
[Debug] [2026-4-22 17:05:04] Log::Print : PANGO USB CABLE II cable driver: D2XX DLL
[Debug] [2026-4-22 17:05:04] Log::Print : PG2L100H
[Debug] [2026-4-22 17:05:04] Log::Print : This device configure situation (done bit): 0
[Debug] [2026-4-22 17:05:05] selected file name is empty and ignore.
[Debug] [2026-4-22 17:05:05] Begin to update graphic item and tree item ...
[Debug] [2026-4-22 17:05:05] End to update graphic item and tree item ...
[Debug] [2026-4-22 17:05:05] End to deal wiht chain from server.
[Debug] [2026-4-22 17:05:05] end the exec of open cable cmd.
[Debug] [2026-4-22 17:05:05] COMMAND[Open config cable] execute successfully, takes 2.1 secs.
[Debug] [2026-4-22 17:05:05] Log::Print : COMMAND[Open config cable] execute successfully, takes 2.1 secs.
[Debug] [2026-4-22 17:05:06] Begin to send initialize chain cmd...
[Debug] [2026-4-22 17:05:06] Send RPC:10
[Debug] [2026-4-22 17:05:06] Send cmd [Open config cable:20001] OK
[Debug] [2026-4-22 17:05:06] End to send initialize chain cmd.
[Debug] [2026-4-22 17:05:07] begin the exec of open cable cmd...
[Debug] [2026-4-22 17:05:07] Begin to deal with chain from server...
[Debug] [2026-4-22 17:05:07] Begin to set user chain...
[Debug] [2026-4-22 17:05:07] End to set user chain.
[Debug] [2026-4-22 17:05:07] Begin to update graphic item and tree item ...
[Debug] [2026-4-22 17:05:07] End to update graphic item and tree item ...
[Debug] [2026-4-22 17:05:07] Log::Print : PANGO USB CABLE II cable driver: D2XX DLL
[Debug] [2026-4-22 17:05:07] Log::Print : PG2L100H
[Debug] [2026-4-22 17:05:07] Log::Print : This device configure situation (done bit): 0
[Info] [2026-4-22 17:05:08] set OpenLastPath: C:/Users/23694/Desktop/ziguang_project/333/04_camera_pcie_capture_40pin_fmc/project/generate_bitstream/image_pcie_capture.sbit
[Debug] [2026-4-22 17:05:08] begin to get device info from CFG file...
[Debug] [2026-4-22 17:05:08] end to get device info from CFG file...
[Debug] [2026-4-22 17:05:08] Begin to update graphic item and tree item ...
[Debug] [2026-4-22 17:05:08] End to update graphic item and tree item ...
[Debug] [2026-4-22 17:05:08] Begin to update graphic item and tree item ...
[Debug] [2026-4-22 17:05:08] End to update graphic item and tree item ...
[Debug] [2026-4-22 17:05:08] End to deal wiht chain from server.
[Debug] [2026-4-22 17:05:08] end the exec of open cable cmd.
[Debug] [2026-4-22 17:05:08] COMMAND[Open config cable] execute successfully, takes 2.0 secs.
[Debug] [2026-4-22 17:05:08] Log::Print : COMMAND[Open config cable] execute successfully, takes 2.0 secs.
[Debug] [2026-4-22 17:05:12] Begin to send scan outer flash cmd...
[Debug] [2026-4-22 17:05:12] Send RPC:11
[Debug] [2026-4-22 17:05:12] Send cmd [Scan Outer SPI Flash:20300] OK
[Debug] [2026-4-22 17:05:12] End to send scan outer flash cmd.
[Debug] [2026-4-22 17:05:13] begin to exec scan jtag flash cmd...
[Debug] [2026-4-22 17:05:13] Begin to initialize JtagFlash for selected FPGA Device...
[Debug] [2026-4-22 17:05:13] Begin to update graphic item and tree item ...
[Debug] [2026-4-22 17:05:13] End to update graphic item and tree item ...
[Info] [2026-4-22 17:05:15] set OpenLastPath: C:/Users/23694/Desktop/ziguang_project/333/04_camera_pcie_capture_40pin_fmc/project/generate_bitstream/image_pcie_capture.sfc
[Debug] [2026-4-22 17:05:15] begin to check SFC File and Flash Device Read Mode.
[Debug] [2026-4-22 17:05:15] end to check SFC File and Flash Device Read Mode.
[Debug] [2026-4-22 17:05:15] Begin to update graphic item and tree item ...
[Debug] [2026-4-22 17:05:15] End to update graphic item and tree item ...
[Debug] [2026-4-22 17:05:15] End to initialize OuterFlash for selected FPGA Device...
[Debug] [2026-4-22 17:05:15] end to exec scan jtag flash cmd...
[Debug] [2026-4-22 17:05:15] COMMAND[Scan Outer SPI Flash] execute successfully, takes 2.7 secs.
[Debug] [2026-4-22 17:05:15] Log::Print : COMMAND[Scan Outer SPI Flash] execute successfully, takes 2.7 secs.
[Debug] [2026-4-22 17:05:16] begin to send promgram jtag flash cmd.
[Debug] [2026-4-22 17:05:16] begin to send jtag flash erase cmd
[Debug] [2026-4-22 17:05:16] Send RPC:12
[Debug] [2026-4-22 17:05:16] Begin to send embed flash erase data.
[Debug] [2026-4-22 17:05:16] Begin to send flash erase data.
[Debug] [2026-4-22 17:05:16] End to send flash erase data.
[Debug] [2026-4-22 17:05:16] End to send embed flash erase data.
[Debug] [2026-4-22 17:05:16] Send cmd [Erase Outer Flash:20302] OK
[Debug] [2026-4-22 17:05:16] Log::Print : The start address of operating flash is 0x0.
[Debug] [2026-4-22 17:05:17] The value of Progress is 1
[Debug] [2026-4-22 17:05:18] The value of Progress is 6
[Debug] [2026-4-22 17:05:19] The value of Progress is 11
[Debug] [2026-4-22 17:05:20] The value of Progress is 16
[Debug] [2026-4-22 17:05:21] The value of Progress is 20
[Debug] [2026-4-22 17:05:21] The value of Progress is 25
[Debug] [2026-4-22 17:05:22] The value of Progress is 30
[Debug] [2026-4-22 17:05:24] The value of Progress is 37
[Debug] [2026-4-22 17:05:24] The value of Progress is 41
[Debug] [2026-4-22 17:05:25] The value of Progress is 46
[Debug] [2026-4-22 17:05:26] The value of Progress is 51
[Debug] [2026-4-22 17:05:27] The value of Progress is 55
[Debug] [2026-4-22 17:05:28] The value of Progress is 60
[Debug] [2026-4-22 17:05:28] The value of Progress is 65
[Debug] [2026-4-22 17:05:30] The value of Progress is 72
[Debug] [2026-4-22 17:05:31] The value of Progress is 76
[Debug] [2026-4-22 17:05:31] The value of Progress is 81
[Debug] [2026-4-22 17:05:32] The value of Progress is 86
[Debug] [2026-4-22 17:05:33] The value of Progress is 90
[Debug] [2026-4-22 17:05:34] The value of Progress is 95
[Debug] [2026-4-22 17:05:34] The value of Progress is 100
[Debug] [2026-4-22 17:05:34] COMMAND[Erase Outer Flash] execute finish, takes 17.9 secs.
[Debug] [2026-4-22 17:05:34] end to send jtag flash erase cmd.
[Debug] [2026-4-22 17:05:34] Send RPC:13
[Debug] [2026-4-22 17:05:34] Begin to send jtag flash program data.
[Debug] [2026-4-22 17:05:34] Begin to send flash program data.
[Debug] [2026-4-22 17:05:34] End to send flash program data.
[Debug] [2026-4-22 17:05:34] End to send embed flash program data.
[Debug] [2026-4-22 17:05:34] Send cmd [Program Outer Flash:20301] OK
[Debug] [2026-4-22 17:05:34] Log::Print : COMMAND[Erase Outer Flash] execute finish, takes 17.9 secs.
[Debug] [2026-4-22 17:05:34] Log::Print : The start address of operating flash is 0x0.
[Debug] [2026-4-22 17:05:34] The value of Progress is 1
[Debug] [2026-4-22 17:05:37] The value of Progress is 6
[Debug] [2026-4-22 17:05:39] The value of Progress is 10
[Debug] [2026-4-22 17:05:41] The value of Progress is 15
[Debug] [2026-4-22 17:05:44] The value of Progress is 20
[Debug] [2026-4-22 17:05:47] The value of Progress is 25
[Debug] [2026-4-22 17:05:50] The value of Progress is 30
[Debug] [2026-4-22 17:05:54] The value of Progress is 35
[Debug] [2026-4-22 17:05:57] The value of Progress is 40
[Debug] [2026-4-22 17:06:00] The value of Progress is 45
[Debug] [2026-4-22 17:06:03] The value of Progress is 50
[Debug] [2026-4-22 17:06:06] The value of Progress is 55
[Debug] [2026-4-22 17:06:08] The value of Progress is 60
[Debug] [2026-4-22 17:06:10] The value of Progress is 65
[Debug] [2026-4-22 17:06:13] The value of Progress is 70
[Debug] [2026-4-22 17:06:15] The value of Progress is 75
[Debug] [2026-4-22 17:06:17] The value of Progress is 80
[Debug] [2026-4-22 17:06:19] The value of Progress is 85
[Debug] [2026-4-22 17:06:22] The value of Progress is 90
[Debug] [2026-4-22 17:06:24] The value of Progress is 95
[Debug] [2026-4-22 17:06:26] The value of Progress is 100
[Debug] [2026-4-22 17:06:26] COMMAND[Program Outer Flash] execute finish, takes 52.1 secs.
[Debug] [2026-4-22 17:06:26] begin to send jtag flash verify cmd
[Debug] [2026-4-22 17:06:26] Send RPC:14
[Debug] [2026-4-22 17:06:26] Begin to send embed flash verify data.
[Debug] [2026-4-22 17:06:26] Begin to send flash verify data.
[Debug] [2026-4-22 17:06:26] End to send flash verify data.
[Debug] [2026-4-22 17:06:26] End to send embed flash verify data.
[Debug] [2026-4-22 17:06:26] Send cmd [Verify Outer Flash:20303] OK
[Debug] [2026-4-22 17:06:26] Log::Print : COMMAND[Program Outer Flash] execute finish, takes 52.1 secs.
[Debug] [2026-4-22 17:06:26] Log::Print : The start address of operating flash is 0x0.
[Debug] [2026-4-22 17:06:27] The value of Progress is 1
[Debug] [2026-4-22 17:06:27] The value of Progress is 6
[Debug] [2026-4-22 17:06:27] The value of Progress is 10
[Debug] [2026-4-22 17:06:27] The value of Progress is 15
[Debug] [2026-4-22 17:06:27] The value of Progress is 20
[Debug] [2026-4-22 17:06:27] The value of Progress is 25
[Debug] [2026-4-22 17:06:27] The value of Progress is 30
[Debug] [2026-4-22 17:06:28] The value of Progress is 35
[Debug] [2026-4-22 17:06:28] The value of Progress is 40
[Debug] [2026-4-22 17:06:28] The value of Progress is 45
[Debug] [2026-4-22 17:06:28] The value of Progress is 50
[Debug] [2026-4-22 17:06:28] The value of Progress is 55
[Debug] [2026-4-22 17:06:28] The value of Progress is 60
[Debug] [2026-4-22 17:06:28] The value of Progress is 65
[Debug] [2026-4-22 17:06:29] The value of Progress is 70
[Debug] [2026-4-22 17:06:29] The value of Progress is 75
[Debug] [2026-4-22 17:06:29] The value of Progress is 80
[Debug] [2026-4-22 17:06:29] The value of Progress is 85
[Debug] [2026-4-22 17:06:29] The value of Progress is 90
[Debug] [2026-4-22 17:06:29] The value of Progress is 95
[Debug] [2026-4-22 17:06:29] The value of Progress is 100
[Debug] [2026-4-22 17:06:29] COMMAND[Verify Outer Flash] execute successfully, takes 3.0 secs.
[Debug] [2026-4-22 17:06:29] end to send jtag flash verify cmd
[Debug] [2026-4-22 17:06:29] end to send jtag flash program cmd.
[Debug] [2026-4-22 17:06:29] Log::Print : COMMAND[Verify Outer Flash] execute successfully, takes 3.0 secs.
[Info] [2026-4-22 17:09:36] /***************************End Configration***************************/
[Info] [2026-4-22 17:09:53] /***************************Start Configuration***************************/
[Info] [2026-4-22 17:09:53] Path: F:/PDS_2022.2-SP6.4/bin
[Info] [2026-4-22 17:09:53] Version: 146967
[Info] [2026-4-22 17:09:54] Current Path: C:/Users/23694/Desktop/ziguang_project/333/04_camera_pcie_capture_40pin_fmc/project
[Info] [2026-4-22 17:09:54] PDS Dir Path: C:/Users/23694/Desktop/ziguang_project/333/04_camera_pcie_capture_40pin_fmc/project
[Info] [2026-4-22 17:09:56] Configuration is not connect with server. connect first then scan chain.
[Debug] [2026-4-22 17:09:56] Client Local host name:xufei
[Debug] [2026-4-22 17:09:56] Client Local Address:192.168.83.1
[Debug] [2026-4-22 17:09:56] Client Local Address:192.168.189.1
[Debug] [2026-4-22 17:09:56] Client Local Address:172.16.209.126
[Debug] [2026-4-22 17:09:56] Server Address:127.0.0.1, Port:65420
[Debug] [2026-4-22 17:09:56] Log::Print : Connecting to server[127.0.0.1 : 65420].
[Info] [2026-4-22 17:09:56] Connect OK, Server: 127.0.0.1  Port: 65420
[Debug] [2026-4-22 17:09:56] Finish.
[Info] [2026-4-22 17:09:56] Connect server succeeded
[Debug] [2026-4-22 17:09:56] Send RPC:1
[Debug] [2026-4-22 17:09:56] Send cmd [check version information:40004] OK
[Debug] [2026-4-22 17:09:56] Log::Print : Connect to server[127.0.0.1 : 65420] successfully.
[Debug] [2026-4-22 17:09:59] Send RPC:2
[Debug] [2026-4-22 17:09:59] Send cmd [get_cable_paras:40010] OK
[Debug] [2026-4-22 17:09:59] Begin to send initialize chain cmd...
[Debug] [2026-4-22 17:09:59] Send RPC:3
[Debug] [2026-4-22 17:09:59] Send cmd [Open config cable:20001] OK
[Debug] [2026-4-22 17:09:59] End to send initialize chain cmd.
[Debug] [2026-4-22 17:09:59] COMMAND[check version information] execute successfully, takes 2.7 secs.
[Debug] [2026-4-22 17:09:59] Log::Print : COMMAND[check version information] execute successfully, takes 2.7 secs.
[Debug] [2026-4-22 17:10:02] COMMAND[get_cable_paras] execute successfully, takes 3.4 secs.
[Debug] [2026-4-22 17:10:02] Log::Print : The cable List : 
Cable index 0:USB Cable II/fffffffffffffffe 

[Debug] [2026-4-22 17:10:02] Log::Print : COMMAND[get_cable_paras] execute successfully, takes 3.4 secs.
[Debug] [2026-4-22 17:10:03] begin the exec of open cable cmd...
[Debug] [2026-4-22 17:10:03] Begin to deal with chain from server...
[Debug] [2026-4-22 17:10:03] Begin to set user chain...
[Debug] [2026-4-22 17:10:03] End to set user chain.
[Debug] [2026-4-22 17:10:03] Begin to update graphic item and tree item ...
[Debug] [2026-4-22 17:10:03] End to update graphic item and tree item ...
[Debug] [2026-4-22 17:10:03] Log::Print : PANGO USB CABLE II cable driver: D2XX DLL
[Debug] [2026-4-22 17:10:03] Log::Print : PG2L100H
[Debug] [2026-4-22 17:10:03] Log::Print : This device configure situation (done bit): 1
[Info] [2026-4-22 17:10:05] set OpenLastPath: C:/Users/23694/Desktop/ziguang_project/333/04_camera_pcie_capture_40pin_fmc/project/generate_bitstream/image_pcie_capture.sbit
[Debug] [2026-4-22 17:10:05] begin to get device info from CFG file...
[Debug] [2026-4-22 17:10:05] end to get device info from CFG file...
[Debug] [2026-4-22 17:10:05] Begin to update graphic item and tree item ...
[Debug] [2026-4-22 17:10:05] End to update graphic item and tree item ...
[Debug] [2026-4-22 17:10:05] Begin to update graphic item and tree item ...
[Debug] [2026-4-22 17:10:05] End to update graphic item and tree item ...
[Debug] [2026-4-22 17:10:05] End to deal wiht chain from server.
[Debug] [2026-4-22 17:10:05] end the exec of open cable cmd.
[Debug] [2026-4-22 17:10:05] COMMAND[Open config cable] execute successfully, takes 6.2 secs.
[Debug] [2026-4-22 17:10:05] Log::Print : COMMAND[Open config cable] execute successfully, takes 6.2 secs.
[Debug] [2026-4-22 17:10:08] Begin to Converte file.
[Debug] [2026-4-22 17:10:18] begin to parse sfc file.
[Debug] [2026-4-22 17:10:18] begin to get device info from CFG file...
[Debug] [2026-4-22 17:10:18] end to get device info from CFG file...
[Debug] [2026-4-22 17:10:18] begin to get device info from CFG file...
[Debug] [2026-4-22 17:10:18] end to get device info from CFG file...
[Debug] [2026-4-22 17:10:18] end to parse sfc file.
[Debug] [2026-4-22 17:10:18] Log::Print : The Start Address of bit file C:/Users/23694/Desktop/ziguang_project/333/04_camera_pcie_capture_40pin_fmc/project/generate_bitstream/image_pcie_capture.sbit: 0x0
[Debug] [2026-4-22 17:10:19] End to Converte file.
[Debug] [2026-4-22 17:10:21] Begin to send scan outer flash cmd...
[Debug] [2026-4-22 17:10:21] Send RPC:4
[Debug] [2026-4-22 17:10:21] Send cmd [Scan Outer SPI Flash:20300] OK
[Debug] [2026-4-22 17:10:21] End to send scan outer flash cmd.
[Debug] [2026-4-22 17:10:21] begin to exec scan jtag flash cmd...
[Debug] [2026-4-22 17:10:21] Begin to initialize JtagFlash for selected FPGA Device...
[Debug] [2026-4-22 17:10:21] Begin to update graphic item and tree item ...
[Debug] [2026-4-22 17:10:21] End to update graphic item and tree item ...
[Info] [2026-4-22 17:10:23] set OpenLastPath: C:/Users/23694/Desktop/ziguang_project/333/04_camera_pcie_capture_40pin_fmc/project/generate_bitstream/image_pcie_capture.sfc
[Debug] [2026-4-22 17:10:23] begin to check SFC File and Flash Device Read Mode.
[Debug] [2026-4-22 17:10:23] end to check SFC File and Flash Device Read Mode.
[Debug] [2026-4-22 17:10:23] Begin to update graphic item and tree item ...
[Debug] [2026-4-22 17:10:23] End to update graphic item and tree item ...
[Debug] [2026-4-22 17:10:23] End to initialize OuterFlash for selected FPGA Device...
[Debug] [2026-4-22 17:10:23] end to exec scan jtag flash cmd...
[Debug] [2026-4-22 17:10:23] COMMAND[Scan Outer SPI Flash] execute successfully, takes 2.1 secs.
[Debug] [2026-4-22 17:10:23] Log::Print : COMMAND[Scan Outer SPI Flash] execute successfully, takes 2.1 secs.
[Debug] [2026-4-22 17:10:25] begin to send promgram jtag flash cmd.
[Debug] [2026-4-22 17:10:25] begin to send jtag flash erase cmd
[Debug] [2026-4-22 17:10:25] Send RPC:5
[Debug] [2026-4-22 17:10:25] Begin to send embed flash erase data.
[Debug] [2026-4-22 17:10:25] Begin to send flash erase data.
[Debug] [2026-4-22 17:10:25] End to send flash erase data.
[Debug] [2026-4-22 17:10:25] End to send embed flash erase data.
[Debug] [2026-4-22 17:10:25] Send cmd [Erase Outer Flash:20302] OK
[Debug] [2026-4-22 17:10:25] Log::Print : The start address of operating flash is 0x0.
[Debug] [2026-4-22 17:10:25] The value of Progress is 1
[Debug] [2026-4-22 17:10:26] The value of Progress is 6
[Debug] [2026-4-22 17:10:27] The value of Progress is 11
[Debug] [2026-4-22 17:10:28] The value of Progress is 16
[Debug] [2026-4-22 17:10:29] The value of Progress is 20
[Debug] [2026-4-22 17:10:30] The value of Progress is 25
[Debug] [2026-4-22 17:10:30] The value of Progress is 30
[Debug] [2026-4-22 17:10:32] The value of Progress is 37
[Debug] [2026-4-22 17:10:32] The value of Progress is 41
[Debug] [2026-4-22 17:10:33] The value of Progress is 46
[Debug] [2026-4-22 17:10:34] The value of Progress is 51
[Debug] [2026-4-22 17:10:35] The value of Progress is 55
[Debug] [2026-4-22 17:10:36] The value of Progress is 60
[Debug] [2026-4-22 17:10:36] The value of Progress is 65
[Debug] [2026-4-22 17:10:38] The value of Progress is 72
[Debug] [2026-4-22 17:10:38] The value of Progress is 76
[Debug] [2026-4-22 17:10:39] The value of Progress is 81
[Debug] [2026-4-22 17:10:40] The value of Progress is 86
[Debug] [2026-4-22 17:10:41] The value of Progress is 90
[Debug] [2026-4-22 17:10:41] The value of Progress is 95
[Debug] [2026-4-22 17:10:42] The value of Progress is 100
[Debug] [2026-4-22 17:10:42] COMMAND[Erase Outer Flash] execute finish, takes 17.4 secs.
[Debug] [2026-4-22 17:10:42] end to send jtag flash erase cmd.
[Debug] [2026-4-22 17:10:42] Send RPC:6
[Debug] [2026-4-22 17:10:42] Begin to send jtag flash program data.
[Debug] [2026-4-22 17:10:42] Begin to send flash program data.
[Debug] [2026-4-22 17:10:42] End to send flash program data.
[Debug] [2026-4-22 17:10:42] End to send embed flash program data.
[Debug] [2026-4-22 17:10:42] Send cmd [Program Outer Flash:20301] OK
[Debug] [2026-4-22 17:10:42] Log::Print : COMMAND[Erase Outer Flash] execute finish, takes 17.4 secs.
[Debug] [2026-4-22 17:10:42] Log::Print : The start address of operating flash is 0x0.
[Debug] [2026-4-22 17:10:42] The value of Progress is 1
[Debug] [2026-4-22 17:10:45] The value of Progress is 6
[Debug] [2026-4-22 17:10:47] The value of Progress is 10
[Debug] [2026-4-22 17:10:49] The value of Progress is 15
[Debug] [2026-4-22 17:10:52] The value of Progress is 20
[Debug] [2026-4-22 17:10:54] The value of Progress is 25
[Debug] [2026-4-22 17:10:56] The value of Progress is 30
[Debug] [2026-4-22 17:10:59] The value of Progress is 35
[Debug] [2026-4-22 17:11:01] The value of Progress is 40
[Debug] [2026-4-22 17:11:04] The value of Progress is 45
[Debug] [2026-4-22 17:11:06] The value of Progress is 50
[Debug] [2026-4-22 17:11:08] The value of Progress is 55
[Debug] [2026-4-22 17:11:11] The value of Progress is 60
[Debug] [2026-4-22 17:11:14] The value of Progress is 65
[Debug] [2026-4-22 17:11:16] The value of Progress is 70
[Debug] [2026-4-22 17:11:19] The value of Progress is 75
[Debug] [2026-4-22 17:11:21] The value of Progress is 80
[Debug] [2026-4-22 17:11:24] The value of Progress is 85
[Debug] [2026-4-22 17:11:26] The value of Progress is 90
[Debug] [2026-4-22 17:11:29] The value of Progress is 95
[Debug] [2026-4-22 17:11:32] The value of Progress is 100
[Debug] [2026-4-22 17:11:32] COMMAND[Program Outer Flash] execute finish, takes 49.6 secs.
[Debug] [2026-4-22 17:11:32] begin to send jtag flash verify cmd
[Debug] [2026-4-22 17:11:32] Send RPC:7
[Debug] [2026-4-22 17:11:32] Begin to send embed flash verify data.
[Debug] [2026-4-22 17:11:32] Begin to send flash verify data.
[Debug] [2026-4-22 17:11:32] End to send flash verify data.
[Debug] [2026-4-22 17:11:32] End to send embed flash verify data.
[Debug] [2026-4-22 17:11:32] Send cmd [Verify Outer Flash:20303] OK
[Debug] [2026-4-22 17:11:32] Log::Print : COMMAND[Program Outer Flash] execute finish, takes 49.6 secs.
[Debug] [2026-4-22 17:11:32] Log::Print : The start address of operating flash is 0x0.
[Debug] [2026-4-22 17:11:32] The value of Progress is 1
[Debug] [2026-4-22 17:11:32] The value of Progress is 6
[Debug] [2026-4-22 17:11:32] The value of Progress is 10
[Debug] [2026-4-22 17:11:32] The value of Progress is 15
[Debug] [2026-4-22 17:11:32] The value of Progress is 20
[Debug] [2026-4-22 17:11:32] The value of Progress is 25
[Debug] [2026-4-22 17:11:33] The value of Progress is 30
[Debug] [2026-4-22 17:11:33] The value of Progress is 35
[Debug] [2026-4-22 17:11:33] The value of Progress is 40
[Debug] [2026-4-22 17:11:33] The value of Progress is 45
[Debug] [2026-4-22 17:11:33] The value of Progress is 50
[Debug] [2026-4-22 17:11:33] The value of Progress is 55
[Debug] [2026-4-22 17:11:33] The value of Progress is 60
[Debug] [2026-4-22 17:11:34] The value of Progress is 65
[Debug] [2026-4-22 17:11:34] The value of Progress is 70
[Debug] [2026-4-22 17:11:34] The value of Progress is 75
[Debug] [2026-4-22 17:11:34] The value of Progress is 80
[Debug] [2026-4-22 17:11:34] The value of Progress is 85
[Debug] [2026-4-22 17:11:34] The value of Progress is 90
[Debug] [2026-4-22 17:11:34] The value of Progress is 95
[Debug] [2026-4-22 17:11:35] The value of Progress is 100
[Debug] [2026-4-22 17:11:35] COMMAND[Verify Outer Flash] execute successfully, takes 3.0 secs.
[Debug] [2026-4-22 17:11:35] end to send jtag flash verify cmd
[Debug] [2026-4-22 17:11:35] end to send jtag flash program cmd.
[Debug] [2026-4-22 17:11:35] Log::Print : COMMAND[Verify Outer Flash] execute successfully, takes 3.0 secs.
[Info] [2026-4-22 17:24:57] /***************************End Configration***************************/
[Info] [2026-4-22 19:41:29] /***************************Start Configuration***************************/
[Info] [2026-4-22 19:41:29] Path: F:/PDS_2022.2-SP6.4/bin
[Info] [2026-4-22 19:41:29] Version: 146967
[Info] [2026-4-22 19:41:30] Current Path: C:/Users/23694/Desktop/ziguang_project/333/04_camera_pcie_capture_40pin_fmc/project
[Info] [2026-4-22 19:41:30] PDS Dir Path: C:/Users/23694/Desktop/ziguang_project/333/04_camera_pcie_capture_40pin_fmc/project
[Info] [2026-4-22 19:41:33] Configuration is not connect with server. connect first then scan chain.
[Debug] [2026-4-22 19:41:33] Client Local host name:xufei
[Debug] [2026-4-22 19:41:33] Client Local Address:192.168.83.1
[Debug] [2026-4-22 19:41:33] Client Local Address:192.168.189.1
[Debug] [2026-4-22 19:41:33] Client Local Address:172.16.209.126
[Debug] [2026-4-22 19:41:33] Server Address:127.0.0.1, Port:65420
[Debug] [2026-4-22 19:41:33] Log::Print : Connecting to server[127.0.0.1 : 65420].
[Info] [2026-4-22 19:41:35] Connect OK, Server: 127.0.0.1  Port: 65420
[Debug] [2026-4-22 19:41:35] Finish.
[Info] [2026-4-22 19:41:35] Connect server succeeded
[Debug] [2026-4-22 19:41:35] Send RPC:1
[Debug] [2026-4-22 19:41:35] Send cmd [check version information:40004] OK
[Debug] [2026-4-22 19:41:35] Log::Print : Connect to server[127.0.0.1 : 65420] successfully.
[Debug] [2026-4-22 19:41:37] Send RPC:2
[Debug] [2026-4-22 19:41:37] Send cmd [get_cable_paras:40010] OK
[Debug] [2026-4-22 19:41:37] Begin to send initialize chain cmd...
[Debug] [2026-4-22 19:41:37] Send RPC:3
[Debug] [2026-4-22 19:41:37] Send cmd [Open config cable:20001] OK
[Debug] [2026-4-22 19:41:37] End to send initialize chain cmd.
[Debug] [2026-4-22 19:41:37] COMMAND[check version information] execute successfully, takes 2.2 secs.
[Debug] [2026-4-22 19:41:37] Log::Print : COMMAND[check version information] execute successfully, takes 2.2 secs.
[Debug] [2026-4-22 19:41:40] COMMAND[get_cable_paras] execute successfully, takes 2.6 secs.
[Debug] [2026-4-22 19:41:40] Log::Print : The cable List : 
Cable index 0:USB Cable II/fffffffffffffffe 

[Debug] [2026-4-22 19:41:40] Log::Print : COMMAND[get_cable_paras] execute successfully, takes 2.6 secs.
[Debug] [2026-4-22 19:41:40] begin the exec of open cable cmd...
[Debug] [2026-4-22 19:41:40] Begin to deal with chain from server...
[Debug] [2026-4-22 19:41:40] Begin to set user chain...
[Debug] [2026-4-22 19:41:40] End to set user chain.
[Debug] [2026-4-22 19:41:40] Begin to update graphic item and tree item ...
[Debug] [2026-4-22 19:41:40] End to update graphic item and tree item ...
[Debug] [2026-4-22 19:41:40] Log::Print : PANGO USB CABLE II cable driver: D2XX DLL
[Debug] [2026-4-22 19:41:40] Log::Print : PG2L100H
[Debug] [2026-4-22 19:41:40] Log::Print : This device configure situation (done bit): 1
[Info] [2026-4-22 19:41:45] set OpenLastPath: C:/Users/23694/Desktop/ziguang_project/333/04_camera_pcie_capture_40pin_fmc/project/generate_bitstream/image_pcie_capture.sbit
[Debug] [2026-4-22 19:41:45] begin to get device info from CFG file...
[Debug] [2026-4-22 19:41:45] end to get device info from CFG file...
[Debug] [2026-4-22 19:41:45] Begin to update graphic item and tree item ...
[Debug] [2026-4-22 19:41:45] End to update graphic item and tree item ...
[Debug] [2026-4-22 19:41:45] Begin to update graphic item and tree item ...
[Debug] [2026-4-22 19:41:45] End to update graphic item and tree item ...
[Debug] [2026-4-22 19:41:45] End to deal wiht chain from server.
[Debug] [2026-4-22 19:41:45] end the exec of open cable cmd.
[Debug] [2026-4-22 19:41:45] COMMAND[Open config cable] execute successfully, takes 7.4 secs.
[Debug] [2026-4-22 19:41:45] Log::Print : COMMAND[Open config cable] execute successfully, takes 7.4 secs.
[Debug] [2026-4-22 19:41:53] Begin to send scan outer flash cmd...
[Debug] [2026-4-22 19:41:53] Send RPC:4
[Debug] [2026-4-22 19:41:53] Send cmd [Scan Outer SPI Flash:20300] OK
[Debug] [2026-4-22 19:41:53] End to send scan outer flash cmd.
[Debug] [2026-4-22 19:41:53] begin to exec scan jtag flash cmd...
[Debug] [2026-4-22 19:41:53] Begin to initialize JtagFlash for selected FPGA Device...
[Debug] [2026-4-22 19:41:53] Begin to update graphic item and tree item ...
[Debug] [2026-4-22 19:41:53] End to update graphic item and tree item ...
[Info] [2026-4-22 19:41:55] set OpenLastPath: C:/Users/23694/Desktop/ziguang_project/333/04_camera_pcie_capture_40pin_fmc/project/generate_bitstream/image_pcie_capture.sfc
[Debug] [2026-4-22 19:41:55] begin to check SFC File and Flash Device Read Mode.
[Debug] [2026-4-22 19:41:55] end to check SFC File and Flash Device Read Mode.
[Debug] [2026-4-22 19:41:55] Begin to update graphic item and tree item ...
[Debug] [2026-4-22 19:41:55] End to update graphic item and tree item ...
[Debug] [2026-4-22 19:41:55] End to initialize OuterFlash for selected FPGA Device...
[Debug] [2026-4-22 19:41:55] end to exec scan jtag flash cmd...
[Debug] [2026-4-22 19:41:55] COMMAND[Scan Outer SPI Flash] execute successfully, takes 2.1 secs.
[Debug] [2026-4-22 19:41:55] Log::Print : COMMAND[Scan Outer SPI Flash] execute successfully, takes 2.1 secs.
[Debug] [2026-4-22 19:41:56] begin to send promgram jtag flash cmd.
[Debug] [2026-4-22 19:41:56] begin to send jtag flash erase cmd
[Debug] [2026-4-22 19:41:56] Send RPC:5
[Debug] [2026-4-22 19:41:56] Begin to send embed flash erase data.
[Debug] [2026-4-22 19:41:56] Begin to send flash erase data.
[Debug] [2026-4-22 19:41:56] End to send flash erase data.
[Debug] [2026-4-22 19:41:56] End to send embed flash erase data.
[Debug] [2026-4-22 19:41:56] Send cmd [Erase Outer Flash:20302] OK
[Debug] [2026-4-22 19:41:56] Log::Print : The start address of operating flash is 0x0.
[Debug] [2026-4-22 19:41:56] The value of Progress is 1
[Debug] [2026-4-22 19:41:58] The value of Progress is 6
[Debug] [2026-4-22 19:41:59] The value of Progress is 11
[Debug] [2026-4-22 19:42:00] The value of Progress is 16
[Debug] [2026-4-22 19:42:00] The value of Progress is 20
[Debug] [2026-4-22 19:42:01] The value of Progress is 25
[Debug] [2026-4-22 19:42:02] The value of Progress is 30
[Debug] [2026-4-22 19:42:03] The value of Progress is 37
[Debug] [2026-4-22 19:42:04] The value of Progress is 41
[Debug] [2026-4-22 19:42:05] The value of Progress is 46
[Debug] [2026-4-22 19:42:06] The value of Progress is 51
[Debug] [2026-4-22 19:42:07] The value of Progress is 55
[Debug] [2026-4-22 19:42:07] The value of Progress is 60
[Debug] [2026-4-22 19:42:08] The value of Progress is 65
[Debug] [2026-4-22 19:42:09] The value of Progress is 72
[Debug] [2026-4-22 19:42:10] The value of Progress is 76
[Debug] [2026-4-22 19:42:11] The value of Progress is 81
[Debug] [2026-4-22 19:42:12] The value of Progress is 86
[Debug] [2026-4-22 19:42:12] The value of Progress is 90
[Debug] [2026-4-22 19:42:13] The value of Progress is 95
[Debug] [2026-4-22 19:42:14] The value of Progress is 100
[Debug] [2026-4-22 19:42:14] COMMAND[Erase Outer Flash] execute finish, takes 17.4 secs.
[Debug] [2026-4-22 19:42:14] end to send jtag flash erase cmd.
[Debug] [2026-4-22 19:42:14] Send RPC:6
[Debug] [2026-4-22 19:42:14] Begin to send jtag flash program data.
[Debug] [2026-4-22 19:42:14] Begin to send flash program data.
[Debug] [2026-4-22 19:42:14] End to send flash program data.
[Debug] [2026-4-22 19:42:14] End to send embed flash program data.
[Debug] [2026-4-22 19:42:14] Send cmd [Program Outer Flash:20301] OK
[Debug] [2026-4-22 19:42:14] Log::Print : COMMAND[Erase Outer Flash] execute finish, takes 17.4 secs.
[Debug] [2026-4-22 19:42:14] Log::Print : The start address of operating flash is 0x0.
[Debug] [2026-4-22 19:42:14] The value of Progress is 1
[Debug] [2026-4-22 19:42:16] The value of Progress is 6
[Debug] [2026-4-22 19:42:18] The value of Progress is 10
[Debug] [2026-4-22 19:42:20] The value of Progress is 15
[Debug] [2026-4-22 19:42:23] The value of Progress is 20
[Debug] [2026-4-22 19:42:25] The value of Progress is 25
[Debug] [2026-4-22 19:42:28] The value of Progress is 30
[Debug] [2026-4-22 19:42:36] The value of Progress is 35
[Debug] [2026-4-22 19:42:43] The value of Progress is 40
[Debug] [2026-4-22 19:42:47] The value of Progress is 45
[Debug] [2026-4-22 19:42:49] The value of Progress is 50
[Debug] [2026-4-22 19:42:51] The value of Progress is 55
[Debug] [2026-4-22 19:42:53] The value of Progress is 60
[Debug] [2026-4-22 19:42:56] The value of Progress is 65
[Debug] [2026-4-22 19:42:58] The value of Progress is 70
[Debug] [2026-4-22 19:43:00] The value of Progress is 75
[Debug] [2026-4-22 19:43:03] The value of Progress is 80
[Debug] [2026-4-22 19:43:05] The value of Progress is 85
[Debug] [2026-4-22 19:43:07] The value of Progress is 90
[Debug] [2026-4-22 19:43:09] The value of Progress is 95
[Debug] [2026-4-22 19:43:11] The value of Progress is 100
[Debug] [2026-4-22 19:43:12] COMMAND[Program Outer Flash] execute finish, takes 57.9 secs.
[Debug] [2026-4-22 19:43:12] begin to send jtag flash verify cmd
[Debug] [2026-4-22 19:43:12] Send RPC:7
[Debug] [2026-4-22 19:43:12] Begin to send embed flash verify data.
[Debug] [2026-4-22 19:43:12] Begin to send flash verify data.
[Debug] [2026-4-22 19:43:12] End to send flash verify data.
[Debug] [2026-4-22 19:43:12] End to send embed flash verify data.
[Debug] [2026-4-22 19:43:12] Send cmd [Verify Outer Flash:20303] OK
[Debug] [2026-4-22 19:43:12] Log::Print : COMMAND[Program Outer Flash] execute finish, takes 57.9 secs.
[Debug] [2026-4-22 19:43:12] Log::Print : The start address of operating flash is 0x0.
[Debug] [2026-4-22 19:43:12] The value of Progress is 1
[Debug] [2026-4-22 19:43:12] The value of Progress is 6
[Debug] [2026-4-22 19:43:12] The value of Progress is 10
[Debug] [2026-4-22 19:43:12] The value of Progress is 15
[Debug] [2026-4-22 19:43:12] The value of Progress is 20
[Debug] [2026-4-22 19:43:12] The value of Progress is 25
[Debug] [2026-4-22 19:43:13] The value of Progress is 30
[Debug] [2026-4-22 19:43:13] The value of Progress is 35
[Debug] [2026-4-22 19:43:13] The value of Progress is 40
[Debug] [2026-4-22 19:43:13] The value of Progress is 45
[Debug] [2026-4-22 19:43:13] The value of Progress is 50
[Debug] [2026-4-22 19:43:13] The value of Progress is 55
[Debug] [2026-4-22 19:43:13] The value of Progress is 60
[Debug] [2026-4-22 19:43:14] The value of Progress is 65
[Debug] [2026-4-22 19:43:14] The value of Progress is 70
[Debug] [2026-4-22 19:43:14] The value of Progress is 75
[Debug] [2026-4-22 19:43:14] The value of Progress is 80
[Debug] [2026-4-22 19:43:14] The value of Progress is 85
[Debug] [2026-4-22 19:43:14] The value of Progress is 90
[Debug] [2026-4-22 19:43:14] The value of Progress is 95
[Debug] [2026-4-22 19:43:15] The value of Progress is 100
[Debug] [2026-4-22 19:43:15] COMMAND[Verify Outer Flash] execute successfully, takes 3.2 secs.
[Debug] [2026-4-22 19:43:15] end to send jtag flash verify cmd
[Debug] [2026-4-22 19:43:15] end to send jtag flash program cmd.
[Debug] [2026-4-22 19:43:15] Log::Print : COMMAND[Verify Outer Flash] execute successfully, takes 3.2 secs.
[Info] [2026-4-22 19:45:23] /***************************End Configration***************************/
[Info] [2026-4-23 12:07:20] /***************************Start Configuration***************************/
[Info] [2026-4-23 12:07:20] Path: F:/PDS_2022.2-SP6.4/bin
[Info] [2026-4-23 12:07:20] Version: 146967
[Info] [2026-4-23 12:07:21] Current Path: C:/Users/23694/Desktop/ziguang_project/333/04_camera_pcie_capture_40pin_fmc/project
[Info] [2026-4-23 12:07:21] PDS Dir Path: C:/Users/23694/Desktop/ziguang_project/333/04_camera_pcie_capture_40pin_fmc/project
[Info] [2026-4-23 12:07:23] Configuration is not connect with server. connect first then scan chain.
[Debug] [2026-4-23 12:07:23] Client Local host name:xufei
[Debug] [2026-4-23 12:07:23] Client Local Address:192.168.83.1
[Debug] [2026-4-23 12:07:23] Client Local Address:192.168.189.1
[Debug] [2026-4-23 12:07:23] Client Local Address:172.16.209.126
[Debug] [2026-4-23 12:07:23] Server Address:127.0.0.1, Port:65420
[Debug] [2026-4-23 12:07:23] Log::Print : Connecting to server[127.0.0.1 : 65420].
[Info] [2026-4-23 12:07:23] Connect OK, Server: 127.0.0.1  Port: 65420
[Debug] [2026-4-23 12:07:23] Finish.
[Info] [2026-4-23 12:07:23] Connect server succeeded
[Debug] [2026-4-23 12:07:23] Send RPC:1
[Debug] [2026-4-23 12:07:23] Send cmd [check version information:40004] OK
[Debug] [2026-4-23 12:07:23] Log::Print : Connect to server[127.0.0.1 : 65420] successfully.
[Debug] [2026-4-23 12:07:27] Send RPC:2
[Debug] [2026-4-23 12:07:27] Send cmd [get_cable_paras:40010] OK
[Debug] [2026-4-23 12:07:27] Begin to send initialize chain cmd...
[Debug] [2026-4-23 12:07:27] Send RPC:3
[Debug] [2026-4-23 12:07:27] Send cmd [Open config cable:20001] OK
[Debug] [2026-4-23 12:07:27] End to send initialize chain cmd.
[Debug] [2026-4-23 12:07:27] COMMAND[check version information] execute successfully, takes 3.2 secs.
[Debug] [2026-4-23 12:07:27] Log::Print : COMMAND[check version information] execute successfully, takes 3.2 secs.
[Debug] [2026-4-23 12:07:30] COMMAND[get_cable_paras] execute successfully, takes 3.7 secs.
[Debug] [2026-4-23 12:07:30] Log::Print : The cable List : 
Cable index 0:USB Cable II/fffffffffffffffe 

[Debug] [2026-4-23 12:07:30] Log::Print : COMMAND[get_cable_paras] execute successfully, takes 3.7 secs.
[Debug] [2026-4-23 12:07:31] begin the exec of open cable cmd...
[Debug] [2026-4-23 12:07:31] Begin to deal with chain from server...
[Debug] [2026-4-23 12:07:31] Begin to set user chain...
[Debug] [2026-4-23 12:07:31] End to set user chain.
[Debug] [2026-4-23 12:07:31] Begin to update graphic item and tree item ...
[Debug] [2026-4-23 12:07:31] End to update graphic item and tree item ...
[Debug] [2026-4-23 12:07:31] Log::Print : PANGO USB CABLE II cable driver: D2XX DLL
[Debug] [2026-4-23 12:07:31] Log::Print : PG2L100H
[Debug] [2026-4-23 12:07:31] Log::Print : This device configure situation (done bit): 1
[Info] [2026-4-23 12:07:34] set OpenLastPath: C:/Users/23694/Desktop/ziguang_project/333/04_camera_pcie_capture_40pin_fmc/project/generate_bitstream/image_pcie_capture.sbit
[Debug] [2026-4-23 12:07:34] begin to get device info from CFG file...
[Debug] [2026-4-23 12:07:34] end to get device info from CFG file...
[Debug] [2026-4-23 12:07:34] Begin to update graphic item and tree item ...
[Debug] [2026-4-23 12:07:34] End to update graphic item and tree item ...
[Debug] [2026-4-23 12:07:34] Begin to update graphic item and tree item ...
[Debug] [2026-4-23 12:07:34] End to update graphic item and tree item ...
[Debug] [2026-4-23 12:07:34] End to deal wiht chain from server.
[Debug] [2026-4-23 12:07:34] end the exec of open cable cmd.
[Debug] [2026-4-23 12:07:34] COMMAND[Open config cable] execute successfully, takes 7.6 secs.
[Debug] [2026-4-23 12:07:34] Log::Print : COMMAND[Open config cable] execute successfully, takes 7.6 secs.
[Debug] [2026-4-23 12:07:39] Begin to send scan outer flash cmd...
[Debug] [2026-4-23 12:07:39] Send RPC:4
[Debug] [2026-4-23 12:07:39] Send cmd [Scan Outer SPI Flash:20300] OK
[Debug] [2026-4-23 12:07:39] End to send scan outer flash cmd.
[Debug] [2026-4-23 12:07:39] begin to exec scan jtag flash cmd...
[Debug] [2026-4-23 12:07:39] Begin to initialize JtagFlash for selected FPGA Device...
[Debug] [2026-4-23 12:07:39] Begin to update graphic item and tree item ...
[Debug] [2026-4-23 12:07:39] End to update graphic item and tree item ...
[Info] [2026-4-23 12:07:41] set OpenLastPath: C:/Users/23694/Desktop/ziguang_project/333/04_camera_pcie_capture_40pin_fmc/project/generate_bitstream/image_pcie_capture.sfc
[Debug] [2026-4-23 12:07:41] begin to check SFC File and Flash Device Read Mode.
[Debug] [2026-4-23 12:07:41] end to check SFC File and Flash Device Read Mode.
[Debug] [2026-4-23 12:07:41] Begin to update graphic item and tree item ...
[Debug] [2026-4-23 12:07:41] End to update graphic item and tree item ...
[Debug] [2026-4-23 12:07:41] End to initialize OuterFlash for selected FPGA Device...
[Debug] [2026-4-23 12:07:41] end to exec scan jtag flash cmd...
[Debug] [2026-4-23 12:07:41] COMMAND[Scan Outer SPI Flash] execute successfully, takes 2.0 secs.
[Debug] [2026-4-23 12:07:41] Log::Print : COMMAND[Scan Outer SPI Flash] execute successfully, takes 2.0 secs.
[Debug] [2026-4-23 12:07:44] begin to send promgram jtag flash cmd.
[Debug] [2026-4-23 12:07:44] begin to send jtag flash erase cmd
[Debug] [2026-4-23 12:07:44] Send RPC:5
[Debug] [2026-4-23 12:07:44] Begin to send embed flash erase data.
[Debug] [2026-4-23 12:07:44] Begin to send flash erase data.
[Debug] [2026-4-23 12:07:44] End to send flash erase data.
[Debug] [2026-4-23 12:07:44] End to send embed flash erase data.
[Debug] [2026-4-23 12:07:44] Send cmd [Erase Outer Flash:20302] OK
[Debug] [2026-4-23 12:07:44] Log::Print : The start address of operating flash is 0x0.
[Debug] [2026-4-23 12:07:44] The value of Progress is 1
[Debug] [2026-4-23 12:07:45] The value of Progress is 6
[Debug] [2026-4-23 12:07:46] The value of Progress is 11
[Debug] [2026-4-23 12:07:47] The value of Progress is 16
[Debug] [2026-4-23 12:07:48] The value of Progress is 20
[Debug] [2026-4-23 12:07:49] The value of Progress is 25
[Debug] [2026-4-23 12:07:50] The value of Progress is 30
[Debug] [2026-4-23 12:07:51] The value of Progress is 37
[Debug] [2026-4-23 12:07:51] The value of Progress is 41
[Debug] [2026-4-23 12:07:52] The value of Progress is 46
[Debug] [2026-4-23 12:07:53] The value of Progress is 51
[Debug] [2026-4-23 12:07:54] The value of Progress is 55
[Debug] [2026-4-23 12:07:55] The value of Progress is 60
[Debug] [2026-4-23 12:07:55] The value of Progress is 65
[Debug] [2026-4-23 12:07:56] The value of Progress is 72
[Debug] [2026-4-23 12:07:57] The value of Progress is 76
[Debug] [2026-4-23 12:07:58] The value of Progress is 81
[Debug] [2026-4-23 12:07:59] The value of Progress is 86
[Debug] [2026-4-23 12:08:00] The value of Progress is 90
[Debug] [2026-4-23 12:08:00] The value of Progress is 95
[Debug] [2026-4-23 12:08:01] The value of Progress is 100
[Debug] [2026-4-23 12:08:01] COMMAND[Erase Outer Flash] execute finish, takes 17.2 secs.
[Debug] [2026-4-23 12:08:01] end to send jtag flash erase cmd.
[Debug] [2026-4-23 12:08:01] Send RPC:6
[Debug] [2026-4-23 12:08:01] Begin to send jtag flash program data.
[Debug] [2026-4-23 12:08:01] Begin to send flash program data.
[Debug] [2026-4-23 12:08:01] End to send flash program data.
[Debug] [2026-4-23 12:08:01] End to send embed flash program data.
[Debug] [2026-4-23 12:08:01] Send cmd [Program Outer Flash:20301] OK
[Debug] [2026-4-23 12:08:01] Log::Print : COMMAND[Erase Outer Flash] execute finish, takes 17.2 secs.
[Debug] [2026-4-23 12:08:01] Log::Print : The start address of operating flash is 0x0.
[Debug] [2026-4-23 12:08:01] The value of Progress is 1
[Debug] [2026-4-23 12:08:04] The value of Progress is 6
[Debug] [2026-4-23 12:08:06] The value of Progress is 10
[Debug] [2026-4-23 12:08:08] The value of Progress is 15
[Debug] [2026-4-23 12:08:11] The value of Progress is 20
[Debug] [2026-4-23 12:08:14] The value of Progress is 25
[Debug] [2026-4-23 12:08:16] The value of Progress is 30
[Debug] [2026-4-23 12:08:18] The value of Progress is 35
[Debug] [2026-4-23 12:08:21] The value of Progress is 40
[Debug] [2026-4-23 12:08:23] The value of Progress is 45
[Debug] [2026-4-23 12:08:26] The value of Progress is 50
[Debug] [2026-4-23 12:08:31] The value of Progress is 55
[Debug] [2026-4-23 12:08:34] The value of Progress is 60
[Debug] [2026-4-23 12:08:37] The value of Progress is 65
[Debug] [2026-4-23 12:08:39] The value of Progress is 70
[Debug] [2026-4-23 12:08:42] The value of Progress is 75
[Debug] [2026-4-23 12:08:45] The value of Progress is 80
[Debug] [2026-4-23 12:08:47] The value of Progress is 85
[Debug] [2026-4-23 12:08:50] The value of Progress is 90
[Debug] [2026-4-23 12:08:54] The value of Progress is 95
[Debug] [2026-4-23 12:08:57] The value of Progress is 100
[Debug] [2026-4-23 12:08:57] COMMAND[Program Outer Flash] execute finish, takes 56.4 secs.
[Debug] [2026-4-23 12:08:57] begin to send jtag flash verify cmd
[Debug] [2026-4-23 12:08:57] Send RPC:7
[Debug] [2026-4-23 12:08:57] Begin to send embed flash verify data.
[Debug] [2026-4-23 12:08:57] Begin to send flash verify data.
[Debug] [2026-4-23 12:08:57] End to send flash verify data.
[Debug] [2026-4-23 12:08:57] End to send embed flash verify data.
[Debug] [2026-4-23 12:08:57] Send cmd [Verify Outer Flash:20303] OK
[Debug] [2026-4-23 12:08:57] Log::Print : COMMAND[Program Outer Flash] execute finish, takes 56.4 secs.
[Debug] [2026-4-23 12:08:57] Log::Print : The start address of operating flash is 0x0.
[Debug] [2026-4-23 12:08:57] The value of Progress is 1
[Debug] [2026-4-23 12:08:58] The value of Progress is 6
[Debug] [2026-4-23 12:08:58] The value of Progress is 10
[Debug] [2026-4-23 12:08:58] The value of Progress is 15
[Debug] [2026-4-23 12:08:58] The value of Progress is 20
[Debug] [2026-4-23 12:08:58] The value of Progress is 25
[Debug] [2026-4-23 12:08:58] The value of Progress is 30
[Debug] [2026-4-23 12:08:58] The value of Progress is 35
[Debug] [2026-4-23 12:08:59] The value of Progress is 40
[Debug] [2026-4-23 12:08:59] The value of Progress is 45
[Debug] [2026-4-23 12:08:59] The value of Progress is 50
[Debug] [2026-4-23 12:08:59] The value of Progress is 55
[Debug] [2026-4-23 12:08:59] The value of Progress is 60
[Debug] [2026-4-23 12:08:59] The value of Progress is 65
[Debug] [2026-4-23 12:08:59] The value of Progress is 70
[Debug] [2026-4-23 12:08:59] The value of Progress is 75
[Debug] [2026-4-23 12:09:00] The value of Progress is 80
[Debug] [2026-4-23 12:09:00] The value of Progress is 85
[Debug] [2026-4-23 12:09:00] The value of Progress is 90
[Debug] [2026-4-23 12:09:00] The value of Progress is 95
[Debug] [2026-4-23 12:09:00] The value of Progress is 100
[Debug] [2026-4-23 12:09:00] COMMAND[Verify Outer Flash] execute successfully, takes 3.3 secs.
[Debug] [2026-4-23 12:09:00] end to send jtag flash verify cmd
[Debug] [2026-4-23 12:09:00] end to send jtag flash program cmd.
[Debug] [2026-4-23 12:09:00] Log::Print : COMMAND[Verify Outer Flash] execute successfully, takes 3.3 secs.
[Info] [2026-4-23 12:30:19] /***************************End Configration***************************/
[Info] [2026-4-23 12:30:20] /***************************Start Configuration***************************/
[Info] [2026-4-23 12:30:20] Path: F:/PDS_2022.2-SP6.4/bin
[Info] [2026-4-23 12:30:20] Version: 146967
[Info] [2026-4-23 12:30:21] Current Path: C:/Users/23694/Desktop/ziguang_project/333/04_camera_pcie_capture_40pin_fmc/project
[Info] [2026-4-23 12:30:21] PDS Dir Path: C:/Users/23694/Desktop/ziguang_project/333/04_camera_pcie_capture_40pin_fmc/project
[Info] [2026-4-23 12:30:23] Configuration is not connect with server. connect first then scan chain.
[Debug] [2026-4-23 12:30:23] Client Local host name:xufei
[Debug] [2026-4-23 12:30:23] Client Local Address:192.168.83.1
[Debug] [2026-4-23 12:30:23] Client Local Address:192.168.189.1
[Debug] [2026-4-23 12:30:23] Client Local Address:172.16.209.126
[Debug] [2026-4-23 12:30:23] Server Address:127.0.0.1, Port:65420
[Debug] [2026-4-23 12:30:23] Log::Print : Connecting to server[127.0.0.1 : 65420].
[Info] [2026-4-23 12:30:24] Connect OK, Server: 127.0.0.1  Port: 65420
[Debug] [2026-4-23 12:30:24] Finish.
[Info] [2026-4-23 12:30:24] Connect server succeeded
[Debug] [2026-4-23 12:30:24] Send RPC:1
[Debug] [2026-4-23 12:30:24] Send cmd [check version information:40004] OK
[Debug] [2026-4-23 12:30:24] Log::Print : Connect to server[127.0.0.1 : 65420] successfully.
[Debug] [2026-4-23 12:30:27] Send RPC:2
[Debug] [2026-4-23 12:30:27] Send cmd [get_cable_paras:40010] OK
[Debug] [2026-4-23 12:30:27] Begin to send initialize chain cmd...
[Debug] [2026-4-23 12:30:27] Send RPC:3
[Debug] [2026-4-23 12:30:27] Send cmd [Open config cable:20001] OK
[Debug] [2026-4-23 12:30:27] End to send initialize chain cmd.
[Debug] [2026-4-23 12:30:27] COMMAND[check version information] execute successfully, takes 2.8 secs.
[Debug] [2026-4-23 12:30:27] Log::Print : COMMAND[check version information] execute successfully, takes 2.8 secs.
[Debug] [2026-4-23 12:30:30] COMMAND[get_cable_paras] execute successfully, takes 3.6 secs.
[Debug] [2026-4-23 12:30:30] Log::Print : The cable List : 
Cable index 0:USB Cable II/fffffffffffffffe 

[Debug] [2026-4-23 12:30:30] Log::Print : COMMAND[get_cable_paras] execute successfully, takes 3.6 secs.
[Debug] [2026-4-23 12:30:31] begin the exec of open cable cmd...
[Debug] [2026-4-23 12:30:31] Begin to deal with chain from server...
[Debug] [2026-4-23 12:30:31] Begin to set user chain...
[Debug] [2026-4-23 12:30:31] End to set user chain.
[Debug] [2026-4-23 12:30:31] Begin to update graphic item and tree item ...
[Debug] [2026-4-23 12:30:31] End to update graphic item and tree item ...
[Debug] [2026-4-23 12:30:31] Log::Print : PANGO USB CABLE II cable driver: D2XX DLL
[Debug] [2026-4-23 12:30:31] Log::Print : PG2L100H
[Debug] [2026-4-23 12:30:31] Log::Print : This device configure situation (done bit): 1
[Info] [2026-4-23 12:30:33] set OpenLastPath: C:/Users/23694/Desktop/ziguang_project/333/04_camera_pcie_capture_40pin_fmc/project/generate_bitstream/image_pcie_capture.sbit
[Debug] [2026-4-23 12:30:33] begin to get device info from CFG file...
[Debug] [2026-4-23 12:30:33] end to get device info from CFG file...
[Debug] [2026-4-23 12:30:33] Begin to update graphic item and tree item ...
[Debug] [2026-4-23 12:30:33] End to update graphic item and tree item ...
[Debug] [2026-4-23 12:30:33] Begin to update graphic item and tree item ...
[Debug] [2026-4-23 12:30:33] End to update graphic item and tree item ...
[Debug] [2026-4-23 12:30:33] End to deal wiht chain from server.
[Debug] [2026-4-23 12:30:33] end the exec of open cable cmd.
[Debug] [2026-4-23 12:30:33] COMMAND[Open config cable] execute successfully, takes 6.2 secs.
[Debug] [2026-4-23 12:30:33] Log::Print : COMMAND[Open config cable] execute successfully, takes 6.2 secs.
[Debug] [2026-4-23 12:30:40] Begin to Converte file.
[Debug] [2026-4-23 12:30:47] begin to parse sfc file.
[Debug] [2026-4-23 12:30:47] begin to get device info from CFG file...
[Debug] [2026-4-23 12:30:47] end to get device info from CFG file...
[Debug] [2026-4-23 12:30:47] begin to get device info from CFG file...
[Debug] [2026-4-23 12:30:47] end to get device info from CFG file...
[Debug] [2026-4-23 12:30:47] end to parse sfc file.
[Debug] [2026-4-23 12:30:47] Log::Print : The Start Address of bit file C:/Users/23694/Desktop/ziguang_project/333/04_camera_pcie_capture_40pin_fmc/project/generate_bitstream/image_pcie_capture.sbit: 0x0
[Debug] [2026-4-23 12:30:48] End to Converte file.
[Debug] [2026-4-23 12:30:50] Begin to send scan outer flash cmd...
[Debug] [2026-4-23 12:30:50] Send RPC:4
[Debug] [2026-4-23 12:30:50] Send cmd [Scan Outer SPI Flash:20300] OK
[Debug] [2026-4-23 12:30:50] End to send scan outer flash cmd.
[Debug] [2026-4-23 12:30:50] begin to exec scan jtag flash cmd...
[Debug] [2026-4-23 12:30:50] Begin to initialize JtagFlash for selected FPGA Device...
[Debug] [2026-4-23 12:30:50] Begin to update graphic item and tree item ...
[Debug] [2026-4-23 12:30:50] End to update graphic item and tree item ...
[Info] [2026-4-23 12:30:52] set OpenLastPath: C:/Users/23694/Desktop/ziguang_project/333/04_camera_pcie_capture_40pin_fmc/project/generate_bitstream/image_pcie_capture.sfc
[Debug] [2026-4-23 12:30:52] begin to check SFC File and Flash Device Read Mode.
[Debug] [2026-4-23 12:30:52] end to check SFC File and Flash Device Read Mode.
[Debug] [2026-4-23 12:30:52] Begin to update graphic item and tree item ...
[Debug] [2026-4-23 12:30:52] End to update graphic item and tree item ...
[Debug] [2026-4-23 12:30:52] End to initialize OuterFlash for selected FPGA Device...
[Debug] [2026-4-23 12:30:52] end to exec scan jtag flash cmd...
[Debug] [2026-4-23 12:30:52] COMMAND[Scan Outer SPI Flash] execute successfully, takes 2.0 secs.
[Debug] [2026-4-23 12:30:52] Log::Print : COMMAND[Scan Outer SPI Flash] execute successfully, takes 2.0 secs.
[Debug] [2026-4-23 12:30:53] begin to send promgram jtag flash cmd.
[Debug] [2026-4-23 12:30:53] begin to send jtag flash erase cmd
[Debug] [2026-4-23 12:30:53] Send RPC:5
[Debug] [2026-4-23 12:30:53] Begin to send embed flash erase data.
[Debug] [2026-4-23 12:30:53] Begin to send flash erase data.
[Debug] [2026-4-23 12:30:53] End to send flash erase data.
[Debug] [2026-4-23 12:30:53] End to send embed flash erase data.
[Debug] [2026-4-23 12:30:53] Send cmd [Erase Outer Flash:20302] OK
[Debug] [2026-4-23 12:30:53] Log::Print : The start address of operating flash is 0x0.
[Debug] [2026-4-23 12:30:54] The value of Progress is 1
[Debug] [2026-4-23 12:30:55] The value of Progress is 6
[Debug] [2026-4-23 12:30:56] The value of Progress is 11
[Debug] [2026-4-23 12:30:57] The value of Progress is 16
[Debug] [2026-4-23 12:30:58] The value of Progress is 20
[Debug] [2026-4-23 12:30:59] The value of Progress is 25
[Debug] [2026-4-23 12:30:59] The value of Progress is 30
[Debug] [2026-4-23 12:31:01] The value of Progress is 37
[Debug] [2026-4-23 12:31:01] The value of Progress is 41
[Debug] [2026-4-23 12:31:02] The value of Progress is 46
[Debug] [2026-4-23 12:31:03] The value of Progress is 51
[Debug] [2026-4-23 12:31:04] The value of Progress is 55
[Debug] [2026-4-23 12:31:05] The value of Progress is 60
[Debug] [2026-4-23 12:31:05] The value of Progress is 65
[Debug] [2026-4-23 12:31:06] The value of Progress is 72
[Debug] [2026-4-23 12:31:07] The value of Progress is 76
[Debug] [2026-4-23 12:31:08] The value of Progress is 81
[Debug] [2026-4-23 12:31:09] The value of Progress is 86
[Debug] [2026-4-23 12:31:10] The value of Progress is 90
[Debug] [2026-4-23 12:31:10] The value of Progress is 95
[Debug] [2026-4-23 12:31:11] The value of Progress is 100
[Debug] [2026-4-23 12:31:11] COMMAND[Erase Outer Flash] execute finish, takes 17.5 secs.
[Debug] [2026-4-23 12:31:11] end to send jtag flash erase cmd.
[Debug] [2026-4-23 12:31:11] Send RPC:6
[Debug] [2026-4-23 12:31:11] Begin to send jtag flash program data.
[Debug] [2026-4-23 12:31:11] Begin to send flash program data.
[Debug] [2026-4-23 12:31:11] End to send flash program data.
[Debug] [2026-4-23 12:31:11] End to send embed flash program data.
[Debug] [2026-4-23 12:31:11] Send cmd [Program Outer Flash:20301] OK
[Debug] [2026-4-23 12:31:11] Log::Print : COMMAND[Erase Outer Flash] execute finish, takes 17.5 secs.
[Debug] [2026-4-23 12:31:11] Log::Print : The start address of operating flash is 0x0.
[Debug] [2026-4-23 12:31:11] The value of Progress is 1
[Debug] [2026-4-23 12:31:14] The value of Progress is 6
[Debug] [2026-4-23 12:31:16] The value of Progress is 10
[Debug] [2026-4-23 12:31:18] The value of Progress is 15
[Debug] [2026-4-23 12:31:20] The value of Progress is 20
[Debug] [2026-4-23 12:31:22] The value of Progress is 25
[Debug] [2026-4-23 12:31:25] The value of Progress is 30
[Debug] [2026-4-23 12:31:27] The value of Progress is 35
[Debug] [2026-4-23 12:31:29] The value of Progress is 40
[Debug] [2026-4-23 12:31:31] The value of Progress is 45
[Debug] [2026-4-23 12:31:34] The value of Progress is 50
[Debug] [2026-4-23 12:31:36] The value of Progress is 55
[Debug] [2026-4-23 12:31:38] The value of Progress is 60
[Debug] [2026-4-23 12:31:41] The value of Progress is 65
[Debug] [2026-4-23 12:31:43] The value of Progress is 70
[Debug] [2026-4-23 12:31:45] The value of Progress is 75
[Debug] [2026-4-23 12:31:47] The value of Progress is 80
[Debug] [2026-4-23 12:31:50] The value of Progress is 85
[Debug] [2026-4-23 12:31:52] The value of Progress is 90
[Debug] [2026-4-23 12:31:54] The value of Progress is 95
[Debug] [2026-4-23 12:31:56] The value of Progress is 100
[Debug] [2026-4-23 12:31:56] COMMAND[Program Outer Flash] execute finish, takes 45.6 secs.
[Debug] [2026-4-23 12:31:56] begin to send jtag flash verify cmd
[Debug] [2026-4-23 12:31:56] Send RPC:7
[Debug] [2026-4-23 12:31:56] Begin to send embed flash verify data.
[Debug] [2026-4-23 12:31:56] Begin to send flash verify data.
[Debug] [2026-4-23 12:31:56] End to send flash verify data.
[Debug] [2026-4-23 12:31:56] End to send embed flash verify data.
[Debug] [2026-4-23 12:31:56] Send cmd [Verify Outer Flash:20303] OK
[Debug] [2026-4-23 12:31:57] Log::Print : COMMAND[Program Outer Flash] execute finish, takes 45.6 secs.
[Debug] [2026-4-23 12:31:57] Log::Print : The start address of operating flash is 0x0.
[Debug] [2026-4-23 12:31:57] The value of Progress is 1
[Debug] [2026-4-23 12:31:57] The value of Progress is 6
[Debug] [2026-4-23 12:31:57] The value of Progress is 10
[Debug] [2026-4-23 12:31:57] The value of Progress is 15
[Debug] [2026-4-23 12:31:57] The value of Progress is 20
[Debug] [2026-4-23 12:31:57] The value of Progress is 25
[Debug] [2026-4-23 12:31:57] The value of Progress is 30
[Debug] [2026-4-23 12:31:58] The value of Progress is 35
[Debug] [2026-4-23 12:31:58] The value of Progress is 40
[Debug] [2026-4-23 12:31:58] The value of Progress is 45
[Debug] [2026-4-23 12:31:58] The value of Progress is 50
[Debug] [2026-4-23 12:31:58] The value of Progress is 55
[Debug] [2026-4-23 12:31:58] The value of Progress is 60
[Debug] [2026-4-23 12:31:58] The value of Progress is 65
[Debug] [2026-4-23 12:31:59] The value of Progress is 70
[Debug] [2026-4-23 12:31:59] The value of Progress is 75
[Debug] [2026-4-23 12:31:59] The value of Progress is 80
[Debug] [2026-4-23 12:31:59] The value of Progress is 85
[Debug] [2026-4-23 12:31:59] The value of Progress is 90
[Debug] [2026-4-23 12:31:59] The value of Progress is 95
[Debug] [2026-4-23 12:31:59] The value of Progress is 100
[Debug] [2026-4-23 12:32:00] COMMAND[Verify Outer Flash] execute successfully, takes 3.2 secs.
[Debug] [2026-4-23 12:32:00] end to send jtag flash verify cmd
[Debug] [2026-4-23 12:32:00] end to send jtag flash program cmd.
[Debug] [2026-4-23 12:32:00] Log::Print : COMMAND[Verify Outer Flash] execute successfully, takes 3.2 secs.
[Info] [2026-4-23 14:17:41] /***************************End Configration***************************/
[Info] [2026-4-23 14:19:54] /***************************Start Configuration***************************/
[Info] [2026-4-23 14:19:54] Path: F:/PDS_2022.2-SP6.4/bin
[Info] [2026-4-23 14:19:54] Version: 146967
[Info] [2026-4-23 14:19:55] Current Path: C:/Users/23694/Desktop/ziguang_project/333/04_camera_pcie_capture_40pin_fmc/project
[Info] [2026-4-23 14:19:55] PDS Dir Path: C:/Users/23694/Desktop/ziguang_project/333/04_camera_pcie_capture_40pin_fmc/project
[Info] [2026-4-23 14:20:00] Configuration is not connect with server. connect first then scan chain.
[Debug] [2026-4-23 14:20:00] Client Local host name:xufei
[Debug] [2026-4-23 14:20:00] Client Local Address:192.168.83.1
[Debug] [2026-4-23 14:20:00] Client Local Address:192.168.189.1
[Debug] [2026-4-23 14:20:00] Client Local Address:172.16.209.126
[Debug] [2026-4-23 14:20:00] Server Address:127.0.0.1, Port:65420
[Debug] [2026-4-23 14:20:00] Log::Print : Connecting to server[127.0.0.1 : 65420].
[Info] [2026-4-23 14:20:01] Connect OK, Server: 127.0.0.1  Port: 65420
[Debug] [2026-4-23 14:20:01] Finish.
[Info] [2026-4-23 14:20:01] Connect server succeeded
[Debug] [2026-4-23 14:20:01] Send RPC:1
[Debug] [2026-4-23 14:20:01] Send cmd [check version information:40004] OK
[Debug] [2026-4-23 14:20:01] Log::Print : Connect to server[127.0.0.1 : 65420] successfully.
[Debug] [2026-4-23 14:20:04] Send RPC:2
[Debug] [2026-4-23 14:20:04] Send cmd [get_cable_paras:40010] OK
[Debug] [2026-4-23 14:20:04] Begin to send initialize chain cmd...
[Debug] [2026-4-23 14:20:04] Begin to send cmd of scanning flash device on board
[Debug] [2026-4-23 14:20:04] Send RPC:3
[Debug] [2026-4-23 14:20:04] Send cmd [Scan SPI Device On Board:20100] OK
[Debug] [2026-4-23 14:20:04] End to send cmd of scanning flash device on board
[Debug] [2026-4-23 14:20:04] End to send initialize chain cmd.
[Debug] [2026-4-23 14:20:04] COMMAND[check version information] execute successfully, takes 2.8 secs.
[Debug] [2026-4-23 14:20:04] Log::Print : COMMAND[check version information] execute successfully, takes 2.8 secs.
[Debug] [2026-4-23 14:20:07] COMMAND[get_cable_paras] execute successfully, takes 3.6 secs.
[Debug] [2026-4-23 14:20:07] Log::Print : The cable List : 
Cable index 0:USB Cable II/fffffffffffffffe 

[Debug] [2026-4-23 14:20:07] Log::Print : COMMAND[get_cable_paras] execute successfully, takes 3.6 secs.
[Debug] [2026-4-23 14:20:11] begin to scan flash device.
[Error] [2026-4-23 14:20:11] fail to exec Scan SPI Device On Board cmd...
[Debug] [2026-4-23 14:20:11] Log::Print : PANGO USB CABLE II cable driver: D2XX DLL
[Error] [2026-4-23 14:20:11] MsgOut: JtagServer-0335: No flash device detected, please check whether the cable is connected correctly, including independent power supply and ground, reset and SPI interface. In addition, you can also try to reduce the clock frequency of cable or replace with other cable.
[Error] [2026-4-23 14:20:11] MsgOut: Configuration-0008: The command 'Scan SPI Device On Board' execute fail.
[Debug] [2026-4-23 14:20:19] Begin to send initialize chain cmd...
[Debug] [2026-4-23 14:20:19] Begin to send cmd of scanning flash device on board
[Debug] [2026-4-23 14:20:19] Send RPC:4
[Debug] [2026-4-23 14:20:19] Send cmd [Scan SPI Device On Board:20100] OK
[Debug] [2026-4-23 14:20:19] End to send cmd of scanning flash device on board
[Debug] [2026-4-23 14:20:19] End to send initialize chain cmd.
[Debug] [2026-4-23 14:20:22] begin to scan flash device.
[Error] [2026-4-23 14:20:22] fail to exec Scan SPI Device On Board cmd...
[Debug] [2026-4-23 14:20:22] Log::Print : PANGO USB CABLE II cable driver: D2XX DLL
[Error] [2026-4-23 14:20:22] MsgOut: JtagServer-0335: No flash device detected, please check whether the cable is connected correctly, including independent power supply and ground, reset and SPI interface. In addition, you can also try to reduce the clock frequency of cable or replace with other cable.
[Error] [2026-4-23 14:20:22] MsgOut: Configuration-0008: The command 'Scan SPI Device On Board' execute fail.
[Info] [2026-4-23 14:20:25] /***************************End Configration***************************/
[Info] [2026-4-23 14:20:34] /***************************Start Configuration***************************/
[Info] [2026-4-23 14:20:34] Path: F:/PDS_2022.2-SP6.4/bin
[Info] [2026-4-23 14:20:34] Version: 146967
[Info] [2026-4-23 14:20:35] Current Path: C:/Users/23694/Desktop/ziguang_project/333/04_camera_pcie_capture_40pin_fmc/project
[Info] [2026-4-23 14:20:35] PDS Dir Path: C:/Users/23694/Desktop/ziguang_project/333/04_camera_pcie_capture_40pin_fmc/project
[Info] [2026-4-23 14:20:37] Configuration is not connect with server. connect first then scan chain.
[Debug] [2026-4-23 14:20:37] Client Local host name:xufei
[Debug] [2026-4-23 14:20:37] Client Local Address:192.168.83.1
[Debug] [2026-4-23 14:20:37] Client Local Address:192.168.189.1
[Debug] [2026-4-23 14:20:37] Client Local Address:172.16.209.126
[Debug] [2026-4-23 14:20:37] Server Address:127.0.0.1, Port:65420
[Debug] [2026-4-23 14:20:37] Log::Print : Connecting to server[127.0.0.1 : 65420].
[Info] [2026-4-23 14:20:37] Connect OK, Server: 127.0.0.1  Port: 65420
[Debug] [2026-4-23 14:20:37] Finish.
[Info] [2026-4-23 14:20:37] Connect server succeeded
[Debug] [2026-4-23 14:20:37] Send RPC:1
[Debug] [2026-4-23 14:20:37] Send cmd [check version information:40004] OK
[Debug] [2026-4-23 14:20:37] Log::Print : Connect to server[127.0.0.1 : 65420] successfully.
[Debug] [2026-4-23 14:20:40] Send RPC:2
[Debug] [2026-4-23 14:20:40] Send cmd [get_cable_paras:40010] OK
[Debug] [2026-4-23 14:20:40] Begin to send initialize chain cmd...
[Debug] [2026-4-23 14:20:40] Send RPC:3
[Debug] [2026-4-23 14:20:40] Send cmd [Open config cable:20001] OK
[Debug] [2026-4-23 14:20:40] End to send initialize chain cmd.
[Debug] [2026-4-23 14:20:40] COMMAND[check version information] execute successfully, takes 2.9 secs.
[Debug] [2026-4-23 14:20:40] Log::Print : COMMAND[check version information] execute successfully, takes 2.9 secs.
[Debug] [2026-4-23 14:20:44] COMMAND[get_cable_paras] execute successfully, takes 3.7 secs.
[Debug] [2026-4-23 14:20:44] Log::Print : The cable List : 
Cable index 0:USB Cable II/fffffffffffffffe 

[Debug] [2026-4-23 14:20:44] Log::Print : COMMAND[get_cable_paras] execute successfully, takes 3.7 secs.
[Debug] [2026-4-23 14:20:44] begin the exec of open cable cmd...
[Debug] [2026-4-23 14:20:44] Begin to deal with chain from server...
[Debug] [2026-4-23 14:20:44] Begin to set user chain...
[Debug] [2026-4-23 14:20:44] End to set user chain.
[Debug] [2026-4-23 14:20:44] Begin to update graphic item and tree item ...
[Debug] [2026-4-23 14:20:44] End to update graphic item and tree item ...
[Debug] [2026-4-23 14:20:44] Log::Print : PANGO USB CABLE II cable driver: D2XX DLL
[Debug] [2026-4-23 14:20:44] Log::Print : PG2L100H
[Debug] [2026-4-23 14:20:44] Log::Print : This device configure situation (done bit): 1
[Info] [2026-4-23 14:20:47] set OpenLastPath: C:/Users/23694/Desktop/ziguang_project/333/04_camera_pcie_capture_40pin_fmc/project/generate_bitstream/image_pcie_capture.sbit
[Debug] [2026-4-23 14:20:47] begin to get device info from CFG file...
[Debug] [2026-4-23 14:20:47] end to get device info from CFG file...
[Debug] [2026-4-23 14:20:47] Begin to update graphic item and tree item ...
[Debug] [2026-4-23 14:20:47] End to update graphic item and tree item ...
[Debug] [2026-4-23 14:20:47] Begin to update graphic item and tree item ...
[Debug] [2026-4-23 14:20:47] End to update graphic item and tree item ...
[Debug] [2026-4-23 14:20:47] End to deal wiht chain from server.
[Debug] [2026-4-23 14:20:47] end the exec of open cable cmd.
[Debug] [2026-4-23 14:20:47] COMMAND[Open config cable] execute successfully, takes 7.2 secs.
[Debug] [2026-4-23 14:20:47] Log::Print : COMMAND[Open config cable] execute successfully, takes 7.2 secs.
[Debug] [2026-4-23 14:20:54] Begin to send scan outer flash cmd...
[Debug] [2026-4-23 14:20:54] Send RPC:4
[Debug] [2026-4-23 14:20:54] Send cmd [Scan Outer SPI Flash:20300] OK
[Debug] [2026-4-23 14:20:54] End to send scan outer flash cmd.
[Debug] [2026-4-23 14:20:55] begin to exec scan jtag flash cmd...
[Debug] [2026-4-23 14:20:55] Begin to initialize JtagFlash for selected FPGA Device...
[Debug] [2026-4-23 14:20:55] Begin to update graphic item and tree item ...
[Debug] [2026-4-23 14:20:55] End to update graphic item and tree item ...
[Info] [2026-4-23 14:20:56] set OpenLastPath: C:/Users/23694/Desktop/ziguang_project/333/04_camera_pcie_capture_40pin_fmc/project/generate_bitstream/image_pcie_capture.sfc
[Debug] [2026-4-23 14:20:56] begin to check SFC File and Flash Device Read Mode.
[Debug] [2026-4-23 14:20:56] end to check SFC File and Flash Device Read Mode.
[Debug] [2026-4-23 14:20:56] Begin to update graphic item and tree item ...
[Debug] [2026-4-23 14:20:56] End to update graphic item and tree item ...
[Debug] [2026-4-23 14:20:56] End to initialize OuterFlash for selected FPGA Device...
[Debug] [2026-4-23 14:20:56] end to exec scan jtag flash cmd...
[Debug] [2026-4-23 14:20:56] COMMAND[Scan Outer SPI Flash] execute successfully, takes 2.0 secs.
[Debug] [2026-4-23 14:20:56] Log::Print : COMMAND[Scan Outer SPI Flash] execute successfully, takes 2.0 secs.
[Debug] [2026-4-23 14:20:58] begin to send jtag flash erase cmd
[Debug] [2026-4-23 14:20:58] Send RPC:5
[Debug] [2026-4-23 14:20:58] Begin to send embed flash erase data.
[Debug] [2026-4-23 14:20:58] Begin to send flash erase data.
[Debug] [2026-4-23 14:20:58] End to send flash erase data.
[Debug] [2026-4-23 14:20:58] End to send embed flash erase data.
[Debug] [2026-4-23 14:20:58] Send cmd [Erase Outer Flash:20302] OK
[Debug] [2026-4-23 14:20:58] Log::Print : The start address of operating flash is 0x0.
[Debug] [2026-4-23 14:20:58] The value of Progress is 1
[Debug] [2026-4-23 14:20:59] The value of Progress is 6
[Debug] [2026-4-23 14:21:00] The value of Progress is 11
[Debug] [2026-4-23 14:21:01] The value of Progress is 16
[Debug] [2026-4-23 14:21:02] The value of Progress is 20
[Debug] [2026-4-23 14:21:03] The value of Progress is 25
[Debug] [2026-4-23 14:21:04] The value of Progress is 30
[Debug] [2026-4-23 14:21:05] The value of Progress is 37
[Debug] [2026-4-23 14:21:06] The value of Progress is 41
[Debug] [2026-4-23 14:21:06] The value of Progress is 46
[Debug] [2026-4-23 14:21:07] The value of Progress is 51
[Debug] [2026-4-23 14:21:08] The value of Progress is 55
[Debug] [2026-4-23 14:21:09] The value of Progress is 60
[Debug] [2026-4-23 14:21:10] The value of Progress is 65
[Debug] [2026-4-23 14:21:11] The value of Progress is 72
[Debug] [2026-4-23 14:21:11] The value of Progress is 76
[Debug] [2026-4-23 14:21:12] The value of Progress is 81
[Debug] [2026-4-23 14:21:13] The value of Progress is 86
[Debug] [2026-4-23 14:21:14] The value of Progress is 90
[Debug] [2026-4-23 14:21:15] The value of Progress is 95
[Debug] [2026-4-23 14:21:15] The value of Progress is 100
[Debug] [2026-4-23 14:21:15] COMMAND[Erase Outer Flash] execute finish, takes 17.5 secs.
[Debug] [2026-4-23 14:21:15] end to send jtag flash erase cmd.
[Debug] [2026-4-23 14:21:15] Log::Print : COMMAND[Erase Outer Flash] execute finish, takes 17.5 secs.
[Debug] [2026-4-23 14:21:17] begin to send promgram jtag flash cmd.
[Debug] [2026-4-23 14:21:17] begin to send jtag flash erase cmd
[Debug] [2026-4-23 14:21:17] Send RPC:6
[Debug] [2026-4-23 14:21:17] Begin to send embed flash erase data.
[Debug] [2026-4-23 14:21:17] Begin to send flash erase data.
[Debug] [2026-4-23 14:21:17] End to send flash erase data.
[Debug] [2026-4-23 14:21:17] End to send embed flash erase data.
[Debug] [2026-4-23 14:21:17] Send cmd [Erase Outer Flash:20302] OK
[Debug] [2026-4-23 14:21:17] Log::Print : The start address of operating flash is 0x0.
[Debug] [2026-4-23 14:21:17] The value of Progress is 1
[Debug] [2026-4-23 14:21:19] The value of Progress is 6
[Debug] [2026-4-23 14:21:19] The value of Progress is 11
[Debug] [2026-4-23 14:21:20] The value of Progress is 16
[Debug] [2026-4-23 14:21:21] The value of Progress is 20
[Debug] [2026-4-23 14:21:22] The value of Progress is 25
[Debug] [2026-4-23 14:21:23] The value of Progress is 30
[Debug] [2026-4-23 14:21:24] The value of Progress is 37
[Debug] [2026-4-23 14:21:25] The value of Progress is 41
[Debug] [2026-4-23 14:21:26] The value of Progress is 46
[Debug] [2026-4-23 14:21:26] The value of Progress is 51
[Debug] [2026-4-23 14:21:27] The value of Progress is 55
[Debug] [2026-4-23 14:21:28] The value of Progress is 60
[Debug] [2026-4-23 14:21:29] The value of Progress is 65
[Debug] [2026-4-23 14:21:30] The value of Progress is 72
[Debug] [2026-4-23 14:21:31] The value of Progress is 76
[Debug] [2026-4-23 14:21:32] The value of Progress is 81
[Debug] [2026-4-23 14:21:33] The value of Progress is 86
[Debug] [2026-4-23 14:21:33] The value of Progress is 90
[Debug] [2026-4-23 14:21:34] The value of Progress is 95
[Debug] [2026-4-23 14:21:35] The value of Progress is 100
[Debug] [2026-4-23 14:21:35] COMMAND[Erase Outer Flash] execute finish, takes 18.0 secs.
[Debug] [2026-4-23 14:21:35] end to send jtag flash erase cmd.
[Debug] [2026-4-23 14:21:35] Send RPC:7
[Debug] [2026-4-23 14:21:35] Begin to send jtag flash program data.
[Debug] [2026-4-23 14:21:35] Begin to send flash program data.
[Debug] [2026-4-23 14:21:35] End to send flash program data.
[Debug] [2026-4-23 14:21:35] End to send embed flash program data.
[Debug] [2026-4-23 14:21:35] Send cmd [Program Outer Flash:20301] OK
[Debug] [2026-4-23 14:21:35] Log::Print : COMMAND[Erase Outer Flash] execute finish, takes 18.0 secs.
[Debug] [2026-4-23 14:21:35] Log::Print : The start address of operating flash is 0x0.
[Debug] [2026-4-23 14:21:35] The value of Progress is 1
[Debug] [2026-4-23 14:21:38] The value of Progress is 6
[Debug] [2026-4-23 14:21:39] The value of Progress is 10
[Debug] [2026-4-23 14:21:42] The value of Progress is 15
[Debug] [2026-4-23 14:21:45] The value of Progress is 20
[Debug] [2026-4-23 14:21:48] The value of Progress is 25
[Debug] [2026-4-23 14:21:50] The value of Progress is 30
[Debug] [2026-4-23 14:21:53] The value of Progress is 35
[Debug] [2026-4-23 14:21:55] The value of Progress is 40
[Debug] [2026-4-23 14:21:58] The value of Progress is 45
[Debug] [2026-4-23 14:22:01] The value of Progress is 50
[Debug] [2026-4-23 14:22:03] The value of Progress is 55
[Debug] [2026-4-23 14:22:06] The value of Progress is 60
[Debug] [2026-4-23 14:22:08] The value of Progress is 65
[Debug] [2026-4-23 14:22:11] The value of Progress is 70
[Debug] [2026-4-23 14:22:13] The value of Progress is 75
[Debug] [2026-4-23 14:22:16] The value of Progress is 80
[Debug] [2026-4-23 14:22:18] The value of Progress is 85
[Debug] [2026-4-23 14:22:21] The value of Progress is 90
[Debug] [2026-4-23 14:22:23] The value of Progress is 95
[Debug] [2026-4-23 14:22:25] The value of Progress is 100
[Debug] [2026-4-23 14:22:26] COMMAND[Program Outer Flash] execute finish, takes 50.9 secs.
[Debug] [2026-4-23 14:22:26] begin to send jtag flash verify cmd
[Debug] [2026-4-23 14:22:26] Send RPC:8
[Debug] [2026-4-23 14:22:26] Begin to send embed flash verify data.
[Debug] [2026-4-23 14:22:26] Begin to send flash verify data.
[Debug] [2026-4-23 14:22:26] End to send flash verify data.
[Debug] [2026-4-23 14:22:26] End to send embed flash verify data.
[Debug] [2026-4-23 14:22:26] Send cmd [Verify Outer Flash:20303] OK
[Debug] [2026-4-23 14:22:26] Log::Print : COMMAND[Program Outer Flash] execute finish, takes 50.9 secs.
[Debug] [2026-4-23 14:22:26] Log::Print : The start address of operating flash is 0x0.
[Debug] [2026-4-23 14:22:26] The value of Progress is 1
[Debug] [2026-4-23 14:22:26] The value of Progress is 6
[Debug] [2026-4-23 14:22:26] The value of Progress is 10
[Debug] [2026-4-23 14:22:26] The value of Progress is 15
[Debug] [2026-4-23 14:22:26] The value of Progress is 20
[Debug] [2026-4-23 14:22:26] The value of Progress is 25
[Debug] [2026-4-23 14:22:27] The value of Progress is 30
[Debug] [2026-4-23 14:22:27] The value of Progress is 35
[Debug] [2026-4-23 14:22:27] The value of Progress is 40
[Debug] [2026-4-23 14:22:27] The value of Progress is 45
[Debug] [2026-4-23 14:22:27] The value of Progress is 50
[Debug] [2026-4-23 14:22:27] The value of Progress is 55
[Debug] [2026-4-23 14:22:27] The value of Progress is 60
[Debug] [2026-4-23 14:22:28] The value of Progress is 65
[Debug] [2026-4-23 14:22:28] The value of Progress is 70
[Debug] [2026-4-23 14:22:28] The value of Progress is 75
[Debug] [2026-4-23 14:22:28] The value of Progress is 80
[Debug] [2026-4-23 14:22:28] The value of Progress is 85
[Debug] [2026-4-23 14:22:28] The value of Progress is 90
[Debug] [2026-4-23 14:22:28] The value of Progress is 95
[Debug] [2026-4-23 14:22:29] The value of Progress is 100
[Debug] [2026-4-23 14:22:29] COMMAND[Verify Outer Flash] execute successfully, takes 3.2 secs.
[Debug] [2026-4-23 14:22:29] end to send jtag flash verify cmd
[Debug] [2026-4-23 14:22:29] end to send jtag flash program cmd.
[Debug] [2026-4-23 14:22:29] Log::Print : COMMAND[Verify Outer Flash] execute successfully, takes 3.2 secs.
[Info] [2026-4-23 14:30:08] /***************************End Configration***************************/
[Info] [2026-4-23 14:30:15] /***************************Start Configuration***************************/
[Info] [2026-4-23 14:30:15] Path: F:/PDS_2022.2-SP6.4/bin
[Info] [2026-4-23 14:30:15] Version: 146967
[Info] [2026-4-23 14:30:16] Current Path: C:/Users/23694/Desktop/ziguang_project/333/04_camera_pcie_capture_40pin_fmc/project
[Info] [2026-4-23 14:30:16] PDS Dir Path: C:/Users/23694/Desktop/ziguang_project/333/04_camera_pcie_capture_40pin_fmc/project
[Info] [2026-4-23 14:30:20] Configuration is not connect with server. connect first then scan chain.
[Debug] [2026-4-23 14:30:20] Client Local host name:xufei
[Debug] [2026-4-23 14:30:20] Client Local Address:192.168.83.1
[Debug] [2026-4-23 14:30:20] Client Local Address:192.168.189.1
[Debug] [2026-4-23 14:30:20] Client Local Address:172.16.209.126
[Debug] [2026-4-23 14:30:20] Server Address:127.0.0.1, Port:65420
[Debug] [2026-4-23 14:30:20] Log::Print : Connecting to server[127.0.0.1 : 65420].
[Info] [2026-4-23 14:30:20] Connect OK, Server: 127.0.0.1  Port: 65420
[Debug] [2026-4-23 14:30:20] Finish.
[Info] [2026-4-23 14:30:20] Connect server succeeded
[Debug] [2026-4-23 14:30:20] Send RPC:1
[Debug] [2026-4-23 14:30:20] Send cmd [check version information:40004] OK
[Debug] [2026-4-23 14:30:20] Log::Print : Connect to server[127.0.0.1 : 65420] successfully.
[Debug] [2026-4-23 14:30:23] Send RPC:2
[Debug] [2026-4-23 14:30:23] Send cmd [get_cable_paras:40010] OK
[Debug] [2026-4-23 14:30:23] Begin to send initialize chain cmd...
[Debug] [2026-4-23 14:30:23] Send RPC:3
[Debug] [2026-4-23 14:30:23] Send cmd [Open config cable:20001] OK
[Debug] [2026-4-23 14:30:23] End to send initialize chain cmd.
[Debug] [2026-4-23 14:30:23] COMMAND[check version information] execute successfully, takes 3.0 secs.
[Debug] [2026-4-23 14:30:23] Log::Print : COMMAND[check version information] execute successfully, takes 3.0 secs.
[Debug] [2026-4-23 14:30:27] COMMAND[get_cable_paras] execute successfully, takes 3.5 secs.
[Debug] [2026-4-23 14:30:27] Log::Print : The cable List : 
Cable index 0:USB Cable II/fffffffffffffffe 

[Debug] [2026-4-23 14:30:27] Log::Print : COMMAND[get_cable_paras] execute successfully, takes 3.5 secs.
[Debug] [2026-4-23 14:30:27] begin the exec of open cable cmd...
[Debug] [2026-4-23 14:30:27] Begin to deal with chain from server...
[Debug] [2026-4-23 14:30:27] Begin to set user chain...
[Debug] [2026-4-23 14:30:27] End to set user chain.
[Debug] [2026-4-23 14:30:27] Begin to update graphic item and tree item ...
[Debug] [2026-4-23 14:30:27] End to update graphic item and tree item ...
[Debug] [2026-4-23 14:30:27] Log::Print : PANGO USB CABLE II cable driver: D2XX DLL
[Debug] [2026-4-23 14:30:27] Log::Print : PG2L100H
[Debug] [2026-4-23 14:30:27] Log::Print : This device configure situation (done bit): 1
[Info] [2026-4-23 14:30:29] set OpenLastPath: C:/Users/23694/Desktop/ziguang_project/333/04_camera_pcie_capture_40pin_fmc/project/generate_bitstream/image_pcie_capture.sbit
[Debug] [2026-4-23 14:30:29] begin to get device info from CFG file...
[Debug] [2026-4-23 14:30:29] end to get device info from CFG file...
[Debug] [2026-4-23 14:30:29] Begin to update graphic item and tree item ...
[Debug] [2026-4-23 14:30:29] End to update graphic item and tree item ...
[Debug] [2026-4-23 14:30:29] Begin to update graphic item and tree item ...
[Debug] [2026-4-23 14:30:29] End to update graphic item and tree item ...
[Debug] [2026-4-23 14:30:29] End to deal wiht chain from server.
[Debug] [2026-4-23 14:30:29] end the exec of open cable cmd.
[Debug] [2026-4-23 14:30:29] COMMAND[Open config cable] execute successfully, takes 5.9 secs.
[Debug] [2026-4-23 14:30:29] Log::Print : COMMAND[Open config cable] execute successfully, takes 5.9 secs.
[Debug] [2026-4-23 14:30:31] Begin to Converte file.
[Debug] [2026-4-23 14:30:39] begin to parse sfc file.
[Debug] [2026-4-23 14:30:39] begin to get device info from CFG file...
[Debug] [2026-4-23 14:30:39] end to get device info from CFG file...
[Debug] [2026-4-23 14:30:39] begin to get device info from CFG file...
[Debug] [2026-4-23 14:30:39] end to get device info from CFG file...
[Debug] [2026-4-23 14:30:39] end to parse sfc file.
[Debug] [2026-4-23 14:30:39] Log::Print : The Start Address of bit file C:/Users/23694/Desktop/ziguang_project/333/04_camera_pcie_capture_40pin_fmc/project/generate_bitstream/image_pcie_capture.sbit: 0x0
[Debug] [2026-4-23 14:30:40] End to Converte file.
[Debug] [2026-4-23 14:30:53] Begin to send scan outer flash cmd...
[Debug] [2026-4-23 14:30:53] Send RPC:4
[Debug] [2026-4-23 14:30:53] Send cmd [Scan Outer SPI Flash:20300] OK
[Debug] [2026-4-23 14:30:53] End to send scan outer flash cmd.
[Debug] [2026-4-23 14:30:53] begin to exec scan jtag flash cmd...
[Debug] [2026-4-23 14:30:53] Begin to initialize JtagFlash for selected FPGA Device...
[Debug] [2026-4-23 14:30:53] Begin to update graphic item and tree item ...
[Debug] [2026-4-23 14:30:53] End to update graphic item and tree item ...
[Info] [2026-4-23 14:30:55] set OpenLastPath: C:/Users/23694/Desktop/ziguang_project/333/04_camera_pcie_capture_40pin_fmc/project/generate_bitstream/image_pcie_capture.sfc
[Debug] [2026-4-23 14:30:55] begin to check SFC File and Flash Device Read Mode.
[Debug] [2026-4-23 14:30:55] end to check SFC File and Flash Device Read Mode.
[Debug] [2026-4-23 14:30:55] Begin to update graphic item and tree item ...
[Debug] [2026-4-23 14:30:55] End to update graphic item and tree item ...
[Debug] [2026-4-23 14:30:55] End to initialize OuterFlash for selected FPGA Device...
[Debug] [2026-4-23 14:30:55] end to exec scan jtag flash cmd...
[Debug] [2026-4-23 14:30:55] COMMAND[Scan Outer SPI Flash] execute successfully, takes 2.3 secs.
[Debug] [2026-4-23 14:30:55] Log::Print : COMMAND[Scan Outer SPI Flash] execute successfully, takes 2.3 secs.
[Debug] [2026-4-23 14:30:57] begin to send promgram jtag flash cmd.
[Debug] [2026-4-23 14:30:57] begin to send jtag flash erase cmd
[Debug] [2026-4-23 14:30:57] Send RPC:5
[Debug] [2026-4-23 14:30:57] Begin to send embed flash erase data.
[Debug] [2026-4-23 14:30:57] Begin to send flash erase data.
[Debug] [2026-4-23 14:30:57] End to send flash erase data.
[Debug] [2026-4-23 14:30:57] End to send embed flash erase data.
[Debug] [2026-4-23 14:30:57] Send cmd [Erase Outer Flash:20302] OK
[Debug] [2026-4-23 14:30:57] Log::Print : The start address of operating flash is 0x0.
[Debug] [2026-4-23 14:30:57] The value of Progress is 1
[Debug] [2026-4-23 14:30:59] The value of Progress is 6
[Debug] [2026-4-23 14:31:00] The value of Progress is 11
[Debug] [2026-4-23 14:31:01] The value of Progress is 16
[Debug] [2026-4-23 14:31:01] The value of Progress is 20
[Debug] [2026-4-23 14:31:02] The value of Progress is 25
[Debug] [2026-4-23 14:31:03] The value of Progress is 30
[Debug] [2026-4-23 14:31:04] The value of Progress is 37
[Debug] [2026-4-23 14:31:05] The value of Progress is 41
[Debug] [2026-4-23 14:31:06] The value of Progress is 46
[Debug] [2026-4-23 14:31:07] The value of Progress is 51
[Debug] [2026-4-23 14:31:08] The value of Progress is 55
[Debug] [2026-4-23 14:31:08] The value of Progress is 60
[Debug] [2026-4-23 14:31:09] The value of Progress is 65
[Debug] [2026-4-23 14:31:10] The value of Progress is 72
[Debug] [2026-4-23 14:31:11] The value of Progress is 76
[Debug] [2026-4-23 14:31:12] The value of Progress is 81
[Debug] [2026-4-23 14:31:13] The value of Progress is 86
[Debug] [2026-4-23 14:31:13] The value of Progress is 90
[Debug] [2026-4-23 14:31:14] The value of Progress is 95
[Debug] [2026-4-23 14:31:15] The value of Progress is 100
[Debug] [2026-4-23 14:31:15] COMMAND[Erase Outer Flash] execute finish, takes 17.4 secs.
[Debug] [2026-4-23 14:31:15] end to send jtag flash erase cmd.
[Debug] [2026-4-23 14:31:15] Send RPC:6
[Debug] [2026-4-23 14:31:15] Begin to send jtag flash program data.
[Debug] [2026-4-23 14:31:15] Begin to send flash program data.
[Debug] [2026-4-23 14:31:15] End to send flash program data.
[Debug] [2026-4-23 14:31:15] End to send embed flash program data.
[Debug] [2026-4-23 14:31:15] Send cmd [Program Outer Flash:20301] OK
[Debug] [2026-4-23 14:31:15] Log::Print : COMMAND[Erase Outer Flash] execute finish, takes 17.4 secs.
[Debug] [2026-4-23 14:31:15] Log::Print : The start address of operating flash is 0x0.
[Debug] [2026-4-23 14:31:15] The value of Progress is 1
[Debug] [2026-4-23 14:31:18] The value of Progress is 6
[Debug] [2026-4-23 14:31:20] The value of Progress is 10
[Debug] [2026-4-23 14:31:22] The value of Progress is 15
[Debug] [2026-4-23 14:31:24] The value of Progress is 20
[Debug] [2026-4-23 14:31:26] The value of Progress is 25
[Debug] [2026-4-23 14:31:29] The value of Progress is 30
[Debug] [2026-4-23 14:31:31] The value of Progress is 35
[Debug] [2026-4-23 14:31:33] The value of Progress is 40
[Debug] [2026-4-23 14:31:37] The value of Progress is 45
[Debug] [2026-4-23 14:31:43] The value of Progress is 50
[Debug] [2026-4-23 14:31:50] The value of Progress is 55
[Debug] [2026-4-23 14:31:56] The value of Progress is 60
[Debug] [2026-4-23 14:32:01] The value of Progress is 65
[Debug] [2026-4-23 14:32:06] The value of Progress is 70
[Debug] [2026-4-23 14:32:10] The value of Progress is 75
[Debug] [2026-4-23 14:32:14] The value of Progress is 80
[Debug] [2026-4-23 14:32:18] The value of Progress is 85
[Debug] [2026-4-23 14:32:21] The value of Progress is 90
[Debug] [2026-4-23 14:32:24] The value of Progress is 95
[Debug] [2026-4-23 14:32:27] The value of Progress is 100
[Debug] [2026-4-23 14:32:28] COMMAND[Program Outer Flash] execute finish, takes 73.0 secs.
[Debug] [2026-4-23 14:32:28] begin to send jtag flash verify cmd
[Debug] [2026-4-23 14:32:28] Send RPC:7
[Debug] [2026-4-23 14:32:28] Begin to send embed flash verify data.
[Debug] [2026-4-23 14:32:28] Begin to send flash verify data.
[Debug] [2026-4-23 14:32:28] End to send flash verify data.
[Debug] [2026-4-23 14:32:28] End to send embed flash verify data.
[Debug] [2026-4-23 14:32:28] Send cmd [Verify Outer Flash:20303] OK
[Debug] [2026-4-23 14:32:28] Log::Print : COMMAND[Program Outer Flash] execute finish, takes 73.0 secs.
[Debug] [2026-4-23 14:32:28] Log::Print : The start address of operating flash is 0x0.
[Debug] [2026-4-23 14:32:28] The value of Progress is 1
[Debug] [2026-4-23 14:32:28] The value of Progress is 6
[Debug] [2026-4-23 14:32:28] The value of Progress is 10
[Debug] [2026-4-23 14:32:28] The value of Progress is 15
[Debug] [2026-4-23 14:32:28] The value of Progress is 20
[Debug] [2026-4-23 14:32:28] The value of Progress is 25
[Debug] [2026-4-23 14:32:29] The value of Progress is 30
[Debug] [2026-4-23 14:32:29] The value of Progress is 35
[Debug] [2026-4-23 14:32:29] The value of Progress is 40
[Debug] [2026-4-23 14:32:29] The value of Progress is 45
[Debug] [2026-4-23 14:32:29] The value of Progress is 50
[Debug] [2026-4-23 14:32:29] The value of Progress is 55
[Debug] [2026-4-23 14:32:30] The value of Progress is 60
[Debug] [2026-4-23 14:32:30] The value of Progress is 65
[Debug] [2026-4-23 14:32:30] The value of Progress is 70
[Debug] [2026-4-23 14:32:30] The value of Progress is 75
[Debug] [2026-4-23 14:32:30] The value of Progress is 80
[Debug] [2026-4-23 14:32:30] The value of Progress is 85
[Debug] [2026-4-23 14:32:30] The value of Progress is 90
[Debug] [2026-4-23 14:32:31] The value of Progress is 95
[Debug] [2026-4-23 14:32:31] The value of Progress is 100
[Debug] [2026-4-23 14:32:31] COMMAND[Verify Outer Flash] execute successfully, takes 3.3 secs.
[Debug] [2026-4-23 14:32:31] end to send jtag flash verify cmd
[Debug] [2026-4-23 14:32:31] end to send jtag flash program cmd.
[Debug] [2026-4-23 14:32:31] Log::Print : COMMAND[Verify Outer Flash] execute successfully, takes 3.3 secs.
[Info] [2026-4-23 14:46:01] /***************************End Configration***************************/
[Info] [2026-4-28 12:32:11] /***************************Start Configuration***************************/
[Info] [2026-4-28 12:32:11] Path: F:/PDS_2022.2-SP6.4/bin
[Info] [2026-4-28 12:32:11] Version: 146967
[Info] [2026-4-28 12:32:12] Current Path: C:/Users/23694/Desktop/ziguang_project/333/04_camera_pcie_capture_40pin_fmc/project
[Info] [2026-4-28 12:32:12] PDS Dir Path: C:/Users/23694/Desktop/ziguang_project/333/04_camera_pcie_capture_40pin_fmc/project
[Info] [2026-4-28 12:32:14] Configuration is not connect with server. connect first then scan chain.
[Debug] [2026-4-28 12:32:14] Client Local host name:xufei
[Debug] [2026-4-28 12:32:14] Client Local Address:192.168.83.1
[Debug] [2026-4-28 12:32:14] Client Local Address:192.168.189.1
[Debug] [2026-4-28 12:32:14] Client Local Address:172.16.209.126
[Debug] [2026-4-28 12:32:14] Server Address:127.0.0.1, Port:65420
[Debug] [2026-4-28 12:32:14] Log::Print : Connecting to server[127.0.0.1 : 65420].
[Info] [2026-4-28 12:32:14] Connect OK, Server: 127.0.0.1  Port: 65420
[Debug] [2026-4-28 12:32:14] Finish.
[Info] [2026-4-28 12:32:14] Connect server succeeded
[Debug] [2026-4-28 12:32:14] Send RPC:1
[Debug] [2026-4-28 12:32:14] Send cmd [check version information:40004] OK
[Debug] [2026-4-28 12:32:14] Log::Print : Connect to server[127.0.0.1 : 65420] successfully.
[Debug] [2026-4-28 12:32:19] Send RPC:2
[Debug] [2026-4-28 12:32:19] Send cmd [get_cable_paras:40010] OK
[Debug] [2026-4-28 12:32:19] Begin to send initialize chain cmd...
[Debug] [2026-4-28 12:32:19] Send RPC:3
[Debug] [2026-4-28 12:32:19] Send cmd [Open config cable:20001] OK
[Debug] [2026-4-28 12:32:19] End to send initialize chain cmd.
[Debug] [2026-4-28 12:32:19] COMMAND[check version information] execute successfully, takes 4.2 secs.
[Debug] [2026-4-28 12:32:19] Log::Print : COMMAND[check version information] execute successfully, takes 4.2 secs.
[Debug] [2026-4-28 12:32:24] COMMAND[get_cable_paras] execute successfully, takes 5.2 secs.
[Debug] [2026-4-28 12:32:24] Log::Print : The cable List : 

[Debug] [2026-4-28 12:32:24] Log::Print : COMMAND[get_cable_paras] execute successfully, takes 5.2 secs.
[Error] [2026-4-28 12:32:24] fail to exec Open config cable cmd...
[Error] [2026-4-28 12:32:24] MsgOut: JtagServer-0306: No devices detected while scanning the JTAG chain, failed detecting JTAG device chain.
[Warn] [2026-4-28 12:32:24] MsgOut: Please check the device power, cable connection situation and whether put the chip in the right way or not.
   If these do not work, try to restart the software.
[Error] [2026-4-28 12:32:24] MsgOut: Configuration-0008: The command 'Open config cable' execute fail.
[Debug] [2026-4-28 12:32:37] Begin to send initialize chain cmd...
[Debug] [2026-4-28 12:32:37] Send RPC:4
[Debug] [2026-4-28 12:32:37] Send cmd [Open config cable:20001] OK
[Debug] [2026-4-28 12:32:37] End to send initialize chain cmd.
[Error] [2026-4-28 12:32:37] fail to exec Open config cable cmd...
[Error] [2026-4-28 12:32:37] MsgOut: JtagServer-0306: No devices detected while scanning the JTAG chain, failed detecting JTAG device chain.
[Warn] [2026-4-28 12:32:37] MsgOut: Please check the device power, cable connection situation and whether put the chip in the right way or not.
   If these do not work, try to restart the software.
[Error] [2026-4-28 12:32:37] MsgOut: Configuration-0008: The command 'Open config cable' execute fail.
[Debug] [2026-4-28 12:33:01] Begin to send initialize chain cmd...
[Debug] [2026-4-28 12:33:01] Send RPC:5
[Debug] [2026-4-28 12:33:01] Send cmd [Open config cable:20001] OK
[Debug] [2026-4-28 12:33:01] End to send initialize chain cmd.
[Error] [2026-4-28 12:33:01] fail to exec Open config cable cmd...
[Error] [2026-4-28 12:33:01] MsgOut: JtagServer-0306: No devices detected while scanning the JTAG chain, failed detecting JTAG device chain.
[Warn] [2026-4-28 12:33:01] MsgOut: Please check the device power, cable connection situation and whether put the chip in the right way or not.
   If these do not work, try to restart the software.
[Error] [2026-4-28 12:33:01] MsgOut: Configuration-0008: The command 'Open config cable' execute fail.
[Debug] [2026-4-28 12:33:16] Begin to send initialize chain cmd...
[Debug] [2026-4-28 12:33:16] Send RPC:6
[Debug] [2026-4-28 12:33:16] Send cmd [Open config cable:20001] OK
[Debug] [2026-4-28 12:33:16] End to send initialize chain cmd.
[Error] [2026-4-28 12:33:16] fail to exec Open config cable cmd...
[Error] [2026-4-28 12:33:16] MsgOut: JtagServer-0306: No devices detected while scanning the JTAG chain, failed detecting JTAG device chain.
[Warn] [2026-4-28 12:33:16] MsgOut: Please check the device power, cable connection situation and whether put the chip in the right way or not.
   If these do not work, try to restart the software.
[Error] [2026-4-28 12:33:16] MsgOut: Configuration-0008: The command 'Open config cable' execute fail.
[Info] [2026-4-28 12:33:17] /***************************End Configration***************************/
[Info] [2026-4-28 12:33:18] /***************************Start Configuration***************************/
[Info] [2026-4-28 12:33:18] Path: F:/PDS_2022.2-SP6.4/bin
[Info] [2026-4-28 12:33:18] Version: 146967
[Info] [2026-4-28 12:33:19] Current Path: C:/Users/23694/Desktop/ziguang_project/333/04_camera_pcie_capture_40pin_fmc/project
[Info] [2026-4-28 12:33:19] PDS Dir Path: C:/Users/23694/Desktop/ziguang_project/333/04_camera_pcie_capture_40pin_fmc/project
[Info] [2026-4-28 12:33:57] Configuration is not connect with server. connect first then scan chain.
[Debug] [2026-4-28 12:33:57] Client Local host name:xufei
[Debug] [2026-4-28 12:33:57] Client Local Address:192.168.83.1
[Debug] [2026-4-28 12:33:57] Client Local Address:192.168.189.1
[Debug] [2026-4-28 12:33:57] Client Local Address:172.16.209.126
[Debug] [2026-4-28 12:33:57] Server Address:127.0.0.1, Port:65420
[Debug] [2026-4-28 12:33:57] Log::Print : Connecting to server[127.0.0.1 : 65420].
[Info] [2026-4-28 12:33:58] Connect OK, Server: 127.0.0.1  Port: 65420
[Debug] [2026-4-28 12:33:58] Finish.
[Info] [2026-4-28 12:33:58] Connect server succeeded
[Debug] [2026-4-28 12:33:58] Send RPC:1
[Debug] [2026-4-28 12:33:58] Send cmd [check version information:40004] OK
[Debug] [2026-4-28 12:33:58] Log::Print : Connect to server[127.0.0.1 : 65420] successfully.
[Debug] [2026-4-28 12:34:01] Send RPC:2
[Debug] [2026-4-28 12:34:01] Send cmd [get_cable_paras:40010] OK
[Debug] [2026-4-28 12:34:01] Begin to send initialize chain cmd...
[Debug] [2026-4-28 12:34:01] Send RPC:3
[Debug] [2026-4-28 12:34:01] Send cmd [Open config cable:20001] OK
[Debug] [2026-4-28 12:34:01] End to send initialize chain cmd.
[Debug] [2026-4-28 12:34:01] COMMAND[check version information] execute successfully, takes 3.0 secs.
[Debug] [2026-4-28 12:34:01] Log::Print : COMMAND[check version information] execute successfully, takes 3.0 secs.
[Debug] [2026-4-28 12:34:04] COMMAND[get_cable_paras] execute successfully, takes 3.6 secs.
[Debug] [2026-4-28 12:34:04] Log::Print : The cable List : 
Cable index 0:USB Cable II/fffffffffffffffe 

[Debug] [2026-4-28 12:34:04] Log::Print : COMMAND[get_cable_paras] execute successfully, takes 3.6 secs.
[Debug] [2026-4-28 12:34:05] begin the exec of open cable cmd...
[Debug] [2026-4-28 12:34:05] Begin to deal with chain from server...
[Debug] [2026-4-28 12:34:05] Begin to set user chain...
[Debug] [2026-4-28 12:34:05] End to set user chain.
[Debug] [2026-4-28 12:34:05] Begin to update graphic item and tree item ...
[Debug] [2026-4-28 12:34:05] End to update graphic item and tree item ...
[Debug] [2026-4-28 12:34:05] Log::Print : PANGO USB CABLE II cable driver: D2XX DLL
[Debug] [2026-4-28 12:34:05] Log::Print : PG2L100H
[Debug] [2026-4-28 12:34:05] Log::Print : This device configure situation (done bit): 1
[Info] [2026-4-28 12:34:22] set OpenLastPath: C:/Users/23694/Desktop/ziguang_project/333/04_camera_pcie_capture_40pin_fmc/project/generate_bitstream/image_pcie_capture.sbit
[Debug] [2026-4-28 12:34:22] begin to get device info from CFG file...
[Debug] [2026-4-28 12:34:22] end to get device info from CFG file...
[Debug] [2026-4-28 12:34:22] Begin to update graphic item and tree item ...
[Debug] [2026-4-28 12:34:22] End to update graphic item and tree item ...
[Debug] [2026-4-28 12:34:22] Begin to update graphic item and tree item ...
[Debug] [2026-4-28 12:34:22] End to update graphic item and tree item ...
[Debug] [2026-4-28 12:34:22] End to deal wiht chain from server.
[Debug] [2026-4-28 12:34:22] end the exec of open cable cmd.
[Debug] [2026-4-28 12:34:22] COMMAND[Open config cable] execute successfully, takes 21.4 secs.
[Debug] [2026-4-28 12:34:22] Log::Print : COMMAND[Open config cable] execute successfully, takes 21.4 secs.
[Debug] [2026-4-28 12:34:28] Begin to send scan outer flash cmd...
[Debug] [2026-4-28 12:34:28] Send RPC:4
[Debug] [2026-4-28 12:34:28] Send cmd [Scan Outer SPI Flash:20300] OK
[Debug] [2026-4-28 12:34:28] End to send scan outer flash cmd.
[Debug] [2026-4-28 12:34:29] begin to exec scan jtag flash cmd...
[Debug] [2026-4-28 12:34:29] Begin to initialize JtagFlash for selected FPGA Device...
[Debug] [2026-4-28 12:34:29] Begin to update graphic item and tree item ...
[Debug] [2026-4-28 12:34:29] End to update graphic item and tree item ...
[Info] [2026-4-28 12:34:31] set OpenLastPath: C:/Users/23694/Desktop/ziguang_project/333/04_camera_pcie_capture_40pin_fmc/project/generate_bitstream/image_pcie_capture.sfc
[Debug] [2026-4-28 12:34:31] begin to check SFC File and Flash Device Read Mode.
[Debug] [2026-4-28 12:34:31] end to check SFC File and Flash Device Read Mode.
[Debug] [2026-4-28 12:34:31] Begin to update graphic item and tree item ...
[Debug] [2026-4-28 12:34:31] End to update graphic item and tree item ...
[Debug] [2026-4-28 12:34:31] End to initialize OuterFlash for selected FPGA Device...
[Debug] [2026-4-28 12:34:31] end to exec scan jtag flash cmd...
[Debug] [2026-4-28 12:34:31] COMMAND[Scan Outer SPI Flash] execute successfully, takes 2.4 secs.
[Debug] [2026-4-28 12:34:31] Log::Print : COMMAND[Scan Outer SPI Flash] execute successfully, takes 2.4 secs.
[Debug] [2026-4-28 12:34:32] begin to send promgram jtag flash cmd.
[Debug] [2026-4-28 12:34:32] begin to send jtag flash erase cmd
[Debug] [2026-4-28 12:34:32] Send RPC:5
[Debug] [2026-4-28 12:34:32] Begin to send embed flash erase data.
[Debug] [2026-4-28 12:34:32] Begin to send flash erase data.
[Debug] [2026-4-28 12:34:32] End to send flash erase data.
[Debug] [2026-4-28 12:34:32] End to send embed flash erase data.
[Debug] [2026-4-28 12:34:32] Send cmd [Erase Outer Flash:20302] OK
[Debug] [2026-4-28 12:34:32] Log::Print : The start address of operating flash is 0x0.
[Debug] [2026-4-28 12:34:32] The value of Progress is 1
[Debug] [2026-4-28 12:34:34] The value of Progress is 6
[Debug] [2026-4-28 12:34:35] The value of Progress is 11
[Debug] [2026-4-28 12:34:35] The value of Progress is 16
[Debug] [2026-4-28 12:34:36] The value of Progress is 20
[Debug] [2026-4-28 12:34:37] The value of Progress is 25
[Debug] [2026-4-28 12:34:38] The value of Progress is 30
[Debug] [2026-4-28 12:34:39] The value of Progress is 37
[Debug] [2026-4-28 12:34:40] The value of Progress is 41
[Debug] [2026-4-28 12:34:41] The value of Progress is 46
[Debug] [2026-4-28 12:34:41] The value of Progress is 51
[Debug] [2026-4-28 12:34:42] The value of Progress is 55
[Debug] [2026-4-28 12:34:43] The value of Progress is 60
[Debug] [2026-4-28 12:34:44] The value of Progress is 65
[Debug] [2026-4-28 12:34:45] The value of Progress is 72
[Debug] [2026-4-28 12:34:46] The value of Progress is 76
[Debug] [2026-4-28 12:34:47] The value of Progress is 81
[Debug] [2026-4-28 12:34:47] The value of Progress is 86
[Debug] [2026-4-28 12:34:48] The value of Progress is 90
[Debug] [2026-4-28 12:34:49] The value of Progress is 95
[Debug] [2026-4-28 12:34:49] The value of Progress is 100
[Debug] [2026-4-28 12:34:49] COMMAND[Erase Outer Flash] execute finish, takes 17.5 secs.
[Debug] [2026-4-28 12:34:49] end to send jtag flash erase cmd.
[Debug] [2026-4-28 12:34:49] Send RPC:6
[Debug] [2026-4-28 12:34:49] Begin to send jtag flash program data.
[Debug] [2026-4-28 12:34:49] Begin to send flash program data.
[Debug] [2026-4-28 12:34:49] End to send flash program data.
[Debug] [2026-4-28 12:34:49] End to send embed flash program data.
[Debug] [2026-4-28 12:34:49] Send cmd [Program Outer Flash:20301] OK
[Debug] [2026-4-28 12:34:50] Log::Print : COMMAND[Erase Outer Flash] execute finish, takes 17.5 secs.
[Debug] [2026-4-28 12:34:50] Log::Print : The start address of operating flash is 0x0.
[Debug] [2026-4-28 12:34:50] The value of Progress is 1
[Debug] [2026-4-28 12:34:52] The value of Progress is 6
[Debug] [2026-4-28 12:34:54] The value of Progress is 10
[Debug] [2026-4-28 12:34:57] The value of Progress is 15
[Debug] [2026-4-28 12:34:59] The value of Progress is 20
[Debug] [2026-4-28 12:35:02] The value of Progress is 25
[Debug] [2026-4-28 12:35:05] The value of Progress is 30
[Debug] [2026-4-28 12:35:08] The value of Progress is 35
[Debug] [2026-4-28 12:35:10] The value of Progress is 40
[Debug] [2026-4-28 12:35:13] The value of Progress is 45
[Debug] [2026-4-28 12:35:16] The value of Progress is 50
[Debug] [2026-4-28 12:35:19] The value of Progress is 55
[Debug] [2026-4-28 12:35:22] The value of Progress is 60
[Debug] [2026-4-28 12:35:24] The value of Progress is 65
[Debug] [2026-4-28 12:35:27] The value of Progress is 70
[Debug] [2026-4-28 12:35:30] The value of Progress is 75
[Debug] [2026-4-28 12:35:32] The value of Progress is 80
[Debug] [2026-4-28 12:35:35] The value of Progress is 85
[Debug] [2026-4-28 12:35:38] The value of Progress is 90
[Debug] [2026-4-28 12:35:40] The value of Progress is 95
[Debug] [2026-4-28 12:35:43] The value of Progress is 100
[Debug] [2026-4-28 12:35:43] COMMAND[Program Outer Flash] execute finish, takes 53.4 secs.
[Debug] [2026-4-28 12:35:43] begin to send jtag flash verify cmd
[Debug] [2026-4-28 12:35:43] Send RPC:7
[Debug] [2026-4-28 12:35:43] Begin to send embed flash verify data.
[Debug] [2026-4-28 12:35:43] Begin to send flash verify data.
[Debug] [2026-4-28 12:35:43] End to send flash verify data.
[Debug] [2026-4-28 12:35:43] End to send embed flash verify data.
[Debug] [2026-4-28 12:35:43] Send cmd [Verify Outer Flash:20303] OK
[Debug] [2026-4-28 12:35:43] Log::Print : COMMAND[Program Outer Flash] execute finish, takes 53.4 secs.
[Debug] [2026-4-28 12:35:43] Log::Print : The start address of operating flash is 0x0.
[Debug] [2026-4-28 12:35:43] The value of Progress is 1
[Debug] [2026-4-28 12:35:43] The value of Progress is 6
[Debug] [2026-4-28 12:35:43] The value of Progress is 10
[Debug] [2026-4-28 12:35:43] The value of Progress is 15
[Debug] [2026-4-28 12:35:44] The value of Progress is 20
[Debug] [2026-4-28 12:35:44] The value of Progress is 25
[Debug] [2026-4-28 12:35:44] The value of Progress is 30
[Debug] [2026-4-28 12:35:44] The value of Progress is 35
[Debug] [2026-4-28 12:35:44] The value of Progress is 40
[Debug] [2026-4-28 12:35:44] The value of Progress is 45
[Debug] [2026-4-28 12:35:44] The value of Progress is 50
[Debug] [2026-4-28 12:35:45] The value of Progress is 55
[Debug] [2026-4-28 12:35:45] The value of Progress is 60
[Debug] [2026-4-28 12:35:45] The value of Progress is 65
[Debug] [2026-4-28 12:35:45] The value of Progress is 70
[Debug] [2026-4-28 12:35:45] The value of Progress is 75
[Debug] [2026-4-28 12:35:45] The value of Progress is 80
[Debug] [2026-4-28 12:35:45] The value of Progress is 85
[Debug] [2026-4-28 12:35:46] The value of Progress is 90
[Debug] [2026-4-28 12:35:46] The value of Progress is 95
[Debug] [2026-4-28 12:35:46] The value of Progress is 100
[Debug] [2026-4-28 12:35:46] COMMAND[Verify Outer Flash] execute successfully, takes 3.0 secs.
[Debug] [2026-4-28 12:35:46] end to send jtag flash verify cmd
[Debug] [2026-4-28 12:35:46] end to send jtag flash program cmd.
[Debug] [2026-4-28 12:35:46] Log::Print : COMMAND[Verify Outer Flash] execute successfully, takes 3.0 secs.
[Info] [2026-4-28 16:28:02] /***************************End Configration***************************/
[Info] [2026-4-30 09:39:01] /***************************Start Configuration***************************/
[Info] [2026-4-30 09:39:01] Path: F:/PDS_2022.2-SP6.4/bin
[Info] [2026-4-30 09:39:01] Version: 146967
[Info] [2026-4-30 09:39:02] Current Path: C:/Users/23694/Desktop/ziguang_project/333/04_camera_pcie_capture_40pin_fmc/project
[Info] [2026-4-30 09:39:02] PDS Dir Path: C:/Users/23694/Desktop/ziguang_project/333/04_camera_pcie_capture_40pin_fmc/project
[Info] [2026-4-30 09:39:05] Configuration is not connect with server. connect first then scan chain.
[Debug] [2026-4-30 09:39:05] Client Local host name:xufei
[Debug] [2026-4-30 09:39:05] Client Local Address:192.168.83.1
[Debug] [2026-4-30 09:39:05] Client Local Address:192.168.189.1
[Debug] [2026-4-30 09:39:05] Client Local Address:172.16.209.126
[Debug] [2026-4-30 09:39:05] Server Address:127.0.0.1, Port:65420
[Debug] [2026-4-30 09:39:05] Log::Print : Connecting to server[127.0.0.1 : 65420].
[Info] [2026-4-30 09:39:07] Connect OK, Server: 127.0.0.1  Port: 65420
[Debug] [2026-4-30 09:39:07] Finish.
[Info] [2026-4-30 09:39:07] Connect server succeeded
[Debug] [2026-4-30 09:39:07] Send RPC:1
[Debug] [2026-4-30 09:39:07] Send cmd [check version information:40004] OK
[Debug] [2026-4-30 09:39:07] Log::Print : Connect to server[127.0.0.1 : 65420] successfully.
[Debug] [2026-4-30 09:39:11] Send RPC:2
[Debug] [2026-4-30 09:39:11] Send cmd [get_cable_paras:40010] OK
[Debug] [2026-4-30 09:39:11] Begin to send initialize chain cmd...
[Debug] [2026-4-30 09:39:11] Send RPC:3
[Debug] [2026-4-30 09:39:11] Send cmd [Open config cable:20001] OK
[Debug] [2026-4-30 09:39:11] End to send initialize chain cmd.
[Debug] [2026-4-30 09:39:11] COMMAND[check version information] execute successfully, takes 4.6 secs.
[Debug] [2026-4-30 09:39:11] Log::Print : COMMAND[check version information] execute successfully, takes 4.6 secs.
[Debug] [2026-4-30 09:39:16] COMMAND[get_cable_paras] execute successfully, takes 4.9 secs.
[Debug] [2026-4-30 09:39:16] Log::Print : The cable List : 

[Debug] [2026-4-30 09:39:16] Log::Print : COMMAND[get_cable_paras] execute successfully, takes 4.9 secs.
[Error] [2026-4-30 09:39:16] fail to exec Open config cable cmd...
[Error] [2026-4-30 09:39:16] MsgOut: JtagServer-0306: No devices detected while scanning the JTAG chain, failed detecting JTAG device chain.
[Warn] [2026-4-30 09:39:16] MsgOut: Please check the device power, cable connection situation and whether put the chip in the right way or not.
   If these do not work, try to restart the software.
[Error] [2026-4-30 09:39:16] MsgOut: Configuration-0008: The command 'Open config cable' execute fail.
[Info] [2026-4-30 09:39:19] /***************************End Configration***************************/
