[Info] [2026-4-29 17:04:26] /***************************Start jtagserver***************************/
[Info] [2026-4-29 17:04:26] Path: F:/PDS_2022.2-SP6.4/bin
[Info] [2026-4-29 17:04:26] Version: 146967
[Debug] [2026-4-29 17:04:26] Add a new user_thread, socket descriptor is 1060 user_thread id is 0000000000000058
[Debug] [2026-4-29 17:04:26] After adding, map size is : 1
[Debug] [2026-4-29 17:04:26] Add a new user_thread, socket descriptor is 1040 user_thread id is 0000000000000058
[Debug] [2026-4-29 17:04:26] After adding, map size is : 2
[Debug] [2026-4-29 17:04:26] IP address of connecting client is : ::ffff:127.0.0.1IP address of connecting client is : ::ffff:127.0.0.1
[Debug] [2026-4-29 17:04:26] IP address of connecting client is : ::ffff:127.0.0.1IP address of connecting client is : ::ffff:127.0.0.1
[Debug] [2026-4-29 17:04:26] Remove the header data from the client, index : 0
[Debug] [2026-4-29 17:04:26] _total_bytes_size : 160
[Debug] [2026-4-29 17:04:26] Remove the header data from the client, index : 0
[Debug] [2026-4-29 17:04:26] _total_bytes_size : 96
[Debug] [2026-4-29 17:04:26] cmd id :40010cmd name : get_cable_paras
[Debug] [2026-4-29 17:04:27] cmd operation get_cable_paras releases locker
[Debug] [2026-4-29 17:04:27] Remove the header data from the client, index : 0
[Debug] [2026-4-29 17:04:27] _total_bytes_size : 101
[Debug] [2026-4-29 17:04:27] cmd id :20001cmd name : Open config cable
[Debug] [2026-4-29 17:04:27] the idcode from the scanning is: 0x50602899
[Debug] [2026-4-29 17:04:27] the idcode from the scanning is: 0x0
[Debug] [2026-4-29 17:04:27] the idcode from the scanning is: 0x0
[Debug] [2026-4-29 17:04:27] the idcode from the scanning is: 0x0
[Debug] [2026-4-29 17:04:27] the idcode from the scanning is: 0x0
[Debug] [2026-4-29 17:04:28] cmd operation Open config cable releases locker
[Debug] [2026-4-29 17:04:33] Remove the header data from the client, index : 0
[Debug] [2026-4-29 17:04:33] _total_bytes_size : 341
[Debug] [2026-4-29 17:04:33] cmd id :4f4ccmd name : Scan Outer SPI Flash
[Debug] [2026-4-29 17:04:33] the idcode from the scanning is: 0x50602899
[Debug] [2026-4-29 17:04:33] the idcode from the scanning is: 0x0
[Debug] [2026-4-29 17:04:33] the idcode from the scanning is: 0x0
[Debug] [2026-4-29 17:04:33] the idcode from the scanning is: 0x0
[Debug] [2026-4-29 17:04:33] the idcode from the scanning is: 0x0
[Debug] [2026-4-29 17:04:33] the value in the status register is :81ffca0
[Debug] [2026-4-29 17:04:33] flash_id is 1c7118
[Debug] [2026-4-29 17:04:33] cmd operation Scan Outer SPI Flash releases locker
[Debug] [2026-4-29 17:04:37] Remove the header data from the client, index : 0
[Debug] [2026-4-29 17:04:37] _total_bytes_size : 4ee
[Debug] [2026-4-29 17:04:37] cmd id :4f4ecmd name : Erase Outer Flash
[Debug] [2026-4-29 17:04:37] begin to operate flash: cmd id = 4f4e
[Debug] [2026-4-29 17:04:38] the idcode from the scanning is: 0x50602899
[Debug] [2026-4-29 17:04:38] the idcode from the scanning is: 0x0
[Debug] [2026-4-29 17:04:38] the idcode from the scanning is: 0x0
[Debug] [2026-4-29 17:04:38] the idcode from the scanning is: 0x0
[Debug] [2026-4-29 17:04:38] the idcode from the scanning is: 0x0
[Debug] [2026-4-29 17:04:38] the value in the status register is :81ffca0
[Debug] [2026-4-29 17:04:38] flash_id is 1c7118
[Debug] [2026-4-29 17:04:38] the value in the status register is :81ffca0
[Debug] [2026-4-29 17:04:38] progress bar is 1
[Error] [2026-4-29 17:04:38] WaitForWIPFinish timeout, wait second ms:100
[Error] [2026-4-29 17:04:38] WaitForWIPFinish timeout, wait second ms:100
[Error] [2026-4-29 17:04:38] WaitForWIPFinish timeout, wait second ms:100
[Error] [2026-4-29 17:04:38] WaitForWIPFinish timeout, wait second ms:100
[Error] [2026-4-29 17:04:38] WaitForWIPFinish timeout, wait second ms:100
[Error] [2026-4-29 17:04:38] WaitForWIPFinish timeout, wait second ms:100
[Error] [2026-4-29 17:04:39] WaitForWIPFinish timeout, wait second ms:100
[Error] [2026-4-29 17:04:39] WaitForWIPFinish timeout, wait second ms:100
[Error] [2026-4-29 17:04:39] WaitForWIPFinish timeout, wait second ms:100
[Error] [2026-4-29 17:04:39] WaitForWIPFinish timeout, wait second ms:100
[Error] [2026-4-29 17:04:39] WaitForWIPFinish timeout, wait second ms:100
[Debug] [2026-4-29 17:04:39] progress bar is 6
[Error] [2026-4-29 17:04:39] WaitForWIPFinish timeout, wait second ms:100
[Error] [2026-4-29 17:04:39] WaitForWIPFinish timeout, wait second ms:100
[Error] [2026-4-29 17:04:40] WaitForWIPFinish timeout, wait second ms:100
[Error] [2026-4-29 17:04:40] WaitForWIPFinish timeout, wait second ms:100
[Error] [2026-4-29 17:04:40] WaitForWIPFinish timeout, wait second ms:100
[Debug] [2026-4-29 17:04:40] progress bar is 10
[Error] [2026-4-29 17:04:40] WaitForWIPFinish timeout, wait second ms:100
[Error] [2026-4-29 17:04:40] WaitForWIPFinish timeout, wait second ms:100
[Error] [2026-4-29 17:04:40] WaitForWIPFinish timeout, wait second ms:100
[Error] [2026-4-29 17:04:41] WaitForWIPFinish timeout, wait second ms:100
[Error] [2026-4-29 17:04:41] WaitForWIPFinish timeout, wait second ms:100
[Error] [2026-4-29 17:04:41] WaitForWIPFinish timeout, wait second ms:100
[Error] [2026-4-29 17:04:41] WaitForWIPFinish timeout, wait second ms:100
[Error] [2026-4-29 17:04:41] WaitForWIPFinish timeout, wait second ms:100
[Debug] [2026-4-29 17:04:41] progress bar is 16
[Error] [2026-4-29 17:04:41] WaitForWIPFinish timeout, wait second ms:100
[Error] [2026-4-29 17:04:41] WaitForWIPFinish timeout, wait second ms:100
[Error] [2026-4-29 17:04:42] WaitForWIPFinish timeout, wait second ms:100
[Error] [2026-4-29 17:04:42] WaitForWIPFinish timeout, wait second ms:100
[Error] [2026-4-29 17:04:42] WaitForWIPFinish timeout, wait second ms:100
[Debug] [2026-4-29 17:04:42] progress bar is 20
[Error] [2026-4-29 17:04:42] WaitForWIPFinish timeout, wait second ms:100
[Error] [2026-4-29 17:04:42] WaitForWIPFinish timeout, wait second ms:100
[Error] [2026-4-29 17:04:42] WaitForWIPFinish timeout, wait second ms:100
[Error] [2026-4-29 17:04:43] WaitForWIPFinish timeout, wait second ms:100
[Error] [2026-4-29 17:04:43] WaitForWIPFinish timeout, wait second ms:100
[Error] [2026-4-29 17:04:43] WaitForWIPFinish timeout, wait second ms:100
[Debug] [2026-4-29 17:04:43] progress bar is 25
[Error] [2026-4-29 17:04:43] WaitForWIPFinish timeout, wait second ms:100
[Error] [2026-4-29 17:04:43] WaitForWIPFinish timeout, wait second ms:100
[Error] [2026-4-29 17:04:43] WaitForWIPFinish timeout, wait second ms:100
[Error] [2026-4-29 17:04:43] WaitForWIPFinish timeout, wait second ms:100
[Error] [2026-4-29 17:04:44] WaitForWIPFinish timeout, wait second ms:100
[Error] [2026-4-29 17:04:44] WaitForWIPFinish timeout, wait second ms:100
[Error] [2026-4-29 17:04:44] WaitForWIPFinish timeout, wait second ms:100
[Error] [2026-4-29 17:04:44] WaitForWIPFinish timeout, wait second ms:100
[Debug] [2026-4-29 17:04:44] progress bar is 31
[Error] [2026-4-29 17:04:44] WaitForWIPFinish timeout, wait second ms:100
[Error] [2026-4-29 17:04:44] WaitForWIPFinish timeout, wait second ms:100
[Error] [2026-4-29 17:04:45] WaitForWIPFinish timeout, wait second ms:100
[Error] [2026-4-29 17:04:45] WaitForWIPFinish timeout, wait second ms:100
[Error] [2026-4-29 17:04:45] WaitForWIPFinish timeout, wait second ms:100
[Debug] [2026-4-29 17:04:45] progress bar is 35
[Error] [2026-4-29 17:04:45] WaitForWIPFinish timeout, wait second ms:100
[Error] [2026-4-29 17:04:45] WaitForWIPFinish timeout, wait second ms:100
[Error] [2026-4-29 17:04:45] WaitForWIPFinish timeout, wait second ms:100
[Error] [2026-4-29 17:04:45] WaitForWIPFinish timeout, wait second ms:100
[Error] [2026-4-29 17:04:46] WaitForWIPFinish timeout, wait second ms:100
[Error] [2026-4-29 17:04:46] WaitForWIPFinish timeout, wait second ms:100
[Debug] [2026-4-29 17:04:46] progress bar is 41
[Error] [2026-4-29 17:04:46] WaitForWIPFinish timeout, wait second ms:100
[Error] [2026-4-29 17:04:46] WaitForWIPFinish timeout, wait second ms:100
[Error] [2026-4-29 17:04:46] WaitForWIPFinish timeout, wait second ms:100
[Error] [2026-4-29 17:04:46] WaitForWIPFinish timeout, wait second ms:100
[Error] [2026-4-29 17:04:47] WaitForWIPFinish timeout, wait second ms:100
[Debug] [2026-4-29 17:04:47] progress bar is 45
[Error] [2026-4-29 17:04:47] WaitForWIPFinish timeout, wait second ms:100
[Error] [2026-4-29 17:04:47] WaitForWIPFinish timeout, wait second ms:100
[Error] [2026-4-29 17:04:47] WaitForWIPFinish timeout, wait second ms:100
[Error] [2026-4-29 17:04:47] WaitForWIPFinish timeout, wait second ms:100
[Error] [2026-4-29 17:04:47] WaitForWIPFinish timeout, wait second ms:100
[Error] [2026-4-29 17:04:47] WaitForWIPFinish timeout, wait second ms:100
[Debug] [2026-4-29 17:04:48] progress bar is 50
[Error] [2026-4-29 17:04:48] WaitForWIPFinish timeout, wait second ms:100
[Error] [2026-4-29 17:04:48] WaitForWIPFinish timeout, wait second ms:100
[Error] [2026-4-29 17:04:48] WaitForWIPFinish timeout, wait second ms:100
[Error] [2026-4-29 17:04:48] WaitForWIPFinish timeout, wait second ms:100
[Error] [2026-4-29 17:04:48] WaitForWIPFinish timeout, wait second ms:100
[Error] [2026-4-29 17:04:48] WaitForWIPFinish timeout, wait second ms:100
[Error] [2026-4-29 17:04:49] WaitForWIPFinish timeout, wait second ms:100
[Error] [2026-4-29 17:04:49] WaitForWIPFinish timeout, wait second ms:100
[Error] [2026-4-29 17:04:49] WaitForWIPFinish timeout, wait second ms:100
[Debug] [2026-4-29 17:04:49] progress bar is 56
[Error] [2026-4-29 17:04:49] WaitForWIPFinish timeout, wait second ms:100
[Error] [2026-4-29 17:04:49] WaitForWIPFinish timeout, wait second ms:100
[Error] [2026-4-29 17:04:49] WaitForWIPFinish timeout, wait second ms:100
[Error] [2026-4-29 17:04:49] WaitForWIPFinish timeout, wait second ms:100
[Debug] [2026-4-29 17:04:50] progress bar is 60
[Error] [2026-4-29 17:04:50] WaitForWIPFinish timeout, wait second ms:100
[Error] [2026-4-29 17:04:50] WaitForWIPFinish timeout, wait second ms:100
[Error] [2026-4-29 17:04:50] WaitForWIPFinish timeout, wait second ms:100
[Error] [2026-4-29 17:04:50] WaitForWIPFinish timeout, wait second ms:100
[Error] [2026-4-29 17:04:50] WaitForWIPFinish timeout, wait second ms:100
[Error] [2026-4-29 17:04:50] WaitForWIPFinish timeout, wait second ms:100
[Error] [2026-4-29 17:04:51] WaitForWIPFinish timeout, wait second ms:100
[Debug] [2026-4-29 17:04:51] progress bar is 66
[Error] [2026-4-29 17:04:51] WaitForWIPFinish timeout, wait second ms:100
[Error] [2026-4-29 17:04:51] WaitForWIPFinish timeout, wait second ms:100
[Error] [2026-4-29 17:04:51] WaitForWIPFinish timeout, wait second ms:100
[Error] [2026-4-29 17:04:51] WaitForWIPFinish timeout, wait second ms:100
[Error] [2026-4-29 17:04:51] WaitForWIPFinish timeout, wait second ms:100
[Debug] [2026-4-29 17:04:51] progress bar is 70
[Error] [2026-4-29 17:04:52] WaitForWIPFinish timeout, wait second ms:100
[Error] [2026-4-29 17:04:52] WaitForWIPFinish timeout, wait second ms:100
[Error] [2026-4-29 17:04:52] WaitForWIPFinish timeout, wait second ms:100
[Error] [2026-4-29 17:04:52] WaitForWIPFinish timeout, wait second ms:100
[Error] [2026-4-29 17:04:52] WaitForWIPFinish timeout, wait second ms:100
[Error] [2026-4-29 17:04:52] WaitForWIPFinish timeout, wait second ms:100
[Debug] [2026-4-29 17:04:52] progress bar is 75
[Error] [2026-4-29 17:04:52] WaitForWIPFinish timeout, wait second ms:100
[Error] [2026-4-29 17:04:53] WaitForWIPFinish timeout, wait second ms:100
[Error] [2026-4-29 17:04:53] WaitForWIPFinish timeout, wait second ms:100
[Error] [2026-4-29 17:04:53] WaitForWIPFinish timeout, wait second ms:100
[Error] [2026-4-29 17:04:53] WaitForWIPFinish timeout, wait second ms:100
[Error] [2026-4-29 17:04:53] WaitForWIPFinish timeout, wait second ms:100
[Debug] [2026-4-29 17:04:53] progress bar is 81
[Error] [2026-4-29 17:04:53] WaitForWIPFinish timeout, wait second ms:100
[Error] [2026-4-29 17:04:54] WaitForWIPFinish timeout, wait second ms:100
[Error] [2026-4-29 17:04:54] WaitForWIPFinish timeout, wait second ms:100
[Error] [2026-4-29 17:04:54] WaitForWIPFinish timeout, wait second ms:100
[Error] [2026-4-29 17:04:54] WaitForWIPFinish timeout, wait second ms:100
[Debug] [2026-4-29 17:04:54] progress bar is 85
[Error] [2026-4-29 17:04:54] WaitForWIPFinish timeout, wait second ms:100
[Error] [2026-4-29 17:04:54] WaitForWIPFinish timeout, wait second ms:100
[Error] [2026-4-29 17:04:55] WaitForWIPFinish timeout, wait second ms:100
[Error] [2026-4-29 17:04:55] WaitForWIPFinish timeout, wait second ms:100
[Error] [2026-4-29 17:04:55] WaitForWIPFinish timeout, wait second ms:100
[Error] [2026-4-29 17:04:55] WaitForWIPFinish timeout, wait second ms:100
[Debug] [2026-4-29 17:04:55] progress bar is 91
[Error] [2026-4-29 17:04:55] WaitForWIPFinish timeout, wait second ms:100
[Error] [2026-4-29 17:04:55] WaitForWIPFinish timeout, wait second ms:100
[Error] [2026-4-29 17:04:55] WaitForWIPFinish timeout, wait second ms:100
[Error] [2026-4-29 17:04:56] WaitForWIPFinish timeout, wait second ms:100
[Error] [2026-4-29 17:04:56] WaitForWIPFinish timeout, wait second ms:100
[Error] [2026-4-29 17:04:56] WaitForWIPFinish timeout, wait second ms:100
[Debug] [2026-4-29 17:04:56] progress bar is 95
[Error] [2026-4-29 17:04:56] WaitForWIPFinish timeout, wait second ms:100
[Error] [2026-4-29 17:04:56] WaitForWIPFinish timeout, wait second ms:100
[Debug] [2026-4-29 17:04:56] progress bar is 100
[Debug] [2026-4-29 17:04:56] end to operate flash: cmd id = 20302
[Debug] [2026-4-29 17:04:56] cmd operation Erase Outer Flash releases locker
[Debug] [2026-4-29 17:04:56] Remove the header data from the client, index : 0
[Debug] [2026-4-29 17:04:56] _total_bytes_size : 1259
[Debug] [2026-4-29 17:04:56] cmd id :20301cmd name : Program Outer Flash
[Debug] [2026-4-29 17:04:56] begin to operate flash: cmd id = 20301
[Debug] [2026-4-29 17:04:57] the idcode from the scanning is: 0x50602899
[Debug] [2026-4-29 17:04:57] the idcode from the scanning is: 0x0
[Debug] [2026-4-29 17:04:57] the idcode from the scanning is: 0x0
[Debug] [2026-4-29 17:04:57] the idcode from the scanning is: 0x0
[Debug] [2026-4-29 17:04:57] the idcode from the scanning is: 0x0
[Debug] [2026-4-29 17:04:57] the value in the status register is :81ffca0
[Debug] [2026-4-29 17:04:57] flash_id is 1c7118
[Debug] [2026-4-29 17:04:57] The value of GigaDevice status register 1 is 0x
[Debug] [2026-4-29 17:04:57] progress bar is 1
[Debug] [2026-4-29 17:05:00] progress bar is 6
[Debug] [2026-4-29 17:05:01] progress bar is 10
[Debug] [2026-4-29 17:05:04] progress bar is 15
[Debug] [2026-4-29 17:05:06] progress bar is 20
[Debug] [2026-4-29 17:05:09] progress bar is 25
[Debug] [2026-4-29 17:05:11] progress bar is 30
[Debug] [2026-4-29 17:05:14] progress bar is 35
[Debug] [2026-4-29 17:05:16] progress bar is 40
[Debug] [2026-4-29 17:05:18] progress bar is 45
[Debug] [2026-4-29 17:05:21] progress bar is 50
[Debug] [2026-4-29 17:05:23] progress bar is 55
[Debug] [2026-4-29 17:05:26] progress bar is 60
[Debug] [2026-4-29 17:05:28] progress bar is 65
[Debug] [2026-4-29 17:05:31] progress bar is 70
[Debug] [2026-4-29 17:05:33] progress bar is 75
[Debug] [2026-4-29 17:05:35] progress bar is 80
[Debug] [2026-4-29 17:05:38] progress bar is 85
[Debug] [2026-4-29 17:05:40] progress bar is 90
[Debug] [2026-4-29 17:05:43] progress bar is 95
[Debug] [2026-4-29 17:05:45] progress bar is 100
[Debug] [2026-4-29 17:05:45] end to operate flash: cmd id = 20301
[Debug] [2026-4-29 17:05:45] cmd operation Program Outer Flash releases locker
[Debug] [2026-4-29 17:05:45] Remove the header data from the client, index : 0
[Debug] [2026-4-29 17:05:45] _total_bytes_size : 1257
[Debug] [2026-4-29 17:05:45] cmd id :20303cmd name : Verify Outer Flash
[Debug] [2026-4-29 17:05:45] begin to operate flash: cmd id = 20303
[Debug] [2026-4-29 17:05:45] the idcode from the scanning is: 0x50602899
[Debug] [2026-4-29 17:05:45] the idcode from the scanning is: 0x0
[Debug] [2026-4-29 17:05:45] the idcode from the scanning is: 0x0
[Debug] [2026-4-29 17:05:45] the idcode from the scanning is: 0x0
[Debug] [2026-4-29 17:05:45] the idcode from the scanning is: 0x0
[Debug] [2026-4-29 17:05:45] the value in the status register is :81ffca0
[Debug] [2026-4-29 17:05:45] flash_id is 1c7118
[Debug] [2026-4-29 17:05:45] the value in the status register is :81ffca0
[Debug] [2026-4-29 17:05:45] progress bar is 1
[Debug] [2026-4-29 17:05:46] progress bar is 6
[Debug] [2026-4-29 17:05:46] progress bar is 10
[Debug] [2026-4-29 17:05:46] progress bar is 15
[Debug] [2026-4-29 17:05:46] progress bar is 20
[Debug] [2026-4-29 17:05:46] progress bar is 25
[Debug] [2026-4-29 17:05:46] progress bar is 30
[Debug] [2026-4-29 17:05:47] progress bar is 35
[Debug] [2026-4-29 17:05:47] progress bar is 40
[Debug] [2026-4-29 17:05:47] progress bar is 45
[Debug] [2026-4-29 17:05:47] progress bar is 50
[Debug] [2026-4-29 17:05:47] progress bar is 55
[Debug] [2026-4-29 17:05:47] progress bar is 60
[Debug] [2026-4-29 17:05:47] progress bar is 65
[Debug] [2026-4-29 17:05:48] progress bar is 70
[Debug] [2026-4-29 17:05:48] progress bar is 75
[Debug] [2026-4-29 17:05:48] progress bar is 80
[Debug] [2026-4-29 17:05:48] progress bar is 85
[Debug] [2026-4-29 17:05:48] progress bar is 90
[Debug] [2026-4-29 17:05:48] progress bar is 95
[Debug] [2026-4-29 17:05:49] progress bar is 100
[Debug] [2026-4-29 17:05:49] end to operate flash: cmd id = 20303
[Debug] [2026-4-29 17:05:49] cmd operation Verify Outer Flash releases locker
[Debug] [2026-4-29 17:20:54] Remove the header data from the client, index : 0
[Debug] [2026-4-29 17:20:54] _total_bytes_size : 1262
[Debug] [2026-4-29 17:20:54] cmd id :20302cmd name : Erase Outer Flash
[Debug] [2026-4-29 17:20:54] begin to operate flash: cmd id = 20302
[Debug] [2026-4-29 17:20:55] the idcode from the scanning is: 0x50602899
[Debug] [2026-4-29 17:20:55] the idcode from the scanning is: 0x0
[Debug] [2026-4-29 17:20:55] the idcode from the scanning is: 0x0
[Debug] [2026-4-29 17:20:55] the idcode from the scanning is: 0x0
[Debug] [2026-4-29 17:20:55] the idcode from the scanning is: 0x0
[Debug] [2026-4-29 17:20:55] the value in the status register is :81ffca0
[Debug] [2026-4-29 17:20:55] flash_id is 1c7118
[Debug] [2026-4-29 17:20:55] the value in the status register is :81ffca0
[Debug] [2026-4-29 17:20:55] progress bar is 1
[Error] [2026-4-29 17:20:55] WaitForWIPFinish timeout, wait second ms:100
[Error] [2026-4-29 17:20:55] WaitForWIPFinish timeout, wait second ms:100
[Error] [2026-4-29 17:20:55] WaitForWIPFinish timeout, wait second ms:100
[Error] [2026-4-29 17:20:55] WaitForWIPFinish timeout, wait second ms:100
[Error] [2026-4-29 17:20:55] WaitForWIPFinish timeout, wait second ms:100
[Error] [2026-4-29 17:20:55] WaitForWIPFinish timeout, wait second ms:100
[Error] [2026-4-29 17:20:56] WaitForWIPFinish timeout, wait second ms:100
[Error] [2026-4-29 17:20:56] WaitForWIPFinish timeout, wait second ms:100
[Error] [2026-4-29 17:20:56] WaitForWIPFinish timeout, wait second ms:100
[Error] [2026-4-29 17:20:56] WaitForWIPFinish timeout, wait second ms:100
[Debug] [2026-4-29 17:20:56] progress bar is 6
[Error] [2026-4-29 17:20:56] WaitForWIPFinish timeout, wait second ms:100
[Error] [2026-4-29 17:20:56] WaitForWIPFinish timeout, wait second ms:100
[Error] [2026-4-29 17:20:57] WaitForWIPFinish timeout, wait second ms:100
[Error] [2026-4-29 17:20:57] WaitForWIPFinish timeout, wait second ms:100
[Error] [2026-4-29 17:20:57] WaitForWIPFinish timeout, wait second ms:100
[Debug] [2026-4-29 17:20:57] progress bar is 10
[Error] [2026-4-29 17:20:57] WaitForWIPFinish timeout, wait second ms:100
[Error] [2026-4-29 17:20:57] WaitForWIPFinish timeout, wait second ms:100
[Error] [2026-4-29 17:20:57] WaitForWIPFinish timeout, wait second ms:100
[Error] [2026-4-29 17:20:57] WaitForWIPFinish timeout, wait second ms:100
[Error] [2026-4-29 17:20:58] WaitForWIPFinish timeout, wait second ms:100
[Debug] [2026-4-29 17:20:58] progress bar is 15
[Error] [2026-4-29 17:20:58] WaitForWIPFinish timeout, wait second ms:100
[Error] [2026-4-29 17:20:58] WaitForWIPFinish timeout, wait second ms:100
[Error] [2026-4-29 17:20:58] WaitForWIPFinish timeout, wait second ms:100
[Error] [2026-4-29 17:20:58] WaitForWIPFinish timeout, wait second ms:100
[Error] [2026-4-29 17:20:58] WaitForWIPFinish timeout, wait second ms:100
[Error] [2026-4-29 17:20:59] WaitForWIPFinish timeout, wait second ms:100
[Error] [2026-4-29 17:20:59] WaitForWIPFinish timeout, wait second ms:100
[Error] [2026-4-29 17:20:59] WaitForWIPFinish timeout, wait second ms:100
[Debug] [2026-4-29 17:20:59] progress bar is 21
[Error] [2026-4-29 17:20:59] WaitForWIPFinish timeout, wait second ms:100
[Error] [2026-4-29 17:20:59] WaitForWIPFinish timeout, wait second ms:100
[Error] [2026-4-29 17:20:59] WaitForWIPFinish timeout, wait second ms:100
[Error] [2026-4-29 17:20:59] WaitForWIPFinish timeout, wait second ms:100
[Debug] [2026-4-29 17:21:00] progress bar is 26
[Error] [2026-4-29 17:21:00] WaitForWIPFinish timeout, wait second ms:100
[Error] [2026-4-29 17:21:00] WaitForWIPFinish timeout, wait second ms:100
[Error] [2026-4-29 17:21:00] WaitForWIPFinish timeout, wait second ms:100
[Error] [2026-4-29 17:21:00] WaitForWIPFinish timeout, wait second ms:100
[Error] [2026-4-29 17:21:00] WaitForWIPFinish timeout, wait second ms:100
[Debug] [2026-4-29 17:21:00] progress bar is 30
[Error] [2026-4-29 17:21:00] WaitForWIPFinish timeout, wait second ms:100
[Error] [2026-4-29 17:21:01] WaitForWIPFinish timeout, wait second ms:100
[Error] [2026-4-29 17:21:01] WaitForWIPFinish timeout, wait second ms:100
[Error] [2026-4-29 17:21:01] WaitForWIPFinish timeout, wait second ms:100
[Error] [2026-4-29 17:21:01] WaitForWIPFinish timeout, wait second ms:100
[Error] [2026-4-29 17:21:01] WaitForWIPFinish timeout, wait second ms:100
[Error] [2026-4-29 17:21:01] WaitForWIPFinish timeout, wait second ms:100
[Error] [2026-4-29 17:21:01] WaitForWIPFinish timeout, wait second ms:100
[Debug] [2026-4-29 17:21:02] progress bar is 36
[Error] [2026-4-29 17:21:02] WaitForWIPFinish timeout, wait second ms:100
[Error] [2026-4-29 17:21:02] WaitForWIPFinish timeout, wait second ms:100
[Error] [2026-4-29 17:21:02] WaitForWIPFinish timeout, wait second ms:100
[Error] [2026-4-29 17:21:02] WaitForWIPFinish timeout, wait second ms:100
[Error] [2026-4-29 17:21:02] WaitForWIPFinish timeout, wait second ms:100
[Debug] [2026-4-29 17:21:02] progress bar is 41
[Error] [2026-4-29 17:21:02] WaitForWIPFinish timeout, wait second ms:100
[Error] [2026-4-29 17:21:03] WaitForWIPFinish timeout, wait second ms:100
[Error] [2026-4-29 17:21:03] WaitForWIPFinish timeout, wait second ms:100
[Error] [2026-4-29 17:21:03] WaitForWIPFinish timeout, wait second ms:100
[Debug] [2026-4-29 17:21:03] progress bar is 45
[Error] [2026-4-29 17:21:03] WaitForWIPFinish timeout, wait second ms:100
[Error] [2026-4-29 17:21:03] WaitForWIPFinish timeout, wait second ms:100
[Error] [2026-4-29 17:21:03] WaitForWIPFinish timeout, wait second ms:100
[Error] [2026-4-29 17:21:04] WaitForWIPFinish timeout, wait second ms:100
[Error] [2026-4-29 17:21:04] WaitForWIPFinish timeout, wait second ms:100
[Error] [2026-4-29 17:21:04] WaitForWIPFinish timeout, wait second ms:100
[Debug] [2026-4-29 17:21:04] progress bar is 50
[Error] [2026-4-29 17:21:04] WaitForWIPFinish timeout, wait second ms:100
[Error] [2026-4-29 17:21:04] WaitForWIPFinish timeout, wait second ms:100
[Error] [2026-4-29 17:21:04] WaitForWIPFinish timeout, wait second ms:100
[Error] [2026-4-29 17:21:04] WaitForWIPFinish timeout, wait second ms:100
[Error] [2026-4-29 17:21:05] WaitForWIPFinish timeout, wait second ms:100
[Error] [2026-4-29 17:21:05] WaitForWIPFinish timeout, wait second ms:100
[Error] [2026-4-29 17:21:05] WaitForWIPFinish timeout, wait second ms:100
[Error] [2026-4-29 17:21:05] WaitForWIPFinish timeout, wait second ms:100
[Debug] [2026-4-29 17:21:05] progress bar is 56
[Error] [2026-4-29 17:21:05] WaitForWIPFinish timeout, wait second ms:100
[Error] [2026-4-29 17:21:05] WaitForWIPFinish timeout, wait second ms:100
[Error] [2026-4-29 17:21:05] WaitForWIPFinish timeout, wait second ms:100
[Error] [2026-4-29 17:21:06] WaitForWIPFinish timeout, wait second ms:100
[Error] [2026-4-29 17:21:06] WaitForWIPFinish timeout, wait second ms:100
[Error] [2026-4-29 17:21:06] WaitForWIPFinish timeout, wait second ms:100
[Debug] [2026-4-29 17:21:06] progress bar is 60
[Error] [2026-4-29 17:21:06] WaitForWIPFinish timeout, wait second ms:100
[Error] [2026-4-29 17:21:06] WaitForWIPFinish timeout, wait second ms:100
[Error] [2026-4-29 17:21:06] WaitForWIPFinish timeout, wait second ms:100
[Error] [2026-4-29 17:21:06] WaitForWIPFinish timeout, wait second ms:100
[Error] [2026-4-29 17:21:07] WaitForWIPFinish timeout, wait second ms:100
[Debug] [2026-4-29 17:21:07] progress bar is 65
[Error] [2026-4-29 17:21:07] WaitForWIPFinish timeout, wait second ms:100
[Error] [2026-4-29 17:21:07] WaitForWIPFinish timeout, wait second ms:100
[Error] [2026-4-29 17:21:07] WaitForWIPFinish timeout, wait second ms:100
[Error] [2026-4-29 17:21:07] WaitForWIPFinish timeout, wait second ms:100
[Error] [2026-4-29 17:21:07] WaitForWIPFinish timeout, wait second ms:100
[Error] [2026-4-29 17:21:08] WaitForWIPFinish timeout, wait second ms:100
[Error] [2026-4-29 17:21:08] WaitForWIPFinish timeout, wait second ms:100
[Error] [2026-4-29 17:21:08] WaitForWIPFinish timeout, wait second ms:100
[Debug] [2026-4-29 17:21:08] progress bar is 71
[Error] [2026-4-29 17:21:08] WaitForWIPFinish timeout, wait second ms:100
[Error] [2026-4-29 17:21:08] WaitForWIPFinish timeout, wait second ms:100
[Error] [2026-4-29 17:21:08] WaitForWIPFinish timeout, wait second ms:100
[Error] [2026-4-29 17:21:08] WaitForWIPFinish timeout, wait second ms:100
[Error] [2026-4-29 17:21:09] WaitForWIPFinish timeout, wait second ms:100
[Debug] [2026-4-29 17:21:09] progress bar is 76
[Error] [2026-4-29 17:21:09] WaitForWIPFinish timeout, wait second ms:100
[Error] [2026-4-29 17:21:09] WaitForWIPFinish timeout, wait second ms:100
[Error] [2026-4-29 17:21:09] WaitForWIPFinish timeout, wait second ms:100
[Error] [2026-4-29 17:21:09] WaitForWIPFinish timeout, wait second ms:100
[Error] [2026-4-29 17:21:09] WaitForWIPFinish timeout, wait second ms:100
[Debug] [2026-4-29 17:21:09] progress bar is 80
[Error] [2026-4-29 17:21:10] WaitForWIPFinish timeout, wait second ms:100
[Error] [2026-4-29 17:21:10] WaitForWIPFinish timeout, wait second ms:100
[Error] [2026-4-29 17:21:10] WaitForWIPFinish timeout, wait second ms:100
[Error] [2026-4-29 17:21:10] WaitForWIPFinish timeout, wait second ms:100
[Error] [2026-4-29 17:21:10] WaitForWIPFinish timeout, wait second ms:100
[Error] [2026-4-29 17:21:10] WaitForWIPFinish timeout, wait second ms:100
[Error] [2026-4-29 17:21:10] WaitForWIPFinish timeout, wait second ms:100
[Debug] [2026-4-29 17:21:11] progress bar is 86
[Error] [2026-4-29 17:21:11] WaitForWIPFinish timeout, wait second ms:100
[Error] [2026-4-29 17:21:11] WaitForWIPFinish timeout, wait second ms:100
[Error] [2026-4-29 17:21:11] WaitForWIPFinish timeout, wait second ms:100
[Error] [2026-4-29 17:21:11] WaitForWIPFinish timeout, wait second ms:100
[Debug] [2026-4-29 17:21:11] progress bar is 91
[Error] [2026-4-29 17:21:11] WaitForWIPFinish timeout, wait second ms:100
[Error] [2026-4-29 17:21:11] WaitForWIPFinish timeout, wait second ms:100
[Error] [2026-4-29 17:21:12] WaitForWIPFinish timeout, wait second ms:100
[Error] [2026-4-29 17:21:12] WaitForWIPFinish timeout, wait second ms:100
[Debug] [2026-4-29 17:21:12] progress bar is 95
[Error] [2026-4-29 17:21:12] WaitForWIPFinish timeout, wait second ms:100
[Error] [2026-4-29 17:21:12] WaitForWIPFinish timeout, wait second ms:100
[Error] [2026-4-29 17:21:12] WaitForWIPFinish timeout, wait second ms:100
[Debug] [2026-4-29 17:21:12] progress bar is 100
[Debug] [2026-4-29 17:21:13] end to operate flash: cmd id = 20302
[Debug] [2026-4-29 17:21:13] cmd operation Erase Outer Flash releases locker
[Debug] [2026-4-29 17:21:13] Remove the header data from the client, index : 0
[Debug] [2026-4-29 17:21:13] _total_bytes_size : 1259
[Debug] [2026-4-29 17:21:13] cmd id :20301cmd name : Program Outer Flash
[Debug] [2026-4-29 17:21:13] begin to operate flash: cmd id = 20301
[Debug] [2026-4-29 17:21:13] the idcode from the scanning is: 0x50602899
[Debug] [2026-4-29 17:21:13] the idcode from the scanning is: 0x0
[Debug] [2026-4-29 17:21:13] the idcode from the scanning is: 0x0
[Debug] [2026-4-29 17:21:13] the idcode from the scanning is: 0x0
[Debug] [2026-4-29 17:21:13] the idcode from the scanning is: 0x0
[Debug] [2026-4-29 17:21:13] the value in the status register is :81ffca0
[Debug] [2026-4-29 17:21:13] flash_id is 1c7118
[Debug] [2026-4-29 17:21:13] The value of GigaDevice status register 1 is 0x
[Debug] [2026-4-29 17:21:13] progress bar is 1
[Debug] [2026-4-29 17:21:16] progress bar is 6
[Debug] [2026-4-29 17:21:17] progress bar is 10
[Debug] [2026-4-29 17:21:20] progress bar is 15
[Debug] [2026-4-29 17:21:22] progress bar is 20
[Debug] [2026-4-29 17:21:24] progress bar is 25
[Debug] [2026-4-29 17:21:27] progress bar is 30
[Debug] [2026-4-29 17:21:29] progress bar is 35
[Debug] [2026-4-29 17:21:32] progress bar is 40
[Debug] [2026-4-29 17:21:34] progress bar is 45
[Debug] [2026-4-29 17:21:36] progress bar is 50
[Debug] [2026-4-29 17:21:39] progress bar is 55
[Debug] [2026-4-29 17:21:41] progress bar is 60
[Debug] [2026-4-29 17:21:43] progress bar is 65
[Debug] [2026-4-29 17:21:46] progress bar is 70
[Debug] [2026-4-29 17:21:48] progress bar is 75
[Debug] [2026-4-29 17:21:50] progress bar is 80
[Debug] [2026-4-29 17:21:53] progress bar is 85
[Debug] [2026-4-29 17:21:55] progress bar is 90
[Debug] [2026-4-29 17:21:57] progress bar is 95
[Debug] [2026-4-29 17:22:00] progress bar is 100
[Debug] [2026-4-29 17:22:00] end to operate flash: cmd id = 20301
[Debug] [2026-4-29 17:22:00] cmd operation Program Outer Flash releases locker
[Debug] [2026-4-29 17:22:00] Remove the header data from the client, index : 0
[Debug] [2026-4-29 17:22:00] _total_bytes_size : 1257
[Debug] [2026-4-29 17:22:00] cmd id :20303cmd name : Verify Outer Flash
[Debug] [2026-4-29 17:22:00] begin to operate flash: cmd id = 20303
[Debug] [2026-4-29 17:22:00] the idcode from the scanning is: 0x50602899
[Debug] [2026-4-29 17:22:00] the idcode from the scanning is: 0x0
[Debug] [2026-4-29 17:22:00] the idcode from the scanning is: 0x0
[Debug] [2026-4-29 17:22:00] the idcode from the scanning is: 0x0
[Debug] [2026-4-29 17:22:00] the idcode from the scanning is: 0x0
[Debug] [2026-4-29 17:22:00] the value in the status register is :81ffca0
[Debug] [2026-4-29 17:22:00] flash_id is 1c7118
[Debug] [2026-4-29 17:22:00] the value in the status register is :81ffca0
[Debug] [2026-4-29 17:22:00] progress bar is 1
[Debug] [2026-4-29 17:22:00] progress bar is 6
[Debug] [2026-4-29 17:22:00] progress bar is 10
[Debug] [2026-4-29 17:22:01] progress bar is 15
[Debug] [2026-4-29 17:22:01] progress bar is 20
[Debug] [2026-4-29 17:22:01] progress bar is 25
[Debug] [2026-4-29 17:22:01] progress bar is 30
[Debug] [2026-4-29 17:22:01] progress bar is 35
[Debug] [2026-4-29 17:22:01] progress bar is 40
[Debug] [2026-4-29 17:22:02] progress bar is 45
[Debug] [2026-4-29 17:22:02] progress bar is 50
[Debug] [2026-4-29 17:22:02] progress bar is 55
[Debug] [2026-4-29 17:22:02] progress bar is 60
[Debug] [2026-4-29 17:22:02] progress bar is 65
[Debug] [2026-4-29 17:22:02] progress bar is 70
[Debug] [2026-4-29 17:22:02] progress bar is 75
[Debug] [2026-4-29 17:22:03] progress bar is 80
[Debug] [2026-4-29 17:22:03] progress bar is 85
[Debug] [2026-4-29 17:22:03] progress bar is 90
[Debug] [2026-4-29 17:22:03] progress bar is 95
[Debug] [2026-4-29 17:22:03] progress bar is 100
[Debug] [2026-4-29 17:22:03] end to operate flash: cmd id = 20303
[Debug] [2026-4-29 17:22:03] cmd operation Verify Outer Flash releases locker
[Info] [2026-4-29 17:47:32] /***************************Start jtagserver***************************/
[Info] [2026-4-29 17:47:32] Path: F:/PDS_2022.2-SP6.4/bin
[Info] [2026-4-29 17:47:32] Version: 146967
[Debug] [2026-4-29 17:47:33] Add a new user_thread, socket descriptor is 1140 user_thread id is 000000000000157C
[Debug] [2026-4-29 17:47:33] After adding, map size is : 1
[Debug] [2026-4-29 17:47:33] Add a new user_thread, socket descriptor is 1032 user_thread id is 000000000000157C
[Debug] [2026-4-29 17:47:33] After adding, map size is : 2
[Debug] [2026-4-29 17:47:33] IP address of connecting client is : ::ffff:127.0.0.1
[Debug] [2026-4-29 17:47:33] IP address of connecting client is : ::ffff:127.0.0.1
[Debug] [2026-4-29 17:47:33] Remove the header data from the client, index : 0
[Debug] [2026-4-29 17:47:33] _total_bytes_size : 160
[Debug] [2026-4-29 17:47:33] Remove the header data from the client, index : 0
[Debug] [2026-4-29 17:47:33] _total_bytes_size : 96
[Debug] [2026-4-29 17:47:33] cmd id :40010cmd name : get_cable_paras
[Debug] [2026-4-29 17:47:34] cmd operation get_cable_paras releases locker
[Debug] [2026-4-29 17:47:34] Remove the header data from the client, index : 0
[Debug] [2026-4-29 17:47:34] _total_bytes_size : 101
[Debug] [2026-4-29 17:47:34] cmd id :20001cmd name : Open config cable
[Debug] [2026-4-29 17:47:34] the idcode from the scanning is: 0x50602899
[Debug] [2026-4-29 17:47:34] the idcode from the scanning is: 0x0
[Debug] [2026-4-29 17:47:34] the idcode from the scanning is: 0x0
[Debug] [2026-4-29 17:47:34] the idcode from the scanning is: 0x0
[Debug] [2026-4-29 17:47:34] the idcode from the scanning is: 0x0
[Debug] [2026-4-29 17:47:34] cmd operation Open config cable releases locker
[Debug] [2026-4-29 17:47:37] Remove the header data from the client, index : 0
[Debug] [2026-4-29 17:47:37] _total_bytes_size : 165
[Debug] [2026-4-29 17:47:37] cmd id :4f4ccmd name : Scan Outer SPI Flash
[Debug] [2026-4-29 17:47:37] the idcode from the scanning is: 0x50602899
[Debug] [2026-4-29 17:47:37] the idcode from the scanning is: 0x0
[Debug] [2026-4-29 17:47:37] the idcode from the scanning is: 0x0
[Debug] [2026-4-29 17:47:37] the idcode from the scanning is: 0x0
[Debug] [2026-4-29 17:47:37] the idcode from the scanning is: 0x0
[Debug] [2026-4-29 17:47:37] the value in the status register is :81ffca0
[Debug] [2026-4-29 17:47:37] flash_id is 1c7118
[Debug] [2026-4-29 17:47:37] cmd operation Scan Outer SPI Flash releases locker
[Debug] [2026-4-29 17:47:40] Remove the header data from the client, index : 0
[Debug] [2026-4-29 17:47:40] _total_bytes_size : 312
[Debug] [2026-4-29 17:47:40] cmd id :4f4ecmd name : Erase Outer Flash
[Debug] [2026-4-29 17:47:40] begin to operate flash: cmd id = 4f4e
[Debug] [2026-4-29 17:47:40] the idcode from the scanning is: 0x50602899
[Debug] [2026-4-29 17:47:40] the idcode from the scanning is: 0x0
[Debug] [2026-4-29 17:47:40] the idcode from the scanning is: 0x0
[Debug] [2026-4-29 17:47:40] the idcode from the scanning is: 0x0
[Debug] [2026-4-29 17:47:40] the idcode from the scanning is: 0x0
[Debug] [2026-4-29 17:47:40] the value in the status register is :81ffca0
[Debug] [2026-4-29 17:47:40] flash_id is 1c7118
[Debug] [2026-4-29 17:47:40] the value in the status register is :81ffca0
[Debug] [2026-4-29 17:47:40] progress bar is 1
[Error] [2026-4-29 17:47:40] WaitForWIPFinish timeout, wait second ms:100
[Error] [2026-4-29 17:47:40] WaitForWIPFinish timeout, wait second ms:100
[Error] [2026-4-29 17:47:40] WaitForWIPFinish timeout, wait second ms:100
[Error] [2026-4-29 17:47:40] WaitForWIPFinish timeout, wait second ms:100
[Error] [2026-4-29 17:47:41] WaitForWIPFinish timeout, wait second ms:100
[Error] [2026-4-29 17:47:41] WaitForWIPFinish timeout, wait second ms:100
[Error] [2026-4-29 17:47:41] WaitForWIPFinish timeout, wait second ms:100
[Error] [2026-4-29 17:47:41] WaitForWIPFinish timeout, wait second ms:100
[Error] [2026-4-29 17:47:41] WaitForWIPFinish timeout, wait second ms:100
[Error] [2026-4-29 17:47:41] WaitForWIPFinish timeout, wait second ms:100
[Error] [2026-4-29 17:47:41] WaitForWIPFinish timeout, wait second ms:100
[Debug] [2026-4-29 17:47:42] progress bar is 6
[Error] [2026-4-29 17:47:42] WaitForWIPFinish timeout, wait second ms:100
[Error] [2026-4-29 17:47:42] WaitForWIPFinish timeout, wait second ms:100
[Error] [2026-4-29 17:47:42] WaitForWIPFinish timeout, wait second ms:100
[Error] [2026-4-29 17:47:42] WaitForWIPFinish timeout, wait second ms:100
[Error] [2026-4-29 17:47:42] WaitForWIPFinish timeout, wait second ms:100
[Error] [2026-4-29 17:47:42] WaitForWIPFinish timeout, wait second ms:100
[Debug] [2026-4-29 17:47:42] progress bar is 10
[Error] [2026-4-29 17:47:43] WaitForWIPFinish timeout, wait second ms:100
[Error] [2026-4-29 17:47:43] WaitForWIPFinish timeout, wait second ms:100
[Error] [2026-4-29 17:47:43] WaitForWIPFinish timeout, wait second ms:100
[Error] [2026-4-29 17:47:43] WaitForWIPFinish timeout, wait second ms:100
[Error] [2026-4-29 17:47:43] WaitForWIPFinish timeout, wait second ms:100
[Error] [2026-4-29 17:47:43] WaitForWIPFinish timeout, wait second ms:100
[Error] [2026-4-29 17:47:43] WaitForWIPFinish timeout, wait second ms:100
[Error] [2026-4-29 17:47:44] WaitForWIPFinish timeout, wait second ms:100
[Debug] [2026-4-29 17:47:44] progress bar is 17
[Error] [2026-4-29 17:47:44] WaitForWIPFinish timeout, wait second ms:100
[Error] [2026-4-29 17:47:44] WaitForWIPFinish timeout, wait second ms:100
[Error] [2026-4-29 17:47:44] WaitForWIPFinish timeout, wait second ms:100
[Error] [2026-4-29 17:47:44] WaitForWIPFinish timeout, wait second ms:100
[Error] [2026-4-29 17:47:44] WaitForWIPFinish timeout, wait second ms:100
[Debug] [2026-4-29 17:47:44] progress bar is 21
[Error] [2026-4-29 17:47:45] WaitForWIPFinish timeout, wait second ms:100
[Error] [2026-4-29 17:47:45] WaitForWIPFinish timeout, wait second ms:100
[Error] [2026-4-29 17:47:45] WaitForWIPFinish timeout, wait second ms:100
[Error] [2026-4-29 17:47:45] WaitForWIPFinish timeout, wait second ms:100
[Debug] [2026-4-29 17:47:45] progress bar is 25
[Error] [2026-4-29 17:47:45] WaitForWIPFinish timeout, wait second ms:100
[Error] [2026-4-29 17:47:45] WaitForWIPFinish timeout, wait second ms:100
[Error] [2026-4-29 17:47:45] WaitForWIPFinish timeout, wait second ms:100
[Error] [2026-4-29 17:47:46] WaitForWIPFinish timeout, wait second ms:100
[Error] [2026-4-29 17:47:46] WaitForWIPFinish timeout, wait second ms:100
[Error] [2026-4-29 17:47:46] WaitForWIPFinish timeout, wait second ms:100
[Error] [2026-4-29 17:47:46] WaitForWIPFinish timeout, wait second ms:100
[Error] [2026-4-29 17:47:46] WaitForWIPFinish timeout, wait second ms:100
[Error] [2026-4-29 17:47:46] WaitForWIPFinish timeout, wait second ms:100
[Debug] [2026-4-29 17:47:46] progress bar is 31
[Error] [2026-4-29 17:47:47] WaitForWIPFinish timeout, wait second ms:100
[Error] [2026-4-29 17:47:47] WaitForWIPFinish timeout, wait second ms:100
[Error] [2026-4-29 17:47:47] WaitForWIPFinish timeout, wait second ms:100
[Error] [2026-4-29 17:47:47] WaitForWIPFinish timeout, wait second ms:100
[Error] [2026-4-29 17:47:47] WaitForWIPFinish timeout, wait second ms:100
[Error] [2026-4-29 17:47:47] WaitForWIPFinish timeout, wait second ms:100
[Debug] [2026-4-29 17:47:47] progress bar is 36
[Error] [2026-4-29 17:47:47] WaitForWIPFinish timeout, wait second ms:100
[Error] [2026-4-29 17:47:48] WaitForWIPFinish timeout, wait second ms:100
[Error] [2026-4-29 17:47:48] WaitForWIPFinish timeout, wait second ms:100
[Error] [2026-4-29 17:47:48] WaitForWIPFinish timeout, wait second ms:100
[Error] [2026-4-29 17:47:48] WaitForWIPFinish timeout, wait second ms:100
[Debug] [2026-4-29 17:47:48] progress bar is 40
[Error] [2026-4-29 17:47:48] WaitForWIPFinish timeout, wait second ms:100
[Error] [2026-4-29 17:47:48] WaitForWIPFinish timeout, wait second ms:100
[Error] [2026-4-29 17:47:49] WaitForWIPFinish timeout, wait second ms:100
[Error] [2026-4-29 17:47:49] WaitForWIPFinish timeout, wait second ms:100
[Error] [2026-4-29 17:47:49] WaitForWIPFinish timeout, wait second ms:100
[Error] [2026-4-29 17:47:49] WaitForWIPFinish timeout, wait second ms:100
[Error] [2026-4-29 17:47:49] WaitForWIPFinish timeout, wait second ms:100
[Debug] [2026-4-29 17:47:49] progress bar is 46
[Error] [2026-4-29 17:47:49] WaitForWIPFinish timeout, wait second ms:100
[Error] [2026-4-29 17:47:49] WaitForWIPFinish timeout, wait second ms:100
[Error] [2026-4-29 17:47:50] WaitForWIPFinish timeout, wait second ms:100
[Error] [2026-4-29 17:47:50] WaitForWIPFinish timeout, wait second ms:100
[Error] [2026-4-29 17:47:50] WaitForWIPFinish timeout, wait second ms:100
[Error] [2026-4-29 17:47:50] WaitForWIPFinish timeout, wait second ms:100
[Debug] [2026-4-29 17:47:50] progress bar is 51
[Error] [2026-4-29 17:47:50] WaitForWIPFinish timeout, wait second ms:100
[Error] [2026-4-29 17:47:50] WaitForWIPFinish timeout, wait second ms:100
[Error] [2026-4-29 17:47:50] WaitForWIPFinish timeout, wait second ms:100
[Error] [2026-4-29 17:47:51] WaitForWIPFinish timeout, wait second ms:100
[Error] [2026-4-29 17:47:51] WaitForWIPFinish timeout, wait second ms:100
[Error] [2026-4-29 17:47:51] WaitForWIPFinish timeout, wait second ms:100
[Debug] [2026-4-29 17:47:51] progress bar is 55
[Error] [2026-4-29 17:47:51] WaitForWIPFinish timeout, wait second ms:100
[Error] [2026-4-29 17:47:51] WaitForWIPFinish timeout, wait second ms:100
[Error] [2026-4-29 17:47:51] WaitForWIPFinish timeout, wait second ms:100
[Error] [2026-4-29 17:47:52] WaitForWIPFinish timeout, wait second ms:100
[Error] [2026-4-29 17:47:52] WaitForWIPFinish timeout, wait second ms:100
[Error] [2026-4-29 17:47:52] WaitForWIPFinish timeout, wait second ms:100
[Error] [2026-4-29 17:47:52] WaitForWIPFinish timeout, wait second ms:100
[Debug] [2026-4-29 17:47:52] progress bar is 61
[Error] [2026-4-29 17:47:52] WaitForWIPFinish timeout, wait second ms:100
[Error] [2026-4-29 17:47:52] WaitForWIPFinish timeout, wait second ms:100
[Error] [2026-4-29 17:47:53] WaitForWIPFinish timeout, wait second ms:100
[Error] [2026-4-29 17:47:53] WaitForWIPFinish timeout, wait second ms:100
[Debug] [2026-4-29 17:47:53] progress bar is 65
[Error] [2026-4-29 17:47:53] WaitForWIPFinish timeout, wait second ms:100
[Error] [2026-4-29 17:47:53] WaitForWIPFinish timeout, wait second ms:100
[Error] [2026-4-29 17:47:53] WaitForWIPFinish timeout, wait second ms:100
[Error] [2026-4-29 17:47:53] WaitForWIPFinish timeout, wait second ms:100
[Error] [2026-4-29 17:47:53] WaitForWIPFinish timeout, wait second ms:100
[Debug] [2026-4-29 17:47:54] progress bar is 70
[Error] [2026-4-29 17:47:54] WaitForWIPFinish timeout, wait second ms:100
[Error] [2026-4-29 17:47:54] WaitForWIPFinish timeout, wait second ms:100
[Error] [2026-4-29 17:47:54] WaitForWIPFinish timeout, wait second ms:100
[Error] [2026-4-29 17:47:54] WaitForWIPFinish timeout, wait second ms:100
[Error] [2026-4-29 17:47:54] WaitForWIPFinish timeout, wait second ms:100
[Error] [2026-4-29 17:47:54] WaitForWIPFinish timeout, wait second ms:100
[Error] [2026-4-29 17:47:55] WaitForWIPFinish timeout, wait second ms:100
[Error] [2026-4-29 17:47:55] WaitForWIPFinish timeout, wait second ms:100
[Error] [2026-4-29 17:47:55] WaitForWIPFinish timeout, wait second ms:100
[Debug] [2026-4-29 17:47:55] progress bar is 76
[Error] [2026-4-29 17:47:55] WaitForWIPFinish timeout, wait second ms:100
[Error] [2026-4-29 17:47:55] WaitForWIPFinish timeout, wait second ms:100
[Error] [2026-4-29 17:47:55] WaitForWIPFinish timeout, wait second ms:100
[Error] [2026-4-29 17:47:55] WaitForWIPFinish timeout, wait second ms:100
[Debug] [2026-4-29 17:47:56] progress bar is 80
[Error] [2026-4-29 17:47:56] WaitForWIPFinish timeout, wait second ms:100
[Error] [2026-4-29 17:47:56] WaitForWIPFinish timeout, wait second ms:100
[Error] [2026-4-29 17:47:56] WaitForWIPFinish timeout, wait second ms:100
[Error] [2026-4-29 17:47:56] WaitForWIPFinish timeout, wait second ms:100
[Error] [2026-4-29 17:47:56] WaitForWIPFinish timeout, wait second ms:100
[Debug] [2026-4-29 17:47:56] progress bar is 85
[Error] [2026-4-29 17:47:56] WaitForWIPFinish timeout, wait second ms:100
[Error] [2026-4-29 17:47:56] WaitForWIPFinish timeout, wait second ms:100
[Error] [2026-4-29 17:47:57] WaitForWIPFinish timeout, wait second ms:100
[Error] [2026-4-29 17:47:57] WaitForWIPFinish timeout, wait second ms:100
[Error] [2026-4-29 17:47:57] WaitForWIPFinish timeout, wait second ms:100
[Error] [2026-4-29 17:47:57] WaitForWIPFinish timeout, wait second ms:100
[Debug] [2026-4-29 17:47:57] progress bar is 91
[Error] [2026-4-29 17:47:57] WaitForWIPFinish timeout, wait second ms:100
[Error] [2026-4-29 17:47:57] WaitForWIPFinish timeout, wait second ms:100
[Error] [2026-4-29 17:47:58] WaitForWIPFinish timeout, wait second ms:100
[Error] [2026-4-29 17:47:58] WaitForWIPFinish timeout, wait second ms:100
[Error] [2026-4-29 17:47:58] WaitForWIPFinish timeout, wait second ms:100
[Debug] [2026-4-29 17:47:58] progress bar is 95
[Error] [2026-4-29 17:47:58] WaitForWIPFinish timeout, wait second ms:100
[Error] [2026-4-29 17:47:58] WaitForWIPFinish timeout, wait second ms:100
[Error] [2026-4-29 17:47:58] WaitForWIPFinish timeout, wait second ms:100
[Debug] [2026-4-29 17:47:58] progress bar is 100
[Debug] [2026-4-29 17:47:59] end to operate flash: cmd id = 20302
[Debug] [2026-4-29 17:47:59] cmd operation Erase Outer Flash releases locker
[Debug] [2026-4-29 17:47:59] Remove the header data from the client, index : 0
[Debug] [2026-4-29 17:47:59] _total_bytes_size : 783
[Debug] [2026-4-29 17:47:59] cmd id :20301cmd name : Program Outer Flash
[Debug] [2026-4-29 17:47:59] begin to operate flash: cmd id = 20301
[Debug] [2026-4-29 17:47:59] the idcode from the scanning is: 0x50602899
[Debug] [2026-4-29 17:47:59] the idcode from the scanning is: 0x0
[Debug] [2026-4-29 17:47:59] the idcode from the scanning is: 0x0
[Debug] [2026-4-29 17:47:59] the idcode from the scanning is: 0x0
[Debug] [2026-4-29 17:47:59] the idcode from the scanning is: 0x0
[Debug] [2026-4-29 17:47:59] the value in the status register is :81ffca0
[Debug] [2026-4-29 17:47:59] flash_id is 1c7118
[Debug] [2026-4-29 17:47:59] The value of GigaDevice status register 1 is 0x
[Debug] [2026-4-29 17:47:59] progress bar is 1
[Debug] [2026-4-29 17:48:02] progress bar is 6
[Debug] [2026-4-29 17:48:04] progress bar is 10
[Debug] [2026-4-29 17:48:06] progress bar is 15
[Debug] [2026-4-29 17:48:09] progress bar is 20
[Debug] [2026-4-29 17:48:11] progress bar is 25
[Debug] [2026-4-29 17:48:13] progress bar is 30
[Debug] [2026-4-29 17:48:16] progress bar is 35
[Debug] [2026-4-29 17:48:18] progress bar is 40
[Debug] [2026-4-29 17:48:21] progress bar is 45
[Debug] [2026-4-29 17:48:23] progress bar is 50
[Debug] [2026-4-29 17:48:25] progress bar is 55
[Debug] [2026-4-29 17:48:28] progress bar is 60
[Debug] [2026-4-29 17:48:30] progress bar is 65
[Debug] [2026-4-29 17:48:32] progress bar is 70
[Debug] [2026-4-29 17:48:35] progress bar is 75
[Debug] [2026-4-29 17:48:37] progress bar is 80
[Debug] [2026-4-29 17:48:40] progress bar is 85
[Debug] [2026-4-29 17:48:42] progress bar is 90
[Debug] [2026-4-29 17:48:44] progress bar is 95
[Debug] [2026-4-29 17:48:47] progress bar is 100
[Debug] [2026-4-29 17:48:47] end to operate flash: cmd id = 20301
[Debug] [2026-4-29 17:48:47] cmd operation Program Outer Flash releases locker
[Debug] [2026-4-29 17:48:47] Remove the header data from the client, index : 0
[Debug] [2026-4-29 17:48:47] _total_bytes_size : 781
[Debug] [2026-4-29 17:48:47] cmd id :20303cmd name : Verify Outer Flash
[Debug] [2026-4-29 17:48:47] begin to operate flash: cmd id = 20303
[Debug] [2026-4-29 17:48:47] the idcode from the scanning is: 0x50602899
[Debug] [2026-4-29 17:48:47] the idcode from the scanning is: 0x0
[Debug] [2026-4-29 17:48:47] the idcode from the scanning is: 0x0
[Debug] [2026-4-29 17:48:47] the idcode from the scanning is: 0x0
[Debug] [2026-4-29 17:48:47] the idcode from the scanning is: 0x0
[Debug] [2026-4-29 17:48:47] the value in the status register is :81ffca0
[Debug] [2026-4-29 17:48:47] flash_id is 1c7118
[Debug] [2026-4-29 17:48:47] the value in the status register is :81ffca0
[Debug] [2026-4-29 17:48:47] progress bar is 1
[Debug] [2026-4-29 17:48:47] progress bar is 6
[Debug] [2026-4-29 17:48:48] progress bar is 10
[Debug] [2026-4-29 17:48:48] progress bar is 15
[Debug] [2026-4-29 17:48:48] progress bar is 20
[Debug] [2026-4-29 17:48:48] progress bar is 25
[Debug] [2026-4-29 17:48:48] progress bar is 30
[Debug] [2026-4-29 17:48:48] progress bar is 35
[Debug] [2026-4-29 17:48:48] progress bar is 40
[Debug] [2026-4-29 17:48:49] progress bar is 45
[Debug] [2026-4-29 17:48:49] progress bar is 50
[Debug] [2026-4-29 17:48:49] progress bar is 55
[Debug] [2026-4-29 17:48:49] progress bar is 60
[Debug] [2026-4-29 17:48:49] progress bar is 65
[Debug] [2026-4-29 17:48:49] progress bar is 70
[Debug] [2026-4-29 17:48:50] progress bar is 75
[Debug] [2026-4-29 17:48:50] progress bar is 80
[Debug] [2026-4-29 17:48:50] progress bar is 85
[Debug] [2026-4-29 17:48:50] progress bar is 90
[Debug] [2026-4-29 17:48:50] progress bar is 95
[Debug] [2026-4-29 17:48:50] progress bar is 100
[Debug] [2026-4-29 17:48:50] end to operate flash: cmd id = 20303
[Debug] [2026-4-29 17:48:50] cmd operation Verify Outer Flash releases locker
[Info] [2026-4-29 18:19:12] /***************************Start jtagserver***************************/
[Info] [2026-4-29 18:19:12] Path: F:/PDS_2022.2-SP6.4/bin
[Info] [2026-4-29 18:19:12] Version: 146967
[Debug] [2026-4-29 18:19:12] Add a new user_thread, socket descriptor is 948 user_thread id is 0000000000001B48
[Debug] [2026-4-29 18:19:12] After adding, map size is : 1
[Debug] [2026-4-29 18:19:12] Add a new user_thread, socket descriptor is 1032 user_thread id is 0000000000001B48
[Debug] [2026-4-29 18:19:12] After adding, map size is : 2
[Debug] [2026-4-29 18:19:12] IP address of connecting client is : ::ffff:127.0.0.1
[Debug] [2026-4-29 18:19:12] IP address of connecting client is : ::ffff:127.0.0.1
[Debug] [2026-4-29 18:19:12] Remove the header data from the client, index : 0
[Debug] [2026-4-29 18:19:12] _total_bytes_size : 160
[Debug] [2026-4-29 18:19:12] Remove the header data from the client, index : 0
[Debug] [2026-4-29 18:19:12] _total_bytes_size : 96
[Debug] [2026-4-29 18:19:12] cmd id :40010cmd name : get_cable_paras
[Debug] [2026-4-29 18:19:13] cmd operation get_cable_paras releases locker
[Debug] [2026-4-29 18:19:13] Remove the header data from the client, index : 0
[Debug] [2026-4-29 18:19:13] _total_bytes_size : 101
[Debug] [2026-4-29 18:19:13] cmd id :20001cmd name : Open config cable
[Debug] [2026-4-29 18:19:13] the idcode from the scanning is: 0x50602899
[Debug] [2026-4-29 18:19:13] the idcode from the scanning is: 0x0
[Debug] [2026-4-29 18:19:13] the idcode from the scanning is: 0x0
[Debug] [2026-4-29 18:19:13] the idcode from the scanning is: 0x0
[Debug] [2026-4-29 18:19:13] the idcode from the scanning is: 0x0
[Debug] [2026-4-29 18:19:13] cmd operation Open config cable releases locker
[Debug] [2026-4-29 18:19:16] Remove the header data from the client, index : 0
[Debug] [2026-4-29 18:19:16] _total_bytes_size : 165
[Debug] [2026-4-29 18:19:16] cmd id :4f4ccmd name : Scan Outer SPI Flash
[Debug] [2026-4-29 18:19:16] the idcode from the scanning is: 0x50602899
[Debug] [2026-4-29 18:19:16] the idcode from the scanning is: 0x0
[Debug] [2026-4-29 18:19:16] the idcode from the scanning is: 0x0
[Debug] [2026-4-29 18:19:16] the idcode from the scanning is: 0x0
[Debug] [2026-4-29 18:19:16] the idcode from the scanning is: 0x0
[Debug] [2026-4-29 18:19:16] the value in the status register is :81ffca0
[Debug] [2026-4-29 18:19:16] flash_id is 1c7118
[Debug] [2026-4-29 18:19:16] cmd operation Scan Outer SPI Flash releases locker
[Debug] [2026-4-29 18:19:24] Remove the header data from the client, index : 0
[Debug] [2026-4-29 18:19:24] _total_bytes_size : 312
[Debug] [2026-4-29 18:19:24] cmd id :4f4ecmd name : Erase Outer Flash
[Debug] [2026-4-29 18:19:24] begin to operate flash: cmd id = 4f4e
[Debug] [2026-4-29 18:19:24] the idcode from the scanning is: 0x50602899
[Debug] [2026-4-29 18:19:24] the idcode from the scanning is: 0x0
[Debug] [2026-4-29 18:19:24] the idcode from the scanning is: 0x0
[Debug] [2026-4-29 18:19:24] the idcode from the scanning is: 0x0
[Debug] [2026-4-29 18:19:24] the idcode from the scanning is: 0x0
[Debug] [2026-4-29 18:19:24] the value in the status register is :81ffca0
[Debug] [2026-4-29 18:19:24] flash_id is 1c7118
[Debug] [2026-4-29 18:19:24] the value in the status register is :81ffca0
[Debug] [2026-4-29 18:19:24] progress bar is 1
[Error] [2026-4-29 18:19:24] WaitForWIPFinish timeout, wait second ms:100
[Error] [2026-4-29 18:19:24] WaitForWIPFinish timeout, wait second ms:100
[Error] [2026-4-29 18:19:24] WaitForWIPFinish timeout, wait second ms:100
[Error] [2026-4-29 18:19:25] WaitForWIPFinish timeout, wait second ms:100
[Error] [2026-4-29 18:19:25] WaitForWIPFinish timeout, wait second ms:100
[Error] [2026-4-29 18:19:25] WaitForWIPFinish timeout, wait second ms:100
[Error] [2026-4-29 18:19:25] WaitForWIPFinish timeout, wait second ms:100
[Error] [2026-4-29 18:19:25] WaitForWIPFinish timeout, wait second ms:100
[Error] [2026-4-29 18:19:25] WaitForWIPFinish timeout, wait second ms:100
[Error] [2026-4-29 18:19:26] WaitForWIPFinish timeout, wait second ms:100
[Debug] [2026-4-29 18:19:26] progress bar is 6
[Error] [2026-4-29 18:19:26] WaitForWIPFinish timeout, wait second ms:100
[Error] [2026-4-29 18:19:26] WaitForWIPFinish timeout, wait second ms:100
[Error] [2026-4-29 18:19:26] WaitForWIPFinish timeout, wait second ms:100
[Error] [2026-4-29 18:19:26] WaitForWIPFinish timeout, wait second ms:100
[Error] [2026-4-29 18:19:26] WaitForWIPFinish timeout, wait second ms:100
[Debug] [2026-4-29 18:19:26] progress bar is 11
[Error] [2026-4-29 18:19:27] WaitForWIPFinish timeout, wait second ms:100
[Error] [2026-4-29 18:19:27] WaitForWIPFinish timeout, wait second ms:100
[Error] [2026-4-29 18:19:27] WaitForWIPFinish timeout, wait second ms:100
[Error] [2026-4-29 18:19:27] WaitForWIPFinish timeout, wait second ms:100
[Error] [2026-4-29 18:19:27] WaitForWIPFinish timeout, wait second ms:100
[Debug] [2026-4-29 18:19:27] progress bar is 15
[Error] [2026-4-29 18:19:27] WaitForWIPFinish timeout, wait second ms:100
[Error] [2026-4-29 18:19:27] WaitForWIPFinish timeout, wait second ms:100
[Error] [2026-4-29 18:19:28] WaitForWIPFinish timeout, wait second ms:100
[Error] [2026-4-29 18:19:28] WaitForWIPFinish timeout, wait second ms:100
[Error] [2026-4-29 18:19:28] WaitForWIPFinish timeout, wait second ms:100
[Debug] [2026-4-29 18:19:28] progress bar is 20
[Error] [2026-4-29 18:19:28] WaitForWIPFinish timeout, wait second ms:100
[Error] [2026-4-29 18:19:28] WaitForWIPFinish timeout, wait second ms:100
[Error] [2026-4-29 18:19:28] WaitForWIPFinish timeout, wait second ms:100
[Error] [2026-4-29 18:19:29] WaitForWIPFinish timeout, wait second ms:100
[Error] [2026-4-29 18:19:29] WaitForWIPFinish timeout, wait second ms:100
[Error] [2026-4-29 18:19:29] WaitForWIPFinish timeout, wait second ms:100
[Error] [2026-4-29 18:19:29] WaitForWIPFinish timeout, wait second ms:100
[Debug] [2026-4-29 18:19:29] progress bar is 26
[Error] [2026-4-29 18:19:29] WaitForWIPFinish timeout, wait second ms:100
[Error] [2026-4-29 18:19:29] WaitForWIPFinish timeout, wait second ms:100
[Error] [2026-4-29 18:19:29] WaitForWIPFinish timeout, wait second ms:100
[Error] [2026-4-29 18:19:30] WaitForWIPFinish timeout, wait second ms:100
[Error] [2026-4-29 18:19:30] WaitForWIPFinish timeout, wait second ms:100
[Error] [2026-4-29 18:19:30] WaitForWIPFinish timeout, wait second ms:100
[Debug] [2026-4-29 18:19:30] progress bar is 31
[Error] [2026-4-29 18:19:30] WaitForWIPFinish timeout, wait second ms:100
[Error] [2026-4-29 18:19:30] WaitForWIPFinish timeout, wait second ms:100
[Error] [2026-4-29 18:19:30] WaitForWIPFinish timeout, wait second ms:100
[Error] [2026-4-29 18:19:31] WaitForWIPFinish timeout, wait second ms:100
[Error] [2026-4-29 18:19:31] WaitForWIPFinish timeout, wait second ms:100
[Error] [2026-4-29 18:19:31] WaitForWIPFinish timeout, wait second ms:100
[Debug] [2026-4-29 18:19:31] progress bar is 35
[Error] [2026-4-29 18:19:31] WaitForWIPFinish timeout, wait second ms:100
[Error] [2026-4-29 18:19:31] WaitForWIPFinish timeout, wait second ms:100
[Error] [2026-4-29 18:19:31] WaitForWIPFinish timeout, wait second ms:100
[Error] [2026-4-29 18:19:31] WaitForWIPFinish timeout, wait second ms:100
[Error] [2026-4-29 18:19:32] WaitForWIPFinish timeout, wait second ms:100
[Error] [2026-4-29 18:19:32] WaitForWIPFinish timeout, wait second ms:100
[Debug] [2026-4-29 18:19:32] progress bar is 40
[Error] [2026-4-29 18:19:32] WaitForWIPFinish timeout, wait second ms:100
[Error] [2026-4-29 18:19:32] WaitForWIPFinish timeout, wait second ms:100
[Error] [2026-4-29 18:19:32] WaitForWIPFinish timeout, wait second ms:100
[Error] [2026-4-29 18:19:32] WaitForWIPFinish timeout, wait second ms:100
[Error] [2026-4-29 18:19:32] WaitForWIPFinish timeout, wait second ms:100
[Error] [2026-4-29 18:19:33] WaitForWIPFinish timeout, wait second ms:100
[Error] [2026-4-29 18:19:33] WaitForWIPFinish timeout, wait second ms:100
[Debug] [2026-4-29 18:19:33] progress bar is 46
[Error] [2026-4-29 18:19:33] WaitForWIPFinish timeout, wait second ms:100
[Error] [2026-4-29 18:19:33] WaitForWIPFinish timeout, wait second ms:100
[Error] [2026-4-29 18:19:33] WaitForWIPFinish timeout, wait second ms:100
[Error] [2026-4-29 18:19:33] WaitForWIPFinish timeout, wait second ms:100
[Error] [2026-4-29 18:19:34] WaitForWIPFinish timeout, wait second ms:100
[Error] [2026-4-29 18:19:34] WaitForWIPFinish timeout, wait second ms:100
[Debug] [2026-4-29 18:19:34] progress bar is 51
[Error] [2026-4-29 18:19:34] WaitForWIPFinish timeout, wait second ms:100
[Error] [2026-4-29 18:19:34] WaitForWIPFinish timeout, wait second ms:100
[Error] [2026-4-29 18:19:34] WaitForWIPFinish timeout, wait second ms:100
[Error] [2026-4-29 18:19:34] WaitForWIPFinish timeout, wait second ms:100
[Debug] [2026-4-29 18:19:34] progress bar is 55
[Error] [2026-4-29 18:19:35] WaitForWIPFinish timeout, wait second ms:100
[Error] [2026-4-29 18:19:35] WaitForWIPFinish timeout, wait second ms:100
[Error] [2026-4-29 18:19:35] WaitForWIPFinish timeout, wait second ms:100
[Error] [2026-4-29 18:19:35] WaitForWIPFinish timeout, wait second ms:100
[Error] [2026-4-29 18:19:35] WaitForWIPFinish timeout, wait second ms:100
[Debug] [2026-4-29 18:19:35] progress bar is 60
[Error] [2026-4-29 18:19:35] WaitForWIPFinish timeout, wait second ms:100
[Error] [2026-4-29 18:19:35] WaitForWIPFinish timeout, wait second ms:100
[Error] [2026-4-29 18:19:36] WaitForWIPFinish timeout, wait second ms:100
[Error] [2026-4-29 18:19:36] WaitForWIPFinish timeout, wait second ms:100
[Error] [2026-4-29 18:19:36] WaitForWIPFinish timeout, wait second ms:100
[Error] [2026-4-29 18:19:36] WaitForWIPFinish timeout, wait second ms:100
[Error] [2026-4-29 18:19:36] WaitForWIPFinish timeout, wait second ms:100
[Debug] [2026-4-29 18:19:36] progress bar is 66
[Error] [2026-4-29 18:19:36] WaitForWIPFinish timeout, wait second ms:100
[Error] [2026-4-29 18:19:37] WaitForWIPFinish timeout, wait second ms:100
[Error] [2026-4-29 18:19:37] WaitForWIPFinish timeout, wait second ms:100
[Error] [2026-4-29 18:19:37] WaitForWIPFinish timeout, wait second ms:100
[Error] [2026-4-29 18:19:37] WaitForWIPFinish timeout, wait second ms:100
[Debug] [2026-4-29 18:19:37] progress bar is 71
[Error] [2026-4-29 18:19:37] WaitForWIPFinish timeout, wait second ms:100
[Error] [2026-4-29 18:19:37] WaitForWIPFinish timeout, wait second ms:100
[Error] [2026-4-29 18:19:37] WaitForWIPFinish timeout, wait second ms:100
[Error] [2026-4-29 18:19:38] WaitForWIPFinish timeout, wait second ms:100
[Error] [2026-4-29 18:19:38] WaitForWIPFinish timeout, wait second ms:100
[Error] [2026-4-29 18:19:38] WaitForWIPFinish timeout, wait second ms:100
[Debug] [2026-4-29 18:19:38] progress bar is 75
[Error] [2026-4-29 18:19:38] WaitForWIPFinish timeout, wait second ms:100
[Error] [2026-4-29 18:19:38] WaitForWIPFinish timeout, wait second ms:100
[Error] [2026-4-29 18:19:38] WaitForWIPFinish timeout, wait second ms:100
[Error] [2026-4-29 18:19:39] WaitForWIPFinish timeout, wait second ms:100
[Error] [2026-4-29 18:19:39] WaitForWIPFinish timeout, wait second ms:100
[Error] [2026-4-29 18:19:39] WaitForWIPFinish timeout, wait second ms:100
[Debug] [2026-4-29 18:19:39] progress bar is 80
[Error] [2026-4-29 18:19:39] WaitForWIPFinish timeout, wait second ms:100
[Error] [2026-4-29 18:19:39] WaitForWIPFinish timeout, wait second ms:100
[Error] [2026-4-29 18:19:39] WaitForWIPFinish timeout, wait second ms:100
[Error] [2026-4-29 18:19:39] WaitForWIPFinish timeout, wait second ms:100
[Error] [2026-4-29 18:19:40] WaitForWIPFinish timeout, wait second ms:100
[Error] [2026-4-29 18:19:40] WaitForWIPFinish timeout, wait second ms:100
[Debug] [2026-4-29 18:19:40] progress bar is 86
[Error] [2026-4-29 18:19:40] WaitForWIPFinish timeout, wait second ms:100
[Error] [2026-4-29 18:19:40] WaitForWIPFinish timeout, wait second ms:100
[Error] [2026-4-29 18:19:40] WaitForWIPFinish timeout, wait second ms:100
[Error] [2026-4-29 18:19:40] WaitForWIPFinish timeout, wait second ms:100
[Error] [2026-4-29 18:19:41] WaitForWIPFinish timeout, wait second ms:100
[Debug] [2026-4-29 18:19:41] progress bar is 91
[Error] [2026-4-29 18:19:41] WaitForWIPFinish timeout, wait second ms:100
[Error] [2026-4-29 18:19:41] WaitForWIPFinish timeout, wait second ms:100
[Error] [2026-4-29 18:19:41] WaitForWIPFinish timeout, wait second ms:100
[Error] [2026-4-29 18:19:41] WaitForWIPFinish timeout, wait second ms:100
[Debug] [2026-4-29 18:19:41] progress bar is 95
[Error] [2026-4-29 18:19:41] WaitForWIPFinish timeout, wait second ms:100
[Error] [2026-4-29 18:19:42] WaitForWIPFinish timeout, wait second ms:100
[Debug] [2026-4-29 18:19:42] progress bar is 100
[Debug] [2026-4-29 18:19:42] end to operate flash: cmd id = 20302
[Debug] [2026-4-29 18:19:42] cmd operation Erase Outer Flash releases locker
[Debug] [2026-4-29 18:19:42] Remove the header data from the client, index : 0
[Debug] [2026-4-29 18:19:42] _total_bytes_size : 783
[Debug] [2026-4-29 18:19:42] cmd id :20301cmd name : Program Outer Flash
[Debug] [2026-4-29 18:19:42] begin to operate flash: cmd id = 20301
[Debug] [2026-4-29 18:19:42] the idcode from the scanning is: 0x50602899
[Debug] [2026-4-29 18:19:42] the idcode from the scanning is: 0x0
[Debug] [2026-4-29 18:19:42] the idcode from the scanning is: 0x0
[Debug] [2026-4-29 18:19:42] the idcode from the scanning is: 0x0
[Debug] [2026-4-29 18:19:42] the idcode from the scanning is: 0x0
[Debug] [2026-4-29 18:19:42] the value in the status register is :81ffca0
[Debug] [2026-4-29 18:19:42] flash_id is 1c7118
[Debug] [2026-4-29 18:19:42] The value of GigaDevice status register 1 is 0x
[Debug] [2026-4-29 18:19:42] progress bar is 1
[Debug] [2026-4-29 18:19:45] progress bar is 6
[Debug] [2026-4-29 18:19:47] progress bar is 10
[Debug] [2026-4-29 18:19:49] progress bar is 15
[Debug] [2026-4-29 18:19:51] progress bar is 20
[Debug] [2026-4-29 18:19:53] progress bar is 25
[Debug] [2026-4-29 18:19:56] progress bar is 30
[Debug] [2026-4-29 18:19:58] progress bar is 35
[Debug] [2026-4-29 18:20:00] progress bar is 40
[Debug] [2026-4-29 18:20:02] progress bar is 45
[Debug] [2026-4-29 18:20:05] progress bar is 50
[Debug] [2026-4-29 18:20:07] progress bar is 55
[Debug] [2026-4-29 18:20:09] progress bar is 60
[Debug] [2026-4-29 18:20:12] progress bar is 65
[Debug] [2026-4-29 18:20:14] progress bar is 70
[Debug] [2026-4-29 18:20:16] progress bar is 75
[Debug] [2026-4-29 18:20:18] progress bar is 80
[Debug] [2026-4-29 18:20:21] progress bar is 85
[Debug] [2026-4-29 18:20:23] progress bar is 90
[Debug] [2026-4-29 18:20:25] progress bar is 95
[Debug] [2026-4-29 18:20:27] progress bar is 100
[Debug] [2026-4-29 18:20:27] end to operate flash: cmd id = 20301
[Debug] [2026-4-29 18:20:27] cmd operation Program Outer Flash releases locker
[Debug] [2026-4-29 18:20:27] Remove the header data from the client, index : 0
[Debug] [2026-4-29 18:20:27] _total_bytes_size : 781
[Debug] [2026-4-29 18:20:27] cmd id :20303cmd name : Verify Outer Flash
[Debug] [2026-4-29 18:20:27] begin to operate flash: cmd id = 20303
[Debug] [2026-4-29 18:20:28] the idcode from the scanning is: 0x50602899
[Debug] [2026-4-29 18:20:28] the idcode from the scanning is: 0x0
[Debug] [2026-4-29 18:20:28] the idcode from the scanning is: 0x0
[Debug] [2026-4-29 18:20:28] the idcode from the scanning is: 0x0
[Debug] [2026-4-29 18:20:28] the idcode from the scanning is: 0x0
[Debug] [2026-4-29 18:20:28] the value in the status register is :81ffca0
[Debug] [2026-4-29 18:20:28] flash_id is 1c7118
[Debug] [2026-4-29 18:20:28] the value in the status register is :81ffca0
[Debug] [2026-4-29 18:20:28] progress bar is 1
[Debug] [2026-4-29 18:20:28] progress bar is 6
[Debug] [2026-4-29 18:20:28] progress bar is 10
[Debug] [2026-4-29 18:20:28] progress bar is 15
[Debug] [2026-4-29 18:20:28] progress bar is 20
[Debug] [2026-4-29 18:20:28] progress bar is 25
[Debug] [2026-4-29 18:20:29] progress bar is 30
[Debug] [2026-4-29 18:20:29] progress bar is 35
[Debug] [2026-4-29 18:20:29] progress bar is 40
[Debug] [2026-4-29 18:20:29] progress bar is 45
[Debug] [2026-4-29 18:20:29] progress bar is 50
[Debug] [2026-4-29 18:20:29] progress bar is 55
[Debug] [2026-4-29 18:20:29] progress bar is 60
[Debug] [2026-4-29 18:20:30] progress bar is 65
[Debug] [2026-4-29 18:20:30] progress bar is 70
[Debug] [2026-4-29 18:20:30] progress bar is 75
[Debug] [2026-4-29 18:20:30] progress bar is 80
[Debug] [2026-4-29 18:20:30] progress bar is 85
[Debug] [2026-4-29 18:20:30] progress bar is 90
[Debug] [2026-4-29 18:20:30] progress bar is 95
[Debug] [2026-4-29 18:20:31] progress bar is 100
[Debug] [2026-4-29 18:20:31] end to operate flash: cmd id = 20303
[Debug] [2026-4-29 18:20:31] cmd operation Verify Outer Flash releases locker
[Debug] [2026-4-29 19:14:26] Remove the header data from the client, index : 0
[Debug] [2026-4-29 19:14:26] _total_bytes_size : 786
[Debug] [2026-4-29 19:14:26] cmd id :20302cmd name : Erase Outer Flash
[Debug] [2026-4-29 19:14:26] begin to operate flash: cmd id = 20302
[Debug] [2026-4-29 19:14:26] the idcode from the scanning is: 0x50602899
[Debug] [2026-4-29 19:14:26] the idcode from the scanning is: 0x0
[Debug] [2026-4-29 19:14:26] the idcode from the scanning is: 0x0
[Debug] [2026-4-29 19:14:26] the idcode from the scanning is: 0x0
[Debug] [2026-4-29 19:14:26] the idcode from the scanning is: 0x0
[Debug] [2026-4-29 19:14:26] the value in the status register is :81ffca0
[Debug] [2026-4-29 19:14:26] flash_id is 1c7118
[Debug] [2026-4-29 19:14:26] the value in the status register is :81ffca0
[Debug] [2026-4-29 19:14:26] progress bar is 1
[Error] [2026-4-29 19:14:26] WaitForWIPFinish timeout, wait second ms:100
[Error] [2026-4-29 19:14:26] WaitForWIPFinish timeout, wait second ms:100
[Error] [2026-4-29 19:14:26] WaitForWIPFinish timeout, wait second ms:100
[Error] [2026-4-29 19:14:27] WaitForWIPFinish timeout, wait second ms:100
[Error] [2026-4-29 19:14:27] WaitForWIPFinish timeout, wait second ms:100
[Error] [2026-4-29 19:14:27] WaitForWIPFinish timeout, wait second ms:100
[Error] [2026-4-29 19:14:27] WaitForWIPFinish timeout, wait second ms:100
[Error] [2026-4-29 19:14:27] WaitForWIPFinish timeout, wait second ms:100
[Error] [2026-4-29 19:14:27] WaitForWIPFinish timeout, wait second ms:100
[Error] [2026-4-29 19:14:27] WaitForWIPFinish timeout, wait second ms:100
[Debug] [2026-4-29 19:14:28] progress bar is 6
[Error] [2026-4-29 19:14:28] WaitForWIPFinish timeout, wait second ms:100
[Error] [2026-4-29 19:14:28] WaitForWIPFinish timeout, wait second ms:100
[Error] [2026-4-29 19:14:28] WaitForWIPFinish timeout, wait second ms:100
[Error] [2026-4-29 19:14:28] WaitForWIPFinish timeout, wait second ms:100
[Error] [2026-4-29 19:14:28] WaitForWIPFinish timeout, wait second ms:100
[Debug] [2026-4-29 19:14:28] progress bar is 10
[Error] [2026-4-29 19:14:28] WaitForWIPFinish timeout, wait second ms:100
[Error] [2026-4-29 19:14:29] WaitForWIPFinish timeout, wait second ms:100
[Error] [2026-4-29 19:14:29] WaitForWIPFinish timeout, wait second ms:100
[Error] [2026-4-29 19:14:29] WaitForWIPFinish timeout, wait second ms:100
[Error] [2026-4-29 19:14:29] WaitForWIPFinish timeout, wait second ms:100
[Error] [2026-4-29 19:14:29] WaitForWIPFinish timeout, wait second ms:100
[Error] [2026-4-29 19:14:29] WaitForWIPFinish timeout, wait second ms:100
[Debug] [2026-4-29 19:14:29] progress bar is 17
[Error] [2026-4-29 19:14:29] WaitForWIPFinish timeout, wait second ms:100
[Error] [2026-4-29 19:14:30] WaitForWIPFinish timeout, wait second ms:100
[Error] [2026-4-29 19:14:30] WaitForWIPFinish timeout, wait second ms:100
[Error] [2026-4-29 19:14:30] WaitForWIPFinish timeout, wait second ms:100
[Error] [2026-4-29 19:14:30] WaitForWIPFinish timeout, wait second ms:100
[Debug] [2026-4-29 19:14:30] progress bar is 21
[Error] [2026-4-29 19:14:30] WaitForWIPFinish timeout, wait second ms:100
[Error] [2026-4-29 19:14:30] WaitForWIPFinish timeout, wait second ms:100
[Error] [2026-4-29 19:14:31] WaitForWIPFinish timeout, wait second ms:100
[Error] [2026-4-29 19:14:31] WaitForWIPFinish timeout, wait second ms:100
[Debug] [2026-4-29 19:14:31] progress bar is 25
[Error] [2026-4-29 19:14:31] WaitForWIPFinish timeout, wait second ms:100
[Error] [2026-4-29 19:14:31] WaitForWIPFinish timeout, wait second ms:100
[Error] [2026-4-29 19:14:31] WaitForWIPFinish timeout, wait second ms:100
[Error] [2026-4-29 19:14:31] WaitForWIPFinish timeout, wait second ms:100
[Error] [2026-4-29 19:14:31] WaitForWIPFinish timeout, wait second ms:100
[Error] [2026-4-29 19:14:32] WaitForWIPFinish timeout, wait second ms:100
[Error] [2026-4-29 19:14:32] WaitForWIPFinish timeout, wait second ms:100
[Error] [2026-4-29 19:14:32] WaitForWIPFinish timeout, wait second ms:100
[Error] [2026-4-29 19:14:32] WaitForWIPFinish timeout, wait second ms:100
[Debug] [2026-4-29 19:14:32] progress bar is 31
[Error] [2026-4-29 19:14:32] WaitForWIPFinish timeout, wait second ms:100
[Error] [2026-4-29 19:14:32] WaitForWIPFinish timeout, wait second ms:100
[Error] [2026-4-29 19:14:33] WaitForWIPFinish timeout, wait second ms:100
[Error] [2026-4-29 19:14:33] WaitForWIPFinish timeout, wait second ms:100
[Error] [2026-4-29 19:14:33] WaitForWIPFinish timeout, wait second ms:100
[Debug] [2026-4-29 19:14:33] progress bar is 36
[Error] [2026-4-29 19:14:33] WaitForWIPFinish timeout, wait second ms:100
[Error] [2026-4-29 19:14:33] WaitForWIPFinish timeout, wait second ms:100
[Error] [2026-4-29 19:14:33] WaitForWIPFinish timeout, wait second ms:100
[Error] [2026-4-29 19:14:33] WaitForWIPFinish timeout, wait second ms:100
[Debug] [2026-4-29 19:14:34] progress bar is 40
[Error] [2026-4-29 19:14:34] WaitForWIPFinish timeout, wait second ms:100
[Error] [2026-4-29 19:14:34] WaitForWIPFinish timeout, wait second ms:100
[Error] [2026-4-29 19:14:34] WaitForWIPFinish timeout, wait second ms:100
[Error] [2026-4-29 19:14:34] WaitForWIPFinish timeout, wait second ms:100
[Error] [2026-4-29 19:14:34] WaitForWIPFinish timeout, wait second ms:100
[Error] [2026-4-29 19:14:34] WaitForWIPFinish timeout, wait second ms:100
[Error] [2026-4-29 19:14:35] WaitForWIPFinish timeout, wait second ms:100
[Debug] [2026-4-29 19:14:35] progress bar is 46
[Error] [2026-4-29 19:14:35] WaitForWIPFinish timeout, wait second ms:100
[Error] [2026-4-29 19:14:35] WaitForWIPFinish timeout, wait second ms:100
[Error] [2026-4-29 19:14:35] WaitForWIPFinish timeout, wait second ms:100
[Error] [2026-4-29 19:14:35] WaitForWIPFinish timeout, wait second ms:100
[Error] [2026-4-29 19:14:35] WaitForWIPFinish timeout, wait second ms:100
[Debug] [2026-4-29 19:14:35] progress bar is 51
[Error] [2026-4-29 19:14:36] WaitForWIPFinish timeout, wait second ms:100
[Error] [2026-4-29 19:14:36] WaitForWIPFinish timeout, wait second ms:100
[Error] [2026-4-29 19:14:36] WaitForWIPFinish timeout, wait second ms:100
[Error] [2026-4-29 19:14:36] WaitForWIPFinish timeout, wait second ms:100
[Error] [2026-4-29 19:14:36] WaitForWIPFinish timeout, wait second ms:100
[Error] [2026-4-29 19:14:36] WaitForWIPFinish timeout, wait second ms:100
[Debug] [2026-4-29 19:14:36] progress bar is 55
[Error] [2026-4-29 19:14:36] WaitForWIPFinish timeout, wait second ms:100
[Error] [2026-4-29 19:14:37] WaitForWIPFinish timeout, wait second ms:100
[Error] [2026-4-29 19:14:37] WaitForWIPFinish timeout, wait second ms:100
[Error] [2026-4-29 19:14:37] WaitForWIPFinish timeout, wait second ms:100
[Error] [2026-4-29 19:14:37] WaitForWIPFinish timeout, wait second ms:100
[Error] [2026-4-29 19:14:37] WaitForWIPFinish timeout, wait second ms:100
[Error] [2026-4-29 19:14:37] WaitForWIPFinish timeout, wait second ms:100
[Debug] [2026-4-29 19:14:37] progress bar is 61
[Error] [2026-4-29 19:14:38] WaitForWIPFinish timeout, wait second ms:100
[Error] [2026-4-29 19:14:38] WaitForWIPFinish timeout, wait second ms:100
[Error] [2026-4-29 19:14:38] WaitForWIPFinish timeout, wait second ms:100
[Error] [2026-4-29 19:14:38] WaitForWIPFinish timeout, wait second ms:100
[Debug] [2026-4-29 19:14:38] progress bar is 65
[Error] [2026-4-29 19:14:38] WaitForWIPFinish timeout, wait second ms:100
[Error] [2026-4-29 19:14:38] WaitForWIPFinish timeout, wait second ms:100
[Error] [2026-4-29 19:14:38] WaitForWIPFinish timeout, wait second ms:100
[Error] [2026-4-29 19:14:39] WaitForWIPFinish timeout, wait second ms:100
[Error] [2026-4-29 19:14:39] WaitForWIPFinish timeout, wait second ms:100
[Error] [2026-4-29 19:14:39] WaitForWIPFinish timeout, wait second ms:100
[Debug] [2026-4-29 19:14:39] progress bar is 70
[Error] [2026-4-29 19:14:39] WaitForWIPFinish timeout, wait second ms:100
[Error] [2026-4-29 19:14:39] WaitForWIPFinish timeout, wait second ms:100
[Error] [2026-4-29 19:14:39] WaitForWIPFinish timeout, wait second ms:100
[Error] [2026-4-29 19:14:40] WaitForWIPFinish timeout, wait second ms:100
[Error] [2026-4-29 19:14:40] WaitForWIPFinish timeout, wait second ms:100
[Error] [2026-4-29 19:14:40] WaitForWIPFinish timeout, wait second ms:100
[Error] [2026-4-29 19:14:40] WaitForWIPFinish timeout, wait second ms:100
[Debug] [2026-4-29 19:14:40] progress bar is 76
[Error] [2026-4-29 19:14:40] WaitForWIPFinish timeout, wait second ms:100
[Error] [2026-4-29 19:14:40] WaitForWIPFinish timeout, wait second ms:100
[Error] [2026-4-29 19:14:41] WaitForWIPFinish timeout, wait second ms:100
[Error] [2026-4-29 19:14:41] WaitForWIPFinish timeout, wait second ms:100
[Debug] [2026-4-29 19:14:41] progress bar is 80
[Error] [2026-4-29 19:14:41] WaitForWIPFinish timeout, wait second ms:100
[Error] [2026-4-29 19:14:41] WaitForWIPFinish timeout, wait second ms:100
[Error] [2026-4-29 19:14:41] WaitForWIPFinish timeout, wait second ms:100
[Error] [2026-4-29 19:14:41] WaitForWIPFinish timeout, wait second ms:100
[Error] [2026-4-29 19:14:41] WaitForWIPFinish timeout, wait second ms:100
[Debug] [2026-4-29 19:14:42] progress bar is 85
[Error] [2026-4-29 19:14:42] WaitForWIPFinish timeout, wait second ms:100
[Error] [2026-4-29 19:14:42] WaitForWIPFinish timeout, wait second ms:100
[Error] [2026-4-29 19:14:42] WaitForWIPFinish timeout, wait second ms:100
[Error] [2026-4-29 19:14:42] WaitForWIPFinish timeout, wait second ms:100
[Error] [2026-4-29 19:14:42] WaitForWIPFinish timeout, wait second ms:100
[Error] [2026-4-29 19:14:42] WaitForWIPFinish timeout, wait second ms:100
[Error] [2026-4-29 19:14:43] WaitForWIPFinish timeout, wait second ms:100
[Debug] [2026-4-29 19:14:43] progress bar is 91
[Error] [2026-4-29 19:14:43] WaitForWIPFinish timeout, wait second ms:100
[Error] [2026-4-29 19:14:43] WaitForWIPFinish timeout, wait second ms:100
[Error] [2026-4-29 19:14:43] WaitForWIPFinish timeout, wait second ms:100
[Error] [2026-4-29 19:14:43] WaitForWIPFinish timeout, wait second ms:100
[Error] [2026-4-29 19:14:43] WaitForWIPFinish timeout, wait second ms:100
[Debug] [2026-4-29 19:14:43] progress bar is 95
[Error] [2026-4-29 19:14:44] WaitForWIPFinish timeout, wait second ms:100
[Error] [2026-4-29 19:14:44] WaitForWIPFinish timeout, wait second ms:100
[Error] [2026-4-29 19:14:44] WaitForWIPFinish timeout, wait second ms:100
[Debug] [2026-4-29 19:14:44] progress bar is 100
[Debug] [2026-4-29 19:14:44] end to operate flash: cmd id = 20302
[Debug] [2026-4-29 19:14:44] cmd operation Erase Outer Flash releases locker
[Debug] [2026-4-29 19:14:44] Remove the header data from the client, index : 0
[Debug] [2026-4-29 19:14:44] _total_bytes_size : 783
[Debug] [2026-4-29 19:14:44] cmd id :20301cmd name : Program Outer Flash
[Debug] [2026-4-29 19:14:44] begin to operate flash: cmd id = 20301
[Debug] [2026-4-29 19:14:44] the idcode from the scanning is: 0x50602899
[Debug] [2026-4-29 19:14:44] the idcode from the scanning is: 0x0
[Debug] [2026-4-29 19:14:44] the idcode from the scanning is: 0x0
[Debug] [2026-4-29 19:14:44] the idcode from the scanning is: 0x0
[Debug] [2026-4-29 19:14:44] the idcode from the scanning is: 0x0
[Debug] [2026-4-29 19:14:44] the value in the status register is :81ffca0
[Debug] [2026-4-29 19:14:44] flash_id is 1c7118
[Debug] [2026-4-29 19:14:44] The value of GigaDevice status register 1 is 0x
[Debug] [2026-4-29 19:14:44] progress bar is 1
[Debug] [2026-4-29 19:14:47] progress bar is 6
[Debug] [2026-4-29 19:14:49] progress bar is 10
[Debug] [2026-4-29 19:14:52] progress bar is 15
[Debug] [2026-4-29 19:14:54] progress bar is 20
[Debug] [2026-4-29 19:14:56] progress bar is 25
[Debug] [2026-4-29 19:14:59] progress bar is 30
[Debug] [2026-4-29 19:15:01] progress bar is 35
[Debug] [2026-4-29 19:15:04] progress bar is 40
[Debug] [2026-4-29 19:15:06] progress bar is 45
[Debug] [2026-4-29 19:15:08] progress bar is 50
[Debug] [2026-4-29 19:15:11] progress bar is 55
[Debug] [2026-4-29 19:15:13] progress bar is 60
[Debug] [2026-4-29 19:15:16] progress bar is 65
[Debug] [2026-4-29 19:15:18] progress bar is 70
[Debug] [2026-4-29 19:15:20] progress bar is 75
[Debug] [2026-4-29 19:15:23] progress bar is 80
[Debug] [2026-4-29 19:15:25] progress bar is 85
[Debug] [2026-4-29 19:15:28] progress bar is 90
[Debug] [2026-4-29 19:15:30] progress bar is 95
[Debug] [2026-4-29 19:15:32] progress bar is 100
[Debug] [2026-4-29 19:15:33] end to operate flash: cmd id = 20301
[Debug] [2026-4-29 19:15:33] cmd operation Program Outer Flash releases locker
[Debug] [2026-4-29 19:15:33] Remove the header data from the client, index : 0
[Debug] [2026-4-29 19:15:33] _total_bytes_size : 781
[Debug] [2026-4-29 19:15:33] cmd id :20303cmd name : Verify Outer Flash
[Debug] [2026-4-29 19:15:33] begin to operate flash: cmd id = 20303
[Debug] [2026-4-29 19:15:33] the idcode from the scanning is: 0x50602899
[Debug] [2026-4-29 19:15:33] the idcode from the scanning is: 0x0
[Debug] [2026-4-29 19:15:33] the idcode from the scanning is: 0x0
[Debug] [2026-4-29 19:15:33] the idcode from the scanning is: 0x0
[Debug] [2026-4-29 19:15:33] the idcode from the scanning is: 0x0
[Debug] [2026-4-29 19:15:33] the value in the status register is :81ffca0
[Debug] [2026-4-29 19:15:33] flash_id is 1c7118
[Debug] [2026-4-29 19:15:33] the value in the status register is :81ffca0
[Debug] [2026-4-29 19:15:33] progress bar is 1
[Debug] [2026-4-29 19:15:33] progress bar is 6
[Debug] [2026-4-29 19:15:33] progress bar is 10
[Debug] [2026-4-29 19:15:33] progress bar is 15
[Debug] [2026-4-29 19:15:33] progress bar is 20
[Debug] [2026-4-29 19:15:34] progress bar is 25
[Debug] [2026-4-29 19:15:34] progress bar is 30
[Debug] [2026-4-29 19:15:34] progress bar is 35
[Debug] [2026-4-29 19:15:34] progress bar is 40
[Debug] [2026-4-29 19:15:34] progress bar is 45
[Debug] [2026-4-29 19:15:34] progress bar is 50
[Debug] [2026-4-29 19:15:35] progress bar is 55
[Debug] [2026-4-29 19:15:35] progress bar is 60
[Debug] [2026-4-29 19:15:35] progress bar is 65
[Debug] [2026-4-29 19:15:35] progress bar is 70
[Debug] [2026-4-29 19:15:35] progress bar is 75
[Debug] [2026-4-29 19:15:35] progress bar is 80
[Debug] [2026-4-29 19:15:35] progress bar is 85
[Debug] [2026-4-29 19:15:36] progress bar is 90
[Debug] [2026-4-29 19:15:36] progress bar is 95
[Debug] [2026-4-29 19:15:36] progress bar is 100
[Debug] [2026-4-29 19:15:36] end to operate flash: cmd id = 20303
[Debug] [2026-4-29 19:15:36] cmd operation Verify Outer Flash releases locker
[Debug] [2026-4-29 19:46:20] Remove the header data from the client, index : 0
[Debug] [2026-4-29 19:46:20] _total_bytes_size : 786
[Debug] [2026-4-29 19:46:20] cmd id :20302cmd name : Erase Outer Flash
[Debug] [2026-4-29 19:46:20] begin to operate flash: cmd id = 20302
[Debug] [2026-4-29 19:46:20] the idcode from the scanning is: 0x50602899
[Debug] [2026-4-29 19:46:20] the idcode from the scanning is: 0x0
[Debug] [2026-4-29 19:46:20] the idcode from the scanning is: 0x0
[Debug] [2026-4-29 19:46:20] the idcode from the scanning is: 0x0
[Debug] [2026-4-29 19:46:20] the idcode from the scanning is: 0x0
[Debug] [2026-4-29 19:46:20] the value in the status register is :81ffca0
[Debug] [2026-4-29 19:46:20] flash_id is 1c7118
[Debug] [2026-4-29 19:46:20] the value in the status register is :81ffca0
[Debug] [2026-4-29 19:46:20] progress bar is 1
[Error] [2026-4-29 19:46:20] WaitForWIPFinish timeout, wait second ms:100
[Error] [2026-4-29 19:46:21] WaitForWIPFinish timeout, wait second ms:100
[Error] [2026-4-29 19:46:21] WaitForWIPFinish timeout, wait second ms:100
[Error] [2026-4-29 19:46:21] WaitForWIPFinish timeout, wait second ms:100
[Error] [2026-4-29 19:46:21] WaitForWIPFinish timeout, wait second ms:100
[Error] [2026-4-29 19:46:21] WaitForWIPFinish timeout, wait second ms:100
[Error] [2026-4-29 19:46:21] WaitForWIPFinish timeout, wait second ms:100
[Error] [2026-4-29 19:46:21] WaitForWIPFinish timeout, wait second ms:100
[Error] [2026-4-29 19:46:22] WaitForWIPFinish timeout, wait second ms:100
[Error] [2026-4-29 19:46:22] WaitForWIPFinish timeout, wait second ms:100
[Error] [2026-4-29 19:46:22] WaitForWIPFinish timeout, wait second ms:100
[Debug] [2026-4-29 19:46:22] progress bar is 6
[Error] [2026-4-29 19:46:22] WaitForWIPFinish timeout, wait second ms:100
[Error] [2026-4-29 19:46:22] WaitForWIPFinish timeout, wait second ms:100
[Error] [2026-4-29 19:46:22] WaitForWIPFinish timeout, wait second ms:100
[Error] [2026-4-29 19:46:23] WaitForWIPFinish timeout, wait second ms:100
[Error] [2026-4-29 19:46:23] WaitForWIPFinish timeout, wait second ms:100
[Debug] [2026-4-29 19:46:23] progress bar is 10
[Error] [2026-4-29 19:46:23] WaitForWIPFinish timeout, wait second ms:100
[Error] [2026-4-29 19:46:23] WaitForWIPFinish timeout, wait second ms:100
[Error] [2026-4-29 19:46:23] WaitForWIPFinish timeout, wait second ms:100
[Error] [2026-4-29 19:46:23] WaitForWIPFinish timeout, wait second ms:100
[Error] [2026-4-29 19:46:23] WaitForWIPFinish timeout, wait second ms:100
[Error] [2026-4-29 19:46:24] WaitForWIPFinish timeout, wait second ms:100
[Error] [2026-4-29 19:46:24] WaitForWIPFinish timeout, wait second ms:100
[Debug] [2026-4-29 19:46:24] progress bar is 16
[Error] [2026-4-29 19:46:24] WaitForWIPFinish timeout, wait second ms:100
[Error] [2026-4-29 19:46:24] WaitForWIPFinish timeout, wait second ms:100
[Error] [2026-4-29 19:46:24] WaitForWIPFinish timeout, wait second ms:100
[Error] [2026-4-29 19:46:24] WaitForWIPFinish timeout, wait second ms:100
[Error] [2026-4-29 19:46:24] WaitForWIPFinish timeout, wait second ms:100
[Debug] [2026-4-29 19:46:25] progress bar is 20
[Error] [2026-4-29 19:46:25] WaitForWIPFinish timeout, wait second ms:100
[Error] [2026-4-29 19:46:25] WaitForWIPFinish timeout, wait second ms:100
[Error] [2026-4-29 19:46:25] WaitForWIPFinish timeout, wait second ms:100
[Error] [2026-4-29 19:46:25] WaitForWIPFinish timeout, wait second ms:100
[Error] [2026-4-29 19:46:25] WaitForWIPFinish timeout, wait second ms:100
[Error] [2026-4-29 19:46:25] WaitForWIPFinish timeout, wait second ms:100
[Error] [2026-4-29 19:46:26] WaitForWIPFinish timeout, wait second ms:100
[Debug] [2026-4-29 19:46:26] progress bar is 26
[Error] [2026-4-29 19:46:26] WaitForWIPFinish timeout, wait second ms:100
[Error] [2026-4-29 19:46:26] WaitForWIPFinish timeout, wait second ms:100
[Error] [2026-4-29 19:46:26] WaitForWIPFinish timeout, wait second ms:100
[Error] [2026-4-29 19:46:26] WaitForWIPFinish timeout, wait second ms:100
[Debug] [2026-4-29 19:46:26] progress bar is 30
[Error] [2026-4-29 19:46:26] WaitForWIPFinish timeout, wait second ms:100
[Error] [2026-4-29 19:46:27] WaitForWIPFinish timeout, wait second ms:100
[Error] [2026-4-29 19:46:27] WaitForWIPFinish timeout, wait second ms:100
[Error] [2026-4-29 19:46:27] WaitForWIPFinish timeout, wait second ms:100
[Error] [2026-4-29 19:46:27] WaitForWIPFinish timeout, wait second ms:100
[Error] [2026-4-29 19:46:27] WaitForWIPFinish timeout, wait second ms:100
[Error] [2026-4-29 19:46:27] WaitForWIPFinish timeout, wait second ms:100
[Error] [2026-4-29 19:46:27] WaitForWIPFinish timeout, wait second ms:100
[Error] [2026-4-29 19:46:28] WaitForWIPFinish timeout, wait second ms:100
[Debug] [2026-4-29 19:46:28] progress bar is 36
[Error] [2026-4-29 19:46:28] WaitForWIPFinish timeout, wait second ms:100
[Error] [2026-4-29 19:46:28] WaitForWIPFinish timeout, wait second ms:100
[Error] [2026-4-29 19:46:28] WaitForWIPFinish timeout, wait second ms:100
[Error] [2026-4-29 19:46:28] WaitForWIPFinish timeout, wait second ms:100
[Debug] [2026-4-29 19:46:28] progress bar is 40
[Error] [2026-4-29 19:46:28] WaitForWIPFinish timeout, wait second ms:100
[Error] [2026-4-29 19:46:29] WaitForWIPFinish timeout, wait second ms:100
[Error] [2026-4-29 19:46:29] WaitForWIPFinish timeout, wait second ms:100
[Error] [2026-4-29 19:46:29] WaitForWIPFinish timeout, wait second ms:100
[Error] [2026-4-29 19:46:29] WaitForWIPFinish timeout, wait second ms:100
[Error] [2026-4-29 19:46:29] WaitForWIPFinish timeout, wait second ms:100
[Error] [2026-4-29 19:46:29] WaitForWIPFinish timeout, wait second ms:100
[Error] [2026-4-29 19:46:29] WaitForWIPFinish timeout, wait second ms:100
[Debug] [2026-4-29 19:46:30] progress bar is 46
[Error] [2026-4-29 19:46:30] WaitForWIPFinish timeout, wait second ms:100
[Error] [2026-4-29 19:46:30] WaitForWIPFinish timeout, wait second ms:100
[Error] [2026-4-29 19:46:30] WaitForWIPFinish timeout, wait second ms:100
[Error] [2026-4-29 19:46:30] WaitForWIPFinish timeout, wait second ms:100
[Debug] [2026-4-29 19:46:30] progress bar is 51
[Error] [2026-4-29 19:46:30] WaitForWIPFinish timeout, wait second ms:100
[Error] [2026-4-29 19:46:30] WaitForWIPFinish timeout, wait second ms:100
[Error] [2026-4-29 19:46:31] WaitForWIPFinish timeout, wait second ms:100
[Error] [2026-4-29 19:46:31] WaitForWIPFinish timeout, wait second ms:100
[Error] [2026-4-29 19:46:31] WaitForWIPFinish timeout, wait second ms:100
[Debug] [2026-4-29 19:46:31] progress bar is 55
[Error] [2026-4-29 19:46:31] WaitForWIPFinish timeout, wait second ms:100
[Error] [2026-4-29 19:46:31] WaitForWIPFinish timeout, wait second ms:100
[Error] [2026-4-29 19:46:31] WaitForWIPFinish timeout, wait second ms:100
[Error] [2026-4-29 19:46:32] WaitForWIPFinish timeout, wait second ms:100
[Error] [2026-4-29 19:46:32] WaitForWIPFinish timeout, wait second ms:100
[Error] [2026-4-29 19:46:32] WaitForWIPFinish timeout, wait second ms:100
[Error] [2026-4-29 19:46:32] WaitForWIPFinish timeout, wait second ms:100
[Debug] [2026-4-29 19:46:32] progress bar is 61
[Error] [2026-4-29 19:46:32] WaitForWIPFinish timeout, wait second ms:100
[Error] [2026-4-29 19:46:32] WaitForWIPFinish timeout, wait second ms:100
[Error] [2026-4-29 19:46:33] WaitForWIPFinish timeout, wait second ms:100
[Error] [2026-4-29 19:46:33] WaitForWIPFinish timeout, wait second ms:100
[Error] [2026-4-29 19:46:33] WaitForWIPFinish timeout, wait second ms:100
[Debug] [2026-4-29 19:46:33] progress bar is 65
[Error] [2026-4-29 19:46:33] WaitForWIPFinish timeout, wait second ms:100
[Error] [2026-4-29 19:46:33] WaitForWIPFinish timeout, wait second ms:100
[Error] [2026-4-29 19:46:33] WaitForWIPFinish timeout, wait second ms:100
[Error] [2026-4-29 19:46:33] WaitForWIPFinish timeout, wait second ms:100
[Error] [2026-4-29 19:46:34] WaitForWIPFinish timeout, wait second ms:100
[Error] [2026-4-29 19:46:34] WaitForWIPFinish timeout, wait second ms:100
[Debug] [2026-4-29 19:46:34] progress bar is 71
[Error] [2026-4-29 19:46:34] WaitForWIPFinish timeout, wait second ms:100
[Error] [2026-4-29 19:46:34] WaitForWIPFinish timeout, wait second ms:100
[Error] [2026-4-29 19:46:34] WaitForWIPFinish timeout, wait second ms:100
[Error] [2026-4-29 19:46:34] WaitForWIPFinish timeout, wait second ms:100
[Error] [2026-4-29 19:46:35] WaitForWIPFinish timeout, wait second ms:100
[Debug] [2026-4-29 19:46:35] progress bar is 75
[Error] [2026-4-29 19:46:35] WaitForWIPFinish timeout, wait second ms:100
[Error] [2026-4-29 19:46:35] WaitForWIPFinish timeout, wait second ms:100
[Error] [2026-4-29 19:46:35] WaitForWIPFinish timeout, wait second ms:100
[Error] [2026-4-29 19:46:35] WaitForWIPFinish timeout, wait second ms:100
[Error] [2026-4-29 19:46:35] WaitForWIPFinish timeout, wait second ms:100
[Error] [2026-4-29 19:46:36] WaitForWIPFinish timeout, wait second ms:100
[Error] [2026-4-29 19:46:36] WaitForWIPFinish timeout, wait second ms:100
[Debug] [2026-4-29 19:46:36] progress bar is 81
[Error] [2026-4-29 19:46:36] WaitForWIPFinish timeout, wait second ms:100
[Error] [2026-4-29 19:46:36] WaitForWIPFinish timeout, wait second ms:100
[Error] [2026-4-29 19:46:36] WaitForWIPFinish timeout, wait second ms:100
[Error] [2026-4-29 19:46:36] WaitForWIPFinish timeout, wait second ms:100
[Debug] [2026-4-29 19:46:36] progress bar is 85
[Error] [2026-4-29 19:46:37] WaitForWIPFinish timeout, wait second ms:100
[Error] [2026-4-29 19:46:37] WaitForWIPFinish timeout, wait second ms:100
[Error] [2026-4-29 19:46:37] WaitForWIPFinish timeout, wait second ms:100
[Error] [2026-4-29 19:46:37] WaitForWIPFinish timeout, wait second ms:100
[Error] [2026-4-29 19:46:37] WaitForWIPFinish timeout, wait second ms:100
[Error] [2026-4-29 19:46:37] WaitForWIPFinish timeout, wait second ms:100
[Error] [2026-4-29 19:46:37] WaitForWIPFinish timeout, wait second ms:100
[Debug] [2026-4-29 19:46:38] progress bar is 91
[Error] [2026-4-29 19:46:38] WaitForWIPFinish timeout, wait second ms:100
[Error] [2026-4-29 19:46:38] WaitForWIPFinish timeout, wait second ms:100
[Error] [2026-4-29 19:46:38] WaitForWIPFinish timeout, wait second ms:100
[Error] [2026-4-29 19:46:38] WaitForWIPFinish timeout, wait second ms:100
[Error] [2026-4-29 19:46:38] WaitForWIPFinish timeout, wait second ms:100
[Error] [2026-4-29 19:46:38] WaitForWIPFinish timeout, wait second ms:100
[Debug] [2026-4-29 19:46:38] progress bar is 95
[Error] [2026-4-29 19:46:39] WaitForWIPFinish timeout, wait second ms:100
[Error] [2026-4-29 19:46:39] WaitForWIPFinish timeout, wait second ms:100
[Error] [2026-4-29 19:46:39] WaitForWIPFinish timeout, wait second ms:100
[Debug] [2026-4-29 19:46:39] progress bar is 100
[Debug] [2026-4-29 19:46:39] end to operate flash: cmd id = 20302
[Debug] [2026-4-29 19:46:39] cmd operation Erase Outer Flash releases locker
[Debug] [2026-4-29 19:46:39] Remove the header data from the client, index : 0
[Debug] [2026-4-29 19:46:39] _total_bytes_size : 783
[Debug] [2026-4-29 19:46:39] cmd id :20301cmd name : Program Outer Flash
[Debug] [2026-4-29 19:46:39] begin to operate flash: cmd id = 20301
[Debug] [2026-4-29 19:46:39] the idcode from the scanning is: 0x50602899
[Debug] [2026-4-29 19:46:39] the idcode from the scanning is: 0x0
[Debug] [2026-4-29 19:46:39] the idcode from the scanning is: 0x0
[Debug] [2026-4-29 19:46:39] the idcode from the scanning is: 0x0
[Debug] [2026-4-29 19:46:39] the idcode from the scanning is: 0x0
[Debug] [2026-4-29 19:46:39] the value in the status register is :81ffca0
[Debug] [2026-4-29 19:46:39] flash_id is 1c7118
[Debug] [2026-4-29 19:46:39] The value of GigaDevice status register 1 is 0x
[Debug] [2026-4-29 19:46:39] progress bar is 1
[Debug] [2026-4-29 19:46:42] progress bar is 6
[Debug] [2026-4-29 19:46:44] progress bar is 10
[Debug] [2026-4-29 19:46:47] progress bar is 15
[Debug] [2026-4-29 19:46:49] progress bar is 20
[Debug] [2026-4-29 19:46:52] progress bar is 25
[Debug] [2026-4-29 19:46:54] progress bar is 30
[Debug] [2026-4-29 19:46:57] progress bar is 35
[Debug] [2026-4-29 19:46:59] progress bar is 40
[Debug] [2026-4-29 19:47:02] progress bar is 45
[Debug] [2026-4-29 19:47:04] progress bar is 50
[Debug] [2026-4-29 19:47:07] progress bar is 55
[Debug] [2026-4-29 19:47:09] progress bar is 60
[Debug] [2026-4-29 19:47:12] progress bar is 65
[Debug] [2026-4-29 19:47:14] progress bar is 70
[Debug] [2026-4-29 19:47:17] progress bar is 75
[Debug] [2026-4-29 19:47:19] progress bar is 80
[Debug] [2026-4-29 19:47:22] progress bar is 85
[Debug] [2026-4-29 19:47:24] progress bar is 90
[Debug] [2026-4-29 19:47:27] progress bar is 95
[Debug] [2026-4-29 19:47:29] progress bar is 100
[Debug] [2026-4-29 19:47:29] end to operate flash: cmd id = 20301
[Debug] [2026-4-29 19:47:29] cmd operation Program Outer Flash releases locker
[Debug] [2026-4-29 19:47:29] Remove the header data from the client, index : 0
[Debug] [2026-4-29 19:47:29] _total_bytes_size : 781
[Debug] [2026-4-29 19:47:29] cmd id :20303cmd name : Verify Outer Flash
[Debug] [2026-4-29 19:47:29] begin to operate flash: cmd id = 20303
[Debug] [2026-4-29 19:47:29] the idcode from the scanning is: 0x50602899
[Debug] [2026-4-29 19:47:29] the idcode from the scanning is: 0x0
[Debug] [2026-4-29 19:47:29] the idcode from the scanning is: 0x0
[Debug] [2026-4-29 19:47:29] the idcode from the scanning is: 0x0
[Debug] [2026-4-29 19:47:29] the idcode from the scanning is: 0x0
[Debug] [2026-4-29 19:47:29] the value in the status register is :81ffca0
[Debug] [2026-4-29 19:47:29] flash_id is 1c7118
[Debug] [2026-4-29 19:47:29] the value in the status register is :81ffca0
[Debug] [2026-4-29 19:47:29] progress bar is 1
[Debug] [2026-4-29 19:47:30] progress bar is 6
[Debug] [2026-4-29 19:47:30] progress bar is 10
[Debug] [2026-4-29 19:47:30] progress bar is 15
[Debug] [2026-4-29 19:47:30] progress bar is 20
[Debug] [2026-4-29 19:47:30] progress bar is 25
[Debug] [2026-4-29 19:47:30] progress bar is 30
[Debug] [2026-4-29 19:47:31] progress bar is 35
[Debug] [2026-4-29 19:47:31] progress bar is 40
[Debug] [2026-4-29 19:47:31] progress bar is 45
[Debug] [2026-4-29 19:47:31] progress bar is 50
[Debug] [2026-4-29 19:47:31] progress bar is 55
[Debug] [2026-4-29 19:47:31] progress bar is 60
[Debug] [2026-4-29 19:47:32] progress bar is 65
[Debug] [2026-4-29 19:47:32] progress bar is 70
[Debug] [2026-4-29 19:47:32] progress bar is 75
[Debug] [2026-4-29 19:47:32] progress bar is 80
[Debug] [2026-4-29 19:47:32] progress bar is 85
[Debug] [2026-4-29 19:47:32] progress bar is 90
[Debug] [2026-4-29 19:47:33] progress bar is 95
[Debug] [2026-4-29 19:47:33] progress bar is 100
[Debug] [2026-4-29 19:47:33] end to operate flash: cmd id = 20303
[Debug] [2026-4-29 19:47:33] cmd operation Verify Outer Flash releases locker
[Debug] [2026-4-29 20:00:01] Remove the header data from the client, index : 0
[Debug] [2026-4-29 20:00:01] _total_bytes_size : 786
[Debug] [2026-4-29 20:00:01] cmd id :20302cmd name : Erase Outer Flash
[Debug] [2026-4-29 20:00:01] begin to operate flash: cmd id = 20302
[Debug] [2026-4-29 20:00:01] the idcode from the scanning is: 0x50602899
[Debug] [2026-4-29 20:00:01] the idcode from the scanning is: 0x0
[Debug] [2026-4-29 20:00:01] the idcode from the scanning is: 0x0
[Debug] [2026-4-29 20:00:01] the idcode from the scanning is: 0x0
[Debug] [2026-4-29 20:00:01] the idcode from the scanning is: 0x0
[Debug] [2026-4-29 20:00:01] the value in the status register is :81ffca0
[Debug] [2026-4-29 20:00:01] flash_id is 1c7118
[Debug] [2026-4-29 20:00:01] the value in the status register is :81ffca0
[Debug] [2026-4-29 20:00:01] progress bar is 1
[Error] [2026-4-29 20:00:01] WaitForWIPFinish timeout, wait second ms:100
[Error] [2026-4-29 20:00:01] WaitForWIPFinish timeout, wait second ms:100
[Error] [2026-4-29 20:00:01] WaitForWIPFinish timeout, wait second ms:100
[Error] [2026-4-29 20:00:01] WaitForWIPFinish timeout, wait second ms:100
[Error] [2026-4-29 20:00:01] WaitForWIPFinish timeout, wait second ms:100
[Error] [2026-4-29 20:00:01] WaitForWIPFinish timeout, wait second ms:100
[Error] [2026-4-29 20:00:02] WaitForWIPFinish timeout, wait second ms:100
[Error] [2026-4-29 20:00:02] WaitForWIPFinish timeout, wait second ms:100
[Error] [2026-4-29 20:00:02] WaitForWIPFinish timeout, wait second ms:100
[Error] [2026-4-29 20:00:02] WaitForWIPFinish timeout, wait second ms:100
[Debug] [2026-4-29 20:00:02] progress bar is 6
[Error] [2026-4-29 20:00:02] WaitForWIPFinish timeout, wait second ms:100
[Error] [2026-4-29 20:00:02] WaitForWIPFinish timeout, wait second ms:100
[Error] [2026-4-29 20:00:03] WaitForWIPFinish timeout, wait second ms:100
[Error] [2026-4-29 20:00:03] WaitForWIPFinish timeout, wait second ms:100
[Error] [2026-4-29 20:00:03] WaitForWIPFinish timeout, wait second ms:100
[Debug] [2026-4-29 20:00:03] progress bar is 10
[Error] [2026-4-29 20:00:03] WaitForWIPFinish timeout, wait second ms:100
[Error] [2026-4-29 20:00:03] WaitForWIPFinish timeout, wait second ms:100
[Error] [2026-4-29 20:00:03] WaitForWIPFinish timeout, wait second ms:100
[Error] [2026-4-29 20:00:04] WaitForWIPFinish timeout, wait second ms:100
[Error] [2026-4-29 20:00:04] WaitForWIPFinish timeout, wait second ms:100
[Error] [2026-4-29 20:00:04] WaitForWIPFinish timeout, wait second ms:100
[Error] [2026-4-29 20:00:04] WaitForWIPFinish timeout, wait second ms:100
[Error] [2026-4-29 20:00:04] WaitForWIPFinish timeout, wait second ms:100
[Debug] [2026-4-29 20:00:04] progress bar is 16
[Error] [2026-4-29 20:00:04] WaitForWIPFinish timeout, wait second ms:100
[Error] [2026-4-29 20:00:04] WaitForWIPFinish timeout, wait second ms:100
[Error] [2026-4-29 20:00:05] WaitForWIPFinish timeout, wait second ms:100
[Error] [2026-4-29 20:00:05] WaitForWIPFinish timeout, wait second ms:100
[Error] [2026-4-29 20:00:05] WaitForWIPFinish timeout, wait second ms:100
[Error] [2026-4-29 20:00:05] WaitForWIPFinish timeout, wait second ms:100
[Debug] [2026-4-29 20:00:05] progress bar is 20
[Error] [2026-4-29 20:00:05] WaitForWIPFinish timeout, wait second ms:100
[Error] [2026-4-29 20:00:05] WaitForWIPFinish timeout, wait second ms:100
[Error] [2026-4-29 20:00:06] WaitForWIPFinish timeout, wait second ms:100
[Error] [2026-4-29 20:00:06] WaitForWIPFinish timeout, wait second ms:100
[Debug] [2026-4-29 20:00:06] progress bar is 25
[Error] [2026-4-29 20:00:06] WaitForWIPFinish timeout, wait second ms:100
[Error] [2026-4-29 20:00:06] WaitForWIPFinish timeout, wait second ms:100
[Error] [2026-4-29 20:00:06] WaitForWIPFinish timeout, wait second ms:100
[Error] [2026-4-29 20:00:06] WaitForWIPFinish timeout, wait second ms:100
[Error] [2026-4-29 20:00:06] WaitForWIPFinish timeout, wait second ms:100
[Error] [2026-4-29 20:00:07] WaitForWIPFinish timeout, wait second ms:100
[Error] [2026-4-29 20:00:07] WaitForWIPFinish timeout, wait second ms:100
[Error] [2026-4-29 20:00:07] WaitForWIPFinish timeout, wait second ms:100
[Debug] [2026-4-29 20:00:07] progress bar is 31
[Error] [2026-4-29 20:00:07] WaitForWIPFinish timeout, wait second ms:100
[Error] [2026-4-29 20:00:07] WaitForWIPFinish timeout, wait second ms:100
[Error] [2026-4-29 20:00:07] WaitForWIPFinish timeout, wait second ms:100
[Error] [2026-4-29 20:00:08] WaitForWIPFinish timeout, wait second ms:100
[Error] [2026-4-29 20:00:08] WaitForWIPFinish timeout, wait second ms:100
[Error] [2026-4-29 20:00:08] WaitForWIPFinish timeout, wait second ms:100
[Debug] [2026-4-29 20:00:08] progress bar is 35
[Error] [2026-4-29 20:00:08] WaitForWIPFinish timeout, wait second ms:100
[Error] [2026-4-29 20:00:08] WaitForWIPFinish timeout, wait second ms:100
[Error] [2026-4-29 20:00:08] WaitForWIPFinish timeout, wait second ms:100
[Error] [2026-4-29 20:00:08] WaitForWIPFinish timeout, wait second ms:100
[Error] [2026-4-29 20:00:09] WaitForWIPFinish timeout, wait second ms:100
[Error] [2026-4-29 20:00:09] WaitForWIPFinish timeout, wait second ms:100
[Error] [2026-4-29 20:00:09] WaitForWIPFinish timeout, wait second ms:100
[Debug] [2026-4-29 20:00:09] progress bar is 41
[Error] [2026-4-29 20:00:09] WaitForWIPFinish timeout, wait second ms:100
[Error] [2026-4-29 20:00:09] WaitForWIPFinish timeout, wait second ms:100
[Error] [2026-4-29 20:00:09] WaitForWIPFinish timeout, wait second ms:100
[Error] [2026-4-29 20:00:10] WaitForWIPFinish timeout, wait second ms:100
[Error] [2026-4-29 20:00:10] WaitForWIPFinish timeout, wait second ms:100
[Debug] [2026-4-29 20:00:10] progress bar is 45
[Error] [2026-4-29 20:00:10] WaitForWIPFinish timeout, wait second ms:100
[Error] [2026-4-29 20:00:10] WaitForWIPFinish timeout, wait second ms:100
[Error] [2026-4-29 20:00:10] WaitForWIPFinish timeout, wait second ms:100
[Error] [2026-4-29 20:00:10] WaitForWIPFinish timeout, wait second ms:100
[Error] [2026-4-29 20:00:10] WaitForWIPFinish timeout, wait second ms:100
[Debug] [2026-4-29 20:00:11] progress bar is 50
[Error] [2026-4-29 20:00:11] WaitForWIPFinish timeout, wait second ms:100
[Error] [2026-4-29 20:00:11] WaitForWIPFinish timeout, wait second ms:100
[Error] [2026-4-29 20:00:11] WaitForWIPFinish timeout, wait second ms:100
[Error] [2026-4-29 20:00:11] WaitForWIPFinish timeout, wait second ms:100
[Error] [2026-4-29 20:00:11] WaitForWIPFinish timeout, wait second ms:100
[Error] [2026-4-29 20:00:11] WaitForWIPFinish timeout, wait second ms:100
[Error] [2026-4-29 20:00:12] WaitForWIPFinish timeout, wait second ms:100
[Debug] [2026-4-29 20:00:12] progress bar is 56
[Error] [2026-4-29 20:00:12] WaitForWIPFinish timeout, wait second ms:100
[Error] [2026-4-29 20:00:12] WaitForWIPFinish timeout, wait second ms:100
[Error] [2026-4-29 20:00:12] WaitForWIPFinish timeout, wait second ms:100
[Error] [2026-4-29 20:00:12] WaitForWIPFinish timeout, wait second ms:100
[Error] [2026-4-29 20:00:12] WaitForWIPFinish timeout, wait second ms:100
[Debug] [2026-4-29 20:00:12] progress bar is 60
[Error] [2026-4-29 20:00:13] WaitForWIPFinish timeout, wait second ms:100
[Error] [2026-4-29 20:00:13] WaitForWIPFinish timeout, wait second ms:100
[Error] [2026-4-29 20:00:13] WaitForWIPFinish timeout, wait second ms:100
[Error] [2026-4-29 20:00:13] WaitForWIPFinish timeout, wait second ms:100
[Error] [2026-4-29 20:00:13] WaitForWIPFinish timeout, wait second ms:100
[Error] [2026-4-29 20:00:13] WaitForWIPFinish timeout, wait second ms:100
[Error] [2026-4-29 20:00:13] WaitForWIPFinish timeout, wait second ms:100
[Debug] [2026-4-29 20:00:14] progress bar is 66
[Error] [2026-4-29 20:00:14] WaitForWIPFinish timeout, wait second ms:100
[Error] [2026-4-29 20:00:14] WaitForWIPFinish timeout, wait second ms:100
[Error] [2026-4-29 20:00:14] WaitForWIPFinish timeout, wait second ms:100
[Error] [2026-4-29 20:00:14] WaitForWIPFinish timeout, wait second ms:100
[Debug] [2026-4-29 20:00:14] progress bar is 70
[Error] [2026-4-29 20:00:14] WaitForWIPFinish timeout, wait second ms:100
[Error] [2026-4-29 20:00:14] WaitForWIPFinish timeout, wait second ms:100
[Error] [2026-4-29 20:00:15] WaitForWIPFinish timeout, wait second ms:100
[Error] [2026-4-29 20:00:15] WaitForWIPFinish timeout, wait second ms:100
[Error] [2026-4-29 20:00:15] WaitForWIPFinish timeout, wait second ms:100
[Error] [2026-4-29 20:00:15] WaitForWIPFinish timeout, wait second ms:100
[Debug] [2026-4-29 20:00:15] progress bar is 75
[Error] [2026-4-29 20:00:15] WaitForWIPFinish timeout, wait second ms:100
[Error] [2026-4-29 20:00:15] WaitForWIPFinish timeout, wait second ms:100
[Error] [2026-4-29 20:00:16] WaitForWIPFinish timeout, wait second ms:100
[Error] [2026-4-29 20:00:16] WaitForWIPFinish timeout, wait second ms:100
[Error] [2026-4-29 20:00:16] WaitForWIPFinish timeout, wait second ms:100
[Error] [2026-4-29 20:00:16] WaitForWIPFinish timeout, wait second ms:100
[Debug] [2026-4-29 20:00:16] progress bar is 81
[Error] [2026-4-29 20:00:16] WaitForWIPFinish timeout, wait second ms:100
[Error] [2026-4-29 20:00:16] WaitForWIPFinish timeout, wait second ms:100
[Error] [2026-4-29 20:00:16] WaitForWIPFinish timeout, wait second ms:100
[Error] [2026-4-29 20:00:17] WaitForWIPFinish timeout, wait second ms:100
[Error] [2026-4-29 20:00:17] WaitForWIPFinish timeout, wait second ms:100
[Debug] [2026-4-29 20:00:17] progress bar is 85
[Error] [2026-4-29 20:00:17] WaitForWIPFinish timeout, wait second ms:100
[Error] [2026-4-29 20:00:17] WaitForWIPFinish timeout, wait second ms:100
[Error] [2026-4-29 20:00:17] WaitForWIPFinish timeout, wait second ms:100
[Error] [2026-4-29 20:00:17] WaitForWIPFinish timeout, wait second ms:100
[Error] [2026-4-29 20:00:17] WaitForWIPFinish timeout, wait second ms:100
[Error] [2026-4-29 20:00:18] WaitForWIPFinish timeout, wait second ms:100
[Error] [2026-4-29 20:00:18] WaitForWIPFinish timeout, wait second ms:100
[Debug] [2026-4-29 20:00:18] progress bar is 91
[Error] [2026-4-29 20:00:18] WaitForWIPFinish timeout, wait second ms:100
[Error] [2026-4-29 20:00:18] WaitForWIPFinish timeout, wait second ms:100
[Error] [2026-4-29 20:00:18] WaitForWIPFinish timeout, wait second ms:100
[Error] [2026-4-29 20:00:18] WaitForWIPFinish timeout, wait second ms:100
[Error] [2026-4-29 20:00:19] WaitForWIPFinish timeout, wait second ms:100
[Debug] [2026-4-29 20:00:19] progress bar is 95
[Error] [2026-4-29 20:00:19] WaitForWIPFinish timeout, wait second ms:100
[Error] [2026-4-29 20:00:19] WaitForWIPFinish timeout, wait second ms:100
[Debug] [2026-4-29 20:00:19] progress bar is 100
[Debug] [2026-4-29 20:00:19] end to operate flash: cmd id = 20302
[Debug] [2026-4-29 20:00:19] cmd operation Erase Outer Flash releases locker
[Debug] [2026-4-29 20:00:19] Remove the header data from the client, index : 0
[Debug] [2026-4-29 20:00:19] _total_bytes_size : 783
[Debug] [2026-4-29 20:00:19] cmd id :20301cmd name : Program Outer Flash
[Debug] [2026-4-29 20:00:19] begin to operate flash: cmd id = 20301
[Debug] [2026-4-29 20:00:19] the idcode from the scanning is: 0x50602899
[Debug] [2026-4-29 20:00:19] the idcode from the scanning is: 0x0
[Debug] [2026-4-29 20:00:19] the idcode from the scanning is: 0x0
[Debug] [2026-4-29 20:00:19] the idcode from the scanning is: 0x0
[Debug] [2026-4-29 20:00:19] the idcode from the scanning is: 0x0
[Debug] [2026-4-29 20:00:19] the value in the status register is :81ffca0
[Debug] [2026-4-29 20:00:19] flash_id is 1c7118
[Debug] [2026-4-29 20:00:19] The value of GigaDevice status register 1 is 0x
[Debug] [2026-4-29 20:00:19] progress bar is 1
[Debug] [2026-4-29 20:00:22] progress bar is 6
[Debug] [2026-4-29 20:00:24] progress bar is 10
[Debug] [2026-4-29 20:00:27] progress bar is 15
[Debug] [2026-4-29 20:00:29] progress bar is 20
[Debug] [2026-4-29 20:00:32] progress bar is 25
[Debug] [2026-4-29 20:00:34] progress bar is 30
[Debug] [2026-4-29 20:00:36] progress bar is 35
[Debug] [2026-4-29 20:00:39] progress bar is 40
[Debug] [2026-4-29 20:00:41] progress bar is 45
[Debug] [2026-4-29 20:00:44] progress bar is 50
[Debug] [2026-4-29 20:00:46] progress bar is 55
[Debug] [2026-4-29 20:00:49] progress bar is 60
[Debug] [2026-4-29 20:00:51] progress bar is 65
[Debug] [2026-4-29 20:00:53] progress bar is 70
[Debug] [2026-4-29 20:00:56] progress bar is 75
[Debug] [2026-4-29 20:00:58] progress bar is 80
[Debug] [2026-4-29 20:01:01] progress bar is 85
[Debug] [2026-4-29 20:01:03] progress bar is 90
[Debug] [2026-4-29 20:01:05] progress bar is 95
[Debug] [2026-4-29 20:01:08] progress bar is 100
[Debug] [2026-4-29 20:01:08] end to operate flash: cmd id = 20301
[Debug] [2026-4-29 20:01:08] cmd operation Program Outer Flash releases locker
[Debug] [2026-4-29 20:01:08] Remove the header data from the client, index : 0
[Debug] [2026-4-29 20:01:08] _total_bytes_size : 781
[Debug] [2026-4-29 20:01:08] cmd id :20303cmd name : Verify Outer Flash
[Debug] [2026-4-29 20:01:08] begin to operate flash: cmd id = 20303
[Debug] [2026-4-29 20:01:08] the idcode from the scanning is: 0x50602899
[Debug] [2026-4-29 20:01:08] the idcode from the scanning is: 0x0
[Debug] [2026-4-29 20:01:08] the idcode from the scanning is: 0x0
[Debug] [2026-4-29 20:01:08] the idcode from the scanning is: 0x0
[Debug] [2026-4-29 20:01:08] the idcode from the scanning is: 0x0
[Debug] [2026-4-29 20:01:08] the value in the status register is :81ffca0
[Debug] [2026-4-29 20:01:08] flash_id is 1c7118
[Debug] [2026-4-29 20:01:08] the value in the status register is :81ffca0
[Debug] [2026-4-29 20:01:08] progress bar is 1
[Debug] [2026-4-29 20:01:09] progress bar is 6
[Debug] [2026-4-29 20:01:09] progress bar is 10
[Debug] [2026-4-29 20:01:09] progress bar is 15
[Debug] [2026-4-29 20:01:09] progress bar is 20
[Debug] [2026-4-29 20:01:09] progress bar is 25
[Debug] [2026-4-29 20:01:09] progress bar is 30
[Debug] [2026-4-29 20:01:09] progress bar is 35
[Debug] [2026-4-29 20:01:10] progress bar is 40
[Debug] [2026-4-29 20:01:10] progress bar is 45
[Debug] [2026-4-29 20:01:10] progress bar is 50
[Debug] [2026-4-29 20:01:10] progress bar is 55
[Debug] [2026-4-29 20:01:10] progress bar is 60
[Debug] [2026-4-29 20:01:10] progress bar is 65
[Debug] [2026-4-29 20:01:10] progress bar is 70
[Debug] [2026-4-29 20:01:11] progress bar is 75
[Debug] [2026-4-29 20:01:11] progress bar is 80
[Debug] [2026-4-29 20:01:11] progress bar is 85
[Debug] [2026-4-29 20:01:11] progress bar is 90
[Debug] [2026-4-29 20:01:11] progress bar is 95
[Debug] [2026-4-29 20:01:11] progress bar is 100
[Debug] [2026-4-29 20:01:12] end to operate flash: cmd id = 20303
[Debug] [2026-4-29 20:01:12] cmd operation Verify Outer Flash releases locker
