#Build: Fabric Compiler 2022.2-SP6.4, Build 146967, Jan 31 01:39 2024
#Install: F:\PDS_2022.2-SP6.4\bin
#Application name: pds_shell.exe
#OS: Windows 10 10.0.26200
#Hostname: xufei
Generated by Fabric Compiler (version 2022.2-SP6.4 build 146967) at Thu Jul  9 22:38:50 2026
License checkout: fabric_ads from F:\license\new_pds_F4A80DA47D72.lic
Compiling verification operator library.
Compiling common defs.
Loading technology operator library.
Compiling technology operator library.
Compiling technology operator (valence) library.
Reading design from compile DB
Reading design from compile DB successfully.
Constraint check start.
Compiling prim grid devices.
Building architecture model.
Loading device packaging model.
Building architecture floorplan logic view.
Executing : get_ports free_clk
Executing : get_ports free_clk successfully.
Executing : create_clock -name ref_clk [get_ports free_clk] -period 40.000 -waveform {0.000 20.000}
Executing : create_clock -name ref_clk [get_ports free_clk] -period 40.000 -waveform {0.000 20.000} successfully.
Executing : get_ports free_clk
Executing : get_ports free_clk successfully.
Executing : get_pins I_ips_ddr_top.u_ddrphy_top.rst_clk_gpll/clkout0
Executing : get_pins I_ips_ddr_top.u_ddrphy_top.rst_clk_gpll/clkout0 successfully.
Executing : get_clocks ref_clk
Executing : get_clocks ref_clk successfully.
Executing : create_generated_clock -name rst_clk -source [get_ports free_clk] [get_pins I_ips_ddr_top.u_ddrphy_top.rst_clk_gpll/clkout0] -master_clock [get_clocks ref_clk] -multiply_by 84 -divide_by 84
Executing : create_generated_clock -name rst_clk -source [get_ports free_clk] [get_pins I_ips_ddr_top.u_ddrphy_top.rst_clk_gpll/clkout0] -master_clock [get_clocks ref_clk] -multiply_by 84 -divide_by 84 successfully.
Executing : get_ports free_clk
Executing : get_ports free_clk successfully.
Executing : get_pins I_ips_ddr_top.u_ddrphy_top.ddrphy_gpll/clkout0
Executing : get_pins I_ips_ddr_top.u_ddrphy_top.ddrphy_gpll/clkout0 successfully.
Executing : get_clocks ref_clk
Executing : get_clocks ref_clk successfully.
Executing : create_generated_clock -name ddrphy_sysclk -source [get_ports free_clk] [get_pins I_ips_ddr_top.u_ddrphy_top.ddrphy_gpll/clkout0] -master_clock [get_clocks ref_clk] -multiply_by 84 -divide_by 16
Executing : create_generated_clock -name ddrphy_sysclk -source [get_ports free_clk] [get_pins I_ips_ddr_top.u_ddrphy_top.ddrphy_gpll/clkout0] -master_clock [get_clocks ref_clk] -multiply_by 84 -divide_by 16 successfully.
Executing : get_ports free_clk
Executing : get_ports free_clk successfully.
Executing : get_pins {I_ips_ddr_top.u_ddrphy_top.ddrphy_slice_top.i_dqs_bank[0].ddrphy_ppll/clkoutphy}
Executing : get_pins {I_ips_ddr_top.u_ddrphy_top.ddrphy_slice_top.i_dqs_bank[0].ddrphy_ppll/clkoutphy} successfully.
Executing : get_clocks ref_clk
Executing : get_clocks ref_clk successfully.
Executing : create_generated_clock -name phy_dq_clk_0 -source [get_ports free_clk] [get_pins {I_ips_ddr_top.u_ddrphy_top.ddrphy_slice_top.i_dqs_bank[0].ddrphy_ppll/clkoutphy}] -master_clock [get_clocks ref_clk] -multiply_by 84 -divide_by 2
Executing : create_generated_clock -name phy_dq_clk_0 -source [get_ports free_clk] [get_pins {I_ips_ddr_top.u_ddrphy_top.ddrphy_slice_top.i_dqs_bank[0].ddrphy_ppll/clkoutphy}] -master_clock [get_clocks ref_clk] -multiply_by 84 -divide_by 2 successfully.
Executing : get_pins {I_ips_ddr_top.u_ddrphy_top.ddrphy_slice_top.i_dqs_bank[0].ddrphy_ppll/clkoutphy}
Executing : get_pins {I_ips_ddr_top.u_ddrphy_top.ddrphy_slice_top.i_dqs_bank[0].ddrphy_ppll/clkoutphy} successfully.
Executing : get_pins {I_ips_ddr_top.u_ddrphy_top.ddrphy_slice_top.i_dqs_bank[0].u_ddrphy_ioclkdiv/CLKDIVOUT}
Executing : get_pins {I_ips_ddr_top.u_ddrphy_top.ddrphy_slice_top.i_dqs_bank[0].u_ddrphy_ioclkdiv/CLKDIVOUT} successfully.
Executing : get_clocks phy_dq_clk_0
Executing : get_clocks phy_dq_clk_0 successfully.
Executing : create_generated_clock -name phy_dq_sysclk_0 -source [get_pins {I_ips_ddr_top.u_ddrphy_top.ddrphy_slice_top.i_dqs_bank[0].ddrphy_ppll/clkoutphy}] [get_pins {I_ips_ddr_top.u_ddrphy_top.ddrphy_slice_top.i_dqs_bank[0].u_ddrphy_ioclkdiv/CLKDIVOUT}] -master_clock [get_clocks phy_dq_clk_0] -edges {5 13 21} -edge_shift {0 0 0}
Executing : create_generated_clock -name phy_dq_sysclk_0 -source [get_pins {I_ips_ddr_top.u_ddrphy_top.ddrphy_slice_top.i_dqs_bank[0].ddrphy_ppll/clkoutphy}] [get_pins {I_ips_ddr_top.u_ddrphy_top.ddrphy_slice_top.i_dqs_bank[0].u_ddrphy_ioclkdiv/CLKDIVOUT}] -master_clock [get_clocks phy_dq_clk_0] -edges {5 13 21} -edge_shift {0 0 0} successfully.
Executing : get_clocks ddrphy_sysclk
Executing : get_clocks ddrphy_sysclk successfully.
Executing : get_clocks phy_dq_sysclk_0
Executing : get_clocks phy_dq_sysclk_0 successfully.
Executing : set_multicycle_path 2 -from [get_clocks ddrphy_sysclk] -to [get_clocks phy_dq_sysclk_0]
Executing : set_multicycle_path 2 -from [get_clocks ddrphy_sysclk] -to [get_clocks phy_dq_sysclk_0] successfully.
Executing : get_clocks ddrphy_sysclk
Executing : get_clocks ddrphy_sysclk successfully.
Executing : get_clocks phy_dq_sysclk_0
Executing : get_clocks phy_dq_sysclk_0 successfully.
Executing : set_multicycle_path -hold 1 -from [get_clocks ddrphy_sysclk] -to [get_clocks phy_dq_sysclk_0]
Executing : set_multicycle_path -hold 1 -from [get_clocks ddrphy_sysclk] -to [get_clocks phy_dq_sysclk_0] successfully.
Executing : get_ports free_clk
Executing : get_ports free_clk successfully.
Executing : get_pins {I_ips_ddr_top.u_ddrphy_top.ddrphy_slice_top.i_dqs_bank[1].ddrphy_ppll/clkoutphy}
Executing : get_pins {I_ips_ddr_top.u_ddrphy_top.ddrphy_slice_top.i_dqs_bank[1].ddrphy_ppll/clkoutphy} successfully.
Executing : get_clocks ref_clk
Executing : get_clocks ref_clk successfully.
Executing : create_generated_clock -name phy_dq_clk_1 -source [get_ports free_clk] [get_pins {I_ips_ddr_top.u_ddrphy_top.ddrphy_slice_top.i_dqs_bank[1].ddrphy_ppll/clkoutphy}] -master_clock [get_clocks ref_clk] -multiply_by 84 -divide_by 2
Executing : create_generated_clock -name phy_dq_clk_1 -source [get_ports free_clk] [get_pins {I_ips_ddr_top.u_ddrphy_top.ddrphy_slice_top.i_dqs_bank[1].ddrphy_ppll/clkoutphy}] -master_clock [get_clocks ref_clk] -multiply_by 84 -divide_by 2 successfully.
Executing : get_pins {I_ips_ddr_top.u_ddrphy_top.ddrphy_slice_top.i_dqs_bank[1].ddrphy_ppll/clkoutphy}
Executing : get_pins {I_ips_ddr_top.u_ddrphy_top.ddrphy_slice_top.i_dqs_bank[1].ddrphy_ppll/clkoutphy} successfully.
Executing : get_pins {I_ips_ddr_top.u_ddrphy_top.ddrphy_slice_top.i_dqs_bank[1].u_ddrphy_ioclkdiv/CLKDIVOUT}
Executing : get_pins {I_ips_ddr_top.u_ddrphy_top.ddrphy_slice_top.i_dqs_bank[1].u_ddrphy_ioclkdiv/CLKDIVOUT} successfully.
Executing : get_clocks phy_dq_clk_1
Executing : get_clocks phy_dq_clk_1 successfully.
Executing : create_generated_clock -name phy_dq_sysclk_1 -source [get_pins {I_ips_ddr_top.u_ddrphy_top.ddrphy_slice_top.i_dqs_bank[1].ddrphy_ppll/clkoutphy}] [get_pins {I_ips_ddr_top.u_ddrphy_top.ddrphy_slice_top.i_dqs_bank[1].u_ddrphy_ioclkdiv/CLKDIVOUT}] -master_clock [get_clocks phy_dq_clk_1] -edges {5 13 21} -edge_shift {0 0 0}
Executing : create_generated_clock -name phy_dq_sysclk_1 -source [get_pins {I_ips_ddr_top.u_ddrphy_top.ddrphy_slice_top.i_dqs_bank[1].ddrphy_ppll/clkoutphy}] [get_pins {I_ips_ddr_top.u_ddrphy_top.ddrphy_slice_top.i_dqs_bank[1].u_ddrphy_ioclkdiv/CLKDIVOUT}] -master_clock [get_clocks phy_dq_clk_1] -edges {5 13 21} -edge_shift {0 0 0} successfully.
Executing : get_clocks ddrphy_sysclk
Executing : get_clocks ddrphy_sysclk successfully.
Executing : get_clocks phy_dq_sysclk_1
Executing : get_clocks phy_dq_sysclk_1 successfully.
Executing : set_multicycle_path 2 -from [get_clocks ddrphy_sysclk] -to [get_clocks phy_dq_sysclk_1]
Executing : set_multicycle_path 2 -from [get_clocks ddrphy_sysclk] -to [get_clocks phy_dq_sysclk_1] successfully.
Executing : get_clocks ddrphy_sysclk
Executing : get_clocks ddrphy_sysclk successfully.
Executing : get_clocks phy_dq_sysclk_1
Executing : get_clocks phy_dq_sysclk_1 successfully.
Executing : set_multicycle_path -hold 1 -from [get_clocks ddrphy_sysclk] -to [get_clocks phy_dq_sysclk_1]
Executing : set_multicycle_path -hold 1 -from [get_clocks ddrphy_sysclk] -to [get_clocks phy_dq_sysclk_1] successfully.
Executing : get_clocks ddrphy_sysclk
Executing : get_clocks ddrphy_sysclk successfully.
Executing : get_clocks phy_dq_sysclk_0
Executing : get_clocks phy_dq_sysclk_0 successfully.
Executing : set_clock_uncertainty 0.4 -from [get_clocks ddrphy_sysclk] -to [get_clocks phy_dq_sysclk_0] -setup -hold
Executing : set_clock_uncertainty 0.4 -from [get_clocks ddrphy_sysclk] -to [get_clocks phy_dq_sysclk_0] -setup -hold successfully.
Executing : get_clocks phy_dq_sysclk_0
Executing : get_clocks phy_dq_sysclk_0 successfully.
Executing : get_clocks ddrphy_sysclk
Executing : get_clocks ddrphy_sysclk successfully.
Executing : set_clock_uncertainty 0.4 -from [get_clocks phy_dq_sysclk_0] -to [get_clocks ddrphy_sysclk] -setup -hold
Executing : set_clock_uncertainty 0.4 -from [get_clocks phy_dq_sysclk_0] -to [get_clocks ddrphy_sysclk] -setup -hold successfully.
Executing : get_clocks ddrphy_sysclk
Executing : get_clocks ddrphy_sysclk successfully.
Executing : get_clocks phy_dq_sysclk_1
Executing : get_clocks phy_dq_sysclk_1 successfully.
Executing : set_clock_uncertainty 0.4 -from [get_clocks ddrphy_sysclk] -to [get_clocks phy_dq_sysclk_1] -setup -hold
Executing : set_clock_uncertainty 0.4 -from [get_clocks ddrphy_sysclk] -to [get_clocks phy_dq_sysclk_1] -setup -hold successfully.
Executing : get_clocks phy_dq_sysclk_1
Executing : get_clocks phy_dq_sysclk_1 successfully.
Executing : get_clocks ddrphy_sysclk
Executing : get_clocks ddrphy_sysclk successfully.
Executing : set_clock_uncertainty 0.4 -from [get_clocks phy_dq_sysclk_1] -to [get_clocks ddrphy_sysclk] -setup -hold
Executing : set_clock_uncertainty 0.4 -from [get_clocks phy_dq_sysclk_1] -to [get_clocks ddrphy_sysclk] -setup -hold successfully.
Executing : get_clocks ref_clk
Executing : get_clocks ref_clk successfully.
Executing : set_clock_groups -name ref_clk -asynchronous -group [get_clocks ref_clk]
Executing : set_clock_groups -name ref_clk -asynchronous -group [get_clocks ref_clk] successfully.
Executing : get_clocks rst_clk
Executing : get_clocks rst_clk successfully.
Executing : set_clock_groups -name rst_clk -asynchronous -group [get_clocks rst_clk]
Executing : set_clock_groups -name rst_clk -asynchronous -group [get_clocks rst_clk] successfully.
Executing : get_clocks phy_dq_clk_0
Executing : get_clocks phy_dq_clk_0 successfully.
Executing : set_clock_groups -name phy_dq_clk_0 -asynchronous -group [get_clocks phy_dq_clk_0]
Executing : set_clock_groups -name phy_dq_clk_0 -asynchronous -group [get_clocks phy_dq_clk_0] successfully.
Executing : get_clocks phy_dq_clk_1
Executing : get_clocks phy_dq_clk_1 successfully.
Executing : set_clock_groups -name phy_dq_clk_1 -asynchronous -group [get_clocks phy_dq_clk_1]
Executing : set_clock_groups -name phy_dq_clk_1 -asynchronous -group [get_clocks phy_dq_clk_1] successfully.
Executing : get_pins u_ips2l_pcie_wrap.U_IPS2L_PCIE_TOP.U_IPS2L_HSSTLP_PCIE_SOFT_PHY.pclk
Executing : get_pins u_ips2l_pcie_wrap.U_IPS2L_PCIE_TOP.U_IPS2L_HSSTLP_PCIE_SOFT_PHY.pclk successfully.
Executing : create_clock -name pclk [get_pins u_ips2l_pcie_wrap.U_IPS2L_PCIE_TOP.U_IPS2L_HSSTLP_PCIE_SOFT_PHY.pclk] -period 4.000 -waveform {0.000 2.000}
Executing : create_clock -name pclk [get_pins u_ips2l_pcie_wrap.U_IPS2L_PCIE_TOP.U_IPS2L_HSSTLP_PCIE_SOFT_PHY.pclk] -period 4.000 -waveform {0.000 2.000} successfully.
Executing : get_pins u_ips2l_pcie_wrap.U_IPS2L_PCIE_TOP.U_IPS2L_HSSTLP_PCIE_SOFT_PHY.pclk_div2
Executing : get_pins u_ips2l_pcie_wrap.U_IPS2L_PCIE_TOP.U_IPS2L_HSSTLP_PCIE_SOFT_PHY.pclk_div2 successfully.
Executing : create_clock -name pclk_div2 [get_pins u_ips2l_pcie_wrap.U_IPS2L_PCIE_TOP.U_IPS2L_HSSTLP_PCIE_SOFT_PHY.pclk_div2] -period 8.000 -waveform {0.000 4.000}
Executing : create_clock -name pclk_div2 [get_pins u_ips2l_pcie_wrap.U_IPS2L_PCIE_TOP.U_IPS2L_HSSTLP_PCIE_SOFT_PHY.pclk_div2] -period 8.000 -waveform {0.000 4.000} successfully.
Executing : get_pins u_ips2l_pcie_wrap.U_IPS2L_PCIE_TOP.U_IPS2L_HSSTLP_PCIE_SOFT_PHY/P_REFCK2CORE_0
Executing : get_pins u_ips2l_pcie_wrap.U_IPS2L_PCIE_TOP.U_IPS2L_HSSTLP_PCIE_SOFT_PHY/P_REFCK2CORE_0 successfully.
Executing : create_clock -name ref_clk1 [get_pins u_ips2l_pcie_wrap.U_IPS2L_PCIE_TOP.U_IPS2L_HSSTLP_PCIE_SOFT_PHY/P_REFCK2CORE_0] -period 10.000 -waveform {0.000 5.000}
Executing : create_clock -name ref_clk1 [get_pins u_ips2l_pcie_wrap.U_IPS2L_PCIE_TOP.U_IPS2L_HSSTLP_PCIE_SOFT_PHY/P_REFCK2CORE_0] -period 10.000 -waveform {0.000 5.000} successfully.
Executing : get_ports pixclk_in
Executing : get_ports pixclk_in successfully.
Executing : create_clock -name pixclk_in [get_ports pixclk_in] -period 13.468 -waveform {0.000 6.734}
Executing : create_clock -name pixclk_in [get_ports pixclk_in] -period 13.468 -waveform {0.000 6.734} successfully.
Executing : get_clocks pclk
Executing : get_clocks pclk successfully.
Executing : set_clock_groups -name group_1 -asynchronous -group [get_clocks pclk]
Executing : set_clock_groups -name group_1 -asynchronous -group [get_clocks pclk] successfully.
Executing : get_clocks pclk_div2
Executing : get_clocks pclk_div2 successfully.
Executing : set_clock_groups -name group_2 -asynchronous -group [get_clocks pclk_div2]
Executing : set_clock_groups -name group_2 -asynchronous -group [get_clocks pclk_div2] successfully.
Executing : get_clocks ref_clk1
Executing : get_clocks ref_clk1 successfully.
Executing : set_clock_groups -name group_3 -asynchronous -group [get_clocks ref_clk1]
Executing : set_clock_groups -name group_3 -asynchronous -group [get_clocks ref_clk1] successfully.
Executing : get_clocks pixclk_in
Executing : get_clocks pixclk_in successfully.
Executing : set_clock_groups -name group_4 -asynchronous -group [get_clocks pixclk_in]
Executing : set_clock_groups -name group_4 -asynchronous -group [get_clocks pixclk_in] successfully.
Executing : get_ports cmos1_pclk
Executing : get_ports cmos1_pclk successfully.
Executing : create_clock -name cmos1_pclk [get_ports cmos1_pclk] -period 11.900 -waveform {0.000 5.950}
Executing : create_clock -name cmos1_pclk [get_ports cmos1_pclk] -period 11.900 -waveform {0.000 5.950} successfully.
Executing : get_ports cmos2_pclk
Executing : get_ports cmos2_pclk successfully.
Executing : create_clock -name cmos2_pclk [get_ports cmos2_pclk] -period 11.900 -waveform {0.000 5.950}
Executing : create_clock -name cmos2_pclk [get_ports cmos2_pclk] -period 11.900 -waveform {0.000 5.950} successfully.
Executing : get_clocks cmos1_pclk
Executing : get_clocks cmos1_pclk successfully.
Executing : set_clock_uncertainty 0.200 [get_clocks cmos1_pclk] -setup -hold
Executing : set_clock_uncertainty 0.200 [get_clocks cmos1_pclk] -setup -hold successfully.
Executing : get_clocks cmos2_pclk
Executing : get_clocks cmos2_pclk successfully.
Executing : set_clock_uncertainty 0.200 [get_clocks cmos2_pclk] -setup -hold
Executing : set_clock_uncertainty 0.200 [get_clocks cmos2_pclk] -setup -hold successfully.
Executing : get_ports free_clk
Executing : get_ports free_clk successfully.
Executing : get_nets pll_inst.clkout0
Executing : get_nets pll_inst.clkout0 successfully.
Executing : get_clocks ref_clk
Executing : get_clocks ref_clk successfully.
Executing : create_generated_clock -name clk_10m -source [get_ports free_clk] [get_nets pll_inst.clkout0] -master_clock [get_clocks ref_clk] -multiply_by 2 -divide_by 5
Executing : create_generated_clock -name clk_10m -source [get_ports free_clk] [get_nets pll_inst.clkout0] -master_clock [get_clocks ref_clk] -multiply_by 2 -divide_by 5 successfully.
Executing : get_ports free_clk
Executing : get_ports free_clk successfully.
Executing : get_nets pll_inst.clkout1
Executing : get_nets pll_inst.clkout1 successfully.
Executing : get_clocks ref_clk
Executing : get_clocks ref_clk successfully.
Executing : create_generated_clock -name clk_25m -source [get_ports free_clk] [get_nets pll_inst.clkout1] -master_clock [get_clocks ref_clk] -multiply_by 1 -divide_by 1
Executing : create_generated_clock -name clk_25m -source [get_ports free_clk] [get_nets pll_inst.clkout1] -master_clock [get_clocks ref_clk] -multiply_by 1 -divide_by 1 successfully.
Executing : get_ports free_clk
Executing : get_ports free_clk successfully.
Executing : get_nets pll_inst.clkout2
Executing : get_nets pll_inst.clkout2 successfully.
Executing : get_clocks ref_clk
Executing : get_clocks ref_clk successfully.
Executing : create_generated_clock -name clk_50m -source [get_ports free_clk] [get_nets pll_inst.clkout2] -master_clock [get_clocks ref_clk] -multiply_by 2 -divide_by 1
Executing : create_generated_clock -name clk_50m -source [get_ports free_clk] [get_nets pll_inst.clkout2] -master_clock [get_clocks ref_clk] -multiply_by 2 -divide_by 1 successfully.
Executing : get_clocks ddrphy_sysclk
Executing : get_clocks ddrphy_sysclk successfully.
Executing : get_clocks clk_50m
Executing : get_clocks clk_50m successfully.
Executing : set_false_path -from [get_clocks ddrphy_sysclk] -to [get_clocks clk_50m]
Executing : set_false_path -from [get_clocks ddrphy_sysclk] -to [get_clocks clk_50m] successfully.
Executing : get_clocks cmos2_pclk
Executing : get_clocks cmos2_pclk successfully.
Executing : set_clock_uncertainty 0.400 [get_clocks cmos2_pclk] -setup -hold
Executing : set_clock_uncertainty 0.400 [get_clocks cmos2_pclk] -setup -hold successfully.
Executing : get_clocks cmos1_pclk
Executing : get_clocks cmos1_pclk successfully.
Executing : set_clock_groups -asynchronous -group [get_clocks cmos1_pclk]
Executing : set_clock_groups -asynchronous -group [get_clocks cmos1_pclk] successfully.
Executing : get_clocks cmos2_pclk
Executing : get_clocks cmos2_pclk successfully.
Executing : set_clock_groups -asynchronous -group [get_clocks cmos2_pclk]
Executing : set_clock_groups -asynchronous -group [get_clocks cmos2_pclk] successfully.
C: ConstraintEditor-2002: [C:/Users/23694/Desktop/ziguang_project/02_pcie_image_test_1080p_v1/08_HDMI_pcie_capture_40pin_100k/project/project.fdc(line number: 475)] | Port board_rst_n has been placed at location M15, whose type is share pin.
C: ConstraintEditor-2002: [C:/Users/23694/Desktop/ziguang_project/02_pcie_image_test_1080p_v1/08_HDMI_pcie_capture_40pin_100k/project/project.fdc(line number: 538)] | Port perst_n has been placed at location M16, whose type is share pin.
C: ConstraintEditor-2002: [C:/Users/23694/Desktop/ziguang_project/02_pcie_image_test_1080p_v1/08_HDMI_pcie_capture_40pin_100k/project/project.fdc(line number: 761)] | Port b_in[7] has been placed at location AB18, whose type is share pin.
C: ConstraintEditor-2002: [C:/Users/23694/Desktop/ziguang_project/02_pcie_image_test_1080p_v1/08_HDMI_pcie_capture_40pin_100k/project/project.fdc(line number: 766)] | Port b_in[6] has been placed at location P15, whose type is share pin.
C: ConstraintEditor-2002: [C:/Users/23694/Desktop/ziguang_project/02_pcie_image_test_1080p_v1/08_HDMI_pcie_capture_40pin_100k/project/project.fdc(line number: 776)] | Port b_in[4] has been placed at location R16, whose type is share pin.
C: ConstraintEditor-2002: [C:/Users/23694/Desktop/ziguang_project/02_pcie_image_test_1080p_v1/08_HDMI_pcie_capture_40pin_100k/project/project.fdc(line number: 786)] | Port b_in[2] has been placed at location N13, whose type is share pin.
C: ConstraintEditor-2002: [C:/Users/23694/Desktop/ziguang_project/02_pcie_image_test_1080p_v1/08_HDMI_pcie_capture_40pin_100k/project/project.fdc(line number: 796)] | Port b_in[0] has been placed at location N14, whose type is share pin.
C: ConstraintEditor-2002: [C:/Users/23694/Desktop/ziguang_project/02_pcie_image_test_1080p_v1/08_HDMI_pcie_capture_40pin_100k/project/project.fdc(line number: 803)] | Port g_in[7] has been placed at location AB20, whose type is share pin.
C: ConstraintEditor-2002: [C:/Users/23694/Desktop/ziguang_project/02_pcie_image_test_1080p_v1/08_HDMI_pcie_capture_40pin_100k/project/project.fdc(line number: 808)] | Port g_in[6] has been placed at location R18, whose type is share pin.
C: ConstraintEditor-2002: [C:/Users/23694/Desktop/ziguang_project/02_pcie_image_test_1080p_v1/08_HDMI_pcie_capture_40pin_100k/project/project.fdc(line number: 813)] | Port g_in[5] has been placed at location V17, whose type is share pin.
C: ConstraintEditor-2002: [C:/Users/23694/Desktop/ziguang_project/02_pcie_image_test_1080p_v1/08_HDMI_pcie_capture_40pin_100k/project/project.fdc(line number: 818)] | Port g_in[4] has been placed at location T18, whose type is share pin.
C: ConstraintEditor-2002: [C:/Users/23694/Desktop/ziguang_project/02_pcie_image_test_1080p_v1/08_HDMI_pcie_capture_40pin_100k/project/project.fdc(line number: 823)] | Port g_in[3] has been placed at location W17, whose type is share pin.
C: ConstraintEditor-2002: [C:/Users/23694/Desktop/ziguang_project/02_pcie_image_test_1080p_v1/08_HDMI_pcie_capture_40pin_100k/project/project.fdc(line number: 833)] | Port g_in[1] has been placed at location AA18, whose type is share pin.
C: ConstraintEditor-2002: [C:/Users/23694/Desktop/ziguang_project/02_pcie_image_test_1080p_v1/08_HDMI_pcie_capture_40pin_100k/project/project.fdc(line number: 838)] | Port g_in[0] has been placed at location P17, whose type is share pin.
C: ConstraintEditor-2002: [C:/Users/23694/Desktop/ziguang_project/02_pcie_image_test_1080p_v1/08_HDMI_pcie_capture_40pin_100k/project/project.fdc(line number: 845)] | Port r_in[7] has been placed at location AB21, whose type is share pin.
C: ConstraintEditor-2002: [C:/Users/23694/Desktop/ziguang_project/02_pcie_image_test_1080p_v1/08_HDMI_pcie_capture_40pin_100k/project/project.fdc(line number: 855)] | Port r_in[5] has been placed at location AB22, whose type is share pin.
C: ConstraintEditor-2002: [C:/Users/23694/Desktop/ziguang_project/02_pcie_image_test_1080p_v1/08_HDMI_pcie_capture_40pin_100k/project/project.fdc(line number: 875)] | Port r_in[1] has been placed at location AA19, whose type is share pin.
C: ConstraintEditor-2002: [C:/Users/23694/Desktop/ziguang_project/02_pcie_image_test_1080p_v1/08_HDMI_pcie_capture_40pin_100k/project/project.fdc(line number: 887)] | Port de_in has been placed at location P16, whose type is share pin.
C: ConstraintEditor-2002: [C:/Users/23694/Desktop/ziguang_project/02_pcie_image_test_1080p_v1/08_HDMI_pcie_capture_40pin_100k/project/project.fdc(line number: 894)] | Port hs_in has been placed at location U17, whose type is share pin.
C: ConstraintEditor-2002: [C:/Users/23694/Desktop/ziguang_project/02_pcie_image_test_1080p_v1/08_HDMI_pcie_capture_40pin_100k/project/project.fdc(line number: 901)] | Port vs_in has been placed at location R17, whose type is share pin.
C: ConstraintEditor-2002: [C:/Users/23694/Desktop/ziguang_project/02_pcie_image_test_1080p_v1/08_HDMI_pcie_capture_40pin_100k/project/project.fdc(line number: 908)] | Port hd_sda has been placed at location AA20, whose type is share pin.
C: ConstraintEditor-2002: [C:/Users/23694/Desktop/ziguang_project/02_pcie_image_test_1080p_v1/08_HDMI_pcie_capture_40pin_100k/project/project.fdc(line number: 916)] | Port hd_scl has been placed at location AA21, whose type is share pin.
W: ConstraintEditor-4019: Port Bus 'cmos1_data' unspecified I/O constraint.
W: ConstraintEditor-4019: Port Bus 'cmos2_data' unspecified I/O constraint.
W: ConstraintEditor-4019: Port Bus 'cmos_init_done' unspecified I/O constraint.
W: ConstraintEditor-4019: Port Bus 'rxn' unspecified I/O constraint.
W: ConstraintEditor-4019: Port Bus 'rxp' unspecified I/O constraint.
W: ConstraintEditor-4019: Port Bus 'txn' unspecified I/O constraint.
W: ConstraintEditor-4019: Port Bus 'txp' unspecified I/O constraint.
W: ConstraintEditor-4019: Port 'cmos1_href' unspecified I/O constraint.
W: ConstraintEditor-4019: Port 'cmos1_pclk' unspecified I/O constraint.
W: ConstraintEditor-4019: Port 'cmos1_reset' unspecified I/O constraint.
W: ConstraintEditor-4019: Port 'cmos1_scl' unspecified I/O constraint.
W: ConstraintEditor-4019: Port 'cmos1_sda' unspecified I/O constraint.
W: ConstraintEditor-4019: Port 'cmos1_vsync' unspecified I/O constraint.
W: ConstraintEditor-4019: Port 'cmos2_href' unspecified I/O constraint.
W: ConstraintEditor-4019: Port 'cmos2_pclk' unspecified I/O constraint.
W: ConstraintEditor-4019: Port 'cmos2_reset' unspecified I/O constraint.
W: ConstraintEditor-4019: Port 'cmos2_scl' unspecified I/O constraint.
W: ConstraintEditor-4019: Port 'cmos2_sda' unspecified I/O constraint.
W: ConstraintEditor-4019: Port 'cmos2_vsync' unspecified I/O constraint.
W: ConstraintEditor-4019: Port 'heart_beat_led' unspecified I/O constraint.
W: ConstraintEditor-4019: Port 'pclk_led' unspecified I/O constraint.
W: ConstraintEditor-4019: Port 'ref_led' unspecified I/O constraint.
W: ConstraintEditor-4019: Port 'rx_rst_n' unspecified I/O constraint.
Constraint check end.

C: SDC-2025: Clock source 'n:coms2_reg_config/clock_20k' need a clock constraint, please use 'create_clock' or 'create_generate_clock' to generate.
C: SDC-2025: Clock source 'n:coms1_reg_config/clock_20k' need a clock constraint, please use 'create_clock' or 'create_generate_clock' to generate.
C: SDC-2025: Clock source 'n:cmos2_8_16bit/pixel_clk' need a clock constraint, please use 'create_clock' or 'create_generate_clock' to generate.
Executing : get_ports cmos2_pclk
Executing : get_ports cmos2_pclk successfully.
Executing : get_pins cmos2_8_16bit/u_GTP_IOCLKDIV:CLKDIVOUT
Executing : get_pins cmos2_8_16bit/u_GTP_IOCLKDIV:CLKDIVOUT successfully.
Executing : create_generated_clock -name cmos2_pclk|cmos2_8_16bit/u_GTP_IOCLKDIV/CLKDIVOUT_Inferred -source [get_ports cmos2_pclk] [get_pins cmos2_8_16bit/u_GTP_IOCLKDIV:CLKDIVOUT] -master_clock cmos2_pclk -edges {1 2 3} -edge_shift {0.000000 5.950000 11.900000} -add
Executing : create_generated_clock -name cmos2_pclk|cmos2_8_16bit/u_GTP_IOCLKDIV/CLKDIVOUT_Inferred -source [get_ports cmos2_pclk] [get_pins cmos2_8_16bit/u_GTP_IOCLKDIV:CLKDIVOUT] -master_clock cmos2_pclk -edges {1 2 3} -edge_shift {0.000000 5.950000 11.900000} -add successfully.
Start pre-mapping.
W: Adm-4019: Unable to further flatten instance 'U_IPM2L_HSSTLP_RST'. The design is empty.
W: Public-4008: Instance 'u_ref_core_rstn_sync/sig_async_ff' of 'bmsWIDEDFFCPE' unit is dangling and will be cleaned.
W: Public-4008: Instance 'u_ref_core_rstn_sync/sig_synced' of 'bmsWIDEDFFCPE' unit is dangling and will be cleaned.
I: Constant propagation done on ms72xx_ctl/U1_ms7200_ctl/N2072 (bmsREDAND).
I: Constant propagation done on ms72xx_ctl/iic_dri/N396 (bmsWIDEINV).
I: Constant propagation done on ms72xx_ctl/iic_dri/N397 (bmsWIDEINV).
I: Constant propagation done on ms72xx_ctl/iic_dri/N398 (bmsWIDEINV).
I: Constant propagation done on ms72xx_ctl/iic_dri/N399 (bmsWIDEINV).
I: Constant propagation done on ms72xx_ctl/iic_dri/N400 (bmsWIDEINV).
I: Constant propagation done on ms72xx_ctl/iic_dri/N401 (bmsWIDEINV).
I: Constant propagation done on ms72xx_ctl/iic_dri/N402 (bmsWIDEINV).
I: Constant propagation done on ms72xx_ctl/iic_dri/N403 (bmsWIDEINV).
I: Constant propagation done on ms72xx_ctl/iic_dri/N404 (bmsWIDEINV).
I: Removed bmsSUB inst N70 that is redundant to N69
I: Removed bmsSUB inst N61 that is redundant to N60
I: Removed bmsSUB inst N61 that is redundant to N60
I: Removed bmsSUB inst N70 that is redundant to N69
I: Removed bmsSUB inst N70 that is redundant to N69
I: Removed bmsSUB inst N61 that is redundant to N60
I: Removed bmsSUB inst N70 that is redundant to N69
I: Removed bmsSUB inst N61 that is redundant to N60
I: Encoding type of FSM 'config_step_fsm[1:0]' is: onehot.
I: Encoding table of FSM 'config_step_fsm[1:0]':
I: from  coms1_reg_config/config_step[1] coms1_reg_config/config_step[0]
I: to  coms1_reg_config/config_step_reg[2] coms1_reg_config/config_step_reg[1] coms1_reg_config/config_step_reg[0]
I: 00 => 001
I: 01 => 010
I: 10 => 100
I: Encoding type of FSM 'config_step_fsm[1:0]' is: onehot.
I: Encoding table of FSM 'config_step_fsm[1:0]':
I: from  coms2_reg_config/config_step[1] coms2_reg_config/config_step[0]
I: to  coms2_reg_config/config_step_reg[2] coms2_reg_config/config_step_reg[1] coms2_reg_config/config_step_reg[0]
I: 00 => 001
I: 01 => 010
I: 10 => 100
I: Encoding type of FSM 'state_fsm[6:0]' is: onehot.
I: Encoding table of FSM 'state_fsm[6:0]':
I: from  ms72xx_ctl/U1_ms7200_ctl/state[6] ms72xx_ctl/U1_ms7200_ctl/state[5] ms72xx_ctl/U1_ms7200_ctl/state[4] ms72xx_ctl/U1_ms7200_ctl/state[3] ms72xx_ctl/U1_ms7200_ctl/state[2] ms72xx_ctl/U1_ms7200_ctl/state[1] ms72xx_ctl/U1_ms7200_ctl/state[0]
I: to  ms72xx_ctl/U1_ms7200_ctl/state_reg[4] ms72xx_ctl/U1_ms7200_ctl/state_reg[3] ms72xx_ctl/U1_ms7200_ctl/state_reg[2] ms72xx_ctl/U1_ms7200_ctl/state_reg[1] ms72xx_ctl/U1_ms7200_ctl/state_reg[0]
I: 0000001 => 00001
I: 0000010 => 00010
I: 0000100 => 00100
I: 0010000 => 01000
I: 0100000 => 10000
I: Encoding type of FSM 'state_fsm[5:0]' is: onehot.
I: Encoding table of FSM 'state_fsm[5:0]':
I: from  ms72xx_ctl/U2_ms7210_ctl/state[5] ms72xx_ctl/U2_ms7210_ctl/state[4] ms72xx_ctl/U2_ms7210_ctl/state[3] ms72xx_ctl/U2_ms7210_ctl/state[2] ms72xx_ctl/U2_ms7210_ctl/state[1] ms72xx_ctl/U2_ms7210_ctl/state[0]
I: to  ms72xx_ctl/U2_ms7210_ctl/state_reg[5] ms72xx_ctl/U2_ms7210_ctl/state_reg[4] ms72xx_ctl/U2_ms7210_ctl/state_reg[3] ms72xx_ctl/U2_ms7210_ctl/state_reg[2] ms72xx_ctl/U2_ms7210_ctl/state_reg[1] ms72xx_ctl/U2_ms7210_ctl/state_reg[0]
I: 000001 => 000001
I: 000010 => 000010
I: 000100 => 000100
I: 001000 => 001000
I: 010000 => 010000
I: 100000 => 100000
I: Encoding type of FSM 'state_fsm[2:0]' is: onehot.
I: Encoding table of FSM 'state_fsm[2:0]':
I: from  ms72xx_ctl/iic_dri/state[2] ms72xx_ctl/iic_dri/state[1] ms72xx_ctl/iic_dri/state[0]
I: to  ms72xx_ctl/iic_dri/state_reg[6] ms72xx_ctl/iic_dri/state_reg[5] ms72xx_ctl/iic_dri/state_reg[4] ms72xx_ctl/iic_dri/state_reg[3] ms72xx_ctl/iic_dri/state_reg[2] ms72xx_ctl/iic_dri/state_reg[1] ms72xx_ctl/iic_dri/state_reg[0]
I: 000 => 0000001
I: 001 => 0000010
I: 010 => 0000100
I: 011 => 0001000
I: 100 => 0010000
I: 101 => 0100000
I: 110 => 1000000
I: Encoding type of FSM 'rd_state_fsm[1:0]' is: onehot.
I: Encoding table of FSM 'rd_state_fsm[1:0]':
I: from  u_axi4_ctrl/rd_state[1] u_axi4_ctrl/rd_state[0]
I: to  u_axi4_ctrl/rd_state_reg[2] u_axi4_ctrl/rd_state_reg[1] u_axi4_ctrl/rd_state_reg[0]
I: 00 => 001
I: 01 => 010
I: 10 => 100
I: Encoding type of FSM 'rs_w_fsm[3:0]' is: onehot.
I: Encoding table of FSM 'rs_w_fsm[3:0]':
I: from  u_axi4_ctrl/rs_w[3] u_axi4_ctrl/rs_w[2] u_axi4_ctrl/rs_w[1] u_axi4_ctrl/rs_w[0]
I: to  u_axi4_ctrl/rs_w_reg[3] u_axi4_ctrl/rs_w_reg[2] u_axi4_ctrl/rs_w_reg[1] u_axi4_ctrl/rs_w_reg[0]
I: 0000 => 0001
I: 0001 => 0010
I: 0010 => 0100
I: 0011 => 1000
I: Encoding type of FSM 'state_fsm[1:0]' is: onehot.
I: Encoding table of FSM 'state_fsm[1:0]':
I: from  u_ips2l_pcie_dma/u_ips2l_pcie_dma_rx_top/u_ips2l_pcie_dma_tlp_rcv/state[1] u_ips2l_pcie_dma/u_ips2l_pcie_dma_rx_top/u_ips2l_pcie_dma_tlp_rcv/state[0]
I: to  u_ips2l_pcie_dma/u_ips2l_pcie_dma_rx_top/u_ips2l_pcie_dma_tlp_rcv/state_reg[2] u_ips2l_pcie_dma/u_ips2l_pcie_dma_rx_top/u_ips2l_pcie_dma_tlp_rcv/state_reg[1] u_ips2l_pcie_dma/u_ips2l_pcie_dma_rx_top/u_ips2l_pcie_dma_tlp_rcv/state_reg[0]
I: 00 => 001
I: 01 => 010
I: 10 => 100
I: Encoding type of FSM 'state_fsm[1:0]' is: onehot.
I: Encoding table of FSM 'state_fsm[1:0]':
I: from  u_ips2l_pcie_dma/u_ips2l_pcie_dma_tx_top/u_ips2l_pcie_dma_cpld_tx_ctrl/state[1] u_ips2l_pcie_dma/u_ips2l_pcie_dma_tx_top/u_ips2l_pcie_dma_cpld_tx_ctrl/state[0]
I: to  u_ips2l_pcie_dma/u_ips2l_pcie_dma_tx_top/u_ips2l_pcie_dma_cpld_tx_ctrl/state_reg[2] u_ips2l_pcie_dma/u_ips2l_pcie_dma_tx_top/u_ips2l_pcie_dma_cpld_tx_ctrl/state_reg[1] u_ips2l_pcie_dma/u_ips2l_pcie_dma_tx_top/u_ips2l_pcie_dma_cpld_tx_ctrl/state_reg[0]
I: 00 => 001
I: 01 => 010
I: 10 => 100
I: Encoding type of FSM 'state_fsm[1:0]' is: onehot.
I: Encoding table of FSM 'state_fsm[1:0]':
I: from  u_ips2l_pcie_dma/u_ips2l_pcie_dma_tx_top/u_ips2l_pcie_dma_mrd_tx_ctrl/state[1] u_ips2l_pcie_dma/u_ips2l_pcie_dma_tx_top/u_ips2l_pcie_dma_mrd_tx_ctrl/state[0]
I: to  u_ips2l_pcie_dma/u_ips2l_pcie_dma_tx_top/u_ips2l_pcie_dma_mrd_tx_ctrl/state_reg[1] u_ips2l_pcie_dma/u_ips2l_pcie_dma_tx_top/u_ips2l_pcie_dma_mrd_tx_ctrl/state_reg[0]
I: 00 => 01
I: 01 => 10
I: Encoding type of FSM 'state_fsm[1:0]' is: onehot.
I: Encoding table of FSM 'state_fsm[1:0]':
I: from  u_ips2l_pcie_dma/u_ips2l_pcie_dma_tx_top/u_ips2l_pcie_dma_mwr_tx_ctrl/state[1] u_ips2l_pcie_dma/u_ips2l_pcie_dma_tx_top/u_ips2l_pcie_dma_mwr_tx_ctrl/state[0]
I: to  u_ips2l_pcie_dma/u_ips2l_pcie_dma_tx_top/u_ips2l_pcie_dma_mwr_tx_ctrl/state_reg[2] u_ips2l_pcie_dma/u_ips2l_pcie_dma_tx_top/u_ips2l_pcie_dma_mwr_tx_ctrl/state_reg[1] u_ips2l_pcie_dma/u_ips2l_pcie_dma_tx_top/u_ips2l_pcie_dma_mwr_tx_ctrl/state_reg[0]
I: 00 => 001
I: 01 => 010
I: 10 => 100
I: Encoding type of FSM 'rx_main_fsm_fsm[3:0]' is: onehot.
I: Encoding table of FSM 'rx_main_fsm_fsm[3:0]':
I: from  u_ips2l_pcie_wrap/U_IPS2L_PCIE_TOP/U_IPS2L_HSSTLP_PCIE_SOFT_PHY/hsst_pciex4_rst/hsst_rx_rst_mcrsw/rx_rst_fsm_multi_sw_lane/rx_main_fsm[3] u_ips2l_pcie_wrap/U_IPS2L_PCIE_TOP/U_IPS2L_HSSTLP_PCIE_SOFT_PHY/hsst_pciex4_rst/hsst_rx_rst_mcrsw/rx_rst_fsm_multi_sw_lane/rx_main_fsm[2] u_ips2l_pcie_wrap/U_IPS2L_PCIE_TOP/U_IPS2L_HSSTLP_PCIE_SOFT_PHY/hsst_pciex4_rst/hsst_rx_rst_mcrsw/rx_rst_fsm_multi_sw_lane/rx_main_fsm[1] u_ips2l_pcie_wrap/U_IPS2L_PCIE_TOP/U_IPS2L_HSSTLP_PCIE_SOFT_PHY/hsst_pciex4_rst/hsst_rx_rst_mcrsw/rx_rst_fsm_multi_sw_lane/rx_main_fsm[0]
I: to  u_ips2l_pcie_wrap/U_IPS2L_PCIE_TOP/U_IPS2L_HSSTLP_PCIE_SOFT_PHY/hsst_pciex4_rst/hsst_rx_rst_mcrsw/rx_rst_fsm_multi_sw_lane/rx_main_fsm_reg[8] u_ips2l_pcie_wrap/U_IPS2L_PCIE_TOP/U_IPS2L_HSSTLP_PCIE_SOFT_PHY/hsst_pciex4_rst/hsst_rx_rst_mcrsw/rx_rst_fsm_multi_sw_lane/rx_main_fsm_reg[7] u_ips2l_pcie_wrap/U_IPS2L_PCIE_TOP/U_IPS2L_HSSTLP_PCIE_SOFT_PHY/hsst_pciex4_rst/hsst_rx_rst_mcrsw/rx_rst_fsm_multi_sw_lane/rx_main_fsm_reg[6] u_ips2l_pcie_wrap/U_IPS2L_PCIE_TOP/U_IPS2L_HSSTLP_PCIE_SOFT_PHY/hsst_pciex4_rst/hsst_rx_rst_mcrsw/rx_rst_fsm_multi_sw_lane/rx_main_fsm_reg[5] u_ips2l_pcie_wrap/U_IPS2L_PCIE_TOP/U_IPS2L_HSSTLP_PCIE_SOFT_PHY/hsst_pciex4_rst/hsst_rx_rst_mcrsw/rx_rst_fsm_multi_sw_lane/rx_main_fsm_reg[4] u_ips2l_pcie_wrap/U_IPS2L_PCIE_TOP/U_IPS2L_HSSTLP_PCIE_SOFT_PHY/hsst_pciex4_rst/hsst_rx_rst_mcrsw/rx_rst_fsm_multi_sw_lane/rx_main_fsm_reg[3] u_ips2l_pcie_wrap/U_IPS2L_PCIE_TOP/U_IPS2L_HSSTLP_PCIE_SOFT_PHY/hsst_pciex4_rst/hsst_rx_rst_mcrsw/rx_rst_fsm_multi_sw_lane/rx_main_fsm_reg[2] u_ips2l_pcie_wrap/U_IPS2L_PCIE_TOP/U_IPS2L_HSSTLP_PCIE_SOFT_PHY/hsst_pciex4_rst/hsst_rx_rst_mcrsw/rx_rst_fsm_multi_sw_lane/rx_main_fsm_reg[1] u_ips2l_pcie_wrap/U_IPS2L_PCIE_TOP/U_IPS2L_HSSTLP_PCIE_SOFT_PHY/hsst_pciex4_rst/hsst_rx_rst_mcrsw/rx_rst_fsm_multi_sw_lane/rx_main_fsm_reg[0]
I: 0000 => 000000001
I: 0001 => 000000010
I: 0010 => 000000100
I: 0011 => 000001000
I: 0100 => 000010000
I: 0101 => 000100000
I: 0110 => 001000000
I: 0111 => 010000000
I: 1000 => 100000000
I: Encoding type of FSM 'main_done_fsm[3:0]' is: onehot.
I: Encoding table of FSM 'main_done_fsm[3:0]':
I: from  u_ips2l_pcie_wrap/U_IPS2L_PCIE_TOP/U_IPS2L_HSSTLP_PCIE_SOFT_PHY/hsst_pciex4_rst/hsst_rx_rst_mcrsw/rx_rst_fsm_multi_sw_lane/main_done[3] u_ips2l_pcie_wrap/U_IPS2L_PCIE_TOP/U_IPS2L_HSSTLP_PCIE_SOFT_PHY/hsst_pciex4_rst/hsst_rx_rst_mcrsw/rx_rst_fsm_multi_sw_lane/main_done[2] u_ips2l_pcie_wrap/U_IPS2L_PCIE_TOP/U_IPS2L_HSSTLP_PCIE_SOFT_PHY/hsst_pciex4_rst/hsst_rx_rst_mcrsw/rx_rst_fsm_multi_sw_lane/main_done[1] u_ips2l_pcie_wrap/U_IPS2L_PCIE_TOP/U_IPS2L_HSSTLP_PCIE_SOFT_PHY/hsst_pciex4_rst/hsst_rx_rst_mcrsw/rx_rst_fsm_multi_sw_lane/main_done[0]
I: to  u_ips2l_pcie_wrap/U_IPS2L_PCIE_TOP/U_IPS2L_HSSTLP_PCIE_SOFT_PHY/hsst_pciex4_rst/hsst_rx_rst_mcrsw/rx_rst_fsm_multi_sw_lane/main_done_reg[3] u_ips2l_pcie_wrap/U_IPS2L_PCIE_TOP/U_IPS2L_HSSTLP_PCIE_SOFT_PHY/hsst_pciex4_rst/hsst_rx_rst_mcrsw/rx_rst_fsm_multi_sw_lane/main_done_reg[2] u_ips2l_pcie_wrap/U_IPS2L_PCIE_TOP/U_IPS2L_HSSTLP_PCIE_SOFT_PHY/hsst_pciex4_rst/hsst_rx_rst_mcrsw/rx_rst_fsm_multi_sw_lane/main_done_reg[1] u_ips2l_pcie_wrap/U_IPS2L_PCIE_TOP/U_IPS2L_HSSTLP_PCIE_SOFT_PHY/hsst_pciex4_rst/hsst_rx_rst_mcrsw/rx_rst_fsm_multi_sw_lane/main_done_reg[0]
I: 0000 => 0001
I: 0001 => 0010
I: 0011 => 0100
I: 1111 => 1000
I: Encoding type of FSM 'rx_init_fsm_fsm[3:0]' is: onehot.
I: Encoding table of FSM 'rx_init_fsm_fsm[3:0]':
I: from  u_ips2l_pcie_wrap/U_IPS2L_PCIE_TOP/U_IPS2L_HSSTLP_PCIE_SOFT_PHY/hsst_pciex4_rst/hsst_rx_rst_mcrsw/genblk1[0].hsst_rst4mcrsw_rx_init/rx_rst_initfsm_multi_sw_lane/rx_init_fsm[3] u_ips2l_pcie_wrap/U_IPS2L_PCIE_TOP/U_IPS2L_HSSTLP_PCIE_SOFT_PHY/hsst_pciex4_rst/hsst_rx_rst_mcrsw/genblk1[0].hsst_rst4mcrsw_rx_init/rx_rst_initfsm_multi_sw_lane/rx_init_fsm[2] u_ips2l_pcie_wrap/U_IPS2L_PCIE_TOP/U_IPS2L_HSSTLP_PCIE_SOFT_PHY/hsst_pciex4_rst/hsst_rx_rst_mcrsw/genblk1[0].hsst_rst4mcrsw_rx_init/rx_rst_initfsm_multi_sw_lane/rx_init_fsm[1] u_ips2l_pcie_wrap/U_IPS2L_PCIE_TOP/U_IPS2L_HSSTLP_PCIE_SOFT_PHY/hsst_pciex4_rst/hsst_rx_rst_mcrsw/genblk1[0].hsst_rst4mcrsw_rx_init/rx_rst_initfsm_multi_sw_lane/rx_init_fsm[0]
I: to  u_ips2l_pcie_wrap/U_IPS2L_PCIE_TOP/U_IPS2L_HSSTLP_PCIE_SOFT_PHY/hsst_pciex4_rst/hsst_rx_rst_mcrsw/genblk1[0].hsst_rst4mcrsw_rx_init/rx_rst_initfsm_multi_sw_lane/rx_init_fsm_reg[9] u_ips2l_pcie_wrap/U_IPS2L_PCIE_TOP/U_IPS2L_HSSTLP_PCIE_SOFT_PHY/hsst_pciex4_rst/hsst_rx_rst_mcrsw/genblk1[0].hsst_rst4mcrsw_rx_init/rx_rst_initfsm_multi_sw_lane/rx_init_fsm_reg[8] u_ips2l_pcie_wrap/U_IPS2L_PCIE_TOP/U_IPS2L_HSSTLP_PCIE_SOFT_PHY/hsst_pciex4_rst/hsst_rx_rst_mcrsw/genblk1[0].hsst_rst4mcrsw_rx_init/rx_rst_initfsm_multi_sw_lane/rx_init_fsm_reg[7] u_ips2l_pcie_wrap/U_IPS2L_PCIE_TOP/U_IPS2L_HSSTLP_PCIE_SOFT_PHY/hsst_pciex4_rst/hsst_rx_rst_mcrsw/genblk1[0].hsst_rst4mcrsw_rx_init/rx_rst_initfsm_multi_sw_lane/rx_init_fsm_reg[6] u_ips2l_pcie_wrap/U_IPS2L_PCIE_TOP/U_IPS2L_HSSTLP_PCIE_SOFT_PHY/hsst_pciex4_rst/hsst_rx_rst_mcrsw/genblk1[0].hsst_rst4mcrsw_rx_init/rx_rst_initfsm_multi_sw_lane/rx_init_fsm_reg[5] u_ips2l_pcie_wrap/U_IPS2L_PCIE_TOP/U_IPS2L_HSSTLP_PCIE_SOFT_PHY/hsst_pciex4_rst/hsst_rx_rst_mcrsw/genblk1[0].hsst_rst4mcrsw_rx_init/rx_rst_initfsm_multi_sw_lane/rx_init_fsm_reg[4] u_ips2l_pcie_wrap/U_IPS2L_PCIE_TOP/U_IPS2L_HSSTLP_PCIE_SOFT_PHY/hsst_pciex4_rst/hsst_rx_rst_mcrsw/genblk1[0].hsst_rst4mcrsw_rx_init/rx_rst_initfsm_multi_sw_lane/rx_init_fsm_reg[3] u_ips2l_pcie_wrap/U_IPS2L_PCIE_TOP/U_IPS2L_HSSTLP_PCIE_SOFT_PHY/hsst_pciex4_rst/hsst_rx_rst_mcrsw/genblk1[0].hsst_rst4mcrsw_rx_init/rx_rst_initfsm_multi_sw_lane/rx_init_fsm_reg[2] u_ips2l_pcie_wrap/U_IPS2L_PCIE_TOP/U_IPS2L_HSSTLP_PCIE_SOFT_PHY/hsst_pciex4_rst/hsst_rx_rst_mcrsw/genblk1[0].hsst_rst4mcrsw_rx_init/rx_rst_initfsm_multi_sw_lane/rx_init_fsm_reg[1] u_ips2l_pcie_wrap/U_IPS2L_PCIE_TOP/U_IPS2L_HSSTLP_PCIE_SOFT_PHY/hsst_pciex4_rst/hsst_rx_rst_mcrsw/genblk1[0].hsst_rst4mcrsw_rx_init/rx_rst_initfsm_multi_sw_lane/rx_init_fsm_reg[0]
I: 0000 => 0000000001
I: 0001 => 0000000010
I: 0010 => 0000000100
I: 0011 => 0000001000
I: 0100 => 0000010000
I: 0101 => 0000100000
I: 0110 => 0001000000
I: 0111 => 0010000000
I: 1000 => 0100000000
I: 1001 => 1000000000
I: Encoding type of FSM 'rx_init_fsm_fsm[3:0]' is: onehot.
I: Encoding table of FSM 'rx_init_fsm_fsm[3:0]':
I: from  u_ips2l_pcie_wrap/U_IPS2L_PCIE_TOP/U_IPS2L_HSSTLP_PCIE_SOFT_PHY/hsst_pciex4_rst/hsst_rx_rst_mcrsw/genblk1[1].hsst_rst4mcrsw_rx_init/rx_rst_initfsm_multi_sw_lane/rx_init_fsm[3] u_ips2l_pcie_wrap/U_IPS2L_PCIE_TOP/U_IPS2L_HSSTLP_PCIE_SOFT_PHY/hsst_pciex4_rst/hsst_rx_rst_mcrsw/genblk1[1].hsst_rst4mcrsw_rx_init/rx_rst_initfsm_multi_sw_lane/rx_init_fsm[2] u_ips2l_pcie_wrap/U_IPS2L_PCIE_TOP/U_IPS2L_HSSTLP_PCIE_SOFT_PHY/hsst_pciex4_rst/hsst_rx_rst_mcrsw/genblk1[1].hsst_rst4mcrsw_rx_init/rx_rst_initfsm_multi_sw_lane/rx_init_fsm[1] u_ips2l_pcie_wrap/U_IPS2L_PCIE_TOP/U_IPS2L_HSSTLP_PCIE_SOFT_PHY/hsst_pciex4_rst/hsst_rx_rst_mcrsw/genblk1[1].hsst_rst4mcrsw_rx_init/rx_rst_initfsm_multi_sw_lane/rx_init_fsm[0]
I: to  u_ips2l_pcie_wrap/U_IPS2L_PCIE_TOP/U_IPS2L_HSSTLP_PCIE_SOFT_PHY/hsst_pciex4_rst/hsst_rx_rst_mcrsw/genblk1[1].hsst_rst4mcrsw_rx_init/rx_rst_initfsm_multi_sw_lane/rx_init_fsm_reg[9] u_ips2l_pcie_wrap/U_IPS2L_PCIE_TOP/U_IPS2L_HSSTLP_PCIE_SOFT_PHY/hsst_pciex4_rst/hsst_rx_rst_mcrsw/genblk1[1].hsst_rst4mcrsw_rx_init/rx_rst_initfsm_multi_sw_lane/rx_init_fsm_reg[8] u_ips2l_pcie_wrap/U_IPS2L_PCIE_TOP/U_IPS2L_HSSTLP_PCIE_SOFT_PHY/hsst_pciex4_rst/hsst_rx_rst_mcrsw/genblk1[1].hsst_rst4mcrsw_rx_init/rx_rst_initfsm_multi_sw_lane/rx_init_fsm_reg[7] u_ips2l_pcie_wrap/U_IPS2L_PCIE_TOP/U_IPS2L_HSSTLP_PCIE_SOFT_PHY/hsst_pciex4_rst/hsst_rx_rst_mcrsw/genblk1[1].hsst_rst4mcrsw_rx_init/rx_rst_initfsm_multi_sw_lane/rx_init_fsm_reg[6] u_ips2l_pcie_wrap/U_IPS2L_PCIE_TOP/U_IPS2L_HSSTLP_PCIE_SOFT_PHY/hsst_pciex4_rst/hsst_rx_rst_mcrsw/genblk1[1].hsst_rst4mcrsw_rx_init/rx_rst_initfsm_multi_sw_lane/rx_init_fsm_reg[5] u_ips2l_pcie_wrap/U_IPS2L_PCIE_TOP/U_IPS2L_HSSTLP_PCIE_SOFT_PHY/hsst_pciex4_rst/hsst_rx_rst_mcrsw/genblk1[1].hsst_rst4mcrsw_rx_init/rx_rst_initfsm_multi_sw_lane/rx_init_fsm_reg[4] u_ips2l_pcie_wrap/U_IPS2L_PCIE_TOP/U_IPS2L_HSSTLP_PCIE_SOFT_PHY/hsst_pciex4_rst/hsst_rx_rst_mcrsw/genblk1[1].hsst_rst4mcrsw_rx_init/rx_rst_initfsm_multi_sw_lane/rx_init_fsm_reg[3] u_ips2l_pcie_wrap/U_IPS2L_PCIE_TOP/U_IPS2L_HSSTLP_PCIE_SOFT_PHY/hsst_pciex4_rst/hsst_rx_rst_mcrsw/genblk1[1].hsst_rst4mcrsw_rx_init/rx_rst_initfsm_multi_sw_lane/rx_init_fsm_reg[2] u_ips2l_pcie_wrap/U_IPS2L_PCIE_TOP/U_IPS2L_HSSTLP_PCIE_SOFT_PHY/hsst_pciex4_rst/hsst_rx_rst_mcrsw/genblk1[1].hsst_rst4mcrsw_rx_init/rx_rst_initfsm_multi_sw_lane/rx_init_fsm_reg[1] u_ips2l_pcie_wrap/U_IPS2L_PCIE_TOP/U_IPS2L_HSSTLP_PCIE_SOFT_PHY/hsst_pciex4_rst/hsst_rx_rst_mcrsw/genblk1[1].hsst_rst4mcrsw_rx_init/rx_rst_initfsm_multi_sw_lane/rx_init_fsm_reg[0]
I: 0000 => 0000000001
I: 0001 => 0000000010
I: 0010 => 0000000100
I: 0011 => 0000001000
I: 0100 => 0000010000
I: 0101 => 0000100000
I: 0110 => 0001000000
I: 0111 => 0010000000
I: 1000 => 0100000000
I: 1001 => 1000000000
I: Encoding type of FSM 'rx_init_fsm_fsm[3:0]' is: onehot.
I: Encoding table of FSM 'rx_init_fsm_fsm[3:0]':
I: from  u_ips2l_pcie_wrap/U_IPS2L_PCIE_TOP/U_IPS2L_HSSTLP_PCIE_SOFT_PHY/hsst_pciex4_rst/hsst_rx_rst_mcrsw/genblk1[2].hsst_rst4mcrsw_rx_init/rx_rst_initfsm_multi_sw_lane/rx_init_fsm[3] u_ips2l_pcie_wrap/U_IPS2L_PCIE_TOP/U_IPS2L_HSSTLP_PCIE_SOFT_PHY/hsst_pciex4_rst/hsst_rx_rst_mcrsw/genblk1[2].hsst_rst4mcrsw_rx_init/rx_rst_initfsm_multi_sw_lane/rx_init_fsm[2] u_ips2l_pcie_wrap/U_IPS2L_PCIE_TOP/U_IPS2L_HSSTLP_PCIE_SOFT_PHY/hsst_pciex4_rst/hsst_rx_rst_mcrsw/genblk1[2].hsst_rst4mcrsw_rx_init/rx_rst_initfsm_multi_sw_lane/rx_init_fsm[1] u_ips2l_pcie_wrap/U_IPS2L_PCIE_TOP/U_IPS2L_HSSTLP_PCIE_SOFT_PHY/hsst_pciex4_rst/hsst_rx_rst_mcrsw/genblk1[2].hsst_rst4mcrsw_rx_init/rx_rst_initfsm_multi_sw_lane/rx_init_fsm[0]
I: to  u_ips2l_pcie_wrap/U_IPS2L_PCIE_TOP/U_IPS2L_HSSTLP_PCIE_SOFT_PHY/hsst_pciex4_rst/hsst_rx_rst_mcrsw/genblk1[2].hsst_rst4mcrsw_rx_init/rx_rst_initfsm_multi_sw_lane/rx_init_fsm_reg[9] u_ips2l_pcie_wrap/U_IPS2L_PCIE_TOP/U_IPS2L_HSSTLP_PCIE_SOFT_PHY/hsst_pciex4_rst/hsst_rx_rst_mcrsw/genblk1[2].hsst_rst4mcrsw_rx_init/rx_rst_initfsm_multi_sw_lane/rx_init_fsm_reg[8] u_ips2l_pcie_wrap/U_IPS2L_PCIE_TOP/U_IPS2L_HSSTLP_PCIE_SOFT_PHY/hsst_pciex4_rst/hsst_rx_rst_mcrsw/genblk1[2].hsst_rst4mcrsw_rx_init/rx_rst_initfsm_multi_sw_lane/rx_init_fsm_reg[7] u_ips2l_pcie_wrap/U_IPS2L_PCIE_TOP/U_IPS2L_HSSTLP_PCIE_SOFT_PHY/hsst_pciex4_rst/hsst_rx_rst_mcrsw/genblk1[2].hsst_rst4mcrsw_rx_init/rx_rst_initfsm_multi_sw_lane/rx_init_fsm_reg[6] u_ips2l_pcie_wrap/U_IPS2L_PCIE_TOP/U_IPS2L_HSSTLP_PCIE_SOFT_PHY/hsst_pciex4_rst/hsst_rx_rst_mcrsw/genblk1[2].hsst_rst4mcrsw_rx_init/rx_rst_initfsm_multi_sw_lane/rx_init_fsm_reg[5] u_ips2l_pcie_wrap/U_IPS2L_PCIE_TOP/U_IPS2L_HSSTLP_PCIE_SOFT_PHY/hsst_pciex4_rst/hsst_rx_rst_mcrsw/genblk1[2].hsst_rst4mcrsw_rx_init/rx_rst_initfsm_multi_sw_lane/rx_init_fsm_reg[4] u_ips2l_pcie_wrap/U_IPS2L_PCIE_TOP/U_IPS2L_HSSTLP_PCIE_SOFT_PHY/hsst_pciex4_rst/hsst_rx_rst_mcrsw/genblk1[2].hsst_rst4mcrsw_rx_init/rx_rst_initfsm_multi_sw_lane/rx_init_fsm_reg[3] u_ips2l_pcie_wrap/U_IPS2L_PCIE_TOP/U_IPS2L_HSSTLP_PCIE_SOFT_PHY/hsst_pciex4_rst/hsst_rx_rst_mcrsw/genblk1[2].hsst_rst4mcrsw_rx_init/rx_rst_initfsm_multi_sw_lane/rx_init_fsm_reg[2] u_ips2l_pcie_wrap/U_IPS2L_PCIE_TOP/U_IPS2L_HSSTLP_PCIE_SOFT_PHY/hsst_pciex4_rst/hsst_rx_rst_mcrsw/genblk1[2].hsst_rst4mcrsw_rx_init/rx_rst_initfsm_multi_sw_lane/rx_init_fsm_reg[1] u_ips2l_pcie_wrap/U_IPS2L_PCIE_TOP/U_IPS2L_HSSTLP_PCIE_SOFT_PHY/hsst_pciex4_rst/hsst_rx_rst_mcrsw/genblk1[2].hsst_rst4mcrsw_rx_init/rx_rst_initfsm_multi_sw_lane/rx_init_fsm_reg[0]
I: 0000 => 0000000001
I: 0001 => 0000000010
I: 0010 => 0000000100
I: 0011 => 0000001000
I: 0100 => 0000010000
I: 0101 => 0000100000
I: 0110 => 0001000000
I: 0111 => 0010000000
I: 1000 => 0100000000
I: 1001 => 1000000000
I: Encoding type of FSM 'rx_init_fsm_fsm[3:0]' is: onehot.
I: Encoding table of FSM 'rx_init_fsm_fsm[3:0]':
I: from  u_ips2l_pcie_wrap/U_IPS2L_PCIE_TOP/U_IPS2L_HSSTLP_PCIE_SOFT_PHY/hsst_pciex4_rst/hsst_rx_rst_mcrsw/genblk1[3].hsst_rst4mcrsw_rx_init/rx_rst_initfsm_multi_sw_lane/rx_init_fsm[3] u_ips2l_pcie_wrap/U_IPS2L_PCIE_TOP/U_IPS2L_HSSTLP_PCIE_SOFT_PHY/hsst_pciex4_rst/hsst_rx_rst_mcrsw/genblk1[3].hsst_rst4mcrsw_rx_init/rx_rst_initfsm_multi_sw_lane/rx_init_fsm[2] u_ips2l_pcie_wrap/U_IPS2L_PCIE_TOP/U_IPS2L_HSSTLP_PCIE_SOFT_PHY/hsst_pciex4_rst/hsst_rx_rst_mcrsw/genblk1[3].hsst_rst4mcrsw_rx_init/rx_rst_initfsm_multi_sw_lane/rx_init_fsm[1] u_ips2l_pcie_wrap/U_IPS2L_PCIE_TOP/U_IPS2L_HSSTLP_PCIE_SOFT_PHY/hsst_pciex4_rst/hsst_rx_rst_mcrsw/genblk1[3].hsst_rst4mcrsw_rx_init/rx_rst_initfsm_multi_sw_lane/rx_init_fsm[0]
I: to  u_ips2l_pcie_wrap/U_IPS2L_PCIE_TOP/U_IPS2L_HSSTLP_PCIE_SOFT_PHY/hsst_pciex4_rst/hsst_rx_rst_mcrsw/genblk1[3].hsst_rst4mcrsw_rx_init/rx_rst_initfsm_multi_sw_lane/rx_init_fsm_reg[9] u_ips2l_pcie_wrap/U_IPS2L_PCIE_TOP/U_IPS2L_HSSTLP_PCIE_SOFT_PHY/hsst_pciex4_rst/hsst_rx_rst_mcrsw/genblk1[3].hsst_rst4mcrsw_rx_init/rx_rst_initfsm_multi_sw_lane/rx_init_fsm_reg[8] u_ips2l_pcie_wrap/U_IPS2L_PCIE_TOP/U_IPS2L_HSSTLP_PCIE_SOFT_PHY/hsst_pciex4_rst/hsst_rx_rst_mcrsw/genblk1[3].hsst_rst4mcrsw_rx_init/rx_rst_initfsm_multi_sw_lane/rx_init_fsm_reg[7] u_ips2l_pcie_wrap/U_IPS2L_PCIE_TOP/U_IPS2L_HSSTLP_PCIE_SOFT_PHY/hsst_pciex4_rst/hsst_rx_rst_mcrsw/genblk1[3].hsst_rst4mcrsw_rx_init/rx_rst_initfsm_multi_sw_lane/rx_init_fsm_reg[6] u_ips2l_pcie_wrap/U_IPS2L_PCIE_TOP/U_IPS2L_HSSTLP_PCIE_SOFT_PHY/hsst_pciex4_rst/hsst_rx_rst_mcrsw/genblk1[3].hsst_rst4mcrsw_rx_init/rx_rst_initfsm_multi_sw_lane/rx_init_fsm_reg[5] u_ips2l_pcie_wrap/U_IPS2L_PCIE_TOP/U_IPS2L_HSSTLP_PCIE_SOFT_PHY/hsst_pciex4_rst/hsst_rx_rst_mcrsw/genblk1[3].hsst_rst4mcrsw_rx_init/rx_rst_initfsm_multi_sw_lane/rx_init_fsm_reg[4] u_ips2l_pcie_wrap/U_IPS2L_PCIE_TOP/U_IPS2L_HSSTLP_PCIE_SOFT_PHY/hsst_pciex4_rst/hsst_rx_rst_mcrsw/genblk1[3].hsst_rst4mcrsw_rx_init/rx_rst_initfsm_multi_sw_lane/rx_init_fsm_reg[3] u_ips2l_pcie_wrap/U_IPS2L_PCIE_TOP/U_IPS2L_HSSTLP_PCIE_SOFT_PHY/hsst_pciex4_rst/hsst_rx_rst_mcrsw/genblk1[3].hsst_rst4mcrsw_rx_init/rx_rst_initfsm_multi_sw_lane/rx_init_fsm_reg[2] u_ips2l_pcie_wrap/U_IPS2L_PCIE_TOP/U_IPS2L_HSSTLP_PCIE_SOFT_PHY/hsst_pciex4_rst/hsst_rx_rst_mcrsw/genblk1[3].hsst_rst4mcrsw_rx_init/rx_rst_initfsm_multi_sw_lane/rx_init_fsm_reg[1] u_ips2l_pcie_wrap/U_IPS2L_PCIE_TOP/U_IPS2L_HSSTLP_PCIE_SOFT_PHY/hsst_pciex4_rst/hsst_rx_rst_mcrsw/genblk1[3].hsst_rst4mcrsw_rx_init/rx_rst_initfsm_multi_sw_lane/rx_init_fsm_reg[0]
I: 0000 => 0000000001
I: 0001 => 0000000010
I: 0010 => 0000000100
I: 0011 => 0000001000
I: 0100 => 0000010000
I: 0101 => 0000100000
I: 0110 => 0001000000
I: 0111 => 0010000000
I: 1000 => 0100000000
I: 1001 => 1000000000
I: Encoding type of FSM 'hsst_fsm_fsm[3:0]' is: onehot.
I: Encoding table of FSM 'hsst_fsm_fsm[3:0]':
I: from  u_ips2l_pcie_wrap/U_IPS2L_PCIE_TOP/U_IPS2L_HSSTLP_PCIE_SOFT_PHY/hsst_pciex4_rst/hsst_tx_rst_mcrsw/tx_rst_fsm_multi_sw_lane/hsst_fsm[3] u_ips2l_pcie_wrap/U_IPS2L_PCIE_TOP/U_IPS2L_HSSTLP_PCIE_SOFT_PHY/hsst_pciex4_rst/hsst_tx_rst_mcrsw/tx_rst_fsm_multi_sw_lane/hsst_fsm[2] u_ips2l_pcie_wrap/U_IPS2L_PCIE_TOP/U_IPS2L_HSSTLP_PCIE_SOFT_PHY/hsst_pciex4_rst/hsst_tx_rst_mcrsw/tx_rst_fsm_multi_sw_lane/hsst_fsm[1] u_ips2l_pcie_wrap/U_IPS2L_PCIE_TOP/U_IPS2L_HSSTLP_PCIE_SOFT_PHY/hsst_pciex4_rst/hsst_tx_rst_mcrsw/tx_rst_fsm_multi_sw_lane/hsst_fsm[0]
I: to  u_ips2l_pcie_wrap/U_IPS2L_PCIE_TOP/U_IPS2L_HSSTLP_PCIE_SOFT_PHY/hsst_pciex4_rst/hsst_tx_rst_mcrsw/tx_rst_fsm_multi_sw_lane/hsst_fsm_reg[8] u_ips2l_pcie_wrap/U_IPS2L_PCIE_TOP/U_IPS2L_HSSTLP_PCIE_SOFT_PHY/hsst_pciex4_rst/hsst_tx_rst_mcrsw/tx_rst_fsm_multi_sw_lane/hsst_fsm_reg[7] u_ips2l_pcie_wrap/U_IPS2L_PCIE_TOP/U_IPS2L_HSSTLP_PCIE_SOFT_PHY/hsst_pciex4_rst/hsst_tx_rst_mcrsw/tx_rst_fsm_multi_sw_lane/hsst_fsm_reg[6] u_ips2l_pcie_wrap/U_IPS2L_PCIE_TOP/U_IPS2L_HSSTLP_PCIE_SOFT_PHY/hsst_pciex4_rst/hsst_tx_rst_mcrsw/tx_rst_fsm_multi_sw_lane/hsst_fsm_reg[5] u_ips2l_pcie_wrap/U_IPS2L_PCIE_TOP/U_IPS2L_HSSTLP_PCIE_SOFT_PHY/hsst_pciex4_rst/hsst_tx_rst_mcrsw/tx_rst_fsm_multi_sw_lane/hsst_fsm_reg[4] u_ips2l_pcie_wrap/U_IPS2L_PCIE_TOP/U_IPS2L_HSSTLP_PCIE_SOFT_PHY/hsst_pciex4_rst/hsst_tx_rst_mcrsw/tx_rst_fsm_multi_sw_lane/hsst_fsm_reg[3] u_ips2l_pcie_wrap/U_IPS2L_PCIE_TOP/U_IPS2L_HSSTLP_PCIE_SOFT_PHY/hsst_pciex4_rst/hsst_tx_rst_mcrsw/tx_rst_fsm_multi_sw_lane/hsst_fsm_reg[2] u_ips2l_pcie_wrap/U_IPS2L_PCIE_TOP/U_IPS2L_HSSTLP_PCIE_SOFT_PHY/hsst_pciex4_rst/hsst_tx_rst_mcrsw/tx_rst_fsm_multi_sw_lane/hsst_fsm_reg[1] u_ips2l_pcie_wrap/U_IPS2L_PCIE_TOP/U_IPS2L_HSSTLP_PCIE_SOFT_PHY/hsst_pciex4_rst/hsst_tx_rst_mcrsw/tx_rst_fsm_multi_sw_lane/hsst_fsm_reg[0]
I: 0000 => 000000001
I: 0001 => 000000010
I: 0010 => 000000100
I: 0011 => 000001000
I: 0100 => 000010000
I: 0101 => 000100000
I: 0110 => 001000000
I: 0111 => 010000000
I: 1000 => 100000000
I: Removed bmsREDAND inst hsst_fsm_fsm[3:0]_22 that is redundant to N301
I: Removed bmsREDAND inst hsst_fsm_fsm[3:0]_2 that is redundant to N282
I: Removed bmsREDAND inst hsst_fsm_fsm[3:0]_4 that is redundant to N293
I: Encoding type of FSM 'seio_state_fsm[1:0]' is: onehot.
I: Encoding table of FSM 'seio_state_fsm[1:0]':
I: from  u_ips2l_pcie_wrap/U_IPS2L_PCIE_TOP/U_IPS2L_PCIE_HARD_CTRL/u_pcie_seio/seio_state[1] u_ips2l_pcie_wrap/U_IPS2L_PCIE_TOP/U_IPS2L_PCIE_HARD_CTRL/u_pcie_seio/seio_state[0]
I: to  u_ips2l_pcie_wrap/U_IPS2L_PCIE_TOP/U_IPS2L_PCIE_HARD_CTRL/u_pcie_seio/seio_state_reg[2] u_ips2l_pcie_wrap/U_IPS2L_PCIE_TOP/U_IPS2L_PCIE_HARD_CTRL/u_pcie_seio/seio_state_reg[1] u_ips2l_pcie_wrap/U_IPS2L_PCIE_TOP/U_IPS2L_PCIE_HARD_CTRL/u_pcie_seio/seio_state_reg[0]
I: 00 => 001
I: 01 => 010
I: 10 => 100
I: Encoding type of FSM 'init_state_fsm[3:0]' is: onehot.
I: Encoding table of FSM 'init_state_fsm[3:0]':
I: from  I_ips_ddr_top/u_ddrphy_top/ddrphy_calib_top/ddrphy_init/init_state[3] I_ips_ddr_top/u_ddrphy_top/ddrphy_calib_top/ddrphy_init/init_state[2] I_ips_ddr_top/u_ddrphy_top/ddrphy_calib_top/ddrphy_init/init_state[1] I_ips_ddr_top/u_ddrphy_top/ddrphy_calib_top/ddrphy_init/init_state[0]
I: to  I_ips_ddr_top/u_ddrphy_top/ddrphy_calib_top/ddrphy_init/init_state_reg[9] I_ips_ddr_top/u_ddrphy_top/ddrphy_calib_top/ddrphy_init/init_state_reg[8] I_ips_ddr_top/u_ddrphy_top/ddrphy_calib_top/ddrphy_init/init_state_reg[7] I_ips_ddr_top/u_ddrphy_top/ddrphy_calib_top/ddrphy_init/init_state_reg[6] I_ips_ddr_top/u_ddrphy_top/ddrphy_calib_top/ddrphy_init/init_state_reg[5] I_ips_ddr_top/u_ddrphy_top/ddrphy_calib_top/ddrphy_init/init_state_reg[4] I_ips_ddr_top/u_ddrphy_top/ddrphy_calib_top/ddrphy_init/init_state_reg[3] I_ips_ddr_top/u_ddrphy_top/ddrphy_calib_top/ddrphy_init/init_state_reg[2] I_ips_ddr_top/u_ddrphy_top/ddrphy_calib_top/ddrphy_init/init_state_reg[1] I_ips_ddr_top/u_ddrphy_top/ddrphy_calib_top/ddrphy_init/init_state_reg[0]
I: 0000 => 0000000001
I: 0001 => 0000000010
I: 0010 => 0000000100
I: 0011 => 0000001000
I: 0100 => 0000010000
I: 0101 => 0000100000
I: 0110 => 0001000000
I: 0111 => 0010000000
I: 1000 => 0100000000
I: 1001 => 1000000000
I: Encoding type of FSM 'error_status_fsm[3:0]' is: onehot.
I: Encoding table of FSM 'error_status_fsm[3:0]':
I: from  I_ips_ddr_top/u_ddrphy_top/ddrphy_calib_top/ddrphy_main_ctrl/error_status[3] I_ips_ddr_top/u_ddrphy_top/ddrphy_calib_top/ddrphy_main_ctrl/error_status[2] I_ips_ddr_top/u_ddrphy_top/ddrphy_calib_top/ddrphy_main_ctrl/error_status[1] I_ips_ddr_top/u_ddrphy_top/ddrphy_calib_top/ddrphy_main_ctrl/error_status[0]
I: to  I_ips_ddr_top/u_ddrphy_top/ddrphy_calib_top/ddrphy_main_ctrl/error_status_reg[6] I_ips_ddr_top/u_ddrphy_top/ddrphy_calib_top/ddrphy_main_ctrl/error_status_reg[5] I_ips_ddr_top/u_ddrphy_top/ddrphy_calib_top/ddrphy_main_ctrl/error_status_reg[4] I_ips_ddr_top/u_ddrphy_top/ddrphy_calib_top/ddrphy_main_ctrl/error_status_reg[3] I_ips_ddr_top/u_ddrphy_top/ddrphy_calib_top/ddrphy_main_ctrl/error_status_reg[2] I_ips_ddr_top/u_ddrphy_top/ddrphy_calib_top/ddrphy_main_ctrl/error_status_reg[1] I_ips_ddr_top/u_ddrphy_top/ddrphy_calib_top/ddrphy_main_ctrl/error_status_reg[0]
I: 0000 => 0000001
I: 0001 => 0000010
I: 0010 => 0000100
I: 0011 => 0001000
I: 0100 => 0010000
I: 0101 => 0100000
I: 0110 => 1000000
I: Encoding type of FSM 'main_state_fsm[3:0]' is: onehot.
I: Encoding table of FSM 'main_state_fsm[3:0]':
I: from  I_ips_ddr_top/u_ddrphy_top/ddrphy_calib_top/ddrphy_main_ctrl/main_state[3] I_ips_ddr_top/u_ddrphy_top/ddrphy_calib_top/ddrphy_main_ctrl/main_state[2] I_ips_ddr_top/u_ddrphy_top/ddrphy_calib_top/ddrphy_main_ctrl/main_state[1] I_ips_ddr_top/u_ddrphy_top/ddrphy_calib_top/ddrphy_main_ctrl/main_state[0]
I: to  I_ips_ddr_top/u_ddrphy_top/ddrphy_calib_top/ddrphy_main_ctrl/main_state_reg[7] I_ips_ddr_top/u_ddrphy_top/ddrphy_calib_top/ddrphy_main_ctrl/main_state_reg[6] I_ips_ddr_top/u_ddrphy_top/ddrphy_calib_top/ddrphy_main_ctrl/main_state_reg[5] I_ips_ddr_top/u_ddrphy_top/ddrphy_calib_top/ddrphy_main_ctrl/main_state_reg[4] I_ips_ddr_top/u_ddrphy_top/ddrphy_calib_top/ddrphy_main_ctrl/main_state_reg[3] I_ips_ddr_top/u_ddrphy_top/ddrphy_calib_top/ddrphy_main_ctrl/main_state_reg[2] I_ips_ddr_top/u_ddrphy_top/ddrphy_calib_top/ddrphy_main_ctrl/main_state_reg[1] I_ips_ddr_top/u_ddrphy_top/ddrphy_calib_top/ddrphy_main_ctrl/main_state_reg[0]
I: 0000 => 00000001
I: 0001 => 00000010
I: 0010 => 00000100
I: 0011 => 00001000
I: 0100 => 00010000
I: 0101 => 00100000
I: 0110 => 01000000
I: 0111 => 10000000
I: Encoding type of FSM 'genblk1.rdcal_state_fsm[4:0]' is: onehot.
I: Encoding table of FSM 'genblk1.rdcal_state_fsm[4:0]':
I: from  I_ips_ddr_top/u_ddrphy_top/ddrphy_calib_top/ddrphy_rdcal/genblk1.rdcal_state[4] I_ips_ddr_top/u_ddrphy_top/ddrphy_calib_top/ddrphy_rdcal/genblk1.rdcal_state[3] I_ips_ddr_top/u_ddrphy_top/ddrphy_calib_top/ddrphy_rdcal/genblk1.rdcal_state[2] I_ips_ddr_top/u_ddrphy_top/ddrphy_calib_top/ddrphy_rdcal/genblk1.rdcal_state[1] I_ips_ddr_top/u_ddrphy_top/ddrphy_calib_top/ddrphy_rdcal/genblk1.rdcal_state[0]
I: to  I_ips_ddr_top/u_ddrphy_top/ddrphy_calib_top/ddrphy_rdcal/genblk1.rdcal_state_reg[19] I_ips_ddr_top/u_ddrphy_top/ddrphy_calib_top/ddrphy_rdcal/genblk1.rdcal_state_reg[18] I_ips_ddr_top/u_ddrphy_top/ddrphy_calib_top/ddrphy_rdcal/genblk1.rdcal_state_reg[17] I_ips_ddr_top/u_ddrphy_top/ddrphy_calib_top/ddrphy_rdcal/genblk1.rdcal_state_reg[16] I_ips_ddr_top/u_ddrphy_top/ddrphy_calib_top/ddrphy_rdcal/genblk1.rdcal_state_reg[15] I_ips_ddr_top/u_ddrphy_top/ddrphy_calib_top/ddrphy_rdcal/genblk1.rdcal_state_reg[14] I_ips_ddr_top/u_ddrphy_top/ddrphy_calib_top/ddrphy_rdcal/genblk1.rdcal_state_reg[13] I_ips_ddr_top/u_ddrphy_top/ddrphy_calib_top/ddrphy_rdcal/genblk1.rdcal_state_reg[12] I_ips_ddr_top/u_ddrphy_top/ddrphy_calib_top/ddrphy_rdcal/genblk1.rdcal_state_reg[11] I_ips_ddr_top/u_ddrphy_top/ddrphy_calib_top/ddrphy_rdcal/genblk1.rdcal_state_reg[10] I_ips_ddr_top/u_ddrphy_top/ddrphy_calib_top/ddrphy_rdcal/genblk1.rdcal_state_reg[9] I_ips_ddr_top/u_ddrphy_top/ddrphy_calib_top/ddrphy_rdcal/genblk1.rdcal_state_reg[8] I_ips_ddr_top/u_ddrphy_top/ddrphy_calib_top/ddrphy_rdcal/genblk1.rdcal_state_reg[7] I_ips_ddr_top/u_ddrphy_top/ddrphy_calib_top/ddrphy_rdcal/genblk1.rdcal_state_reg[6] I_ips_ddr_top/u_ddrphy_top/ddrphy_calib_top/ddrphy_rdcal/genblk1.rdcal_state_reg[5] I_ips_ddr_top/u_ddrphy_top/ddrphy_calib_top/ddrphy_rdcal/genblk1.rdcal_state_reg[4] I_ips_ddr_top/u_ddrphy_top/ddrphy_calib_top/ddrphy_rdcal/genblk1.rdcal_state_reg[3] I_ips_ddr_top/u_ddrphy_top/ddrphy_calib_top/ddrphy_rdcal/genblk1.rdcal_state_reg[2] I_ips_ddr_top/u_ddrphy_top/ddrphy_calib_top/ddrphy_rdcal/genblk1.rdcal_state_reg[1] I_ips_ddr_top/u_ddrphy_top/ddrphy_calib_top/ddrphy_rdcal/genblk1.rdcal_state_reg[0]
I: 00000 => 00000000000000000001
I: 00001 => 00000000000000000010
I: 00010 => 00000000000000000100
I: 00011 => 00000000000000001000
I: 00100 => 00000000000000010000
I: 00101 => 00000000000000100000
I: 00110 => 00000000000001000000
I: 00111 => 00000000000010000000
I: 01000 => 00000000000100000000
I: 01001 => 00000000001000000000
I: 01010 => 00000000010000000000
I: 01011 => 00000000100000000000
I: 01100 => 00000001000000000000
I: 01101 => 00000010000000000000
I: 01110 => 00000100000000000000
I: 01111 => 00001000000000000000
I: 10000 => 00010000000000000000
I: 10001 => 00100000000000000000
I: 10010 => 01000000000000000000
I: 10011 => 10000000000000000000
I: Encoding type of FSM 'upcal_state_fsm[3:0]' is: onehot.
I: Encoding table of FSM 'upcal_state_fsm[3:0]':
I: from  I_ips_ddr_top/u_ddrphy_top/ddrphy_calib_top/ddrphy_upcal/upcal_state[3] I_ips_ddr_top/u_ddrphy_top/ddrphy_calib_top/ddrphy_upcal/upcal_state[2] I_ips_ddr_top/u_ddrphy_top/ddrphy_calib_top/ddrphy_upcal/upcal_state[1] I_ips_ddr_top/u_ddrphy_top/ddrphy_calib_top/ddrphy_upcal/upcal_state[0]
I: to  I_ips_ddr_top/u_ddrphy_top/ddrphy_calib_top/ddrphy_upcal/upcal_state_reg[2] I_ips_ddr_top/u_ddrphy_top/ddrphy_calib_top/ddrphy_upcal/upcal_state_reg[1] I_ips_ddr_top/u_ddrphy_top/ddrphy_calib_top/ddrphy_upcal/upcal_state_reg[0]
I: 0000 => 001
I: 0001 => 010
I: 0010 => 100
I: Encoding type of FSM 'wrcal_state_fsm[3:0]' is: onehot.
I: Encoding table of FSM 'wrcal_state_fsm[3:0]':
I: from  I_ips_ddr_top/u_ddrphy_top/ddrphy_calib_top/ddrphy_wrcal/wrcal_state[3] I_ips_ddr_top/u_ddrphy_top/ddrphy_calib_top/ddrphy_wrcal/wrcal_state[2] I_ips_ddr_top/u_ddrphy_top/ddrphy_calib_top/ddrphy_wrcal/wrcal_state[1] I_ips_ddr_top/u_ddrphy_top/ddrphy_calib_top/ddrphy_wrcal/wrcal_state[0]
I: to  I_ips_ddr_top/u_ddrphy_top/ddrphy_calib_top/ddrphy_wrcal/wrcal_state_reg[7] I_ips_ddr_top/u_ddrphy_top/ddrphy_calib_top/ddrphy_wrcal/wrcal_state_reg[6] I_ips_ddr_top/u_ddrphy_top/ddrphy_calib_top/ddrphy_wrcal/wrcal_state_reg[5] I_ips_ddr_top/u_ddrphy_top/ddrphy_calib_top/ddrphy_wrcal/wrcal_state_reg[4] I_ips_ddr_top/u_ddrphy_top/ddrphy_calib_top/ddrphy_wrcal/wrcal_state_reg[3] I_ips_ddr_top/u_ddrphy_top/ddrphy_calib_top/ddrphy_wrcal/wrcal_state_reg[2] I_ips_ddr_top/u_ddrphy_top/ddrphy_calib_top/ddrphy_wrcal/wrcal_state_reg[1] I_ips_ddr_top/u_ddrphy_top/ddrphy_calib_top/ddrphy_wrcal/wrcal_state_reg[0]
I: 0000 => 00000001
I: 0001 => 00000010
I: 0010 => 00000100
I: 0011 => 00001000
I: 0100 => 00010000
I: 0101 => 00100000
I: 1001 => 01000000
I: 1010 => 10000000
I: Encoding type of FSM 'wrlvl_state_fsm[3:0]' is: onehot.
I: Encoding table of FSM 'wrlvl_state_fsm[3:0]':
I: from  I_ips_ddr_top/u_ddrphy_top/ddrphy_calib_top/ddrphy_wrlvl/wrlvl_state[3] I_ips_ddr_top/u_ddrphy_top/ddrphy_calib_top/ddrphy_wrlvl/wrlvl_state[2] I_ips_ddr_top/u_ddrphy_top/ddrphy_calib_top/ddrphy_wrlvl/wrlvl_state[1] I_ips_ddr_top/u_ddrphy_top/ddrphy_calib_top/ddrphy_wrlvl/wrlvl_state[0]
I: to  I_ips_ddr_top/u_ddrphy_top/ddrphy_calib_top/ddrphy_wrlvl/wrlvl_state_reg[8] I_ips_ddr_top/u_ddrphy_top/ddrphy_calib_top/ddrphy_wrlvl/wrlvl_state_reg[7] I_ips_ddr_top/u_ddrphy_top/ddrphy_calib_top/ddrphy_wrlvl/wrlvl_state_reg[6] I_ips_ddr_top/u_ddrphy_top/ddrphy_calib_top/ddrphy_wrlvl/wrlvl_state_reg[5] I_ips_ddr_top/u_ddrphy_top/ddrphy_calib_top/ddrphy_wrlvl/wrlvl_state_reg[4] I_ips_ddr_top/u_ddrphy_top/ddrphy_calib_top/ddrphy_wrlvl/wrlvl_state_reg[3] I_ips_ddr_top/u_ddrphy_top/ddrphy_calib_top/ddrphy_wrlvl/wrlvl_state_reg[2] I_ips_ddr_top/u_ddrphy_top/ddrphy_calib_top/ddrphy_wrlvl/wrlvl_state_reg[1] I_ips_ddr_top/u_ddrphy_top/ddrphy_calib_top/ddrphy_wrlvl/wrlvl_state_reg[0]
I: 0000 => 000000001
I: 0001 => 000000010
I: 0010 => 000000100
I: 0011 => 000001000
I: 0100 => 000010000
I: 0101 => 000100000
I: 0110 => 001000000
I: 0111 => 010000000
I: 1000 => 100000000
I: Encoding type of FSM 'eyecal_state_fsm[3:0]' is: onehot.
I: Encoding table of FSM 'eyecal_state_fsm[3:0]':
I: from  I_ips_ddr_top/u_ddrphy_top/ddrphy_calib_top/ddrphy_eyecal/eyecal_state[3] I_ips_ddr_top/u_ddrphy_top/ddrphy_calib_top/ddrphy_eyecal/eyecal_state[2] I_ips_ddr_top/u_ddrphy_top/ddrphy_calib_top/ddrphy_eyecal/eyecal_state[1] I_ips_ddr_top/u_ddrphy_top/ddrphy_calib_top/ddrphy_eyecal/eyecal_state[0]
I: to  I_ips_ddr_top/u_ddrphy_top/ddrphy_calib_top/ddrphy_eyecal/eyecal_state_reg[9] I_ips_ddr_top/u_ddrphy_top/ddrphy_calib_top/ddrphy_eyecal/eyecal_state_reg[8] I_ips_ddr_top/u_ddrphy_top/ddrphy_calib_top/ddrphy_eyecal/eyecal_state_reg[7] I_ips_ddr_top/u_ddrphy_top/ddrphy_calib_top/ddrphy_eyecal/eyecal_state_reg[6] I_ips_ddr_top/u_ddrphy_top/ddrphy_calib_top/ddrphy_eyecal/eyecal_state_reg[5] I_ips_ddr_top/u_ddrphy_top/ddrphy_calib_top/ddrphy_eyecal/eyecal_state_reg[4] I_ips_ddr_top/u_ddrphy_top/ddrphy_calib_top/ddrphy_eyecal/eyecal_state_reg[3] I_ips_ddr_top/u_ddrphy_top/ddrphy_calib_top/ddrphy_eyecal/eyecal_state_reg[2] I_ips_ddr_top/u_ddrphy_top/ddrphy_calib_top/ddrphy_eyecal/eyecal_state_reg[1] I_ips_ddr_top/u_ddrphy_top/ddrphy_calib_top/ddrphy_eyecal/eyecal_state_reg[0]
I: 0000 => 0000000001
I: 0001 => 0000000010
I: 0010 => 0000000100
I: 0011 => 0000001000
I: 0100 => 0000010000
I: 0101 => 0000100000
I: 0110 => 0001000000
I: 0111 => 0010000000
I: 1000 => 0100000000
I: 1001 => 1000000000
I: Encoding type of FSM 'cpd_state_fsm[3:0]' is: onehot.
I: Encoding table of FSM 'cpd_state_fsm[3:0]':
I: from  I_ips_ddr_top/u_ddrphy_top/ddrphy_cpd_ctrl/cpd_state[3] I_ips_ddr_top/u_ddrphy_top/ddrphy_cpd_ctrl/cpd_state[2] I_ips_ddr_top/u_ddrphy_top/ddrphy_cpd_ctrl/cpd_state[1] I_ips_ddr_top/u_ddrphy_top/ddrphy_cpd_ctrl/cpd_state[0]
I: to  I_ips_ddr_top/u_ddrphy_top/ddrphy_cpd_ctrl/cpd_state_reg[9] I_ips_ddr_top/u_ddrphy_top/ddrphy_cpd_ctrl/cpd_state_reg[8] I_ips_ddr_top/u_ddrphy_top/ddrphy_cpd_ctrl/cpd_state_reg[7] I_ips_ddr_top/u_ddrphy_top/ddrphy_cpd_ctrl/cpd_state_reg[6] I_ips_ddr_top/u_ddrphy_top/ddrphy_cpd_ctrl/cpd_state_reg[5] I_ips_ddr_top/u_ddrphy_top/ddrphy_cpd_ctrl/cpd_state_reg[4] I_ips_ddr_top/u_ddrphy_top/ddrphy_cpd_ctrl/cpd_state_reg[3] I_ips_ddr_top/u_ddrphy_top/ddrphy_cpd_ctrl/cpd_state_reg[2] I_ips_ddr_top/u_ddrphy_top/ddrphy_cpd_ctrl/cpd_state_reg[1] I_ips_ddr_top/u_ddrphy_top/ddrphy_cpd_ctrl/cpd_state_reg[0]
I: 0000 => 0000000001
I: 0001 => 0000000010
I: 0010 => 0000000100
I: 0011 => 0000001000
I: 0100 => 0000010000
I: 0101 => 0000100000
I: 0110 => 0001000000
I: 0111 => 0010000000
I: 1000 => 0100000000
I: 1001 => 1000000000
I: Encoding type of FSM 'state_fsm[1:0]' is: onehot.
I: Encoding table of FSM 'state_fsm[1:0]':
I: from  I_ips_ddr_top/u_ddrphy_top/ddrphy_dll_update_ctrl/state[1] I_ips_ddr_top/u_ddrphy_top/ddrphy_dll_update_ctrl/state[0]
I: to  I_ips_ddr_top/u_ddrphy_top/ddrphy_dll_update_ctrl/state_reg[3] I_ips_ddr_top/u_ddrphy_top/ddrphy_dll_update_ctrl/state_reg[2] I_ips_ddr_top/u_ddrphy_top/ddrphy_dll_update_ctrl/state_reg[1] I_ips_ddr_top/u_ddrphy_top/ddrphy_dll_update_ctrl/state_reg[0]
I: 00 => 0001
I: 01 => 0010
I: 10 => 0100
I: 11 => 1000
I: Encoding type of FSM 'state_fsm[3:0]' is: onehot.
I: Encoding table of FSM 'state_fsm[3:0]':
I: from  I_ips_ddr_top/u_ddrphy_top/ddrphy_reset_ctrl/state[3] I_ips_ddr_top/u_ddrphy_top/ddrphy_reset_ctrl/state[2] I_ips_ddr_top/u_ddrphy_top/ddrphy_reset_ctrl/state[1] I_ips_ddr_top/u_ddrphy_top/ddrphy_reset_ctrl/state[0]
I: to  I_ips_ddr_top/u_ddrphy_top/ddrphy_reset_ctrl/state_reg[10] I_ips_ddr_top/u_ddrphy_top/ddrphy_reset_ctrl/state_reg[9] I_ips_ddr_top/u_ddrphy_top/ddrphy_reset_ctrl/state_reg[8] I_ips_ddr_top/u_ddrphy_top/ddrphy_reset_ctrl/state_reg[7] I_ips_ddr_top/u_ddrphy_top/ddrphy_reset_ctrl/state_reg[6] I_ips_ddr_top/u_ddrphy_top/ddrphy_reset_ctrl/state_reg[5] I_ips_ddr_top/u_ddrphy_top/ddrphy_reset_ctrl/state_reg[4] I_ips_ddr_top/u_ddrphy_top/ddrphy_reset_ctrl/state_reg[3] I_ips_ddr_top/u_ddrphy_top/ddrphy_reset_ctrl/state_reg[2] I_ips_ddr_top/u_ddrphy_top/ddrphy_reset_ctrl/state_reg[1] I_ips_ddr_top/u_ddrphy_top/ddrphy_reset_ctrl/state_reg[0]
I: 0000 => 00000000001
I: 0001 => 00000000010
I: 0010 => 00000000100
I: 0011 => 00000001000
I: 0100 => 00000010000
I: 0101 => 00000100000
I: 0110 => 00001000000
I: 0111 => 00010000000
I: 1000 => 00100000000
I: 1001 => 01000000000
I: 1010 => 10000000000
I: Encoding type of FSM 'gate_state_fsm[2:0]' is: onehot.
I: Encoding table of FSM 'gate_state_fsm[2:0]':
I: from  I_ips_ddr_top/u_ddrphy_top/ddrphy_slice_top/i_dqs_group[0].ddrphy_data_slice/ddrphy_data_slice_dqs_gate_cal/ddrphy_gatecal/gate_state[2] I_ips_ddr_top/u_ddrphy_top/ddrphy_slice_top/i_dqs_group[0].ddrphy_data_slice/ddrphy_data_slice_dqs_gate_cal/ddrphy_gatecal/gate_state[1] I_ips_ddr_top/u_ddrphy_top/ddrphy_slice_top/i_dqs_group[0].ddrphy_data_slice/ddrphy_data_slice_dqs_gate_cal/ddrphy_gatecal/gate_state[0]
I: to  I_ips_ddr_top/u_ddrphy_top/ddrphy_slice_top/i_dqs_group[0].ddrphy_data_slice/ddrphy_data_slice_dqs_gate_cal/ddrphy_gatecal/gate_state_reg[5] I_ips_ddr_top/u_ddrphy_top/ddrphy_slice_top/i_dqs_group[0].ddrphy_data_slice/ddrphy_data_slice_dqs_gate_cal/ddrphy_gatecal/gate_state_reg[4] I_ips_ddr_top/u_ddrphy_top/ddrphy_slice_top/i_dqs_group[0].ddrphy_data_slice/ddrphy_data_slice_dqs_gate_cal/ddrphy_gatecal/gate_state_reg[3] I_ips_ddr_top/u_ddrphy_top/ddrphy_slice_top/i_dqs_group[0].ddrphy_data_slice/ddrphy_data_slice_dqs_gate_cal/ddrphy_gatecal/gate_state_reg[2] I_ips_ddr_top/u_ddrphy_top/ddrphy_slice_top/i_dqs_group[0].ddrphy_data_slice/ddrphy_data_slice_dqs_gate_cal/ddrphy_gatecal/gate_state_reg[1] I_ips_ddr_top/u_ddrphy_top/ddrphy_slice_top/i_dqs_group[0].ddrphy_data_slice/ddrphy_data_slice_dqs_gate_cal/ddrphy_gatecal/gate_state_reg[0]
I: 000 => 000001
I: 001 => 000010
I: 010 => 000100
I: 011 => 001000
I: 100 => 010000
I: 101 => 100000
I: Encoding type of FSM 'state_fsm[3:0]' is: onehot.
I: Encoding table of FSM 'state_fsm[3:0]':
I: from  I_ips_ddr_top/u_ddrphy_top/ddrphy_slice_top/i_dqs_group[0].ddrphy_data_slice/ddrphy_data_slice_wrcal/state[3] I_ips_ddr_top/u_ddrphy_top/ddrphy_slice_top/i_dqs_group[0].ddrphy_data_slice/ddrphy_data_slice_wrcal/state[2] I_ips_ddr_top/u_ddrphy_top/ddrphy_slice_top/i_dqs_group[0].ddrphy_data_slice/ddrphy_data_slice_wrcal/state[1] I_ips_ddr_top/u_ddrphy_top/ddrphy_slice_top/i_dqs_group[0].ddrphy_data_slice/ddrphy_data_slice_wrcal/state[0]
I: to  I_ips_ddr_top/u_ddrphy_top/ddrphy_slice_top/i_dqs_group[0].ddrphy_data_slice/ddrphy_data_slice_wrcal/state_reg[13] I_ips_ddr_top/u_ddrphy_top/ddrphy_slice_top/i_dqs_group[0].ddrphy_data_slice/ddrphy_data_slice_wrcal/state_reg[12] I_ips_ddr_top/u_ddrphy_top/ddrphy_slice_top/i_dqs_group[0].ddrphy_data_slice/ddrphy_data_slice_wrcal/state_reg[11] I_ips_ddr_top/u_ddrphy_top/ddrphy_slice_top/i_dqs_group[0].ddrphy_data_slice/ddrphy_data_slice_wrcal/state_reg[10] I_ips_ddr_top/u_ddrphy_top/ddrphy_slice_top/i_dqs_group[0].ddrphy_data_slice/ddrphy_data_slice_wrcal/state_reg[9] I_ips_ddr_top/u_ddrphy_top/ddrphy_slice_top/i_dqs_group[0].ddrphy_data_slice/ddrphy_data_slice_wrcal/state_reg[8] I_ips_ddr_top/u_ddrphy_top/ddrphy_slice_top/i_dqs_group[0].ddrphy_data_slice/ddrphy_data_slice_wrcal/state_reg[7] I_ips_ddr_top/u_ddrphy_top/ddrphy_slice_top/i_dqs_group[0].ddrphy_data_slice/ddrphy_data_slice_wrcal/state_reg[6] I_ips_ddr_top/u_ddrphy_top/ddrphy_slice_top/i_dqs_group[0].ddrphy_data_slice/ddrphy_data_slice_wrcal/state_reg[5] I_ips_ddr_top/u_ddrphy_top/ddrphy_slice_top/i_dqs_group[0].ddrphy_data_slice/ddrphy_data_slice_wrcal/state_reg[4] I_ips_ddr_top/u_ddrphy_top/ddrphy_slice_top/i_dqs_group[0].ddrphy_data_slice/ddrphy_data_slice_wrcal/state_reg[3] I_ips_ddr_top/u_ddrphy_top/ddrphy_slice_top/i_dqs_group[0].ddrphy_data_slice/ddrphy_data_slice_wrcal/state_reg[2] I_ips_ddr_top/u_ddrphy_top/ddrphy_slice_top/i_dqs_group[0].ddrphy_data_slice/ddrphy_data_slice_wrcal/state_reg[1] I_ips_ddr_top/u_ddrphy_top/ddrphy_slice_top/i_dqs_group[0].ddrphy_data_slice/ddrphy_data_slice_wrcal/state_reg[0]
I: 0000 => 00000000000001
I: 0001 => 00000000000010
I: 0010 => 00000000000100
I: 0011 => 00000000001000
I: 0100 => 00000000010000
I: 0101 => 00000000100000
I: 0110 => 00000001000000
I: 0111 => 00000010000000
I: 1000 => 00000100000000
I: 1001 => 00001000000000
I: 1010 => 00010000000000
I: 1011 => 00100000000000
I: 1100 => 01000000000000
I: 1101 => 10000000000000
I: Encoding type of FSM 'wl_state_fsm[2:0]' is: onehot.
I: Encoding table of FSM 'wl_state_fsm[2:0]':
I: from  I_ips_ddr_top/u_ddrphy_top/ddrphy_slice_top/i_dqs_group[0].ddrphy_data_slice/ddrphy_data_slice_wrlvl/wl_state[2] I_ips_ddr_top/u_ddrphy_top/ddrphy_slice_top/i_dqs_group[0].ddrphy_data_slice/ddrphy_data_slice_wrlvl/wl_state[1] I_ips_ddr_top/u_ddrphy_top/ddrphy_slice_top/i_dqs_group[0].ddrphy_data_slice/ddrphy_data_slice_wrlvl/wl_state[0]
I: to  I_ips_ddr_top/u_ddrphy_top/ddrphy_slice_top/i_dqs_group[0].ddrphy_data_slice/ddrphy_data_slice_wrlvl/wl_state_reg[6] I_ips_ddr_top/u_ddrphy_top/ddrphy_slice_top/i_dqs_group[0].ddrphy_data_slice/ddrphy_data_slice_wrlvl/wl_state_reg[5] I_ips_ddr_top/u_ddrphy_top/ddrphy_slice_top/i_dqs_group[0].ddrphy_data_slice/ddrphy_data_slice_wrlvl/wl_state_reg[4] I_ips_ddr_top/u_ddrphy_top/ddrphy_slice_top/i_dqs_group[0].ddrphy_data_slice/ddrphy_data_slice_wrlvl/wl_state_reg[3] I_ips_ddr_top/u_ddrphy_top/ddrphy_slice_top/i_dqs_group[0].ddrphy_data_slice/ddrphy_data_slice_wrlvl/wl_state_reg[2] I_ips_ddr_top/u_ddrphy_top/ddrphy_slice_top/i_dqs_group[0].ddrphy_data_slice/ddrphy_data_slice_wrlvl/wl_state_reg[1] I_ips_ddr_top/u_ddrphy_top/ddrphy_slice_top/i_dqs_group[0].ddrphy_data_slice/ddrphy_data_slice_wrlvl/wl_state_reg[0]
I: 000 => 0000001
I: 001 => 0000010
I: 010 => 0000100
I: 011 => 0001000
I: 100 => 0010000
I: 101 => 0100000
I: 110 => 1000000
I: Encoding type of FSM 'gdet_state_fsm[2:0]' is: onehot.
I: Encoding table of FSM 'gdet_state_fsm[2:0]':
I: from  I_ips_ddr_top/u_ddrphy_top/ddrphy_slice_top/i_dqs_group[0].ddrphy_data_slice/ddrphy_dqs_rddata_align/gdet_state[2] I_ips_ddr_top/u_ddrphy_top/ddrphy_slice_top/i_dqs_group[0].ddrphy_data_slice/ddrphy_dqs_rddata_align/gdet_state[1] I_ips_ddr_top/u_ddrphy_top/ddrphy_slice_top/i_dqs_group[0].ddrphy_data_slice/ddrphy_dqs_rddata_align/gdet_state[0]
I: to  I_ips_ddr_top/u_ddrphy_top/ddrphy_slice_top/i_dqs_group[0].ddrphy_data_slice/ddrphy_dqs_rddata_align/gdet_state_reg[4] I_ips_ddr_top/u_ddrphy_top/ddrphy_slice_top/i_dqs_group[0].ddrphy_data_slice/ddrphy_dqs_rddata_align/gdet_state_reg[3] I_ips_ddr_top/u_ddrphy_top/ddrphy_slice_top/i_dqs_group[0].ddrphy_data_slice/ddrphy_dqs_rddata_align/gdet_state_reg[2] I_ips_ddr_top/u_ddrphy_top/ddrphy_slice_top/i_dqs_group[0].ddrphy_data_slice/ddrphy_dqs_rddata_align/gdet_state_reg[1] I_ips_ddr_top/u_ddrphy_top/ddrphy_slice_top/i_dqs_group[0].ddrphy_data_slice/ddrphy_dqs_rddata_align/gdet_state_reg[0]
I: 000 => 00001
I: 001 => 00010
I: 010 => 00100
I: 011 => 01000
I: 100 => 10000
I: Encoding type of FSM 'rdchk_state1_fsm[3:0]' is: onehot.
I: Encoding table of FSM 'rdchk_state1_fsm[3:0]':
I: from  I_ips_ddr_top/u_ddrphy_top/ddrphy_slice_top/i_dqs_group[0].ddrphy_data_slice/ddrphy_dqs_rddata_align/rdchk_state1[3] I_ips_ddr_top/u_ddrphy_top/ddrphy_slice_top/i_dqs_group[0].ddrphy_data_slice/ddrphy_dqs_rddata_align/rdchk_state1[2] I_ips_ddr_top/u_ddrphy_top/ddrphy_slice_top/i_dqs_group[0].ddrphy_data_slice/ddrphy_dqs_rddata_align/rdchk_state1[1] I_ips_ddr_top/u_ddrphy_top/ddrphy_slice_top/i_dqs_group[0].ddrphy_data_slice/ddrphy_dqs_rddata_align/rdchk_state1[0]
I: to  I_ips_ddr_top/u_ddrphy_top/ddrphy_slice_top/i_dqs_group[0].ddrphy_data_slice/ddrphy_dqs_rddata_align/rdchk_state1_reg[6] I_ips_ddr_top/u_ddrphy_top/ddrphy_slice_top/i_dqs_group[0].ddrphy_data_slice/ddrphy_dqs_rddata_align/rdchk_state1_reg[5] I_ips_ddr_top/u_ddrphy_top/ddrphy_slice_top/i_dqs_group[0].ddrphy_data_slice/ddrphy_dqs_rddata_align/rdchk_state1_reg[4] I_ips_ddr_top/u_ddrphy_top/ddrphy_slice_top/i_dqs_group[0].ddrphy_data_slice/ddrphy_dqs_rddata_align/rdchk_state1_reg[3] I_ips_ddr_top/u_ddrphy_top/ddrphy_slice_top/i_dqs_group[0].ddrphy_data_slice/ddrphy_dqs_rddata_align/rdchk_state1_reg[2] I_ips_ddr_top/u_ddrphy_top/ddrphy_slice_top/i_dqs_group[0].ddrphy_data_slice/ddrphy_dqs_rddata_align/rdchk_state1_reg[1] I_ips_ddr_top/u_ddrphy_top/ddrphy_slice_top/i_dqs_group[0].ddrphy_data_slice/ddrphy_dqs_rddata_align/rdchk_state1_reg[0]
I: 0000 => 0000001
I: 0001 => 0000010
I: 0010 => 0000100
I: 0011 => 0001000
I: 0100 => 0010000
I: 0101 => 0100000
I: 0110 => 1000000
I: Encoding type of FSM 'rdchk_state0_fsm[3:0]' is: onehot.
I: Encoding table of FSM 'rdchk_state0_fsm[3:0]':
I: from  I_ips_ddr_top/u_ddrphy_top/ddrphy_slice_top/i_dqs_group[0].ddrphy_data_slice/ddrphy_dqs_rddata_align/rdchk_state0[3] I_ips_ddr_top/u_ddrphy_top/ddrphy_slice_top/i_dqs_group[0].ddrphy_data_slice/ddrphy_dqs_rddata_align/rdchk_state0[2] I_ips_ddr_top/u_ddrphy_top/ddrphy_slice_top/i_dqs_group[0].ddrphy_data_slice/ddrphy_dqs_rddata_align/rdchk_state0[1] I_ips_ddr_top/u_ddrphy_top/ddrphy_slice_top/i_dqs_group[0].ddrphy_data_slice/ddrphy_dqs_rddata_align/rdchk_state0[0]
I: to  I_ips_ddr_top/u_ddrphy_top/ddrphy_slice_top/i_dqs_group[0].ddrphy_data_slice/ddrphy_dqs_rddata_align/rdchk_state0_reg[6] I_ips_ddr_top/u_ddrphy_top/ddrphy_slice_top/i_dqs_group[0].ddrphy_data_slice/ddrphy_dqs_rddata_align/rdchk_state0_reg[5] I_ips_ddr_top/u_ddrphy_top/ddrphy_slice_top/i_dqs_group[0].ddrphy_data_slice/ddrphy_dqs_rddata_align/rdchk_state0_reg[4] I_ips_ddr_top/u_ddrphy_top/ddrphy_slice_top/i_dqs_group[0].ddrphy_data_slice/ddrphy_dqs_rddata_align/rdchk_state0_reg[3] I_ips_ddr_top/u_ddrphy_top/ddrphy_slice_top/i_dqs_group[0].ddrphy_data_slice/ddrphy_dqs_rddata_align/rdchk_state0_reg[2] I_ips_ddr_top/u_ddrphy_top/ddrphy_slice_top/i_dqs_group[0].ddrphy_data_slice/ddrphy_dqs_rddata_align/rdchk_state0_reg[1] I_ips_ddr_top/u_ddrphy_top/ddrphy_slice_top/i_dqs_group[0].ddrphy_data_slice/ddrphy_dqs_rddata_align/rdchk_state0_reg[0]
I: 0000 => 0000001
I: 0001 => 0000010
I: 0010 => 0000100
I: 0011 => 0001000
I: 0100 => 0010000
I: 0101 => 0100000
I: 0110 => 1000000
I: Encoding type of FSM 'state_fsm[3:0]' is: onehot.
I: Encoding table of FSM 'state_fsm[3:0]':
I: from  I_ips_ddr_top/u_ddrphy_top/ddrphy_slice_top/i_dqs_group[0].ddrphy_data_slice/ddrphy_dqsi_rdel_cal/state[3] I_ips_ddr_top/u_ddrphy_top/ddrphy_slice_top/i_dqs_group[0].ddrphy_data_slice/ddrphy_dqsi_rdel_cal/state[2] I_ips_ddr_top/u_ddrphy_top/ddrphy_slice_top/i_dqs_group[0].ddrphy_data_slice/ddrphy_dqsi_rdel_cal/state[1] I_ips_ddr_top/u_ddrphy_top/ddrphy_slice_top/i_dqs_group[0].ddrphy_data_slice/ddrphy_dqsi_rdel_cal/state[0]
I: to  I_ips_ddr_top/u_ddrphy_top/ddrphy_slice_top/i_dqs_group[0].ddrphy_data_slice/ddrphy_dqsi_rdel_cal/state_reg[11] I_ips_ddr_top/u_ddrphy_top/ddrphy_slice_top/i_dqs_group[0].ddrphy_data_slice/ddrphy_dqsi_rdel_cal/state_reg[10] I_ips_ddr_top/u_ddrphy_top/ddrphy_slice_top/i_dqs_group[0].ddrphy_data_slice/ddrphy_dqsi_rdel_cal/state_reg[9] I_ips_ddr_top/u_ddrphy_top/ddrphy_slice_top/i_dqs_group[0].ddrphy_data_slice/ddrphy_dqsi_rdel_cal/state_reg[8] I_ips_ddr_top/u_ddrphy_top/ddrphy_slice_top/i_dqs_group[0].ddrphy_data_slice/ddrphy_dqsi_rdel_cal/state_reg[7] I_ips_ddr_top/u_ddrphy_top/ddrphy_slice_top/i_dqs_group[0].ddrphy_data_slice/ddrphy_dqsi_rdel_cal/state_reg[6] I_ips_ddr_top/u_ddrphy_top/ddrphy_slice_top/i_dqs_group[0].ddrphy_data_slice/ddrphy_dqsi_rdel_cal/state_reg[5] I_ips_ddr_top/u_ddrphy_top/ddrphy_slice_top/i_dqs_group[0].ddrphy_data_slice/ddrphy_dqsi_rdel_cal/state_reg[4] I_ips_ddr_top/u_ddrphy_top/ddrphy_slice_top/i_dqs_group[0].ddrphy_data_slice/ddrphy_dqsi_rdel_cal/state_reg[3] I_ips_ddr_top/u_ddrphy_top/ddrphy_slice_top/i_dqs_group[0].ddrphy_data_slice/ddrphy_dqsi_rdel_cal/state_reg[2] I_ips_ddr_top/u_ddrphy_top/ddrphy_slice_top/i_dqs_group[0].ddrphy_data_slice/ddrphy_dqsi_rdel_cal/state_reg[1] I_ips_ddr_top/u_ddrphy_top/ddrphy_slice_top/i_dqs_group[0].ddrphy_data_slice/ddrphy_dqsi_rdel_cal/state_reg[0]
I: 0000 => 000000000001
I: 0001 => 000000000010
I: 0010 => 000000000100
I: 0011 => 000000001000
I: 0100 => 000000010000
I: 0101 => 000000100000
I: 0110 => 000001000000
I: 0111 => 000010000000
I: 1000 => 000100000000
I: 1001 => 001000000000
I: 1010 => 010000000000
I: 1011 => 100000000000
I: Encoding type of FSM 'gate_state_fsm[2:0]' is: onehot.
I: Encoding table of FSM 'gate_state_fsm[2:0]':
I: from  I_ips_ddr_top/u_ddrphy_top/ddrphy_slice_top/i_dqs_group[1].ddrphy_data_slice/ddrphy_data_slice_dqs_gate_cal/ddrphy_gatecal/gate_state[2] I_ips_ddr_top/u_ddrphy_top/ddrphy_slice_top/i_dqs_group[1].ddrphy_data_slice/ddrphy_data_slice_dqs_gate_cal/ddrphy_gatecal/gate_state[1] I_ips_ddr_top/u_ddrphy_top/ddrphy_slice_top/i_dqs_group[1].ddrphy_data_slice/ddrphy_data_slice_dqs_gate_cal/ddrphy_gatecal/gate_state[0]
I: to  I_ips_ddr_top/u_ddrphy_top/ddrphy_slice_top/i_dqs_group[1].ddrphy_data_slice/ddrphy_data_slice_dqs_gate_cal/ddrphy_gatecal/gate_state_reg[5] I_ips_ddr_top/u_ddrphy_top/ddrphy_slice_top/i_dqs_group[1].ddrphy_data_slice/ddrphy_data_slice_dqs_gate_cal/ddrphy_gatecal/gate_state_reg[4] I_ips_ddr_top/u_ddrphy_top/ddrphy_slice_top/i_dqs_group[1].ddrphy_data_slice/ddrphy_data_slice_dqs_gate_cal/ddrphy_gatecal/gate_state_reg[3] I_ips_ddr_top/u_ddrphy_top/ddrphy_slice_top/i_dqs_group[1].ddrphy_data_slice/ddrphy_data_slice_dqs_gate_cal/ddrphy_gatecal/gate_state_reg[2] I_ips_ddr_top/u_ddrphy_top/ddrphy_slice_top/i_dqs_group[1].ddrphy_data_slice/ddrphy_data_slice_dqs_gate_cal/ddrphy_gatecal/gate_state_reg[1] I_ips_ddr_top/u_ddrphy_top/ddrphy_slice_top/i_dqs_group[1].ddrphy_data_slice/ddrphy_data_slice_dqs_gate_cal/ddrphy_gatecal/gate_state_reg[0]
I: 000 => 000001
I: 001 => 000010
I: 010 => 000100
I: 011 => 001000
I: 100 => 010000
I: 101 => 100000
I: Encoding type of FSM 'state_fsm[3:0]' is: onehot.
I: Encoding table of FSM 'state_fsm[3:0]':
I: from  I_ips_ddr_top/u_ddrphy_top/ddrphy_slice_top/i_dqs_group[1].ddrphy_data_slice/ddrphy_data_slice_wrcal/state[3] I_ips_ddr_top/u_ddrphy_top/ddrphy_slice_top/i_dqs_group[1].ddrphy_data_slice/ddrphy_data_slice_wrcal/state[2] I_ips_ddr_top/u_ddrphy_top/ddrphy_slice_top/i_dqs_group[1].ddrphy_data_slice/ddrphy_data_slice_wrcal/state[1] I_ips_ddr_top/u_ddrphy_top/ddrphy_slice_top/i_dqs_group[1].ddrphy_data_slice/ddrphy_data_slice_wrcal/state[0]
I: to  I_ips_ddr_top/u_ddrphy_top/ddrphy_slice_top/i_dqs_group[1].ddrphy_data_slice/ddrphy_data_slice_wrcal/state_reg[13] I_ips_ddr_top/u_ddrphy_top/ddrphy_slice_top/i_dqs_group[1].ddrphy_data_slice/ddrphy_data_slice_wrcal/state_reg[12] I_ips_ddr_top/u_ddrphy_top/ddrphy_slice_top/i_dqs_group[1].ddrphy_data_slice/ddrphy_data_slice_wrcal/state_reg[11] I_ips_ddr_top/u_ddrphy_top/ddrphy_slice_top/i_dqs_group[1].ddrphy_data_slice/ddrphy_data_slice_wrcal/state_reg[10] I_ips_ddr_top/u_ddrphy_top/ddrphy_slice_top/i_dqs_group[1].ddrphy_data_slice/ddrphy_data_slice_wrcal/state_reg[9] I_ips_ddr_top/u_ddrphy_top/ddrphy_slice_top/i_dqs_group[1].ddrphy_data_slice/ddrphy_data_slice_wrcal/state_reg[8] I_ips_ddr_top/u_ddrphy_top/ddrphy_slice_top/i_dqs_group[1].ddrphy_data_slice/ddrphy_data_slice_wrcal/state_reg[7] I_ips_ddr_top/u_ddrphy_top/ddrphy_slice_top/i_dqs_group[1].ddrphy_data_slice/ddrphy_data_slice_wrcal/state_reg[6] I_ips_ddr_top/u_ddrphy_top/ddrphy_slice_top/i_dqs_group[1].ddrphy_data_slice/ddrphy_data_slice_wrcal/state_reg[5] I_ips_ddr_top/u_ddrphy_top/ddrphy_slice_top/i_dqs_group[1].ddrphy_data_slice/ddrphy_data_slice_wrcal/state_reg[4] I_ips_ddr_top/u_ddrphy_top/ddrphy_slice_top/i_dqs_group[1].ddrphy_data_slice/ddrphy_data_slice_wrcal/state_reg[3] I_ips_ddr_top/u_ddrphy_top/ddrphy_slice_top/i_dqs_group[1].ddrphy_data_slice/ddrphy_data_slice_wrcal/state_reg[2] I_ips_ddr_top/u_ddrphy_top/ddrphy_slice_top/i_dqs_group[1].ddrphy_data_slice/ddrphy_data_slice_wrcal/state_reg[1] I_ips_ddr_top/u_ddrphy_top/ddrphy_slice_top/i_dqs_group[1].ddrphy_data_slice/ddrphy_data_slice_wrcal/state_reg[0]
I: 0000 => 00000000000001
I: 0001 => 00000000000010
I: 0010 => 00000000000100
I: 0011 => 00000000001000
I: 0100 => 00000000010000
I: 0101 => 00000000100000
I: 0110 => 00000001000000
I: 0111 => 00000010000000
I: 1000 => 00000100000000
I: 1001 => 00001000000000
I: 1010 => 00010000000000
I: 1011 => 00100000000000
I: 1100 => 01000000000000
I: 1101 => 10000000000000
I: Encoding type of FSM 'wl_state_fsm[2:0]' is: onehot.
I: Encoding table of FSM 'wl_state_fsm[2:0]':
I: from  I_ips_ddr_top/u_ddrphy_top/ddrphy_slice_top/i_dqs_group[1].ddrphy_data_slice/ddrphy_data_slice_wrlvl/wl_state[2] I_ips_ddr_top/u_ddrphy_top/ddrphy_slice_top/i_dqs_group[1].ddrphy_data_slice/ddrphy_data_slice_wrlvl/wl_state[1] I_ips_ddr_top/u_ddrphy_top/ddrphy_slice_top/i_dqs_group[1].ddrphy_data_slice/ddrphy_data_slice_wrlvl/wl_state[0]
I: to  I_ips_ddr_top/u_ddrphy_top/ddrphy_slice_top/i_dqs_group[1].ddrphy_data_slice/ddrphy_data_slice_wrlvl/wl_state_reg[6] I_ips_ddr_top/u_ddrphy_top/ddrphy_slice_top/i_dqs_group[1].ddrphy_data_slice/ddrphy_data_slice_wrlvl/wl_state_reg[5] I_ips_ddr_top/u_ddrphy_top/ddrphy_slice_top/i_dqs_group[1].ddrphy_data_slice/ddrphy_data_slice_wrlvl/wl_state_reg[4] I_ips_ddr_top/u_ddrphy_top/ddrphy_slice_top/i_dqs_group[1].ddrphy_data_slice/ddrphy_data_slice_wrlvl/wl_state_reg[3] I_ips_ddr_top/u_ddrphy_top/ddrphy_slice_top/i_dqs_group[1].ddrphy_data_slice/ddrphy_data_slice_wrlvl/wl_state_reg[2] I_ips_ddr_top/u_ddrphy_top/ddrphy_slice_top/i_dqs_group[1].ddrphy_data_slice/ddrphy_data_slice_wrlvl/wl_state_reg[1] I_ips_ddr_top/u_ddrphy_top/ddrphy_slice_top/i_dqs_group[1].ddrphy_data_slice/ddrphy_data_slice_wrlvl/wl_state_reg[0]
I: 000 => 0000001
I: 001 => 0000010
I: 010 => 0000100
I: 011 => 0001000
I: 100 => 0010000
I: 101 => 0100000
I: 110 => 1000000
I: Encoding type of FSM 'gdet_state_fsm[2:0]' is: onehot.
I: Encoding table of FSM 'gdet_state_fsm[2:0]':
I: from  I_ips_ddr_top/u_ddrphy_top/ddrphy_slice_top/i_dqs_group[1].ddrphy_data_slice/ddrphy_dqs_rddata_align/gdet_state[2] I_ips_ddr_top/u_ddrphy_top/ddrphy_slice_top/i_dqs_group[1].ddrphy_data_slice/ddrphy_dqs_rddata_align/gdet_state[1] I_ips_ddr_top/u_ddrphy_top/ddrphy_slice_top/i_dqs_group[1].ddrphy_data_slice/ddrphy_dqs_rddata_align/gdet_state[0]
I: to  I_ips_ddr_top/u_ddrphy_top/ddrphy_slice_top/i_dqs_group[1].ddrphy_data_slice/ddrphy_dqs_rddata_align/gdet_state_reg[4] I_ips_ddr_top/u_ddrphy_top/ddrphy_slice_top/i_dqs_group[1].ddrphy_data_slice/ddrphy_dqs_rddata_align/gdet_state_reg[3] I_ips_ddr_top/u_ddrphy_top/ddrphy_slice_top/i_dqs_group[1].ddrphy_data_slice/ddrphy_dqs_rddata_align/gdet_state_reg[2] I_ips_ddr_top/u_ddrphy_top/ddrphy_slice_top/i_dqs_group[1].ddrphy_data_slice/ddrphy_dqs_rddata_align/gdet_state_reg[1] I_ips_ddr_top/u_ddrphy_top/ddrphy_slice_top/i_dqs_group[1].ddrphy_data_slice/ddrphy_dqs_rddata_align/gdet_state_reg[0]
I: 000 => 00001
I: 001 => 00010
I: 010 => 00100
I: 011 => 01000
I: 100 => 10000
I: Encoding type of FSM 'rdchk_state1_fsm[3:0]' is: onehot.
I: Encoding table of FSM 'rdchk_state1_fsm[3:0]':
I: from  I_ips_ddr_top/u_ddrphy_top/ddrphy_slice_top/i_dqs_group[1].ddrphy_data_slice/ddrphy_dqs_rddata_align/rdchk_state1[3] I_ips_ddr_top/u_ddrphy_top/ddrphy_slice_top/i_dqs_group[1].ddrphy_data_slice/ddrphy_dqs_rddata_align/rdchk_state1[2] I_ips_ddr_top/u_ddrphy_top/ddrphy_slice_top/i_dqs_group[1].ddrphy_data_slice/ddrphy_dqs_rddata_align/rdchk_state1[1] I_ips_ddr_top/u_ddrphy_top/ddrphy_slice_top/i_dqs_group[1].ddrphy_data_slice/ddrphy_dqs_rddata_align/rdchk_state1[0]
I: to  I_ips_ddr_top/u_ddrphy_top/ddrphy_slice_top/i_dqs_group[1].ddrphy_data_slice/ddrphy_dqs_rddata_align/rdchk_state1_reg[6] I_ips_ddr_top/u_ddrphy_top/ddrphy_slice_top/i_dqs_group[1].ddrphy_data_slice/ddrphy_dqs_rddata_align/rdchk_state1_reg[5] I_ips_ddr_top/u_ddrphy_top/ddrphy_slice_top/i_dqs_group[1].ddrphy_data_slice/ddrphy_dqs_rddata_align/rdchk_state1_reg[4] I_ips_ddr_top/u_ddrphy_top/ddrphy_slice_top/i_dqs_group[1].ddrphy_data_slice/ddrphy_dqs_rddata_align/rdchk_state1_reg[3] I_ips_ddr_top/u_ddrphy_top/ddrphy_slice_top/i_dqs_group[1].ddrphy_data_slice/ddrphy_dqs_rddata_align/rdchk_state1_reg[2] I_ips_ddr_top/u_ddrphy_top/ddrphy_slice_top/i_dqs_group[1].ddrphy_data_slice/ddrphy_dqs_rddata_align/rdchk_state1_reg[1] I_ips_ddr_top/u_ddrphy_top/ddrphy_slice_top/i_dqs_group[1].ddrphy_data_slice/ddrphy_dqs_rddata_align/rdchk_state1_reg[0]
I: 0000 => 0000001
I: 0001 => 0000010
I: 0010 => 0000100
I: 0011 => 0001000
I: 0100 => 0010000
I: 0101 => 0100000
I: 0110 => 1000000
I: Encoding type of FSM 'rdchk_state0_fsm[3:0]' is: onehot.
I: Encoding table of FSM 'rdchk_state0_fsm[3:0]':
I: from  I_ips_ddr_top/u_ddrphy_top/ddrphy_slice_top/i_dqs_group[1].ddrphy_data_slice/ddrphy_dqs_rddata_align/rdchk_state0[3] I_ips_ddr_top/u_ddrphy_top/ddrphy_slice_top/i_dqs_group[1].ddrphy_data_slice/ddrphy_dqs_rddata_align/rdchk_state0[2] I_ips_ddr_top/u_ddrphy_top/ddrphy_slice_top/i_dqs_group[1].ddrphy_data_slice/ddrphy_dqs_rddata_align/rdchk_state0[1] I_ips_ddr_top/u_ddrphy_top/ddrphy_slice_top/i_dqs_group[1].ddrphy_data_slice/ddrphy_dqs_rddata_align/rdchk_state0[0]
I: to  I_ips_ddr_top/u_ddrphy_top/ddrphy_slice_top/i_dqs_group[1].ddrphy_data_slice/ddrphy_dqs_rddata_align/rdchk_state0_reg[6] I_ips_ddr_top/u_ddrphy_top/ddrphy_slice_top/i_dqs_group[1].ddrphy_data_slice/ddrphy_dqs_rddata_align/rdchk_state0_reg[5] I_ips_ddr_top/u_ddrphy_top/ddrphy_slice_top/i_dqs_group[1].ddrphy_data_slice/ddrphy_dqs_rddata_align/rdchk_state0_reg[4] I_ips_ddr_top/u_ddrphy_top/ddrphy_slice_top/i_dqs_group[1].ddrphy_data_slice/ddrphy_dqs_rddata_align/rdchk_state0_reg[3] I_ips_ddr_top/u_ddrphy_top/ddrphy_slice_top/i_dqs_group[1].ddrphy_data_slice/ddrphy_dqs_rddata_align/rdchk_state0_reg[2] I_ips_ddr_top/u_ddrphy_top/ddrphy_slice_top/i_dqs_group[1].ddrphy_data_slice/ddrphy_dqs_rddata_align/rdchk_state0_reg[1] I_ips_ddr_top/u_ddrphy_top/ddrphy_slice_top/i_dqs_group[1].ddrphy_data_slice/ddrphy_dqs_rddata_align/rdchk_state0_reg[0]
I: 0000 => 0000001
I: 0001 => 0000010
I: 0010 => 0000100
I: 0011 => 0001000
I: 0100 => 0010000
I: 0101 => 0100000
I: 0110 => 1000000
I: Encoding type of FSM 'state_fsm[3:0]' is: onehot.
I: Encoding table of FSM 'state_fsm[3:0]':
I: from  I_ips_ddr_top/u_ddrphy_top/ddrphy_slice_top/i_dqs_group[1].ddrphy_data_slice/ddrphy_dqsi_rdel_cal/state[3] I_ips_ddr_top/u_ddrphy_top/ddrphy_slice_top/i_dqs_group[1].ddrphy_data_slice/ddrphy_dqsi_rdel_cal/state[2] I_ips_ddr_top/u_ddrphy_top/ddrphy_slice_top/i_dqs_group[1].ddrphy_data_slice/ddrphy_dqsi_rdel_cal/state[1] I_ips_ddr_top/u_ddrphy_top/ddrphy_slice_top/i_dqs_group[1].ddrphy_data_slice/ddrphy_dqsi_rdel_cal/state[0]
I: to  I_ips_ddr_top/u_ddrphy_top/ddrphy_slice_top/i_dqs_group[1].ddrphy_data_slice/ddrphy_dqsi_rdel_cal/state_reg[11] I_ips_ddr_top/u_ddrphy_top/ddrphy_slice_top/i_dqs_group[1].ddrphy_data_slice/ddrphy_dqsi_rdel_cal/state_reg[10] I_ips_ddr_top/u_ddrphy_top/ddrphy_slice_top/i_dqs_group[1].ddrphy_data_slice/ddrphy_dqsi_rdel_cal/state_reg[9] I_ips_ddr_top/u_ddrphy_top/ddrphy_slice_top/i_dqs_group[1].ddrphy_data_slice/ddrphy_dqsi_rdel_cal/state_reg[8] I_ips_ddr_top/u_ddrphy_top/ddrphy_slice_top/i_dqs_group[1].ddrphy_data_slice/ddrphy_dqsi_rdel_cal/state_reg[7] I_ips_ddr_top/u_ddrphy_top/ddrphy_slice_top/i_dqs_group[1].ddrphy_data_slice/ddrphy_dqsi_rdel_cal/state_reg[6] I_ips_ddr_top/u_ddrphy_top/ddrphy_slice_top/i_dqs_group[1].ddrphy_data_slice/ddrphy_dqsi_rdel_cal/state_reg[5] I_ips_ddr_top/u_ddrphy_top/ddrphy_slice_top/i_dqs_group[1].ddrphy_data_slice/ddrphy_dqsi_rdel_cal/state_reg[4] I_ips_ddr_top/u_ddrphy_top/ddrphy_slice_top/i_dqs_group[1].ddrphy_data_slice/ddrphy_dqsi_rdel_cal/state_reg[3] I_ips_ddr_top/u_ddrphy_top/ddrphy_slice_top/i_dqs_group[1].ddrphy_data_slice/ddrphy_dqsi_rdel_cal/state_reg[2] I_ips_ddr_top/u_ddrphy_top/ddrphy_slice_top/i_dqs_group[1].ddrphy_data_slice/ddrphy_dqsi_rdel_cal/state_reg[1] I_ips_ddr_top/u_ddrphy_top/ddrphy_slice_top/i_dqs_group[1].ddrphy_data_slice/ddrphy_dqsi_rdel_cal/state_reg[0]
I: 0000 => 000000000001
I: 0001 => 000000000010
I: 0010 => 000000000100
I: 0011 => 000000001000
I: 0100 => 000000010000
I: 0101 => 000000100000
I: 0110 => 000001000000
I: 0111 => 000010000000
I: 1000 => 000100000000
I: 1001 => 001000000000
I: 1010 => 010000000000
I: 1011 => 100000000000
I: Encoding type of FSM 'cpd_state_fsm[2:0]' is: onehot.
I: Encoding table of FSM 'cpd_state_fsm[2:0]':
I: from  I_ips_ddr_top/u_ddrphy_top/u_ips2l_ddrphy_rst_clk_phase_adj/cpd_state[2] I_ips_ddr_top/u_ddrphy_top/u_ips2l_ddrphy_rst_clk_phase_adj/cpd_state[1] I_ips_ddr_top/u_ddrphy_top/u_ips2l_ddrphy_rst_clk_phase_adj/cpd_state[0]
I: to  I_ips_ddr_top/u_ddrphy_top/u_ips2l_ddrphy_rst_clk_phase_adj/cpd_state_reg[4] I_ips_ddr_top/u_ddrphy_top/u_ips2l_ddrphy_rst_clk_phase_adj/cpd_state_reg[3] I_ips_ddr_top/u_ddrphy_top/u_ips2l_ddrphy_rst_clk_phase_adj/cpd_state_reg[2] I_ips_ddr_top/u_ddrphy_top/u_ips2l_ddrphy_rst_clk_phase_adj/cpd_state_reg[1] I_ips_ddr_top/u_ddrphy_top/u_ips2l_ddrphy_rst_clk_phase_adj/cpd_state_reg[0]
I: 000 => 00001
I: 001 => 00010
I: 010 => 00100
I: 011 => 01000
I: 100 => 10000
I: Encoding type of FSM 'cstate_fsm[5:0]' is: onehot.
I: Encoding table of FSM 'cstate_fsm[5:0]':
I: from  I_ips_ddr_top/u_ips_ddrc_top/mcdq_cfg_apb/cstate[5] I_ips_ddr_top/u_ips_ddrc_top/mcdq_cfg_apb/cstate[4] I_ips_ddr_top/u_ips_ddrc_top/mcdq_cfg_apb/cstate[3] I_ips_ddr_top/u_ips_ddrc_top/mcdq_cfg_apb/cstate[2] I_ips_ddr_top/u_ips_ddrc_top/mcdq_cfg_apb/cstate[1] I_ips_ddr_top/u_ips_ddrc_top/mcdq_cfg_apb/cstate[0]
I: to  I_ips_ddr_top/u_ips_ddrc_top/mcdq_cfg_apb/cstate_reg[5] I_ips_ddr_top/u_ips_ddrc_top/mcdq_cfg_apb/cstate_reg[4] I_ips_ddr_top/u_ips_ddrc_top/mcdq_cfg_apb/cstate_reg[3] I_ips_ddr_top/u_ips_ddrc_top/mcdq_cfg_apb/cstate_reg[2] I_ips_ddr_top/u_ips_ddrc_top/mcdq_cfg_apb/cstate_reg[1] I_ips_ddr_top/u_ips_ddrc_top/mcdq_cfg_apb/cstate_reg[0]
I: 000001 => 000001
I: 000010 => 000010
I: 000100 => 000100
I: 001000 => 001000
I: 010000 => 010000
I: 100000 => 100000
I: Encoding type of FSM 'mode_state_fsm[1:0]' is: onehot.
I: Encoding table of FSM 'mode_state_fsm[1:0]':
I: from  I_ips_ddr_top/u_ips_ddrc_top/mcdq_cfg_apb/mode_state[1] I_ips_ddr_top/u_ips_ddrc_top/mcdq_cfg_apb/mode_state[0]
I: to  I_ips_ddr_top/u_ips_ddrc_top/mcdq_cfg_apb/mode_state_reg[3] I_ips_ddr_top/u_ips_ddrc_top/mcdq_cfg_apb/mode_state_reg[2] I_ips_ddr_top/u_ips_ddrc_top/mcdq_cfg_apb/mode_state_reg[1] I_ips_ddr_top/u_ips_ddrc_top/mcdq_cfg_apb/mode_state_reg[0]
I: 00 => 0001
I: 01 => 0010
I: 10 => 0100
I: 11 => 1000
I: Encoding type of FSM 'dcp2dfi_odt_fsm[1:0]' is: onehot.
I: Encoding table of FSM 'dcp2dfi_odt_fsm[1:0]':
I: from  I_ips_ddr_top/u_ips_ddrc_top/mcdq_dfi/dcp2dfi_odt[1] I_ips_ddr_top/u_ips_ddrc_top/mcdq_dfi/dcp2dfi_odt[0]
I: to  I_ips_ddr_top/u_ips_ddrc_top/mcdq_dfi/dcp2dfi_odt_reg[1] I_ips_ddr_top/u_ips_ddrc_top/mcdq_dfi/dcp2dfi_odt_reg[0]
I: 00 => 01
I: 11 => 10
I: Encoding type of FSM 'dcp2dfi_odt_fsm[3:2]' is: onehot.
I: Encoding table of FSM 'dcp2dfi_odt_fsm[3:2]':
I: from  I_ips_ddr_top/u_ips_ddrc_top/mcdq_dfi/dcp2dfi_odt[3] I_ips_ddr_top/u_ips_ddrc_top/mcdq_dfi/dcp2dfi_odt[2]
I: to  I_ips_ddr_top/u_ips_ddrc_top/mcdq_dfi/dcp2dfi_odt_reg[1] I_ips_ddr_top/u_ips_ddrc_top/mcdq_dfi/dcp2dfi_odt_reg[0]
I: 00 => 01
I: 11 => 10
I: Encoding type of FSM 'state_fsm[9:0]' is: onehot.
I: Encoding table of FSM 'state_fsm[9:0]':
I: from  I_ips_ddr_top/u_ips_ddrc_top/mcdq_lp/state[9] I_ips_ddr_top/u_ips_ddrc_top/mcdq_lp/state[8] I_ips_ddr_top/u_ips_ddrc_top/mcdq_lp/state[7] I_ips_ddr_top/u_ips_ddrc_top/mcdq_lp/state[6] I_ips_ddr_top/u_ips_ddrc_top/mcdq_lp/state[5] I_ips_ddr_top/u_ips_ddrc_top/mcdq_lp/state[4] I_ips_ddr_top/u_ips_ddrc_top/mcdq_lp/state[3] I_ips_ddr_top/u_ips_ddrc_top/mcdq_lp/state[2] I_ips_ddr_top/u_ips_ddrc_top/mcdq_lp/state[1] I_ips_ddr_top/u_ips_ddrc_top/mcdq_lp/state[0]
I: to  I_ips_ddr_top/u_ips_ddrc_top/mcdq_lp/state_reg[9] I_ips_ddr_top/u_ips_ddrc_top/mcdq_lp/state_reg[8] I_ips_ddr_top/u_ips_ddrc_top/mcdq_lp/state_reg[7] I_ips_ddr_top/u_ips_ddrc_top/mcdq_lp/state_reg[6] I_ips_ddr_top/u_ips_ddrc_top/mcdq_lp/state_reg[5] I_ips_ddr_top/u_ips_ddrc_top/mcdq_lp/state_reg[4] I_ips_ddr_top/u_ips_ddrc_top/mcdq_lp/state_reg[3] I_ips_ddr_top/u_ips_ddrc_top/mcdq_lp/state_reg[2] I_ips_ddr_top/u_ips_ddrc_top/mcdq_lp/state_reg[1] I_ips_ddr_top/u_ips_ddrc_top/mcdq_lp/state_reg[0]
I: 0000000001 => 0000000001
I: 0000000010 => 0000000010
I: 0000000100 => 0000000100
I: 0000001000 => 0000001000
I: 0000010000 => 0000010000
I: 0000100000 => 0000100000
I: 0001000000 => 0001000000
I: 0010000000 => 0010000000
I: 0100000000 => 0100000000
I: 1000000000 => 1000000000
I: Encoding type of FSM 'state_fsm[6:0]' is: onehot.
I: Encoding table of FSM 'state_fsm[6:0]':
I: from  I_ips_ddr_top/u_ips_ddrc_top/mcdq_mrs/state[6] I_ips_ddr_top/u_ips_ddrc_top/mcdq_mrs/state[5] I_ips_ddr_top/u_ips_ddrc_top/mcdq_mrs/state[4] I_ips_ddr_top/u_ips_ddrc_top/mcdq_mrs/state[3] I_ips_ddr_top/u_ips_ddrc_top/mcdq_mrs/state[2] I_ips_ddr_top/u_ips_ddrc_top/mcdq_mrs/state[1] I_ips_ddr_top/u_ips_ddrc_top/mcdq_mrs/state[0]
I: to  I_ips_ddr_top/u_ips_ddrc_top/mcdq_mrs/state_reg[6] I_ips_ddr_top/u_ips_ddrc_top/mcdq_mrs/state_reg[5] I_ips_ddr_top/u_ips_ddrc_top/mcdq_mrs/state_reg[4] I_ips_ddr_top/u_ips_ddrc_top/mcdq_mrs/state_reg[3] I_ips_ddr_top/u_ips_ddrc_top/mcdq_mrs/state_reg[2] I_ips_ddr_top/u_ips_ddrc_top/mcdq_mrs/state_reg[1] I_ips_ddr_top/u_ips_ddrc_top/mcdq_mrs/state_reg[0]
I: 0000001 => 0000001
I: 0000010 => 0000010
I: 0000100 => 0000100
I: 0001000 => 0001000
I: 0010000 => 0010000
I: 0100000 => 0100000
I: 1000000 => 1000000
I: Encoding type of FSM 'state_fsm[2:0]' is: onehot.
I: Encoding table of FSM 'state_fsm[2:0]':
I: from  I_ips_ddr_top/u_ips_ddrc_top/mcdq_dcd_top/mcdq_dcd_sm/state[2] I_ips_ddr_top/u_ips_ddrc_top/mcdq_dcd_top/mcdq_dcd_sm/state[1] I_ips_ddr_top/u_ips_ddrc_top/mcdq_dcd_top/mcdq_dcd_sm/state[0]
I: to  I_ips_ddr_top/u_ips_ddrc_top/mcdq_dcd_top/mcdq_dcd_sm/state_reg[6] I_ips_ddr_top/u_ips_ddrc_top/mcdq_dcd_top/mcdq_dcd_sm/state_reg[5] I_ips_ddr_top/u_ips_ddrc_top/mcdq_dcd_top/mcdq_dcd_sm/state_reg[4] I_ips_ddr_top/u_ips_ddrc_top/mcdq_dcd_top/mcdq_dcd_sm/state_reg[3] I_ips_ddr_top/u_ips_ddrc_top/mcdq_dcd_top/mcdq_dcd_sm/state_reg[2] I_ips_ddr_top/u_ips_ddrc_top/mcdq_dcd_top/mcdq_dcd_sm/state_reg[1] I_ips_ddr_top/u_ips_ddrc_top/mcdq_dcd_top/mcdq_dcd_sm/state_reg[0]
I: 000 => 0000001
I: 001 => 0000010
I: 010 => 0000100
I: 011 => 0001000
I: 100 => 0010000
I: 101 => 0100000
I: 110 => 1000000
W: Public-4008: Instance 'delay_cnt[23:0]' of 'bmsWIDEDFFRSE' unit is dangling and will be cleaned.
W: Removed bmsWIDEDFFRSE inst i2c_data[31:0] at 0 that is stuck at constant 0.
W: Removed bmsWIDEDFFRSE inst i2c_data[31:0] at 27 that is stuck at constant 1.
W: Removed bmsWIDEDFFRSE inst i2c_data[31:0] at 0 that is stuck at constant 0.
W: Removed bmsWIDEDFFRSE inst i2c_data[31:0] at 27 that is stuck at constant 1.
W: Removed bmsWIDEDFFRSE inst cmd_iic[23:0] at 0 that is stuck at constant 0.
W: Removed bmsWIDEDFFRSE inst addr[15:0] at 10 that is stuck at constant 0.
W: Removed bmsWIDEDFFRSE inst cmd_iic[23:0] at 0 that is stuck at constant 0.
W: Removed bmsWIDEDFFRSE inst addr[15:0] at 12 that is stuck at constant 0.
W: Removed bmsWIDEDFFCPE inst o_cpld_byte_cnt[11:0] at 10 that is stuck at constant 0.
W: Removed bmsWIDEDFFCPE inst o_mrd_addr[63:0] at 0 that is stuck at constant 0.
W: Removed bmsWIDEDFFCPE inst o_mwr_addr[63:0] at 0 that is stuck at constant 0.
W: Removed bmsWIDEDFFCPE inst o_trgt1_radm_pkt_halt[2:0] at 2 that is stuck at constant 0.
W: Removed bmsWIDEDFFCPE inst o_axis_slave1_tdata[127:0] at 10 that is stuck at constant 0.
W: Removed bmsWIDEDFFPATCE inst P_TDATA_X2.P_TDATA_0[45:0] at 8 that is stuck at constant 0.
W: Removed bmsWIDEDFFPATCE inst P_TDATA_X2.P_TDATA_0[45:0] at 19 that is stuck at constant 0.
W: Removed bmsWIDEDFFPATCE inst P_TDATA_X2.P_TDATA_0[45:0] at 20 that is stuck at constant 0.
W: Removed bmsWIDEDFFPATCE inst P_TDATA_X2.P_TDATA_0[45:0] at 30 that is stuck at constant 0.
W: Removed bmsWIDEDFFPATCE inst P_TDATA_X2.P_TDATA_0[45:0] at 31 that is stuck at constant 0.
W: Removed bmsWIDEDFFPATCE inst P_TDATA_X2.P_TDATA_0[45:0] at 41 that is stuck at constant 0.
W: Removed bmsWIDEDFFPATCE inst P_TDATA_X2.P_TDATA_0[45:0] at 42 that is stuck at constant 0.
W: Removed bmsWIDEDFFPATCE inst P_TDATA_X2.P_TDATA_1[45:0] at 8 that is stuck at constant 0.
W: Removed bmsWIDEDFFPATCE inst P_TDATA_X2.P_TDATA_1[45:0] at 19 that is stuck at constant 0.
W: Removed bmsWIDEDFFPATCE inst P_TDATA_X2.P_TDATA_1[45:0] at 20 that is stuck at constant 0.
W: Removed bmsWIDEDFFPATCE inst P_TDATA_X2.P_TDATA_1[45:0] at 30 that is stuck at constant 0.
W: Removed bmsWIDEDFFPATCE inst P_TDATA_X2.P_TDATA_1[45:0] at 31 that is stuck at constant 0.
W: Removed bmsWIDEDFFPATCE inst P_TDATA_X2.P_TDATA_1[45:0] at 41 that is stuck at constant 0.
W: Removed bmsWIDEDFFPATCE inst P_TDATA_X2.P_TDATA_1[45:0] at 42 that is stuck at constant 0.
W: Removed bmsWIDEDFFCPE inst lx_deemph[1:0] at 1 that is stuck at constant 0.
W: Removed bmsWIDEDFFCPE inst phy_mac_phystatus_misc[3:0] at 1 that is stuck at constant 0.
W: Removed bmsWIDEDFFCPE inst phy_mac_phystatus_pm[3:0] at 1 that is stuck at constant 0.
W: Removed bmsWIDEDFFPATCE inst P_LX_RX_CKDIV[1:0] at 1 that is stuck at constant 0.
W: Removed bmsWIDEDFFPATCE inst P_PMA_TX_RATE[2:0] at 2 that is stuck at constant 0.
W: Removed bmsWIDEDFFCPE inst dbi_addr[31:0] at 0 that is stuck at constant 0.
W: Removed bmsWIDEDFFCPE inst dbi_addr[31:0] at 1 that is stuck at constant 0.
W: Removed bmsWIDEDFFCPE inst dbi_din[31:0] at 0 that is stuck at constant 0.
W: Removed bmsWIDEDFFCPE inst genblk2.init_ba[2:0] at 2 that is stuck at constant 0.
W: Removed bmsWIDEDFFCPE inst rdcal_address[14:0] at 0 that is stuck at constant 0.
W: Removed bmsWIDEDFFCPE inst rdcal_ba[2:0] at 1 that is stuck at constant 0.
W: Removed bmsWIDEDFFCPE inst wrcal_address[14:0] at 0 that is stuck at constant 0.
W: Removed bmsWIDEDFFCPE inst wrlvl_address[14:0] at 13 that is stuck at constant 0.
W: Removed bmsWIDEDFFCPE inst wrlvl_ba[2:0] at 1 that is stuck at constant 0.
W: Removed bmsWIDEDFFCPE inst eyecal_address[14:0] at 0 that is stuck at constant 0.
W: Removed bmsWIDEDFFCPE inst phy_ck[3:0] at 1 that is stuck at constant 0.
W: Removed bmsWIDEDFFPATCE inst mr0[15:0] at 15 that is stuck at constant 0.
W: Removed bmsWIDEDFFPATCE inst mr1[15:0] at 15 that is stuck at constant 0.
W: Removed bmsWIDEDFFCPE inst mr2[15:0] at 15 that is stuck at constant 0.
W: Removed bmsWIDEDFFCPE inst mr3[15:0] at 15 that is stuck at constant 0.
W: Removed bmsWIDEDFFCPE inst dqs_gate_pulse_src_nxt_r[3:0] at 3 that is stuck at constant 0.
W: Removed bmsWIDEDFFCPE inst dqs_gate_pulse_src_nxt_r[3:0] at 3 that is stuck at constant 0.
W: Removed bmsWIDEDFFCPE inst norm_addr_m[14:0] at 10 that is stuck at constant 0.
W: Removed bmsWIDEDFFCPE inst norm_cmd_m[7:0] at 5 that is stuck at constant 0.
W: Removed bmsWIDEDFFCPE inst mux_dfi_cas_n[3:0] at 3 that is stuck at constant 1.
W: Removed bmsWIDEDFFCPE inst mux_dfi_cs_n[3:0] at 3 that is stuck at constant 1.
W: Removed bmsWIDEDFFCPE inst mux_dfi_ras_n[3:0] at 3 that is stuck at constant 1.
W: Removed bmsWIDEDFFCPE inst mux_dfi_we_n[3:0] at 3 that is stuck at constant 1.
W: Removed bmsWIDEDFFCPE inst lp_we_n[1:0] at 1 that is stuck at constant 1.
W: Removed bmsWIDEDFFCPE inst mrs_bank[2:0] at 2 that is stuck at constant 0.
Executing : pre-mapping successfully. Time elapsed: 1.555s wall, 1.469s user + 0.594s system = 2.062s CPU (132.6%)

Start mod-gen.
W: Public-4008: Instance 'u1/ack1' of 'bmsWIDEDFFRSE' unit is dangling and will be cleaned.
W: Public-4008: Instance 'u1/ack2' of 'bmsWIDEDFFRSE' unit is dangling and will be cleaned.
W: Public-4008: Instance 'u1/ack3' of 'bmsWIDEDFFRSE' unit is dangling and will be cleaned.
W: Public-4008: Instance 'u1/ack1' of 'bmsWIDEDFFRSE' unit is dangling and will be cleaned.
W: Public-4008: Instance 'u1/ack2' of 'bmsWIDEDFFRSE' unit is dangling and will be cleaned.
W: Public-4008: Instance 'u1/ack3' of 'bmsWIDEDFFRSE' unit is dangling and will be cleaned.
W: Public-4008: Instance 'U2_ms7210_ctl/w_r' of 'bmsWIDEDFFRSE' unit is dangling and will be cleaned.
W: Public-4008: Instance 'U2_ms7210_ctl/dri_cnt[4:0]' of 'bmsWIDEDFFRSE' unit is dangling and will be cleaned.
W: Public-4008: Instance 'U2_ms7210_ctl/iic_trig' of 'bmsWIDEDFFRSE' unit is dangling and will be cleaned.
W: Public-4008: Instance 'U2_ms7210_ctl/addr[15:0]' of 'bmsWIDEDFFRSE' unit is dangling and will be cleaned.
W: Public-4008: Instance 'U2_ms7210_ctl/busy_1d' of 'bmsWIDEDFFRSE' unit is dangling and will be cleaned.
W: Public-4008: Instance 'U2_ms7210_ctl/state_reg' of 'bmsWIDEDFFPATRE' unit is dangling and will be cleaned.
W: Public-4008: Instance 'U2_ms7210_ctl/cmd_index[5:0]' of 'bmsWIDEDFFRSE' unit is dangling and will be cleaned.
W: Public-4008: Instance 'U2_ms7210_ctl/data_in[7:0]' of 'bmsWIDEDFFRSE' unit is dangling and will be cleaned.
W: Public-4008: Instance 'U2_ms7210_ctl/delay_cnt[21:0]' of 'bmsWIDEDFFRSE' unit is dangling and will be cleaned.
W: Public-4008: Instance 'U2_ms7210_ctl/init_over' of 'bmsWIDEDFFRSE' unit is dangling and will be cleaned.
W: Public-4008: Instance 'u_R_FIFO_128i_128o/U_ipm2l_fifo_R_FIFO_128i_128o/U_ipm2l_fifo_ctrl/rd_water_level[10:0]' of 'bmsWIDEDFFCPE' unit is dangling and will be cleaned.
W: Public-4008: Instance 'u_W_FIFO_16i_128o/U_ipm2l_fifo_W_FIFO_16i_128o/U_ipm2l_fifo_ctrl/wr_water_level[13:0]' of 'bmsWIDEDFFCPE' unit is dangling and will be cleaned.
W: Public-4008: Instance 'u_cpld_wr_ctrl/ips2l_pcie_dma_cpld_wr_ctrl/o_wr_bar_hit[1:0]' of 'bmsWIDEDFFCPE' unit is dangling and will be cleaned.
W: Public-4008: Instance 'hsst_pciex4_rst/hsst_rx_rst_mcrsw/genblk1[0].hsst_rst4mcrsw_rx_init/cdr_align_multi_sw_deb/rise_cnt[11:0]' of 'bmsWIDEDFFCPE' unit is dangling and will be cleaned.
W: Public-4008: Instance 'hsst_pciex4_rst/hsst_rx_rst_mcrsw/genblk1[0].hsst_rst4mcrsw_rx_init/cdr_align_multi_sw_deb/signal_b_ff' of 'bmsWIDEDFFCPE' unit is dangling and will be cleaned.
W: Public-4008: Instance 'hsst_pciex4_rst/hsst_rx_rst_mcrsw/genblk1[0].hsst_rst4mcrsw_rx_init/cdr_align_multi_sw_deb/signal_b_neg' of 'bmsWIDEDFFCPE' unit is dangling and will be cleaned.
W: Public-4008: Instance 'hsst_pciex4_rst/hsst_rx_rst_mcrsw/genblk1[0].hsst_rst4mcrsw_rx_init/cdr_align_multi_sw_deb/signal_deb_pre' of 'bmsWIDEDFFCPE' unit is dangling and will be cleaned.
W: Public-4008: Instance 'hsst_pciex4_rst/hsst_rx_rst_mcrsw/genblk1[0].hsst_rst4mcrsw_rx_init/loss_signal_multi_sw_deb/signal_deb_pre' of 'bmsWIDEDFFCPE' unit is dangling and will be cleaned.
W: Public-4008: Instance 'hsst_pciex4_rst/hsst_rx_rst_mcrsw/genblk1[0].hsst_rst4mcrsw_rx_init/loss_signal_multi_sw_deb/rise_cnt[11:0]' of 'bmsWIDEDFFCPE' unit is dangling and will be cleaned.
W: Public-4008: Instance 'hsst_pciex4_rst/hsst_rx_rst_mcrsw/genblk1[0].hsst_rst4mcrsw_rx_init/loss_signal_multi_sw_deb/signal_b_ff' of 'bmsWIDEDFFCPE' unit is dangling and will be cleaned.
W: Public-4008: Instance 'hsst_pciex4_rst/hsst_rx_rst_mcrsw/genblk1[0].hsst_rst4mcrsw_rx_init/loss_signal_multi_sw_deb/signal_b_neg' of 'bmsWIDEDFFCPE' unit is dangling and will be cleaned.
W: Public-4008: Instance 'hsst_pciex4_rst/hsst_rx_rst_mcrsw/genblk1[1].hsst_rst4mcrsw_rx_init/cdr_align_multi_sw_deb/rise_cnt[11:0]' of 'bmsWIDEDFFCPE' unit is dangling and will be cleaned.
W: Public-4008: Instance 'hsst_pciex4_rst/hsst_rx_rst_mcrsw/genblk1[1].hsst_rst4mcrsw_rx_init/cdr_align_multi_sw_deb/signal_b_ff' of 'bmsWIDEDFFCPE' unit is dangling and will be cleaned.
W: Public-4008: Instance 'hsst_pciex4_rst/hsst_rx_rst_mcrsw/genblk1[1].hsst_rst4mcrsw_rx_init/cdr_align_multi_sw_deb/signal_b_neg' of 'bmsWIDEDFFCPE' unit is dangling and will be cleaned.
W: Public-4008: Instance 'hsst_pciex4_rst/hsst_rx_rst_mcrsw/genblk1[1].hsst_rst4mcrsw_rx_init/cdr_align_multi_sw_deb/signal_deb_pre' of 'bmsWIDEDFFCPE' unit is dangling and will be cleaned.
W: Public-4008: Instance 'hsst_pciex4_rst/hsst_rx_rst_mcrsw/genblk1[1].hsst_rst4mcrsw_rx_init/loss_signal_multi_sw_deb/signal_deb_pre' of 'bmsWIDEDFFCPE' unit is dangling and will be cleaned.
W: Public-4008: Instance 'hsst_pciex4_rst/hsst_rx_rst_mcrsw/genblk1[1].hsst_rst4mcrsw_rx_init/loss_signal_multi_sw_deb/rise_cnt[11:0]' of 'bmsWIDEDFFCPE' unit is dangling and will be cleaned.
W: Public-4008: Instance 'hsst_pciex4_rst/hsst_rx_rst_mcrsw/genblk1[1].hsst_rst4mcrsw_rx_init/loss_signal_multi_sw_deb/signal_b_ff' of 'bmsWIDEDFFCPE' unit is dangling and will be cleaned.
W: Public-4008: Instance 'hsst_pciex4_rst/hsst_rx_rst_mcrsw/genblk1[1].hsst_rst4mcrsw_rx_init/loss_signal_multi_sw_deb/signal_b_neg' of 'bmsWIDEDFFCPE' unit is dangling and will be cleaned.
W: Public-4008: Instance 'hsst_pciex4_rst/hsst_rx_rst_mcrsw/genblk1[2].hsst_rst4mcrsw_rx_init/cdr_align_multi_sw_deb/rise_cnt[11:0]' of 'bmsWIDEDFFCPE' unit is dangling and will be cleaned.
W: Public-4008: Instance 'hsst_pciex4_rst/hsst_rx_rst_mcrsw/genblk1[2].hsst_rst4mcrsw_rx_init/cdr_align_multi_sw_deb/signal_b_ff' of 'bmsWIDEDFFCPE' unit is dangling and will be cleaned.
W: Public-4008: Instance 'hsst_pciex4_rst/hsst_rx_rst_mcrsw/genblk1[2].hsst_rst4mcrsw_rx_init/cdr_align_multi_sw_deb/signal_b_neg' of 'bmsWIDEDFFCPE' unit is dangling and will be cleaned.
W: Public-4008: Instance 'hsst_pciex4_rst/hsst_rx_rst_mcrsw/genblk1[2].hsst_rst4mcrsw_rx_init/cdr_align_multi_sw_deb/signal_deb_pre' of 'bmsWIDEDFFCPE' unit is dangling and will be cleaned.
W: Public-4008: Instance 'hsst_pciex4_rst/hsst_rx_rst_mcrsw/genblk1[2].hsst_rst4mcrsw_rx_init/loss_signal_multi_sw_deb/signal_deb_pre' of 'bmsWIDEDFFCPE' unit is dangling and will be cleaned.
W: Public-4008: Instance 'hsst_pciex4_rst/hsst_rx_rst_mcrsw/genblk1[2].hsst_rst4mcrsw_rx_init/loss_signal_multi_sw_deb/rise_cnt[11:0]' of 'bmsWIDEDFFCPE' unit is dangling and will be cleaned.
W: Public-4008: Instance 'hsst_pciex4_rst/hsst_rx_rst_mcrsw/genblk1[2].hsst_rst4mcrsw_rx_init/loss_signal_multi_sw_deb/signal_b_ff' of 'bmsWIDEDFFCPE' unit is dangling and will be cleaned.
W: Public-4008: Instance 'hsst_pciex4_rst/hsst_rx_rst_mcrsw/genblk1[2].hsst_rst4mcrsw_rx_init/loss_signal_multi_sw_deb/signal_b_neg' of 'bmsWIDEDFFCPE' unit is dangling and will be cleaned.
W: Public-4008: Instance 'hsst_pciex4_rst/hsst_rx_rst_mcrsw/genblk1[3].hsst_rst4mcrsw_rx_init/cdr_align_multi_sw_deb/rise_cnt[11:0]' of 'bmsWIDEDFFCPE' unit is dangling and will be cleaned.
W: Public-4008: Instance 'hsst_pciex4_rst/hsst_rx_rst_mcrsw/genblk1[3].hsst_rst4mcrsw_rx_init/cdr_align_multi_sw_deb/signal_b_ff' of 'bmsWIDEDFFCPE' unit is dangling and will be cleaned.
W: Public-4008: Instance 'hsst_pciex4_rst/hsst_rx_rst_mcrsw/genblk1[3].hsst_rst4mcrsw_rx_init/cdr_align_multi_sw_deb/signal_b_neg' of 'bmsWIDEDFFCPE' unit is dangling and will be cleaned.
W: Public-4008: Instance 'hsst_pciex4_rst/hsst_rx_rst_mcrsw/genblk1[3].hsst_rst4mcrsw_rx_init/cdr_align_multi_sw_deb/signal_deb_pre' of 'bmsWIDEDFFCPE' unit is dangling and will be cleaned.
W: Public-4008: Instance 'hsst_pciex4_rst/hsst_rx_rst_mcrsw/genblk1[3].hsst_rst4mcrsw_rx_init/loss_signal_multi_sw_deb/signal_deb_pre' of 'bmsWIDEDFFCPE' unit is dangling and will be cleaned.
W: Public-4008: Instance 'hsst_pciex4_rst/hsst_rx_rst_mcrsw/genblk1[3].hsst_rst4mcrsw_rx_init/loss_signal_multi_sw_deb/rise_cnt[11:0]' of 'bmsWIDEDFFCPE' unit is dangling and will be cleaned.
W: Public-4008: Instance 'hsst_pciex4_rst/hsst_rx_rst_mcrsw/genblk1[3].hsst_rst4mcrsw_rx_init/loss_signal_multi_sw_deb/signal_b_ff' of 'bmsWIDEDFFCPE' unit is dangling and will be cleaned.
W: Public-4008: Instance 'hsst_pciex4_rst/hsst_rx_rst_mcrsw/genblk1[3].hsst_rst4mcrsw_rx_init/loss_signal_multi_sw_deb/signal_b_neg' of 'bmsWIDEDFFCPE' unit is dangling and will be cleaned.
W: Public-4008: Instance 'hsst_pciex4_rst/hsst_tx_rst_mcrsw/tx_rst_fsm_multi_sw_lane/P_HSST_RST' of 'bmsWIDEDFFCPE' unit is dangling and will be cleaned.
W: Public-4008: Instance 'hsst_pciex4_rst/hsst_tx_rst_mcrsw/tx_rst_fsm_multi_sw_lane/P_LANE_SYNC_EN' of 'bmsWIDEDFFCPE' unit is dangling and will be cleaned.
W: Public-4008: Instance 'i_dqs_group[1].ddrphy_data_slice/ddrphy_data_slice_wrlvl/ck_dly_set_bin_tra[7:0]' of 'bmsWIDEDFFCPE' unit is dangling and will be cleaned.
W: Public-4008: Instance 'ips_distributed_fifo/u_ips2l_distributed_fifo_distributed_fifo_v1_0/u_ips2l_distributed_fifo_ctr/SYN_CTRL.syn_almost_empty' of 'bmsWIDEDFFCPE' unit is dangling and will be cleaned.
W: Public-4008: Instance 'ips_distributed_fifo/u_ips2l_distributed_fifo_distributed_fifo_v1_0/u_ips2l_distributed_fifo_ctr/SYN_CTRL.syn_almost_full' of 'bmsWIDEDFFCPE' unit is dangling and will be cleaned.
W: Public-4008: Instance 'ips_distributed_fifo/u_ips2l_distributed_fifo_distributed_fifo_v1_0/u_ips2l_distributed_fifo_ctr/wr_water_level[4:0]' of 'bmsWIDEDFFCPE' unit is dangling and will be cleaned.
W: Public-4008: Instance 'ips_distributed_fifo/u_ips2l_distributed_fifo_distributed_fifo_v1_0/u_ips2l_distributed_fifo_ctr/rd_water_level[4:0]' of 'bmsWIDEDFFCPE' unit is dangling and will be cleaned.
W: Public-4008: Instance 'ips2l_distributed_fifo/u_ips2l_distributed_fifo_distributed_fifo_v1_0/u_ips2l_distributed_fifo_ctr/SYN_CTRL.syn_almost_empty' of 'bmsWIDEDFFCPE' unit is dangling and will be cleaned.
W: Public-4008: Instance 'ips2l_distributed_fifo/u_ips2l_distributed_fifo_distributed_fifo_v1_0/u_ips2l_distributed_fifo_ctr/SYN_CTRL.syn_almost_full' of 'bmsWIDEDFFCPE' unit is dangling and will be cleaned.
W: Public-4008: Instance 'ips2l_distributed_fifo/u_ips2l_distributed_fifo_distributed_fifo_v1_0/u_ips2l_distributed_fifo_ctr/rd_water_level[5:0]' of 'bmsWIDEDFFCPE' unit is dangling and will be cleaned.
W: Public-4008: Instance 'ips2l_distributed_fifo/u_ips2l_distributed_fifo_distributed_fifo_v1_0/u_ips2l_distributed_fifo_ctr/wr_water_level[5:0]' of 'bmsWIDEDFFCPE' unit is dangling and will be cleaned.
W: Public-4008: Instance 'timing_prea_pass/r_cnt_almost_pass' of 'bmsWIDEDFFCPE' unit is dangling and will be cleaned.
W: Public-4008: Instance 'B_ips2l_distributed_fifo/u_ips2l_distributed_fifo_distributed_fifo_v1_0/u_ips2l_distributed_fifo_ctr/SYN_CTRL.syn_almost_empty' of 'bmsWIDEDFFCPE' unit is dangling and will be cleaned.
W: Public-4008: Instance 'B_ips2l_distributed_fifo/u_ips2l_distributed_fifo_distributed_fifo_v1_0/u_ips2l_distributed_fifo_ctr/wr_water_level[4:0]' of 'bmsWIDEDFFCPE' unit is dangling and will be cleaned.
W: Public-4008: Instance 'B_ips2l_distributed_fifo/u_ips2l_distributed_fifo_distributed_fifo_v1_0/u_ips2l_distributed_fifo_ctr/rd_water_level[4:0]' of 'bmsWIDEDFFCPE' unit is dangling and will be cleaned.
W: Public-4008: Instance 'A_ips2l_distributed_fifo/u_ips2l_distributed_fifo_distributed_fifo_v1_0/u_ips2l_distributed_fifo_ctr/SYN_CTRL.syn_almost_empty' of 'bmsWIDEDFFCPE' unit is dangling and will be cleaned.
W: Public-4008: Instance 'A_ips2l_distributed_fifo/u_ips2l_distributed_fifo_distributed_fifo_v1_0/u_ips2l_distributed_fifo_ctr/wr_water_level[4:0]' of 'bmsWIDEDFFCPE' unit is dangling and will be cleaned.
W: Public-4008: Instance 'A_ips2l_distributed_fifo/u_ips2l_distributed_fifo_distributed_fifo_v1_0/u_ips2l_distributed_fifo_ctr/rd_water_level[4:0]' of 'bmsWIDEDFFCPE' unit is dangling and will be cleaned.
W: Public-4008: Instance 'ms72xx_ctl/U1_ms7200_ctl/init_over' of 'bmsWIDEDFFRSE' unit is dangling and will be cleaned.
W: Public-4008: Instance 'power_on_delay_inst/initial_en' of 'bmsWIDEDFFRSE' unit is dangling and will be cleaned.
W: Public-4008: Instance 'power_on_delay_inst/cnt3[19:0]' of 'bmsWIDEDFFRSE' unit is dangling and will be cleaned.
W: Public-4008: Instance 'u_axi4_ctrl/rframe_data_valid' of 'bmsWIDEDFFRSE' unit is dangling and will be cleaned.
W: Public-4008: Instance 'u_ips2l_pcie_dma/u_ips2l_pcie_dma_controller/o_cross_4kb_boundary' of 'bmsWIDEDFFCPE' unit is dangling and will be cleaned.
W: Public-4008: Instance 'u_ips2l_pcie_dma/u_ips2l_pcie_dma_controller/apb_cmd_h_addr[31:0]' of 'bmsWIDEDFFCPE' unit is dangling and will be cleaned.
W: Public-4008: Instance 'u_ips2l_pcie_dma/u_ips2l_pcie_dma_controller/apb_cmd_h_addr_vld' of 'bmsWIDEDFFCPE' unit is dangling and will be cleaned.
W: Public-4008: Instance 'u_ips2l_pcie_dma/u_ips2l_pcie_dma_controller/apb_cmd_l_addr[31:0]' of 'bmsWIDEDFFCPE' unit is dangling and will be cleaned.
W: Public-4008: Instance 'u_ips2l_pcie_dma/u_ips2l_pcie_dma_controller/apb_cmd_l_addr_vld' of 'bmsWIDEDFFCPE' unit is dangling and will be cleaned.
W: Public-4008: Instance 'u_ips2l_pcie_dma/u_ips2l_pcie_dma_controller/apb_cmd_length[31:0]' of 'bmsWIDEDFFCPE' unit is dangling and will be cleaned.
W: Public-4008: Instance 'u_ips2l_pcie_dma/u_ips2l_pcie_dma_controller/apb_cmd_length_vld' of 'bmsWIDEDFFCPE' unit is dangling and will be cleaned.
W: Public-4008: Instance 'u_ips2l_pcie_dma/u_ips2l_pcie_dma_controller/apb_cmd_reg[31:0]' of 'bmsWIDEDFFCPE' unit is dangling and will be cleaned.
W: Public-4008: Instance 'u_ips2l_pcie_dma/u_ips2l_pcie_dma_controller/apb_cmd_reg_vld' of 'bmsWIDEDFFCPE' unit is dangling and will be cleaned.
W: Public-4008: Instance 'u_ips2l_pcie_dma/u_ips2l_pcie_dma_controller/o_apb_prdata[31:0]' of 'bmsWIDEDFFCPE' unit is dangling and will be cleaned.
W: Public-4008: Instance 'u_ips2l_pcie_dma/u_ips2l_pcie_dma_controller/o_apb_prdy' of 'bmsWIDEDFFCPE' unit is dangling and will be cleaned.
W: Public-4008: Instance 'u_ips2l_pcie_dma/u_ips2l_pcie_dma_rx_top/ips2l_pcie_dma_bar2/U_ipm2l_sdpram_ips2l_pcie_dma_ram/addr_bus_rd_ce[1:0]' of 'bmsWIDEDFFCPE' unit is dangling and will be cleaned.
W: Public-4008: Instance 'u_ips2l_pcie_dma/u_ips2l_pcie_dma_rx_top/u_cpld_wr_ctrl/addr_ram_wr_en' of 'bmsWIDEDFFCPE' unit is dangling and will be cleaned.
W: Public-4008: Instance 'u_ips2l_pcie_dma/u_ips2l_pcie_dma_rx_top/u_cpld_wr_ctrl/cpld_tag_use_ff[5:0]' of 'bmsWIDEDFFCPE' unit is dangling and will be cleaned.
W: Public-4008: Instance 'u_ips2l_pcie_dma/u_ips2l_pcie_dma_rx_top/u_cpld_wr_ctrl/ips2l_pcie_dma_cpld_wr_ctrl/wr_start_ff' of 'bmsWIDEDFFCPE' unit is dangling and will be cleaned.
W: Public-4008: Instance 'u_ips2l_pcie_dma/u_ips2l_pcie_dma_rx_top/u_cpld_wr_ctrl/tag_addr[9:0]' of 'bmsWIDEDFFCPE' unit is dangling and will be cleaned.
W: Public-4008: Instance 'u_ips2l_pcie_dma/u_ips2l_pcie_dma_rx_top/u_cpld_wr_ctrl/tag_addr_next[9:0]' of 'bmsWIDEDFFCPE' unit is dangling and will be cleaned.
W: Public-4008: Instance 'u_ips2l_pcie_dma/u_ips2l_pcie_dma_rx_top/u_cpld_wr_ctrl/wr_start_ff' of 'bmsWIDEDFFCPE' unit is dangling and will be cleaned.
W: Public-4008: Instance 'u_ips2l_pcie_dma/u_ips2l_pcie_dma_rx_top/u_cpld_wr_ctrl/ips2l_pcie_dma_cpld_wr_ctrl/byte_en_ff[15:0]' of 'bmsWIDEDFFCPE' unit is dangling and will be cleaned.
W: Public-4008: Instance 'u_ips2l_pcie_dma/u_ips2l_pcie_dma_rx_top/u_cpld_wr_ctrl/ips2l_pcie_dma_cpld_wr_ctrl/data_ff2[127:0]' of 'bmsWIDEDFFCPE' unit is dangling and will be cleaned.
W: Public-4008: Instance 'u_ips2l_pcie_dma/u_ips2l_pcie_dma_rx_top/u_cpld_wr_ctrl/ips2l_pcie_dma_cpld_wr_ctrl/data_ff[127:0]' of 'bmsWIDEDFFCPE' unit is dangling and will be cleaned.
W: Public-4008: Instance 'u_ips2l_pcie_dma/u_ips2l_pcie_dma_rx_top/u_cpld_wr_ctrl/ips2l_pcie_dma_cpld_wr_ctrl/data_position[1:0]' of 'bmsWIDEDFFCPE' unit is dangling and will be cleaned.
W: Public-4008: Instance 'u_ips2l_pcie_dma/u_ips2l_pcie_dma_rx_top/u_cpld_wr_ctrl/ips2l_pcie_dma_cpld_wr_ctrl/dw_vld[3:0]' of 'bmsWIDEDFFCPE' unit is dangling and will be cleaned.
W: Public-4008: Instance 'u_ips2l_pcie_dma/u_ips2l_pcie_dma_rx_top/u_cpld_wr_ctrl/ips2l_pcie_dma_cpld_wr_ctrl/dwbe[7:0]' of 'bmsWIDEDFFCPE' unit is dangling and will be cleaned.
W: Public-4008: Instance 'u_ips2l_pcie_dma/u_ips2l_pcie_dma_rx_top/u_cpld_wr_ctrl/ips2l_pcie_dma_cpld_wr_ctrl/first_dw_ff' of 'bmsWIDEDFFCPE' unit is dangling and will be cleaned.
W: Public-4008: Instance 'u_ips2l_pcie_dma/u_ips2l_pcie_dma_rx_top/u_cpld_wr_ctrl/ips2l_pcie_dma_cpld_wr_ctrl/last_dw_position[3:0]' of 'bmsWIDEDFFCPE' unit is dangling and will be cleaned.
W: Public-4008: Instance 'u_ips2l_pcie_dma/u_ips2l_pcie_dma_rx_top/u_cpld_wr_ctrl/ips2l_pcie_dma_cpld_wr_ctrl/length[9:0]' of 'bmsWIDEDFFCPE' unit is dangling and will be cleaned.
W: Public-4008: Instance 'u_ips2l_pcie_dma/u_ips2l_pcie_dma_rx_top/u_cpld_wr_ctrl/ips2l_pcie_dma_cpld_wr_ctrl/o_wr_addr[11:0]' of 'bmsWIDEDFFCPE' unit is dangling and will be cleaned.
W: Public-4008: Instance 'u_ips2l_pcie_dma/u_ips2l_pcie_dma_rx_top/u_cpld_wr_ctrl/ips2l_pcie_dma_cpld_wr_ctrl/o_wr_be[15:0]' of 'bmsWIDEDFFCPE' unit is dangling and will be cleaned.
W: Public-4008: Instance 'u_ips2l_pcie_dma/u_ips2l_pcie_dma_rx_top/u_cpld_wr_ctrl/ips2l_pcie_dma_cpld_wr_ctrl/o_wr_data[127:0]' of 'bmsWIDEDFFCPE' unit is dangling and will be cleaned.
W: Public-4008: Instance 'u_ips2l_pcie_dma/u_ips2l_pcie_dma_rx_top/u_cpld_wr_ctrl/ips2l_pcie_dma_cpld_wr_ctrl/o_wr_en' of 'bmsWIDEDFFCPE' unit is dangling and will be cleaned.
W: Public-4008: Instance 'u_ips2l_pcie_dma/u_ips2l_pcie_dma_rx_top/u_cpld_wr_ctrl/ips2l_pcie_dma_cpld_wr_ctrl/wr_addr[63:0]' of 'bmsWIDEDFFCPE' unit is dangling and will be cleaned.
W: Public-4008: Instance 'u_ips2l_pcie_dma/u_ips2l_pcie_dma_rx_top/u_cpld_wr_ctrl/ips2l_pcie_dma_cpld_wr_ctrl/wr_dw_cnt[8:0]' of 'bmsWIDEDFFCPE' unit is dangling and will be cleaned.
W: Public-4008: Instance 'u_ips2l_pcie_dma/u_ips2l_pcie_dma_rx_top/u_cpld_wr_ctrl/ips2l_pcie_dma_cpld_wr_ctrl/wr_dw_cnt_ff[8:0]' of 'bmsWIDEDFFCPE' unit is dangling and will be cleaned.
W: Public-4008: Instance 'u_ips2l_pcie_dma/u_ips2l_pcie_dma_rx_top/u_ips2l_pcie_dma_tlp_rcv/cpld_data_valid' of 'bmsWIDEDFFCPE' unit is dangling and will be cleaned.
W: Public-4008: Instance 'u_ips2l_pcie_dma/u_ips2l_pcie_dma_rx_top/u_ips2l_pcie_dma_tlp_rcv/o_cpld_byte_cnt[11:0]' of 'bmsWIDEDFFCPE' unit is dangling and will be cleaned.
W: Public-4008: Instance 'u_ips2l_pcie_dma/u_ips2l_pcie_dma_rx_top/u_ips2l_pcie_dma_tlp_rcv/o_cpld_data[127:0]' of 'bmsWIDEDFFCPE' unit is dangling and will be cleaned.
W: Public-4008: Instance 'u_ips2l_pcie_dma/u_ips2l_pcie_dma_rx_top/u_ips2l_pcie_dma_tlp_rcv/o_cpld_dw_vld[3:0]' of 'bmsWIDEDFFCPE' unit is dangling and will be cleaned.
W: Public-4008: Instance 'u_ips2l_pcie_dma/u_ips2l_pcie_dma_rx_top/u_ips2l_pcie_dma_tlp_rcv/o_cpld_low_addr[6:0]' of 'bmsWIDEDFFCPE' unit is dangling and will be cleaned.
W: Public-4008: Instance 'u_ips2l_pcie_dma/u_ips2l_pcie_dma_rx_top/u_ips2l_pcie_dma_tlp_rcv/o_cpld_wr_start' of 'bmsWIDEDFFCPE' unit is dangling and will be cleaned.
W: Public-4008: Instance 'u_ips2l_pcie_dma/u_ips2l_pcie_dma_rx_top/u_ips2l_pcie_dma_tlp_rcv/o_trgt1_radm_pkt_halt[2:0]' of 'bmsWIDEDFFCPE' unit is dangling and will be cleaned.
W: Public-4008: Instance 'u_ips2l_pcie_dma/u_ips2l_pcie_dma_rx_top/u_ips2l_pcie_dma_tlp_rcv/o_multicpld_flag' of 'bmsWIDEDFFCPE' unit is dangling and will be cleaned.
W: Public-4008: Instance 'u_ips2l_pcie_dma/u_ips2l_pcie_dma_tx_top/u_ips2l_pcie_dma_cpld_tx_ctrl/fifo_data_cnt[6:0]' of 'bmsWIDEDFFCPE' unit is dangling and will be cleaned.
W: Public-4008: Instance 'u_ips2l_pcie_wrap/U_IPS2L_PCIE_TOP/u_pcie_apb_mux/u_pcie_apb_cross/des_p_rdata_hold[31:0]' of 'bmsWIDEDFFCPE' unit is dangling and will be cleaned.
W: Public-4008: Instance 'u_ips2l_pcie_wrap/U_IPS2L_PCIE_TOP/u_pcie_apb_mux/u_pcie_apb_cross/o_src_p_rdata[31:0]' of 'bmsWIDEDFFCPE' unit is dangling and will be cleaned.
W: Public-4008: Instance 'u_ips2l_pcie_wrap/U_IPS2L_PCIE_TOP/u_pcie_apb_mux/u_pcie_apb_cross/o_src_p_rdy' of 'bmsWIDEDFFCPE' unit is dangling and will be cleaned.
W: Public-4008: Instance 'u_ips2l_pcie_wrap/U_IPS2L_PCIE_TOP/u_pcie_apb_mux/u_pcie_apb_cross/src_p_ce' of 'bmsWIDEDFFCPE' unit is dangling and will be cleaned.
W: Public-4008: Instance 'u_ips2l_pcie_wrap/U_IPS2L_PCIE_TOP/U_IPS2L_PCIE_HARD_CTRL/U_APB2DBI/p_rdata[31:0]' of 'bmsWIDEDFFCPE' unit is dangling and will be cleaned.
W: Public-4008: Instance 'u_refclk_buttonrstn_debounce/rs2' of 'bmsWIDEDFFCPE' unit is dangling and will be cleaned.
W: Public-4008: Instance 'u_refclk_buttonrstn_debounce/rstn_inner_d[3:0]' of 'bmsWIDEDFFCPE' unit is dangling and will be cleaned.
W: Public-4008: Instance 'u_refclk_buttonrstn_debounce/rstn_out' of 'bmsWIDEDFFCPE' unit is dangling and will be cleaned.
W: Public-4008: Instance 'u_refclk_buttonrstn_debounce/rstn_sync' of 'bmsWIDEDFFCPE' unit is dangling and will be cleaned.
W: Public-4008: Instance 'u_refclk_buttonrstn_debounce/cnt_rst[15:0]' of 'bmsWIDEDFFCPE' unit is dangling and will be cleaned.
W: Public-4008: Instance 'u_refclk_buttonrstn_debounce/rs1' of 'bmsWIDEDFFCPE' unit is dangling and will be cleaned.
W: Public-4008: Instance 'I_ips_ddr_top/u_ddrphy_top/ddrphy_calib_top/ddrphy_main_ctrl/error_status_reg' of 'bmsWIDEDFFPATCE' unit is dangling and will be cleaned.
W: Public-4008: Instance 'I_ips_ddr_top/u_ddrphy_top/ddrphy_cpd_ctrl/debug_dps_cnt_dir0[9:0]' of 'bmsWIDEDFFCPE' unit is dangling and will be cleaned.
W: Public-4008: Instance 'I_ips_ddr_top/u_ddrphy_top/ddrphy_cpd_ctrl/debug_dps_cnt_dir1[9:0]' of 'bmsWIDEDFFCPE' unit is dangling and will be cleaned.
W: Public-4008: Instance 'I_ips_ddr_top/u_ddrphy_top/ddrphy_cpd_ctrl/dps_timeout' of 'bmsWIDEDFFCPE' unit is dangling and will be cleaned.
W: Public-4008: Instance 'I_ips_ddr_top/u_ddrphy_top/ddrphy_slice_top/ddrphy_slice_rddata_align/align_error' of 'bmsWIDEDFFCPE' unit is dangling and will be cleaned.
W: Public-4008: Instance 'I_ips_ddr_top/u_ddrphy_top/ddrphy_slice_top/i_dqs_group[0].ddrphy_data_slice/ddrphy_data_slice_dqs_gate_cal/ddrphy_gatecal/ddrphy_dgts_r[2:0]' of 'bmsWIDEDFFCPE' unit is dangling and will be cleaned.
W: Public-4008: Instance 'I_ips_ddr_top/u_ddrphy_top/ddrphy_slice_top/i_dqs_group[0].ddrphy_data_slice/ddrphy_data_slice_dqs_gate_cal/ddrphy_gatecal/dgts_cnt[3:0]' of 'bmsWIDEDFFCPE' unit is dangling and will be cleaned.
W: Public-4008: Instance 'I_ips_ddr_top/u_ddrphy_top/ddrphy_slice_top/i_dqs_group[0].ddrphy_data_slice/ddrphy_data_slice_dqs_gate_cal/ddrphy_gatecal/dgts_latch' of 'bmsWIDEDFFCPE' unit is dangling and will be cleaned.
W: Public-4008: Instance 'I_ips_ddr_top/u_ddrphy_top/ddrphy_slice_top/i_dqs_group[0].ddrphy_data_slice/ddrphy_data_slice_dqs_gate_cal/ddrphy_gatecal/dgts_vld' of 'bmsWIDEDFFCPE' unit is dangling and will be cleaned.
W: Public-4008: Instance 'I_ips_ddr_top/u_ddrphy_top/ddrphy_slice_top/i_dqs_group[0].ddrphy_data_slice/ddrphy_data_slice_dqs_gate_cal/ddrphy_gatecal/dgts_vld_cnt[2:0]' of 'bmsWIDEDFFCPE' unit is dangling and will be cleaned.
W: Public-4008: Instance 'I_ips_ddr_top/u_ddrphy_top/ddrphy_slice_top/i_dqs_group[0].ddrphy_data_slice/ddrphy_data_slice_dqs_gate_cal/ddrphy_gatecal/gate_win_size[3:0]' of 'bmsWIDEDFFCPE' unit is dangling and will be cleaned.
W: Public-4008: Instance 'I_ips_ddr_top/u_ddrphy_top/ddrphy_slice_top/i_dqs_group[0].ddrphy_data_slice/ddrphy_data_slice_wrcal/wrcal_error' of 'bmsWIDEDFFCPE' unit is dangling and will be cleaned.
W: Public-4008: Instance 'I_ips_ddr_top/u_ddrphy_top/ddrphy_slice_top/i_dqs_group[1].ddrphy_data_slice/ddrphy_data_slice_dqs_gate_cal/ddrphy_gatecal/ddrphy_dgts_r[2:0]' of 'bmsWIDEDFFCPE' unit is dangling and will be cleaned.
W: Public-4008: Instance 'I_ips_ddr_top/u_ddrphy_top/ddrphy_slice_top/i_dqs_group[1].ddrphy_data_slice/ddrphy_data_slice_dqs_gate_cal/ddrphy_gatecal/dgts_cnt[3:0]' of 'bmsWIDEDFFCPE' unit is dangling and will be cleaned.
W: Public-4008: Instance 'I_ips_ddr_top/u_ddrphy_top/ddrphy_slice_top/i_dqs_group[1].ddrphy_data_slice/ddrphy_data_slice_dqs_gate_cal/ddrphy_gatecal/dgts_latch' of 'bmsWIDEDFFCPE' unit is dangling and will be cleaned.
W: Public-4008: Instance 'I_ips_ddr_top/u_ddrphy_top/ddrphy_slice_top/i_dqs_group[1].ddrphy_data_slice/ddrphy_data_slice_dqs_gate_cal/ddrphy_gatecal/dgts_vld' of 'bmsWIDEDFFCPE' unit is dangling and will be cleaned.
W: Public-4008: Instance 'I_ips_ddr_top/u_ddrphy_top/ddrphy_slice_top/i_dqs_group[1].ddrphy_data_slice/ddrphy_data_slice_dqs_gate_cal/ddrphy_gatecal/dgts_vld_cnt[2:0]' of 'bmsWIDEDFFCPE' unit is dangling and will be cleaned.
W: Public-4008: Instance 'I_ips_ddr_top/u_ddrphy_top/ddrphy_slice_top/i_dqs_group[1].ddrphy_data_slice/ddrphy_data_slice_dqs_gate_cal/ddrphy_gatecal/gate_win_size[3:0]' of 'bmsWIDEDFFCPE' unit is dangling and will be cleaned.
W: Public-4008: Instance 'I_ips_ddr_top/u_ddrphy_top/ddrphy_slice_top/i_dqs_group[1].ddrphy_data_slice/ddrphy_data_slice_wrcal/wrcal_error' of 'bmsWIDEDFFCPE' unit is dangling and will be cleaned.
W: Public-4008: Instance 'I_ips_ddr_top/u_ddrphy_top/u_ddrphy_gpll_phase/gpll_dps_done_pos' of 'bmsWIDEDFFCPE' unit is dangling and will be cleaned.
W: Public-4008: Instance 'I_ips_ddr_top/u_ddrphy_top/u_ddrphy_gpll_phase/gpll_dps_phase[8:0]' of 'bmsWIDEDFFCPE' unit is dangling and will be cleaned.
W: Public-4008: Instance 'I_ips_ddr_top/u_ddrphy_top/u_ddrphy_gpll_phase/gpll_dps_done_d[2:0]' of 'bmsWIDEDFFCPE' unit is dangling and will be cleaned.
W: Public-4008: Instance 'I_ips_ddr_top/u_ips_ddrc_top/mcdq_wdatapath/wusro_id[3:0]' of 'bmsWIDEDFFCPE' unit is dangling and will be cleaned.
W: Public-4008: Instance 'I_ips_ddr_top/u_ips_ddrc_top/mcdq_wdatapath/wusro_last' of 'bmsWIDEDFFCPE' unit is dangling and will be cleaned.
W: Public-4008: Instance 'I_ips_ddr_top/u_ips_ddrc_top/mcdq_wdatapath/mc3q_wdp_dcp/o_rlast' of 'bmsWIDEDFFCPE' unit is dangling and will be cleaned.
W: Public-4008: Instance 'I_ips_ddr_top/u_ips_ddrc_top/mcdq_wdatapath/mc3q_wdp_dcp/o_wid[3:0]' of 'bmsWIDEDFFCPE' unit is dangling and will be cleaned.
W: Public-4008: Instance 'I_ips_ddr_top/u_ips_ddrc_top/mcdq_wdatapath/mc3q_wdp_dcp/r_rlast[7:0]' of 'bmsWIDEDFFCPE' unit is dangling and will be cleaned.
W: Public-4008: Instance 'I_ips_ddr_top/u_ips_ddrc_top/mcdq_wdatapath/mc3q_wdp_dcp/r_wid_d0[3:0]' of 'bmsWIDEDFFCPE' unit is dangling and will be cleaned.
W: Public-4008: Instance 'I_ips_ddr_top/u_ips_ddrc_top/mcdq_wdatapath/mc3q_wdp_dcp/r_wid_d1[3:0]' of 'bmsWIDEDFFCPE' unit is dangling and will be cleaned.
W: Public-4008: Instance 'I_ips_ddr_top/u_ips_ddrc_top/mcdq_wdatapath/mc3q_wdp_dcp/r_wid_d2[3:0]' of 'bmsWIDEDFFCPE' unit is dangling and will be cleaned.
W: Public-4008: Instance 'I_ips_ddr_top/u_ips_ddrc_top/mcdq_wdatapath/mc3q_wdp_dcp/r_wid_d3[3:0]' of 'bmsWIDEDFFCPE' unit is dangling and will be cleaned.
W: Public-4008: Instance 'I_ips_ddr_top/u_ips_ddrc_top/mcdq_wdatapath/mc3q_wdp_dcp/r_wid_d4[3:0]' of 'bmsWIDEDFFCPE' unit is dangling and will be cleaned.
W: Public-4008: Instance 'I_ips_ddr_top/u_ips_ddrc_top/mcdq_wdatapath/mc3q_wdp_dcp/r_wid_d5[3:0]' of 'bmsWIDEDFFCPE' unit is dangling and will be cleaned.
W: Public-4008: Instance 'I_ips_ddr_top/u_ips_ddrc_top/mcdq_apb_cross_v1_2/des_p_rdata_hold[15:0]' of 'bmsWIDEDFFCPE' unit is dangling and will be cleaned.
W: Public-4008: Instance 'I_ips_ddr_top/u_ips_ddrc_top/mcdq_apb_cross_v1_2/o_src_p_rdata[15:0]' of 'bmsWIDEDFFCPE' unit is dangling and will be cleaned.
W: Public-4008: Instance 'I_ips_ddr_top/u_ips_ddrc_top/mcdq_apb_cross_v1_2/o_src_p_rdy' of 'bmsWIDEDFFCPE' unit is dangling and will be cleaned.
W: Public-4008: Instance 'I_ips_ddr_top/u_ips_ddrc_top/mcdq_apb_cross_v1_2/src_p_enable' of 'bmsWIDEDFFCPE' unit is dangling and will be cleaned.
W: Public-4008: Instance 'I_ips_ddr_top/u_ips_ddrc_top/mcdq_cfg_apb/mode_state_reg' of 'bmsWIDEDFFPATCE' unit is dangling and will be cleaned.
W: Public-4008: Instance 'I_ips_ddr_top/u_ips_ddrc_top/mcdq_cfg_apb/busy' of 'bmsWIDEDFFCPE' unit is dangling and will be cleaned.
W: Public-4008: Instance 'I_ips_ddr_top/u_ips_ddrc_top/mcdq_cfg_apb/core_apb_rdata[15:0]' of 'bmsWIDEDFFCPE' unit is dangling and will be cleaned.
W: Public-4008: Instance 'I_ips_ddr_top/u_ips_ddrc_top/mcdq_cfg_apb/ddr_init_dly1' of 'bmsWIDEDFFCPE' unit is dangling and will be cleaned.
W: Public-4008: Instance 'I_ips_ddr_top/u_ips_ddrc_top/mcdq_cfg_apb/ddr_init_dly2' of 'bmsWIDEDFFCPE' unit is dangling and will be cleaned.
W: Public-4008: Instance 'I_ips_ddr_top/u_ips_ddrc_top/mcdq_cfg_apb/sr_en_dly1' of 'bmsWIDEDFFCPE' unit is dangling and will be cleaned.
W: Public-4008: Instance 'I_ips_ddr_top/u_ips_ddrc_top/mcdq_cfg_apb/sr_en_dly2' of 'bmsWIDEDFFCPE' unit is dangling and will be cleaned.
W: Public-4008: Instance 'I_ips_ddr_top/u_ips_ddrc_top/mcdq_cfg_apb/sr_status' of 'bmsWIDEDFFCPE' unit is dangling and will be cleaned.
W: Public-4008: Instance 'I_ips_ddr_top/u_ips_ddrc_top/mcdq_cfg_apb/mrs_en_dly1' of 'bmsWIDEDFFCPE' unit is dangling and will be cleaned.
W: Public-4008: Instance 'I_ips_ddr_top/u_ips_ddrc_top/mcdq_cfg_apb/mrs_en_dly2' of 'bmsWIDEDFFCPE' unit is dangling and will be cleaned.
W: Public-4008: Instance 'I_ips_ddr_top/u_ips_ddrc_top/mcdq_cfg_apb/pd_en_dly1' of 'bmsWIDEDFFCPE' unit is dangling and will be cleaned.
W: Public-4008: Instance 'I_ips_ddr_top/u_ips_ddrc_top/mcdq_cfg_apb/pd_en_dly2' of 'bmsWIDEDFFCPE' unit is dangling and will be cleaned.
W: Public-4008: Instance 'I_ips_ddr_top/u_ips_ddrc_top/mcdq_cfg_apb/pd_status' of 'bmsWIDEDFFCPE' unit is dangling and will be cleaned.
W: Public-4008: Instance 'I_ips_ddr_top/u_ips_ddrc_top/mcdq_dcp_top/mcdq_dcp_out/o_wid[3:0]' of 'bmsWIDEDFFCPE' unit is dangling and will be cleaned.
W: Public-4008: Instance 'I_ips_ddr_top/u_ips_ddrc_top/mcdq_dcp_top/mcdq_dcp_out/o_wlast' of 'bmsWIDEDFFCPE' unit is dangling and will be cleaned.
W: Public-4008: Instance 'I_ips_ddr_top/u_ips_ddrc_top/mcdq_dcd_top/mcdq_dcd_bm/ddr_zqcs_ack' of 'bmsWIDEDFFCPE' unit is dangling and will be cleaned.
W: Removed bmsWIDEDFFCPE inst u_ips2l_pcie_dma/u_ips2l_pcie_dma_controller/apb_pwdata[31:0] at 0 that is stuck at constant 0.
W: Removed bmsWIDEDFFCPE inst u_ips2l_pcie_dma/u_ips2l_pcie_dma_controller/apb_pwdata[31:0] at 1 that is stuck at constant 0.
W: Removed bmsWIDEDFFCPE inst u_ips2l_pcie_dma/u_ips2l_pcie_dma_controller/apb_pwdata[31:0] at 2 that is stuck at constant 0.
W: Removed bmsWIDEDFFCPE inst u_ips2l_pcie_dma/u_ips2l_pcie_dma_controller/apb_pwdata[31:0] at 3 that is stuck at constant 0.
W: Removed bmsWIDEDFFCPE inst u_ips2l_pcie_dma/u_ips2l_pcie_dma_controller/apb_pwdata[31:0] at 4 that is stuck at constant 0.
W: Removed bmsWIDEDFFCPE inst u_ips2l_pcie_dma/u_ips2l_pcie_dma_controller/apb_pwdata[31:0] at 5 that is stuck at constant 0.
W: Removed bmsWIDEDFFCPE inst u_ips2l_pcie_dma/u_ips2l_pcie_dma_controller/apb_pwdata[31:0] at 6 that is stuck at constant 0.
W: Removed bmsWIDEDFFCPE inst u_ips2l_pcie_dma/u_ips2l_pcie_dma_controller/apb_pwdata[31:0] at 7 that is stuck at constant 0.
W: Removed bmsWIDEDFFCPE inst u_ips2l_pcie_dma/u_ips2l_pcie_dma_controller/apb_pwdata[31:0] at 8 that is stuck at constant 0.
W: Removed bmsWIDEDFFCPE inst u_ips2l_pcie_dma/u_ips2l_pcie_dma_controller/apb_pwdata[31:0] at 9 that is stuck at constant 0.
W: Removed bmsWIDEDFFCPE inst u_ips2l_pcie_dma/u_ips2l_pcie_dma_controller/apb_pwdata[31:0] at 10 that is stuck at constant 0.
W: Removed bmsWIDEDFFCPE inst u_ips2l_pcie_dma/u_ips2l_pcie_dma_controller/apb_pwdata[31:0] at 11 that is stuck at constant 0.
W: Removed bmsWIDEDFFCPE inst u_ips2l_pcie_dma/u_ips2l_pcie_dma_controller/apb_pwdata[31:0] at 12 that is stuck at constant 0.
W: Removed bmsWIDEDFFCPE inst u_ips2l_pcie_dma/u_ips2l_pcie_dma_controller/apb_pwdata[31:0] at 13 that is stuck at constant 0.
W: Removed bmsWIDEDFFCPE inst u_ips2l_pcie_dma/u_ips2l_pcie_dma_controller/apb_pwdata[31:0] at 14 that is stuck at constant 0.
W: Removed bmsWIDEDFFCPE inst u_ips2l_pcie_dma/u_ips2l_pcie_dma_controller/apb_pwdata[31:0] at 15 that is stuck at constant 0.
W: Removed bmsWIDEDFFCPE inst u_ips2l_pcie_dma/u_ips2l_pcie_dma_controller/apb_pwdata[31:0] at 16 that is stuck at constant 0.
W: Removed bmsWIDEDFFCPE inst u_ips2l_pcie_dma/u_ips2l_pcie_dma_controller/apb_pwdata[31:0] at 17 that is stuck at constant 0.
W: Removed bmsWIDEDFFCPE inst u_ips2l_pcie_dma/u_ips2l_pcie_dma_controller/apb_pwdata[31:0] at 18 that is stuck at constant 0.
W: Removed bmsWIDEDFFCPE inst u_ips2l_pcie_dma/u_ips2l_pcie_dma_controller/apb_pwdata[31:0] at 19 that is stuck at constant 0.
W: Removed bmsWIDEDFFCPE inst u_ips2l_pcie_dma/u_ips2l_pcie_dma_controller/apb_pwdata[31:0] at 20 that is stuck at constant 0.
W: Removed bmsWIDEDFFCPE inst u_ips2l_pcie_dma/u_ips2l_pcie_dma_controller/apb_pwdata[31:0] at 21 that is stuck at constant 0.
W: Removed bmsWIDEDFFCPE inst u_ips2l_pcie_dma/u_ips2l_pcie_dma_controller/apb_pwdata[31:0] at 22 that is stuck at constant 0.
W: Removed bmsWIDEDFFCPE inst u_ips2l_pcie_dma/u_ips2l_pcie_dma_controller/apb_pwdata[31:0] at 23 that is stuck at constant 0.
W: Removed bmsWIDEDFFCPE inst u_ips2l_pcie_dma/u_ips2l_pcie_dma_controller/apb_pwdata[31:0] at 24 that is stuck at constant 0.
W: Removed bmsWIDEDFFCPE inst u_ips2l_pcie_dma/u_ips2l_pcie_dma_controller/apb_pwdata[31:0] at 25 that is stuck at constant 0.
W: Removed bmsWIDEDFFCPE inst u_ips2l_pcie_dma/u_ips2l_pcie_dma_controller/apb_pwdata[31:0] at 26 that is stuck at constant 0.
W: Removed bmsWIDEDFFCPE inst u_ips2l_pcie_dma/u_ips2l_pcie_dma_controller/apb_pwdata[31:0] at 27 that is stuck at constant 0.
W: Removed bmsWIDEDFFCPE inst u_ips2l_pcie_dma/u_ips2l_pcie_dma_controller/apb_pwdata[31:0] at 28 that is stuck at constant 0.
W: Removed bmsWIDEDFFCPE inst u_ips2l_pcie_dma/u_ips2l_pcie_dma_controller/apb_pwdata[31:0] at 29 that is stuck at constant 0.
W: Removed bmsWIDEDFFCPE inst u_ips2l_pcie_dma/u_ips2l_pcie_dma_controller/apb_pwdata[31:0] at 30 that is stuck at constant 0.
W: Removed bmsWIDEDFFCPE inst u_ips2l_pcie_dma/u_ips2l_pcie_dma_controller/apb_pwdata[31:0] at 31 that is stuck at constant 0.
W: Removed bmsWIDEDFFCPE inst u_ips2l_pcie_wrap/U_IPS2L_PCIE_TOP/U_IPS2L_HSSTLP_PCIE_SOFT_PHY/button_rstn_sync/sig_async_ff that is stuck at constant 1.
W: Removed bmsWIDEDFFCPE inst u_ips2l_pcie_wrap/U_IPS2L_PCIE_TOP/U_IPS2L_HSSTLP_PCIE_SOFT_PHY/hsst_pciex4_rst/mac_clk_req_n_sync/sig_async_ff that is stuck at constant 0.
W: Removed bmsWIDEDFFCPE inst u_ips2l_pcie_wrap/U_IPS2L_PCIE_TOP/U_IPS2L_HSSTLP_PCIE_SOFT_PHY/hsst_pciex4_rst/ext_rstn_debounce/rs1 that is stuck at constant 1.
W: Removed bmsWIDEDFFCPE inst u_ips2l_pcie_wrap/U_IPS2L_PCIE_TOP/U_IPS2L_HSSTLP_PCIE_SOFT_PHY/hsst_pciex4_rst/hsst_rx_rst_mcrsw/link_num_sync/sig_async_ff that is stuck at constant 0.
W: Removed bmsWIDEDFFCPE inst u_ips2l_pcie_wrap/U_IPS2L_PCIE_TOP/U_IPS2L_HSSTLP_PCIE_SOFT_PHY/hsst_pciex4_rst/hsst_rx_rst_mcrsw/link_num_synced[1:0] at 0 that is stuck at constant 0.
W: Removed bmsWIDEDFFCPE inst u_ips2l_pcie_wrap/U_IPS2L_PCIE_TOP/U_IPS2L_HSSTLP_PCIE_SOFT_PHY/hsst_pciex4_rst/hsst_rx_rst_mcrsw/link_num_synced[1:0] at 1 that is stuck at constant 0.
W: Removed bmsWIDEDFFCPE inst u_ips2l_pcie_wrap/U_IPS2L_PCIE_TOP/U_IPS2L_HSSTLP_PCIE_SOFT_PHY/hsst_pciex4_rst/hsst_rx_rst_mcrsw/genblk1[2].hsst_rst4mcrsw_rx_init/word_align_multi_sw_sync/sig_async_ff that is stuck at constant 0.
W: Removed bmsWIDEDFFCPE inst u_ips2l_pcie_wrap/U_IPS2L_PCIE_TOP/U_IPS2L_HSSTLP_PCIE_SOFT_PHY/hsst_pciex4_rst/hsst_rx_rst_mcrsw/genblk1[2].hsst_rst4mcrsw_rx_init/cdr_align_multi_sw_sync/sig_async_ff that is stuck at constant 0.
W: Removed bmsWIDEDFFCPE inst u_ips2l_pcie_wrap/U_IPS2L_PCIE_TOP/U_IPS2L_HSSTLP_PCIE_SOFT_PHY/hsst_pciex4_rst/hsst_rx_rst_mcrsw/genblk1[3].hsst_rst4mcrsw_rx_init/word_align_multi_sw_sync/sig_async_ff that is stuck at constant 0.
W: Removed bmsWIDEDFFCPE inst u_ips2l_pcie_wrap/U_IPS2L_PCIE_TOP/U_IPS2L_HSSTLP_PCIE_SOFT_PHY/hsst_pciex4_rst/hsst_rx_rst_mcrsw/genblk1[3].hsst_rst4mcrsw_rx_init/cdr_align_multi_sw_sync/sig_async_ff that is stuck at constant 0.
W: Removed bmsWIDEDFFCPE inst I_ips_ddr_top/u_ddrphy_top/u_force_read_clk_ctrl_sync/sig_async_r1[0] that is stuck at constant 0.
W: Removed bmsWIDEDFFCPE inst I_ips_ddr_top/u_ddrphy_top/u_force_samp_position_sync/sig_async_r1[0] that is stuck at constant 0.
W: Removed bmsWIDEDFFCPE inst I_ips_ddr_top/u_ddrphy_top/u_samp_position_dyn_adj_sync/sig_async_r1[0] that is stuck at constant 0.
W: Removed bmsWIDEDFFCPE inst I_ips_ddr_top/u_ddrphy_top/u_wrcal_position_dyn_adj_sync/sig_async_r1[0] that is stuck at constant 0.
W: Removed bmsWIDEDFFCPE inst I_ips_ddr_top/u_ddrphy_top/ddrphy_cpd_ctrl/debug_cpd_offset_adj_d[2:0] at 0 that is stuck at constant 0.
W: Removed bmsWIDEDFFCPE inst I_ips_ddr_top/u_ddrphy_top/ddrphy_cpd_ctrl/debug_cpd_offset_adj_d[2:0] at 1 that is stuck at constant 0.
W: Removed bmsWIDEDFFCPE inst I_ips_ddr_top/u_ddrphy_top/ddrphy_cpd_ctrl/debug_cpd_offset_adj_d[2:0] at 2 that is stuck at constant 0.
W: Removed bmsWIDEDFFCPE inst I_ips_ddr_top/u_ddrphy_top/ddrphy_dfi/ddrphy_update_sync[1:0] at 0 that is stuck at constant 0.
W: Removed bmsWIDEDFFCPE inst I_ips_ddr_top/u_ddrphy_top/ddrphy_dfi/ddrphy_update_sync[1:0] at 1 that is stuck at constant 0.
W: Removed bmsWIDEDFFCPE inst I_ips_ddr_top/u_ddrphy_top/ddrphy_reset_ctrl/dbg_cpd_start_d[2:0] at 0 that is stuck at constant 0.
W: Removed bmsWIDEDFFCPE inst I_ips_ddr_top/u_ddrphy_top/ddrphy_reset_ctrl/dbg_cpd_start_d[2:0] at 1 that is stuck at constant 0.
W: Removed bmsWIDEDFFCPE inst I_ips_ddr_top/u_ddrphy_top/ddrphy_reset_ctrl/dbg_cpd_start_d[2:0] at 2 that is stuck at constant 0.
W: Removed bmsWIDEDFFCPE inst I_ips_ddr_top/u_ddrphy_top/ddrphy_reset_ctrl/dbg_gate_start_d[2:0] at 0 that is stuck at constant 0.
W: Removed bmsWIDEDFFCPE inst I_ips_ddr_top/u_ddrphy_top/ddrphy_reset_ctrl/dbg_gate_start_d[2:0] at 1 that is stuck at constant 0.
W: Removed bmsWIDEDFFCPE inst I_ips_ddr_top/u_ddrphy_top/ddrphy_reset_ctrl/dbg_gate_start_d[2:0] at 2 that is stuck at constant 0.
W: Removed bmsWIDEDFFCPE inst I_ips_ddr_top/u_ddrphy_top/ddrphy_reset_ctrl/dbg_gpll_scan_rst_d[1:0] at 0 that is stuck at constant 0.
W: Removed bmsWIDEDFFCPE inst I_ips_ddr_top/u_ddrphy_top/ddrphy_reset_ctrl/dbg_gpll_scan_rst_d[1:0] at 1 that is stuck at constant 0.
W: Removed bmsWIDEDFFCPE inst I_ips_ddr_top/u_ips_ddrc_top/mcdq_apb_cross_v1_2/src_dly[2:0] at 0 that is stuck at constant 0.
W: Removed bmsWIDEDFFCPE inst I_ips_ddr_top/u_ips_ddrc_top/mcdq_apb_cross_v1_2/src_dly[2:0] at 1 that is stuck at constant 0.
W: Removed bmsWIDEDFFCPE inst I_ips_ddr_top/u_ips_ddrc_top/mcdq_apb_cross_v1_2/src_dly[2:0] at 2 that is stuck at constant 0.
W: Removed bmsWIDEDFFCPE inst I_ips_ddr_top/u_ips_ddrc_top/mcdq_apb_cross_v1_2/src_p_addr[7:0] at 0 that is stuck at constant 0.
W: Removed bmsWIDEDFFCPE inst I_ips_ddr_top/u_ips_ddrc_top/mcdq_apb_cross_v1_2/src_p_addr[7:0] at 1 that is stuck at constant 0.
W: Removed bmsWIDEDFFCPE inst I_ips_ddr_top/u_ips_ddrc_top/mcdq_apb_cross_v1_2/src_p_addr[7:0] at 2 that is stuck at constant 0.
W: Removed bmsWIDEDFFCPE inst I_ips_ddr_top/u_ips_ddrc_top/mcdq_apb_cross_v1_2/src_p_addr[7:0] at 3 that is stuck at constant 0.
W: Removed bmsWIDEDFFCPE inst I_ips_ddr_top/u_ips_ddrc_top/mcdq_apb_cross_v1_2/src_p_addr[7:0] at 4 that is stuck at constant 0.
W: Removed bmsWIDEDFFCPE inst I_ips_ddr_top/u_ips_ddrc_top/mcdq_apb_cross_v1_2/src_p_addr[7:0] at 5 that is stuck at constant 0.
W: Removed bmsWIDEDFFCPE inst I_ips_ddr_top/u_ips_ddrc_top/mcdq_apb_cross_v1_2/src_p_addr[7:0] at 6 that is stuck at constant 0.
W: Removed bmsWIDEDFFCPE inst I_ips_ddr_top/u_ips_ddrc_top/mcdq_apb_cross_v1_2/src_p_addr[7:0] at 7 that is stuck at constant 0.
W: Removed bmsWIDEDFFCPE inst I_ips_ddr_top/u_ips_ddrc_top/mcdq_apb_cross_v1_2/src_p_sel that is stuck at constant 0.
W: Removed bmsWIDEDFFCPE inst I_ips_ddr_top/u_ips_ddrc_top/mcdq_apb_cross_v1_2/src_p_wdata[15:0] at 0 that is stuck at constant 0.
W: Removed bmsWIDEDFFCPE inst I_ips_ddr_top/u_ips_ddrc_top/mcdq_apb_cross_v1_2/src_p_wdata[15:0] at 1 that is stuck at constant 0.
W: Removed bmsWIDEDFFCPE inst I_ips_ddr_top/u_ips_ddrc_top/mcdq_apb_cross_v1_2/src_p_wdata[15:0] at 2 that is stuck at constant 0.
W: Removed bmsWIDEDFFCPE inst I_ips_ddr_top/u_ips_ddrc_top/mcdq_apb_cross_v1_2/src_p_wdata[15:0] at 3 that is stuck at constant 0.
W: Removed bmsWIDEDFFCPE inst I_ips_ddr_top/u_ips_ddrc_top/mcdq_apb_cross_v1_2/src_p_wdata[15:0] at 4 that is stuck at constant 0.
W: Removed bmsWIDEDFFCPE inst I_ips_ddr_top/u_ips_ddrc_top/mcdq_apb_cross_v1_2/src_p_wdata[15:0] at 5 that is stuck at constant 0.
W: Removed bmsWIDEDFFCPE inst I_ips_ddr_top/u_ips_ddrc_top/mcdq_apb_cross_v1_2/src_p_wdata[15:0] at 6 that is stuck at constant 0.
W: Removed bmsWIDEDFFCPE inst I_ips_ddr_top/u_ips_ddrc_top/mcdq_apb_cross_v1_2/src_p_wdata[15:0] at 7 that is stuck at constant 0.
W: Removed bmsWIDEDFFCPE inst I_ips_ddr_top/u_ips_ddrc_top/mcdq_apb_cross_v1_2/src_p_wdata[15:0] at 8 that is stuck at constant 0.
W: Removed bmsWIDEDFFCPE inst I_ips_ddr_top/u_ips_ddrc_top/mcdq_apb_cross_v1_2/src_p_wdata[15:0] at 9 that is stuck at constant 0.
W: Removed bmsWIDEDFFCPE inst I_ips_ddr_top/u_ips_ddrc_top/mcdq_apb_cross_v1_2/src_p_wdata[15:0] at 10 that is stuck at constant 0.
W: Removed bmsWIDEDFFCPE inst I_ips_ddr_top/u_ips_ddrc_top/mcdq_apb_cross_v1_2/src_p_wdata[15:0] at 11 that is stuck at constant 0.
W: Removed bmsWIDEDFFCPE inst I_ips_ddr_top/u_ips_ddrc_top/mcdq_apb_cross_v1_2/src_p_wdata[15:0] at 12 that is stuck at constant 0.
W: Removed bmsWIDEDFFCPE inst I_ips_ddr_top/u_ips_ddrc_top/mcdq_apb_cross_v1_2/src_p_wdata[15:0] at 13 that is stuck at constant 0.
W: Removed bmsWIDEDFFCPE inst I_ips_ddr_top/u_ips_ddrc_top/mcdq_apb_cross_v1_2/src_p_wdata[15:0] at 14 that is stuck at constant 0.
W: Removed bmsWIDEDFFCPE inst I_ips_ddr_top/u_ips_ddrc_top/mcdq_apb_cross_v1_2/src_p_wdata[15:0] at 15 that is stuck at constant 0.
W: Removed bmsWIDEDFFCPE inst I_ips_ddr_top/u_ips_ddrc_top/mcdq_apb_cross_v1_2/src_p_write that is stuck at constant 0.
W: Removed bmsWIDEDFFCPE inst I_ips_ddr_top/u_ips_ddrc_top/mcdq_calib_delay/calib_norm_addr_m[14:0] at 10 that is stuck at constant 0.
W: Removed bmsWIDEDFFCPE inst I_ips_ddr_top/u_ips_ddrc_top/mcdq_calib_delay/calib_norm_addr_m[14:0] at 11 that is stuck at constant 0.
W: Removed bmsWIDEDFFCPE inst I_ips_ddr_top/u_ips_ddrc_top/mcdq_calib_delay/calib_norm_addr_m[14:0] at 12 that is stuck at constant 0.
W: Removed bmsWIDEDFFCPE inst I_ips_ddr_top/u_ips_ddrc_top/mcdq_calib_delay/calib_norm_addr_m[14:0] at 13 that is stuck at constant 0.
W: Removed bmsWIDEDFFCPE inst I_ips_ddr_top/u_ips_ddrc_top/mcdq_calib_delay/calib_norm_addr_m[14:0] at 14 that is stuck at constant 0.
W: Removed bmsWIDEDFFCPE inst I_ips_ddr_top/u_ips_ddrc_top/mcdq_calib_delay/calib_norm_cmd_m[7:0] at 5 that is stuck at constant 0.
W: Removed bmsWIDEDFFCPE inst I_ips_ddr_top/u_ips_ddrc_top/mcdq_dcd_top/mcdq_dcd_bm/ddr_zqcs_req_d[1:0] at 0 that is stuck at constant 0.
W: Removed bmsWIDEDFFCPE inst I_ips_ddr_top/u_ips_ddrc_top/mcdq_dcd_top/mcdq_dcd_bm/ddr_zqcs_req_d[1:0] at 1 that is stuck at constant 0.
W: Removed bmsWIDEDFFCPE inst u_ips2l_pcie_dma/u_ips2l_pcie_dma_controller/apb_cmd_data[31:0] at 0 that is stuck at constant 0.
W: Removed bmsWIDEDFFCPE inst u_ips2l_pcie_dma/u_ips2l_pcie_dma_controller/apb_cmd_data[31:0] at 1 that is stuck at constant 0.
W: Removed bmsWIDEDFFCPE inst u_ips2l_pcie_dma/u_ips2l_pcie_dma_controller/apb_cmd_data[31:0] at 2 that is stuck at constant 0.
W: Removed bmsWIDEDFFCPE inst u_ips2l_pcie_dma/u_ips2l_pcie_dma_controller/apb_cmd_data[31:0] at 3 that is stuck at constant 0.
W: Removed bmsWIDEDFFCPE inst u_ips2l_pcie_dma/u_ips2l_pcie_dma_controller/apb_cmd_data[31:0] at 4 that is stuck at constant 0.
W: Removed bmsWIDEDFFCPE inst u_ips2l_pcie_dma/u_ips2l_pcie_dma_controller/apb_cmd_data[31:0] at 5 that is stuck at constant 0.
W: Removed bmsWIDEDFFCPE inst u_ips2l_pcie_dma/u_ips2l_pcie_dma_controller/apb_cmd_data[31:0] at 6 that is stuck at constant 0.
W: Removed bmsWIDEDFFCPE inst u_ips2l_pcie_dma/u_ips2l_pcie_dma_controller/apb_cmd_data[31:0] at 7 that is stuck at constant 0.
W: Removed bmsWIDEDFFCPE inst u_ips2l_pcie_dma/u_ips2l_pcie_dma_controller/apb_cmd_data[31:0] at 8 that is stuck at constant 0.
W: Removed bmsWIDEDFFCPE inst u_ips2l_pcie_dma/u_ips2l_pcie_dma_controller/apb_cmd_data[31:0] at 9 that is stuck at constant 0.
W: Removed bmsWIDEDFFCPE inst u_ips2l_pcie_dma/u_ips2l_pcie_dma_controller/apb_cmd_data[31:0] at 10 that is stuck at constant 0.
W: Removed bmsWIDEDFFCPE inst u_ips2l_pcie_dma/u_ips2l_pcie_dma_controller/apb_cmd_data[31:0] at 11 that is stuck at constant 0.
W: Removed bmsWIDEDFFCPE inst u_ips2l_pcie_dma/u_ips2l_pcie_dma_controller/apb_cmd_data[31:0] at 12 that is stuck at constant 0.
W: Removed bmsWIDEDFFCPE inst u_ips2l_pcie_dma/u_ips2l_pcie_dma_controller/apb_cmd_data[31:0] at 13 that is stuck at constant 0.
W: Removed bmsWIDEDFFCPE inst u_ips2l_pcie_dma/u_ips2l_pcie_dma_controller/apb_cmd_data[31:0] at 14 that is stuck at constant 0.
W: Removed bmsWIDEDFFCPE inst u_ips2l_pcie_dma/u_ips2l_pcie_dma_controller/apb_cmd_data[31:0] at 15 that is stuck at constant 0.
W: Removed bmsWIDEDFFCPE inst u_ips2l_pcie_dma/u_ips2l_pcie_dma_controller/apb_cmd_data[31:0] at 16 that is stuck at constant 0.
W: Removed bmsWIDEDFFCPE inst u_ips2l_pcie_dma/u_ips2l_pcie_dma_controller/apb_cmd_data[31:0] at 17 that is stuck at constant 0.
W: Removed bmsWIDEDFFCPE inst u_ips2l_pcie_dma/u_ips2l_pcie_dma_controller/apb_cmd_data[31:0] at 18 that is stuck at constant 0.
W: Removed bmsWIDEDFFCPE inst u_ips2l_pcie_dma/u_ips2l_pcie_dma_controller/apb_cmd_data[31:0] at 19 that is stuck at constant 0.
W: Removed bmsWIDEDFFCPE inst u_ips2l_pcie_dma/u_ips2l_pcie_dma_controller/apb_cmd_data[31:0] at 20 that is stuck at constant 0.
W: Removed bmsWIDEDFFCPE inst u_ips2l_pcie_dma/u_ips2l_pcie_dma_controller/apb_cmd_data[31:0] at 21 that is stuck at constant 0.
W: Removed bmsWIDEDFFCPE inst u_ips2l_pcie_dma/u_ips2l_pcie_dma_controller/apb_cmd_data[31:0] at 22 that is stuck at constant 0.
W: Removed bmsWIDEDFFCPE inst u_ips2l_pcie_dma/u_ips2l_pcie_dma_controller/apb_cmd_data[31:0] at 23 that is stuck at constant 0.
W: Removed bmsWIDEDFFCPE inst u_ips2l_pcie_dma/u_ips2l_pcie_dma_controller/apb_cmd_data[31:0] at 24 that is stuck at constant 0.
W: Removed bmsWIDEDFFCPE inst u_ips2l_pcie_dma/u_ips2l_pcie_dma_controller/apb_cmd_data[31:0] at 25 that is stuck at constant 0.
W: Removed bmsWIDEDFFCPE inst u_ips2l_pcie_dma/u_ips2l_pcie_dma_controller/apb_cmd_data[31:0] at 26 that is stuck at constant 0.
W: Removed bmsWIDEDFFCPE inst u_ips2l_pcie_dma/u_ips2l_pcie_dma_controller/apb_cmd_data[31:0] at 27 that is stuck at constant 0.
W: Removed bmsWIDEDFFCPE inst u_ips2l_pcie_dma/u_ips2l_pcie_dma_controller/apb_cmd_data[31:0] at 28 that is stuck at constant 0.
W: Removed bmsWIDEDFFCPE inst u_ips2l_pcie_dma/u_ips2l_pcie_dma_controller/apb_cmd_data[31:0] at 29 that is stuck at constant 0.
W: Removed bmsWIDEDFFCPE inst u_ips2l_pcie_dma/u_ips2l_pcie_dma_controller/apb_cmd_data[31:0] at 30 that is stuck at constant 0.
W: Removed bmsWIDEDFFCPE inst u_ips2l_pcie_dma/u_ips2l_pcie_dma_controller/apb_cmd_data[31:0] at 31 that is stuck at constant 0.
W: Removed bmsWIDEDFFCPE inst u_ips2l_pcie_dma/u_ips2l_pcie_dma_tx_top/u_ips2l_pcie_dma_cpld_tx_ctrl/u_cpld_req_fifo/genblk1.rd_data_ff1[103:0] at 0 that is stuck at constant 0.
W: Removed bmsWIDEDFFCPE inst u_ips2l_pcie_dma/u_ips2l_pcie_dma_tx_top/u_ips2l_pcie_dma_cpld_tx_ctrl/u_cpld_req_fifo/genblk1.rd_data_ff1[103:0] at 1 that is stuck at constant 0.
W: Removed bmsWIDEDFFCPE inst u_ips2l_pcie_wrap/U_IPS2L_PCIE_TOP/U_IPS2L_HSSTLP_PCIE_SOFT_PHY/button_rstn_sync/sig_synced that is stuck at constant 1.
W: Removed bmsWIDEDFFCPE inst u_ips2l_pcie_wrap/U_IPS2L_PCIE_TOP/U_IPS2L_HSSTLP_PCIE_SOFT_PHY/hsst_pciex4_rst/mac_clk_req_n_sync/sig_synced that is stuck at constant 0.
W: Removed bmsWIDEDFFCPE inst u_ips2l_pcie_wrap/U_IPS2L_PCIE_TOP/U_IPS2L_HSSTLP_PCIE_SOFT_PHY/hsst_pciex4_rst/ext_rstn_debounce/rs2 that is stuck at constant 1.
W: Removed bmsWIDEDFFCPE inst u_ips2l_pcie_wrap/U_IPS2L_PCIE_TOP/U_IPS2L_HSSTLP_PCIE_SOFT_PHY/hsst_pciex4_rst/hsst_rx_rst_mcrsw/link_num_sync/sig_synced that is stuck at constant 0.
W: Removed bmsWIDEDFFCPE inst u_ips2l_pcie_wrap/U_IPS2L_PCIE_TOP/U_IPS2L_HSSTLP_PCIE_SOFT_PHY/hsst_pciex4_rst/hsst_rx_rst_mcrsw/genblk1[2].hsst_rst4mcrsw_rx_init/word_align_multi_sw_sync/sig_synced that is stuck at constant 0.
W: Removed bmsWIDEDFFCPE inst u_ips2l_pcie_wrap/U_IPS2L_PCIE_TOP/U_IPS2L_HSSTLP_PCIE_SOFT_PHY/hsst_pciex4_rst/hsst_rx_rst_mcrsw/genblk1[2].hsst_rst4mcrsw_rx_init/cdr_align_multi_sw_sync/sig_synced that is stuck at constant 0.
W: Removed bmsWIDEDFFCPE inst u_ips2l_pcie_wrap/U_IPS2L_PCIE_TOP/U_IPS2L_HSSTLP_PCIE_SOFT_PHY/hsst_pciex4_rst/hsst_rx_rst_mcrsw/genblk1[3].hsst_rst4mcrsw_rx_init/word_align_multi_sw_sync/sig_synced that is stuck at constant 0.
W: Removed bmsWIDEDFFCPE inst u_ips2l_pcie_wrap/U_IPS2L_PCIE_TOP/U_IPS2L_HSSTLP_PCIE_SOFT_PHY/hsst_pciex4_rst/hsst_rx_rst_mcrsw/genblk1[3].hsst_rst4mcrsw_rx_init/cdr_align_multi_sw_sync/sig_synced that is stuck at constant 0.
W: Removed bmsWIDEDFFCPE inst u_ips2l_pcie_wrap/U_IPS2L_PCIE_TOP/u_pcie_apb_mux/u_pcie_apb_cross/src_p_sel that is stuck at constant 0.
W: Removed bmsWIDEDFFCPE inst u_ips2l_pcie_wrap/U_IPS2L_PCIE_TOP/u_pcie_apb_mux/u_pcie_apb_cross/src_p_strb[3:0] at 0 that is stuck at constant 0.
W: Removed bmsWIDEDFFCPE inst u_ips2l_pcie_wrap/U_IPS2L_PCIE_TOP/u_pcie_apb_mux/u_pcie_apb_cross/src_p_strb[3:0] at 1 that is stuck at constant 0.
W: Removed bmsWIDEDFFCPE inst u_ips2l_pcie_wrap/U_IPS2L_PCIE_TOP/u_pcie_apb_mux/u_pcie_apb_cross/src_p_strb[3:0] at 2 that is stuck at constant 0.
W: Removed bmsWIDEDFFCPE inst u_ips2l_pcie_wrap/U_IPS2L_PCIE_TOP/u_pcie_apb_mux/u_pcie_apb_cross/src_p_strb[3:0] at 3 that is stuck at constant 0.
W: Removed bmsWIDEDFFCPE inst u_ips2l_pcie_wrap/U_IPS2L_PCIE_TOP/u_pcie_apb_mux/u_pcie_apb_cross/src_p_addr[15:0] at 0 that is stuck at constant 0.
W: Removed bmsWIDEDFFCPE inst u_ips2l_pcie_wrap/U_IPS2L_PCIE_TOP/u_pcie_apb_mux/u_pcie_apb_cross/src_p_addr[15:0] at 1 that is stuck at constant 0.
W: Removed bmsWIDEDFFCPE inst u_ips2l_pcie_wrap/U_IPS2L_PCIE_TOP/u_pcie_apb_mux/u_pcie_apb_cross/src_p_addr[15:0] at 2 that is stuck at constant 0.
W: Removed bmsWIDEDFFCPE inst u_ips2l_pcie_wrap/U_IPS2L_PCIE_TOP/u_pcie_apb_mux/u_pcie_apb_cross/src_p_addr[15:0] at 3 that is stuck at constant 0.
W: Removed bmsWIDEDFFCPE inst u_ips2l_pcie_wrap/U_IPS2L_PCIE_TOP/u_pcie_apb_mux/u_pcie_apb_cross/src_p_addr[15:0] at 4 that is stuck at constant 0.
W: Removed bmsWIDEDFFCPE inst u_ips2l_pcie_wrap/U_IPS2L_PCIE_TOP/u_pcie_apb_mux/u_pcie_apb_cross/src_p_addr[15:0] at 5 that is stuck at constant 0.
W: Removed bmsWIDEDFFCPE inst u_ips2l_pcie_wrap/U_IPS2L_PCIE_TOP/u_pcie_apb_mux/u_pcie_apb_cross/src_p_addr[15:0] at 6 that is stuck at constant 0.
W: Removed bmsWIDEDFFCPE inst u_ips2l_pcie_wrap/U_IPS2L_PCIE_TOP/u_pcie_apb_mux/u_pcie_apb_cross/src_p_addr[15:0] at 7 that is stuck at constant 0.
W: Removed bmsWIDEDFFCPE inst u_ips2l_pcie_wrap/U_IPS2L_PCIE_TOP/u_pcie_apb_mux/u_pcie_apb_cross/src_p_addr[15:0] at 8 that is stuck at constant 0.
W: Removed bmsWIDEDFFCPE inst u_ips2l_pcie_wrap/U_IPS2L_PCIE_TOP/u_pcie_apb_mux/u_pcie_apb_cross/src_p_addr[15:0] at 9 that is stuck at constant 0.
W: Removed bmsWIDEDFFCPE inst u_ips2l_pcie_wrap/U_IPS2L_PCIE_TOP/u_pcie_apb_mux/u_pcie_apb_cross/src_p_addr[15:0] at 10 that is stuck at constant 0.
W: Removed bmsWIDEDFFCPE inst u_ips2l_pcie_wrap/U_IPS2L_PCIE_TOP/u_pcie_apb_mux/u_pcie_apb_cross/src_p_addr[15:0] at 11 that is stuck at constant 0.
W: Removed bmsWIDEDFFCPE inst u_ips2l_pcie_wrap/U_IPS2L_PCIE_TOP/u_pcie_apb_mux/u_pcie_apb_cross/src_p_wdata[31:0] at 0 that is stuck at constant 0.
W: Removed bmsWIDEDFFCPE inst u_ips2l_pcie_wrap/U_IPS2L_PCIE_TOP/u_pcie_apb_mux/u_pcie_apb_cross/src_p_wdata[31:0] at 1 that is stuck at constant 0.
W: Removed bmsWIDEDFFCPE inst u_ips2l_pcie_wrap/U_IPS2L_PCIE_TOP/u_pcie_apb_mux/u_pcie_apb_cross/src_p_wdata[31:0] at 2 that is stuck at constant 0.
W: Removed bmsWIDEDFFCPE inst u_ips2l_pcie_wrap/U_IPS2L_PCIE_TOP/u_pcie_apb_mux/u_pcie_apb_cross/src_p_wdata[31:0] at 3 that is stuck at constant 0.
W: Removed bmsWIDEDFFCPE inst u_ips2l_pcie_wrap/U_IPS2L_PCIE_TOP/u_pcie_apb_mux/u_pcie_apb_cross/src_p_wdata[31:0] at 4 that is stuck at constant 0.
W: Removed bmsWIDEDFFCPE inst u_ips2l_pcie_wrap/U_IPS2L_PCIE_TOP/u_pcie_apb_mux/u_pcie_apb_cross/src_p_wdata[31:0] at 5 that is stuck at constant 0.
W: Removed bmsWIDEDFFCPE inst u_ips2l_pcie_wrap/U_IPS2L_PCIE_TOP/u_pcie_apb_mux/u_pcie_apb_cross/src_p_wdata[31:0] at 6 that is stuck at constant 0.
W: Removed bmsWIDEDFFCPE inst u_ips2l_pcie_wrap/U_IPS2L_PCIE_TOP/u_pcie_apb_mux/u_pcie_apb_cross/src_p_wdata[31:0] at 7 that is stuck at constant 0.
W: Removed bmsWIDEDFFCPE inst u_ips2l_pcie_wrap/U_IPS2L_PCIE_TOP/u_pcie_apb_mux/u_pcie_apb_cross/src_p_wdata[31:0] at 8 that is stuck at constant 0.
W: Removed bmsWIDEDFFCPE inst u_ips2l_pcie_wrap/U_IPS2L_PCIE_TOP/u_pcie_apb_mux/u_pcie_apb_cross/src_p_wdata[31:0] at 9 that is stuck at constant 0.
W: Removed bmsWIDEDFFCPE inst u_ips2l_pcie_wrap/U_IPS2L_PCIE_TOP/u_pcie_apb_mux/u_pcie_apb_cross/src_p_wdata[31:0] at 10 that is stuck at constant 0.
W: Removed bmsWIDEDFFCPE inst u_ips2l_pcie_wrap/U_IPS2L_PCIE_TOP/u_pcie_apb_mux/u_pcie_apb_cross/src_p_wdata[31:0] at 11 that is stuck at constant 0.
W: Removed bmsWIDEDFFCPE inst u_ips2l_pcie_wrap/U_IPS2L_PCIE_TOP/u_pcie_apb_mux/u_pcie_apb_cross/src_p_wdata[31:0] at 12 that is stuck at constant 0.
W: Removed bmsWIDEDFFCPE inst u_ips2l_pcie_wrap/U_IPS2L_PCIE_TOP/u_pcie_apb_mux/u_pcie_apb_cross/src_p_wdata[31:0] at 13 that is stuck at constant 0.
W: Removed bmsWIDEDFFCPE inst u_ips2l_pcie_wrap/U_IPS2L_PCIE_TOP/u_pcie_apb_mux/u_pcie_apb_cross/src_p_wdata[31:0] at 14 that is stuck at constant 0.
W: Removed bmsWIDEDFFCPE inst u_ips2l_pcie_wrap/U_IPS2L_PCIE_TOP/u_pcie_apb_mux/u_pcie_apb_cross/src_p_wdata[31:0] at 15 that is stuck at constant 0.
W: Removed bmsWIDEDFFCPE inst u_ips2l_pcie_wrap/U_IPS2L_PCIE_TOP/u_pcie_apb_mux/u_pcie_apb_cross/src_p_wdata[31:0] at 16 that is stuck at constant 0.
W: Removed bmsWIDEDFFCPE inst u_ips2l_pcie_wrap/U_IPS2L_PCIE_TOP/u_pcie_apb_mux/u_pcie_apb_cross/src_p_wdata[31:0] at 17 that is stuck at constant 0.
W: Removed bmsWIDEDFFCPE inst u_ips2l_pcie_wrap/U_IPS2L_PCIE_TOP/u_pcie_apb_mux/u_pcie_apb_cross/src_p_wdata[31:0] at 18 that is stuck at constant 0.
W: Removed bmsWIDEDFFCPE inst u_ips2l_pcie_wrap/U_IPS2L_PCIE_TOP/u_pcie_apb_mux/u_pcie_apb_cross/src_p_wdata[31:0] at 19 that is stuck at constant 0.
W: Removed bmsWIDEDFFCPE inst u_ips2l_pcie_wrap/U_IPS2L_PCIE_TOP/u_pcie_apb_mux/u_pcie_apb_cross/src_p_wdata[31:0] at 20 that is stuck at constant 0.
W: Removed bmsWIDEDFFCPE inst u_ips2l_pcie_wrap/U_IPS2L_PCIE_TOP/u_pcie_apb_mux/u_pcie_apb_cross/src_p_wdata[31:0] at 21 that is stuck at constant 0.
W: Removed bmsWIDEDFFCPE inst u_ips2l_pcie_wrap/U_IPS2L_PCIE_TOP/u_pcie_apb_mux/u_pcie_apb_cross/src_p_wdata[31:0] at 22 that is stuck at constant 0.
W: Removed bmsWIDEDFFCPE inst u_ips2l_pcie_wrap/U_IPS2L_PCIE_TOP/u_pcie_apb_mux/u_pcie_apb_cross/src_p_wdata[31:0] at 23 that is stuck at constant 0.
W: Removed bmsWIDEDFFCPE inst u_ips2l_pcie_wrap/U_IPS2L_PCIE_TOP/u_pcie_apb_mux/u_pcie_apb_cross/src_p_wdata[31:0] at 24 that is stuck at constant 0.
W: Removed bmsWIDEDFFCPE inst u_ips2l_pcie_wrap/U_IPS2L_PCIE_TOP/u_pcie_apb_mux/u_pcie_apb_cross/src_p_wdata[31:0] at 25 that is stuck at constant 0.
W: Removed bmsWIDEDFFCPE inst u_ips2l_pcie_wrap/U_IPS2L_PCIE_TOP/u_pcie_apb_mux/u_pcie_apb_cross/src_p_wdata[31:0] at 26 that is stuck at constant 0.
W: Removed bmsWIDEDFFCPE inst u_ips2l_pcie_wrap/U_IPS2L_PCIE_TOP/u_pcie_apb_mux/u_pcie_apb_cross/src_p_wdata[31:0] at 27 that is stuck at constant 0.
W: Removed bmsWIDEDFFCPE inst u_ips2l_pcie_wrap/U_IPS2L_PCIE_TOP/u_pcie_apb_mux/u_pcie_apb_cross/src_p_wdata[31:0] at 28 that is stuck at constant 0.
W: Removed bmsWIDEDFFCPE inst u_ips2l_pcie_wrap/U_IPS2L_PCIE_TOP/u_pcie_apb_mux/u_pcie_apb_cross/src_p_wdata[31:0] at 29 that is stuck at constant 0.
W: Removed bmsWIDEDFFCPE inst u_ips2l_pcie_wrap/U_IPS2L_PCIE_TOP/u_pcie_apb_mux/u_pcie_apb_cross/src_p_wdata[31:0] at 30 that is stuck at constant 0.
W: Removed bmsWIDEDFFCPE inst u_ips2l_pcie_wrap/U_IPS2L_PCIE_TOP/u_pcie_apb_mux/u_pcie_apb_cross/src_p_wdata[31:0] at 31 that is stuck at constant 0.
W: Removed bmsWIDEDFFCPE inst u_ips2l_pcie_wrap/U_IPS2L_PCIE_TOP/u_pcie_apb_mux/u_pcie_apb_cross/src_p_we that is stuck at constant 0.
W: Removed bmsWIDEDFFCPE inst I_ips_ddr_top/u_ddrphy_top/u_force_read_clk_ctrl_sync/sig_async_r2[0] that is stuck at constant 0.
W: Removed bmsWIDEDFFCPE inst I_ips_ddr_top/u_ddrphy_top/u_force_samp_position_sync/sig_async_r2[0] that is stuck at constant 0.
W: Removed bmsWIDEDFFCPE inst I_ips_ddr_top/u_ddrphy_top/u_samp_position_dyn_adj_sync/sig_async_r2[0] that is stuck at constant 0.
W: Removed bmsWIDEDFFCPE inst I_ips_ddr_top/u_ddrphy_top/u_wrcal_position_dyn_adj_sync/sig_async_r2[0] that is stuck at constant 0.
W: Removed bmsWIDEDFFCPE inst I_ips_ddr_top/u_ddrphy_top/ddrphy_calib_top/ddrphy_upcal/comp_val[3:0] at 1 that is stuck at constant 0.
W: Removed bmsWIDEDFFCPE inst I_ips_ddr_top/u_ddrphy_top/ddrphy_calib_top/ddrphy_upcal/comp_val[3:0] at 3 that is stuck at constant 0.
W: Removed bmsWIDEDFFCPE inst I_ips_ddr_top/u_ddrphy_top/ddrphy_dfi/phy_cs_n_d[3:0] at 3 that is stuck at constant 1.
W: Removed bmsWIDEDFFCPE inst I_ips_ddr_top/u_ddrphy_top/ddrphy_dfi/phy_ras_n_d[3:0] at 3 that is stuck at constant 1.
W: Removed bmsWIDEDFFCPE inst I_ips_ddr_top/u_ddrphy_top/ddrphy_dfi/phy_cas_n_d[3:0] at 3 that is stuck at constant 1.
W: Removed bmsWIDEDFFCPE inst I_ips_ddr_top/u_ddrphy_top/ddrphy_dfi/phy_we_n_d[3:0] at 3 that is stuck at constant 1.
W: Removed bmsWIDEDFFCPE inst I_ips_ddr_top/u_ddrphy_top/ddrphy_dfi/phy_ba_d[11:0] at 3 that is stuck at constant 0.
W: Removed bmsWIDEDFFCPE inst I_ips_ddr_top/u_ddrphy_top/ddrphy_dfi/phy_ba_d[11:0] at 4 that is stuck at constant 0.
W: Removed bmsWIDEDFFCPE inst I_ips_ddr_top/u_ddrphy_top/ddrphy_dfi/phy_ba_d[11:0] at 5 that is stuck at constant 0.
W: Removed bmsWIDEDFFCPE inst I_ips_ddr_top/u_ddrphy_top/ddrphy_dfi/phy_ba_d[11:0] at 9 that is stuck at constant 0.
W: Removed bmsWIDEDFFCPE inst I_ips_ddr_top/u_ddrphy_top/ddrphy_dfi/phy_ba_d[11:0] at 10 that is stuck at constant 0.
W: Removed bmsWIDEDFFCPE inst I_ips_ddr_top/u_ddrphy_top/ddrphy_dfi/phy_ba_d[11:0] at 11 that is stuck at constant 0.
W: Removed bmsWIDEDFFCPE inst I_ips_ddr_top/u_ddrphy_top/ddrphy_dfi/dfi_refresh_gen[3] that is stuck at constant 0.
W: Removed bmsWIDEDFFCPE inst I_ips_ddr_top/u_ips_ddrc_top/mcdq_apb_cross_v1_2/sync_src_dly[1:0] at 0 that is stuck at constant 0.
W: Removed bmsWIDEDFFCPE inst I_ips_ddr_top/u_ips_ddrc_top/mcdq_apb_cross_v1_2/sync_src_dly[1:0] at 1 that is stuck at constant 0.
W: Removed bmsWIDEDFFCPE inst I_ips_ddr_top/u_ips_ddrc_top/mcdq_apb_cross_v1_2/o_des_p_addr[7:0] at 0 that is stuck at constant 0.
W: Removed bmsWIDEDFFCPE inst I_ips_ddr_top/u_ips_ddrc_top/mcdq_apb_cross_v1_2/o_des_p_addr[7:0] at 1 that is stuck at constant 0.
W: Removed bmsWIDEDFFCPE inst I_ips_ddr_top/u_ips_ddrc_top/mcdq_apb_cross_v1_2/o_des_p_addr[7:0] at 2 that is stuck at constant 0.
W: Removed bmsWIDEDFFCPE inst I_ips_ddr_top/u_ips_ddrc_top/mcdq_apb_cross_v1_2/o_des_p_addr[7:0] at 3 that is stuck at constant 0.
W: Removed bmsWIDEDFFCPE inst I_ips_ddr_top/u_ips_ddrc_top/mcdq_apb_cross_v1_2/o_des_p_addr[7:0] at 4 that is stuck at constant 0.
W: Removed bmsWIDEDFFCPE inst I_ips_ddr_top/u_ips_ddrc_top/mcdq_apb_cross_v1_2/o_des_p_addr[7:0] at 5 that is stuck at constant 0.
W: Removed bmsWIDEDFFCPE inst I_ips_ddr_top/u_ips_ddrc_top/mcdq_apb_cross_v1_2/o_des_p_addr[7:0] at 6 that is stuck at constant 0.
W: Removed bmsWIDEDFFCPE inst I_ips_ddr_top/u_ips_ddrc_top/mcdq_apb_cross_v1_2/o_des_p_addr[7:0] at 7 that is stuck at constant 0.
W: Removed bmsWIDEDFFCPE inst I_ips_ddr_top/u_ips_ddrc_top/mcdq_apb_cross_v1_2/sync_src_p_sel[1:0] at 0 that is stuck at constant 0.
W: Removed bmsWIDEDFFCPE inst I_ips_ddr_top/u_ips_ddrc_top/mcdq_apb_cross_v1_2/sync_src_p_sel[1:0] at 1 that is stuck at constant 0.
W: Removed bmsWIDEDFFCPE inst I_ips_ddr_top/u_ips_ddrc_top/mcdq_apb_cross_v1_2/o_des_p_wdata[15:0] at 0 that is stuck at constant 0.
W: Removed bmsWIDEDFFCPE inst I_ips_ddr_top/u_ips_ddrc_top/mcdq_apb_cross_v1_2/o_des_p_wdata[15:0] at 1 that is stuck at constant 0.
W: Removed bmsWIDEDFFCPE inst I_ips_ddr_top/u_ips_ddrc_top/mcdq_apb_cross_v1_2/o_des_p_wdata[15:0] at 2 that is stuck at constant 0.
W: Removed bmsWIDEDFFCPE inst I_ips_ddr_top/u_ips_ddrc_top/mcdq_apb_cross_v1_2/o_des_p_wdata[15:0] at 3 that is stuck at constant 0.
W: Removed bmsWIDEDFFCPE inst I_ips_ddr_top/u_ips_ddrc_top/mcdq_apb_cross_v1_2/o_des_p_wdata[15:0] at 4 that is stuck at constant 0.
W: Removed bmsWIDEDFFCPE inst I_ips_ddr_top/u_ips_ddrc_top/mcdq_apb_cross_v1_2/o_des_p_wdata[15:0] at 5 that is stuck at constant 0.
W: Removed bmsWIDEDFFCPE inst I_ips_ddr_top/u_ips_ddrc_top/mcdq_apb_cross_v1_2/o_des_p_wdata[15:0] at 6 that is stuck at constant 0.
W: Removed bmsWIDEDFFCPE inst I_ips_ddr_top/u_ips_ddrc_top/mcdq_apb_cross_v1_2/o_des_p_wdata[15:0] at 7 that is stuck at constant 0.
W: Removed bmsWIDEDFFCPE inst I_ips_ddr_top/u_ips_ddrc_top/mcdq_apb_cross_v1_2/o_des_p_wdata[15:0] at 8 that is stuck at constant 0.
W: Removed bmsWIDEDFFCPE inst I_ips_ddr_top/u_ips_ddrc_top/mcdq_apb_cross_v1_2/o_des_p_wdata[15:0] at 9 that is stuck at constant 0.
W: Removed bmsWIDEDFFCPE inst I_ips_ddr_top/u_ips_ddrc_top/mcdq_apb_cross_v1_2/o_des_p_wdata[15:0] at 10 that is stuck at constant 0.
W: Removed bmsWIDEDFFCPE inst I_ips_ddr_top/u_ips_ddrc_top/mcdq_apb_cross_v1_2/o_des_p_wdata[15:0] at 11 that is stuck at constant 0.
W: Removed bmsWIDEDFFCPE inst I_ips_ddr_top/u_ips_ddrc_top/mcdq_apb_cross_v1_2/o_des_p_wdata[15:0] at 12 that is stuck at constant 0.
W: Removed bmsWIDEDFFCPE inst I_ips_ddr_top/u_ips_ddrc_top/mcdq_apb_cross_v1_2/o_des_p_wdata[15:0] at 13 that is stuck at constant 0.
W: Removed bmsWIDEDFFCPE inst I_ips_ddr_top/u_ips_ddrc_top/mcdq_apb_cross_v1_2/o_des_p_wdata[15:0] at 14 that is stuck at constant 0.
W: Removed bmsWIDEDFFCPE inst I_ips_ddr_top/u_ips_ddrc_top/mcdq_apb_cross_v1_2/o_des_p_wdata[15:0] at 15 that is stuck at constant 0.
W: Removed bmsWIDEDFFCPE inst I_ips_ddr_top/u_ips_ddrc_top/mcdq_apb_cross_v1_2/o_des_p_write that is stuck at constant 0.
W: Removed bmsWIDEDFFCPE inst I_ips_ddr_top/u_ips_ddrc_top/mcdq_dfi/mrs2dfi_bank[2:0] at 2 that is stuck at constant 0.
W: Removed bmsWIDEDFFCPE inst I_ips_ddr_top/u_ips_ddrc_top/mcdq_ui_axi/mcdq_reg_fifo2/data_0[37:0] at 4 that is stuck at constant 0.
W: Removed bmsWIDEDFFCPE inst I_ips_ddr_top/u_ips_ddrc_top/mcdq_ui_axi/mcdq_reg_fifo2/data_0[37:0] at 5 that is stuck at constant 0.
W: Removed bmsWIDEDFFCPE inst I_ips_ddr_top/u_ips_ddrc_top/mcdq_ui_axi/mcdq_reg_fifo2/data_0[37:0] at 6 that is stuck at constant 0.
W: Removed bmsWIDEDFFCPE inst I_ips_ddr_top/u_ips_ddrc_top/mcdq_ui_axi/mcdq_reg_fifo2/data_0[37:0] at 7 that is stuck at constant 0.
W: Removed bmsWIDEDFFCPE inst I_ips_ddr_top/u_ips_ddrc_top/mcdq_ui_axi/mcdq_reg_fifo2/data_0[37:0] at 32 that is stuck at constant 0.
W: Removed bmsWIDEDFFCPE inst I_ips_ddr_top/u_ips_ddrc_top/mcdq_ui_axi/mcdq_reg_fifo2/data_0[37:0] at 33 that is stuck at constant 0.
W: Removed bmsWIDEDFFCPE inst I_ips_ddr_top/u_ips_ddrc_top/mcdq_ui_axi/mcdq_reg_fifo2/data_0[37:0] at 34 that is stuck at constant 0.
W: Removed bmsWIDEDFFCPE inst I_ips_ddr_top/u_ips_ddrc_top/mcdq_ui_axi/mcdq_reg_fifo2/data_0[37:0] at 35 that is stuck at constant 0.
W: Removed bmsWIDEDFFCPE inst I_ips_ddr_top/u_ips_ddrc_top/mcdq_ui_axi/mcdq_reg_fifo2/data_0[37:0] at 36 that is stuck at constant 0.
W: Removed bmsWIDEDFFCPE inst I_ips_ddr_top/u_ips_ddrc_top/mcdq_ui_axi/mcdq_reg_fifo2/data_1[37:0] at 4 that is stuck at constant 0.
W: Removed bmsWIDEDFFCPE inst I_ips_ddr_top/u_ips_ddrc_top/mcdq_ui_axi/mcdq_reg_fifo2/data_1[37:0] at 5 that is stuck at constant 0.
W: Removed bmsWIDEDFFCPE inst I_ips_ddr_top/u_ips_ddrc_top/mcdq_ui_axi/mcdq_reg_fifo2/data_1[37:0] at 6 that is stuck at constant 0.
W: Removed bmsWIDEDFFCPE inst I_ips_ddr_top/u_ips_ddrc_top/mcdq_ui_axi/mcdq_reg_fifo2/data_1[37:0] at 7 that is stuck at constant 0.
W: Removed bmsWIDEDFFCPE inst I_ips_ddr_top/u_ips_ddrc_top/mcdq_ui_axi/mcdq_reg_fifo2/data_1[37:0] at 32 that is stuck at constant 0.
W: Removed bmsWIDEDFFCPE inst I_ips_ddr_top/u_ips_ddrc_top/mcdq_ui_axi/mcdq_reg_fifo2/data_1[37:0] at 33 that is stuck at constant 0.
W: Removed bmsWIDEDFFCPE inst I_ips_ddr_top/u_ips_ddrc_top/mcdq_ui_axi/mcdq_reg_fifo2/data_1[37:0] at 34 that is stuck at constant 0.
W: Removed bmsWIDEDFFCPE inst I_ips_ddr_top/u_ips_ddrc_top/mcdq_ui_axi/mcdq_reg_fifo2/data_1[37:0] at 35 that is stuck at constant 0.
W: Removed bmsWIDEDFFCPE inst I_ips_ddr_top/u_ips_ddrc_top/mcdq_ui_axi/mcdq_reg_fifo2/data_1[37:0] at 36 that is stuck at constant 0.
W: Removed bmsWIDEDFFCPE inst u_ips2l_pcie_dma/u_ips2l_pcie_dma_controller/o_req_data[31:0] at 0 that is stuck at constant 0.
W: Removed bmsWIDEDFFCPE inst u_ips2l_pcie_dma/u_ips2l_pcie_dma_controller/o_req_data[31:0] at 1 that is stuck at constant 0.
W: Removed bmsWIDEDFFCPE inst u_ips2l_pcie_dma/u_ips2l_pcie_dma_controller/o_req_data[31:0] at 2 that is stuck at constant 0.
W: Removed bmsWIDEDFFCPE inst u_ips2l_pcie_dma/u_ips2l_pcie_dma_controller/o_req_data[31:0] at 3 that is stuck at constant 0.
W: Removed bmsWIDEDFFCPE inst u_ips2l_pcie_dma/u_ips2l_pcie_dma_controller/o_req_data[31:0] at 4 that is stuck at constant 0.
W: Removed bmsWIDEDFFCPE inst u_ips2l_pcie_dma/u_ips2l_pcie_dma_controller/o_req_data[31:0] at 5 that is stuck at constant 0.
W: Removed bmsWIDEDFFCPE inst u_ips2l_pcie_dma/u_ips2l_pcie_dma_controller/o_req_data[31:0] at 6 that is stuck at constant 0.
W: Removed bmsWIDEDFFCPE inst u_ips2l_pcie_dma/u_ips2l_pcie_dma_controller/o_req_data[31:0] at 7 that is stuck at constant 0.
W: Removed bmsWIDEDFFCPE inst u_ips2l_pcie_dma/u_ips2l_pcie_dma_controller/o_req_data[31:0] at 8 that is stuck at constant 0.
W: Removed bmsWIDEDFFCPE inst u_ips2l_pcie_dma/u_ips2l_pcie_dma_controller/o_req_data[31:0] at 9 that is stuck at constant 0.
W: Removed bmsWIDEDFFCPE inst u_ips2l_pcie_dma/u_ips2l_pcie_dma_controller/o_req_data[31:0] at 10 that is stuck at constant 0.
W: Removed bmsWIDEDFFCPE inst u_ips2l_pcie_dma/u_ips2l_pcie_dma_controller/o_req_data[31:0] at 11 that is stuck at constant 0.
W: Removed bmsWIDEDFFCPE inst u_ips2l_pcie_dma/u_ips2l_pcie_dma_controller/o_req_data[31:0] at 12 that is stuck at constant 0.
W: Removed bmsWIDEDFFCPE inst u_ips2l_pcie_dma/u_ips2l_pcie_dma_controller/o_req_data[31:0] at 13 that is stuck at constant 0.
W: Removed bmsWIDEDFFCPE inst u_ips2l_pcie_dma/u_ips2l_pcie_dma_controller/o_req_data[31:0] at 14 that is stuck at constant 0.
W: Removed bmsWIDEDFFCPE inst u_ips2l_pcie_dma/u_ips2l_pcie_dma_controller/o_req_data[31:0] at 15 that is stuck at constant 0.
W: Removed bmsWIDEDFFCPE inst u_ips2l_pcie_dma/u_ips2l_pcie_dma_controller/o_req_data[31:0] at 16 that is stuck at constant 0.
W: Removed bmsWIDEDFFCPE inst u_ips2l_pcie_dma/u_ips2l_pcie_dma_controller/o_req_data[31:0] at 17 that is stuck at constant 0.
W: Removed bmsWIDEDFFCPE inst u_ips2l_pcie_dma/u_ips2l_pcie_dma_controller/o_req_data[31:0] at 18 that is stuck at constant 0.
W: Removed bmsWIDEDFFCPE inst u_ips2l_pcie_dma/u_ips2l_pcie_dma_controller/o_req_data[31:0] at 19 that is stuck at constant 0.
W: Removed bmsWIDEDFFCPE inst u_ips2l_pcie_dma/u_ips2l_pcie_dma_controller/o_req_data[31:0] at 20 that is stuck at constant 0.
W: Removed bmsWIDEDFFCPE inst u_ips2l_pcie_dma/u_ips2l_pcie_dma_controller/o_req_data[31:0] at 21 that is stuck at constant 0.
W: Removed bmsWIDEDFFCPE inst u_ips2l_pcie_dma/u_ips2l_pcie_dma_controller/o_req_data[31:0] at 22 that is stuck at constant 0.
W: Removed bmsWIDEDFFCPE inst u_ips2l_pcie_dma/u_ips2l_pcie_dma_controller/o_req_data[31:0] at 23 that is stuck at constant 0.
W: Removed bmsWIDEDFFCPE inst u_ips2l_pcie_dma/u_ips2l_pcie_dma_controller/o_req_data[31:0] at 24 that is stuck at constant 0.
W: Removed bmsWIDEDFFCPE inst u_ips2l_pcie_dma/u_ips2l_pcie_dma_controller/o_req_data[31:0] at 25 that is stuck at constant 0.
W: Removed bmsWIDEDFFCPE inst u_ips2l_pcie_dma/u_ips2l_pcie_dma_controller/o_req_data[31:0] at 26 that is stuck at constant 0.
W: Removed bmsWIDEDFFCPE inst u_ips2l_pcie_dma/u_ips2l_pcie_dma_controller/o_req_data[31:0] at 27 that is stuck at constant 0.
W: Removed bmsWIDEDFFCPE inst u_ips2l_pcie_dma/u_ips2l_pcie_dma_controller/o_req_data[31:0] at 28 that is stuck at constant 0.
W: Removed bmsWIDEDFFCPE inst u_ips2l_pcie_dma/u_ips2l_pcie_dma_controller/o_req_data[31:0] at 29 that is stuck at constant 0.
W: Removed bmsWIDEDFFCPE inst u_ips2l_pcie_dma/u_ips2l_pcie_dma_controller/o_req_data[31:0] at 30 that is stuck at constant 0.
W: Removed bmsWIDEDFFCPE inst u_ips2l_pcie_dma/u_ips2l_pcie_dma_controller/o_req_data[31:0] at 31 that is stuck at constant 0.
W: Removed bmsWIDEDFFCPE inst u_ips2l_pcie_wrap/U_IPS2L_PCIE_TOP/U_IPS2L_HSSTLP_PCIE_SOFT_PHY/hsst_pciex4_rst/hsst_rx_rst_mcrsw/genblk1[2].hsst_rst4mcrsw_rx_init/rx_rst_initfsm_multi_sw_lane/word_align_d that is stuck at constant 0.
W: Removed bmsWIDEDFFCPE inst u_ips2l_pcie_wrap/U_IPS2L_PCIE_TOP/U_IPS2L_HSSTLP_PCIE_SOFT_PHY/hsst_pciex4_rst/hsst_rx_rst_mcrsw/genblk1[3].hsst_rst4mcrsw_rx_init/rx_rst_initfsm_multi_sw_lane/word_align_d that is stuck at constant 0.
W: Removed bmsWIDEDFFCPE inst u_ips2l_pcie_wrap/U_IPS2L_PCIE_TOP/u_pcie_apb_mux/u_pcie_apb_cross/sync_src_p_sel[1:0] at 0 that is stuck at constant 0.
W: Removed bmsWIDEDFFCPE inst u_ips2l_pcie_wrap/U_IPS2L_PCIE_TOP/u_pcie_apb_mux/u_pcie_apb_cross/sync_src_p_sel[1:0] at 1 that is stuck at constant 0.
W: Removed bmsWIDEDFFCPE inst u_ips2l_pcie_wrap/U_IPS2L_PCIE_TOP/u_pcie_apb_mux/u_pcie_apb_cross/o_des_p_strb[3:0] at 0 that is stuck at constant 0.
W: Removed bmsWIDEDFFCPE inst u_ips2l_pcie_wrap/U_IPS2L_PCIE_TOP/u_pcie_apb_mux/u_pcie_apb_cross/o_des_p_strb[3:0] at 1 that is stuck at constant 0.
W: Removed bmsWIDEDFFCPE inst u_ips2l_pcie_wrap/U_IPS2L_PCIE_TOP/u_pcie_apb_mux/u_pcie_apb_cross/o_des_p_strb[3:0] at 2 that is stuck at constant 0.
W: Removed bmsWIDEDFFCPE inst u_ips2l_pcie_wrap/U_IPS2L_PCIE_TOP/u_pcie_apb_mux/u_pcie_apb_cross/o_des_p_strb[3:0] at 3 that is stuck at constant 0.
W: Removed bmsWIDEDFFCPE inst u_ips2l_pcie_wrap/U_IPS2L_PCIE_TOP/u_pcie_apb_mux/u_pcie_apb_cross/o_des_p_addr[15:0] at 0 that is stuck at constant 0.
W: Removed bmsWIDEDFFCPE inst u_ips2l_pcie_wrap/U_IPS2L_PCIE_TOP/u_pcie_apb_mux/u_pcie_apb_cross/o_des_p_addr[15:0] at 1 that is stuck at constant 0.
W: Removed bmsWIDEDFFCPE inst u_ips2l_pcie_wrap/U_IPS2L_PCIE_TOP/u_pcie_apb_mux/u_pcie_apb_cross/o_des_p_addr[15:0] at 2 that is stuck at constant 0.
W: Removed bmsWIDEDFFCPE inst u_ips2l_pcie_wrap/U_IPS2L_PCIE_TOP/u_pcie_apb_mux/u_pcie_apb_cross/o_des_p_addr[15:0] at 3 that is stuck at constant 0.
W: Removed bmsWIDEDFFCPE inst u_ips2l_pcie_wrap/U_IPS2L_PCIE_TOP/u_pcie_apb_mux/u_pcie_apb_cross/o_des_p_addr[15:0] at 4 that is stuck at constant 0.
W: Removed bmsWIDEDFFCPE inst u_ips2l_pcie_wrap/U_IPS2L_PCIE_TOP/u_pcie_apb_mux/u_pcie_apb_cross/o_des_p_addr[15:0] at 5 that is stuck at constant 0.
W: Removed bmsWIDEDFFCPE inst u_ips2l_pcie_wrap/U_IPS2L_PCIE_TOP/u_pcie_apb_mux/u_pcie_apb_cross/o_des_p_addr[15:0] at 6 that is stuck at constant 0.
W: Removed bmsWIDEDFFCPE inst u_ips2l_pcie_wrap/U_IPS2L_PCIE_TOP/u_pcie_apb_mux/u_pcie_apb_cross/o_des_p_addr[15:0] at 7 that is stuck at constant 0.
W: Removed bmsWIDEDFFCPE inst u_ips2l_pcie_wrap/U_IPS2L_PCIE_TOP/u_pcie_apb_mux/u_pcie_apb_cross/o_des_p_addr[15:0] at 8 that is stuck at constant 0.
W: Removed bmsWIDEDFFCPE inst u_ips2l_pcie_wrap/U_IPS2L_PCIE_TOP/u_pcie_apb_mux/u_pcie_apb_cross/o_des_p_addr[15:0] at 9 that is stuck at constant 0.
W: Removed bmsWIDEDFFCPE inst u_ips2l_pcie_wrap/U_IPS2L_PCIE_TOP/u_pcie_apb_mux/u_pcie_apb_cross/o_des_p_addr[15:0] at 10 that is stuck at constant 0.
W: Removed bmsWIDEDFFCPE inst u_ips2l_pcie_wrap/U_IPS2L_PCIE_TOP/u_pcie_apb_mux/u_pcie_apb_cross/o_des_p_addr[15:0] at 11 that is stuck at constant 0.
W: Removed bmsWIDEDFFCPE inst u_ips2l_pcie_wrap/U_IPS2L_PCIE_TOP/u_pcie_apb_mux/u_pcie_apb_cross/o_des_p_wdata[31:0] at 0 that is stuck at constant 0.
W: Removed bmsWIDEDFFCPE inst u_ips2l_pcie_wrap/U_IPS2L_PCIE_TOP/u_pcie_apb_mux/u_pcie_apb_cross/o_des_p_wdata[31:0] at 1 that is stuck at constant 0.
W: Removed bmsWIDEDFFCPE inst u_ips2l_pcie_wrap/U_IPS2L_PCIE_TOP/u_pcie_apb_mux/u_pcie_apb_cross/o_des_p_wdata[31:0] at 2 that is stuck at constant 0.
W: Removed bmsWIDEDFFCPE inst u_ips2l_pcie_wrap/U_IPS2L_PCIE_TOP/u_pcie_apb_mux/u_pcie_apb_cross/o_des_p_wdata[31:0] at 3 that is stuck at constant 0.
W: Removed bmsWIDEDFFCPE inst u_ips2l_pcie_wrap/U_IPS2L_PCIE_TOP/u_pcie_apb_mux/u_pcie_apb_cross/o_des_p_wdata[31:0] at 4 that is stuck at constant 0.
W: Removed bmsWIDEDFFCPE inst u_ips2l_pcie_wrap/U_IPS2L_PCIE_TOP/u_pcie_apb_mux/u_pcie_apb_cross/o_des_p_wdata[31:0] at 5 that is stuck at constant 0.
W: Removed bmsWIDEDFFCPE inst u_ips2l_pcie_wrap/U_IPS2L_PCIE_TOP/u_pcie_apb_mux/u_pcie_apb_cross/o_des_p_wdata[31:0] at 6 that is stuck at constant 0.
W: Removed bmsWIDEDFFCPE inst u_ips2l_pcie_wrap/U_IPS2L_PCIE_TOP/u_pcie_apb_mux/u_pcie_apb_cross/o_des_p_wdata[31:0] at 7 that is stuck at constant 0.
W: Removed bmsWIDEDFFCPE inst u_ips2l_pcie_wrap/U_IPS2L_PCIE_TOP/u_pcie_apb_mux/u_pcie_apb_cross/o_des_p_wdata[31:0] at 8 that is stuck at constant 0.
W: Removed bmsWIDEDFFCPE inst u_ips2l_pcie_wrap/U_IPS2L_PCIE_TOP/u_pcie_apb_mux/u_pcie_apb_cross/o_des_p_wdata[31:0] at 9 that is stuck at constant 0.
W: Removed bmsWIDEDFFCPE inst u_ips2l_pcie_wrap/U_IPS2L_PCIE_TOP/u_pcie_apb_mux/u_pcie_apb_cross/o_des_p_wdata[31:0] at 10 that is stuck at constant 0.
W: Removed bmsWIDEDFFCPE inst u_ips2l_pcie_wrap/U_IPS2L_PCIE_TOP/u_pcie_apb_mux/u_pcie_apb_cross/o_des_p_wdata[31:0] at 11 that is stuck at constant 0.
W: Removed bmsWIDEDFFCPE inst u_ips2l_pcie_wrap/U_IPS2L_PCIE_TOP/u_pcie_apb_mux/u_pcie_apb_cross/o_des_p_wdata[31:0] at 12 that is stuck at constant 0.
W: Removed bmsWIDEDFFCPE inst u_ips2l_pcie_wrap/U_IPS2L_PCIE_TOP/u_pcie_apb_mux/u_pcie_apb_cross/o_des_p_wdata[31:0] at 13 that is stuck at constant 0.
W: Removed bmsWIDEDFFCPE inst u_ips2l_pcie_wrap/U_IPS2L_PCIE_TOP/u_pcie_apb_mux/u_pcie_apb_cross/o_des_p_wdata[31:0] at 14 that is stuck at constant 0.
W: Removed bmsWIDEDFFCPE inst u_ips2l_pcie_wrap/U_IPS2L_PCIE_TOP/u_pcie_apb_mux/u_pcie_apb_cross/o_des_p_wdata[31:0] at 15 that is stuck at constant 0.
W: Removed bmsWIDEDFFCPE inst u_ips2l_pcie_wrap/U_IPS2L_PCIE_TOP/u_pcie_apb_mux/u_pcie_apb_cross/o_des_p_wdata[31:0] at 16 that is stuck at constant 0.
W: Removed bmsWIDEDFFCPE inst u_ips2l_pcie_wrap/U_IPS2L_PCIE_TOP/u_pcie_apb_mux/u_pcie_apb_cross/o_des_p_wdata[31:0] at 17 that is stuck at constant 0.
W: Removed bmsWIDEDFFCPE inst u_ips2l_pcie_wrap/U_IPS2L_PCIE_TOP/u_pcie_apb_mux/u_pcie_apb_cross/o_des_p_wdata[31:0] at 18 that is stuck at constant 0.
W: Removed bmsWIDEDFFCPE inst u_ips2l_pcie_wrap/U_IPS2L_PCIE_TOP/u_pcie_apb_mux/u_pcie_apb_cross/o_des_p_wdata[31:0] at 19 that is stuck at constant 0.
W: Removed bmsWIDEDFFCPE inst u_ips2l_pcie_wrap/U_IPS2L_PCIE_TOP/u_pcie_apb_mux/u_pcie_apb_cross/o_des_p_wdata[31:0] at 20 that is stuck at constant 0.
W: Removed bmsWIDEDFFCPE inst u_ips2l_pcie_wrap/U_IPS2L_PCIE_TOP/u_pcie_apb_mux/u_pcie_apb_cross/o_des_p_wdata[31:0] at 21 that is stuck at constant 0.
W: Removed bmsWIDEDFFCPE inst u_ips2l_pcie_wrap/U_IPS2L_PCIE_TOP/u_pcie_apb_mux/u_pcie_apb_cross/o_des_p_wdata[31:0] at 22 that is stuck at constant 0.
W: Removed bmsWIDEDFFCPE inst u_ips2l_pcie_wrap/U_IPS2L_PCIE_TOP/u_pcie_apb_mux/u_pcie_apb_cross/o_des_p_wdata[31:0] at 23 that is stuck at constant 0.
W: Removed bmsWIDEDFFCPE inst u_ips2l_pcie_wrap/U_IPS2L_PCIE_TOP/u_pcie_apb_mux/u_pcie_apb_cross/o_des_p_wdata[31:0] at 24 that is stuck at constant 0.
W: Removed bmsWIDEDFFCPE inst u_ips2l_pcie_wrap/U_IPS2L_PCIE_TOP/u_pcie_apb_mux/u_pcie_apb_cross/o_des_p_wdata[31:0] at 25 that is stuck at constant 0.
W: Removed bmsWIDEDFFCPE inst u_ips2l_pcie_wrap/U_IPS2L_PCIE_TOP/u_pcie_apb_mux/u_pcie_apb_cross/o_des_p_wdata[31:0] at 26 that is stuck at constant 0.
W: Removed bmsWIDEDFFCPE inst u_ips2l_pcie_wrap/U_IPS2L_PCIE_TOP/u_pcie_apb_mux/u_pcie_apb_cross/o_des_p_wdata[31:0] at 27 that is stuck at constant 0.
W: Removed bmsWIDEDFFCPE inst u_ips2l_pcie_wrap/U_IPS2L_PCIE_TOP/u_pcie_apb_mux/u_pcie_apb_cross/o_des_p_wdata[31:0] at 28 that is stuck at constant 0.
W: Removed bmsWIDEDFFCPE inst u_ips2l_pcie_wrap/U_IPS2L_PCIE_TOP/u_pcie_apb_mux/u_pcie_apb_cross/o_des_p_wdata[31:0] at 29 that is stuck at constant 0.
W: Removed bmsWIDEDFFCPE inst u_ips2l_pcie_wrap/U_IPS2L_PCIE_TOP/u_pcie_apb_mux/u_pcie_apb_cross/o_des_p_wdata[31:0] at 30 that is stuck at constant 0.
W: Removed bmsWIDEDFFCPE inst u_ips2l_pcie_wrap/U_IPS2L_PCIE_TOP/u_pcie_apb_mux/u_pcie_apb_cross/o_des_p_wdata[31:0] at 31 that is stuck at constant 0.
W: Removed bmsWIDEDFFCPE inst u_ips2l_pcie_wrap/U_IPS2L_PCIE_TOP/u_pcie_apb_mux/u_pcie_apb_cross/o_des_p_we that is stuck at constant 0.
W: Removed bmsWIDEDFFCPE inst I_ips_ddr_top/u_ddrphy_top/ddrphy_slice_top/i_dqs_group[0].ddrphy_data_slice/ddrphy_dqsi_rdel_cal/samp_position_dyn_adj_d1 that is stuck at constant 0.
W: Removed bmsWIDEDFFCPE inst I_ips_ddr_top/u_ddrphy_top/ddrphy_slice_top/i_dqs_group[1].ddrphy_data_slice/ddrphy_dqsi_rdel_cal/samp_position_dyn_adj_d1 that is stuck at constant 0.
W: Removed bmsWIDEDFFCPE inst I_ips_ddr_top/u_ddrphy_top/ddrphy_slice_top/i_dqs_group[0].ddrphy_data_slice/ddrphy_data_slice_wrcal/wrcal_position_dyn_adj_d1 that is stuck at constant 0.
W: Removed bmsWIDEDFFCPE inst I_ips_ddr_top/u_ddrphy_top/ddrphy_slice_top/i_dqs_group[1].ddrphy_data_slice/ddrphy_data_slice_wrcal/wrcal_position_dyn_adj_d1 that is stuck at constant 0.
W: Removed bmsWIDEDFFCPE inst I_ips_ddr_top/u_ddrphy_top/ddrphy_cpd_ctrl/debug_cpd_offset_adj_pos that is stuck at constant 0.
W: Removed bmsWIDEDFFCPE inst I_ips_ddr_top/u_ddrphy_top/ddrphy_slice_top/ddrphy_control_path_adj/phy_cs_n_r[3:0] at 3 that is stuck at constant 1.
W: Removed bmsWIDEDFFCPE inst I_ips_ddr_top/u_ddrphy_top/ddrphy_slice_top/ddrphy_control_path_adj/phy_ras_n_r[3:0] at 3 that is stuck at constant 1.
W: Removed bmsWIDEDFFCPE inst I_ips_ddr_top/u_ddrphy_top/ddrphy_slice_top/ddrphy_control_path_adj/phy_cas_n_r[3:0] at 3 that is stuck at constant 1.
W: Removed bmsWIDEDFFCPE inst I_ips_ddr_top/u_ddrphy_top/ddrphy_slice_top/ddrphy_control_path_adj/phy_we_n_r[3:0] at 3 that is stuck at constant 1.
W: Removed bmsWIDEDFFCPE inst I_ips_ddr_top/u_ddrphy_top/ddrphy_slice_top/ddrphy_control_path_adj/phy_ba_r[11:0] at 1 that is stuck at constant 0.
W: Removed bmsWIDEDFFCPE inst I_ips_ddr_top/u_ddrphy_top/ddrphy_slice_top/ddrphy_control_path_adj/phy_ba_r[11:0] at 3 that is stuck at constant 0.
W: Removed bmsWIDEDFFCPE inst I_ips_ddr_top/u_ddrphy_top/ddrphy_slice_top/ddrphy_control_path_adj/phy_ba_r[11:0] at 5 that is stuck at constant 0.
W: Removed bmsWIDEDFFCPE inst I_ips_ddr_top/u_ddrphy_top/ddrphy_slice_top/ddrphy_control_path_adj/phy_ba_r[11:0] at 7 that is stuck at constant 0.
W: Removed bmsWIDEDFFCPE inst I_ips_ddr_top/u_ddrphy_top/ddrphy_slice_top/ddrphy_control_path_adj/phy_ba_r[11:0] at 9 that is stuck at constant 0.
W: Removed bmsWIDEDFFCPE inst I_ips_ddr_top/u_ddrphy_top/ddrphy_slice_top/ddrphy_control_path_adj/phy_ba_r[11:0] at 11 that is stuck at constant 0.
W: Removed bmsWIDEDFFCPE inst I_ips_ddr_top/u_ddrphy_top/ddrphy_slice_top/i_dqs_group[0].ddrphy_data_slice/ddrphy_data_slice_wrlvl/wrlvl_ck_dly_flag that is stuck at constant 0.
W: Removed bmsWIDEDFFCPE inst I_ips_ddr_top/u_ddrphy_top/ddrphy_slice_top/i_dqs_group[1].ddrphy_data_slice/ddrphy_data_slice_wrlvl/wrlvl_ck_dly_flag that is stuck at constant 0.
W: Removed bmsWIDEDFFCPE inst I_ips_ddr_top/u_ips_ddrc_top/mcdq_cfg_apb/mode_req[1:0] at 0 that is stuck at constant 0.
W: Removed bmsWIDEDFFCPE inst I_ips_ddr_top/u_ips_ddrc_top/mcdq_cfg_apb/mode_req[1:0] at 1 that is stuck at constant 0.
W: Removed bmsWIDEDFFPATCE inst I_ips_ddr_top/u_ips_ddrc_top/mcdq_cfg_apb/mr0[15:0] at 0 that is stuck at constant 0.
W: Removed bmsWIDEDFFPATCE inst I_ips_ddr_top/u_ips_ddrc_top/mcdq_cfg_apb/mr0[15:0] at 1 that is stuck at constant 0.
W: Removed bmsWIDEDFFPATCE inst I_ips_ddr_top/u_ips_ddrc_top/mcdq_cfg_apb/mr0[15:0] at 2 that is stuck at constant 0.
W: Removed bmsWIDEDFFPATCE inst I_ips_ddr_top/u_ips_ddrc_top/mcdq_cfg_apb/mr0[15:0] at 3 that is stuck at constant 0.
W: Removed bmsWIDEDFFPATCE inst I_ips_ddr_top/u_ips_ddrc_top/mcdq_cfg_apb/mr0[15:0] at 4 that is stuck at constant 0.
W: Removed bmsWIDEDFFPATCE inst I_ips_ddr_top/u_ips_ddrc_top/mcdq_cfg_apb/mr0[15:0] at 6 that is stuck at constant 0.
W: Removed bmsWIDEDFFPATCE inst I_ips_ddr_top/u_ips_ddrc_top/mcdq_cfg_apb/mr0[15:0] at 7 that is stuck at constant 0.
W: Removed bmsWIDEDFFPATCE inst I_ips_ddr_top/u_ips_ddrc_top/mcdq_cfg_apb/mr0[15:0] at 9 that is stuck at constant 0.
W: Removed bmsWIDEDFFPATCE inst I_ips_ddr_top/u_ips_ddrc_top/mcdq_cfg_apb/mr0[15:0] at 10 that is stuck at constant 0.
W: Removed bmsWIDEDFFPATCE inst I_ips_ddr_top/u_ips_ddrc_top/mcdq_cfg_apb/mr0[15:0] at 13 that is stuck at constant 0.
W: Removed bmsWIDEDFFPATCE inst I_ips_ddr_top/u_ips_ddrc_top/mcdq_cfg_apb/mr0[15:0] at 14 that is stuck at constant 0.
W: Removed bmsWIDEDFFPATCE inst I_ips_ddr_top/u_ips_ddrc_top/mcdq_cfg_apb/mr0[15:0] at 15 that is stuck at constant 0.
W: Removed bmsWIDEDFFPATCE inst I_ips_ddr_top/u_ips_ddrc_top/mcdq_cfg_apb/mr1[15:0] at 0 that is stuck at constant 0.
W: Removed bmsWIDEDFFPATCE inst I_ips_ddr_top/u_ips_ddrc_top/mcdq_cfg_apb/mr1[15:0] at 1 that is stuck at constant 0.
W: Removed bmsWIDEDFFPATCE inst I_ips_ddr_top/u_ips_ddrc_top/mcdq_cfg_apb/mr1[15:0] at 3 that is stuck at constant 0.
W: Removed bmsWIDEDFFPATCE inst I_ips_ddr_top/u_ips_ddrc_top/mcdq_cfg_apb/mr1[15:0] at 5 that is stuck at constant 0.
W: Removed bmsWIDEDFFPATCE inst I_ips_ddr_top/u_ips_ddrc_top/mcdq_cfg_apb/mr1[15:0] at 6 that is stuck at constant 0.
W: Removed bmsWIDEDFFPATCE inst I_ips_ddr_top/u_ips_ddrc_top/mcdq_cfg_apb/mr1[15:0] at 7 that is stuck at constant 0.
W: Removed bmsWIDEDFFPATCE inst I_ips_ddr_top/u_ips_ddrc_top/mcdq_cfg_apb/mr1[15:0] at 8 that is stuck at constant 0.
W: Removed bmsWIDEDFFPATCE inst I_ips_ddr_top/u_ips_ddrc_top/mcdq_cfg_apb/mr1[15:0] at 9 that is stuck at constant 0.
W: Removed bmsWIDEDFFPATCE inst I_ips_ddr_top/u_ips_ddrc_top/mcdq_cfg_apb/mr1[15:0] at 10 that is stuck at constant 0.
W: Removed bmsWIDEDFFPATCE inst I_ips_ddr_top/u_ips_ddrc_top/mcdq_cfg_apb/mr1[15:0] at 11 that is stuck at constant 0.
W: Removed bmsWIDEDFFPATCE inst I_ips_ddr_top/u_ips_ddrc_top/mcdq_cfg_apb/mr1[15:0] at 12 that is stuck at constant 0.
W: Removed bmsWIDEDFFPATCE inst I_ips_ddr_top/u_ips_ddrc_top/mcdq_cfg_apb/mr1[15:0] at 13 that is stuck at constant 0.
W: Removed bmsWIDEDFFPATCE inst I_ips_ddr_top/u_ips_ddrc_top/mcdq_cfg_apb/mr1[15:0] at 14 that is stuck at constant 0.
W: Removed bmsWIDEDFFPATCE inst I_ips_ddr_top/u_ips_ddrc_top/mcdq_cfg_apb/mr1[15:0] at 15 that is stuck at constant 0.
W: Removed bmsWIDEDFFCPE inst I_ips_ddr_top/u_ips_ddrc_top/mcdq_cfg_apb/mr2[15:0] at 0 that is stuck at constant 0.
W: Removed bmsWIDEDFFCPE inst I_ips_ddr_top/u_ips_ddrc_top/mcdq_cfg_apb/mr2[15:0] at 1 that is stuck at constant 0.
W: Removed bmsWIDEDFFCPE inst I_ips_ddr_top/u_ips_ddrc_top/mcdq_cfg_apb/mr2[15:0] at 2 that is stuck at constant 0.
W: Removed bmsWIDEDFFCPE inst I_ips_ddr_top/u_ips_ddrc_top/mcdq_cfg_apb/mr2[15:0] at 3 that is stuck at constant 0.
W: Removed bmsWIDEDFFCPE inst I_ips_ddr_top/u_ips_ddrc_top/mcdq_cfg_apb/mr2[15:0] at 4 that is stuck at constant 0.
W: Removed bmsWIDEDFFCPE inst I_ips_ddr_top/u_ips_ddrc_top/mcdq_cfg_apb/mr2[15:0] at 5 that is stuck at constant 0.
W: Removed bmsWIDEDFFCPE inst I_ips_ddr_top/u_ips_ddrc_top/mcdq_cfg_apb/mr2[15:0] at 6 that is stuck at constant 0.
W: Removed bmsWIDEDFFCPE inst I_ips_ddr_top/u_ips_ddrc_top/mcdq_cfg_apb/mr2[15:0] at 7 that is stuck at constant 0.
W: Removed bmsWIDEDFFCPE inst I_ips_ddr_top/u_ips_ddrc_top/mcdq_cfg_apb/mr2[15:0] at 8 that is stuck at constant 0.
W: Removed bmsWIDEDFFCPE inst I_ips_ddr_top/u_ips_ddrc_top/mcdq_cfg_apb/mr2[15:0] at 9 that is stuck at constant 0.
W: Removed bmsWIDEDFFCPE inst I_ips_ddr_top/u_ips_ddrc_top/mcdq_cfg_apb/mr2[15:0] at 10 that is stuck at constant 0.
W: Removed bmsWIDEDFFCPE inst I_ips_ddr_top/u_ips_ddrc_top/mcdq_cfg_apb/mr2[15:0] at 11 that is stuck at constant 0.
W: Removed bmsWIDEDFFCPE inst I_ips_ddr_top/u_ips_ddrc_top/mcdq_cfg_apb/mr2[15:0] at 12 that is stuck at constant 0.
W: Removed bmsWIDEDFFCPE inst I_ips_ddr_top/u_ips_ddrc_top/mcdq_cfg_apb/mr2[15:0] at 13 that is stuck at constant 0.
W: Removed bmsWIDEDFFCPE inst I_ips_ddr_top/u_ips_ddrc_top/mcdq_cfg_apb/mr2[15:0] at 14 that is stuck at constant 0.
W: Removed bmsWIDEDFFCPE inst I_ips_ddr_top/u_ips_ddrc_top/mcdq_cfg_apb/mr2[15:0] at 15 that is stuck at constant 0.
W: Removed bmsWIDEDFFCPE inst I_ips_ddr_top/u_ips_ddrc_top/mcdq_cfg_apb/mr3[15:0] at 0 that is stuck at constant 0.
W: Removed bmsWIDEDFFCPE inst I_ips_ddr_top/u_ips_ddrc_top/mcdq_cfg_apb/mr3[15:0] at 1 that is stuck at constant 0.
W: Removed bmsWIDEDFFCPE inst I_ips_ddr_top/u_ips_ddrc_top/mcdq_cfg_apb/mr3[15:0] at 2 that is stuck at constant 0.
W: Removed bmsWIDEDFFCPE inst I_ips_ddr_top/u_ips_ddrc_top/mcdq_cfg_apb/mr3[15:0] at 3 that is stuck at constant 0.
W: Removed bmsWIDEDFFCPE inst I_ips_ddr_top/u_ips_ddrc_top/mcdq_cfg_apb/mr3[15:0] at 4 that is stuck at constant 0.
W: Removed bmsWIDEDFFCPE inst I_ips_ddr_top/u_ips_ddrc_top/mcdq_cfg_apb/mr3[15:0] at 5 that is stuck at constant 0.
W: Removed bmsWIDEDFFCPE inst I_ips_ddr_top/u_ips_ddrc_top/mcdq_cfg_apb/mr3[15:0] at 6 that is stuck at constant 0.
W: Removed bmsWIDEDFFCPE inst I_ips_ddr_top/u_ips_ddrc_top/mcdq_cfg_apb/mr3[15:0] at 7 that is stuck at constant 0.
W: Removed bmsWIDEDFFCPE inst I_ips_ddr_top/u_ips_ddrc_top/mcdq_cfg_apb/mr3[15:0] at 8 that is stuck at constant 0.
W: Removed bmsWIDEDFFCPE inst I_ips_ddr_top/u_ips_ddrc_top/mcdq_cfg_apb/mr3[15:0] at 9 that is stuck at constant 0.
W: Removed bmsWIDEDFFCPE inst I_ips_ddr_top/u_ips_ddrc_top/mcdq_cfg_apb/mr3[15:0] at 10 that is stuck at constant 0.
W: Removed bmsWIDEDFFCPE inst I_ips_ddr_top/u_ips_ddrc_top/mcdq_cfg_apb/mr3[15:0] at 11 that is stuck at constant 0.
W: Removed bmsWIDEDFFCPE inst I_ips_ddr_top/u_ips_ddrc_top/mcdq_cfg_apb/mr3[15:0] at 12 that is stuck at constant 0.
W: Removed bmsWIDEDFFCPE inst I_ips_ddr_top/u_ips_ddrc_top/mcdq_cfg_apb/mr3[15:0] at 13 that is stuck at constant 0.
W: Removed bmsWIDEDFFCPE inst I_ips_ddr_top/u_ips_ddrc_top/mcdq_cfg_apb/mr3[15:0] at 14 that is stuck at constant 0.
W: Removed bmsWIDEDFFCPE inst I_ips_ddr_top/u_ips_ddrc_top/mcdq_cfg_apb/mr3[15:0] at 15 that is stuck at constant 0.
W: Removed bmsWIDEDFFCPE inst u_ips2l_pcie_dma/u_ips2l_pcie_dma_controller/apb_cmd_data_vld that is stuck at constant 0.
W: Removed bmsWIDEDFFCPE inst u_ips2l_pcie_wrap/U_IPS2L_PCIE_TOP/U_IPS2L_HSSTLP_PCIE_SOFT_PHY/hsst_pciex4_rst/ext_rstn_debounce/rstn_inner_d[3:0] at 0 that is stuck at constant 1.
W: Removed bmsWIDEDFFCPE inst u_ips2l_pcie_wrap/U_IPS2L_PCIE_TOP/U_IPS2L_HSSTLP_PCIE_SOFT_PHY/hsst_pciex4_rst/ext_rstn_debounce/rstn_inner_d[3:0] at 1 that is stuck at constant 1.
W: Removed bmsWIDEDFFCPE inst u_ips2l_pcie_wrap/U_IPS2L_PCIE_TOP/U_IPS2L_HSSTLP_PCIE_SOFT_PHY/hsst_pciex4_rst/ext_rstn_debounce/rstn_inner_d[3:0] at 2 that is stuck at constant 1.
W: Removed bmsWIDEDFFCPE inst u_ips2l_pcie_wrap/U_IPS2L_PCIE_TOP/U_IPS2L_HSSTLP_PCIE_SOFT_PHY/hsst_pciex4_rst/ext_rstn_debounce/rstn_inner_d[3:0] at 3 that is stuck at constant 1.
W: Removed bmsWIDEDFFCPE inst u_ips2l_pcie_wrap/U_IPS2L_PCIE_TOP/U_IPS2L_PCIE_HARD_CTRL/U_APB2DBI/dbi_addr[31:0] at 2 that is stuck at constant 0.
W: Removed bmsWIDEDFFCPE inst u_ips2l_pcie_wrap/U_IPS2L_PCIE_TOP/U_IPS2L_PCIE_HARD_CTRL/U_APB2DBI/dbi_addr[31:0] at 3 that is stuck at constant 0.
W: Removed bmsWIDEDFFCPE inst u_ips2l_pcie_wrap/U_IPS2L_PCIE_TOP/U_IPS2L_PCIE_HARD_CTRL/U_APB2DBI/dbi_addr[31:0] at 4 that is stuck at constant 0.
W: Removed bmsWIDEDFFCPE inst u_ips2l_pcie_wrap/U_IPS2L_PCIE_TOP/U_IPS2L_PCIE_HARD_CTRL/U_APB2DBI/dbi_addr[31:0] at 5 that is stuck at constant 0.
W: Removed bmsWIDEDFFCPE inst u_ips2l_pcie_wrap/U_IPS2L_PCIE_TOP/U_IPS2L_PCIE_HARD_CTRL/U_APB2DBI/dbi_addr[31:0] at 6 that is stuck at constant 0.
W: Removed bmsWIDEDFFCPE inst u_ips2l_pcie_wrap/U_IPS2L_PCIE_TOP/U_IPS2L_PCIE_HARD_CTRL/U_APB2DBI/dbi_addr[31:0] at 7 that is stuck at constant 0.
W: Removed bmsWIDEDFFCPE inst u_ips2l_pcie_wrap/U_IPS2L_PCIE_TOP/U_IPS2L_PCIE_HARD_CTRL/U_APB2DBI/dbi_addr[31:0] at 8 that is stuck at constant 0.
W: Removed bmsWIDEDFFCPE inst u_ips2l_pcie_wrap/U_IPS2L_PCIE_TOP/U_IPS2L_PCIE_HARD_CTRL/U_APB2DBI/dbi_addr[31:0] at 9 that is stuck at constant 0.
W: Removed bmsWIDEDFFCPE inst u_ips2l_pcie_wrap/U_IPS2L_PCIE_TOP/U_IPS2L_PCIE_HARD_CTRL/U_APB2DBI/dbi_addr[31:0] at 10 that is stuck at constant 0.
W: Removed bmsWIDEDFFCPE inst u_ips2l_pcie_wrap/U_IPS2L_PCIE_TOP/U_IPS2L_PCIE_HARD_CTRL/U_APB2DBI/dbi_addr[31:0] at 11 that is stuck at constant 0.
W: Removed bmsWIDEDFFCPE inst u_ips2l_pcie_wrap/U_IPS2L_PCIE_TOP/U_IPS2L_PCIE_HARD_CTRL/U_APB2DBI/dbi_din[31:0] at 0 that is stuck at constant 0.
W: Removed bmsWIDEDFFCPE inst u_ips2l_pcie_wrap/U_IPS2L_PCIE_TOP/U_IPS2L_PCIE_HARD_CTRL/U_APB2DBI/dbi_din[31:0] at 1 that is stuck at constant 0.
W: Removed bmsWIDEDFFCPE inst u_ips2l_pcie_wrap/U_IPS2L_PCIE_TOP/U_IPS2L_PCIE_HARD_CTRL/U_APB2DBI/dbi_din[31:0] at 2 that is stuck at constant 0.
W: Removed bmsWIDEDFFCPE inst u_ips2l_pcie_wrap/U_IPS2L_PCIE_TOP/U_IPS2L_PCIE_HARD_CTRL/U_APB2DBI/dbi_din[31:0] at 3 that is stuck at constant 0.
W: Removed bmsWIDEDFFCPE inst u_ips2l_pcie_wrap/U_IPS2L_PCIE_TOP/U_IPS2L_PCIE_HARD_CTRL/U_APB2DBI/dbi_din[31:0] at 4 that is stuck at constant 0.
W: Removed bmsWIDEDFFCPE inst u_ips2l_pcie_wrap/U_IPS2L_PCIE_TOP/U_IPS2L_PCIE_HARD_CTRL/U_APB2DBI/dbi_din[31:0] at 5 that is stuck at constant 0.
W: Removed bmsWIDEDFFCPE inst u_ips2l_pcie_wrap/U_IPS2L_PCIE_TOP/U_IPS2L_PCIE_HARD_CTRL/U_APB2DBI/dbi_din[31:0] at 6 that is stuck at constant 0.
W: Removed bmsWIDEDFFCPE inst u_ips2l_pcie_wrap/U_IPS2L_PCIE_TOP/U_IPS2L_PCIE_HARD_CTRL/U_APB2DBI/dbi_din[31:0] at 7 that is stuck at constant 0.
W: Removed bmsWIDEDFFCPE inst u_ips2l_pcie_wrap/U_IPS2L_PCIE_TOP/U_IPS2L_PCIE_HARD_CTRL/U_APB2DBI/dbi_din[31:0] at 8 that is stuck at constant 0.
W: Removed bmsWIDEDFFCPE inst u_ips2l_pcie_wrap/U_IPS2L_PCIE_TOP/U_IPS2L_PCIE_HARD_CTRL/U_APB2DBI/dbi_din[31:0] at 9 that is stuck at constant 0.
W: Removed bmsWIDEDFFCPE inst u_ips2l_pcie_wrap/U_IPS2L_PCIE_TOP/U_IPS2L_PCIE_HARD_CTRL/U_APB2DBI/dbi_din[31:0] at 10 that is stuck at constant 0.
W: Removed bmsWIDEDFFCPE inst u_ips2l_pcie_wrap/U_IPS2L_PCIE_TOP/U_IPS2L_PCIE_HARD_CTRL/U_APB2DBI/dbi_din[31:0] at 11 that is stuck at constant 0.
W: Removed bmsWIDEDFFCPE inst u_ips2l_pcie_wrap/U_IPS2L_PCIE_TOP/U_IPS2L_PCIE_HARD_CTRL/U_APB2DBI/dbi_din[31:0] at 12 that is stuck at constant 0.
W: Removed bmsWIDEDFFCPE inst u_ips2l_pcie_wrap/U_IPS2L_PCIE_TOP/U_IPS2L_PCIE_HARD_CTRL/U_APB2DBI/dbi_din[31:0] at 13 that is stuck at constant 0.
W: Removed bmsWIDEDFFCPE inst u_ips2l_pcie_wrap/U_IPS2L_PCIE_TOP/U_IPS2L_PCIE_HARD_CTRL/U_APB2DBI/dbi_din[31:0] at 14 that is stuck at constant 0.
W: Removed bmsWIDEDFFCPE inst u_ips2l_pcie_wrap/U_IPS2L_PCIE_TOP/U_IPS2L_PCIE_HARD_CTRL/U_APB2DBI/dbi_din[31:0] at 15 that is stuck at constant 0.
W: Removed bmsWIDEDFFCPE inst u_ips2l_pcie_wrap/U_IPS2L_PCIE_TOP/U_IPS2L_PCIE_HARD_CTRL/U_APB2DBI/dbi_din[31:0] at 16 that is stuck at constant 0.
W: Removed bmsWIDEDFFCPE inst u_ips2l_pcie_wrap/U_IPS2L_PCIE_TOP/U_IPS2L_PCIE_HARD_CTRL/U_APB2DBI/dbi_din[31:0] at 17 that is stuck at constant 0.
W: Removed bmsWIDEDFFCPE inst u_ips2l_pcie_wrap/U_IPS2L_PCIE_TOP/U_IPS2L_PCIE_HARD_CTRL/U_APB2DBI/dbi_din[31:0] at 18 that is stuck at constant 0.
W: Removed bmsWIDEDFFCPE inst u_ips2l_pcie_wrap/U_IPS2L_PCIE_TOP/U_IPS2L_PCIE_HARD_CTRL/U_APB2DBI/dbi_din[31:0] at 19 that is stuck at constant 0.
W: Removed bmsWIDEDFFCPE inst u_ips2l_pcie_wrap/U_IPS2L_PCIE_TOP/U_IPS2L_PCIE_HARD_CTRL/U_APB2DBI/dbi_din[31:0] at 20 that is stuck at constant 0.
W: Removed bmsWIDEDFFCPE inst u_ips2l_pcie_wrap/U_IPS2L_PCIE_TOP/U_IPS2L_PCIE_HARD_CTRL/U_APB2DBI/dbi_din[31:0] at 21 that is stuck at constant 0.
W: Removed bmsWIDEDFFCPE inst u_ips2l_pcie_wrap/U_IPS2L_PCIE_TOP/U_IPS2L_PCIE_HARD_CTRL/U_APB2DBI/dbi_din[31:0] at 22 that is stuck at constant 0.
W: Removed bmsWIDEDFFCPE inst u_ips2l_pcie_wrap/U_IPS2L_PCIE_TOP/U_IPS2L_PCIE_HARD_CTRL/U_APB2DBI/dbi_din[31:0] at 23 that is stuck at constant 0.
W: Removed bmsWIDEDFFCPE inst u_ips2l_pcie_wrap/U_IPS2L_PCIE_TOP/U_IPS2L_PCIE_HARD_CTRL/U_APB2DBI/dbi_din[31:0] at 24 that is stuck at constant 0.
W: Removed bmsWIDEDFFCPE inst u_ips2l_pcie_wrap/U_IPS2L_PCIE_TOP/U_IPS2L_PCIE_HARD_CTRL/U_APB2DBI/dbi_din[31:0] at 25 that is stuck at constant 0.
W: Removed bmsWIDEDFFCPE inst u_ips2l_pcie_wrap/U_IPS2L_PCIE_TOP/U_IPS2L_PCIE_HARD_CTRL/U_APB2DBI/dbi_din[31:0] at 26 that is stuck at constant 0.
W: Removed bmsWIDEDFFCPE inst u_ips2l_pcie_wrap/U_IPS2L_PCIE_TOP/U_IPS2L_PCIE_HARD_CTRL/U_APB2DBI/dbi_din[31:0] at 27 that is stuck at constant 0.
W: Removed bmsWIDEDFFCPE inst u_ips2l_pcie_wrap/U_IPS2L_PCIE_TOP/U_IPS2L_PCIE_HARD_CTRL/U_APB2DBI/dbi_din[31:0] at 28 that is stuck at constant 0.
W: Removed bmsWIDEDFFCPE inst u_ips2l_pcie_wrap/U_IPS2L_PCIE_TOP/U_IPS2L_PCIE_HARD_CTRL/U_APB2DBI/dbi_din[31:0] at 29 that is stuck at constant 0.
W: Removed bmsWIDEDFFCPE inst u_ips2l_pcie_wrap/U_IPS2L_PCIE_TOP/U_IPS2L_PCIE_HARD_CTRL/U_APB2DBI/dbi_din[31:0] at 30 that is stuck at constant 0.
W: Removed bmsWIDEDFFCPE inst u_ips2l_pcie_wrap/U_IPS2L_PCIE_TOP/U_IPS2L_PCIE_HARD_CTRL/U_APB2DBI/dbi_din[31:0] at 31 that is stuck at constant 0.
W: Removed bmsWIDEDFFCPE inst I_ips_ddr_top/u_ips_ddrc_top/mcdq_cfg_apb/trig_en that is stuck at constant 0.
W: Removed bmsWIDEDFFCPE inst u_ips2l_pcie_wrap/U_IPS2L_PCIE_TOP/u_pcie_apb_mux/u_pcie_apb_cross/des_dly[1:0] at 0 that is stuck at constant 0.
W: Removed bmsWIDEDFFCPE inst u_ips2l_pcie_wrap/U_IPS2L_PCIE_TOP/u_pcie_apb_mux/u_pcie_apb_cross/des_dly[1:0] at 1 that is stuck at constant 0.
W: Removed bmsWIDEDFFCPE inst u_ips2l_pcie_wrap/U_IPS2L_PCIE_TOP/U_IPS2L_PCIE_HARD_CTRL/U_APB2DBI/dbi_wr[3:0] at 0 that is stuck at constant 0.
W: Removed bmsWIDEDFFCPE inst u_ips2l_pcie_wrap/U_IPS2L_PCIE_TOP/U_IPS2L_PCIE_HARD_CTRL/U_APB2DBI/dbi_wr[3:0] at 1 that is stuck at constant 0.
W: Removed bmsWIDEDFFCPE inst u_ips2l_pcie_wrap/U_IPS2L_PCIE_TOP/U_IPS2L_PCIE_HARD_CTRL/U_APB2DBI/dbi_wr[3:0] at 2 that is stuck at constant 0.
W: Removed bmsWIDEDFFCPE inst u_ips2l_pcie_wrap/U_IPS2L_PCIE_TOP/U_IPS2L_PCIE_HARD_CTRL/U_APB2DBI/dbi_wr[3:0] at 3 that is stuck at constant 0.
W: Removed bmsWIDEDFFCPE inst u_ips2l_pcie_wrap/U_IPS2L_PCIE_TOP/U_IPS2L_PCIE_HARD_CTRL/U_APB2DBI/dbi_cs2 that is stuck at constant 0.
W: Removed bmsWIDEDFFCPE inst u_ips2l_pcie_wrap/U_IPS2L_PCIE_TOP/U_IPS2L_PCIE_HARD_CTRL/U_APB2DBI/app_dbi_ro_wr_disable that is stuck at constant 0.
W: Removed bmsWIDEDFFCPE inst I_ips_ddr_top/u_ddrphy_top/ddrphy_slice_top/i_dqs_group[0].ddrphy_data_slice/ddrphy_data_slice_dqs_gate_cal/ddrphy_dqs_gate_coarse_cal/read_cmd_mux_r1[3:0] at 3 that is stuck at constant 0.
W: Removed bmsWIDEDFFCPE inst I_ips_ddr_top/u_ddrphy_top/ddrphy_slice_top/i_dqs_group[1].ddrphy_data_slice/ddrphy_data_slice_dqs_gate_cal/ddrphy_dqs_gate_coarse_cal/read_cmd_mux_r1[3:0] at 3 that is stuck at constant 0.
W: Removed bmsWIDEDFFCPE inst I_ips_ddr_top/u_ddrphy_top/ddrphy_slice_top/i_dqs_group[0].ddrphy_data_slice/ddrphy_data_slice_wrlvl/wrlvl_ck_dly_pass that is stuck at constant 0.
W: Removed bmsWIDEDFFCPE inst I_ips_ddr_top/u_ddrphy_top/ddrphy_slice_top/i_dqs_group[1].ddrphy_data_slice/ddrphy_data_slice_wrlvl/wrlvl_ck_dly_pass that is stuck at constant 0.
W: Removed bmsWIDEDFFCPE inst I_ips_ddr_top/u_ips_ddrc_top/mcdq_apb_cross_v1_2/des_dly[1:0] at 0 that is stuck at constant 0.
W: Removed bmsWIDEDFFCPE inst I_ips_ddr_top/u_ips_ddrc_top/mcdq_apb_cross_v1_2/des_dly[1:0] at 1 that is stuck at constant 0.
W: Removed bmsWIDEDFFCPE inst I_ips_ddr_top/u_ips_ddrc_top/mcdq_cfg_apb/ctrl_clear[2:0] at 0 that is stuck at constant 0.
W: Removed bmsWIDEDFFCPE inst I_ips_ddr_top/u_ips_ddrc_top/mcdq_cfg_apb/ctrl_clear[2:0] at 1 that is stuck at constant 0.
W: Removed bmsWIDEDFFCPE inst I_ips_ddr_top/u_ips_ddrc_top/mcdq_cfg_apb/ctrl_clear[2:0] at 2 that is stuck at constant 0.
W: Removed bmsWIDEDFFCPE inst I_ips_ddr_top/u_ips_ddrc_top/mcdq_cfg_apb/mode_trigger_bit[3:0] at 0 that is stuck at constant 0.
W: Removed bmsWIDEDFFCPE inst I_ips_ddr_top/u_ips_ddrc_top/mcdq_cfg_apb/mode_trigger_bit[3:0] at 1 that is stuck at constant 0.
W: Removed bmsWIDEDFFCPE inst I_ips_ddr_top/u_ips_ddrc_top/mcdq_cfg_apb/mode_trigger_bit[3:0] at 2 that is stuck at constant 0.
W: Removed bmsWIDEDFFCPE inst I_ips_ddr_top/u_ips_ddrc_top/mcdq_cfg_apb/mode_trigger_bit[3:0] at 3 that is stuck at constant 0.
W: Removed bmsWIDEDFFPATCE inst I_ips_ddr_top/u_ips_ddrc_top/mcdq_cfg_apb/mr0[15:0] at 5 that is stuck at constant 1.
W: Removed bmsWIDEDFFPATCE inst I_ips_ddr_top/u_ips_ddrc_top/mcdq_cfg_apb/mr0[15:0] at 8 that is stuck at constant 1.
W: Removed bmsWIDEDFFPATCE inst I_ips_ddr_top/u_ips_ddrc_top/mcdq_cfg_apb/mr0[15:0] at 11 that is stuck at constant 1.
W: Removed bmsWIDEDFFPATCE inst I_ips_ddr_top/u_ips_ddrc_top/mcdq_cfg_apb/mr0[15:0] at 12 that is stuck at constant 1.
W: Removed bmsWIDEDFFPATCE inst I_ips_ddr_top/u_ips_ddrc_top/mcdq_cfg_apb/mr1[15:0] at 2 that is stuck at constant 1.
W: Removed bmsWIDEDFFPATCE inst I_ips_ddr_top/u_ips_ddrc_top/mcdq_cfg_apb/mr1[15:0] at 4 that is stuck at constant 1.
W: Removed bmsWIDEDFFCPE inst u_ips2l_pcie_wrap/U_IPS2L_PCIE_TOP/U_IPS2L_HSSTLP_PCIE_SOFT_PHY/hsst_pciex4_rst/ext_rstn_debounce/rstn_sync that is stuck at constant 1.
W: Removed bmsWIDEDFFCPE inst I_ips_ddr_top/u_ddrphy_top/ddrphy_slice_top/i_dqs_group[0].ddrphy_data_slice/ddrphy_data_slice_dqs_gate_cal/ddrphy_dqs_gate_coarse_cal/read_cmd_mux_r2[3:0] at 3 that is stuck at constant 0.
W: Removed bmsWIDEDFFCPE inst I_ips_ddr_top/u_ddrphy_top/ddrphy_slice_top/i_dqs_group[1].ddrphy_data_slice/ddrphy_data_slice_dqs_gate_cal/ddrphy_dqs_gate_coarse_cal/read_cmd_mux_r2[3:0] at 3 that is stuck at constant 0.
W: Removed bmsWIDEDFFCPE inst I_ips_ddr_top/u_ddrphy_top/ddrphy_slice_top/i_dqs_group[0].ddrphy_data_slice/ddrphy_data_slice_dqs_gate_cal/ddrphy_dqs_gate_coarse_cal/read_cmd_mux_r3[3:0] at 3 that is stuck at constant 0.
W: Removed bmsWIDEDFFCPE inst I_ips_ddr_top/u_ddrphy_top/ddrphy_slice_top/i_dqs_group[1].ddrphy_data_slice/ddrphy_data_slice_dqs_gate_cal/ddrphy_dqs_gate_coarse_cal/read_cmd_mux_r3[3:0] at 3 that is stuck at constant 0.
W: Removed bmsWIDEDFFCPE inst I_ips_ddr_top/u_ips_ddrc_top/mcdq_cfg_apb/lp_pd_req that is stuck at constant 0.
W: Removed bmsWIDEDFFCPE inst I_ips_ddr_top/u_ips_ddrc_top/mcdq_cfg_apb/mrs_req that is stuck at constant 0.
W: Removed bmsWIDEDFFCPE inst I_ips_ddr_top/u_ips_ddrc_top/mcdq_cfg_apb/norm_req that is stuck at constant 0.
W: Removed bmsWIDEDFFCPE inst I_ips_ddr_top/u_ips_ddrc_top/mcdq_cfg_apb/lp_sr_req that is stuck at constant 0.
W: Removed bmsWIDEDFFCPE inst I_ips_ddr_top/u_ips_ddrc_top/mcdq_cfg_apb/pd_en that is stuck at constant 0.
W: Removed bmsWIDEDFFCPE inst I_ips_ddr_top/u_ips_ddrc_top/mcdq_cfg_apb/sr_en that is stuck at constant 0.
W: Removed bmsWIDEDFFCPE inst I_ips_ddr_top/u_ips_ddrc_top/mcdq_lp/sr_en_dly that is stuck at constant 0.
W: Removed bmsWIDEDFFCPE inst I_ips_ddr_top/u_ips_ddrc_top/mcdq_lp/pd_en_dly that is stuck at constant 0.
W: Removed bmsWIDEDFFCPE inst I_ips_ddr_top/u_ips_ddrc_top/mcdq_ui_axi/pre_ap that is stuck at constant 0.
W: Removed bmsWIDEDFFCPE inst I_ips_ddr_top/u_ips_ddrc_top/mcdq_ui_axi/pre_id[3:0] at 0 that is stuck at constant 0.
W: Removed bmsWIDEDFFCPE inst I_ips_ddr_top/u_ips_ddrc_top/mcdq_ui_axi/pre_id[3:0] at 1 that is stuck at constant 0.
W: Removed bmsWIDEDFFCPE inst I_ips_ddr_top/u_ips_ddrc_top/mcdq_ui_axi/pre_id[3:0] at 2 that is stuck at constant 0.
W: Removed bmsWIDEDFFCPE inst I_ips_ddr_top/u_ips_ddrc_top/mcdq_ui_axi/pre_id[3:0] at 3 that is stuck at constant 0.
W: Removed bmsWIDEDFFCPE inst I_ips_ddr_top/u_ips_ddrc_top/mcdq_ui_axi/u_user_cmd_fifo/data_0[54:0] at 4 that is stuck at constant 0.
W: Removed bmsWIDEDFFCPE inst I_ips_ddr_top/u_ips_ddrc_top/mcdq_ui_axi/u_user_cmd_fifo/data_0[54:0] at 5 that is stuck at constant 0.
W: Removed bmsWIDEDFFCPE inst I_ips_ddr_top/u_ips_ddrc_top/mcdq_ui_axi/u_user_cmd_fifo/data_0[54:0] at 6 that is stuck at constant 0.
W: Removed bmsWIDEDFFCPE inst I_ips_ddr_top/u_ips_ddrc_top/mcdq_ui_axi/u_user_cmd_fifo/data_0[54:0] at 7 that is stuck at constant 0.
W: Removed bmsWIDEDFFCPE inst I_ips_ddr_top/u_ips_ddrc_top/mcdq_ui_axi/u_user_cmd_fifo/data_0[54:0] at 36 that is stuck at constant 0.
W: Removed bmsWIDEDFFCPE inst I_ips_ddr_top/u_ips_ddrc_top/mcdq_ui_axi/u_user_cmd_fifo/data_1[54:0] at 4 that is stuck at constant 0.
W: Removed bmsWIDEDFFCPE inst I_ips_ddr_top/u_ips_ddrc_top/mcdq_ui_axi/u_user_cmd_fifo/data_1[54:0] at 5 that is stuck at constant 0.
W: Removed bmsWIDEDFFCPE inst I_ips_ddr_top/u_ips_ddrc_top/mcdq_ui_axi/u_user_cmd_fifo/data_1[54:0] at 6 that is stuck at constant 0.
W: Removed bmsWIDEDFFCPE inst I_ips_ddr_top/u_ips_ddrc_top/mcdq_ui_axi/u_user_cmd_fifo/data_1[54:0] at 7 that is stuck at constant 0.
W: Removed bmsWIDEDFFCPE inst I_ips_ddr_top/u_ips_ddrc_top/mcdq_ui_axi/u_user_cmd_fifo/data_1[54:0] at 36 that is stuck at constant 0.
W: Removed bmsWIDEDFFCPE inst u_ips2l_pcie_wrap/U_IPS2L_PCIE_TOP/U_IPS2L_PCIE_HARD_CTRL/mem_button_rstn_sync/sig_async_ff that is stuck at constant 1.
W: Removed bmsWIDEDFFCPE inst u_ips2l_pcie_wrap/U_IPS2L_PCIE_TOP/U_IPS2L_PCIE_HARD_CTRL/mem_button_rstn_sync/sig_synced that is stuck at constant 1.
W: Removed bmsWIDEDFFCPE inst I_ips_ddr_top/u_ips_ddrc_top/mcdq_dcd_top/mcdq_dcd_bm/dec_ap that is stuck at constant 0.
W: Removed bmsWIDEDFFCPE inst I_ips_ddr_top/u_ips_ddrc_top/mcdq_dcd_top/mcdq_dcd_bm/dec_id[3:0] at 0 that is stuck at constant 0.
W: Removed bmsWIDEDFFCPE inst I_ips_ddr_top/u_ips_ddrc_top/mcdq_dcd_top/mcdq_dcd_bm/dec_id[3:0] at 1 that is stuck at constant 0.
W: Removed bmsWIDEDFFCPE inst I_ips_ddr_top/u_ips_ddrc_top/mcdq_dcd_top/mcdq_dcd_bm/dec_id[3:0] at 2 that is stuck at constant 0.
W: Removed bmsWIDEDFFCPE inst I_ips_ddr_top/u_ips_ddrc_top/mcdq_dcd_top/mcdq_dcd_bm/dec_id[3:0] at 3 that is stuck at constant 0.
W: Removed bmsWIDEDFFCPE inst I_ips_ddr_top/u_ips_ddrc_top/mcdq_dcd_top/mcdq_dcd_sm/dcd_wr_id[3:0] at 0 that is stuck at constant 0.
W: Removed bmsWIDEDFFCPE inst I_ips_ddr_top/u_ips_ddrc_top/mcdq_dcd_top/mcdq_dcd_sm/dcd_wr_id[3:0] at 1 that is stuck at constant 0.
W: Removed bmsWIDEDFFCPE inst I_ips_ddr_top/u_ips_ddrc_top/mcdq_dcd_top/mcdq_dcd_sm/dcd_wr_id[3:0] at 2 that is stuck at constant 0.
W: Removed bmsWIDEDFFCPE inst I_ips_ddr_top/u_ips_ddrc_top/mcdq_dcd_top/mcdq_dcd_sm/dcd_wr_id[3:0] at 3 that is stuck at constant 0.
W: Removed bmsWIDEDFFCPE inst I_ips_ddr_top/u_ips_ddrc_top/mcdq_dcp_top/mcdq_dcp_buf/fifo_rdata_a[42:0] at 33 that is stuck at constant 0.
W: Removed bmsWIDEDFFCPE inst I_ips_ddr_top/u_ips_ddrc_top/mcdq_dcp_top/mcdq_dcp_buf/fifo_rdata_a[42:0] at 34 that is stuck at constant 0.
W: Removed bmsWIDEDFFCPE inst I_ips_ddr_top/u_ips_ddrc_top/mcdq_dcp_top/mcdq_dcp_buf/fifo_rdata_a[42:0] at 35 that is stuck at constant 0.
W: Removed bmsWIDEDFFCPE inst I_ips_ddr_top/u_ips_ddrc_top/mcdq_dcp_top/mcdq_dcp_buf/fifo_rdata_a[42:0] at 36 that is stuck at constant 0.
W: Removed bmsWIDEDFFCPE inst I_ips_ddr_top/u_ips_ddrc_top/mcdq_dcp_top/mcdq_dcp_buf/fifo_rdata_b[42:0] at 33 that is stuck at constant 0.
W: Removed bmsWIDEDFFCPE inst I_ips_ddr_top/u_ips_ddrc_top/mcdq_dcp_top/mcdq_dcp_buf/fifo_rdata_b[42:0] at 34 that is stuck at constant 0.
W: Removed bmsWIDEDFFCPE inst I_ips_ddr_top/u_ips_ddrc_top/mcdq_dcp_top/mcdq_dcp_buf/fifo_rdata_b[42:0] at 35 that is stuck at constant 0.
W: Removed bmsWIDEDFFCPE inst I_ips_ddr_top/u_ips_ddrc_top/mcdq_dcp_top/mcdq_dcp_buf/fifo_rdata_b[42:0] at 36 that is stuck at constant 0.
I: Removed bmsADD inst I_ips_ddr_top/u_ips_ddrc_top/mcdq_dcp_top/mcdq_dcp_back_ctrl/PRE_PASS_LOOP[7].timing_pre_pass/N8 that is redundant to I_ips_ddr_top/u_ips_ddrc_top/mcdq_dcp_top/mcdq_dcp_back_ctrl/PRE_PASS_LOOP[6].timing_pre_pass/N8
I: Removed bmsADD inst I_ips_ddr_top/u_ips_ddrc_top/mcdq_dcp_top/mcdq_dcp_back_ctrl/timing_prea_pass/N8 that is redundant to I_ips_ddr_top/u_ips_ddrc_top/mcdq_dcp_top/mcdq_dcp_back_ctrl/PRE_PASS_LOOP[6].timing_pre_pass/N8
I: Removed bmsADD inst I_ips_ddr_top/u_ips_ddrc_top/mcdq_dcp_top/mcdq_dcp_back_ctrl/PRE_PASS_LOOP[6].timing_pre_pass/N8 that is redundant to I_ips_ddr_top/u_ips_ddrc_top/mcdq_dcp_top/mcdq_dcp_back_ctrl/PRE_PASS_LOOP[0].timing_pre_pass/N8
I: Removed bmsADD inst I_ips_ddr_top/u_ips_ddrc_top/mcdq_dcp_top/mcdq_dcp_back_ctrl/PRE_PASS_LOOP[1].timing_pre_pass/N8 that is redundant to I_ips_ddr_top/u_ips_ddrc_top/mcdq_dcp_top/mcdq_dcp_back_ctrl/PRE_PASS_LOOP[0].timing_pre_pass/N8
I: Removed bmsADD inst I_ips_ddr_top/u_ips_ddrc_top/mcdq_dcp_top/mcdq_dcp_back_ctrl/PRE_PASS_LOOP[2].timing_pre_pass/N8 that is redundant to I_ips_ddr_top/u_ips_ddrc_top/mcdq_dcp_top/mcdq_dcp_back_ctrl/PRE_PASS_LOOP[0].timing_pre_pass/N8
I: Removed bmsADD inst I_ips_ddr_top/u_ips_ddrc_top/mcdq_dcp_top/mcdq_dcp_back_ctrl/PRE_PASS_LOOP[3].timing_pre_pass/N8 that is redundant to I_ips_ddr_top/u_ips_ddrc_top/mcdq_dcp_top/mcdq_dcp_back_ctrl/PRE_PASS_LOOP[0].timing_pre_pass/N8
I: Removed bmsADD inst I_ips_ddr_top/u_ips_ddrc_top/mcdq_dcp_top/mcdq_dcp_back_ctrl/PRE_PASS_LOOP[4].timing_pre_pass/N8 that is redundant to I_ips_ddr_top/u_ips_ddrc_top/mcdq_dcp_top/mcdq_dcp_back_ctrl/PRE_PASS_LOOP[0].timing_pre_pass/N8
I: Removed bmsADD inst I_ips_ddr_top/u_ips_ddrc_top/mcdq_dcp_top/mcdq_dcp_back_ctrl/PRE_PASS_LOOP[5].timing_pre_pass/N8 that is redundant to I_ips_ddr_top/u_ips_ddrc_top/mcdq_dcp_top/mcdq_dcp_back_ctrl/PRE_PASS_LOOP[0].timing_pre_pass/N8
I: Removed bmsLT inst I_ips_ddr_top/u_ips_ddrc_top/mcdq_dcp_top/mcdq_dcp_back_ctrl/TRDA2ACT_LOOP[1].trda2act_timing/N21_0 that is redundant to I_ips_ddr_top/u_ips_ddrc_top/mcdq_dcp_top/mcdq_dcp_back_ctrl/TRDA2ACT_LOOP[0].trda2act_timing/N21_0
I: Removed bmsLT inst I_ips_ddr_top/u_ips_ddrc_top/mcdq_dcp_top/mcdq_dcp_back_ctrl/TRDA2ACT_LOOP[2].trda2act_timing/N21_0 that is redundant to I_ips_ddr_top/u_ips_ddrc_top/mcdq_dcp_top/mcdq_dcp_back_ctrl/TRDA2ACT_LOOP[0].trda2act_timing/N21_0
I: Removed bmsLT inst I_ips_ddr_top/u_ips_ddrc_top/mcdq_dcp_top/mcdq_dcp_back_ctrl/TRDA2ACT_LOOP[3].trda2act_timing/N21_0 that is redundant to I_ips_ddr_top/u_ips_ddrc_top/mcdq_dcp_top/mcdq_dcp_back_ctrl/TRDA2ACT_LOOP[0].trda2act_timing/N21_0
I: Removed bmsLT inst I_ips_ddr_top/u_ips_ddrc_top/mcdq_dcp_top/mcdq_dcp_back_ctrl/TRDA2ACT_LOOP[4].trda2act_timing/N21_0 that is redundant to I_ips_ddr_top/u_ips_ddrc_top/mcdq_dcp_top/mcdq_dcp_back_ctrl/TRDA2ACT_LOOP[0].trda2act_timing/N21_0
I: Removed bmsLT inst I_ips_ddr_top/u_ips_ddrc_top/mcdq_dcp_top/mcdq_dcp_back_ctrl/TRDA2ACT_LOOP[5].trda2act_timing/N21_0 that is redundant to I_ips_ddr_top/u_ips_ddrc_top/mcdq_dcp_top/mcdq_dcp_back_ctrl/TRDA2ACT_LOOP[0].trda2act_timing/N21_0
I: Removed bmsLT inst I_ips_ddr_top/u_ips_ddrc_top/mcdq_dcp_top/mcdq_dcp_back_ctrl/TRDA2ACT_LOOP[6].trda2act_timing/N21_0 that is redundant to I_ips_ddr_top/u_ips_ddrc_top/mcdq_dcp_top/mcdq_dcp_back_ctrl/TRDA2ACT_LOOP[0].trda2act_timing/N21_0
I: Removed bmsLT inst I_ips_ddr_top/u_ips_ddrc_top/mcdq_dcp_top/mcdq_dcp_back_ctrl/TRDA2ACT_LOOP[7].trda2act_timing/N21_0 that is redundant to I_ips_ddr_top/u_ips_ddrc_top/mcdq_dcp_top/mcdq_dcp_back_ctrl/TRDA2ACT_LOOP[0].trda2act_timing/N21_0
I: Removed bmsADD inst I_ips_ddr_top/u_ips_ddrc_top/mcdq_dcd_top/mcdq_dcd_sm/N162[9:0]_4 that is redundant to I_ips_ddr_top/u_ips_ddrc_top/mcdq_dcp_top/mcdq_dcp_buf/N46
I: Removed bmsADD inst I_ips_ddr_top/u_ddrphy_top/ddrphy_slice_top/i_dqs_group[0].ddrphy_data_slice/ddrphy_dqsi_rdel_cal/N2 that is redundant to I_ips_ddr_top/u_ddrphy_top/ddrphy_slice_top/i_dqs_group[0].ddrphy_data_slice/ddrphy_data_slice_wrcal/N253
I: Removed bmsADD inst I_ips_ddr_top/u_ddrphy_top/ddrphy_slice_top/i_dqs_group[0].ddrphy_data_slice/ddrphy_dqsi_rdel_cal/N6 that is redundant to I_ips_ddr_top/u_ddrphy_top/ddrphy_slice_top/i_dqs_group[0].ddrphy_data_slice/ddrphy_data_slice_wrcal/N253
I: Removed bmsSUB inst I_ips_ddr_top/u_ddrphy_top/ddrphy_slice_top/i_dqs_group[1].ddrphy_data_slice/ddrphy_dqsi_rdel_cal/N4 that is redundant to I_ips_ddr_top/u_ddrphy_top/ddrphy_slice_top/i_dqs_group[1].ddrphy_data_slice/ddrphy_data_slice_wrcal/N255
I: Removed bmsSUB inst I_ips_ddr_top/u_ddrphy_top/ddrphy_slice_top/i_dqs_group[1].ddrphy_data_slice/ddrphy_dqsi_rdel_cal/N8 that is redundant to I_ips_ddr_top/u_ddrphy_top/ddrphy_slice_top/i_dqs_group[1].ddrphy_data_slice/ddrphy_data_slice_wrcal/N255
I: Removed bmsADD inst I_ips_ddr_top/u_ddrphy_top/ddrphy_slice_top/i_dqs_group[1].ddrphy_data_slice/ddrphy_dqsi_rdel_cal/N2 that is redundant to I_ips_ddr_top/u_ddrphy_top/ddrphy_slice_top/i_dqs_group[1].ddrphy_data_slice/ddrphy_data_slice_wrcal/N253
I: Removed bmsADD inst I_ips_ddr_top/u_ddrphy_top/ddrphy_slice_top/i_dqs_group[1].ddrphy_data_slice/ddrphy_dqsi_rdel_cal/N6 that is redundant to I_ips_ddr_top/u_ddrphy_top/ddrphy_slice_top/i_dqs_group[1].ddrphy_data_slice/ddrphy_data_slice_wrcal/N253
I: Removed bmsADD inst I_ips_ddr_top/u_ips_ddrc_top/mcdq_dcp_top/mcdq_dcp_back_ctrl/timing_wr_pass/N3 that is redundant to I_ips_ddr_top/u_ips_ddrc_top/mcdq_dcp_top/mcdq_dcp_back_ctrl/mcdq_timing_rd_pass/N3
I: Removed bmsADD inst I_ips_ddr_top/u_ips_ddrc_top/mcdq_dcp_top/mcdq_dcp_back_ctrl/TRDA2ACT_LOOP[1].trda2act_timing/N1 that is redundant to I_ips_ddr_top/u_ips_ddrc_top/mcdq_dcp_top/mcdq_dcp_back_ctrl/TRDA2ACT_LOOP[0].trda2act_timing/N1
I: Removed bmsADD inst I_ips_ddr_top/u_ips_ddrc_top/mcdq_dcp_top/mcdq_dcp_back_ctrl/TRDA2ACT_LOOP[2].trda2act_timing/N1 that is redundant to I_ips_ddr_top/u_ips_ddrc_top/mcdq_dcp_top/mcdq_dcp_back_ctrl/TRDA2ACT_LOOP[0].trda2act_timing/N1
I: Removed bmsADD inst I_ips_ddr_top/u_ips_ddrc_top/mcdq_dcp_top/mcdq_dcp_back_ctrl/TRDA2ACT_LOOP[3].trda2act_timing/N1 that is redundant to I_ips_ddr_top/u_ips_ddrc_top/mcdq_dcp_top/mcdq_dcp_back_ctrl/TRDA2ACT_LOOP[0].trda2act_timing/N1
I: Removed bmsADD inst I_ips_ddr_top/u_ips_ddrc_top/mcdq_dcp_top/mcdq_dcp_back_ctrl/TRDA2ACT_LOOP[4].trda2act_timing/N1 that is redundant to I_ips_ddr_top/u_ips_ddrc_top/mcdq_dcp_top/mcdq_dcp_back_ctrl/TRDA2ACT_LOOP[0].trda2act_timing/N1
I: Removed bmsADD inst I_ips_ddr_top/u_ips_ddrc_top/mcdq_dcp_top/mcdq_dcp_back_ctrl/TRDA2ACT_LOOP[5].trda2act_timing/N1 that is redundant to I_ips_ddr_top/u_ips_ddrc_top/mcdq_dcp_top/mcdq_dcp_back_ctrl/TRDA2ACT_LOOP[0].trda2act_timing/N1
I: Removed bmsADD inst I_ips_ddr_top/u_ips_ddrc_top/mcdq_dcp_top/mcdq_dcp_back_ctrl/TRDA2ACT_LOOP[6].trda2act_timing/N1 that is redundant to I_ips_ddr_top/u_ips_ddrc_top/mcdq_dcp_top/mcdq_dcp_back_ctrl/TRDA2ACT_LOOP[0].trda2act_timing/N1
I: Removed bmsADD inst I_ips_ddr_top/u_ips_ddrc_top/mcdq_dcp_top/mcdq_dcp_back_ctrl/TRDA2ACT_LOOP[7].trda2act_timing/N1 that is redundant to I_ips_ddr_top/u_ips_ddrc_top/mcdq_dcp_top/mcdq_dcp_back_ctrl/TRDA2ACT_LOOP[0].trda2act_timing/N1
I: Removed bmsADD inst I_ips_ddr_top/u_ips_ddrc_top/mcdq_dcp_top/mcdq_dcp_back_ctrl/PRE_PASS_LOOP[7].timing_pre_pass/N3 that is redundant to I_ips_ddr_top/u_ips_ddrc_top/mcdq_dcp_top/mcdq_dcp_back_ctrl/PRE_PASS_LOOP[6].timing_pre_pass/N3
I: Removed bmsADD inst I_ips_ddr_top/u_ips_ddrc_top/mcdq_dcp_top/mcdq_dcp_back_ctrl/timing_prea_pass/N3 that is redundant to I_ips_ddr_top/u_ips_ddrc_top/mcdq_dcp_top/mcdq_dcp_back_ctrl/PRE_PASS_LOOP[6].timing_pre_pass/N3
I: Removed bmsADD inst I_ips_ddr_top/u_ips_ddrc_top/mcdq_dcp_top/mcdq_dcp_back_ctrl/PRE_PASS_LOOP[6].timing_pre_pass/N3 that is redundant to I_ips_ddr_top/u_ips_ddrc_top/mcdq_dcp_top/mcdq_dcp_back_ctrl/PRE_PASS_LOOP[0].timing_pre_pass/N3
I: Removed bmsADD inst I_ips_ddr_top/u_ips_ddrc_top/mcdq_dcp_top/mcdq_dcp_back_ctrl/PRE_PASS_LOOP[1].timing_pre_pass/N3 that is redundant to I_ips_ddr_top/u_ips_ddrc_top/mcdq_dcp_top/mcdq_dcp_back_ctrl/PRE_PASS_LOOP[0].timing_pre_pass/N3
I: Removed bmsADD inst I_ips_ddr_top/u_ips_ddrc_top/mcdq_dcp_top/mcdq_dcp_back_ctrl/PRE_PASS_LOOP[2].timing_pre_pass/N3 that is redundant to I_ips_ddr_top/u_ips_ddrc_top/mcdq_dcp_top/mcdq_dcp_back_ctrl/PRE_PASS_LOOP[0].timing_pre_pass/N3
I: Removed bmsADD inst I_ips_ddr_top/u_ips_ddrc_top/mcdq_dcp_top/mcdq_dcp_back_ctrl/PRE_PASS_LOOP[3].timing_pre_pass/N3 that is redundant to I_ips_ddr_top/u_ips_ddrc_top/mcdq_dcp_top/mcdq_dcp_back_ctrl/PRE_PASS_LOOP[0].timing_pre_pass/N3
I: Removed bmsADD inst I_ips_ddr_top/u_ips_ddrc_top/mcdq_dcp_top/mcdq_dcp_back_ctrl/PRE_PASS_LOOP[4].timing_pre_pass/N3 that is redundant to I_ips_ddr_top/u_ips_ddrc_top/mcdq_dcp_top/mcdq_dcp_back_ctrl/PRE_PASS_LOOP[0].timing_pre_pass/N3
I: Removed bmsADD inst I_ips_ddr_top/u_ips_ddrc_top/mcdq_dcp_top/mcdq_dcp_back_ctrl/PRE_PASS_LOOP[5].timing_pre_pass/N3 that is redundant to I_ips_ddr_top/u_ips_ddrc_top/mcdq_dcp_top/mcdq_dcp_back_ctrl/PRE_PASS_LOOP[0].timing_pre_pass/N3
I: Removed bmsADD inst I_ips_ddr_top/u_ips_ddrc_top/mcdq_dcp_top/mcdq_dcp_back_ctrl/TWRA2ACT_LOOP[1].twra2act_timing/N1 that is redundant to I_ips_ddr_top/u_ips_ddrc_top/mcdq_dcp_top/mcdq_dcp_back_ctrl/TWRA2ACT_LOOP[0].twra2act_timing/N1
I: Removed bmsADD inst I_ips_ddr_top/u_ips_ddrc_top/mcdq_dcp_top/mcdq_dcp_back_ctrl/TWRA2ACT_LOOP[2].twra2act_timing/N1 that is redundant to I_ips_ddr_top/u_ips_ddrc_top/mcdq_dcp_top/mcdq_dcp_back_ctrl/TWRA2ACT_LOOP[0].twra2act_timing/N1
I: Removed bmsADD inst I_ips_ddr_top/u_ips_ddrc_top/mcdq_dcp_top/mcdq_dcp_back_ctrl/TWRA2ACT_LOOP[3].twra2act_timing/N1 that is redundant to I_ips_ddr_top/u_ips_ddrc_top/mcdq_dcp_top/mcdq_dcp_back_ctrl/TWRA2ACT_LOOP[0].twra2act_timing/N1
I: Removed bmsADD inst I_ips_ddr_top/u_ips_ddrc_top/mcdq_dcp_top/mcdq_dcp_back_ctrl/TWRA2ACT_LOOP[4].twra2act_timing/N1 that is redundant to I_ips_ddr_top/u_ips_ddrc_top/mcdq_dcp_top/mcdq_dcp_back_ctrl/TWRA2ACT_LOOP[0].twra2act_timing/N1
I: Removed bmsADD inst I_ips_ddr_top/u_ips_ddrc_top/mcdq_dcp_top/mcdq_dcp_back_ctrl/TWRA2ACT_LOOP[5].twra2act_timing/N1 that is redundant to I_ips_ddr_top/u_ips_ddrc_top/mcdq_dcp_top/mcdq_dcp_back_ctrl/TWRA2ACT_LOOP[0].twra2act_timing/N1
I: Removed bmsADD inst I_ips_ddr_top/u_ips_ddrc_top/mcdq_dcp_top/mcdq_dcp_back_ctrl/TWRA2ACT_LOOP[6].twra2act_timing/N1 that is redundant to I_ips_ddr_top/u_ips_ddrc_top/mcdq_dcp_top/mcdq_dcp_back_ctrl/TWRA2ACT_LOOP[0].twra2act_timing/N1
I: Removed bmsADD inst I_ips_ddr_top/u_ips_ddrc_top/mcdq_dcp_top/mcdq_dcp_back_ctrl/TWRA2ACT_LOOP[7].twra2act_timing/N1 that is redundant to I_ips_ddr_top/u_ips_ddrc_top/mcdq_dcp_top/mcdq_dcp_back_ctrl/TWRA2ACT_LOOP[0].twra2act_timing/N1
I: Removed bmsSUB inst I_ips_ddr_top/u_ddrphy_top/ddrphy_slice_top/i_dqs_group[0].ddrphy_data_slice/ddrphy_dqsi_rdel_cal/N4 that is redundant to I_ips_ddr_top/u_ddrphy_top/ddrphy_slice_top/i_dqs_group[0].ddrphy_data_slice/ddrphy_data_slice_wrcal/N255
I: Removed bmsSUB inst I_ips_ddr_top/u_ddrphy_top/ddrphy_slice_top/i_dqs_group[0].ddrphy_data_slice/ddrphy_dqsi_rdel_cal/N8 that is redundant to I_ips_ddr_top/u_ddrphy_top/ddrphy_slice_top/i_dqs_group[0].ddrphy_data_slice/ddrphy_data_slice_wrcal/N255
I: Removed bmsWIDEDFFCPE inst I_ips_ddr_top/u_ddrphy_top/ddrphy_calib_top/ddrphy_rdcal/rdcal_cke that is redundant to I_ips_ddr_top/u_ddrphy_top/ddrphy_calib_top/ddrphy_eyecal/eyecal_cke
I: Removed bmsWIDEDFFCPE inst I_ips_ddr_top/u_ddrphy_top/ddrphy_calib_top/ddrphy_wrlvl/wrlvl_cke that is redundant to I_ips_ddr_top/u_ddrphy_top/ddrphy_calib_top/ddrphy_eyecal/eyecal_cke
I: Removed bmsWIDEDFFCPE inst I_ips_ddr_top/u_ddrphy_top/ddrphy_calib_top/ddrphy_wrcal/wrcal_cke that is redundant to I_ips_ddr_top/u_ddrphy_top/ddrphy_calib_top/ddrphy_eyecal/eyecal_cke
I: Removed bmsWIDEDFFCPE inst I_ips_ddr_top/u_ddrphy_top/ddrphy_slice_top/i_dqs_group[1].ddrphy_data_slice/ddrphy_dqs_rddata_align/all_group_ca_dly_r1 that is redundant to I_ips_ddr_top/u_ddrphy_top/ddrphy_slice_top/i_dqs_group[0].ddrphy_data_slice/ddrphy_dqs_rddata_align/all_group_ca_dly_r1
I: Removed bmsWIDEDFFCPE inst u_ips2l_pcie_wrap/U_IPS2L_PCIE_TOP/U_IPS2L_HSSTLP_PCIE_SOFT_PHY/hsst_pciex4_rst/st_recvr_multi_sw_sync/sig_async_ff that is redundant to u_ips2l_pcie_wrap/U_IPS2L_PCIE_TOP/U_IPS2L_HSSTLP_PCIE_SOFT_PHY/hsst_pciex4_rst/hsst_rx_rst_mcrsw/genblk1[2].hsst_rst4mcrsw_rx_init/loss_signal_multi_sw_sync/sig_async_ff
I: Removed bmsWIDEDFFCPE inst u_ips2l_pcie_wrap/U_IPS2L_PCIE_TOP/U_IPS2L_HSSTLP_PCIE_SOFT_PHY/hsst_pciex4_rst/hsst_rx_rst_mcrsw/genblk1[3].hsst_rst4mcrsw_rx_init/loss_signal_multi_sw_sync/sig_async_ff that is redundant to u_ips2l_pcie_wrap/U_IPS2L_PCIE_TOP/U_IPS2L_HSSTLP_PCIE_SOFT_PHY/hsst_pciex4_rst/hsst_rx_rst_mcrsw/genblk1[2].hsst_rst4mcrsw_rx_init/loss_signal_multi_sw_sync/sig_async_ff
I: Removed bmsWIDEDFFCPE inst I_ips_ddr_top/u_ddrphy_top/ddrphy_slice_top/i_dqs_group[1].ddrphy_data_slice/ddrphy_dqsi_rdel_cal/rdel_calibration_d that is redundant to I_ips_ddr_top/u_ddrphy_top/ddrphy_slice_top/i_dqs_group[0].ddrphy_data_slice/ddrphy_dqsi_rdel_cal/rdel_calibration_d
I: Removed bmsWIDEDFFCPE inst I_ips_ddr_top/u_ddrphy_top/ddrphy_slice_top/i_dqs_group[1].ddrphy_data_slice/ddrphy_wdata_path_adj/phy_wrdata_en_r[3:0] that is redundant to I_ips_ddr_top/u_ddrphy_top/ddrphy_slice_top/i_dqs_group[0].ddrphy_data_slice/ddrphy_wdata_path_adj/phy_wrdata_en_r[3:0]
I: Removed bmsWIDEMUX inst I_ips_ddr_top/u_ddrphy_top/ddrphy_slice_top/i_dqs_group[1].ddrphy_data_slice/ddrphy_dqsi_rdel_cal/N9 that is redundant to I_ips_ddr_top/u_ddrphy_top/ddrphy_slice_top/i_dqs_group[1].ddrphy_data_slice/ddrphy_data_slice_wrcal/N256
I: Removed bmsWIDEMUX inst I_ips_ddr_top/u_ddrphy_top/ddrphy_slice_top/i_dqs_group[1].ddrphy_data_slice/ddrphy_dqsi_rdel_cal/N14 that is redundant to I_ips_ddr_top/u_ddrphy_top/ddrphy_slice_top/i_dqs_group[1].ddrphy_data_slice/ddrphy_data_slice_wrcal/N256
I: Removed bmsLT inst I_ips_ddr_top/u_ips_ddrc_top/mcdq_dcp_top/mcdq_dcp_back_ctrl/TRDA2ACT_LOOP[1].trda2act_timing/N21_1 that is redundant to I_ips_ddr_top/u_ips_ddrc_top/mcdq_dcp_top/mcdq_dcp_back_ctrl/TRDA2ACT_LOOP[0].trda2act_timing/N21_1
I: Removed bmsLT inst I_ips_ddr_top/u_ips_ddrc_top/mcdq_dcp_top/mcdq_dcp_back_ctrl/TRDA2ACT_LOOP[2].trda2act_timing/N21_1 that is redundant to I_ips_ddr_top/u_ips_ddrc_top/mcdq_dcp_top/mcdq_dcp_back_ctrl/TRDA2ACT_LOOP[0].trda2act_timing/N21_1
I: Removed bmsLT inst I_ips_ddr_top/u_ips_ddrc_top/mcdq_dcp_top/mcdq_dcp_back_ctrl/TRDA2ACT_LOOP[3].trda2act_timing/N21_1 that is redundant to I_ips_ddr_top/u_ips_ddrc_top/mcdq_dcp_top/mcdq_dcp_back_ctrl/TRDA2ACT_LOOP[0].trda2act_timing/N21_1
I: Removed bmsLT inst I_ips_ddr_top/u_ips_ddrc_top/mcdq_dcp_top/mcdq_dcp_back_ctrl/TRDA2ACT_LOOP[4].trda2act_timing/N21_1 that is redundant to I_ips_ddr_top/u_ips_ddrc_top/mcdq_dcp_top/mcdq_dcp_back_ctrl/TRDA2ACT_LOOP[0].trda2act_timing/N21_1
I: Removed bmsLT inst I_ips_ddr_top/u_ips_ddrc_top/mcdq_dcp_top/mcdq_dcp_back_ctrl/TRDA2ACT_LOOP[5].trda2act_timing/N21_1 that is redundant to I_ips_ddr_top/u_ips_ddrc_top/mcdq_dcp_top/mcdq_dcp_back_ctrl/TRDA2ACT_LOOP[0].trda2act_timing/N21_1
I: Removed bmsLT inst I_ips_ddr_top/u_ips_ddrc_top/mcdq_dcp_top/mcdq_dcp_back_ctrl/TRDA2ACT_LOOP[6].trda2act_timing/N21_1 that is redundant to I_ips_ddr_top/u_ips_ddrc_top/mcdq_dcp_top/mcdq_dcp_back_ctrl/TRDA2ACT_LOOP[0].trda2act_timing/N21_1
I: Removed bmsLT inst I_ips_ddr_top/u_ips_ddrc_top/mcdq_dcp_top/mcdq_dcp_back_ctrl/TRDA2ACT_LOOP[7].trda2act_timing/N21_1 that is redundant to I_ips_ddr_top/u_ips_ddrc_top/mcdq_dcp_top/mcdq_dcp_back_ctrl/TRDA2ACT_LOOP[0].trda2act_timing/N21_1
I: Removed bmsWIDEDFFCPE inst u_pclk_core_rstn_sync/sig_async_ff that is redundant to u_ips2l_pcie_wrap/U_IPS2L_PCIE_TOP/U_IPS2L_PCIE_HARD_CTRL/core_rst_n_mem_r1
I: Removed bmsWIDEMUX inst I_ips_ddr_top/u_ddrphy_top/ddrphy_slice_top/i_dqs_group[0].ddrphy_data_slice/ddrphy_dqsi_rdel_cal/N11 that is redundant to I_ips_ddr_top/u_ddrphy_top/ddrphy_slice_top/i_dqs_group[0].ddrphy_data_slice/ddrphy_data_slice_wrcal/N258
I: Removed bmsWIDEMUX inst I_ips_ddr_top/u_ddrphy_top/ddrphy_slice_top/i_dqs_group[0].ddrphy_data_slice/ddrphy_dqsi_rdel_cal/N16 that is redundant to I_ips_ddr_top/u_ddrphy_top/ddrphy_slice_top/i_dqs_group[0].ddrphy_data_slice/ddrphy_data_slice_wrcal/N258
I: Removed bmsWIDEDFFCPE inst I_ips_ddr_top/u_ddrphy_top/ddrphy_slice_top/i_dqs_group[1].ddrphy_data_slice/ddrphy_data_slice_wrcal/dll_update_d1 that is redundant to I_ips_ddr_top/u_ddrphy_top/ddrphy_slice_top/i_dqs_group[0].ddrphy_data_slice/ddrphy_data_slice_wrcal/dll_update_d1
I: Removed bmsWIDEDFFCPE inst I_ips_ddr_top/u_ddrphy_top/ddrphy_slice_top/i_dqs_group[1].ddrphy_data_slice/ddrphy_data_slice_dqs_gate_cal/ddrphy_gatecal/dqs_gate_comp_done that is redundant to I_ips_ddr_top/u_ddrphy_top/ddrphy_slice_top/i_dqs_group[0].ddrphy_data_slice/ddrphy_data_slice_dqs_gate_cal/ddrphy_gatecal/dqs_gate_comp_done
I: Removed bmsWIDEDFFCPE inst I_ips_ddr_top/u_ddrphy_top/ddrphy_slice_top/i_dqs_group[1].ddrphy_data_slice/ddrphy_dqsi_rdel_cal/eye_calibration_d that is redundant to I_ips_ddr_top/u_ddrphy_top/ddrphy_slice_top/i_dqs_group[0].ddrphy_data_slice/ddrphy_dqsi_rdel_cal/eye_calibration_d
I: Removed bmsWIDEMUX inst I_ips_ddr_top/u_ddrphy_top/ddrphy_slice_top/i_dqs_group[1].ddrphy_data_slice/ddrphy_dqsi_rdel_cal/N11 that is redundant to I_ips_ddr_top/u_ddrphy_top/ddrphy_slice_top/i_dqs_group[1].ddrphy_data_slice/ddrphy_data_slice_wrcal/N258
I: Removed bmsWIDEMUX inst I_ips_ddr_top/u_ddrphy_top/ddrphy_slice_top/i_dqs_group[1].ddrphy_data_slice/ddrphy_dqsi_rdel_cal/N16 that is redundant to I_ips_ddr_top/u_ddrphy_top/ddrphy_slice_top/i_dqs_group[1].ddrphy_data_slice/ddrphy_data_slice_wrcal/N258
I: Removed bmsWIDEMUX inst I_ips_ddr_top/u_ddrphy_top/ddrphy_slice_top/i_dqs_group[0].ddrphy_data_slice/ddrphy_dqsi_rdel_cal/N9 that is redundant to I_ips_ddr_top/u_ddrphy_top/ddrphy_slice_top/i_dqs_group[0].ddrphy_data_slice/ddrphy_data_slice_wrcal/N256
I: Removed bmsWIDEMUX inst I_ips_ddr_top/u_ddrphy_top/ddrphy_slice_top/i_dqs_group[0].ddrphy_data_slice/ddrphy_dqsi_rdel_cal/N14 that is redundant to I_ips_ddr_top/u_ddrphy_top/ddrphy_slice_top/i_dqs_group[0].ddrphy_data_slice/ddrphy_data_slice_wrcal/N256
I: Removed bmsWIDEDFFCPE inst u_ips2l_pcie_wrap/U_IPS2L_PCIE_TOP/U_IPS2L_HSSTLP_PCIE_SOFT_PHY/hsst_pciex4_rst/st_recvr_multi_sw_sync/sig_synced that is redundant to u_ips2l_pcie_wrap/U_IPS2L_PCIE_TOP/U_IPS2L_HSSTLP_PCIE_SOFT_PHY/hsst_pciex4_rst/hsst_rx_rst_mcrsw/genblk1[2].hsst_rst4mcrsw_rx_init/loss_signal_multi_sw_sync/sig_synced
I: Removed bmsWIDEDFFCPE inst u_ips2l_pcie_wrap/U_IPS2L_PCIE_TOP/U_IPS2L_HSSTLP_PCIE_SOFT_PHY/hsst_pciex4_rst/hsst_rx_rst_mcrsw/genblk1[3].hsst_rst4mcrsw_rx_init/loss_signal_multi_sw_sync/sig_synced that is redundant to u_ips2l_pcie_wrap/U_IPS2L_PCIE_TOP/U_IPS2L_HSSTLP_PCIE_SOFT_PHY/hsst_pciex4_rst/hsst_rx_rst_mcrsw/genblk1[2].hsst_rst4mcrsw_rx_init/loss_signal_multi_sw_sync/sig_synced
I: Removed bmsWIDEDFFCPE inst I_ips_ddr_top/u_ddrphy_top/ddrphy_slice_top/i_dqs_group[1].ddrphy_data_slice/ddrphy_dqsi_rdel_cal/rdel_cal_vld that is redundant to I_ips_ddr_top/u_ddrphy_top/ddrphy_slice_top/i_dqs_group[0].ddrphy_data_slice/ddrphy_dqsi_rdel_cal/rdel_cal_vld
I: Removed bmsREDOR inst I_ips_ddr_top/u_ddrphy_top/ddrphy_slice_top/i_dqs_group[1].ddrphy_data_slice/ddrphy_data_slice_dqs_gate_cal/ddrphy_dqs_gate_coarse_cal/N127 that is redundant to I_ips_ddr_top/u_ddrphy_top/ddrphy_slice_top/i_dqs_group[0].ddrphy_data_slice/ddrphy_data_slice_dqs_gate_cal/ddrphy_dqs_gate_coarse_cal/N127
I: Removed bmsWIDEDFFCPE inst I_ips_ddr_top/u_ddrphy_top/ddrphy_slice_top/i_dqs_group[1].ddrphy_data_slice/ddrphy_dqs_rddata_align/all_group_ca_dly_r2 that is redundant to I_ips_ddr_top/u_ddrphy_top/ddrphy_slice_top/i_dqs_group[0].ddrphy_data_slice/ddrphy_dqs_rddata_align/all_group_ca_dly_r2
I: Removed bmsWIDEDFFCPE inst u_pclk_core_rstn_sync/sig_synced that is redundant to u_ips2l_pcie_wrap/U_IPS2L_PCIE_TOP/U_IPS2L_PCIE_HARD_CTRL/core_rst_n_mem
I: Removed bmsPMUX inst u_ips2l_pcie_dma/u_ips2l_pcie_dma_tx_top/u_ips2l_pcie_dma_mwr_tx_ctrl/max_payload_size_1 that is redundant to u_ips2l_pcie_dma/u_ips2l_pcie_dma_tx_top/u_ips2l_pcie_dma_cpld_tx_ctrl/max_payload_size_1
I: Removed bmsWIDEDFFCPE inst I_ips_ddr_top/u_ddrphy_top/ddrphy_dfi/dfi_cke_d[2] that is redundant to I_ips_ddr_top/u_ddrphy_top/ddrphy_dfi/dfi_cke_d[1]
I: Removed bmsWIDEDFFCPE inst I_ips_ddr_top/u_ddrphy_top/ddrphy_dfi/dfi_cke_d[3] that is redundant to I_ips_ddr_top/u_ddrphy_top/ddrphy_dfi/dfi_cke_d[1]
W: Removed bmsWIDEDFFCPE inst u_ips2l_pcie_wrap/U_IPS2L_PCIE_TOP/U_IPS2L_HSSTLP_PCIE_SOFT_PHY/hsst_pciex4_rst/hsst_rx_rst_mcrsw/genblk1[2].hsst_rst4mcrsw_rx_init/rx_rst_initfsm_multi_sw_lane/init_done that is stuck at constant 0.
W: Removed bmsWIDEDFFPATCE inst u_ips2l_pcie_wrap/U_IPS2L_PCIE_TOP/U_IPS2L_HSSTLP_PCIE_SOFT_PHY/hsst_pciex4_rst/hsst_rx_rst_mcrsw/genblk1[2].hsst_rst4mcrsw_rx_init/rx_rst_initfsm_multi_sw_lane/rx_init_fsm_reg at 6 that is stuck at constant 0.
W: Removed bmsWIDEDFFPATCE inst u_ips2l_pcie_wrap/U_IPS2L_PCIE_TOP/U_IPS2L_HSSTLP_PCIE_SOFT_PHY/hsst_pciex4_rst/hsst_rx_rst_mcrsw/genblk1[2].hsst_rst4mcrsw_rx_init/rx_rst_initfsm_multi_sw_lane/rx_init_fsm_reg at 7 that is stuck at constant 0.
W: Removed bmsWIDEDFFPATCE inst u_ips2l_pcie_wrap/U_IPS2L_PCIE_TOP/U_IPS2L_HSSTLP_PCIE_SOFT_PHY/hsst_pciex4_rst/hsst_rx_rst_mcrsw/genblk1[2].hsst_rst4mcrsw_rx_init/rx_rst_initfsm_multi_sw_lane/rx_init_fsm_reg at 8 that is stuck at constant 0.
W: Removed bmsWIDEDFFCPE inst u_ips2l_pcie_wrap/U_IPS2L_PCIE_TOP/U_IPS2L_HSSTLP_PCIE_SOFT_PHY/hsst_pciex4_rst/hsst_rx_rst_mcrsw/genblk1[3].hsst_rst4mcrsw_rx_init/rx_rst_initfsm_multi_sw_lane/init_done that is stuck at constant 0.
W: Removed bmsWIDEDFFPATCE inst u_ips2l_pcie_wrap/U_IPS2L_PCIE_TOP/U_IPS2L_HSSTLP_PCIE_SOFT_PHY/hsst_pciex4_rst/hsst_rx_rst_mcrsw/genblk1[3].hsst_rst4mcrsw_rx_init/rx_rst_initfsm_multi_sw_lane/rx_init_fsm_reg at 6 that is stuck at constant 0.
W: Removed bmsWIDEDFFPATCE inst u_ips2l_pcie_wrap/U_IPS2L_PCIE_TOP/U_IPS2L_HSSTLP_PCIE_SOFT_PHY/hsst_pciex4_rst/hsst_rx_rst_mcrsw/genblk1[3].hsst_rst4mcrsw_rx_init/rx_rst_initfsm_multi_sw_lane/rx_init_fsm_reg at 7 that is stuck at constant 0.
W: Removed bmsWIDEDFFPATCE inst u_ips2l_pcie_wrap/U_IPS2L_PCIE_TOP/U_IPS2L_HSSTLP_PCIE_SOFT_PHY/hsst_pciex4_rst/hsst_rx_rst_mcrsw/genblk1[3].hsst_rst4mcrsw_rx_init/rx_rst_initfsm_multi_sw_lane/rx_init_fsm_reg at 8 that is stuck at constant 0.
W: Removed bmsWIDEDFFCPE inst I_ips_ddr_top/u_ddrphy_top/ddrphy_calib_top/ddrphy_calib_mux/calib_ba[2:0] at 2 that is stuck at constant 0.
W: Removed bmsWIDEDFFCPE inst I_ips_ddr_top/u_ips_ddrc_top/mcdq_dfi/mux_dfi_we_n[3:0] at 1 that is stuck at constant 1.
W: Removed bmsWIDEDFFCPE inst I_ips_ddr_top/u_ips_ddrc_top/mcdq_dcp_top/mcdq_dcp_buf/req_rdata[42:0] at 33 that is stuck at constant 0.
W: Removed bmsWIDEDFFPATCE inst I_ips_ddr_top/u_ips_ddrc_top/mcdq_lp/state_reg at 4 that is stuck at constant 0.
W: Removed bmsWIDEDFFPATCE inst I_ips_ddr_top/u_ips_ddrc_top/mcdq_lp/state_reg at 7 that is stuck at constant 0.
W: Removed bmsWIDEDFFCPE inst I_ips_ddr_top/u_ips_ddrc_top/mcdq_mrs/mrs_addr[9:0] at 0 that is stuck at constant 0.
W: Removed bmsWIDEDFFCPE inst I_ips_ddr_top/u_ips_ddrc_top/mcdq_mrs/mrs_addr[15:11] at 1 that is stuck at constant 0.
W: Removed bmsWIDEDFFCPE inst I_ips_ddr_top/u_ips_ddrc_top/mcdq_dcp_top/mcdq_dcp_back_ctrl/back_rdata_d1[42:0] at 33 that is stuck at constant 0.
W: Removed bmsWIDEDFFCPE inst I_ips_ddr_top/u_ddrphy_top/ddrphy_dfi/phy_we_n_d[3:0] at 1 that is stuck at constant 1.
W: Removed bmsWIDEDFFCPE inst I_ips_ddr_top/u_ips_ddrc_top/mcdq_dfi/mrs2dfi_address[9:0] at 0 that is stuck at constant 0.
W: Removed bmsWIDEDFFCPE inst I_ips_ddr_top/u_ips_ddrc_top/mcdq_dfi/mrs2dfi_address[14:11] at 2 that is stuck at constant 0.
W: Removed bmsWIDEDFFCPE inst I_ips_ddr_top/u_ddrphy_top/ddrphy_slice_top/ddrphy_control_path_adj/phy_we_n_r[3:0] at 1 that is stuck at constant 1.
W: Removed bmsWIDEDFFCPE inst I_ips_ddr_top/u_ips_ddrc_top/mcdq_dcp_top/mcdq_dcp_back_ctrl/req_rdata[42:0] at 33 that is stuck at constant 0.
W: Removed bmsWIDEDFFCPE inst I_ips_ddr_top/u_ips_ddrc_top/mcdq_dcp_top/mcdq_dcp_back_ctrl/pipe_req_id[3:0] at 0 that is stuck at constant 0.
W: Removed bmsWIDEDFFCPE inst I_ips_ddr_top/u_ips_ddrc_top/mcdq_dcp_top/mcdq_dcp_out/norm_id_l[3:0] at 0 that is stuck at constant 0.
W: Removed bmsWIDEDFFCPE inst I_ips_ddr_top/u_ips_ddrc_top/mcdq_dcp_top/mcdq_dcp_out/norm_id_m[3:0] at 0 that is stuck at constant 0.
W: Removed bmsWIDEDFFPATCE inst u_ips2l_pcie_wrap/U_IPS2L_PCIE_TOP/U_IPS2L_HSSTLP_PCIE_SOFT_PHY/hsst_pciex4_rst/hsst_rx_rst_mcrsw/genblk1[2].hsst_rst4mcrsw_rx_init/rx_rst_initfsm_multi_sw_lane/rx_init_fsm_reg at 5 that is stuck at constant 0.
W: Removed bmsWIDEDFFPATCE inst u_ips2l_pcie_wrap/U_IPS2L_PCIE_TOP/U_IPS2L_HSSTLP_PCIE_SOFT_PHY/hsst_pciex4_rst/hsst_rx_rst_mcrsw/genblk1[3].hsst_rst4mcrsw_rx_init/rx_rst_initfsm_multi_sw_lane/rx_init_fsm_reg at 5 that is stuck at constant 0.
W: Removed bmsWIDEDFFCPE inst I_ips_ddr_top/u_ips_ddrc_top/mcdq_lp/lp_cas_n[1:0] at 1 that is stuck at constant 1.
W: Removed bmsWIDEDFFCPE inst I_ips_ddr_top/u_ips_ddrc_top/mcdq_lp/lp_cs_n[1:0] at 1 that is stuck at constant 1.
W: Removed bmsWIDEDFFPATCE inst u_ips2l_pcie_wrap/U_IPS2L_PCIE_TOP/U_IPS2L_HSSTLP_PCIE_SOFT_PHY/hsst_pciex4_rst/hsst_rx_rst_mcrsw/genblk1[2].hsst_rst4mcrsw_rx_init/rx_rst_initfsm_multi_sw_lane/rx_init_fsm_reg at 3 that is stuck at constant 0.
W: Removed bmsWIDEDFFPATCE inst u_ips2l_pcie_wrap/U_IPS2L_PCIE_TOP/U_IPS2L_HSSTLP_PCIE_SOFT_PHY/hsst_pciex4_rst/hsst_rx_rst_mcrsw/genblk1[3].hsst_rst4mcrsw_rx_init/rx_rst_initfsm_multi_sw_lane/rx_init_fsm_reg at 3 that is stuck at constant 0.
W: Removed bmsWIDEDFFCPE inst I_ips_ddr_top/u_ips_ddrc_top/mcdq_dfi/mux_dfi_cs_n[3:0] at 1 that is stuck at constant 1.
W: Removed bmsWIDEDFFCPE inst I_ips_ddr_top/u_ips_ddrc_top/mcdq_dfi/mux_dfi_ras_n[3:0] at 1 that is stuck at constant 1.
W: Removed bmsWIDEDFFCPE inst I_ips_ddr_top/u_ips_ddrc_top/mcdq_dfi/mux_dfi_cas_n[3:0] at 1 that is stuck at constant 1.
W: Removed bmsWIDEDFFCPE inst u_ips2l_pcie_wrap/U_IPS2L_PCIE_TOP/U_IPS2L_HSSTLP_PCIE_SOFT_PHY/hsst_pciex4_rst/hsst_rx_rst_mcrsw/genblk1[2].hsst_rst4mcrsw_rx_init/rx_rst_initfsm_multi_sw_lane/init_align_wait_timr[7:0] at 0 that is stuck at constant 0.
W: Removed bmsWIDEDFFCPE inst u_ips2l_pcie_wrap/U_IPS2L_PCIE_TOP/U_IPS2L_HSSTLP_PCIE_SOFT_PHY/hsst_pciex4_rst/hsst_rx_rst_mcrsw/genblk1[2].hsst_rst4mcrsw_rx_init/rx_rst_initfsm_multi_sw_lane/init_align_wait_timr[7:0] at 1 that is stuck at constant 0.
W: Removed bmsWIDEDFFCPE inst u_ips2l_pcie_wrap/U_IPS2L_PCIE_TOP/U_IPS2L_HSSTLP_PCIE_SOFT_PHY/hsst_pciex4_rst/hsst_rx_rst_mcrsw/genblk1[2].hsst_rst4mcrsw_rx_init/rx_rst_initfsm_multi_sw_lane/init_align_wait_timr[7:0] at 2 that is stuck at constant 0.
W: Removed bmsWIDEDFFCPE inst u_ips2l_pcie_wrap/U_IPS2L_PCIE_TOP/U_IPS2L_HSSTLP_PCIE_SOFT_PHY/hsst_pciex4_rst/hsst_rx_rst_mcrsw/genblk1[2].hsst_rst4mcrsw_rx_init/rx_rst_initfsm_multi_sw_lane/init_align_wait_timr[7:0] at 3 that is stuck at constant 0.
W: Removed bmsWIDEDFFCPE inst u_ips2l_pcie_wrap/U_IPS2L_PCIE_TOP/U_IPS2L_HSSTLP_PCIE_SOFT_PHY/hsst_pciex4_rst/hsst_rx_rst_mcrsw/genblk1[2].hsst_rst4mcrsw_rx_init/rx_rst_initfsm_multi_sw_lane/init_align_wait_timr[7:0] at 4 that is stuck at constant 0.
W: Removed bmsWIDEDFFCPE inst u_ips2l_pcie_wrap/U_IPS2L_PCIE_TOP/U_IPS2L_HSSTLP_PCIE_SOFT_PHY/hsst_pciex4_rst/hsst_rx_rst_mcrsw/genblk1[2].hsst_rst4mcrsw_rx_init/rx_rst_initfsm_multi_sw_lane/init_align_wait_timr[7:0] at 5 that is stuck at constant 0.
W: Removed bmsWIDEDFFCPE inst u_ips2l_pcie_wrap/U_IPS2L_PCIE_TOP/U_IPS2L_HSSTLP_PCIE_SOFT_PHY/hsst_pciex4_rst/hsst_rx_rst_mcrsw/genblk1[2].hsst_rst4mcrsw_rx_init/rx_rst_initfsm_multi_sw_lane/init_align_wait_timr[7:0] at 6 that is stuck at constant 0.
W: Removed bmsWIDEDFFCPE inst u_ips2l_pcie_wrap/U_IPS2L_PCIE_TOP/U_IPS2L_HSSTLP_PCIE_SOFT_PHY/hsst_pciex4_rst/hsst_rx_rst_mcrsw/genblk1[2].hsst_rst4mcrsw_rx_init/rx_rst_initfsm_multi_sw_lane/init_align_wait_timr[7:0] at 7 that is stuck at constant 0.
W: Removed bmsWIDEDFFCPE inst u_ips2l_pcie_wrap/U_IPS2L_PCIE_TOP/U_IPS2L_HSSTLP_PCIE_SOFT_PHY/hsst_pciex4_rst/hsst_rx_rst_mcrsw/genblk1[3].hsst_rst4mcrsw_rx_init/rx_rst_initfsm_multi_sw_lane/init_align_wait_timr[7:0] at 0 that is stuck at constant 0.
W: Removed bmsWIDEDFFCPE inst u_ips2l_pcie_wrap/U_IPS2L_PCIE_TOP/U_IPS2L_HSSTLP_PCIE_SOFT_PHY/hsst_pciex4_rst/hsst_rx_rst_mcrsw/genblk1[3].hsst_rst4mcrsw_rx_init/rx_rst_initfsm_multi_sw_lane/init_align_wait_timr[7:0] at 1 that is stuck at constant 0.
W: Removed bmsWIDEDFFCPE inst u_ips2l_pcie_wrap/U_IPS2L_PCIE_TOP/U_IPS2L_HSSTLP_PCIE_SOFT_PHY/hsst_pciex4_rst/hsst_rx_rst_mcrsw/genblk1[3].hsst_rst4mcrsw_rx_init/rx_rst_initfsm_multi_sw_lane/init_align_wait_timr[7:0] at 2 that is stuck at constant 0.
W: Removed bmsWIDEDFFCPE inst u_ips2l_pcie_wrap/U_IPS2L_PCIE_TOP/U_IPS2L_HSSTLP_PCIE_SOFT_PHY/hsst_pciex4_rst/hsst_rx_rst_mcrsw/genblk1[3].hsst_rst4mcrsw_rx_init/rx_rst_initfsm_multi_sw_lane/init_align_wait_timr[7:0] at 3 that is stuck at constant 0.
W: Removed bmsWIDEDFFCPE inst u_ips2l_pcie_wrap/U_IPS2L_PCIE_TOP/U_IPS2L_HSSTLP_PCIE_SOFT_PHY/hsst_pciex4_rst/hsst_rx_rst_mcrsw/genblk1[3].hsst_rst4mcrsw_rx_init/rx_rst_initfsm_multi_sw_lane/init_align_wait_timr[7:0] at 4 that is stuck at constant 0.
W: Removed bmsWIDEDFFCPE inst u_ips2l_pcie_wrap/U_IPS2L_PCIE_TOP/U_IPS2L_HSSTLP_PCIE_SOFT_PHY/hsst_pciex4_rst/hsst_rx_rst_mcrsw/genblk1[3].hsst_rst4mcrsw_rx_init/rx_rst_initfsm_multi_sw_lane/init_align_wait_timr[7:0] at 5 that is stuck at constant 0.
W: Removed bmsWIDEDFFCPE inst u_ips2l_pcie_wrap/U_IPS2L_PCIE_TOP/U_IPS2L_HSSTLP_PCIE_SOFT_PHY/hsst_pciex4_rst/hsst_rx_rst_mcrsw/genblk1[3].hsst_rst4mcrsw_rx_init/rx_rst_initfsm_multi_sw_lane/init_align_wait_timr[7:0] at 6 that is stuck at constant 0.
W: Removed bmsWIDEDFFCPE inst u_ips2l_pcie_wrap/U_IPS2L_PCIE_TOP/U_IPS2L_HSSTLP_PCIE_SOFT_PHY/hsst_pciex4_rst/hsst_rx_rst_mcrsw/genblk1[3].hsst_rst4mcrsw_rx_init/rx_rst_initfsm_multi_sw_lane/init_align_wait_timr[7:0] at 7 that is stuck at constant 0.
W: Removed bmsWIDEDFFCPE inst I_ips_ddr_top/u_ddrphy_top/ddrphy_dfi/phy_cs_n_d[3:0] at 1 that is stuck at constant 1.
W: Removed bmsWIDEDFFCPE inst I_ips_ddr_top/u_ddrphy_top/ddrphy_dfi/phy_ras_n_d[3:0] at 1 that is stuck at constant 1.
W: Removed bmsWIDEDFFCPE inst I_ips_ddr_top/u_ddrphy_top/ddrphy_dfi/phy_cas_n_d[3:0] at 1 that is stuck at constant 1.
W: Removed bmsWIDEDFFCPE inst I_ips_ddr_top/u_ddrphy_top/ddrphy_slice_top/ddrphy_control_path_adj/phy_cs_n_r[3:0] at 1 that is stuck at constant 1.
W: Removed bmsWIDEDFFCPE inst I_ips_ddr_top/u_ddrphy_top/ddrphy_slice_top/ddrphy_control_path_adj/phy_ras_n_r[3:0] at 1 that is stuck at constant 1.
W: Removed bmsWIDEDFFCPE inst I_ips_ddr_top/u_ddrphy_top/ddrphy_dfi/dfi_refresh_gen[1] that is stuck at constant 0.
W: Removed bmsWIDEDFFCPE inst I_ips_ddr_top/u_ddrphy_top/ddrphy_slice_top/ddrphy_control_path_adj/phy_cas_n_r[3:0] at 1 that is stuck at constant 1.
W: Removed bmsWIDEDFFCPE inst I_ips_ddr_top/u_ddrphy_top/ddrphy_slice_top/i_dqs_group[0].ddrphy_data_slice/ddrphy_data_slice_dqs_gate_cal/ddrphy_dqs_gate_coarse_cal/read_cmd_mux_r1[3:0] at 1 that is stuck at constant 0.
W: Removed bmsWIDEDFFCPE inst I_ips_ddr_top/u_ddrphy_top/ddrphy_slice_top/i_dqs_group[1].ddrphy_data_slice/ddrphy_data_slice_dqs_gate_cal/ddrphy_dqs_gate_coarse_cal/read_cmd_mux_r1[3:0] at 1 that is stuck at constant 0.
W: Removed bmsWIDEDFFCPE inst I_ips_ddr_top/u_ddrphy_top/ddrphy_slice_top/i_dqs_group[0].ddrphy_data_slice/ddrphy_data_slice_dqs_gate_cal/ddrphy_dqs_gate_coarse_cal/read_cmd_mux_r2[3:0] at 1 that is stuck at constant 0.
W: Removed bmsWIDEDFFCPE inst I_ips_ddr_top/u_ddrphy_top/ddrphy_slice_top/i_dqs_group[1].ddrphy_data_slice/ddrphy_data_slice_dqs_gate_cal/ddrphy_dqs_gate_coarse_cal/read_cmd_mux_r2[3:0] at 1 that is stuck at constant 0.
W: Removed bmsWIDEDFFCPE inst I_ips_ddr_top/u_ddrphy_top/ddrphy_slice_top/i_dqs_group[0].ddrphy_data_slice/ddrphy_data_slice_dqs_gate_cal/ddrphy_dqs_gate_coarse_cal/read_cmd_mux_r3[3:0] at 1 that is stuck at constant 0.
W: Removed bmsWIDEDFFCPE inst I_ips_ddr_top/u_ddrphy_top/ddrphy_slice_top/i_dqs_group[1].ddrphy_data_slice/ddrphy_data_slice_dqs_gate_cal/ddrphy_dqs_gate_coarse_cal/read_cmd_mux_r3[3:0] at 1 that is stuck at constant 0.
I: Removed bmsADD inst u_ips2l_pcie_wrap/U_IPS2L_PCIE_TOP/U_IPS2L_HSSTLP_PCIE_SOFT_PHY/hsst_pciex4_rst/hsst_rx_rst_mcrsw/genblk1[3].hsst_rst4mcrsw_rx_init/rx_rst_initfsm_multi_sw_lane/N60 that is redundant to u_ips2l_pcie_wrap/U_IPS2L_PCIE_TOP/U_IPS2L_HSSTLP_PCIE_SOFT_PHY/hsst_pciex4_rst/hsst_rx_rst_mcrsw/genblk1[2].hsst_rst4mcrsw_rx_init/rx_rst_initfsm_multi_sw_lane/N60
W: Public-4008: Instance 'u_ips2l_pcie_dma/u_ips2l_pcie_dma_controller/apb_data_cfg_done' of 'bmsWIDEDFFCPE' unit is dangling and will be cleaned.
W: Public-4008: Instance 'u_ips2l_pcie_dma/u_ips2l_pcie_dma_tx_top/u_ips2l_pcie_dma_mwr_tx_ctrl/mwr_req_start_ff' of 'bmsWIDEDFFCPE' unit is dangling and will be cleaned.
W: Public-4008: Instance 'u_ips2l_pcie_wrap/U_IPS2L_PCIE_TOP/u_pcie_apb_mux/u_pcie_apb_cross/sync_src_dly[1:0]' of 'bmsWIDEDFFCPE' unit is dangling and will be cleaned.
W: Public-4008: Instance 'u_ips2l_pcie_wrap/U_IPS2L_PCIE_TOP/u_core_rstn_sync/sig_synced' of 'bmsWIDEDFFCPE' unit is dangling and will be cleaned.
W: Public-4008: Instance 'u_ips2l_pcie_wrap/U_IPS2L_PCIE_TOP/u_core_rstn_sync/sig_async_ff' of 'bmsWIDEDFFCPE' unit is dangling and will be cleaned.
W: Public-4008: Instance 'u_ips2l_pcie_wrap/U_IPS2L_PCIE_TOP/U_IPS2L_HSSTLP_PCIE_SOFT_PHY/hsst_pciex4_rst/hsst_rx_rst_mcrsw/genblk1[2].hsst_rst4mcrsw_rx_init/rx_rst_initfsm_multi_sw_lane/init_realign' of 'bmsWIDEDFFCPE' unit is dangling and will be cleaned.
W: Public-4008: Instance 'u_ips2l_pcie_wrap/U_IPS2L_PCIE_TOP/U_IPS2L_HSSTLP_PCIE_SOFT_PHY/hsst_pciex4_rst/hsst_rx_rst_mcrsw/genblk1[3].hsst_rst4mcrsw_rx_init/rx_rst_initfsm_multi_sw_lane/init_realign' of 'bmsWIDEDFFCPE' unit is dangling and will be cleaned.
W: Public-4008: Instance 'u_ips2l_pcie_wrap/U_IPS2L_PCIE_TOP/u_pcie_apb_mux/u_pcie_apb_cross/des_p_rdy_hold' of 'bmsWIDEDFFCPE' unit is dangling and will be cleaned.
W: Public-4008: Instance 'u_ips2l_pcie_wrap/U_IPS2L_PCIE_TOP/u_pcie_apb_mux/u_pcie_apb_cross/src_dly[2:0]' of 'bmsWIDEDFFCPE' unit is dangling and will be cleaned.
W: Public-4008: Instance 'I_ips_ddr_top/u_ddrphy_top/ddrphy_dfi/dfi_cke_d[0]' of 'bmsWIDEDFFCPE' unit is dangling and will be cleaned.
W: Public-4008: Instance 'I_ips_ddr_top/u_ddrphy_top/ddrphy_dfi/dfi_cke_d[1]' of 'bmsWIDEDFFCPE' unit is dangling and will be cleaned.
W: Public-4008: Instance 'I_ips_ddr_top/u_ddrphy_top/ddrphy_dfi/dfi_refresh' of 'bmsWIDEDFFCPE' unit is dangling and will be cleaned.
W: Public-4008: Instance 'I_ips_ddr_top/u_ddrphy_top/ddrphy_dfi/dfi_refresh_gen[0]' of 'bmsWIDEDFFCPE' unit is dangling and will be cleaned.
W: Public-4008: Instance 'I_ips_ddr_top/u_ddrphy_top/ddrphy_dfi/dfi_refresh_gen[2]' of 'bmsWIDEDFFCPE' unit is dangling and will be cleaned.
W: Public-4008: Instance 'I_ips_ddr_top/u_ddrphy_top/ddrphy_dfi/dfi_refresh_gen_or_d1' of 'bmsWIDEDFFCPE' unit is dangling and will be cleaned.
W: Public-4008: Instance 'I_ips_ddr_top/u_ddrphy_top/ddrphy_dfi/dfi_refresh_gen_or_d2' of 'bmsWIDEDFFCPE' unit is dangling and will be cleaned.
W: Public-4008: Instance 'I_ips_ddr_top/u_ddrphy_top/ddrphy_dfi/dfi_refresh_gen_or_d3' of 'bmsWIDEDFFCPE' unit is dangling and will be cleaned.
W: Public-4008: Instance 'I_ips_ddr_top/u_ddrphy_top/ddrphy_dll_update_ctrl/dfi_refresh_d[1:0]' of 'bmsWIDEDFFCPE' unit is dangling and will be cleaned.
W: Public-4008: Instance 'I_ips_ddr_top/u_ddrphy_top/ddrphy_slice_top/i_dqs_group[0].ddrphy_data_slice/ddrphy_data_slice_wrlvl/ck_check_done' of 'bmsWIDEDFFCPE' unit is dangling and will be cleaned.
W: Public-4008: Instance 'I_ips_ddr_top/u_ddrphy_top/ddrphy_slice_top/i_dqs_group[0].ddrphy_data_slice/ddrphy_data_slice_wrlvl/vld_init_cnt[9:0]' of 'bmsWIDEDFFCPE' unit is dangling and will be cleaned.
W: Public-4008: Instance 'I_ips_ddr_top/u_ddrphy_top/ddrphy_slice_top/i_dqs_group[0].ddrphy_data_slice/ddrphy_data_slice_wrlvl/wrlvl_ck_check_seq[13:0]' of 'bmsWIDEDFFCPE' unit is dangling and will be cleaned.
W: Public-4008: Instance 'I_ips_ddr_top/u_ddrphy_top/ddrphy_slice_top/i_dqs_group[0].ddrphy_data_slice/ddrphy_data_slice_wrlvl/wrlvl_ck_check_seq_step7_reg[13:0]' of 'bmsWIDEDFFCPE' unit is dangling and will be cleaned.
W: Public-4008: Instance 'I_ips_ddr_top/u_ddrphy_top/ddrphy_slice_top/i_dqs_group[1].ddrphy_data_slice/ddrphy_data_slice_wrlvl/ck_check_done' of 'bmsWIDEDFFCPE' unit is dangling and will be cleaned.
W: Public-4008: Instance 'I_ips_ddr_top/u_ddrphy_top/ddrphy_slice_top/i_dqs_group[1].ddrphy_data_slice/ddrphy_data_slice_wrlvl/vld_init_cnt[9:0]' of 'bmsWIDEDFFCPE' unit is dangling and will be cleaned.
W: Public-4008: Instance 'I_ips_ddr_top/u_ddrphy_top/ddrphy_slice_top/i_dqs_group[1].ddrphy_data_slice/ddrphy_data_slice_wrlvl/wrlvl_ck_check_seq[13:0]' of 'bmsWIDEDFFCPE' unit is dangling and will be cleaned.
W: Public-4008: Instance 'I_ips_ddr_top/u_ddrphy_top/ddrphy_slice_top/i_dqs_group[1].ddrphy_data_slice/ddrphy_data_slice_wrlvl/wrlvl_ck_check_seq_step7_reg[13:0]' of 'bmsWIDEDFFCPE' unit is dangling and will be cleaned.
W: Public-4008: Instance 'I_ips_ddr_top/u_ips_ddrc_top/mcdq_apb_cross_v1_2/des_p_rdy_hold' of 'bmsWIDEDFFCPE' unit is dangling and will be cleaned.
W: Public-4008: Instance 'I_ips_ddr_top/u_ips_ddrc_top/mcdq_apb_cross_v1_2/o_des_p_enable' of 'bmsWIDEDFFCPE' unit is dangling and will be cleaned.
W: Public-4008: Instance 'I_ips_ddr_top/u_ips_ddrc_top/mcdq_apb_cross_v1_2/o_des_p_sel' of 'bmsWIDEDFFCPE' unit is dangling and will be cleaned.
W: Public-4008: Instance 'I_ips_ddr_top/u_ips_ddrc_top/mcdq_cfg_apb/core_apb_ready' of 'bmsWIDEDFFCPE' unit is dangling and will be cleaned.
W: Public-4008: Instance 'I_ips_ddr_top/u_ips_ddrc_top/mcdq_lp/lp_done' of 'bmsWIDEDFFCPE' unit is dangling and will be cleaned.
W: Public-4008: Instance 'I_ips_ddr_top/u_ddrphy_top/ddrphy_slice_top/i_dqs_group[0].ddrphy_data_slice/ddrphy_data_slice_wrlvl/ck_dly_set_bin_tra[7:0]' of 'bmsWIDEDFFCPE' unit is dangling and will be cleaned.
W: Public-4008: Instance 'I_ips_ddr_top/u_ips_ddrc_top/mcdq_lp/delay[12:0]' of 'bmsWIDEDFFCPE' unit is dangling and will be cleaned.
I: Removed bmsREDAND inst u_ips2l_pcie_wrap/U_IPS2L_PCIE_TOP/U_IPS2L_HSSTLP_PCIE_SOFT_PHY/hsst_pciex4_rst/hsst_rx_rst_mcrsw/rx_rst_fsm_multi_sw_lane/N669 that is redundant to u_ips2l_pcie_wrap/U_IPS2L_PCIE_TOP/U_IPS2L_HSSTLP_PCIE_SOFT_PHY/hsst_pciex4_rst/hsst_rx_rst_mcrsw/rx_rst_fsm_multi_sw_lane/N323
I: Removed bmsREDAND inst u_ips2l_pcie_wrap/U_IPS2L_PCIE_TOP/U_IPS2L_HSSTLP_PCIE_SOFT_PHY/hsst_pciex4_rst/hsst_tx_rst_mcrsw/tx_rst_fsm_multi_sw_lane/N794 that is redundant to u_ips2l_pcie_wrap/U_IPS2L_PCIE_TOP/U_IPS2L_HSSTLP_PCIE_SOFT_PHY/hsst_pciex4_rst/hsst_tx_rst_mcrsw/tx_rst_fsm_multi_sw_lane/N301
I: Removed bmsREDAND inst u_ips2l_pcie_wrap/U_IPS2L_PCIE_TOP/U_IPS2L_HSSTLP_PCIE_SOFT_PHY/hsst_pciex4_rst/hsst_tx_rst_mcrsw/tx_rst_fsm_multi_sw_lane/N793 that is redundant to u_ips2l_pcie_wrap/U_IPS2L_PCIE_TOP/U_IPS2L_HSSTLP_PCIE_SOFT_PHY/hsst_pciex4_rst/hsst_tx_rst_mcrsw/tx_rst_fsm_multi_sw_lane/N300
I: Removed bmsWIDEDFFCPE inst u_ips2l_pcie_wrap/U_IPS2L_PCIE_TOP/U_IPS2L_HSSTLP_PCIE_SOFT_PHY/hsst_pciex4_rst/hsst_rx_rst_mcrsw/genblk1[2].hsst_rst4mcrsw_rx_init/rx_rst_initfsm_multi_sw_lane/P_PCS_RX_RSTN that is redundant to u_ips2l_pcie_wrap/U_IPS2L_PCIE_TOP/U_IPS2L_HSSTLP_PCIE_SOFT_PHY/hsst_pciex4_rst/hsst_rx_rst_mcrsw/genblk1[2].hsst_rst4mcrsw_rx_init/rx_rst_initfsm_multi_sw_lane/P_PCS_CB_RSTN
I: Removed bmsWIDEDFFCPE inst u_ips2l_pcie_wrap/U_IPS2L_PCIE_TOP/U_IPS2L_HSSTLP_PCIE_SOFT_PHY/hsst_pciex4_rst/hsst_rx_rst_mcrsw/genblk1[3].hsst_rst4mcrsw_rx_init/rx_rst_initfsm_multi_sw_lane/P_PCS_RX_RSTN that is redundant to u_ips2l_pcie_wrap/U_IPS2L_PCIE_TOP/U_IPS2L_HSSTLP_PCIE_SOFT_PHY/hsst_pciex4_rst/hsst_rx_rst_mcrsw/genblk1[3].hsst_rst4mcrsw_rx_init/rx_rst_initfsm_multi_sw_lane/P_PCS_CB_RSTN
W: Public-4008: Instance 'I_ips_ddr_top/u_ddrphy_top/ddrphy_slice_top/i_dqs_group[0].ddrphy_data_slice/ddrphy_data_slice_wrlvl/ck_dly_step[7:0]' of 'bmsWIDEDFFCPE' unit is dangling and will be cleaned.
W: Public-4008: Instance 'I_ips_ddr_top/u_ddrphy_top/ddrphy_slice_top/i_dqs_group[1].ddrphy_data_slice/ddrphy_data_slice_wrlvl/ck_dly_step[7:0]' of 'bmsWIDEDFFCPE' unit is dangling and will be cleaned.
W: Public-4008: Instance 'I_ips_ddr_top/u_ips_ddrc_top/mcdq_cfg_apb/mrs_complete' of 'bmsWIDEDFFCPE' unit is dangling and will be cleaned.
W: Removed bmsWIDEDFFRSE inst rstn_1ms[15:0] at 14 that is stuck at constant 0.
W: Removed bmsWIDEDFFRSE inst ms72xx_ctl/iic_dri/fre_cnt[20:0] at 5 that is stuck at constant 0.
W: Removed bmsWIDEDFFRSE inst ms72xx_ctl/iic_dri/twr_cnt[26:0] at 4 that is stuck at constant 0.
W: Removed bmsWIDEDFFCPE inst u_ips2l_pcie_wrap/U_IPS2L_PCIE_TOP/U_IPS2L_HSSTLP_PCIE_SOFT_PHY/hsst_pciex4_rst/hsst_rx_rst_mcrsw/genblk1[0].hsst_rst4mcrsw_rx_init/rx_rst_initfsm_multi_sw_lane/init_cntr[16:0] at 7 that is stuck at constant 0.
W: Removed bmsWIDEDFFCPE inst u_ips2l_pcie_wrap/U_IPS2L_PCIE_TOP/U_IPS2L_HSSTLP_PCIE_SOFT_PHY/hsst_pciex4_rst/hsst_rx_rst_mcrsw/genblk1[1].hsst_rst4mcrsw_rx_init/rx_rst_initfsm_multi_sw_lane/init_cntr[16:0] at 7 that is stuck at constant 0.
W: Removed bmsWIDEDFFCPE inst u_ips2l_pcie_wrap/U_IPS2L_PCIE_TOP/U_IPS2L_HSSTLP_PCIE_SOFT_PHY/hsst_pciex4_rst/hsst_rx_rst_mcrsw/genblk1[2].hsst_rst4mcrsw_rx_init/rx_rst_initfsm_multi_sw_lane/init_cntr[16:0] at 7 that is stuck at constant 0.
W: Removed bmsWIDEDFFCPE inst u_ips2l_pcie_wrap/U_IPS2L_PCIE_TOP/U_IPS2L_HSSTLP_PCIE_SOFT_PHY/hsst_pciex4_rst/hsst_rx_rst_mcrsw/genblk1[3].hsst_rst4mcrsw_rx_init/rx_rst_initfsm_multi_sw_lane/init_cntr[16:0] at 7 that is stuck at constant 0.
W: Removed bmsWIDEDFFCPE inst u_ips2l_pcie_wrap/U_IPS2L_PCIE_TOP/U_IPS2L_PCIE_HARD_CTRL/U_IPS2L_PCIE_CFG_SPACE_INIT/rom_raddr[9:0] at 6 that is stuck at constant 0.
W: Removed bmsWIDEDFFCPE inst u_ips2l_pcie_wrap/U_IPS2L_PCIE_TOP/u_pcie_apb_mux/u_pcie_apb_cross/o_des_p_sel that is stuck at constant 0.
W: Removed bmsWIDEDFFCPE inst I_ips_ddr_top/u_ddrphy_top/ddrphy_dfi/dfi_phyupd_req that is stuck at constant 0.
W: Removed bmsWIDEDFFCPE inst I_ips_ddr_top/u_ddrphy_top/ddrphy_slice_top/ck_dly_set_bin[7:0] at 0 that is stuck at constant 0.
W: Removed bmsWIDEDFFCPE inst I_ips_ddr_top/u_ips_ddrc_top/mcdq_cfg_apb/lp_status that is stuck at constant 0.
W: Removed bmsWIDEDFFCPE inst I_ips_ddr_top/u_ips_ddrc_top/mcdq_cfg_apb/mrs_en that is stuck at constant 0.
W: Removed bmsWIDEDFFPATCE inst I_ips_ddr_top/u_ips_ddrc_top/mcdq_cfg_apb/cstate_reg at 2 that is stuck at constant 0.
W: Removed bmsWIDEDFFPATCE inst I_ips_ddr_top/u_ips_ddrc_top/mcdq_lp/state_reg at 0 that is stuck at constant 1.
W: Removed bmsWIDEDFFPATCE inst I_ips_ddr_top/u_ips_ddrc_top/mcdq_lp/state_reg at 1 that is stuck at constant 0.
W: Removed bmsWIDEDFFPATCE inst I_ips_ddr_top/u_ips_ddrc_top/mcdq_lp/state_reg at 2 that is stuck at constant 0.
W: Removed bmsWIDEDFFPATCE inst I_ips_ddr_top/u_ips_ddrc_top/mcdq_lp/state_reg at 3 that is stuck at constant 0.
W: Removed bmsWIDEDFFPATCE inst I_ips_ddr_top/u_ips_ddrc_top/mcdq_lp/state_reg at 5 that is stuck at constant 0.
W: Removed bmsWIDEDFFPATCE inst I_ips_ddr_top/u_ips_ddrc_top/mcdq_lp/state_reg at 6 that is stuck at constant 0.
W: Removed bmsWIDEDFFPATCE inst I_ips_ddr_top/u_ips_ddrc_top/mcdq_lp/state_reg at 8 that is stuck at constant 0.
W: Removed bmsWIDEDFFPATCE inst I_ips_ddr_top/u_ips_ddrc_top/mcdq_lp/state_reg at 9 that is stuck at constant 0.
W: Removed bmsWIDEDFFCPE inst I_ips_ddr_top/u_ips_ddrc_top/mcdq_dcd_top/mcdq_dcd_bm/zqcs_req that is stuck at constant 0.
W: Removed bmsWIDEDFFCPE inst I_ips_ddr_top/u_ips_ddrc_top/mcdq_cfg_apb/dfi_phyupd_ack that is stuck at constant 0.
W: Removed bmsWIDEDFFCPE inst I_ips_ddr_top/u_ddrphy_top/ddrphy_slice_top/ck_dly_set_gray[7:0] at 0 that is stuck at constant 0.
W: Removed bmsWIDEDFFCPE inst I_ips_ddr_top/u_ddrphy_top/ddrphy_slice_top/ck_dly_set_gray[7:0] at 7 that is stuck at constant 0.
W: Removed bmsWIDEDFFCPE inst u_ips2l_pcie_wrap/U_IPS2L_PCIE_TOP/U_IPS2L_PCIE_HARD_CTRL/U_APB2DBI/dbi_cs that is stuck at constant 0.
W: Removed bmsWIDEDFFCPE inst I_ips_ddr_top/u_ips_ddrc_top/mcdq_dcd_top/mcdq_dcd_bm/update_req that is stuck at constant 0.
W: Removed bmsWIDEDFFCPE inst u_ips2l_pcie_wrap/U_IPS2L_PCIE_TOP/U_IPS2L_PCIE_HARD_CTRL/U_APB2DBI/p_rdy that is stuck at constant 0.
W: Removed bmsWIDEDFFCPE inst I_ips_ddr_top/u_ips_ddrc_top/mcdq_cfg_apb/update_req_r that is stuck at constant 0.
W: Removed bmsWIDEDFFCPE inst I_ips_ddr_top/u_ips_ddrc_top/mcdq_lp/count[7:0] at 0 that is stuck at constant 0.
W: Removed bmsWIDEDFFCPE inst I_ips_ddr_top/u_ips_ddrc_top/mcdq_lp/count[7:0] at 1 that is stuck at constant 0.
W: Removed bmsWIDEDFFCPE inst I_ips_ddr_top/u_ips_ddrc_top/mcdq_lp/count[7:0] at 2 that is stuck at constant 0.
W: Removed bmsWIDEDFFCPE inst I_ips_ddr_top/u_ips_ddrc_top/mcdq_lp/count[7:0] at 3 that is stuck at constant 0.
W: Removed bmsWIDEDFFCPE inst I_ips_ddr_top/u_ips_ddrc_top/mcdq_lp/count[7:0] at 4 that is stuck at constant 0.
W: Removed bmsWIDEDFFCPE inst I_ips_ddr_top/u_ips_ddrc_top/mcdq_lp/count[7:0] at 5 that is stuck at constant 0.
W: Removed bmsWIDEDFFCPE inst I_ips_ddr_top/u_ips_ddrc_top/mcdq_lp/count[7:0] at 6 that is stuck at constant 0.
W: Removed bmsWIDEDFFCPE inst I_ips_ddr_top/u_ips_ddrc_top/mcdq_lp/count[7:0] at 7 that is stuck at constant 0.
W: Removed bmsWIDEDFFRSE inst ms72xx_ctl/iic_dri/trans_byte_max[3:0] at 3 that is stuck at constant 0.
W: Removed bmsWIDEDFFCPE inst I_ips_ddr_top/u_ips_ddrc_top/mcdq_dcp_top/mcdq_dcp_back_ctrl/timing_act2wr_pass/r_cnt_almost_pass that is stuck at constant 0.
I: Removed bmsWIDEDFFCPE inst I_ips_ddr_top/u_ips_ddrc_top/mcdq_lp/lp_cs_n[1:0] that is redundant to I_ips_ddr_top/u_ips_ddrc_top/mcdq_lp/lp_cas_n[1:0]
I: Removed bmsWIDEDFFCPE inst I_ips_ddr_top/u_ips_ddrc_top/mcdq_lp/lp_we_n[1:0] that is redundant to I_ips_ddr_top/u_ips_ddrc_top/mcdq_lp/lp_cas_n[1:0]
W: Removed bmsWIDEDFFRSE inst ms72xx_ctl/iic_dri/trans_byte_max[3:0] at 1 that is stuck at constant 0.
W: Removed bmsWIDEDFFPATCE inst I_ips_ddr_top/u_ips_ddrc_top/mcdq_cfg_apb/cstate_reg at 5 that is stuck at constant 0.
W: Removed bmsWIDEDFFCPE inst I_ips_ddr_top/u_ips_ddrc_top/mcdq_dcd_top/mcdq_dcd_bm/dec_zqcs that is stuck at constant 0.
W: Removed bmsWIDEDFFPATCE inst I_ips_ddr_top/u_ips_ddrc_top/mcdq_dcd_top/mcdq_dcd_sm/state_reg at 6 that is stuck at constant 0.
W: Public-4008: Instance 'u_ips2l_pcie_wrap/U_IPS2L_PCIE_TOP/U_IPS2L_HSSTLP_PCIE_SOFT_PHY/phy_rate_chng_halt' of 'bmsWIDEDFFCPE' unit is dangling and will be cleaned.
W: Public-4008: Instance 'u_ips2l_pcie_wrap/U_IPS2L_PCIE_TOP/U_IPS2L_HSSTLP_PCIE_SOFT_PHY/rate_r' of 'bmsWIDEDFFCPE' unit is dangling and will be cleaned.
W: Public-4008: Instance 'I_ips_ddr_top/u_ips_ddrc_top/mcdq_lp/lp_cas_n[1:0]' of 'bmsWIDEDFFCPE' unit is dangling and will be cleaned.
W: Public-4008: Instance 'I_ips_ddr_top/u_ips_ddrc_top/mcdq_dcp_top/mcdq_dcp_buf/cnt[5:0]' of 'bmsWIDEDFFCPE' unit is dangling and will be cleaned.
W: Public-4008: Instance 'I_ips_ddr_top/u_ips_ddrc_top/mcdq_dcp_top/mcdq_dcp_buf/dfi_idle' of 'bmsWIDEDFFCPE' unit is dangling and will be cleaned.
W: Public-4008: Instance 'I_ips_ddr_top/u_ddrphy_top/ddrphy_slice_top/init_pls' of 'bmsWIDEDFFCPE' unit is dangling and will be cleaned.
W: Public-4008: Instance 'I_ips_ddr_top/u_ddrphy_top/ddrphy_slice_top/init_pls_r1' of 'bmsWIDEDFFCPE' unit is dangling and will be cleaned.
W: Public-4008: Instance 'I_ips_ddr_top/u_ddrphy_top/ddrphy_slice_top/init_pls_r2' of 'bmsWIDEDFFCPE' unit is dangling and will be cleaned.
W: Public-4008: Instance 'I_ips_ddr_top/u_ips_ddrc_top/mcdq_lp/lp_cke[3:0]' of 'bmsWIDEDFFCPE' unit is dangling and will be cleaned.
W: Public-4008: Instance 'I_ips_ddr_top/u_ips_ddrc_top/mcdq_dcp_top/mcdq_dcp_back_ctrl/timing_act2wr_pass/cmd_act_d[4:0]' of 'bmsWIDEDFFCPE' unit is dangling and will be cleaned.
W: Public-4008: Instance 'I_ips_ddr_top/u_ips_ddrc_top/mcdq_lp/r_cmd_trig' of 'bmsWIDEDFFCPE' unit is dangling and will be cleaned.
I: Removed inst I_ips_ddr_top/u_ddrphy_top/ddrphy_slice_top/i_dqs_group[1].ddrphy_data_slice/ddrphy_dqs_rddata_align/ck_dqs_diff_sample_done which is redundant to I_ips_ddr_top/u_ddrphy_top/ddrphy_slice_top/i_dqs_group[0].ddrphy_data_slice/ddrphy_dqs_rddata_align/ck_dqs_diff_sample_done (type bmsWIDEDFFCPE)
I: Removed inst I_ips_ddr_top/u_ips_ddrc_top/mcdq_ui_axi/mcdq_reg_fifo2/wptr which is redundant to I_ips_ddr_top/u_ips_ddrc_top/mcdq_ui_axi/ptr (type bmsWIDEDFFCPE)
I: Removed inst coms2_reg_config/clock_20k which is redundant to coms1_reg_config/clock_20k (type bmsWIDEDFFRSE)
I: Removed inst coms2_reg_config/clock_20k_cnt[10:0] which is redundant to coms1_reg_config/clock_20k_cnt[10:0] (type bmsWIDEDFFRSE)
I: Removed inst I_ips_ddr_top/u_ddrphy_top/ddrphy_slice_top/i_dqs_group[1].ddrphy_data_slice/ddrphy_data_slice_dqs_gate_cal/ddrphy_dqs_gate_coarse_cal/read_cmd_comb_r[1:0] which is redundant to I_ips_ddr_top/u_ddrphy_top/ddrphy_slice_top/i_dqs_group[0].ddrphy_data_slice/ddrphy_data_slice_dqs_gate_cal/ddrphy_dqs_gate_coarse_cal/read_cmd_comb_r[1:0] (type bmsWIDEDFFCPE)
I: Removed bmsWIDEDFFCPE inst I_ips_ddr_top/u_ddrphy_top/ddrphy_slice_top/i_dqs_group[1].ddrphy_data_slice/ddrphy_data_slice_dqs_gate_cal/ddrphy_dqs_gate_coarse_cal/read_cmd_mux_r1[3:0] that is redundant to I_ips_ddr_top/u_ddrphy_top/ddrphy_slice_top/i_dqs_group[0].ddrphy_data_slice/ddrphy_data_slice_dqs_gate_cal/ddrphy_dqs_gate_coarse_cal/read_cmd_mux_r1[3:0]
I: Removed bmsWIDEDFFCPE inst I_ips_ddr_top/u_ddrphy_top/ddrphy_slice_top/i_dqs_group[1].ddrphy_data_slice/ddrphy_data_slice_dqs_gate_cal/ddrphy_dqs_gate_coarse_cal/read_cmd_mux_r2[3:0] that is redundant to I_ips_ddr_top/u_ddrphy_top/ddrphy_slice_top/i_dqs_group[0].ddrphy_data_slice/ddrphy_data_slice_dqs_gate_cal/ddrphy_dqs_gate_coarse_cal/read_cmd_mux_r2[3:0]
I: Removed bmsWIDEDFFCPE inst I_ips_ddr_top/u_ddrphy_top/ddrphy_slice_top/i_dqs_group[1].ddrphy_data_slice/ddrphy_data_slice_dqs_gate_cal/ddrphy_dqs_gate_coarse_cal/read_cmd_mux_r3[3:0] that is redundant to I_ips_ddr_top/u_ddrphy_top/ddrphy_slice_top/i_dqs_group[0].ddrphy_data_slice/ddrphy_data_slice_dqs_gate_cal/ddrphy_dqs_gate_coarse_cal/read_cmd_mux_r3[3:0]
Executing : mod-gen successfully. Time elapsed: 3.094s wall, 3.156s user + 0.594s system = 3.750s CPU (121.2%)

Start logic-optimization.
W: DRC-4010: The internal tri-state buffer driving net 'u_ips2l_pcie_wrap/U_IPS2L_PCIE_TOP/phy_mac_rxstatus [6]' is reduced to net GND.
W: DRC-4010: The internal tri-state buffer driving net 'u_ips2l_pcie_wrap/U_IPS2L_PCIE_TOP/phy_mac_rxstatus [7]' is reduced to net GND.
W: DRC-4010: The internal tri-state buffer driving net 'u_ips2l_pcie_wrap/U_IPS2L_PCIE_TOP/phy_mac_rxstatus [8]' is reduced to net GND.
W: DRC-4010: The internal tri-state buffer driving net 'u_ips2l_pcie_wrap/U_IPS2L_PCIE_TOP/phy_mac_rxstatus [9]' is reduced to net GND.
W: DRC-4010: The internal tri-state buffer driving net 'u_ips2l_pcie_wrap/U_IPS2L_PCIE_TOP/phy_mac_rxstatus [10]' is reduced to net GND.
W: DRC-4010: The internal tri-state buffer driving net 'u_ips2l_pcie_wrap/U_IPS2L_PCIE_TOP/phy_mac_rxstatus [11]' is reduced to net GND.
I: Removed bmsWIDEDFFCPE inst I_ips_ddr_top/u_ddrphy_top/ddrphy_slice_top/i_dqs_group[1].ddrphy_data_slice/ddrphy_wdata_path_adj/phy_wrdata_mask_r[7:0] that is redundant to I_ips_ddr_top/u_ddrphy_top/ddrphy_slice_top/i_dqs_group[0].ddrphy_data_slice/ddrphy_wdata_path_adj/phy_wrdata_mask_r[7:0]
W: Removed bmsWIDEDFFCPE inst u_axi4_ctrl/araddr[21:0] at 0 that is stuck at constant 0.
W: Removed bmsWIDEDFFCPE inst u_axi4_ctrl/araddr[21:0] at 1 that is stuck at constant 0.
W: Removed bmsWIDEDFFCPE inst u_axi4_ctrl/araddr[21:0] at 2 that is stuck at constant 0.
W: Removed bmsWIDEDFFCPE inst u_axi4_ctrl/araddr[21:0] at 3 that is stuck at constant 0.
W: Removed bmsWIDEDFFCPE inst u_axi4_ctrl/araddr[21:0] at 4 that is stuck at constant 0.
W: Removed bmsWIDEDFFCPE inst u_axi4_ctrl/araddr[21:0] at 5 that is stuck at constant 0.
W: Removed bmsWIDEDFFCPE inst u_axi4_ctrl/araddr[21:0] at 6 that is stuck at constant 0.
W: Removed bmsWIDEDFFCPE inst u_axi4_ctrl/araddr[21:0] at 7 that is stuck at constant 0.
W: Removed bmsWIDEDFFCPE inst u_axi4_ctrl/rc_w_ptr[21:0] at 0 that is stuck at constant 0.
W: Removed bmsWIDEDFFCPE inst u_axi4_ctrl/rc_w_ptr[21:0] at 1 that is stuck at constant 0.
W: Removed bmsWIDEDFFCPE inst u_axi4_ctrl/rc_w_ptr[21:0] at 2 that is stuck at constant 0.
W: Removed bmsWIDEDFFCPE inst u_axi4_ctrl/rc_w_ptr[21:0] at 3 that is stuck at constant 0.
W: Removed bmsWIDEDFFCPE inst u_axi4_ctrl/rc_w_ptr[21:0] at 4 that is stuck at constant 0.
W: Removed bmsWIDEDFFCPE inst u_axi4_ctrl/rc_w_ptr[21:0] at 5 that is stuck at constant 0.
W: Removed bmsWIDEDFFCPE inst u_axi4_ctrl/rc_w_ptr[21:0] at 6 that is stuck at constant 0.
W: Removed bmsWIDEDFFCPE inst u_axi4_ctrl/rc_w_ptr[21:0] at 7 that is stuck at constant 0.
W: Removed bmsWIDEDFFCPE inst u_ips2l_pcie_dma/u_ips2l_pcie_dma_tx_top/u_ips2l_pcie_dma_cpld_tx_ctrl/cpld_addr[63:0] at 0 that is stuck at constant 0.
W: Removed bmsWIDEDFFCPE inst u_ips2l_pcie_dma/u_ips2l_pcie_dma_tx_top/u_ips2l_pcie_dma_cpld_tx_ctrl/cpld_addr[63:0] at 1 that is stuck at constant 0.
W: Removed bmsWIDEDFFPATCE inst u_ips2l_pcie_wrap/U_IPS2L_PCIE_TOP/U_IPS2L_HSSTLP_PCIE_SOFT_PHY/hsst_pciex4_rst/hsst_rx_rst_mcrsw/rx_rst_fsm_multi_sw_lane/main_done_reg at 3 that is stuck at constant 0.
W: Removed bmsWIDEDFFCPE inst I_ips_ddr_top/u_ddrphy_top/ddrphy_calib_top/ddrphy_upcal/cnt[7:0] at 5 that is stuck at constant 0.
W: Removed bmsWIDEDFFCPE inst I_ips_ddr_top/u_ddrphy_top/ddrphy_calib_top/ddrphy_upcal/cnt[7:0] at 6 that is stuck at constant 0.
W: Removed bmsWIDEDFFCPE inst I_ips_ddr_top/u_ddrphy_top/ddrphy_calib_top/ddrphy_upcal/cnt[7:0] at 7 that is stuck at constant 0.
W: Removed bmsWIDEDFFPATCE inst I_ips_ddr_top/u_ips_ddrc_top/mcdq_cfg_apb/cstate_reg at 0 that is stuck at constant 1.
W: Removed bmsWIDEDFFPATCE inst I_ips_ddr_top/u_ips_ddrc_top/mcdq_cfg_apb/cstate_reg at 1 that is stuck at constant 0.
W: Removed bmsWIDEDFFPATCE inst I_ips_ddr_top/u_ips_ddrc_top/mcdq_mrs/state_reg at 0 that is stuck at constant 1.
W: Removed bmsWIDEDFFPATCE inst I_ips_ddr_top/u_ips_ddrc_top/mcdq_mrs/state_reg at 1 that is stuck at constant 0.
W: Removed bmsWIDEDFFCPE inst I_ips_ddr_top/u_ips_ddrc_top/mcdq_ui_axi/mcdq_reg_fifo2/data_0[37:0] at 8 that is stuck at constant 0.
W: Removed bmsWIDEDFFCPE inst I_ips_ddr_top/u_ips_ddrc_top/mcdq_ui_axi/mcdq_reg_fifo2/data_0[37:0] at 9 that is stuck at constant 0.
W: Removed bmsWIDEDFFCPE inst I_ips_ddr_top/u_ips_ddrc_top/mcdq_ui_axi/mcdq_reg_fifo2/data_0[37:0] at 10 that is stuck at constant 0.
W: Removed bmsWIDEDFFCPE inst I_ips_ddr_top/u_ips_ddrc_top/mcdq_ui_axi/mcdq_reg_fifo2/data_0[37:0] at 11 that is stuck at constant 0.
W: Removed bmsWIDEDFFCPE inst I_ips_ddr_top/u_ips_ddrc_top/mcdq_ui_axi/mcdq_reg_fifo2/data_0[37:0] at 12 that is stuck at constant 0.
W: Removed bmsWIDEDFFCPE inst I_ips_ddr_top/u_ips_ddrc_top/mcdq_ui_axi/mcdq_reg_fifo2/data_0[37:0] at 13 that is stuck at constant 0.
W: Removed bmsWIDEDFFCPE inst I_ips_ddr_top/u_ips_ddrc_top/mcdq_ui_axi/mcdq_reg_fifo2/data_0[37:0] at 14 that is stuck at constant 0.
W: Removed bmsWIDEDFFCPE inst I_ips_ddr_top/u_ips_ddrc_top/mcdq_ui_axi/mcdq_reg_fifo2/data_0[37:0] at 15 that is stuck at constant 0.
W: Removed bmsWIDEDFFCPE inst I_ips_ddr_top/u_ips_ddrc_top/mcdq_ui_axi/mcdq_reg_fifo2/data_1[37:0] at 8 that is stuck at constant 0.
W: Removed bmsWIDEDFFCPE inst I_ips_ddr_top/u_ips_ddrc_top/mcdq_ui_axi/mcdq_reg_fifo2/data_1[37:0] at 9 that is stuck at constant 0.
W: Removed bmsWIDEDFFCPE inst I_ips_ddr_top/u_ips_ddrc_top/mcdq_ui_axi/mcdq_reg_fifo2/data_1[37:0] at 10 that is stuck at constant 0.
W: Removed bmsWIDEDFFCPE inst I_ips_ddr_top/u_ips_ddrc_top/mcdq_ui_axi/mcdq_reg_fifo2/data_1[37:0] at 11 that is stuck at constant 0.
W: Removed bmsWIDEDFFCPE inst I_ips_ddr_top/u_ips_ddrc_top/mcdq_ui_axi/mcdq_reg_fifo2/data_1[37:0] at 12 that is stuck at constant 0.
W: Removed bmsWIDEDFFCPE inst I_ips_ddr_top/u_ips_ddrc_top/mcdq_ui_axi/mcdq_reg_fifo2/data_1[37:0] at 13 that is stuck at constant 0.
W: Removed bmsWIDEDFFCPE inst I_ips_ddr_top/u_ips_ddrc_top/mcdq_ui_axi/mcdq_reg_fifo2/data_1[37:0] at 14 that is stuck at constant 0.
W: Removed bmsWIDEDFFCPE inst I_ips_ddr_top/u_ips_ddrc_top/mcdq_ui_axi/mcdq_reg_fifo2/data_1[37:0] at 15 that is stuck at constant 0.
W: Removed bmsWIDEDFFCPE inst I_ips_ddr_top/u_ips_ddrc_top/mcdq_cfg_apb/cnt[2:0] at 0 that is stuck at constant 0.
W: Removed bmsWIDEDFFCPE inst I_ips_ddr_top/u_ips_ddrc_top/mcdq_cfg_apb/cnt[2:0] at 1 that is stuck at constant 0.
W: Removed bmsWIDEDFFCPE inst I_ips_ddr_top/u_ips_ddrc_top/mcdq_cfg_apb/cnt[2:0] at 2 that is stuck at constant 0.
W: Removed bmsWIDEDFFCPE inst I_ips_ddr_top/u_ips_ddrc_top/mcdq_mrs/mr_addr[2:0] at 0 that is stuck at constant 0.
W: Removed bmsWIDEDFFCPE inst I_ips_ddr_top/u_ips_ddrc_top/mcdq_mrs/mr_addr[2:0] at 1 that is stuck at constant 0.
W: Removed bmsWIDEDFFCPE inst I_ips_ddr_top/u_ips_ddrc_top/mcdq_mrs/mr_addr[2:0] at 2 that is stuck at constant 0.
W: Removed bmsWIDEDFFCPE inst I_ips_ddr_top/u_ips_ddrc_top/mcdq_mrs/mrs_done that is stuck at constant 0.
W: Removed bmsWIDEDFFCPE inst I_ips_ddr_top/u_ips_ddrc_top/mcdq_mrs/ref_tri_r that is stuck at constant 0.
W: Removed bmsWIDEDFFCPE inst I_ips_ddr_top/u_ips_ddrc_top/mcdq_mrs/cnt_a[3:0] at 0 that is stuck at constant 0.
W: Removed bmsWIDEDFFCPE inst I_ips_ddr_top/u_ips_ddrc_top/mcdq_mrs/cnt_a[3:0] at 2 that is stuck at constant 0.
W: Removed bmsWIDEDFFCPE inst I_ips_ddr_top/u_ips_ddrc_top/mcdq_mrs/cnt_b[7:0] at 2 that is stuck at constant 0.
W: Removed bmsWIDEDFFCPE inst I_ips_ddr_top/u_ips_ddrc_top/mcdq_mrs/cnt_b[7:0] at 3 that is stuck at constant 0.
W: Removed bmsWIDEDFFCPE inst I_ips_ddr_top/u_ips_ddrc_top/mcdq_mrs/cnt_b[7:0] at 4 that is stuck at constant 0.
W: Removed bmsWIDEDFFCPE inst I_ips_ddr_top/u_ips_ddrc_top/mcdq_mrs/cnt_b[7:0] at 5 that is stuck at constant 0.
W: Removed bmsWIDEDFFCPE inst I_ips_ddr_top/u_ips_ddrc_top/mcdq_mrs/cnt_b[7:0] at 6 that is stuck at constant 0.
W: Removed bmsWIDEDFFCPE inst I_ips_ddr_top/u_ips_ddrc_top/mcdq_mrs/cnt_b[7:0] at 7 that is stuck at constant 0.
W: Removed bmsWIDEDFFCPE inst I_ips_ddr_top/u_ips_ddrc_top/mcdq_cfg_apb/mrs_status that is stuck at constant 0.
W: Removed bmsWIDEDFFPATCE inst I_ips_ddr_top/u_ips_ddrc_top/mcdq_mrs/state_reg at 2 that is stuck at constant 0.
W: Removed bmsWIDEDFFPATCE inst I_ips_ddr_top/u_ips_ddrc_top/mcdq_mrs/state_reg at 3 that is stuck at constant 0.
W: Removed bmsWIDEDFFPATCE inst I_ips_ddr_top/u_ips_ddrc_top/mcdq_mrs/state_reg at 4 that is stuck at constant 0.
W: Removed bmsWIDEDFFPATCE inst I_ips_ddr_top/u_ips_ddrc_top/mcdq_mrs/state_reg at 5 that is stuck at constant 0.
W: Removed bmsWIDEDFFPATCE inst I_ips_ddr_top/u_ips_ddrc_top/mcdq_mrs/state_reg at 6 that is stuck at constant 0.
W: Removed bmsWIDEDFFCPE inst I_ips_ddr_top/u_ips_ddrc_top/mcdq_mrs/mrs_addr[15:11] at 0 that is stuck at constant 0.
W: Removed bmsWIDEDFFCPE inst I_ips_ddr_top/u_ips_ddrc_top/mcdq_mrs/mrs_cmd[2:0] at 0 that is stuck at constant 0.
W: Removed bmsWIDEDFFCPE inst I_ips_ddr_top/u_ips_ddrc_top/mcdq_mrs/mrs_cmd[2:0] at 1 that is stuck at constant 0.
W: Removed bmsWIDEDFFCPE inst I_ips_ddr_top/u_ips_ddrc_top/mcdq_mrs/mrs_cmd[2:0] at 2 that is stuck at constant 0.
W: Removed bmsWIDEDFFCPE inst I_ips_ddr_top/u_ips_ddrc_top/mcdq_mrs/mrs_addr[9:0] at 2 that is stuck at constant 0.
W: Removed bmsWIDEDFFCPE inst I_ips_ddr_top/u_ips_ddrc_top/mcdq_mrs/mrs_addr[9:0] at 5 that is stuck at constant 0.
W: Removed bmsWIDEDFFCPE inst I_ips_ddr_top/u_ips_ddrc_top/mcdq_mrs/mrs_bank[2:0] at 0 that is stuck at constant 0.
W: Removed bmsWIDEDFFCPE inst I_ips_ddr_top/u_ips_ddrc_top/mcdq_mrs/mrs_bank[2:0] at 1 that is stuck at constant 0.
W: pmux inst 'I_ips_ddr_top/u_ips_ddrc_top/mcdq_mrs/N255_5' has no active select, tie output to 0
W: Removed bmsWIDEDFFCPE inst I_ips_ddr_top/u_ips_ddrc_top/mcdq_ui_axi/double_wr that is stuck at constant 0.
W: Removed bmsWIDEDFFCPE inst I_ips_ddr_top/u_ips_ddrc_top/mcdq_ui_axi/u_user_cmd_fifo/data_0[54:0] at 38 that is stuck at constant 0.
W: Removed bmsWIDEDFFCPE inst I_ips_ddr_top/u_ips_ddrc_top/mcdq_ui_axi/u_user_cmd_fifo/data_1[54:0] at 38 that is stuck at constant 0.
W: Removed bmsWIDEDFFCPE inst I_ips_ddr_top/u_ips_ddrc_top/mcdq_ui_axi/next_len[3:0] at 0 that is stuck at constant 0.
W: Removed bmsWIDEDFFCPE inst I_ips_ddr_top/u_ips_ddrc_top/mcdq_ui_axi/next_len[3:0] at 1 that is stuck at constant 0.
W: Removed bmsWIDEDFFCPE inst I_ips_ddr_top/u_ips_ddrc_top/mcdq_ui_axi/next_len[3:0] at 2 that is stuck at constant 0.
W: Removed bmsWIDEDFFCPE inst I_ips_ddr_top/u_ips_ddrc_top/mcdq_ui_axi/next_len[3:0] at 3 that is stuck at constant 0.
W: Removed bmsWIDEDFFCPE inst I_ips_ddr_top/u_ips_ddrc_top/mcdq_dcd_top/mcdq_dcd_bm/dec_double_wr that is stuck at constant 0.
W: Removed bmsWIDEDFFCPE inst I_ips_ddr_top/u_ips_ddrc_top/mcdq_dcd_top/mcdq_dcd_sm/dcd_double_wr that is stuck at constant 0.
W: Removed bmsWIDEDFFCPE inst I_ips_ddr_top/u_ips_ddrc_top/mcdq_dcd_top/mcdq_dcd_bm/dec_len[3:0] at 1 that is stuck at constant 0.
W: Public-4008: Instance 'I_ips_ddr_top/u_ips_ddrc_top/mcdq_mrs/prea_tri_r' of 'bmsWIDEDFFCPE' unit is dangling and will be cleaned.
W: Public-4008: Instance 'I_ips_ddr_top/u_ips_ddrc_top/mcdq_mrs/cnt_a[3:0]' of 'bmsWIDEDFFCPE' unit is dangling and will be cleaned.
W: Public-4008: Instance 'I_ips_ddr_top/u_ips_ddrc_top/mcdq_mrs/state_reg' of 'bmsWIDEDFFPATCE' unit is dangling and will be cleaned.
W: Removed bmsWIDEDFFCPE inst I_ips_ddr_top/u_ips_ddrc_top/mcdq_ui_axi/pre_addr[27:0] at 0 that is stuck at constant 0.
W: Removed bmsWIDEDFFCPE inst I_ips_ddr_top/u_ips_ddrc_top/mcdq_ui_axi/pre_addr[27:0] at 1 that is stuck at constant 0.
W: Removed bmsWIDEDFFCPE inst I_ips_ddr_top/u_ips_ddrc_top/mcdq_ui_axi/pre_addr[27:0] at 2 that is stuck at constant 0.
W: Removed bmsWIDEDFFCPE inst I_ips_ddr_top/u_ips_ddrc_top/mcdq_ui_axi/u_user_cmd_fifo/data_0[54:0] at 8 that is stuck at constant 0.
W: Removed bmsWIDEDFFCPE inst I_ips_ddr_top/u_ips_ddrc_top/mcdq_ui_axi/u_user_cmd_fifo/data_0[54:0] at 9 that is stuck at constant 0.
W: Removed bmsWIDEDFFCPE inst I_ips_ddr_top/u_ips_ddrc_top/mcdq_ui_axi/u_user_cmd_fifo/data_0[54:0] at 10 that is stuck at constant 0.
W: Removed bmsWIDEDFFCPE inst I_ips_ddr_top/u_ips_ddrc_top/mcdq_ui_axi/u_user_cmd_fifo/data_1[54:0] at 8 that is stuck at constant 0.
W: Removed bmsWIDEDFFCPE inst I_ips_ddr_top/u_ips_ddrc_top/mcdq_ui_axi/u_user_cmd_fifo/data_1[54:0] at 9 that is stuck at constant 0.
W: Removed bmsWIDEDFFCPE inst I_ips_ddr_top/u_ips_ddrc_top/mcdq_ui_axi/u_user_cmd_fifo/data_1[54:0] at 10 that is stuck at constant 0.
W: Removed bmsWIDEDFFCPE inst I_ips_ddr_top/u_ips_ddrc_top/mcdq_dcd_top/mcdq_dcd_bm/dec_addr[12:0] at 0 that is stuck at constant 0.
W: Removed bmsWIDEDFFCPE inst I_ips_ddr_top/u_ips_ddrc_top/mcdq_dcd_top/mcdq_dcd_bm/dec_addr[12:0] at 1 that is stuck at constant 0.
W: Removed bmsWIDEDFFCPE inst I_ips_ddr_top/u_ips_ddrc_top/mcdq_dcd_top/mcdq_dcd_bm/dec_addr[12:0] at 2 that is stuck at constant 0.
W: Removed bmsWIDEDFFCPE inst I_ips_ddr_top/u_ips_ddrc_top/mcdq_dcd_top/mcdq_dcd_sm/dec_addr_d[27:0] at 0 that is stuck at constant 0.
W: Removed bmsWIDEDFFCPE inst I_ips_ddr_top/u_ips_ddrc_top/mcdq_dcd_top/mcdq_dcd_sm/dec_addr_d[27:0] at 1 that is stuck at constant 0.
W: Removed bmsWIDEDFFCPE inst I_ips_ddr_top/u_ips_ddrc_top/mcdq_dcd_top/mcdq_dcd_sm/dec_addr_d[27:0] at 2 that is stuck at constant 0.
W: Removed bmsWIDEDFFCPE inst I_ips_ddr_top/u_ips_ddrc_top/mcdq_dcd_top/mcdq_dcd_sm/dcd_wr_addr[9:0] at 0 that is stuck at constant 0.
W: Removed bmsWIDEDFFCPE inst I_ips_ddr_top/u_ips_ddrc_top/mcdq_dcd_top/mcdq_dcd_sm/dcd_wr_addr[9:0] at 1 that is stuck at constant 0.
W: Removed bmsWIDEDFFCPE inst I_ips_ddr_top/u_ips_ddrc_top/mcdq_dcd_top/mcdq_dcd_sm/dcd_wr_addr[9:0] at 2 that is stuck at constant 0.
W: Removed bmsWIDEDFFCPE inst I_ips_ddr_top/u_ips_ddrc_top/mcdq_dcp_top/mcdq_dcp_buf/fifo_rdata_a[42:0] at 6 that is stuck at constant 0.
W: Removed bmsWIDEDFFCPE inst I_ips_ddr_top/u_ips_ddrc_top/mcdq_dcp_top/mcdq_dcp_buf/fifo_rdata_a[42:0] at 7 that is stuck at constant 0.
W: Removed bmsWIDEDFFCPE inst I_ips_ddr_top/u_ips_ddrc_top/mcdq_dcp_top/mcdq_dcp_buf/fifo_rdata_b[42:0] at 6 that is stuck at constant 0.
W: Removed bmsWIDEDFFCPE inst I_ips_ddr_top/u_ips_ddrc_top/mcdq_dcp_top/mcdq_dcp_buf/fifo_rdata_b[42:0] at 7 that is stuck at constant 0.
W: Removed bmsWIDEDFFCPE inst I_ips_ddr_top/u_ips_ddrc_top/mcdq_dcp_top/mcdq_dcp_buf/req_rdata[42:0] at 6 that is stuck at constant 0.
W: Removed bmsWIDEDFFCPE inst I_ips_ddr_top/u_ips_ddrc_top/mcdq_dcp_top/mcdq_dcp_back_ctrl/back_rdata_d1[42:0] at 6 that is stuck at constant 0.
W: Removed bmsWIDEDFFCPE inst I_ips_ddr_top/u_ips_ddrc_top/mcdq_dcp_top/mcdq_dcp_back_ctrl/req_rdata[42:0] at 6 that is stuck at constant 0.
W: Removed bmsWIDEDFFCPE inst I_ips_ddr_top/u_ips_ddrc_top/mcdq_dcp_top/mcdq_dcp_back_ctrl/req_rdata[42:0] at 7 that is stuck at constant 0.
W: Removed bmsWIDEDFFCPE inst I_ips_ddr_top/u_ips_ddrc_top/mcdq_dcp_top/mcdq_dcp_back_ctrl/pipe_req_addr[27:0] at 1 that is stuck at constant 0.
W: Removed bmsWIDEDFFCPE inst I_ips_ddr_top/u_ips_ddrc_top/mcdq_dcp_top/mcdq_dcp_back_ctrl/pipe_req_addr[27:0] at 2 that is stuck at constant 0.
W: Removed bmsWIDEDFFCPE inst I_ips_ddr_top/u_ips_ddrc_top/mcdq_dcp_top/mcdq_dcp_out/norm_addr_m[14:0] at 1 that is stuck at constant 0.
W: Removed bmsWIDEDFFCPE inst I_ips_ddr_top/u_ips_ddrc_top/mcdq_dcp_top/mcdq_dcp_out/norm_addr_m[14:0] at 2 that is stuck at constant 0.
W: Removed bmsWIDEDFFCPE inst I_ips_ddr_top/u_ips_ddrc_top/mcdq_calib_delay/calib_norm_addr_m[14:0] at 1 that is stuck at constant 0.
W: Removed bmsWIDEDFFCPE inst I_ips_ddr_top/u_ips_ddrc_top/mcdq_calib_delay/calib_norm_addr_m[14:0] at 2 that is stuck at constant 0.
W: Removed bmsWIDEDFFCPE inst I_ips_ddr_top/u_ddrphy_top/ddrphy_dfi/update_cal_req that is stuck at constant 0.
W: Removed bmsWIDEDFFCPE inst I_ips_ddr_top/u_ips_ddrc_top/mcdq_ui_axi/pre_addr[27:0] at 3 that is stuck at constant 0.
W: Removed bmsWIDEDFFCPE inst I_ips_ddr_top/u_ips_ddrc_top/mcdq_ui_axi/pre_addr[27:0] at 4 that is stuck at constant 0.
W: Removed bmsWIDEDFFCPE inst I_ips_ddr_top/u_ips_ddrc_top/mcdq_ui_axi/pre_addr[27:0] at 5 that is stuck at constant 0.
W: Removed bmsWIDEDFFCPE inst I_ips_ddr_top/u_ips_ddrc_top/mcdq_ui_axi/pre_addr[27:0] at 6 that is stuck at constant 0.
W: Removed bmsWIDEDFFCPE inst I_ips_ddr_top/u_ips_ddrc_top/mcdq_ui_axi/pre_addr[27:0] at 7 that is stuck at constant 0.
W: Removed bmsWIDEDFFCPE inst I_ips_ddr_top/u_ips_ddrc_top/mcdq_ui_axi/pre_addr[27:0] at 24 that is stuck at constant 0.
W: Removed bmsWIDEDFFCPE inst I_ips_ddr_top/u_ips_ddrc_top/mcdq_ui_axi/pre_addr[27:0] at 25 that is stuck at constant 0.
W: Removed bmsWIDEDFFCPE inst I_ips_ddr_top/u_ips_ddrc_top/mcdq_ui_axi/pre_addr[27:0] at 26 that is stuck at constant 0.
W: Removed bmsWIDEDFFCPE inst I_ips_ddr_top/u_ips_ddrc_top/mcdq_ui_axi/pre_addr[27:0] at 27 that is stuck at constant 0.
W: Removed bmsWIDEDFFCPE inst I_ips_ddr_top/u_ips_ddrc_top/mcdq_ui_axi/old_row_addr_array[0][14:0] at 14 that is stuck at constant 0.
W: Removed bmsWIDEDFFCPE inst I_ips_ddr_top/u_ips_ddrc_top/mcdq_ui_axi/old_row_addr_array[1][14:0] at 14 that is stuck at constant 0.
W: Removed bmsWIDEDFFCPE inst I_ips_ddr_top/u_ips_ddrc_top/mcdq_ui_axi/old_row_addr_array[2][14:0] at 14 that is stuck at constant 0.
W: Removed bmsWIDEDFFCPE inst I_ips_ddr_top/u_ips_ddrc_top/mcdq_ui_axi/old_row_addr_array[3][14:0] at 14 that is stuck at constant 0.
W: Removed bmsWIDEDFFCPE inst I_ips_ddr_top/u_ips_ddrc_top/mcdq_ui_axi/old_row_addr_array[4][14:0] at 14 that is stuck at constant 0.
W: Removed bmsWIDEDFFCPE inst I_ips_ddr_top/u_ips_ddrc_top/mcdq_ui_axi/old_row_addr_array[5][14:0] at 14 that is stuck at constant 0.
W: Removed bmsWIDEDFFCPE inst I_ips_ddr_top/u_ips_ddrc_top/mcdq_ui_axi/old_row_addr_array[6][14:0] at 14 that is stuck at constant 0.
W: Removed bmsWIDEDFFCPE inst I_ips_ddr_top/u_ips_ddrc_top/mcdq_ui_axi/old_row_addr_array[7][14:0] at 14 that is stuck at constant 0.
W: Removed bmsWIDEDFFCPE inst I_ips_ddr_top/u_ips_ddrc_top/mcdq_ui_axi/u_user_cmd_fifo/data_0[54:0] at 11 that is stuck at constant 0.
W: Removed bmsWIDEDFFCPE inst I_ips_ddr_top/u_ips_ddrc_top/mcdq_ui_axi/u_user_cmd_fifo/data_0[54:0] at 12 that is stuck at constant 0.
W: Removed bmsWIDEDFFCPE inst I_ips_ddr_top/u_ips_ddrc_top/mcdq_ui_axi/u_user_cmd_fifo/data_0[54:0] at 13 that is stuck at constant 0.
W: Removed bmsWIDEDFFCPE inst I_ips_ddr_top/u_ips_ddrc_top/mcdq_ui_axi/u_user_cmd_fifo/data_0[54:0] at 14 that is stuck at constant 0.
W: Removed bmsWIDEDFFCPE inst I_ips_ddr_top/u_ips_ddrc_top/mcdq_ui_axi/u_user_cmd_fifo/data_0[54:0] at 15 that is stuck at constant 0.
W: Removed bmsWIDEDFFCPE inst I_ips_ddr_top/u_ips_ddrc_top/mcdq_ui_axi/u_user_cmd_fifo/data_0[54:0] at 18 that is stuck at constant 0.
W: Removed bmsWIDEDFFCPE inst I_ips_ddr_top/u_ips_ddrc_top/mcdq_ui_axi/u_user_cmd_fifo/data_0[54:0] at 19 that is stuck at constant 0.
W: Removed bmsWIDEDFFCPE inst I_ips_ddr_top/u_ips_ddrc_top/mcdq_ui_axi/u_user_cmd_fifo/data_0[54:0] at 20 that is stuck at constant 0.
W: Removed bmsWIDEDFFCPE inst I_ips_ddr_top/u_ips_ddrc_top/mcdq_ui_axi/u_user_cmd_fifo/data_0[54:0] at 35 that is stuck at constant 0.
W: Removed bmsWIDEDFFCPE inst I_ips_ddr_top/u_ips_ddrc_top/mcdq_ui_axi/u_user_cmd_fifo/data_1[54:0] at 11 that is stuck at constant 0.
W: Removed bmsWIDEDFFCPE inst I_ips_ddr_top/u_ips_ddrc_top/mcdq_ui_axi/u_user_cmd_fifo/data_1[54:0] at 12 that is stuck at constant 0.
W: Removed bmsWIDEDFFCPE inst I_ips_ddr_top/u_ips_ddrc_top/mcdq_ui_axi/u_user_cmd_fifo/data_1[54:0] at 13 that is stuck at constant 0.
W: Removed bmsWIDEDFFCPE inst I_ips_ddr_top/u_ips_ddrc_top/mcdq_ui_axi/u_user_cmd_fifo/data_1[54:0] at 14 that is stuck at constant 0.
W: Removed bmsWIDEDFFCPE inst I_ips_ddr_top/u_ips_ddrc_top/mcdq_ui_axi/u_user_cmd_fifo/data_1[54:0] at 15 that is stuck at constant 0.
W: Removed bmsWIDEDFFCPE inst I_ips_ddr_top/u_ips_ddrc_top/mcdq_ui_axi/u_user_cmd_fifo/data_1[54:0] at 18 that is stuck at constant 0.
W: Removed bmsWIDEDFFCPE inst I_ips_ddr_top/u_ips_ddrc_top/mcdq_ui_axi/u_user_cmd_fifo/data_1[54:0] at 19 that is stuck at constant 0.
W: Removed bmsWIDEDFFCPE inst I_ips_ddr_top/u_ips_ddrc_top/mcdq_ui_axi/u_user_cmd_fifo/data_1[54:0] at 20 that is stuck at constant 0.
W: Removed bmsWIDEDFFCPE inst I_ips_ddr_top/u_ips_ddrc_top/mcdq_ui_axi/u_user_cmd_fifo/data_1[54:0] at 35 that is stuck at constant 0.
W: Removed bmsWIDEDFFCPE inst I_ips_ddr_top/u_ips_ddrc_top/mcdq_ui_axi/old_row_addr_array[1][14:0] at 0 that is stuck at constant 0.
W: Removed bmsWIDEDFFCPE inst I_ips_ddr_top/u_ips_ddrc_top/mcdq_ui_axi/old_row_addr_array[1][14:0] at 1 that is stuck at constant 0.
W: Removed bmsWIDEDFFCPE inst I_ips_ddr_top/u_ips_ddrc_top/mcdq_ui_axi/old_row_addr_array[1][14:0] at 2 that is stuck at constant 0.
W: Removed bmsWIDEDFFCPE inst I_ips_ddr_top/u_ips_ddrc_top/mcdq_ui_axi/old_row_addr_array[1][14:0] at 3 that is stuck at constant 0.
W: Removed bmsWIDEDFFCPE inst I_ips_ddr_top/u_ips_ddrc_top/mcdq_ui_axi/old_row_addr_array[1][14:0] at 4 that is stuck at constant 0.
W: Removed bmsWIDEDFFCPE inst I_ips_ddr_top/u_ips_ddrc_top/mcdq_ui_axi/old_row_addr_array[1][14:0] at 5 that is stuck at constant 0.
W: Removed bmsWIDEDFFCPE inst I_ips_ddr_top/u_ips_ddrc_top/mcdq_ui_axi/old_row_addr_array[1][14:0] at 6 that is stuck at constant 0.
W: Removed bmsWIDEDFFCPE inst I_ips_ddr_top/u_ips_ddrc_top/mcdq_ui_axi/old_row_addr_array[1][14:0] at 7 that is stuck at constant 0.
W: Removed bmsWIDEDFFCPE inst I_ips_ddr_top/u_ips_ddrc_top/mcdq_ui_axi/old_row_addr_array[1][14:0] at 8 that is stuck at constant 0.
W: Removed bmsWIDEDFFCPE inst I_ips_ddr_top/u_ips_ddrc_top/mcdq_ui_axi/old_row_addr_array[1][14:0] at 9 that is stuck at constant 0.
W: Removed bmsWIDEDFFCPE inst I_ips_ddr_top/u_ips_ddrc_top/mcdq_ui_axi/old_row_addr_array[1][14:0] at 10 that is stuck at constant 0.
W: Removed bmsWIDEDFFCPE inst I_ips_ddr_top/u_ips_ddrc_top/mcdq_ui_axi/old_row_addr_array[1][14:0] at 11 that is stuck at constant 0.
W: Removed bmsWIDEDFFCPE inst I_ips_ddr_top/u_ips_ddrc_top/mcdq_ui_axi/old_row_addr_array[1][14:0] at 12 that is stuck at constant 0.
W: Removed bmsWIDEDFFCPE inst I_ips_ddr_top/u_ips_ddrc_top/mcdq_ui_axi/old_row_addr_array[1][14:0] at 13 that is stuck at constant 0.
W: Removed bmsWIDEDFFCPE inst I_ips_ddr_top/u_ips_ddrc_top/mcdq_ui_axi/old_row_addr_array[3][14:0] at 0 that is stuck at constant 0.
W: Removed bmsWIDEDFFCPE inst I_ips_ddr_top/u_ips_ddrc_top/mcdq_ui_axi/old_row_addr_array[3][14:0] at 1 that is stuck at constant 0.
W: Removed bmsWIDEDFFCPE inst I_ips_ddr_top/u_ips_ddrc_top/mcdq_ui_axi/old_row_addr_array[3][14:0] at 2 that is stuck at constant 0.
W: Removed bmsWIDEDFFCPE inst I_ips_ddr_top/u_ips_ddrc_top/mcdq_ui_axi/old_row_addr_array[3][14:0] at 3 that is stuck at constant 0.
W: Removed bmsWIDEDFFCPE inst I_ips_ddr_top/u_ips_ddrc_top/mcdq_ui_axi/old_row_addr_array[3][14:0] at 4 that is stuck at constant 0.
W: Removed bmsWIDEDFFCPE inst I_ips_ddr_top/u_ips_ddrc_top/mcdq_ui_axi/old_row_addr_array[3][14:0] at 5 that is stuck at constant 0.
W: Removed bmsWIDEDFFCPE inst I_ips_ddr_top/u_ips_ddrc_top/mcdq_ui_axi/old_row_addr_array[3][14:0] at 6 that is stuck at constant 0.
W: Removed bmsWIDEDFFCPE inst I_ips_ddr_top/u_ips_ddrc_top/mcdq_ui_axi/old_row_addr_array[3][14:0] at 7 that is stuck at constant 0.
W: Removed bmsWIDEDFFCPE inst I_ips_ddr_top/u_ips_ddrc_top/mcdq_ui_axi/old_row_addr_array[3][14:0] at 8 that is stuck at constant 0.
W: Removed bmsWIDEDFFCPE inst I_ips_ddr_top/u_ips_ddrc_top/mcdq_ui_axi/old_row_addr_array[3][14:0] at 9 that is stuck at constant 0.
W: Removed bmsWIDEDFFCPE inst I_ips_ddr_top/u_ips_ddrc_top/mcdq_ui_axi/old_row_addr_array[3][14:0] at 10 that is stuck at constant 0.
W: Removed bmsWIDEDFFCPE inst I_ips_ddr_top/u_ips_ddrc_top/mcdq_ui_axi/old_row_addr_array[3][14:0] at 11 that is stuck at constant 0.
W: Removed bmsWIDEDFFCPE inst I_ips_ddr_top/u_ips_ddrc_top/mcdq_ui_axi/old_row_addr_array[3][14:0] at 12 that is stuck at constant 0.
W: Removed bmsWIDEDFFCPE inst I_ips_ddr_top/u_ips_ddrc_top/mcdq_ui_axi/old_row_addr_array[3][14:0] at 13 that is stuck at constant 0.
W: Removed bmsWIDEDFFCPE inst I_ips_ddr_top/u_ips_ddrc_top/mcdq_ui_axi/old_row_addr_array[7][14:0] at 0 that is stuck at constant 0.
W: Removed bmsWIDEDFFCPE inst I_ips_ddr_top/u_ips_ddrc_top/mcdq_ui_axi/old_row_addr_array[7][14:0] at 1 that is stuck at constant 0.
W: Removed bmsWIDEDFFCPE inst I_ips_ddr_top/u_ips_ddrc_top/mcdq_ui_axi/old_row_addr_array[7][14:0] at 2 that is stuck at constant 0.
W: Removed bmsWIDEDFFCPE inst I_ips_ddr_top/u_ips_ddrc_top/mcdq_ui_axi/old_row_addr_array[7][14:0] at 3 that is stuck at constant 0.
W: Removed bmsWIDEDFFCPE inst I_ips_ddr_top/u_ips_ddrc_top/mcdq_ui_axi/old_row_addr_array[7][14:0] at 4 that is stuck at constant 0.
W: Removed bmsWIDEDFFCPE inst I_ips_ddr_top/u_ips_ddrc_top/mcdq_ui_axi/old_row_addr_array[7][14:0] at 5 that is stuck at constant 0.
W: Removed bmsWIDEDFFCPE inst I_ips_ddr_top/u_ips_ddrc_top/mcdq_ui_axi/old_row_addr_array[7][14:0] at 6 that is stuck at constant 0.
W: Removed bmsWIDEDFFCPE inst I_ips_ddr_top/u_ips_ddrc_top/mcdq_ui_axi/old_row_addr_array[7][14:0] at 7 that is stuck at constant 0.
W: Removed bmsWIDEDFFCPE inst I_ips_ddr_top/u_ips_ddrc_top/mcdq_ui_axi/old_row_addr_array[7][14:0] at 8 that is stuck at constant 0.
W: Removed bmsWIDEDFFCPE inst I_ips_ddr_top/u_ips_ddrc_top/mcdq_ui_axi/old_row_addr_array[7][14:0] at 9 that is stuck at constant 0.
W: Removed bmsWIDEDFFCPE inst I_ips_ddr_top/u_ips_ddrc_top/mcdq_ui_axi/old_row_addr_array[7][14:0] at 10 that is stuck at constant 0.
W: Removed bmsWIDEDFFCPE inst I_ips_ddr_top/u_ips_ddrc_top/mcdq_ui_axi/old_row_addr_array[7][14:0] at 11 that is stuck at constant 0.
W: Removed bmsWIDEDFFCPE inst I_ips_ddr_top/u_ips_ddrc_top/mcdq_ui_axi/old_row_addr_array[7][14:0] at 12 that is stuck at constant 0.
W: Removed bmsWIDEDFFCPE inst I_ips_ddr_top/u_ips_ddrc_top/mcdq_ui_axi/old_row_addr_array[7][14:0] at 13 that is stuck at constant 0.
W: Removed bmsWIDEDFFCPE inst I_ips_ddr_top/u_ips_ddrc_top/mcdq_ui_axi/old_row_addr_array[6][14:0] at 0 that is stuck at constant 0.
W: Removed bmsWIDEDFFCPE inst I_ips_ddr_top/u_ips_ddrc_top/mcdq_ui_axi/old_row_addr_array[6][14:0] at 1 that is stuck at constant 0.
W: Removed bmsWIDEDFFCPE inst I_ips_ddr_top/u_ips_ddrc_top/mcdq_ui_axi/old_row_addr_array[6][14:0] at 2 that is stuck at constant 0.
W: Removed bmsWIDEDFFCPE inst I_ips_ddr_top/u_ips_ddrc_top/mcdq_ui_axi/old_row_addr_array[6][14:0] at 3 that is stuck at constant 0.
W: Removed bmsWIDEDFFCPE inst I_ips_ddr_top/u_ips_ddrc_top/mcdq_ui_axi/old_row_addr_array[6][14:0] at 4 that is stuck at constant 0.
W: Removed bmsWIDEDFFCPE inst I_ips_ddr_top/u_ips_ddrc_top/mcdq_ui_axi/old_row_addr_array[6][14:0] at 5 that is stuck at constant 0.
W: Removed bmsWIDEDFFCPE inst I_ips_ddr_top/u_ips_ddrc_top/mcdq_ui_axi/old_row_addr_array[6][14:0] at 6 that is stuck at constant 0.
W: Removed bmsWIDEDFFCPE inst I_ips_ddr_top/u_ips_ddrc_top/mcdq_ui_axi/old_row_addr_array[6][14:0] at 7 that is stuck at constant 0.
W: Removed bmsWIDEDFFCPE inst I_ips_ddr_top/u_ips_ddrc_top/mcdq_ui_axi/old_row_addr_array[6][14:0] at 8 that is stuck at constant 0.
W: Removed bmsWIDEDFFCPE inst I_ips_ddr_top/u_ips_ddrc_top/mcdq_ui_axi/old_row_addr_array[6][14:0] at 9 that is stuck at constant 0.
W: Removed bmsWIDEDFFCPE inst I_ips_ddr_top/u_ips_ddrc_top/mcdq_ui_axi/old_row_addr_array[6][14:0] at 10 that is stuck at constant 0.
W: Removed bmsWIDEDFFCPE inst I_ips_ddr_top/u_ips_ddrc_top/mcdq_ui_axi/old_row_addr_array[6][14:0] at 11 that is stuck at constant 0.
W: Removed bmsWIDEDFFCPE inst I_ips_ddr_top/u_ips_ddrc_top/mcdq_ui_axi/old_row_addr_array[6][14:0] at 12 that is stuck at constant 0.
W: Removed bmsWIDEDFFCPE inst I_ips_ddr_top/u_ips_ddrc_top/mcdq_ui_axi/old_row_addr_array[6][14:0] at 13 that is stuck at constant 0.
W: Removed bmsWIDEDFFCPE inst I_ips_ddr_top/u_ips_ddrc_top/mcdq_ui_axi/old_row_addr_array[4][14:0] at 0 that is stuck at constant 0.
W: Removed bmsWIDEDFFCPE inst I_ips_ddr_top/u_ips_ddrc_top/mcdq_ui_axi/old_row_addr_array[4][14:0] at 1 that is stuck at constant 0.
W: Removed bmsWIDEDFFCPE inst I_ips_ddr_top/u_ips_ddrc_top/mcdq_ui_axi/old_row_addr_array[4][14:0] at 2 that is stuck at constant 0.
W: Removed bmsWIDEDFFCPE inst I_ips_ddr_top/u_ips_ddrc_top/mcdq_ui_axi/old_row_addr_array[4][14:0] at 3 that is stuck at constant 0.
W: Removed bmsWIDEDFFCPE inst I_ips_ddr_top/u_ips_ddrc_top/mcdq_ui_axi/old_row_addr_array[4][14:0] at 4 that is stuck at constant 0.
W: Removed bmsWIDEDFFCPE inst I_ips_ddr_top/u_ips_ddrc_top/mcdq_ui_axi/old_row_addr_array[4][14:0] at 5 that is stuck at constant 0.
W: Removed bmsWIDEDFFCPE inst I_ips_ddr_top/u_ips_ddrc_top/mcdq_ui_axi/old_row_addr_array[4][14:0] at 6 that is stuck at constant 0.
W: Removed bmsWIDEDFFCPE inst I_ips_ddr_top/u_ips_ddrc_top/mcdq_ui_axi/old_row_addr_array[4][14:0] at 7 that is stuck at constant 0.
W: Removed bmsWIDEDFFCPE inst I_ips_ddr_top/u_ips_ddrc_top/mcdq_ui_axi/old_row_addr_array[4][14:0] at 8 that is stuck at constant 0.
W: Removed bmsWIDEDFFCPE inst I_ips_ddr_top/u_ips_ddrc_top/mcdq_ui_axi/old_row_addr_array[4][14:0] at 9 that is stuck at constant 0.
W: Removed bmsWIDEDFFCPE inst I_ips_ddr_top/u_ips_ddrc_top/mcdq_ui_axi/old_row_addr_array[4][14:0] at 10 that is stuck at constant 0.
W: Removed bmsWIDEDFFCPE inst I_ips_ddr_top/u_ips_ddrc_top/mcdq_ui_axi/old_row_addr_array[4][14:0] at 11 that is stuck at constant 0.
W: Removed bmsWIDEDFFCPE inst I_ips_ddr_top/u_ips_ddrc_top/mcdq_ui_axi/old_row_addr_array[4][14:0] at 12 that is stuck at constant 0.
W: Removed bmsWIDEDFFCPE inst I_ips_ddr_top/u_ips_ddrc_top/mcdq_ui_axi/old_row_addr_array[4][14:0] at 13 that is stuck at constant 0.
W: Removed bmsWIDEDFFCPE inst I_ips_ddr_top/u_ips_ddrc_top/mcdq_ui_axi/old_row_addr_array[5][14:0] at 0 that is stuck at constant 0.
W: Removed bmsWIDEDFFCPE inst I_ips_ddr_top/u_ips_ddrc_top/mcdq_ui_axi/old_row_addr_array[5][14:0] at 1 that is stuck at constant 0.
W: Removed bmsWIDEDFFCPE inst I_ips_ddr_top/u_ips_ddrc_top/mcdq_ui_axi/old_row_addr_array[5][14:0] at 2 that is stuck at constant 0.
W: Removed bmsWIDEDFFCPE inst I_ips_ddr_top/u_ips_ddrc_top/mcdq_ui_axi/old_row_addr_array[5][14:0] at 3 that is stuck at constant 0.
W: Removed bmsWIDEDFFCPE inst I_ips_ddr_top/u_ips_ddrc_top/mcdq_ui_axi/old_row_addr_array[5][14:0] at 4 that is stuck at constant 0.
W: Removed bmsWIDEDFFCPE inst I_ips_ddr_top/u_ips_ddrc_top/mcdq_ui_axi/old_row_addr_array[5][14:0] at 5 that is stuck at constant 0.
W: Removed bmsWIDEDFFCPE inst I_ips_ddr_top/u_ips_ddrc_top/mcdq_ui_axi/old_row_addr_array[5][14:0] at 6 that is stuck at constant 0.
W: Removed bmsWIDEDFFCPE inst I_ips_ddr_top/u_ips_ddrc_top/mcdq_ui_axi/old_row_addr_array[5][14:0] at 7 that is stuck at constant 0.
W: Removed bmsWIDEDFFCPE inst I_ips_ddr_top/u_ips_ddrc_top/mcdq_ui_axi/old_row_addr_array[5][14:0] at 8 that is stuck at constant 0.
W: Removed bmsWIDEDFFCPE inst I_ips_ddr_top/u_ips_ddrc_top/mcdq_ui_axi/old_row_addr_array[5][14:0] at 9 that is stuck at constant 0.
W: Removed bmsWIDEDFFCPE inst I_ips_ddr_top/u_ips_ddrc_top/mcdq_ui_axi/old_row_addr_array[5][14:0] at 10 that is stuck at constant 0.
W: Removed bmsWIDEDFFCPE inst I_ips_ddr_top/u_ips_ddrc_top/mcdq_ui_axi/old_row_addr_array[5][14:0] at 11 that is stuck at constant 0.
W: Removed bmsWIDEDFFCPE inst I_ips_ddr_top/u_ips_ddrc_top/mcdq_ui_axi/old_row_addr_array[5][14:0] at 12 that is stuck at constant 0.
W: Removed bmsWIDEDFFCPE inst I_ips_ddr_top/u_ips_ddrc_top/mcdq_ui_axi/old_row_addr_array[5][14:0] at 13 that is stuck at constant 0.
W: Removed bmsWIDEDFFCPE inst I_ips_ddr_top/u_ips_ddrc_top/mcdq_ui_axi/old_row_addr_array[2][14:0] at 0 that is stuck at constant 0.
W: Removed bmsWIDEDFFCPE inst I_ips_ddr_top/u_ips_ddrc_top/mcdq_ui_axi/old_row_addr_array[2][14:0] at 1 that is stuck at constant 0.
W: Removed bmsWIDEDFFCPE inst I_ips_ddr_top/u_ips_ddrc_top/mcdq_ui_axi/old_row_addr_array[2][14:0] at 2 that is stuck at constant 0.
W: Removed bmsWIDEDFFCPE inst I_ips_ddr_top/u_ips_ddrc_top/mcdq_ui_axi/old_row_addr_array[2][14:0] at 3 that is stuck at constant 0.
W: Removed bmsWIDEDFFCPE inst I_ips_ddr_top/u_ips_ddrc_top/mcdq_ui_axi/old_row_addr_array[2][14:0] at 4 that is stuck at constant 0.
W: Removed bmsWIDEDFFCPE inst I_ips_ddr_top/u_ips_ddrc_top/mcdq_ui_axi/old_row_addr_array[2][14:0] at 5 that is stuck at constant 0.
W: Removed bmsWIDEDFFCPE inst I_ips_ddr_top/u_ips_ddrc_top/mcdq_ui_axi/old_row_addr_array[2][14:0] at 6 that is stuck at constant 0.
W: Removed bmsWIDEDFFCPE inst I_ips_ddr_top/u_ips_ddrc_top/mcdq_ui_axi/old_row_addr_array[2][14:0] at 7 that is stuck at constant 0.
W: Removed bmsWIDEDFFCPE inst I_ips_ddr_top/u_ips_ddrc_top/mcdq_ui_axi/old_row_addr_array[2][14:0] at 8 that is stuck at constant 0.
W: Removed bmsWIDEDFFCPE inst I_ips_ddr_top/u_ips_ddrc_top/mcdq_ui_axi/old_row_addr_array[2][14:0] at 9 that is stuck at constant 0.
W: Removed bmsWIDEDFFCPE inst I_ips_ddr_top/u_ips_ddrc_top/mcdq_ui_axi/old_row_addr_array[2][14:0] at 10 that is stuck at constant 0.
W: Removed bmsWIDEDFFCPE inst I_ips_ddr_top/u_ips_ddrc_top/mcdq_ui_axi/old_row_addr_array[2][14:0] at 11 that is stuck at constant 0.
W: Removed bmsWIDEDFFCPE inst I_ips_ddr_top/u_ips_ddrc_top/mcdq_ui_axi/old_row_addr_array[2][14:0] at 12 that is stuck at constant 0.
W: Removed bmsWIDEDFFCPE inst I_ips_ddr_top/u_ips_ddrc_top/mcdq_ui_axi/old_row_addr_array[2][14:0] at 13 that is stuck at constant 0.
W: Removed bmsWIDEDFFCPE inst I_ips_ddr_top/u_ips_ddrc_top/mcdq_ui_axi/u_user_cmd_fifo/data_0[54:0] at 54 that is stuck at constant 0.
W: Removed bmsWIDEDFFCPE inst I_ips_ddr_top/u_ips_ddrc_top/mcdq_ui_axi/u_user_cmd_fifo/data_1[54:0] at 54 that is stuck at constant 0.
W: Removed bmsWIDEDFFCPE inst I_ips_ddr_top/u_ips_ddrc_top/mcdq_dcd_top/mcdq_dcd_bm/user_addr_d[27:0] at 27 that is stuck at constant 0.
W: Removed bmsWIDEDFFCPE inst I_ips_ddr_top/u_ips_ddrc_top/mcdq_dcd_top/mcdq_dcd_bm/dec_addr[12:0] at 3 that is stuck at constant 0.
W: Removed bmsWIDEDFFCPE inst I_ips_ddr_top/u_ips_ddrc_top/mcdq_dcd_top/mcdq_dcd_bm/dec_addr[12:0] at 4 that is stuck at constant 0.
W: Removed bmsWIDEDFFCPE inst I_ips_ddr_top/u_ips_ddrc_top/mcdq_dcd_top/mcdq_dcd_bm/dec_addr[12:0] at 5 that is stuck at constant 0.
W: Removed bmsWIDEDFFCPE inst I_ips_ddr_top/u_ips_ddrc_top/mcdq_dcd_top/mcdq_dcd_bm/dec_addr[12:0] at 6 that is stuck at constant 0.
W: Removed bmsWIDEDFFCPE inst I_ips_ddr_top/u_ips_ddrc_top/mcdq_dcd_top/mcdq_dcd_bm/dec_addr[12:0] at 7 that is stuck at constant 0.
W: Removed bmsWIDEDFFCPE inst I_ips_ddr_top/u_ips_ddrc_top/mcdq_dcd_top/mcdq_dcd_bm/dec_addr[12:0] at 10 that is stuck at constant 0.
W: Removed bmsWIDEDFFCPE inst I_ips_ddr_top/u_ips_ddrc_top/mcdq_dcd_top/mcdq_dcd_bm/dec_addr[12:0] at 11 that is stuck at constant 0.
W: Removed bmsWIDEDFFCPE inst I_ips_ddr_top/u_ips_ddrc_top/mcdq_dcd_top/mcdq_dcd_bm/dec_addr[12:0] at 12 that is stuck at constant 0.
W: Removed bmsWIDEDFFCPE inst I_ips_ddr_top/u_ips_ddrc_top/mcdq_dcd_top/mcdq_dcd_sm/dec_addr_d[27:0] at 3 that is stuck at constant 0.
W: Removed bmsWIDEDFFCPE inst I_ips_ddr_top/u_ips_ddrc_top/mcdq_dcd_top/mcdq_dcd_sm/dec_addr_d[27:0] at 4 that is stuck at constant 0.
W: Removed bmsWIDEDFFCPE inst I_ips_ddr_top/u_ips_ddrc_top/mcdq_dcd_top/mcdq_dcd_sm/dec_addr_d[27:0] at 5 that is stuck at constant 0.
W: Removed bmsWIDEDFFCPE inst I_ips_ddr_top/u_ips_ddrc_top/mcdq_dcd_top/mcdq_dcd_sm/dec_addr_d[27:0] at 6 that is stuck at constant 0.
W: Removed bmsWIDEDFFCPE inst I_ips_ddr_top/u_ips_ddrc_top/mcdq_dcd_top/mcdq_dcd_sm/dec_addr_d[27:0] at 7 that is stuck at constant 0.
W: Removed bmsWIDEDFFCPE inst I_ips_ddr_top/u_ips_ddrc_top/mcdq_dcd_top/mcdq_dcd_sm/dec_addr_d[27:0] at 10 that is stuck at constant 0.
W: Removed bmsWIDEDFFCPE inst I_ips_ddr_top/u_ips_ddrc_top/mcdq_dcd_top/mcdq_dcd_sm/dec_addr_d[27:0] at 11 that is stuck at constant 0.
W: Removed bmsWIDEDFFCPE inst I_ips_ddr_top/u_ips_ddrc_top/mcdq_dcd_top/mcdq_dcd_sm/dec_addr_d[27:0] at 12 that is stuck at constant 0.
W: Removed bmsWIDEDFFCPE inst I_ips_ddr_top/u_ips_ddrc_top/mcdq_dcd_top/mcdq_dcd_sm/dcd_wr_addr[27:10] at 0 that is stuck at constant 0.
W: Removed bmsWIDEDFFCPE inst I_ips_ddr_top/u_ips_ddrc_top/mcdq_dcd_top/mcdq_dcd_sm/dcd_wr_addr[27:10] at 1 that is stuck at constant 0.
W: Removed bmsWIDEDFFCPE inst I_ips_ddr_top/u_ips_ddrc_top/mcdq_dcd_top/mcdq_dcd_sm/dcd_wr_addr[27:10] at 2 that is stuck at constant 0.
W: Removed bmsWIDEDFFCPE inst I_ips_ddr_top/u_ips_ddrc_top/mcdq_dcp_top/mcdq_dcp_buf/fifo_rdata_a[42:0] at 16 that is stuck at constant 0.
W: Removed bmsWIDEDFFCPE inst I_ips_ddr_top/u_ips_ddrc_top/mcdq_dcp_top/mcdq_dcp_buf/fifo_rdata_a[42:0] at 17 that is stuck at constant 0.
W: Removed bmsWIDEDFFCPE inst I_ips_ddr_top/u_ips_ddrc_top/mcdq_dcp_top/mcdq_dcp_buf/fifo_rdata_b[42:0] at 16 that is stuck at constant 0.
W: Removed bmsWIDEDFFCPE inst I_ips_ddr_top/u_ips_ddrc_top/mcdq_dcp_top/mcdq_dcp_buf/fifo_rdata_b[42:0] at 17 that is stuck at constant 0.
I: Removed bmsPMUX inst I_ips_ddr_top/u_ips_ddrc_top/mcdq_dcp_top/mcdq_dcp_back_ctrl/TWRA2ACT_LOOP[4].twra2act_timing/w_cnt_init_1 that is redundant to I_ips_ddr_top/u_ips_ddrc_top/mcdq_dcp_top/mcdq_dcp_back_ctrl/TWRA2ACT_LOOP[2].twra2act_timing/w_cnt_init_1
I: Removed bmsPMUX inst I_ips_ddr_top/u_ips_ddrc_top/mcdq_dcp_top/mcdq_dcp_back_ctrl/TRDA2ACT_LOOP[5].trda2act_timing/w_cnt_init_1 that is redundant to I_ips_ddr_top/u_ips_ddrc_top/mcdq_dcp_top/mcdq_dcp_back_ctrl/TRDA2ACT_LOOP[3].trda2act_timing/w_cnt_init_1
I: Removed bmsPMUX inst I_ips_ddr_top/u_ips_ddrc_top/mcdq_dcp_top/mcdq_dcp_back_ctrl/TWRA2ACT_LOOP[5].twra2act_timing/w_cnt_init_1 that is redundant to I_ips_ddr_top/u_ips_ddrc_top/mcdq_dcp_top/mcdq_dcp_back_ctrl/TWRA2ACT_LOOP[3].twra2act_timing/w_cnt_init_1
I: Removed bmsPMUX inst I_ips_ddr_top/u_ips_ddrc_top/mcdq_dcp_top/mcdq_dcp_back_ctrl/TRDA2ACT_LOOP[4].trda2act_timing/w_cnt_init_1 that is redundant to I_ips_ddr_top/u_ips_ddrc_top/mcdq_dcp_top/mcdq_dcp_back_ctrl/TRDA2ACT_LOOP[2].trda2act_timing/w_cnt_init_1
I: Removed bmsPMUX inst I_ips_ddr_top/u_ips_ddrc_top/mcdq_dcp_top/mcdq_dcp_back_ctrl/TWRA2ACT_LOOP[3].twra2act_timing/w_cnt_init_1 that is redundant to I_ips_ddr_top/u_ips_ddrc_top/mcdq_dcp_top/mcdq_dcp_back_ctrl/TWRA2ACT_LOOP[2].twra2act_timing/w_cnt_init_1
I: Removed bmsPMUX inst I_ips_ddr_top/u_ips_ddrc_top/mcdq_dcp_top/mcdq_dcp_back_ctrl/TRDA2ACT_LOOP[3].trda2act_timing/w_cnt_init_1 that is redundant to I_ips_ddr_top/u_ips_ddrc_top/mcdq_dcp_top/mcdq_dcp_back_ctrl/TRDA2ACT_LOOP[2].trda2act_timing/w_cnt_init_1
W: Removed bmsWIDEDFFCPE inst I_ips_ddr_top/u_ips_ddrc_top/mcdq_dcp_top/mcdq_dcp_buf/req_rdata[42:0] at 6 that is stuck at constant 0.
W: Removed bmsWIDEDFFCPE inst I_ips_ddr_top/u_ips_ddrc_top/mcdq_dcd_top/mcdq_dcd_bm/dec_addr[27:13] at 14 that is stuck at constant 0.
W: Removed bmsWIDEDFFCPE inst I_ips_ddr_top/u_ips_ddrc_top/mcdq_dcp_top/mcdq_dcp_back_ctrl/back_rdata_d1[42:0] at 16 that is stuck at constant 0.
W: Removed bmsWIDEDFFCPE inst I_ips_ddr_top/u_ips_ddrc_top/mcdq_dcd_top/mcdq_dcd_sm/dec_addr_d[27:0] at 27 that is stuck at constant 0.
W: Removed bmsWIDEDFFCPE inst I_ips_ddr_top/u_ips_ddrc_top/mcdq_dcd_top/mcdq_dcd_sm/dcd_wr_addr[27:10] at 17 that is stuck at constant 0.
W: Removed bmsWIDEDFFCPE inst I_ips_ddr_top/u_ips_ddrc_top/mcdq_dcp_top/mcdq_dcp_back_ctrl/req_rdata[42:0] at 16 that is stuck at constant 0.
W: Removed bmsWIDEDFFCPE inst I_ips_ddr_top/u_ips_ddrc_top/mcdq_dcp_top/mcdq_dcp_back_ctrl/pipe_req_addr[27:0] at 11 that is stuck at constant 0.
W: Removed bmsWIDEDFFCPE inst I_ips_ddr_top/u_ips_ddrc_top/mcdq_dcp_top/mcdq_dcp_out/norm_baddr_l[2:0] at 1 that is stuck at constant 0.
W: Removed bmsWIDEDFFCPE inst I_ips_ddr_top/u_ips_ddrc_top/mcdq_dcp_top/mcdq_dcp_out/norm_baddr_m[2:0] at 1 that is stuck at constant 0.
W: Removed bmsWIDEDFFCPE inst I_ips_ddr_top/u_ips_ddrc_top/mcdq_calib_delay/calib_norm_baddr_l[2:0] at 1 that is stuck at constant 0.
W: Removed bmsWIDEDFFCPE inst I_ips_ddr_top/u_ips_ddrc_top/mcdq_calib_delay/calib_norm_baddr_m[2:0] at 1 that is stuck at constant 0.
W: Removed bmsWIDEDFFCPE inst I_ips_ddr_top/u_ips_ddrc_top/mcdq_dfi/dcp2dfi_bank[2:0] at 1 that is stuck at constant 0.
W: Removed bmsWIDEDFFCPE inst I_ips_ddr_top/u_ips_ddrc_top/mcdq_dfi/dcp2dfi_bank[5:3] at 1 that is stuck at constant 0.
W: Removed bmsWIDEDFFCPE inst I_ips_ddr_top/u_ips_ddrc_top/mcdq_dfi/mux_dfi_bank[5:0] at 1 that is stuck at constant 0.
W: Removed bmsWIDEDFFCPE inst I_ips_ddr_top/u_ips_ddrc_top/mcdq_dfi/mux_dfi_bank[5:0] at 4 that is stuck at constant 0.
W: Removed bmsWIDEDFFCPE inst I_ips_ddr_top/u_ddrphy_top/ddrphy_dfi/phy_ba_d[11:0] at 2 that is stuck at constant 0.
W: Removed bmsWIDEDFFCPE inst I_ips_ddr_top/u_ddrphy_top/ddrphy_dfi/phy_ba_d[11:0] at 7 that is stuck at constant 0.
W: Removed bmsWIDEDFFCPE inst I_ips_ddr_top/u_ddrphy_top/ddrphy_slice_top/ddrphy_control_path_adj/phy_ba_r[11:0] at 6 that is stuck at constant 0.
W: Public-4008: Instance 'I_ips_ddr_top/u_ips_ddrc_top/mcdq_dcp_top/mcdq_dcp_back_ctrl/PRE_PASS_LOOP[7].timing_pre_pass/r_cnt_almost_pass' of 'bmsWIDEDFFCPE' unit is dangling and will be cleaned.
W: Public-4008: Instance 'I_ips_ddr_top/u_ips_ddrc_top/mcdq_dcp_top/mcdq_dcp_back_ctrl/PRE_PASS_LOOP[7].timing_pre_pass/r_cnt_pass' of 'bmsWIDEDFFCPE' unit is dangling and will be cleaned.
W: Public-4008: Instance 'I_ips_ddr_top/u_ips_ddrc_top/mcdq_dcp_top/mcdq_dcp_back_ctrl/PRE_PASS_LOOP[7].timing_pre_pass/timing_cnt0[5:0]' of 'bmsWIDEDFFCPE' unit is dangling and will be cleaned.
W: Public-4008: Instance 'I_ips_ddr_top/u_ips_ddrc_top/mcdq_dcp_top/mcdq_dcp_back_ctrl/PRE_PASS_LOOP[7].timing_pre_pass/timing_cnt1[6:0]' of 'bmsWIDEDFFCPE' unit is dangling and will be cleaned.
W: Public-4008: Instance 'I_ips_ddr_top/u_ips_ddrc_top/mcdq_dcp_top/mcdq_dcp_back_ctrl/PRE_PASS_LOOP[7].timing_pre_pass/timing_cnt2[4:0]' of 'bmsWIDEDFFCPE' unit is dangling and will be cleaned.
W: Public-4008: Instance 'I_ips_ddr_top/u_ips_ddrc_top/mcdq_dcp_top/mcdq_dcp_back_ctrl/TRC_LOOP[2].trc_timing/r_cnt_pass' of 'bmsWIDEDFFCPE' unit is dangling and will be cleaned.
W: Public-4008: Instance 'I_ips_ddr_top/u_ips_ddrc_top/mcdq_dcp_top/mcdq_dcp_back_ctrl/TRC_LOOP[2].trc_timing/timing_cnt[4:0]' of 'bmsWIDEDFFCPE' unit is dangling and will be cleaned.
W: Public-4008: Instance 'I_ips_ddr_top/u_ips_ddrc_top/mcdq_dcp_top/mcdq_dcp_back_ctrl/TRC_LOOP[3].trc_timing/r_cnt_pass' of 'bmsWIDEDFFCPE' unit is dangling and will be cleaned.
W: Public-4008: Instance 'I_ips_ddr_top/u_ips_ddrc_top/mcdq_dcp_top/mcdq_dcp_back_ctrl/TRC_LOOP[3].trc_timing/timing_cnt[4:0]' of 'bmsWIDEDFFCPE' unit is dangling and will be cleaned.
W: Public-4008: Instance 'I_ips_ddr_top/u_ips_ddrc_top/mcdq_dcp_top/mcdq_dcp_back_ctrl/TRC_LOOP[4].trc_timing/r_cnt_pass' of 'bmsWIDEDFFCPE' unit is dangling and will be cleaned.
W: Public-4008: Instance 'I_ips_ddr_top/u_ips_ddrc_top/mcdq_dcp_top/mcdq_dcp_back_ctrl/TRC_LOOP[4].trc_timing/timing_cnt[4:0]' of 'bmsWIDEDFFCPE' unit is dangling and will be cleaned.
W: Public-4008: Instance 'I_ips_ddr_top/u_ips_ddrc_top/mcdq_dcp_top/mcdq_dcp_back_ctrl/TRC_LOOP[5].trc_timing/r_cnt_pass' of 'bmsWIDEDFFCPE' unit is dangling and will be cleaned.
W: Public-4008: Instance 'I_ips_ddr_top/u_ips_ddrc_top/mcdq_dcp_top/mcdq_dcp_back_ctrl/TRC_LOOP[5].trc_timing/timing_cnt[4:0]' of 'bmsWIDEDFFCPE' unit is dangling and will be cleaned.
W: Public-4008: Instance 'I_ips_ddr_top/u_ips_ddrc_top/mcdq_dcp_top/mcdq_dcp_back_ctrl/TRC_LOOP[6].trc_timing/r_cnt_pass' of 'bmsWIDEDFFCPE' unit is dangling and will be cleaned.
W: Public-4008: Instance 'I_ips_ddr_top/u_ips_ddrc_top/mcdq_dcp_top/mcdq_dcp_back_ctrl/TRC_LOOP[6].trc_timing/timing_cnt[4:0]' of 'bmsWIDEDFFCPE' unit is dangling and will be cleaned.
W: Public-4008: Instance 'I_ips_ddr_top/u_ips_ddrc_top/mcdq_dcp_top/mcdq_dcp_back_ctrl/TRC_LOOP[7].trc_timing/r_cnt_pass' of 'bmsWIDEDFFCPE' unit is dangling and will be cleaned.
W: Public-4008: Instance 'I_ips_ddr_top/u_ips_ddrc_top/mcdq_dcp_top/mcdq_dcp_back_ctrl/TRC_LOOP[7].trc_timing/timing_cnt[4:0]' of 'bmsWIDEDFFCPE' unit is dangling and will be cleaned.
W: Public-4008: Instance 'I_ips_ddr_top/u_ips_ddrc_top/mcdq_dcp_top/mcdq_dcp_back_ctrl/TRDA2ACT_LOOP[2].trda2act_timing/timing_cnt[5:0]' of 'bmsWIDEDFFCPE' unit is dangling and will be cleaned.
W: Public-4008: Instance 'I_ips_ddr_top/u_ips_ddrc_top/mcdq_dcp_top/mcdq_dcp_back_ctrl/TRDA2ACT_LOOP[3].trda2act_timing/timing_cnt[5:0]' of 'bmsWIDEDFFCPE' unit is dangling and will be cleaned.
W: Public-4008: Instance 'I_ips_ddr_top/u_ips_ddrc_top/mcdq_dcp_top/mcdq_dcp_back_ctrl/TRDA2ACT_LOOP[4].trda2act_timing/timing_cnt[5:0]' of 'bmsWIDEDFFCPE' unit is dangling and will be cleaned.
W: Public-4008: Instance 'I_ips_ddr_top/u_ips_ddrc_top/mcdq_dcp_top/mcdq_dcp_back_ctrl/TRDA2ACT_LOOP[5].trda2act_timing/timing_cnt[5:0]' of 'bmsWIDEDFFCPE' unit is dangling and will be cleaned.
W: Public-4008: Instance 'I_ips_ddr_top/u_ips_ddrc_top/mcdq_dcp_top/mcdq_dcp_back_ctrl/TRDA2ACT_LOOP[6].trda2act_timing/timing_cnt[5:0]' of 'bmsWIDEDFFCPE' unit is dangling and will be cleaned.
W: Public-4008: Instance 'I_ips_ddr_top/u_ips_ddrc_top/mcdq_dcp_top/mcdq_dcp_back_ctrl/TRDA2ACT_LOOP[7].trda2act_timing/timing_cnt[5:0]' of 'bmsWIDEDFFCPE' unit is dangling and will be cleaned.
W: Public-4008: Instance 'I_ips_ddr_top/u_ips_ddrc_top/mcdq_dcp_top/mcdq_dcp_back_ctrl/PRE_PASS_LOOP[2].timing_pre_pass/timing_cnt1[6:0]' of 'bmsWIDEDFFCPE' unit is dangling and will be cleaned.
W: Public-4008: Instance 'I_ips_ddr_top/u_ips_ddrc_top/mcdq_dcp_top/mcdq_dcp_back_ctrl/PRE_PASS_LOOP[6].timing_pre_pass/r_cnt_almost_pass' of 'bmsWIDEDFFCPE' unit is dangling and will be cleaned.
W: Public-4008: Instance 'I_ips_ddr_top/u_ips_ddrc_top/mcdq_dcp_top/mcdq_dcp_back_ctrl/PRE_PASS_LOOP[6].timing_pre_pass/r_cnt_pass' of 'bmsWIDEDFFCPE' unit is dangling and will be cleaned.
W: Public-4008: Instance 'I_ips_ddr_top/u_ips_ddrc_top/mcdq_dcp_top/mcdq_dcp_back_ctrl/PRE_PASS_LOOP[6].timing_pre_pass/timing_cnt0[5:0]' of 'bmsWIDEDFFCPE' unit is dangling and will be cleaned.
W: Public-4008: Instance 'I_ips_ddr_top/u_ips_ddrc_top/mcdq_dcp_top/mcdq_dcp_back_ctrl/PRE_PASS_LOOP[6].timing_pre_pass/timing_cnt1[6:0]' of 'bmsWIDEDFFCPE' unit is dangling and will be cleaned.
W: Public-4008: Instance 'I_ips_ddr_top/u_ips_ddrc_top/mcdq_dcp_top/mcdq_dcp_back_ctrl/PRE_PASS_LOOP[6].timing_pre_pass/timing_cnt2[4:0]' of 'bmsWIDEDFFCPE' unit is dangling and will be cleaned.
W: Public-4008: Instance 'I_ips_ddr_top/u_ips_ddrc_top/mcdq_dcp_top/mcdq_dcp_back_ctrl/PRE_PASS_LOOP[3].timing_pre_pass/r_cnt_almost_pass' of 'bmsWIDEDFFCPE' unit is dangling and will be cleaned.
W: Public-4008: Instance 'I_ips_ddr_top/u_ips_ddrc_top/mcdq_dcp_top/mcdq_dcp_back_ctrl/PRE_PASS_LOOP[3].timing_pre_pass/r_cnt_pass' of 'bmsWIDEDFFCPE' unit is dangling and will be cleaned.
W: Public-4008: Instance 'I_ips_ddr_top/u_ips_ddrc_top/mcdq_dcp_top/mcdq_dcp_back_ctrl/PRE_PASS_LOOP[3].timing_pre_pass/timing_cnt0[5:0]' of 'bmsWIDEDFFCPE' unit is dangling and will be cleaned.
W: Public-4008: Instance 'I_ips_ddr_top/u_ips_ddrc_top/mcdq_dcp_top/mcdq_dcp_back_ctrl/TWRA2ACT_LOOP[2].twra2act_timing/timing_cnt[6:0]' of 'bmsWIDEDFFCPE' unit is dangling and will be cleaned.
W: Public-4008: Instance 'I_ips_ddr_top/u_ips_ddrc_top/mcdq_dcp_top/mcdq_dcp_back_ctrl/PRE_PASS_LOOP[4].timing_pre_pass/timing_cnt1[6:0]' of 'bmsWIDEDFFCPE' unit is dangling and will be cleaned.
W: Public-4008: Instance 'I_ips_ddr_top/u_ips_ddrc_top/mcdq_dcp_top/mcdq_dcp_back_ctrl/PRE_PASS_LOOP[4].timing_pre_pass/timing_cnt2[4:0]' of 'bmsWIDEDFFCPE' unit is dangling and will be cleaned.
W: Public-4008: Instance 'I_ips_ddr_top/u_ips_ddrc_top/mcdq_dcp_top/mcdq_dcp_back_ctrl/PRE_PASS_LOOP[5].timing_pre_pass/r_cnt_pass' of 'bmsWIDEDFFCPE' unit is dangling and will be cleaned.
W: Public-4008: Instance 'I_ips_ddr_top/u_ips_ddrc_top/mcdq_dcp_top/mcdq_dcp_back_ctrl/TWRA2ACT_LOOP[3].twra2act_timing/timing_cnt[6:0]' of 'bmsWIDEDFFCPE' unit is dangling and will be cleaned.
W: Public-4008: Instance 'I_ips_ddr_top/u_ips_ddrc_top/mcdq_dcp_top/mcdq_dcp_back_ctrl/PRE_PASS_LOOP[2].timing_pre_pass/r_cnt_almost_pass' of 'bmsWIDEDFFCPE' unit is dangling and will be cleaned.
W: Public-4008: Instance 'I_ips_ddr_top/u_ips_ddrc_top/mcdq_dcp_top/mcdq_dcp_back_ctrl/TWRA2ACT_LOOP[4].twra2act_timing/timing_cnt[6:0]' of 'bmsWIDEDFFCPE' unit is dangling and will be cleaned.
W: Public-4008: Instance 'I_ips_ddr_top/u_ips_ddrc_top/mcdq_dcp_top/mcdq_dcp_back_ctrl/TWRA2ACT_LOOP[5].twra2act_timing/timing_cnt[6:0]' of 'bmsWIDEDFFCPE' unit is dangling and will be cleaned.
W: Public-4008: Instance 'I_ips_ddr_top/u_ips_ddrc_top/mcdq_dcp_top/mcdq_dcp_back_ctrl/PRE_PASS_LOOP[4].timing_pre_pass/r_cnt_almost_pass' of 'bmsWIDEDFFCPE' unit is dangling and will be cleaned.
W: Public-4008: Instance 'I_ips_ddr_top/u_ips_ddrc_top/mcdq_dcp_top/mcdq_dcp_back_ctrl/PRE_PASS_LOOP[4].timing_pre_pass/r_cnt_pass' of 'bmsWIDEDFFCPE' unit is dangling and will be cleaned.
W: Public-4008: Instance 'I_ips_ddr_top/u_ips_ddrc_top/mcdq_dcp_top/mcdq_dcp_back_ctrl/PRE_PASS_LOOP[4].timing_pre_pass/timing_cnt0[5:0]' of 'bmsWIDEDFFCPE' unit is dangling and will be cleaned.
W: Public-4008: Instance 'I_ips_ddr_top/u_ips_ddrc_top/mcdq_dcp_top/mcdq_dcp_back_ctrl/PRE_PASS_LOOP[2].timing_pre_pass/timing_cnt2[4:0]' of 'bmsWIDEDFFCPE' unit is dangling and will be cleaned.
W: Public-4008: Instance 'I_ips_ddr_top/u_ips_ddrc_top/mcdq_dcp_top/mcdq_dcp_back_ctrl/PRE_PASS_LOOP[5].timing_pre_pass/r_cnt_almost_pass' of 'bmsWIDEDFFCPE' unit is dangling and will be cleaned.
W: Public-4008: Instance 'I_ips_ddr_top/u_ips_ddrc_top/mcdq_dcp_top/mcdq_dcp_back_ctrl/TWRA2ACT_LOOP[6].twra2act_timing/timing_cnt[6:0]' of 'bmsWIDEDFFCPE' unit is dangling and will be cleaned.
W: Public-4008: Instance 'I_ips_ddr_top/u_ips_ddrc_top/mcdq_dcp_top/mcdq_dcp_back_ctrl/PRE_PASS_LOOP[2].timing_pre_pass/r_cnt_pass' of 'bmsWIDEDFFCPE' unit is dangling and will be cleaned.
W: Public-4008: Instance 'I_ips_ddr_top/u_ips_ddrc_top/mcdq_dcp_top/mcdq_dcp_back_ctrl/PRE_PASS_LOOP[2].timing_pre_pass/timing_cnt0[5:0]' of 'bmsWIDEDFFCPE' unit is dangling and will be cleaned.
W: Public-4008: Instance 'I_ips_ddr_top/u_ips_ddrc_top/mcdq_dcp_top/mcdq_dcp_back_ctrl/PRE_PASS_LOOP[5].timing_pre_pass/timing_cnt0[5:0]' of 'bmsWIDEDFFCPE' unit is dangling and will be cleaned.
W: Public-4008: Instance 'I_ips_ddr_top/u_ips_ddrc_top/mcdq_dcp_top/mcdq_dcp_back_ctrl/PRE_PASS_LOOP[5].timing_pre_pass/timing_cnt2[4:0]' of 'bmsWIDEDFFCPE' unit is dangling and will be cleaned.
W: Public-4008: Instance 'I_ips_ddr_top/u_ips_ddrc_top/mcdq_dcp_top/mcdq_dcp_back_ctrl/PRE_PASS_LOOP[5].timing_pre_pass/timing_cnt1[6:0]' of 'bmsWIDEDFFCPE' unit is dangling and will be cleaned.
W: Public-4008: Instance 'I_ips_ddr_top/u_ips_ddrc_top/mcdq_dcp_top/mcdq_dcp_back_ctrl/TWRA2ACT_LOOP[7].twra2act_timing/timing_cnt[6:0]' of 'bmsWIDEDFFCPE' unit is dangling and will be cleaned.
W: Public-4008: Instance 'I_ips_ddr_top/u_ips_ddrc_top/mcdq_dcp_top/mcdq_dcp_back_ctrl/PRE_PASS_LOOP[3].timing_pre_pass/timing_cnt2[4:0]' of 'bmsWIDEDFFCPE' unit is dangling and will be cleaned.
W: Public-4008: Instance 'I_ips_ddr_top/u_ips_ddrc_top/mcdq_dcp_top/mcdq_dcp_back_ctrl/PRE_PASS_LOOP[3].timing_pre_pass/timing_cnt1[6:0]' of 'bmsWIDEDFFCPE' unit is dangling and will be cleaned.
W: Removed bmsWIDEDFFCPE inst I_ips_ddr_top/u_ips_ddrc_top/mcdq_dcp_top/mcdq_dcp_back_ctrl/mcdq_timing_rd_pass/timing_cnt0[2:0] at 2 that is stuck at constant 0.
W: Removed bmsWIDEDFFCPE inst I_ips_ddr_top/u_ips_ddrc_top/mcdq_dcp_top/mcdq_dcp_back_ctrl/mcdq_timing_rd_pass/timing_cnt0[2:0] at 0 that is stuck at constant 0.
W: Public-4008: Instance 'I_ips_ddr_top/u_ips_ddrc_top/mcdq_dcp_top/mcdq_dcp_back_ctrl/mcdq_timing_rd_pass/timing_cnt0[2:0]' of 'bmsWIDEDFFCPE' unit is dangling and will be cleaned.
W: Removed bmsWIDEDFFCPE inst I_ips_ddr_top/u_ips_ddrc_top/mcdq_dcp_top/mcdq_dcp_back_ctrl/timing_wr_pass/timing_cnt0[2:0] at 2 that is stuck at constant 0.
W: Removed bmsWIDEDFFCPE inst I_ips_ddr_top/u_ips_ddrc_top/mcdq_dcp_top/mcdq_dcp_back_ctrl/timing_wr_pass/timing_cnt0[2:0] at 0 that is stuck at constant 0.
W: Public-4008: Instance 'I_ips_ddr_top/u_ips_ddrc_top/mcdq_dcp_top/mcdq_dcp_back_ctrl/timing_wr_pass/timing_cnt0[2:0]' of 'bmsWIDEDFFCPE' unit is dangling and will be cleaned.
Executing : logic-optimization successfully. Time elapsed: 7.406s wall, 6.078s user + 1.047s system = 7.125s CPU (96.2%)

Start tech-mapping phase 1.
W: Public-4008: Instance 'I_ips_ddr_top/u_ips_ddrc_top/mcdq_wdatapath/mcdq_wdp_align/r_data[42]' of 'bmsWIDEDFFCPE' unit is dangling and will be cleaned.
W: Public-4008: Instance 'I_ips_ddr_top/u_ips_ddrc_top/mcdq_wdatapath/mcdq_wdp_align/r_data[43]' of 'bmsWIDEDFFCPE' unit is dangling and will be cleaned.
W: Public-4008: Instance 'I_ips_ddr_top/u_ips_ddrc_top/mcdq_wdatapath/mcdq_wdp_align/r_data[44]' of 'bmsWIDEDFFCPE' unit is dangling and will be cleaned.
W: Public-4008: Instance 'I_ips_ddr_top/u_ips_ddrc_top/mcdq_wdatapath/mcdq_wdp_align/r_data[45]' of 'bmsWIDEDFFCPE' unit is dangling and will be cleaned.
W: Public-4008: Instance 'I_ips_ddr_top/u_ips_ddrc_top/mcdq_wdatapath/mcdq_wdp_align/r_data[46]' of 'bmsWIDEDFFCPE' unit is dangling and will be cleaned.
W: Public-4008: Instance 'I_ips_ddr_top/u_ips_ddrc_top/mcdq_wdatapath/mcdq_wdp_align/r_data[47]' of 'bmsWIDEDFFCPE' unit is dangling and will be cleaned.
W: Public-4008: Instance 'I_ips_ddr_top/u_ips_ddrc_top/mcdq_wdatapath/mcdq_wdp_align/r_data[48]' of 'bmsWIDEDFFCPE' unit is dangling and will be cleaned.
W: Public-4008: Instance 'I_ips_ddr_top/u_ips_ddrc_top/mcdq_wdatapath/mcdq_wdp_align/r_data[49]' of 'bmsWIDEDFFCPE' unit is dangling and will be cleaned.
W: Public-4008: Instance 'I_ips_ddr_top/u_ips_ddrc_top/mcdq_wdatapath/mcdq_wdp_align/r_data[50]' of 'bmsWIDEDFFCPE' unit is dangling and will be cleaned.
W: Public-4008: Instance 'I_ips_ddr_top/u_ips_ddrc_top/mcdq_wdatapath/mcdq_wdp_align/r_data[51]' of 'bmsWIDEDFFCPE' unit is dangling and will be cleaned.
W: Public-4008: Instance 'I_ips_ddr_top/u_ips_ddrc_top/mcdq_wdatapath/mcdq_wdp_align/r_data[52]' of 'bmsWIDEDFFCPE' unit is dangling and will be cleaned.
W: Public-4008: Instance 'I_ips_ddr_top/u_ips_ddrc_top/mcdq_wdatapath/mcdq_wdp_align/r_data[53]' of 'bmsWIDEDFFCPE' unit is dangling and will be cleaned.
W: Public-4008: Instance 'I_ips_ddr_top/u_ips_ddrc_top/mcdq_wdatapath/mcdq_wdp_align/r_data[54]' of 'bmsWIDEDFFCPE' unit is dangling and will be cleaned.
W: Public-4008: Instance 'I_ips_ddr_top/u_ips_ddrc_top/mcdq_wdatapath/mcdq_wdp_align/r_data[55]' of 'bmsWIDEDFFCPE' unit is dangling and will be cleaned.
W: Public-4008: Instance 'I_ips_ddr_top/u_ips_ddrc_top/mcdq_wdatapath/mcdq_wdp_align/r_data[56]' of 'bmsWIDEDFFCPE' unit is dangling and will be cleaned.
W: Public-4008: Instance 'I_ips_ddr_top/u_ips_ddrc_top/mcdq_wdatapath/mcdq_wdp_align/r_data[57]' of 'bmsWIDEDFFCPE' unit is dangling and will be cleaned.
W: Public-4008: Instance 'I_ips_ddr_top/u_ips_ddrc_top/mcdq_wdatapath/mcdq_wdp_align/r_data[58]' of 'bmsWIDEDFFCPE' unit is dangling and will be cleaned.
W: Public-4008: Instance 'I_ips_ddr_top/u_ips_ddrc_top/mcdq_wdatapath/mcdq_wdp_align/r_data[59]' of 'bmsWIDEDFFCPE' unit is dangling and will be cleaned.
W: Public-4008: Instance 'I_ips_ddr_top/u_ips_ddrc_top/mcdq_wdatapath/mcdq_wdp_align/r_data[60]' of 'bmsWIDEDFFCPE' unit is dangling and will be cleaned.
W: Public-4008: Instance 'I_ips_ddr_top/u_ips_ddrc_top/mcdq_wdatapath/mcdq_wdp_align/r_data[61]' of 'bmsWIDEDFFCPE' unit is dangling and will be cleaned.
W: Public-4008: Instance 'I_ips_ddr_top/u_ips_ddrc_top/mcdq_wdatapath/mcdq_wdp_align/r_data[62]' of 'bmsWIDEDFFCPE' unit is dangling and will be cleaned.
W: Public-4008: Instance 'I_ips_ddr_top/u_ips_ddrc_top/mcdq_wdatapath/mcdq_wdp_align/r_data[63]' of 'bmsWIDEDFFCPE' unit is dangling and will be cleaned.
W: Public-4008: Instance 'I_ips_ddr_top/u_ips_ddrc_top/mcdq_wdatapath/mcdq_wdp_align/r_strb[0]' of 'bmsWIDEDFFCPE' unit is dangling and will be cleaned.
W: Public-4008: Instance 'I_ips_ddr_top/u_ips_ddrc_top/mcdq_wdatapath/mcdq_wdp_align/r_strb[1]' of 'bmsWIDEDFFCPE' unit is dangling and will be cleaned.
W: Public-4008: Instance 'I_ips_ddr_top/u_ips_ddrc_top/mcdq_wdatapath/mcdq_wdp_align/r_strb[2]' of 'bmsWIDEDFFCPE' unit is dangling and will be cleaned.
W: Public-4008: Instance 'I_ips_ddr_top/u_ips_ddrc_top/mcdq_wdatapath/mcdq_wdp_align/r_strb[3]' of 'bmsWIDEDFFCPE' unit is dangling and will be cleaned.
W: Public-4008: Instance 'I_ips_ddr_top/u_ips_ddrc_top/mcdq_wdatapath/mcdq_wdp_align/r_strb[4]' of 'bmsWIDEDFFCPE' unit is dangling and will be cleaned.
W: Public-4008: Instance 'I_ips_ddr_top/u_ips_ddrc_top/mcdq_wdatapath/mcdq_wdp_align/r_strb[5]' of 'bmsWIDEDFFCPE' unit is dangling and will be cleaned.
W: Public-4008: Instance 'I_ips_ddr_top/u_ips_ddrc_top/mcdq_wdatapath/mcdq_wdp_align/r_strb[6]' of 'bmsWIDEDFFCPE' unit is dangling and will be cleaned.
W: Public-4008: Instance 'I_ips_ddr_top/u_ips_ddrc_top/mcdq_wdatapath/mcdq_wdp_align/r_strb[7]' of 'bmsWIDEDFFCPE' unit is dangling and will be cleaned.
W: Public-4008: Instance 'I_ips_ddr_top/u_ips_ddrc_top/mcdq_wdatapath/mcdq_wdp_align/r_strb[9]' of 'bmsWIDEDFFCPE' unit is dangling and will be cleaned.
W: Public-4008: Instance 'I_ips_ddr_top/u_ips_ddrc_top/mcdq_wdatapath/mcdq_wdp_align/r_strb[10]' of 'bmsWIDEDFFCPE' unit is dangling and will be cleaned.
W: Public-4008: Instance 'I_ips_ddr_top/u_ips_ddrc_top/mcdq_wdatapath/mcdq_wdp_align/r_strb[11]' of 'bmsWIDEDFFCPE' unit is dangling and will be cleaned.
W: Public-4008: Instance 'I_ips_ddr_top/u_ips_ddrc_top/mcdq_wdatapath/mcdq_wdp_align/r_strb[12]' of 'bmsWIDEDFFCPE' unit is dangling and will be cleaned.
W: Public-4008: Instance 'I_ips_ddr_top/u_ips_ddrc_top/mcdq_wdatapath/mcdq_wdp_align/r_strb[13]' of 'bmsWIDEDFFCPE' unit is dangling and will be cleaned.
W: Public-4008: Instance 'I_ips_ddr_top/u_ips_ddrc_top/mcdq_wdatapath/mcdq_wdp_align/r_strb[14]' of 'bmsWIDEDFFCPE' unit is dangling and will be cleaned.
W: Public-4008: Instance 'I_ips_ddr_top/u_ips_ddrc_top/mcdq_wdatapath/mcdq_wdp_align/r_strb[15]' of 'bmsWIDEDFFCPE' unit is dangling and will be cleaned.
W: Public-4008: Instance 'I_ips_ddr_top/u_ips_ddrc_top/mcdq_wdatapath/mcdq_wdp_align/r_wdin_en[0]' of 'bmsWIDEDFFCPE' unit is dangling and will be cleaned.
W: Public-4008: Instance 'I_ips_ddr_top/u_ips_ddrc_top/mcdq_wdatapath/mcdq_wdp_align/r_wdin_en[1]' of 'bmsWIDEDFFCPE' unit is dangling and will be cleaned.
W: Public-4008: Instance 'I_ips_ddr_top/u_ips_ddrc_top/mcdq_wdatapath/mcdq_wdp_align/r_wdin_en[3]' of 'bmsWIDEDFFCPE' unit is dangling and will be cleaned.
W: Public-4008: Instance 'I_ips_ddr_top/u_ips_ddrc_top/mcdq_wdatapath/mcdq_wdp_align/wdin_en_dly[0]' of 'bmsWIDEDFFCPE' unit is dangling and will be cleaned.
W: Public-4008: Instance 'I_ips_ddr_top/u_ips_ddrc_top/mcdq_wdatapath/mcdq_wdp_align/wdin_en_dly[1]' of 'bmsWIDEDFFCPE' unit is dangling and will be cleaned.
W: Public-4008: Instance 'I_ips_ddr_top/u_ips_ddrc_top/mcdq_wdatapath/mcdq_wdp_align/wdin_en_dly[3]' of 'bmsWIDEDFFCPE' unit is dangling and will be cleaned.
W: Public-4008: Instance 'I_ips_ddr_top/u_ips_ddrc_top/mcdq_wdatapath/mcdq_wdp_align/wr_strb[1]' of 'bmsWIDEDFFCPE' unit is dangling and will be cleaned.
W: Public-4008: Instance 'I_ips_ddr_top/u_ips_ddrc_top/mcdq_wdatapath/mcdq_wdp_align/wr_strb[2]' of 'bmsWIDEDFFCPE' unit is dangling and will be cleaned.
W: Public-4008: Instance 'I_ips_ddr_top/u_ips_ddrc_top/mcdq_wdatapath/mcdq_wdp_align/wr_strb[3]' of 'bmsWIDEDFFCPE' unit is dangling and will be cleaned.
W: Public-4008: Instance 'I_ips_ddr_top/u_ips_ddrc_top/mcdq_wdatapath/mcdq_wdp_align/wr_strb[5]' of 'bmsWIDEDFFCPE' unit is dangling and will be cleaned.
W: Public-4008: Instance 'I_ips_ddr_top/u_ips_ddrc_top/mcdq_wdatapath/mcdq_wdp_align/wr_strb[6]' of 'bmsWIDEDFFCPE' unit is dangling and will be cleaned.
W: Public-4008: Instance 'I_ips_ddr_top/u_ips_ddrc_top/mcdq_wdatapath/mcdq_wdp_align/wr_strb[7]' of 'bmsWIDEDFFCPE' unit is dangling and will be cleaned.
W: Public-4008: Instance 'I_ips_ddr_top/u_ips_ddrc_top/mcdq_wdatapath/mcdq_wdp_align/wr_strb[8]' of 'bmsWIDEDFFCPE' unit is dangling and will be cleaned.
W: Public-4008: Instance 'I_ips_ddr_top/u_ips_ddrc_top/mcdq_wdatapath/mcdq_wdp_align/wr_strb[9]' of 'bmsWIDEDFFCPE' unit is dangling and will be cleaned.
W: Public-4008: Instance 'I_ips_ddr_top/u_ips_ddrc_top/mcdq_wdatapath/mcdq_wdp_align/wr_strb[10]' of 'bmsWIDEDFFCPE' unit is dangling and will be cleaned.
W: Public-4008: Instance 'I_ips_ddr_top/u_ips_ddrc_top/mcdq_wdatapath/mcdq_wdp_align/wr_strb[11]' of 'bmsWIDEDFFCPE' unit is dangling and will be cleaned.
W: Public-4008: Instance 'I_ips_ddr_top/u_ips_ddrc_top/mcdq_wdatapath/mcdq_wdp_align/wr_strb[13]' of 'bmsWIDEDFFCPE' unit is dangling and will be cleaned.
W: Public-4008: Instance 'I_ips_ddr_top/u_ips_ddrc_top/mcdq_wdatapath/mcdq_wdp_align/wr_strb[14]' of 'bmsWIDEDFFCPE' unit is dangling and will be cleaned.
W: Public-4008: Instance 'I_ips_ddr_top/u_ips_ddrc_top/mcdq_wdatapath/mcdq_wdp_align/wr_strb[15]' of 'bmsWIDEDFFCPE' unit is dangling and will be cleaned.
W: Public-4008: Instance 'I_ips_ddr_top/u_ips_ddrc_top/mcdq_wdatapath/mcdq_wdp_align/wrdata_en[2]' of 'bmsWIDEDFFCPE' unit is dangling and will be cleaned.
W: Public-4008: Instance 'I_ips_ddr_top/u_ips_ddrc_top/mcdq_wdatapath/mcdq_wdp_align/wstrb_slip_dly[0]' of 'bmsWIDEDFFCPE' unit is dangling and will be cleaned.
W: Public-4008: Instance 'I_ips_ddr_top/u_ips_ddrc_top/mcdq_wdatapath/mcdq_wdp_align/wstrb_slip_dly[1]' of 'bmsWIDEDFFCPE' unit is dangling and will be cleaned.
W: Public-4008: Instance 'I_ips_ddr_top/u_ips_ddrc_top/mcdq_wdatapath/mcdq_wdp_align/wstrb_slip_dly[2]' of 'bmsWIDEDFFCPE' unit is dangling and will be cleaned.
W: Public-4008: Instance 'I_ips_ddr_top/u_ips_ddrc_top/mcdq_wdatapath/mcdq_wdp_align/wstrb_slip_dly[3]' of 'bmsWIDEDFFCPE' unit is dangling and will be cleaned.
W: Public-4008: Instance 'I_ips_ddr_top/u_ips_ddrc_top/mcdq_wdatapath/mcdq_wdp_align/wstrb_slip_dly[4]' of 'bmsWIDEDFFCPE' unit is dangling and will be cleaned.
W: Public-4008: Instance 'I_ips_ddr_top/u_ips_ddrc_top/mcdq_wdatapath/mcdq_wdp_align/wstrb_slip_dly[5]' of 'bmsWIDEDFFCPE' unit is dangling and will be cleaned.
W: Public-4008: Instance 'I_ips_ddr_top/u_ips_ddrc_top/mcdq_wdatapath/mcdq_wdp_align/wstrb_slip_dly[6]' of 'bmsWIDEDFFCPE' unit is dangling and will be cleaned.
W: Public-4008: Instance 'I_ips_ddr_top/u_ips_ddrc_top/mcdq_wdatapath/mcdq_wdp_align/wstrb_slip_dly[7]' of 'bmsWIDEDFFCPE' unit is dangling and will be cleaned.
W: Public-4008: Instance 'I_ips_ddr_top/u_ips_ddrc_top/mcdq_wdatapath/mcdq_wdp_align/wstrb_slip_dly[9]' of 'bmsWIDEDFFCPE' unit is dangling and will be cleaned.
W: Public-4008: Instance 'I_ips_ddr_top/u_ips_ddrc_top/mcdq_wdatapath/mcdq_wdp_align/wstrb_slip_dly[10]' of 'bmsWIDEDFFCPE' unit is dangling and will be cleaned.
W: Public-4008: Instance 'I_ips_ddr_top/u_ips_ddrc_top/mcdq_wdatapath/mcdq_wdp_align/wstrb_slip_dly[11]' of 'bmsWIDEDFFCPE' unit is dangling and will be cleaned.
W: Public-4008: Instance 'I_ips_ddr_top/u_ips_ddrc_top/mcdq_wdatapath/mcdq_wdp_align/wstrb_slip_dly[12]' of 'bmsWIDEDFFCPE' unit is dangling and will be cleaned.
W: Public-4008: Instance 'I_ips_ddr_top/u_ips_ddrc_top/mcdq_wdatapath/mcdq_wdp_align/wstrb_slip_dly[13]' of 'bmsWIDEDFFCPE' unit is dangling and will be cleaned.
W: Public-4008: Instance 'I_ips_ddr_top/u_ips_ddrc_top/mcdq_wdatapath/mcdq_wdp_align/wstrb_slip_dly[14]' of 'bmsWIDEDFFCPE' unit is dangling and will be cleaned.
W: Public-4008: Instance 'I_ips_ddr_top/u_ips_ddrc_top/mcdq_wdatapath/mcdq_wdp_align/wstrb_slip_dly[15]' of 'bmsWIDEDFFCPE' unit is dangling and will be cleaned.
W: Public-4008: Instance 'I_ips_ddr_top/u_ips_ddrc_top/mcdq_dcp_top/mcdq_dcp_back_ctrl/back_rdata_d1[6]' of 'bmsWIDEDFFCPE' unit is dangling and will be cleaned.
W: Public-4008: Instance 'I_ips_ddr_top/u_ips_ddrc_top/mcdq_dcp_top/mcdq_dcp_back_ctrl/back_rdata_d1[7]' of 'bmsWIDEDFFCPE' unit is dangling and will be cleaned.
W: Public-4008: Instance 'I_ips_ddr_top/u_ips_ddrc_top/mcdq_dcp_top/mcdq_dcp_back_ctrl/back_rdata_d1[16]' of 'bmsWIDEDFFCPE' unit is dangling and will be cleaned.
W: Public-4008: Instance 'I_ips_ddr_top/u_ips_ddrc_top/mcdq_dcp_top/mcdq_dcp_back_ctrl/back_rdata_d1[17]' of 'bmsWIDEDFFCPE' unit is dangling and will be cleaned.
W: Public-4008: Instance 'I_ips_ddr_top/u_ips_ddrc_top/mcdq_dcp_top/mcdq_dcp_back_ctrl/back_rdata_d1[33]' of 'bmsWIDEDFFCPE' unit is dangling and will be cleaned.
W: Public-4008: Instance 'I_ips_ddr_top/u_ips_ddrc_top/mcdq_dcp_top/mcdq_dcp_back_ctrl/back_rdata_d1[34]' of 'bmsWIDEDFFCPE' unit is dangling and will be cleaned.
W: Public-4008: Instance 'I_ips_ddr_top/u_ips_ddrc_top/mcdq_dcp_top/mcdq_dcp_back_ctrl/back_rdata_d1[35]' of 'bmsWIDEDFFCPE' unit is dangling and will be cleaned.
W: Public-4008: Instance 'I_ips_ddr_top/u_ips_ddrc_top/mcdq_dcp_top/mcdq_dcp_back_ctrl/back_rdata_d1[36]' of 'bmsWIDEDFFCPE' unit is dangling and will be cleaned.
W: Public-4008: Instance 'I_ips_ddr_top/u_ips_ddrc_top/mcdq_dcp_top/mcdq_dcp_back_ctrl/back_rdata_d1[37]' of 'bmsWIDEDFFCPE' unit is dangling and will be cleaned.
W: Public-4008: Instance 'I_ips_ddr_top/u_ips_ddrc_top/mcdq_calib_delay/calib_norm_addr_m[1]' of 'bmsWIDEDFFCPE' unit is dangling and will be cleaned.
W: Public-4008: Instance 'I_ips_ddr_top/u_ips_ddrc_top/mcdq_calib_delay/calib_norm_addr_m[2]' of 'bmsWIDEDFFCPE' unit is dangling and will be cleaned.
W: Public-4008: Instance 'I_ips_ddr_top/u_ips_ddrc_top/mcdq_calib_delay/calib_norm_addr_m[10]' of 'bmsWIDEDFFCPE' unit is dangling and will be cleaned.
W: Public-4008: Instance 'I_ips_ddr_top/u_ips_ddrc_top/mcdq_calib_delay/calib_norm_addr_m[11]' of 'bmsWIDEDFFCPE' unit is dangling and will be cleaned.
W: Public-4008: Instance 'I_ips_ddr_top/u_ips_ddrc_top/mcdq_calib_delay/calib_norm_addr_m[12]' of 'bmsWIDEDFFCPE' unit is dangling and will be cleaned.
W: Public-4008: Instance 'I_ips_ddr_top/u_ips_ddrc_top/mcdq_calib_delay/calib_norm_addr_m[13]' of 'bmsWIDEDFFCPE' unit is dangling and will be cleaned.
W: Public-4008: Instance 'I_ips_ddr_top/u_ips_ddrc_top/mcdq_calib_delay/calib_norm_addr_m[14]' of 'bmsWIDEDFFCPE' unit is dangling and will be cleaned.
W: Public-4008: Instance 'I_ips_ddr_top/u_ips_ddrc_top/mcdq_calib_delay/calib_norm_baddr_l[1]' of 'bmsWIDEDFFCPE' unit is dangling and will be cleaned.
W: Public-4008: Instance 'I_ips_ddr_top/u_ips_ddrc_top/mcdq_calib_delay/calib_norm_baddr_l[2]' of 'bmsWIDEDFFCPE' unit is dangling and will be cleaned.
W: Public-4008: Instance 'I_ips_ddr_top/u_ips_ddrc_top/mcdq_calib_delay/calib_norm_baddr_m[1]' of 'bmsWIDEDFFCPE' unit is dangling and will be cleaned.
W: Public-4008: Instance 'I_ips_ddr_top/u_ips_ddrc_top/mcdq_calib_delay/calib_norm_baddr_m[2]' of 'bmsWIDEDFFCPE' unit is dangling and will be cleaned.
W: Public-4008: Instance 'I_ips_ddr_top/u_ips_ddrc_top/mcdq_calib_delay/calib_norm_cmd_m[5]' of 'bmsWIDEDFFCPE' unit is dangling and will be cleaned.
W: Public-4008: Instance 'I_ips_ddr_top/u_ips_ddrc_top/mcdq_dcp_top/mcdq_dcp_back_ctrl/req_rdata[6]' of 'bmsWIDEDFFCPE' unit is dangling and will be cleaned.
W: Public-4008: Instance 'I_ips_ddr_top/u_ips_ddrc_top/mcdq_dcp_top/mcdq_dcp_back_ctrl/req_rdata[7]' of 'bmsWIDEDFFCPE' unit is dangling and will be cleaned.
W: Public-4008: Instance 'I_ips_ddr_top/u_ips_ddrc_top/mcdq_dcp_top/mcdq_dcp_back_ctrl/req_rdata[16]' of 'bmsWIDEDFFCPE' unit is dangling and will be cleaned.
W: Public-4008: Instance 'I_ips_ddr_top/u_ips_ddrc_top/mcdq_dcp_top/mcdq_dcp_back_ctrl/req_rdata[17]' of 'bmsWIDEDFFCPE' unit is dangling and will be cleaned.
W: Public-4008: Instance 'I_ips_ddr_top/u_ips_ddrc_top/mcdq_dcp_top/mcdq_dcp_back_ctrl/req_rdata[33]' of 'bmsWIDEDFFCPE' unit is dangling and will be cleaned.
W: Public-4008: Instance 'I_ips_ddr_top/u_ips_ddrc_top/mcdq_dcp_top/mcdq_dcp_back_ctrl/req_rdata[34]' of 'bmsWIDEDFFCPE' unit is dangling and will be cleaned.
W: Public-4008: Instance 'I_ips_ddr_top/u_ips_ddrc_top/mcdq_dcp_top/mcdq_dcp_back_ctrl/req_rdata[35]' of 'bmsWIDEDFFCPE' unit is dangling and will be cleaned.
W: Public-4008: Instance 'I_ips_ddr_top/u_ips_ddrc_top/mcdq_dcp_top/mcdq_dcp_back_ctrl/req_rdata[36]' of 'bmsWIDEDFFCPE' unit is dangling and will be cleaned.
W: Public-4008: Instance 'I_ips_ddr_top/u_ips_ddrc_top/mcdq_dcp_top/mcdq_dcp_back_ctrl/req_rdata[37]' of 'bmsWIDEDFFCPE' unit is dangling and will be cleaned.
W: Public-4008: Instance 'I_ips_ddr_top/u_ips_ddrc_top/mcdq_dcp_top/mcdq_dcp_back_ctrl/pipe_req_addr[1]' of 'bmsWIDEDFFCPE' unit is dangling and will be cleaned.
W: Public-4008: Instance 'I_ips_ddr_top/u_ips_ddrc_top/mcdq_dcp_top/mcdq_dcp_back_ctrl/pipe_req_addr[2]' of 'bmsWIDEDFFCPE' unit is dangling and will be cleaned.
W: Public-4008: Instance 'I_ips_ddr_top/u_ips_ddrc_top/mcdq_dcp_top/mcdq_dcp_back_ctrl/pipe_req_addr[11]' of 'bmsWIDEDFFCPE' unit is dangling and will be cleaned.
W: Public-4008: Instance 'I_ips_ddr_top/u_ips_ddrc_top/mcdq_dcp_top/mcdq_dcp_back_ctrl/pipe_req_addr[12]' of 'bmsWIDEDFFCPE' unit is dangling and will be cleaned.
W: Public-4008: Instance 'I_ips_ddr_top/u_ips_ddrc_top/mcdq_dcp_top/mcdq_dcp_out/norm_addr_m[1]' of 'bmsWIDEDFFCPE' unit is dangling and will be cleaned.
W: Public-4008: Instance 'I_ips_ddr_top/u_ips_ddrc_top/mcdq_dcp_top/mcdq_dcp_out/norm_addr_m[2]' of 'bmsWIDEDFFCPE' unit is dangling and will be cleaned.
W: Public-4008: Instance 'I_ips_ddr_top/u_ips_ddrc_top/mcdq_dcp_top/mcdq_dcp_out/norm_addr_m[10]' of 'bmsWIDEDFFCPE' unit is dangling and will be cleaned.
W: Public-4008: Instance 'I_ips_ddr_top/u_ips_ddrc_top/mcdq_dcp_top/mcdq_dcp_out/norm_addr_m[11]' of 'bmsWIDEDFFCPE' unit is dangling and will be cleaned.
W: Public-4008: Instance 'I_ips_ddr_top/u_ips_ddrc_top/mcdq_dcp_top/mcdq_dcp_out/norm_addr_m[12]' of 'bmsWIDEDFFCPE' unit is dangling and will be cleaned.
W: Public-4008: Instance 'I_ips_ddr_top/u_ips_ddrc_top/mcdq_dcp_top/mcdq_dcp_out/norm_addr_m[13]' of 'bmsWIDEDFFCPE' unit is dangling and will be cleaned.
W: Public-4008: Instance 'I_ips_ddr_top/u_ips_ddrc_top/mcdq_dcp_top/mcdq_dcp_out/norm_addr_m[14]' of 'bmsWIDEDFFCPE' unit is dangling and will be cleaned.
W: Public-4008: Instance 'I_ips_ddr_top/u_ips_ddrc_top/mcdq_dcp_top/mcdq_dcp_out/norm_baddr_l[1]' of 'bmsWIDEDFFCPE' unit is dangling and will be cleaned.
W: Public-4008: Instance 'I_ips_ddr_top/u_ips_ddrc_top/mcdq_dcp_top/mcdq_dcp_out/norm_baddr_l[2]' of 'bmsWIDEDFFCPE' unit is dangling and will be cleaned.
W: Public-4008: Instance 'I_ips_ddr_top/u_ips_ddrc_top/mcdq_dcp_top/mcdq_dcp_out/norm_baddr_m[1]' of 'bmsWIDEDFFCPE' unit is dangling and will be cleaned.
W: Public-4008: Instance 'I_ips_ddr_top/u_ips_ddrc_top/mcdq_dcp_top/mcdq_dcp_out/norm_baddr_m[2]' of 'bmsWIDEDFFCPE' unit is dangling and will be cleaned.
W: Public-4008: Instance 'I_ips_ddr_top/u_ips_ddrc_top/mcdq_dcp_top/mcdq_dcp_out/norm_cmd_m[5]' of 'bmsWIDEDFFCPE' unit is dangling and will be cleaned.
W: Public-4008: Instance 'I_ips_ddr_top/u_ips_ddrc_top/mcdq_dcp_top/mcdq_dcp_buf/req_rdata[6]' of 'bmsWIDEDFFCPE' unit is dangling and will be cleaned.
W: Public-4008: Instance 'I_ips_ddr_top/u_ips_ddrc_top/mcdq_dcp_top/mcdq_dcp_buf/req_rdata[7]' of 'bmsWIDEDFFCPE' unit is dangling and will be cleaned.
W: Public-4008: Instance 'I_ips_ddr_top/u_ips_ddrc_top/mcdq_dcp_top/mcdq_dcp_buf/req_rdata[16]' of 'bmsWIDEDFFCPE' unit is dangling and will be cleaned.
W: Public-4008: Instance 'I_ips_ddr_top/u_ips_ddrc_top/mcdq_dcp_top/mcdq_dcp_buf/req_rdata[17]' of 'bmsWIDEDFFCPE' unit is dangling and will be cleaned.
W: Public-4008: Instance 'I_ips_ddr_top/u_ips_ddrc_top/mcdq_dcp_top/mcdq_dcp_buf/req_rdata[33]' of 'bmsWIDEDFFCPE' unit is dangling and will be cleaned.
W: Public-4008: Instance 'I_ips_ddr_top/u_ips_ddrc_top/mcdq_dcp_top/mcdq_dcp_buf/req_rdata[34]' of 'bmsWIDEDFFCPE' unit is dangling and will be cleaned.
W: Public-4008: Instance 'I_ips_ddr_top/u_ips_ddrc_top/mcdq_dcp_top/mcdq_dcp_buf/req_rdata[35]' of 'bmsWIDEDFFCPE' unit is dangling and will be cleaned.
W: Public-4008: Instance 'I_ips_ddr_top/u_ips_ddrc_top/mcdq_dcp_top/mcdq_dcp_buf/req_rdata[36]' of 'bmsWIDEDFFCPE' unit is dangling and will be cleaned.
W: Public-4008: Instance 'I_ips_ddr_top/u_ips_ddrc_top/mcdq_dcp_top/mcdq_dcp_buf/req_rdata[37]' of 'bmsWIDEDFFCPE' unit is dangling and will be cleaned.
W: Public-4008: Instance 'rstn_1ms[14]' of 'bmsWIDEDFFRSE' unit is dangling and will be cleaned.
W: Public-4008: Instance 'rstn_1ms[15]' of 'bmsWIDEDFFRSE' unit is dangling and will be cleaned.
W: Public-4008: Instance 'ms72xx_ctl/U1_ms7200_ctl/addr[10]' of 'bmsWIDEDFFRSE' unit is dangling and will be cleaned.
W: Public-4008: Instance 'ms72xx_ctl/U1_ms7200_ctl/addr[11]' of 'bmsWIDEDFFRSE' unit is dangling and will be cleaned.
W: Public-4008: Instance 'ms72xx_ctl/U1_ms7200_ctl/addr[14]' of 'bmsWIDEDFFRSE' unit is dangling and will be cleaned.
W: Public-4008: Instance 'ms72xx_ctl/U1_ms7200_ctl/addr[15]' of 'bmsWIDEDFFRSE' unit is dangling and will be cleaned.
W: Public-4008: Instance 'I_ips_ddr_top/u_ips_ddrc_top/mcdq_dfi/dcp2dfi_bank[1]' of 'bmsWIDEDFFCPE' unit is dangling and will be cleaned.
W: Public-4008: Instance 'I_ips_ddr_top/u_ips_ddrc_top/mcdq_dfi/dcp2dfi_bank[2]' of 'bmsWIDEDFFCPE' unit is dangling and will be cleaned.
W: Public-4008: Instance 'I_ips_ddr_top/u_ips_ddrc_top/mcdq_dfi/dcp2dfi_bank[4]' of 'bmsWIDEDFFCPE' unit is dangling and will be cleaned.
W: Public-4008: Instance 'I_ips_ddr_top/u_ips_ddrc_top/mcdq_dfi/dcp2dfi_bank[5]' of 'bmsWIDEDFFCPE' unit is dangling and will be cleaned.
W: Public-4008: Instance 'I_ips_ddr_top/u_ips_ddrc_top/mcdq_dfi/mux_dfi_cs_n[1]' of 'bmsWIDEDFFCPE' unit is dangling and will be cleaned.
W: Public-4008: Instance 'I_ips_ddr_top/u_ips_ddrc_top/mcdq_dfi/mux_dfi_cs_n[3]' of 'bmsWIDEDFFCPE' unit is dangling and will be cleaned.
W: Public-4008: Instance 'I_ips_ddr_top/u_ips_ddrc_top/mcdq_dfi/mux_dfi_odt[1]' of 'bmsWIDEDFFCPE' unit is dangling and will be cleaned.
W: Public-4008: Instance 'I_ips_ddr_top/u_ips_ddrc_top/mcdq_dfi/mux_dfi_odt[3]' of 'bmsWIDEDFFCPE' unit is dangling and will be cleaned.
W: Public-4008: Instance 'I_ips_ddr_top/u_ips_ddrc_top/mcdq_dfi/mux_dfi_ras_n[1]' of 'bmsWIDEDFFCPE' unit is dangling and will be cleaned.
W: Public-4008: Instance 'I_ips_ddr_top/u_ips_ddrc_top/mcdq_dfi/mux_dfi_ras_n[3]' of 'bmsWIDEDFFCPE' unit is dangling and will be cleaned.
W: Public-4008: Instance 'I_ips_ddr_top/u_ips_ddrc_top/mcdq_dfi/mux_dfi_we_n[1]' of 'bmsWIDEDFFCPE' unit is dangling and will be cleaned.
W: Public-4008: Instance 'I_ips_ddr_top/u_ips_ddrc_top/mcdq_dfi/mux_dfi_we_n[3]' of 'bmsWIDEDFFCPE' unit is dangling and will be cleaned.
W: Public-4008: Instance 'ms72xx_ctl/iic_dri/fre_cnt[5]' of 'bmsWIDEDFFRSE' unit is dangling and will be cleaned.
W: Public-4008: Instance 'ms72xx_ctl/iic_dri/fre_cnt[6]' of 'bmsWIDEDFFRSE' unit is dangling and will be cleaned.
W: Public-4008: Instance 'ms72xx_ctl/iic_dri/fre_cnt[7]' of 'bmsWIDEDFFRSE' unit is dangling and will be cleaned.
W: Public-4008: Instance 'ms72xx_ctl/iic_dri/fre_cnt[8]' of 'bmsWIDEDFFRSE' unit is dangling and will be cleaned.
W: Public-4008: Instance 'ms72xx_ctl/iic_dri/fre_cnt[9]' of 'bmsWIDEDFFRSE' unit is dangling and will be cleaned.
W: Public-4008: Instance 'ms72xx_ctl/iic_dri/fre_cnt[10]' of 'bmsWIDEDFFRSE' unit is dangling and will be cleaned.
W: Public-4008: Instance 'ms72xx_ctl/iic_dri/fre_cnt[11]' of 'bmsWIDEDFFRSE' unit is dangling and will be cleaned.
W: Public-4008: Instance 'ms72xx_ctl/iic_dri/fre_cnt[12]' of 'bmsWIDEDFFRSE' unit is dangling and will be cleaned.
W: Public-4008: Instance 'ms72xx_ctl/iic_dri/fre_cnt[13]' of 'bmsWIDEDFFRSE' unit is dangling and will be cleaned.
W: Public-4008: Instance 'ms72xx_ctl/iic_dri/fre_cnt[14]' of 'bmsWIDEDFFRSE' unit is dangling and will be cleaned.
W: Public-4008: Instance 'ms72xx_ctl/iic_dri/fre_cnt[15]' of 'bmsWIDEDFFRSE' unit is dangling and will be cleaned.
W: Public-4008: Instance 'ms72xx_ctl/iic_dri/fre_cnt[16]' of 'bmsWIDEDFFRSE' unit is dangling and will be cleaned.
W: Public-4008: Instance 'ms72xx_ctl/iic_dri/fre_cnt[17]' of 'bmsWIDEDFFRSE' unit is dangling and will be cleaned.
W: Public-4008: Instance 'ms72xx_ctl/iic_dri/fre_cnt[18]' of 'bmsWIDEDFFRSE' unit is dangling and will be cleaned.
W: Public-4008: Instance 'ms72xx_ctl/iic_dri/fre_cnt[19]' of 'bmsWIDEDFFRSE' unit is dangling and will be cleaned.
W: Public-4008: Instance 'ms72xx_ctl/iic_dri/fre_cnt[20]' of 'bmsWIDEDFFRSE' unit is dangling and will be cleaned.
W: Public-4008: Instance 'ms72xx_ctl/iic_dri/trans_byte_max[1]' of 'bmsWIDEDFFRSE' unit is dangling and will be cleaned.
W: Public-4008: Instance 'ms72xx_ctl/iic_dri/trans_byte_max[3]' of 'bmsWIDEDFFRSE' unit is dangling and will be cleaned.
W: Public-4008: Instance 'ms72xx_ctl/iic_dri/twr_cnt[4]' of 'bmsWIDEDFFRSE' unit is dangling and will be cleaned.
W: Public-4008: Instance 'ms72xx_ctl/iic_dri/twr_cnt[5]' of 'bmsWIDEDFFRSE' unit is dangling and will be cleaned.
W: Public-4008: Instance 'ms72xx_ctl/iic_dri/twr_cnt[6]' of 'bmsWIDEDFFRSE' unit is dangling and will be cleaned.
W: Public-4008: Instance 'ms72xx_ctl/iic_dri/twr_cnt[7]' of 'bmsWIDEDFFRSE' unit is dangling and will be cleaned.
W: Public-4008: Instance 'ms72xx_ctl/iic_dri/twr_cnt[8]' of 'bmsWIDEDFFRSE' unit is dangling and will be cleaned.
W: Public-4008: Instance 'ms72xx_ctl/iic_dri/twr_cnt[9]' of 'bmsWIDEDFFRSE' unit is dangling and will be cleaned.
W: Public-4008: Instance 'ms72xx_ctl/iic_dri/twr_cnt[10]' of 'bmsWIDEDFFRSE' unit is dangling and will be cleaned.
W: Public-4008: Instance 'ms72xx_ctl/iic_dri/twr_cnt[11]' of 'bmsWIDEDFFRSE' unit is dangling and will be cleaned.
W: Public-4008: Instance 'ms72xx_ctl/iic_dri/twr_cnt[12]' of 'bmsWIDEDFFRSE' unit is dangling and will be cleaned.
W: Public-4008: Instance 'ms72xx_ctl/iic_dri/twr_cnt[13]' of 'bmsWIDEDFFRSE' unit is dangling and will be cleaned.
W: Public-4008: Instance 'ms72xx_ctl/iic_dri/twr_cnt[14]' of 'bmsWIDEDFFRSE' unit is dangling and will be cleaned.
W: Public-4008: Instance 'ms72xx_ctl/iic_dri/twr_cnt[15]' of 'bmsWIDEDFFRSE' unit is dangling and will be cleaned.
W: Public-4008: Instance 'ms72xx_ctl/iic_dri/twr_cnt[16]' of 'bmsWIDEDFFRSE' unit is dangling and will be cleaned.
W: Public-4008: Instance 'ms72xx_ctl/iic_dri/twr_cnt[17]' of 'bmsWIDEDFFRSE' unit is dangling and will be cleaned.
W: Public-4008: Instance 'ms72xx_ctl/iic_dri/twr_cnt[18]' of 'bmsWIDEDFFRSE' unit is dangling and will be cleaned.
W: Public-4008: Instance 'ms72xx_ctl/iic_dri/twr_cnt[19]' of 'bmsWIDEDFFRSE' unit is dangling and will be cleaned.
W: Public-4008: Instance 'ms72xx_ctl/iic_dri/twr_cnt[20]' of 'bmsWIDEDFFRSE' unit is dangling and will be cleaned.
W: Public-4008: Instance 'ms72xx_ctl/iic_dri/twr_cnt[21]' of 'bmsWIDEDFFRSE' unit is dangling and will be cleaned.
W: Public-4008: Instance 'ms72xx_ctl/iic_dri/twr_cnt[22]' of 'bmsWIDEDFFRSE' unit is dangling and will be cleaned.
W: Public-4008: Instance 'ms72xx_ctl/iic_dri/twr_cnt[23]' of 'bmsWIDEDFFRSE' unit is dangling and will be cleaned.
W: Public-4008: Instance 'ms72xx_ctl/iic_dri/twr_cnt[24]' of 'bmsWIDEDFFRSE' unit is dangling and will be cleaned.
W: Public-4008: Instance 'ms72xx_ctl/iic_dri/twr_cnt[25]' of 'bmsWIDEDFFRSE' unit is dangling and will be cleaned.
W: Public-4008: Instance 'ms72xx_ctl/iic_dri/twr_cnt[26]' of 'bmsWIDEDFFRSE' unit is dangling and will be cleaned.
W: Public-4008: Instance 'I_ips_ddr_top/u_ips_ddrc_top/mcdq_dfi/dcp2dfi_address[17]' of 'bmsWIDEDFFCPE' unit is dangling and will be cleaned.
W: Public-4008: Instance 'I_ips_ddr_top/u_ips_ddrc_top/mcdq_dfi/dcp2dfi_address[28]' of 'bmsWIDEDFFCPE' unit is dangling and will be cleaned.
W: Public-4008: Instance 'I_ips_ddr_top/u_ips_ddrc_top/mcdq_dfi/dcp2dfi_address[29]' of 'bmsWIDEDFFCPE' unit is dangling and will be cleaned.
W: Public-4008: Instance 'u_axi4_ctrl/araddr[0]' of 'bmsWIDEDFFCPE' unit is dangling and will be cleaned.
W: Public-4008: Instance 'u_axi4_ctrl/araddr[1]' of 'bmsWIDEDFFCPE' unit is dangling and will be cleaned.
W: Public-4008: Instance 'u_axi4_ctrl/araddr[2]' of 'bmsWIDEDFFCPE' unit is dangling and will be cleaned.
W: Public-4008: Instance 'u_axi4_ctrl/araddr[3]' of 'bmsWIDEDFFCPE' unit is dangling and will be cleaned.
W: Public-4008: Instance 'u_axi4_ctrl/araddr[4]' of 'bmsWIDEDFFCPE' unit is dangling and will be cleaned.
W: Public-4008: Instance 'u_axi4_ctrl/araddr[5]' of 'bmsWIDEDFFCPE' unit is dangling and will be cleaned.
W: Public-4008: Instance 'u_axi4_ctrl/araddr[6]' of 'bmsWIDEDFFCPE' unit is dangling and will be cleaned.
W: Public-4008: Instance 'u_axi4_ctrl/araddr[7]' of 'bmsWIDEDFFCPE' unit is dangling and will be cleaned.
W: Public-4008: Instance 'u_axi4_ctrl/rc_w_ptr[0]' of 'bmsWIDEDFFCPE' unit is dangling and will be cleaned.
W: Public-4008: Instance 'u_axi4_ctrl/rc_w_ptr[1]' of 'bmsWIDEDFFCPE' unit is dangling and will be cleaned.
W: Public-4008: Instance 'u_axi4_ctrl/rc_w_ptr[2]' of 'bmsWIDEDFFCPE' unit is dangling and will be cleaned.
W: Public-4008: Instance 'u_axi4_ctrl/rc_w_ptr[3]' of 'bmsWIDEDFFCPE' unit is dangling and will be cleaned.
W: Public-4008: Instance 'u_axi4_ctrl/rc_w_ptr[4]' of 'bmsWIDEDFFCPE' unit is dangling and will be cleaned.
W: Public-4008: Instance 'u_axi4_ctrl/rc_w_ptr[5]' of 'bmsWIDEDFFCPE' unit is dangling and will be cleaned.
W: Public-4008: Instance 'u_axi4_ctrl/rc_w_ptr[6]' of 'bmsWIDEDFFCPE' unit is dangling and will be cleaned.
W: Public-4008: Instance 'u_axi4_ctrl/rc_w_ptr[7]' of 'bmsWIDEDFFCPE' unit is dangling and will be cleaned.
W: Public-4008: Instance 'u_axi4_ctrl/u_W_FIFO_16i_128o/U_ipm2l_fifo_W_FIFO_16i_128o/U_ipm2l_fifo_ctrl/rd_water_level[0]' of 'bmsWIDEDFFCPE' unit is dangling and will be cleaned.
W: Public-4008: Instance 'u_axi4_ctrl/u_W_FIFO_16i_128o/U_ipm2l_fifo_W_FIFO_16i_128o/U_ipm2l_fifo_ctrl/rd_water_level[1]' of 'bmsWIDEDFFCPE' unit is dangling and will be cleaned.
W: Public-4008: Instance 'u_axi4_ctrl/u_W_FIFO_16i_128o/U_ipm2l_fifo_W_FIFO_16i_128o/U_ipm2l_fifo_ctrl/rd_water_level[2]' of 'bmsWIDEDFFCPE' unit is dangling and will be cleaned.
W: Public-4008: Instance 'u_axi4_ctrl/u_W_FIFO_16i_128o/U_ipm2l_fifo_W_FIFO_16i_128o/U_ipm2l_fifo_ctrl/rd_water_level[3]' of 'bmsWIDEDFFCPE' unit is dangling and will be cleaned.
W: Public-4008: Instance 'u_axi4_ctrl/u_R_FIFO_128i_128o/U_ipm2l_fifo_R_FIFO_128i_128o/U_ipm2l_fifo_ctrl/wr_water_level[0]' of 'bmsWIDEDFFCPE' unit is dangling and will be cleaned.
W: Public-4008: Instance 'u_axi4_ctrl/u_R_FIFO_128i_128o/U_ipm2l_fifo_R_FIFO_128i_128o/U_ipm2l_fifo_ctrl/wr_water_level[1]' of 'bmsWIDEDFFCPE' unit is dangling and will be cleaned.
W: Public-4008: Instance 'u_axi4_ctrl/u_R_FIFO_128i_128o/U_ipm2l_fifo_R_FIFO_128i_128o/U_ipm2l_fifo_ctrl/wr_water_level[2]' of 'bmsWIDEDFFCPE' unit is dangling and will be cleaned.
W: Public-4008: Instance 'u_axi4_ctrl/u_R_FIFO_128i_128o/U_ipm2l_fifo_R_FIFO_128i_128o/U_ipm2l_fifo_ctrl/wr_water_level[3]' of 'bmsWIDEDFFCPE' unit is dangling and will be cleaned.
W: Public-4008: Instance 'u_axi4_ctrl/u_R_FIFO_128i_128o/U_ipm2l_fifo_R_FIFO_128i_128o/U_ipm2l_fifo_ctrl/wr_water_level[4]' of 'bmsWIDEDFFCPE' unit is dangling and will be cleaned.
W: Public-4008: Instance 'u_axi4_ctrl/u_R_FIFO_128i_128o/U_ipm2l_fifo_R_FIFO_128i_128o/U_ipm2l_fifo_ctrl/wr_water_level[5]' of 'bmsWIDEDFFCPE' unit is dangling and will be cleaned.
W: Public-4008: Instance 'u_axi4_ctrl/u_R_FIFO_128i_128o/U_ipm2l_fifo_R_FIFO_128i_128o/U_ipm2l_fifo_ctrl/wr_water_level[6]' of 'bmsWIDEDFFCPE' unit is dangling and will be cleaned.
W: Public-4008: Instance 'u_ips2l_pcie_dma/u_ips2l_pcie_dma_controller/o_req_addr[0]' of 'bmsWIDEDFFCPE' unit is dangling and will be cleaned.
W: Public-4008: Instance 'u_ips2l_pcie_dma/u_ips2l_pcie_dma_controller/o_req_addr[1]' of 'bmsWIDEDFFCPE' unit is dangling and will be cleaned.
W: Public-4008: Instance 'u_ips2l_pcie_dma/u_ips2l_pcie_dma_controller/dma_cmd_reg[10]' of 'bmsWIDEDFFCPE' unit is dangling and will be cleaned.
W: Public-4008: Instance 'u_ips2l_pcie_dma/u_ips2l_pcie_dma_controller/dma_cmd_reg[11]' of 'bmsWIDEDFFCPE' unit is dangling and will be cleaned.
W: Public-4008: Instance 'u_ips2l_pcie_dma/u_ips2l_pcie_dma_controller/dma_cmd_reg[12]' of 'bmsWIDEDFFCPE' unit is dangling and will be cleaned.
W: Public-4008: Instance 'u_ips2l_pcie_dma/u_ips2l_pcie_dma_controller/dma_cmd_reg[13]' of 'bmsWIDEDFFCPE' unit is dangling and will be cleaned.
W: Public-4008: Instance 'u_ips2l_pcie_dma/u_ips2l_pcie_dma_controller/dma_cmd_reg[14]' of 'bmsWIDEDFFCPE' unit is dangling and will be cleaned.
W: Public-4008: Instance 'u_ips2l_pcie_dma/u_ips2l_pcie_dma_controller/dma_cmd_reg[15]' of 'bmsWIDEDFFCPE' unit is dangling and will be cleaned.
W: Public-4008: Instance 'u_ips2l_pcie_dma/u_ips2l_pcie_dma_controller/dma_cmd_reg[17]' of 'bmsWIDEDFFCPE' unit is dangling and will be cleaned.
W: Public-4008: Instance 'u_ips2l_pcie_dma/u_ips2l_pcie_dma_controller/dma_cmd_reg[18]' of 'bmsWIDEDFFCPE' unit is dangling and will be cleaned.
W: Public-4008: Instance 'u_ips2l_pcie_dma/u_ips2l_pcie_dma_controller/dma_cmd_reg[19]' of 'bmsWIDEDFFCPE' unit is dangling and will be cleaned.
W: Public-4008: Instance 'u_ips2l_pcie_dma/u_ips2l_pcie_dma_controller/dma_cmd_reg[20]' of 'bmsWIDEDFFCPE' unit is dangling and will be cleaned.
W: Public-4008: Instance 'u_ips2l_pcie_dma/u_ips2l_pcie_dma_controller/dma_cmd_reg[21]' of 'bmsWIDEDFFCPE' unit is dangling and will be cleaned.
W: Public-4008: Instance 'u_ips2l_pcie_dma/u_ips2l_pcie_dma_controller/dma_cmd_reg[22]' of 'bmsWIDEDFFCPE' unit is dangling and will be cleaned.
W: Public-4008: Instance 'u_ips2l_pcie_dma/u_ips2l_pcie_dma_controller/dma_cmd_reg[23]' of 'bmsWIDEDFFCPE' unit is dangling and will be cleaned.
W: Public-4008: Instance 'u_ips2l_pcie_dma/u_ips2l_pcie_dma_controller/dma_cmd_reg[25]' of 'bmsWIDEDFFCPE' unit is dangling and will be cleaned.
W: Public-4008: Instance 'u_ips2l_pcie_dma/u_ips2l_pcie_dma_controller/dma_cmd_reg[26]' of 'bmsWIDEDFFCPE' unit is dangling and will be cleaned.
W: Public-4008: Instance 'u_ips2l_pcie_dma/u_ips2l_pcie_dma_controller/dma_cmd_reg[27]' of 'bmsWIDEDFFCPE' unit is dangling and will be cleaned.
W: Public-4008: Instance 'u_ips2l_pcie_dma/u_ips2l_pcie_dma_controller/dma_cmd_reg[28]' of 'bmsWIDEDFFCPE' unit is dangling and will be cleaned.
W: Public-4008: Instance 'u_ips2l_pcie_dma/u_ips2l_pcie_dma_controller/dma_cmd_reg[29]' of 'bmsWIDEDFFCPE' unit is dangling and will be cleaned.
W: Public-4008: Instance 'u_ips2l_pcie_dma/u_ips2l_pcie_dma_controller/dma_cmd_reg[30]' of 'bmsWIDEDFFCPE' unit is dangling and will be cleaned.
W: Public-4008: Instance 'u_ips2l_pcie_dma/u_ips2l_pcie_dma_controller/dma_cmd_reg[31]' of 'bmsWIDEDFFCPE' unit is dangling and will be cleaned.
W: Public-4008: Instance 'u_ips2l_pcie_dma/u_ips2l_pcie_dma_rx_top/u_mwr_wr_ctrl/ips2l_pcie_dma_mwr_wr_ctrl/wr_addr[0]' of 'bmsWIDEDFFCPE' unit is dangling and will be cleaned.
W: Public-4008: Instance 'u_ips2l_pcie_dma/u_ips2l_pcie_dma_rx_top/u_mwr_wr_ctrl/ips2l_pcie_dma_mwr_wr_ctrl/wr_addr[1]' of 'bmsWIDEDFFCPE' unit is dangling and will be cleaned.
W: Public-4008: Instance 'u_ips2l_pcie_dma/u_ips2l_pcie_dma_rx_top/u_mwr_wr_ctrl/ips2l_pcie_dma_mwr_wr_ctrl/wr_addr[2]' of 'bmsWIDEDFFCPE' unit is dangling and will be cleaned.
W: Public-4008: Instance 'u_ips2l_pcie_dma/u_ips2l_pcie_dma_rx_top/u_mwr_wr_ctrl/ips2l_pcie_dma_mwr_wr_ctrl/wr_addr[3]' of 'bmsWIDEDFFCPE' unit is dangling and will be cleaned.
W: Public-4008: Instance 'u_ips2l_pcie_dma/u_ips2l_pcie_dma_rx_top/u_mwr_wr_ctrl/ips2l_pcie_dma_mwr_wr_ctrl/wr_addr[16]' of 'bmsWIDEDFFCPE' unit is dangling and will be cleaned.
W: Public-4008: Instance 'u_ips2l_pcie_dma/u_ips2l_pcie_dma_rx_top/u_mwr_wr_ctrl/ips2l_pcie_dma_mwr_wr_ctrl/wr_addr[17]' of 'bmsWIDEDFFCPE' unit is dangling and will be cleaned.
W: Public-4008: Instance 'u_ips2l_pcie_dma/u_ips2l_pcie_dma_rx_top/u_mwr_wr_ctrl/ips2l_pcie_dma_mwr_wr_ctrl/wr_addr[18]' of 'bmsWIDEDFFCPE' unit is dangling and will be cleaned.
W: Public-4008: Instance 'u_ips2l_pcie_dma/u_ips2l_pcie_dma_rx_top/u_mwr_wr_ctrl/ips2l_pcie_dma_mwr_wr_ctrl/wr_addr[19]' of 'bmsWIDEDFFCPE' unit is dangling and will be cleaned.
W: Public-4008: Instance 'u_ips2l_pcie_dma/u_ips2l_pcie_dma_rx_top/u_mwr_wr_ctrl/ips2l_pcie_dma_mwr_wr_ctrl/wr_addr[20]' of 'bmsWIDEDFFCPE' unit is dangling and will be cleaned.
W: Public-4008: Instance 'u_ips2l_pcie_dma/u_ips2l_pcie_dma_rx_top/u_mwr_wr_ctrl/ips2l_pcie_dma_mwr_wr_ctrl/wr_addr[21]' of 'bmsWIDEDFFCPE' unit is dangling and will be cleaned.
W: Public-4008: Instance 'u_ips2l_pcie_dma/u_ips2l_pcie_dma_rx_top/u_mwr_wr_ctrl/ips2l_pcie_dma_mwr_wr_ctrl/wr_addr[22]' of 'bmsWIDEDFFCPE' unit is dangling and will be cleaned.
W: Public-4008: Instance 'u_ips2l_pcie_dma/u_ips2l_pcie_dma_rx_top/u_mwr_wr_ctrl/ips2l_pcie_dma_mwr_wr_ctrl/wr_addr[23]' of 'bmsWIDEDFFCPE' unit is dangling and will be cleaned.
W: Public-4008: Instance 'u_ips2l_pcie_dma/u_ips2l_pcie_dma_rx_top/u_mwr_wr_ctrl/ips2l_pcie_dma_mwr_wr_ctrl/wr_addr[24]' of 'bmsWIDEDFFCPE' unit is dangling and will be cleaned.
W: Public-4008: Instance 'u_ips2l_pcie_dma/u_ips2l_pcie_dma_rx_top/u_mwr_wr_ctrl/ips2l_pcie_dma_mwr_wr_ctrl/wr_addr[25]' of 'bmsWIDEDFFCPE' unit is dangling and will be cleaned.
W: Public-4008: Instance 'u_ips2l_pcie_dma/u_ips2l_pcie_dma_rx_top/u_mwr_wr_ctrl/ips2l_pcie_dma_mwr_wr_ctrl/wr_addr[26]' of 'bmsWIDEDFFCPE' unit is dangling and will be cleaned.
W: Public-4008: Instance 'u_ips2l_pcie_dma/u_ips2l_pcie_dma_rx_top/u_mwr_wr_ctrl/ips2l_pcie_dma_mwr_wr_ctrl/wr_addr[27]' of 'bmsWIDEDFFCPE' unit is dangling and will be cleaned.
W: Public-4008: Instance 'u_ips2l_pcie_dma/u_ips2l_pcie_dma_rx_top/u_mwr_wr_ctrl/ips2l_pcie_dma_mwr_wr_ctrl/wr_addr[28]' of 'bmsWIDEDFFCPE' unit is dangling and will be cleaned.
W: Public-4008: Instance 'u_ips2l_pcie_dma/u_ips2l_pcie_dma_rx_top/u_mwr_wr_ctrl/ips2l_pcie_dma_mwr_wr_ctrl/wr_addr[29]' of 'bmsWIDEDFFCPE' unit is dangling and will be cleaned.
W: Public-4008: Instance 'u_ips2l_pcie_dma/u_ips2l_pcie_dma_rx_top/u_mwr_wr_ctrl/ips2l_pcie_dma_mwr_wr_ctrl/wr_addr[30]' of 'bmsWIDEDFFCPE' unit is dangling and will be cleaned.
W: Public-4008: Instance 'u_ips2l_pcie_dma/u_ips2l_pcie_dma_rx_top/u_mwr_wr_ctrl/ips2l_pcie_dma_mwr_wr_ctrl/wr_addr[31]' of 'bmsWIDEDFFCPE' unit is dangling and will be cleaned.
W: Public-4008: Instance 'u_ips2l_pcie_dma/u_ips2l_pcie_dma_rx_top/u_mwr_wr_ctrl/ips2l_pcie_dma_mwr_wr_ctrl/wr_addr[32]' of 'bmsWIDEDFFCPE' unit is dangling and will be cleaned.
W: Public-4008: Instance 'u_ips2l_pcie_dma/u_ips2l_pcie_dma_rx_top/u_mwr_wr_ctrl/ips2l_pcie_dma_mwr_wr_ctrl/wr_addr[33]' of 'bmsWIDEDFFCPE' unit is dangling and will be cleaned.
W: Public-4008: Instance 'u_ips2l_pcie_dma/u_ips2l_pcie_dma_rx_top/u_mwr_wr_ctrl/ips2l_pcie_dma_mwr_wr_ctrl/wr_addr[34]' of 'bmsWIDEDFFCPE' unit is dangling and will be cleaned.
W: Public-4008: Instance 'u_ips2l_pcie_dma/u_ips2l_pcie_dma_rx_top/u_mwr_wr_ctrl/ips2l_pcie_dma_mwr_wr_ctrl/wr_addr[35]' of 'bmsWIDEDFFCPE' unit is dangling and will be cleaned.
W: Public-4008: Instance 'u_ips2l_pcie_dma/u_ips2l_pcie_dma_rx_top/u_mwr_wr_ctrl/ips2l_pcie_dma_mwr_wr_ctrl/wr_addr[36]' of 'bmsWIDEDFFCPE' unit is dangling and will be cleaned.
W: Public-4008: Instance 'u_ips2l_pcie_dma/u_ips2l_pcie_dma_rx_top/u_mwr_wr_ctrl/ips2l_pcie_dma_mwr_wr_ctrl/wr_addr[37]' of 'bmsWIDEDFFCPE' unit is dangling and will be cleaned.
W: Public-4008: Instance 'u_ips2l_pcie_dma/u_ips2l_pcie_dma_rx_top/u_mwr_wr_ctrl/ips2l_pcie_dma_mwr_wr_ctrl/wr_addr[38]' of 'bmsWIDEDFFCPE' unit is dangling and will be cleaned.
W: Public-4008: Instance 'u_ips2l_pcie_dma/u_ips2l_pcie_dma_rx_top/u_mwr_wr_ctrl/ips2l_pcie_dma_mwr_wr_ctrl/wr_addr[39]' of 'bmsWIDEDFFCPE' unit is dangling and will be cleaned.
W: Public-4008: Instance 'u_ips2l_pcie_dma/u_ips2l_pcie_dma_rx_top/u_mwr_wr_ctrl/ips2l_pcie_dma_mwr_wr_ctrl/wr_addr[40]' of 'bmsWIDEDFFCPE' unit is dangling and will be cleaned.
W: Public-4008: Instance 'u_ips2l_pcie_dma/u_ips2l_pcie_dma_rx_top/u_mwr_wr_ctrl/ips2l_pcie_dma_mwr_wr_ctrl/wr_addr[41]' of 'bmsWIDEDFFCPE' unit is dangling and will be cleaned.
W: Public-4008: Instance 'u_ips2l_pcie_dma/u_ips2l_pcie_dma_rx_top/u_mwr_wr_ctrl/ips2l_pcie_dma_mwr_wr_ctrl/wr_addr[42]' of 'bmsWIDEDFFCPE' unit is dangling and will be cleaned.
W: Public-4008: Instance 'u_ips2l_pcie_dma/u_ips2l_pcie_dma_rx_top/u_mwr_wr_ctrl/ips2l_pcie_dma_mwr_wr_ctrl/wr_addr[43]' of 'bmsWIDEDFFCPE' unit is dangling and will be cleaned.
W: Public-4008: Instance 'u_ips2l_pcie_dma/u_ips2l_pcie_dma_rx_top/u_mwr_wr_ctrl/ips2l_pcie_dma_mwr_wr_ctrl/wr_addr[44]' of 'bmsWIDEDFFCPE' unit is dangling and will be cleaned.
W: Public-4008: Instance 'u_ips2l_pcie_dma/u_ips2l_pcie_dma_rx_top/u_mwr_wr_ctrl/ips2l_pcie_dma_mwr_wr_ctrl/wr_addr[45]' of 'bmsWIDEDFFCPE' unit is dangling and will be cleaned.
W: Public-4008: Instance 'u_ips2l_pcie_dma/u_ips2l_pcie_dma_rx_top/u_mwr_wr_ctrl/ips2l_pcie_dma_mwr_wr_ctrl/wr_addr[46]' of 'bmsWIDEDFFCPE' unit is dangling and will be cleaned.
W: Public-4008: Instance 'u_ips2l_pcie_dma/u_ips2l_pcie_dma_rx_top/u_mwr_wr_ctrl/ips2l_pcie_dma_mwr_wr_ctrl/wr_addr[47]' of 'bmsWIDEDFFCPE' unit is dangling and will be cleaned.
W: Public-4008: Instance 'u_ips2l_pcie_dma/u_ips2l_pcie_dma_rx_top/u_mwr_wr_ctrl/ips2l_pcie_dma_mwr_wr_ctrl/wr_addr[48]' of 'bmsWIDEDFFCPE' unit is dangling and will be cleaned.
W: Public-4008: Instance 'u_ips2l_pcie_dma/u_ips2l_pcie_dma_rx_top/u_mwr_wr_ctrl/ips2l_pcie_dma_mwr_wr_ctrl/wr_addr[49]' of 'bmsWIDEDFFCPE' unit is dangling and will be cleaned.
W: Public-4008: Instance 'u_ips2l_pcie_dma/u_ips2l_pcie_dma_rx_top/u_mwr_wr_ctrl/ips2l_pcie_dma_mwr_wr_ctrl/wr_addr[50]' of 'bmsWIDEDFFCPE' unit is dangling and will be cleaned.
W: Public-4008: Instance 'u_ips2l_pcie_dma/u_ips2l_pcie_dma_rx_top/u_mwr_wr_ctrl/ips2l_pcie_dma_mwr_wr_ctrl/wr_addr[51]' of 'bmsWIDEDFFCPE' unit is dangling and will be cleaned.
W: Public-4008: Instance 'u_ips2l_pcie_dma/u_ips2l_pcie_dma_rx_top/u_mwr_wr_ctrl/ips2l_pcie_dma_mwr_wr_ctrl/wr_addr[52]' of 'bmsWIDEDFFCPE' unit is dangling and will be cleaned.
W: Public-4008: Instance 'u_ips2l_pcie_dma/u_ips2l_pcie_dma_rx_top/u_mwr_wr_ctrl/ips2l_pcie_dma_mwr_wr_ctrl/wr_addr[53]' of 'bmsWIDEDFFCPE' unit is dangling and will be cleaned.
W: Public-4008: Instance 'u_ips2l_pcie_dma/u_ips2l_pcie_dma_rx_top/u_mwr_wr_ctrl/ips2l_pcie_dma_mwr_wr_ctrl/wr_addr[54]' of 'bmsWIDEDFFCPE' unit is dangling and will be cleaned.
W: Public-4008: Instance 'u_ips2l_pcie_dma/u_ips2l_pcie_dma_rx_top/u_mwr_wr_ctrl/ips2l_pcie_dma_mwr_wr_ctrl/wr_addr[55]' of 'bmsWIDEDFFCPE' unit is dangling and will be cleaned.
W: Public-4008: Instance 'u_ips2l_pcie_dma/u_ips2l_pcie_dma_rx_top/u_mwr_wr_ctrl/ips2l_pcie_dma_mwr_wr_ctrl/wr_addr[56]' of 'bmsWIDEDFFCPE' unit is dangling and will be cleaned.
W: Public-4008: Instance 'u_ips2l_pcie_dma/u_ips2l_pcie_dma_rx_top/u_mwr_wr_ctrl/ips2l_pcie_dma_mwr_wr_ctrl/wr_addr[57]' of 'bmsWIDEDFFCPE' unit is dangling and will be cleaned.
W: Public-4008: Instance 'u_ips2l_pcie_dma/u_ips2l_pcie_dma_rx_top/u_mwr_wr_ctrl/ips2l_pcie_dma_mwr_wr_ctrl/wr_addr[58]' of 'bmsWIDEDFFCPE' unit is dangling and will be cleaned.
W: Public-4008: Instance 'u_ips2l_pcie_dma/u_ips2l_pcie_dma_rx_top/u_mwr_wr_ctrl/ips2l_pcie_dma_mwr_wr_ctrl/wr_addr[59]' of 'bmsWIDEDFFCPE' unit is dangling and will be cleaned.
W: Public-4008: Instance 'u_ips2l_pcie_dma/u_ips2l_pcie_dma_rx_top/u_mwr_wr_ctrl/ips2l_pcie_dma_mwr_wr_ctrl/wr_addr[60]' of 'bmsWIDEDFFCPE' unit is dangling and will be cleaned.
W: Public-4008: Instance 'u_ips2l_pcie_dma/u_ips2l_pcie_dma_rx_top/u_mwr_wr_ctrl/ips2l_pcie_dma_mwr_wr_ctrl/wr_addr[61]' of 'bmsWIDEDFFCPE' unit is dangling and will be cleaned.
W: Public-4008: Instance 'u_ips2l_pcie_dma/u_ips2l_pcie_dma_rx_top/u_mwr_wr_ctrl/ips2l_pcie_dma_mwr_wr_ctrl/wr_addr[62]' of 'bmsWIDEDFFCPE' unit is dangling and will be cleaned.
W: Public-4008: Instance 'u_ips2l_pcie_dma/u_ips2l_pcie_dma_rx_top/u_mwr_wr_ctrl/ips2l_pcie_dma_mwr_wr_ctrl/wr_addr[63]' of 'bmsWIDEDFFCPE' unit is dangling and will be cleaned.
W: Public-4008: Instance 'u_ips2l_pcie_dma/u_ips2l_pcie_dma_rx_top/u_ips2l_pcie_dma_tlp_rcv/axis_master_tuser[0]' of 'bmsWIDEDFFCPE' unit is dangling and will be cleaned.
W: Public-4008: Instance 'u_ips2l_pcie_dma/u_ips2l_pcie_dma_rx_top/u_ips2l_pcie_dma_tlp_rcv/axis_master_tuser[1]' of 'bmsWIDEDFFCPE' unit is dangling and will be cleaned.
W: Public-4008: Instance 'u_ips2l_pcie_dma/u_ips2l_pcie_dma_rx_top/u_ips2l_pcie_dma_tlp_rcv/axis_master_tuser[2]' of 'bmsWIDEDFFCPE' unit is dangling and will be cleaned.
W: Public-4008: Instance 'u_ips2l_pcie_dma/u_ips2l_pcie_dma_rx_top/u_ips2l_pcie_dma_tlp_rcv/axis_master_tuser[6]' of 'bmsWIDEDFFCPE' unit is dangling and will be cleaned.
W: Public-4008: Instance 'u_ips2l_pcie_dma/u_ips2l_pcie_dma_rx_top/u_ips2l_pcie_dma_tlp_rcv/axis_master_tuser[7]' of 'bmsWIDEDFFCPE' unit is dangling and will be cleaned.
W: Public-4008: Instance 'u_ips2l_pcie_dma/u_ips2l_pcie_dma_rx_top/u_ips2l_pcie_dma_tlp_rcv/axis_master_tuser_ff[0]' of 'bmsWIDEDFFCPE' unit is dangling and will be cleaned.
W: Public-4008: Instance 'u_ips2l_pcie_dma/u_ips2l_pcie_dma_rx_top/u_ips2l_pcie_dma_tlp_rcv/axis_master_tuser_ff[1]' of 'bmsWIDEDFFCPE' unit is dangling and will be cleaned.
W: Public-4008: Instance 'u_ips2l_pcie_dma/u_ips2l_pcie_dma_rx_top/u_ips2l_pcie_dma_tlp_rcv/axis_master_tuser_ff[2]' of 'bmsWIDEDFFCPE' unit is dangling and will be cleaned.
W: Public-4008: Instance 'u_ips2l_pcie_dma/u_ips2l_pcie_dma_rx_top/u_ips2l_pcie_dma_tlp_rcv/axis_master_tuser_ff[6]' of 'bmsWIDEDFFCPE' unit is dangling and will be cleaned.
W: Public-4008: Instance 'u_ips2l_pcie_dma/u_ips2l_pcie_dma_rx_top/u_ips2l_pcie_dma_tlp_rcv/axis_master_tuser_ff[7]' of 'bmsWIDEDFFCPE' unit is dangling and will be cleaned.
W: Public-4008: Instance 'u_ips2l_pcie_dma/u_ips2l_pcie_dma_rx_top/u_ips2l_pcie_dma_tlp_rcv/o_mrd_addr[0]' of 'bmsWIDEDFFCPE' unit is dangling and will be cleaned.
W: Public-4008: Instance 'u_ips2l_pcie_dma/u_ips2l_pcie_dma_rx_top/u_ips2l_pcie_dma_tlp_rcv/o_mrd_addr[1]' of 'bmsWIDEDFFCPE' unit is dangling and will be cleaned.
W: Public-4008: Instance 'u_ips2l_pcie_dma/u_ips2l_pcie_dma_rx_top/u_ips2l_pcie_dma_tlp_rcv/o_mrd_addr[16]' of 'bmsWIDEDFFCPE' unit is dangling and will be cleaned.
W: Public-4008: Instance 'u_ips2l_pcie_dma/u_ips2l_pcie_dma_rx_top/u_ips2l_pcie_dma_tlp_rcv/o_mrd_addr[17]' of 'bmsWIDEDFFCPE' unit is dangling and will be cleaned.
W: Public-4008: Instance 'u_ips2l_pcie_dma/u_ips2l_pcie_dma_rx_top/u_ips2l_pcie_dma_tlp_rcv/o_mrd_addr[18]' of 'bmsWIDEDFFCPE' unit is dangling and will be cleaned.
W: Public-4008: Instance 'u_ips2l_pcie_dma/u_ips2l_pcie_dma_rx_top/u_ips2l_pcie_dma_tlp_rcv/o_mrd_addr[19]' of 'bmsWIDEDFFCPE' unit is dangling and will be cleaned.
W: Public-4008: Instance 'u_ips2l_pcie_dma/u_ips2l_pcie_dma_rx_top/u_ips2l_pcie_dma_tlp_rcv/o_mrd_addr[20]' of 'bmsWIDEDFFCPE' unit is dangling and will be cleaned.
W: Public-4008: Instance 'u_ips2l_pcie_dma/u_ips2l_pcie_dma_rx_top/u_ips2l_pcie_dma_tlp_rcv/o_mrd_addr[21]' of 'bmsWIDEDFFCPE' unit is dangling and will be cleaned.
W: Public-4008: Instance 'u_ips2l_pcie_dma/u_ips2l_pcie_dma_rx_top/u_ips2l_pcie_dma_tlp_rcv/o_mrd_addr[22]' of 'bmsWIDEDFFCPE' unit is dangling and will be cleaned.
W: Public-4008: Instance 'u_ips2l_pcie_dma/u_ips2l_pcie_dma_rx_top/u_ips2l_pcie_dma_tlp_rcv/o_mrd_addr[23]' of 'bmsWIDEDFFCPE' unit is dangling and will be cleaned.
W: Public-4008: Instance 'u_ips2l_pcie_dma/u_ips2l_pcie_dma_rx_top/u_ips2l_pcie_dma_tlp_rcv/o_mrd_addr[24]' of 'bmsWIDEDFFCPE' unit is dangling and will be cleaned.
W: Public-4008: Instance 'u_ips2l_pcie_dma/u_ips2l_pcie_dma_rx_top/u_ips2l_pcie_dma_tlp_rcv/o_mrd_addr[25]' of 'bmsWIDEDFFCPE' unit is dangling and will be cleaned.
W: Public-4008: Instance 'u_ips2l_pcie_dma/u_ips2l_pcie_dma_rx_top/u_ips2l_pcie_dma_tlp_rcv/o_mrd_addr[26]' of 'bmsWIDEDFFCPE' unit is dangling and will be cleaned.
W: Public-4008: Instance 'u_ips2l_pcie_dma/u_ips2l_pcie_dma_rx_top/u_ips2l_pcie_dma_tlp_rcv/o_mrd_addr[27]' of 'bmsWIDEDFFCPE' unit is dangling and will be cleaned.
W: Public-4008: Instance 'u_ips2l_pcie_dma/u_ips2l_pcie_dma_rx_top/u_ips2l_pcie_dma_tlp_rcv/o_mrd_addr[28]' of 'bmsWIDEDFFCPE' unit is dangling and will be cleaned.
W: Public-4008: Instance 'u_ips2l_pcie_dma/u_ips2l_pcie_dma_rx_top/u_ips2l_pcie_dma_tlp_rcv/o_mrd_addr[29]' of 'bmsWIDEDFFCPE' unit is dangling and will be cleaned.
W: Public-4008: Instance 'u_ips2l_pcie_dma/u_ips2l_pcie_dma_rx_top/u_ips2l_pcie_dma_tlp_rcv/o_mrd_addr[30]' of 'bmsWIDEDFFCPE' unit is dangling and will be cleaned.
W: Public-4008: Instance 'u_ips2l_pcie_dma/u_ips2l_pcie_dma_rx_top/u_ips2l_pcie_dma_tlp_rcv/o_mrd_addr[31]' of 'bmsWIDEDFFCPE' unit is dangling and will be cleaned.
W: Public-4008: Instance 'u_ips2l_pcie_dma/u_ips2l_pcie_dma_rx_top/u_ips2l_pcie_dma_tlp_rcv/o_mrd_addr[32]' of 'bmsWIDEDFFCPE' unit is dangling and will be cleaned.
W: Public-4008: Instance 'u_ips2l_pcie_dma/u_ips2l_pcie_dma_rx_top/u_ips2l_pcie_dma_tlp_rcv/o_mrd_addr[33]' of 'bmsWIDEDFFCPE' unit is dangling and will be cleaned.
W: Public-4008: Instance 'u_ips2l_pcie_dma/u_ips2l_pcie_dma_rx_top/u_ips2l_pcie_dma_tlp_rcv/o_mrd_addr[34]' of 'bmsWIDEDFFCPE' unit is dangling and will be cleaned.
W: Public-4008: Instance 'u_ips2l_pcie_dma/u_ips2l_pcie_dma_rx_top/u_ips2l_pcie_dma_tlp_rcv/o_mrd_addr[35]' of 'bmsWIDEDFFCPE' unit is dangling and will be cleaned.
W: Public-4008: Instance 'u_ips2l_pcie_dma/u_ips2l_pcie_dma_rx_top/u_ips2l_pcie_dma_tlp_rcv/o_mrd_addr[36]' of 'bmsWIDEDFFCPE' unit is dangling and will be cleaned.
W: Public-4008: Instance 'u_ips2l_pcie_dma/u_ips2l_pcie_dma_rx_top/u_ips2l_pcie_dma_tlp_rcv/o_mrd_addr[37]' of 'bmsWIDEDFFCPE' unit is dangling and will be cleaned.
W: Public-4008: Instance 'u_ips2l_pcie_dma/u_ips2l_pcie_dma_rx_top/u_ips2l_pcie_dma_tlp_rcv/o_mrd_addr[38]' of 'bmsWIDEDFFCPE' unit is dangling and will be cleaned.
W: Public-4008: Instance 'u_ips2l_pcie_dma/u_ips2l_pcie_dma_rx_top/u_ips2l_pcie_dma_tlp_rcv/o_mrd_addr[39]' of 'bmsWIDEDFFCPE' unit is dangling and will be cleaned.
W: Public-4008: Instance 'u_ips2l_pcie_dma/u_ips2l_pcie_dma_rx_top/u_ips2l_pcie_dma_tlp_rcv/o_mrd_addr[40]' of 'bmsWIDEDFFCPE' unit is dangling and will be cleaned.
W: Public-4008: Instance 'u_ips2l_pcie_dma/u_ips2l_pcie_dma_rx_top/u_ips2l_pcie_dma_tlp_rcv/o_mrd_addr[41]' of 'bmsWIDEDFFCPE' unit is dangling and will be cleaned.
W: Public-4008: Instance 'u_ips2l_pcie_dma/u_ips2l_pcie_dma_rx_top/u_ips2l_pcie_dma_tlp_rcv/o_mrd_addr[42]' of 'bmsWIDEDFFCPE' unit is dangling and will be cleaned.
W: Public-4008: Instance 'u_ips2l_pcie_dma/u_ips2l_pcie_dma_rx_top/u_ips2l_pcie_dma_tlp_rcv/o_mrd_addr[43]' of 'bmsWIDEDFFCPE' unit is dangling and will be cleaned.
W: Public-4008: Instance 'u_ips2l_pcie_dma/u_ips2l_pcie_dma_rx_top/u_ips2l_pcie_dma_tlp_rcv/o_mrd_addr[44]' of 'bmsWIDEDFFCPE' unit is dangling and will be cleaned.
W: Public-4008: Instance 'u_ips2l_pcie_dma/u_ips2l_pcie_dma_rx_top/u_ips2l_pcie_dma_tlp_rcv/o_mrd_addr[45]' of 'bmsWIDEDFFCPE' unit is dangling and will be cleaned.
W: Public-4008: Instance 'u_ips2l_pcie_dma/u_ips2l_pcie_dma_rx_top/u_ips2l_pcie_dma_tlp_rcv/o_mrd_addr[46]' of 'bmsWIDEDFFCPE' unit is dangling and will be cleaned.
W: Public-4008: Instance 'u_ips2l_pcie_dma/u_ips2l_pcie_dma_rx_top/u_ips2l_pcie_dma_tlp_rcv/o_mrd_addr[47]' of 'bmsWIDEDFFCPE' unit is dangling and will be cleaned.
W: Public-4008: Instance 'u_ips2l_pcie_dma/u_ips2l_pcie_dma_rx_top/u_ips2l_pcie_dma_tlp_rcv/o_mrd_addr[48]' of 'bmsWIDEDFFCPE' unit is dangling and will be cleaned.
W: Public-4008: Instance 'u_ips2l_pcie_dma/u_ips2l_pcie_dma_rx_top/u_ips2l_pcie_dma_tlp_rcv/o_mrd_addr[49]' of 'bmsWIDEDFFCPE' unit is dangling and will be cleaned.
W: Public-4008: Instance 'u_ips2l_pcie_dma/u_ips2l_pcie_dma_rx_top/u_ips2l_pcie_dma_tlp_rcv/o_mrd_addr[50]' of 'bmsWIDEDFFCPE' unit is dangling and will be cleaned.
W: Public-4008: Instance 'u_ips2l_pcie_dma/u_ips2l_pcie_dma_rx_top/u_ips2l_pcie_dma_tlp_rcv/o_mrd_addr[51]' of 'bmsWIDEDFFCPE' unit is dangling and will be cleaned.
W: Public-4008: Instance 'u_ips2l_pcie_dma/u_ips2l_pcie_dma_rx_top/u_ips2l_pcie_dma_tlp_rcv/o_mrd_addr[52]' of 'bmsWIDEDFFCPE' unit is dangling and will be cleaned.
W: Public-4008: Instance 'u_ips2l_pcie_dma/u_ips2l_pcie_dma_rx_top/u_ips2l_pcie_dma_tlp_rcv/o_mrd_addr[53]' of 'bmsWIDEDFFCPE' unit is dangling and will be cleaned.
W: Public-4008: Instance 'u_ips2l_pcie_dma/u_ips2l_pcie_dma_rx_top/u_ips2l_pcie_dma_tlp_rcv/o_mrd_addr[54]' of 'bmsWIDEDFFCPE' unit is dangling and will be cleaned.
W: Public-4008: Instance 'u_ips2l_pcie_dma/u_ips2l_pcie_dma_rx_top/u_ips2l_pcie_dma_tlp_rcv/o_mrd_addr[55]' of 'bmsWIDEDFFCPE' unit is dangling and will be cleaned.
W: Public-4008: Instance 'u_ips2l_pcie_dma/u_ips2l_pcie_dma_rx_top/u_ips2l_pcie_dma_tlp_rcv/o_mrd_addr[56]' of 'bmsWIDEDFFCPE' unit is dangling and will be cleaned.
W: Public-4008: Instance 'u_ips2l_pcie_dma/u_ips2l_pcie_dma_rx_top/u_ips2l_pcie_dma_tlp_rcv/o_mrd_addr[57]' of 'bmsWIDEDFFCPE' unit is dangling and will be cleaned.
W: Public-4008: Instance 'u_ips2l_pcie_dma/u_ips2l_pcie_dma_rx_top/u_ips2l_pcie_dma_tlp_rcv/o_mrd_addr[58]' of 'bmsWIDEDFFCPE' unit is dangling and will be cleaned.
W: Public-4008: Instance 'u_ips2l_pcie_dma/u_ips2l_pcie_dma_rx_top/u_ips2l_pcie_dma_tlp_rcv/o_mrd_addr[59]' of 'bmsWIDEDFFCPE' unit is dangling and will be cleaned.
W: Public-4008: Instance 'u_ips2l_pcie_dma/u_ips2l_pcie_dma_rx_top/u_ips2l_pcie_dma_tlp_rcv/o_mrd_addr[60]' of 'bmsWIDEDFFCPE' unit is dangling and will be cleaned.
W: Public-4008: Instance 'u_ips2l_pcie_dma/u_ips2l_pcie_dma_rx_top/u_ips2l_pcie_dma_tlp_rcv/o_mrd_addr[61]' of 'bmsWIDEDFFCPE' unit is dangling and will be cleaned.
W: Public-4008: Instance 'u_ips2l_pcie_dma/u_ips2l_pcie_dma_rx_top/u_ips2l_pcie_dma_tlp_rcv/o_mrd_addr[62]' of 'bmsWIDEDFFCPE' unit is dangling and will be cleaned.
W: Public-4008: Instance 'u_ips2l_pcie_dma/u_ips2l_pcie_dma_rx_top/u_ips2l_pcie_dma_tlp_rcv/o_mrd_addr[63]' of 'bmsWIDEDFFCPE' unit is dangling and will be cleaned.
W: Public-4008: Instance 'u_ips2l_pcie_dma/u_ips2l_pcie_dma_rx_top/u_ips2l_pcie_dma_tlp_rcv/o_mwr_addr[0]' of 'bmsWIDEDFFCPE' unit is dangling and will be cleaned.
W: Public-4008: Instance 'u_ips2l_pcie_dma/u_ips2l_pcie_dma_rx_top/u_ips2l_pcie_dma_tlp_rcv/o_mwr_addr[1]' of 'bmsWIDEDFFCPE' unit is dangling and will be cleaned.
W: Public-4008: Instance 'u_ips2l_pcie_dma/u_ips2l_pcie_dma_rx_top/u_ips2l_pcie_dma_tlp_rcv/o_mwr_addr[16]' of 'bmsWIDEDFFCPE' unit is dangling and will be cleaned.
W: Public-4008: Instance 'u_ips2l_pcie_dma/u_ips2l_pcie_dma_rx_top/u_ips2l_pcie_dma_tlp_rcv/o_mwr_addr[17]' of 'bmsWIDEDFFCPE' unit is dangling and will be cleaned.
W: Public-4008: Instance 'u_ips2l_pcie_dma/u_ips2l_pcie_dma_rx_top/u_ips2l_pcie_dma_tlp_rcv/o_mwr_addr[18]' of 'bmsWIDEDFFCPE' unit is dangling and will be cleaned.
W: Public-4008: Instance 'u_ips2l_pcie_dma/u_ips2l_pcie_dma_rx_top/u_ips2l_pcie_dma_tlp_rcv/o_mwr_addr[19]' of 'bmsWIDEDFFCPE' unit is dangling and will be cleaned.
W: Public-4008: Instance 'u_ips2l_pcie_dma/u_ips2l_pcie_dma_rx_top/u_ips2l_pcie_dma_tlp_rcv/o_mwr_addr[20]' of 'bmsWIDEDFFCPE' unit is dangling and will be cleaned.
W: Public-4008: Instance 'u_ips2l_pcie_dma/u_ips2l_pcie_dma_rx_top/u_ips2l_pcie_dma_tlp_rcv/o_mwr_addr[21]' of 'bmsWIDEDFFCPE' unit is dangling and will be cleaned.
W: Public-4008: Instance 'u_ips2l_pcie_dma/u_ips2l_pcie_dma_rx_top/u_ips2l_pcie_dma_tlp_rcv/o_mwr_addr[22]' of 'bmsWIDEDFFCPE' unit is dangling and will be cleaned.
W: Public-4008: Instance 'u_ips2l_pcie_dma/u_ips2l_pcie_dma_rx_top/u_ips2l_pcie_dma_tlp_rcv/o_mwr_addr[23]' of 'bmsWIDEDFFCPE' unit is dangling and will be cleaned.
W: Public-4008: Instance 'u_ips2l_pcie_dma/u_ips2l_pcie_dma_rx_top/u_ips2l_pcie_dma_tlp_rcv/o_mwr_addr[24]' of 'bmsWIDEDFFCPE' unit is dangling and will be cleaned.
W: Public-4008: Instance 'u_ips2l_pcie_dma/u_ips2l_pcie_dma_rx_top/u_ips2l_pcie_dma_tlp_rcv/o_mwr_addr[25]' of 'bmsWIDEDFFCPE' unit is dangling and will be cleaned.
W: Public-4008: Instance 'u_ips2l_pcie_dma/u_ips2l_pcie_dma_rx_top/u_ips2l_pcie_dma_tlp_rcv/o_mwr_addr[26]' of 'bmsWIDEDFFCPE' unit is dangling and will be cleaned.
W: Public-4008: Instance 'u_ips2l_pcie_dma/u_ips2l_pcie_dma_rx_top/u_ips2l_pcie_dma_tlp_rcv/o_mwr_addr[27]' of 'bmsWIDEDFFCPE' unit is dangling and will be cleaned.
W: Public-4008: Instance 'u_ips2l_pcie_dma/u_ips2l_pcie_dma_rx_top/u_ips2l_pcie_dma_tlp_rcv/o_mwr_addr[28]' of 'bmsWIDEDFFCPE' unit is dangling and will be cleaned.
W: Public-4008: Instance 'u_ips2l_pcie_dma/u_ips2l_pcie_dma_rx_top/u_ips2l_pcie_dma_tlp_rcv/o_mwr_addr[29]' of 'bmsWIDEDFFCPE' unit is dangling and will be cleaned.
W: Public-4008: Instance 'u_ips2l_pcie_dma/u_ips2l_pcie_dma_rx_top/u_ips2l_pcie_dma_tlp_rcv/o_mwr_addr[30]' of 'bmsWIDEDFFCPE' unit is dangling and will be cleaned.
W: Public-4008: Instance 'u_ips2l_pcie_dma/u_ips2l_pcie_dma_rx_top/u_ips2l_pcie_dma_tlp_rcv/o_mwr_addr[31]' of 'bmsWIDEDFFCPE' unit is dangling and will be cleaned.
W: Public-4008: Instance 'u_ips2l_pcie_dma/u_ips2l_pcie_dma_rx_top/u_ips2l_pcie_dma_tlp_rcv/o_mwr_addr[32]' of 'bmsWIDEDFFCPE' unit is dangling and will be cleaned.
W: Public-4008: Instance 'u_ips2l_pcie_dma/u_ips2l_pcie_dma_rx_top/u_ips2l_pcie_dma_tlp_rcv/o_mwr_addr[33]' of 'bmsWIDEDFFCPE' unit is dangling and will be cleaned.
W: Public-4008: Instance 'u_ips2l_pcie_dma/u_ips2l_pcie_dma_rx_top/u_ips2l_pcie_dma_tlp_rcv/o_mwr_addr[34]' of 'bmsWIDEDFFCPE' unit is dangling and will be cleaned.
W: Public-4008: Instance 'u_ips2l_pcie_dma/u_ips2l_pcie_dma_rx_top/u_ips2l_pcie_dma_tlp_rcv/o_mwr_addr[35]' of 'bmsWIDEDFFCPE' unit is dangling and will be cleaned.
W: Public-4008: Instance 'u_ips2l_pcie_dma/u_ips2l_pcie_dma_rx_top/u_ips2l_pcie_dma_tlp_rcv/o_mwr_addr[36]' of 'bmsWIDEDFFCPE' unit is dangling and will be cleaned.
W: Public-4008: Instance 'u_ips2l_pcie_dma/u_ips2l_pcie_dma_rx_top/u_ips2l_pcie_dma_tlp_rcv/o_mwr_addr[37]' of 'bmsWIDEDFFCPE' unit is dangling and will be cleaned.
W: Public-4008: Instance 'u_ips2l_pcie_dma/u_ips2l_pcie_dma_rx_top/u_ips2l_pcie_dma_tlp_rcv/o_mwr_addr[38]' of 'bmsWIDEDFFCPE' unit is dangling and will be cleaned.
W: Public-4008: Instance 'u_ips2l_pcie_dma/u_ips2l_pcie_dma_rx_top/u_ips2l_pcie_dma_tlp_rcv/o_mwr_addr[39]' of 'bmsWIDEDFFCPE' unit is dangling and will be cleaned.
W: Public-4008: Instance 'u_ips2l_pcie_dma/u_ips2l_pcie_dma_rx_top/u_ips2l_pcie_dma_tlp_rcv/o_mwr_addr[40]' of 'bmsWIDEDFFCPE' unit is dangling and will be cleaned.
W: Public-4008: Instance 'u_ips2l_pcie_dma/u_ips2l_pcie_dma_rx_top/u_ips2l_pcie_dma_tlp_rcv/o_mwr_addr[41]' of 'bmsWIDEDFFCPE' unit is dangling and will be cleaned.
W: Public-4008: Instance 'u_ips2l_pcie_dma/u_ips2l_pcie_dma_rx_top/u_ips2l_pcie_dma_tlp_rcv/o_mwr_addr[42]' of 'bmsWIDEDFFCPE' unit is dangling and will be cleaned.
W: Public-4008: Instance 'u_ips2l_pcie_dma/u_ips2l_pcie_dma_rx_top/u_ips2l_pcie_dma_tlp_rcv/o_mwr_addr[43]' of 'bmsWIDEDFFCPE' unit is dangling and will be cleaned.
W: Public-4008: Instance 'u_ips2l_pcie_dma/u_ips2l_pcie_dma_rx_top/u_ips2l_pcie_dma_tlp_rcv/o_mwr_addr[44]' of 'bmsWIDEDFFCPE' unit is dangling and will be cleaned.
W: Public-4008: Instance 'u_ips2l_pcie_dma/u_ips2l_pcie_dma_rx_top/u_ips2l_pcie_dma_tlp_rcv/o_mwr_addr[45]' of 'bmsWIDEDFFCPE' unit is dangling and will be cleaned.
W: Public-4008: Instance 'u_ips2l_pcie_dma/u_ips2l_pcie_dma_rx_top/u_ips2l_pcie_dma_tlp_rcv/o_mwr_addr[46]' of 'bmsWIDEDFFCPE' unit is dangling and will be cleaned.
W: Public-4008: Instance 'u_ips2l_pcie_dma/u_ips2l_pcie_dma_rx_top/u_ips2l_pcie_dma_tlp_rcv/o_mwr_addr[47]' of 'bmsWIDEDFFCPE' unit is dangling and will be cleaned.
W: Public-4008: Instance 'u_ips2l_pcie_dma/u_ips2l_pcie_dma_rx_top/u_ips2l_pcie_dma_tlp_rcv/o_mwr_addr[48]' of 'bmsWIDEDFFCPE' unit is dangling and will be cleaned.
W: Public-4008: Instance 'u_ips2l_pcie_dma/u_ips2l_pcie_dma_rx_top/u_ips2l_pcie_dma_tlp_rcv/o_mwr_addr[49]' of 'bmsWIDEDFFCPE' unit is dangling and will be cleaned.
W: Public-4008: Instance 'u_ips2l_pcie_dma/u_ips2l_pcie_dma_rx_top/u_ips2l_pcie_dma_tlp_rcv/o_mwr_addr[50]' of 'bmsWIDEDFFCPE' unit is dangling and will be cleaned.
W: Public-4008: Instance 'u_ips2l_pcie_dma/u_ips2l_pcie_dma_rx_top/u_ips2l_pcie_dma_tlp_rcv/o_mwr_addr[51]' of 'bmsWIDEDFFCPE' unit is dangling and will be cleaned.
W: Public-4008: Instance 'u_ips2l_pcie_dma/u_ips2l_pcie_dma_rx_top/u_ips2l_pcie_dma_tlp_rcv/o_mwr_addr[52]' of 'bmsWIDEDFFCPE' unit is dangling and will be cleaned.
W: Public-4008: Instance 'u_ips2l_pcie_dma/u_ips2l_pcie_dma_rx_top/u_ips2l_pcie_dma_tlp_rcv/o_mwr_addr[53]' of 'bmsWIDEDFFCPE' unit is dangling and will be cleaned.
W: Public-4008: Instance 'u_ips2l_pcie_dma/u_ips2l_pcie_dma_rx_top/u_ips2l_pcie_dma_tlp_rcv/o_mwr_addr[54]' of 'bmsWIDEDFFCPE' unit is dangling and will be cleaned.
W: Public-4008: Instance 'u_ips2l_pcie_dma/u_ips2l_pcie_dma_rx_top/u_ips2l_pcie_dma_tlp_rcv/o_mwr_addr[55]' of 'bmsWIDEDFFCPE' unit is dangling and will be cleaned.
W: Public-4008: Instance 'u_ips2l_pcie_dma/u_ips2l_pcie_dma_rx_top/u_ips2l_pcie_dma_tlp_rcv/o_mwr_addr[56]' of 'bmsWIDEDFFCPE' unit is dangling and will be cleaned.
W: Public-4008: Instance 'u_ips2l_pcie_dma/u_ips2l_pcie_dma_rx_top/u_ips2l_pcie_dma_tlp_rcv/o_mwr_addr[57]' of 'bmsWIDEDFFCPE' unit is dangling and will be cleaned.
W: Public-4008: Instance 'u_ips2l_pcie_dma/u_ips2l_pcie_dma_rx_top/u_ips2l_pcie_dma_tlp_rcv/o_mwr_addr[58]' of 'bmsWIDEDFFCPE' unit is dangling and will be cleaned.
W: Public-4008: Instance 'u_ips2l_pcie_dma/u_ips2l_pcie_dma_rx_top/u_ips2l_pcie_dma_tlp_rcv/o_mwr_addr[59]' of 'bmsWIDEDFFCPE' unit is dangling and will be cleaned.
W: Public-4008: Instance 'u_ips2l_pcie_dma/u_ips2l_pcie_dma_rx_top/u_ips2l_pcie_dma_tlp_rcv/o_mwr_addr[60]' of 'bmsWIDEDFFCPE' unit is dangling and will be cleaned.
W: Public-4008: Instance 'u_ips2l_pcie_dma/u_ips2l_pcie_dma_rx_top/u_ips2l_pcie_dma_tlp_rcv/o_mwr_addr[61]' of 'bmsWIDEDFFCPE' unit is dangling and will be cleaned.
W: Public-4008: Instance 'u_ips2l_pcie_dma/u_ips2l_pcie_dma_rx_top/u_ips2l_pcie_dma_tlp_rcv/o_mwr_addr[62]' of 'bmsWIDEDFFCPE' unit is dangling and will be cleaned.
W: Public-4008: Instance 'u_ips2l_pcie_dma/u_ips2l_pcie_dma_rx_top/u_ips2l_pcie_dma_tlp_rcv/o_mwr_addr[63]' of 'bmsWIDEDFFCPE' unit is dangling and will be cleaned.
W: Public-4008: Instance 'u_ips2l_pcie_dma/u_ips2l_pcie_dma_rx_top/u_mwr_wr_ctrl/ips2l_pcie_dma_mwr_wr_ctrl/byte_en_ff[0]' of 'bmsWIDEDFFCPE' unit is dangling and will be cleaned.
W: Public-4008: Instance 'u_ips2l_pcie_dma/u_ips2l_pcie_dma_rx_top/u_mwr_wr_ctrl/ips2l_pcie_dma_mwr_wr_ctrl/byte_en_ff[1]' of 'bmsWIDEDFFCPE' unit is dangling and will be cleaned.
W: Public-4008: Instance 'u_ips2l_pcie_dma/u_ips2l_pcie_dma_rx_top/u_mwr_wr_ctrl/ips2l_pcie_dma_mwr_wr_ctrl/byte_en_ff[2]' of 'bmsWIDEDFFCPE' unit is dangling and will be cleaned.
W: Public-4008: Instance 'u_ips2l_pcie_dma/u_ips2l_pcie_dma_rx_top/u_mwr_wr_ctrl/ips2l_pcie_dma_mwr_wr_ctrl/byte_en_ff[3]' of 'bmsWIDEDFFCPE' unit is dangling and will be cleaned.
W: Public-4008: Instance 'u_ips2l_pcie_dma/u_ips2l_pcie_dma_rx_top/u_mwr_wr_ctrl/ips2l_pcie_dma_mwr_wr_ctrl/data_ff2[0]' of 'bmsWIDEDFFCPE' unit is dangling and will be cleaned.
W: Public-4008: Instance 'u_ips2l_pcie_dma/u_ips2l_pcie_dma_rx_top/u_mwr_wr_ctrl/ips2l_pcie_dma_mwr_wr_ctrl/data_ff2[1]' of 'bmsWIDEDFFCPE' unit is dangling and will be cleaned.
W: Public-4008: Instance 'u_ips2l_pcie_dma/u_ips2l_pcie_dma_rx_top/u_mwr_wr_ctrl/ips2l_pcie_dma_mwr_wr_ctrl/data_ff2[2]' of 'bmsWIDEDFFCPE' unit is dangling and will be cleaned.
W: Public-4008: Instance 'u_ips2l_pcie_dma/u_ips2l_pcie_dma_rx_top/u_mwr_wr_ctrl/ips2l_pcie_dma_mwr_wr_ctrl/data_ff2[3]' of 'bmsWIDEDFFCPE' unit is dangling and will be cleaned.
W: Public-4008: Instance 'u_ips2l_pcie_dma/u_ips2l_pcie_dma_rx_top/u_mwr_wr_ctrl/ips2l_pcie_dma_mwr_wr_ctrl/data_ff2[4]' of 'bmsWIDEDFFCPE' unit is dangling and will be cleaned.
W: Public-4008: Instance 'u_ips2l_pcie_dma/u_ips2l_pcie_dma_rx_top/u_mwr_wr_ctrl/ips2l_pcie_dma_mwr_wr_ctrl/data_ff2[5]' of 'bmsWIDEDFFCPE' unit is dangling and will be cleaned.
W: Public-4008: Instance 'u_ips2l_pcie_dma/u_ips2l_pcie_dma_rx_top/u_mwr_wr_ctrl/ips2l_pcie_dma_mwr_wr_ctrl/data_ff2[6]' of 'bmsWIDEDFFCPE' unit is dangling and will be cleaned.
W: Public-4008: Instance 'u_ips2l_pcie_dma/u_ips2l_pcie_dma_rx_top/u_mwr_wr_ctrl/ips2l_pcie_dma_mwr_wr_ctrl/data_ff2[7]' of 'bmsWIDEDFFCPE' unit is dangling and will be cleaned.
W: Public-4008: Instance 'u_ips2l_pcie_dma/u_ips2l_pcie_dma_rx_top/u_mwr_wr_ctrl/ips2l_pcie_dma_mwr_wr_ctrl/data_ff2[8]' of 'bmsWIDEDFFCPE' unit is dangling and will be cleaned.
W: Public-4008: Instance 'u_ips2l_pcie_dma/u_ips2l_pcie_dma_rx_top/u_mwr_wr_ctrl/ips2l_pcie_dma_mwr_wr_ctrl/data_ff2[9]' of 'bmsWIDEDFFCPE' unit is dangling and will be cleaned.
W: Public-4008: Instance 'u_ips2l_pcie_dma/u_ips2l_pcie_dma_rx_top/u_mwr_wr_ctrl/ips2l_pcie_dma_mwr_wr_ctrl/data_ff2[10]' of 'bmsWIDEDFFCPE' unit is dangling and will be cleaned.
W: Public-4008: Instance 'u_ips2l_pcie_dma/u_ips2l_pcie_dma_rx_top/u_mwr_wr_ctrl/ips2l_pcie_dma_mwr_wr_ctrl/data_ff2[11]' of 'bmsWIDEDFFCPE' unit is dangling and will be cleaned.
W: Public-4008: Instance 'u_ips2l_pcie_dma/u_ips2l_pcie_dma_rx_top/u_mwr_wr_ctrl/ips2l_pcie_dma_mwr_wr_ctrl/data_ff2[12]' of 'bmsWIDEDFFCPE' unit is dangling and will be cleaned.
W: Public-4008: Instance 'u_ips2l_pcie_dma/u_ips2l_pcie_dma_rx_top/u_mwr_wr_ctrl/ips2l_pcie_dma_mwr_wr_ctrl/data_ff2[13]' of 'bmsWIDEDFFCPE' unit is dangling and will be cleaned.
W: Public-4008: Instance 'u_ips2l_pcie_dma/u_ips2l_pcie_dma_rx_top/u_mwr_wr_ctrl/ips2l_pcie_dma_mwr_wr_ctrl/data_ff2[14]' of 'bmsWIDEDFFCPE' unit is dangling and will be cleaned.
W: Public-4008: Instance 'u_ips2l_pcie_dma/u_ips2l_pcie_dma_rx_top/u_mwr_wr_ctrl/ips2l_pcie_dma_mwr_wr_ctrl/data_ff2[15]' of 'bmsWIDEDFFCPE' unit is dangling and will be cleaned.
W: Public-4008: Instance 'u_ips2l_pcie_dma/u_ips2l_pcie_dma_rx_top/u_mwr_wr_ctrl/ips2l_pcie_dma_mwr_wr_ctrl/data_ff2[16]' of 'bmsWIDEDFFCPE' unit is dangling and will be cleaned.
W: Public-4008: Instance 'u_ips2l_pcie_dma/u_ips2l_pcie_dma_rx_top/u_mwr_wr_ctrl/ips2l_pcie_dma_mwr_wr_ctrl/data_ff2[17]' of 'bmsWIDEDFFCPE' unit is dangling and will be cleaned.
W: Public-4008: Instance 'u_ips2l_pcie_dma/u_ips2l_pcie_dma_rx_top/u_mwr_wr_ctrl/ips2l_pcie_dma_mwr_wr_ctrl/data_ff2[18]' of 'bmsWIDEDFFCPE' unit is dangling and will be cleaned.
W: Public-4008: Instance 'u_ips2l_pcie_dma/u_ips2l_pcie_dma_rx_top/u_mwr_wr_ctrl/ips2l_pcie_dma_mwr_wr_ctrl/data_ff2[19]' of 'bmsWIDEDFFCPE' unit is dangling and will be cleaned.
W: Public-4008: Instance 'u_ips2l_pcie_dma/u_ips2l_pcie_dma_rx_top/u_mwr_wr_ctrl/ips2l_pcie_dma_mwr_wr_ctrl/data_ff2[20]' of 'bmsWIDEDFFCPE' unit is dangling and will be cleaned.
W: Public-4008: Instance 'u_ips2l_pcie_dma/u_ips2l_pcie_dma_rx_top/u_mwr_wr_ctrl/ips2l_pcie_dma_mwr_wr_ctrl/data_ff2[21]' of 'bmsWIDEDFFCPE' unit is dangling and will be cleaned.
W: Public-4008: Instance 'u_ips2l_pcie_dma/u_ips2l_pcie_dma_rx_top/u_mwr_wr_ctrl/ips2l_pcie_dma_mwr_wr_ctrl/data_ff2[22]' of 'bmsWIDEDFFCPE' unit is dangling and will be cleaned.
W: Public-4008: Instance 'u_ips2l_pcie_dma/u_ips2l_pcie_dma_rx_top/u_mwr_wr_ctrl/ips2l_pcie_dma_mwr_wr_ctrl/data_ff2[23]' of 'bmsWIDEDFFCPE' unit is dangling and will be cleaned.
W: Public-4008: Instance 'u_ips2l_pcie_dma/u_ips2l_pcie_dma_rx_top/u_mwr_wr_ctrl/ips2l_pcie_dma_mwr_wr_ctrl/data_ff2[24]' of 'bmsWIDEDFFCPE' unit is dangling and will be cleaned.
W: Public-4008: Instance 'u_ips2l_pcie_dma/u_ips2l_pcie_dma_rx_top/u_mwr_wr_ctrl/ips2l_pcie_dma_mwr_wr_ctrl/data_ff2[25]' of 'bmsWIDEDFFCPE' unit is dangling and will be cleaned.
W: Public-4008: Instance 'u_ips2l_pcie_dma/u_ips2l_pcie_dma_rx_top/u_mwr_wr_ctrl/ips2l_pcie_dma_mwr_wr_ctrl/data_ff2[26]' of 'bmsWIDEDFFCPE' unit is dangling and will be cleaned.
W: Public-4008: Instance 'u_ips2l_pcie_dma/u_ips2l_pcie_dma_rx_top/u_mwr_wr_ctrl/ips2l_pcie_dma_mwr_wr_ctrl/data_ff2[27]' of 'bmsWIDEDFFCPE' unit is dangling and will be cleaned.
W: Public-4008: Instance 'u_ips2l_pcie_dma/u_ips2l_pcie_dma_rx_top/u_mwr_wr_ctrl/ips2l_pcie_dma_mwr_wr_ctrl/data_ff2[28]' of 'bmsWIDEDFFCPE' unit is dangling and will be cleaned.
W: Public-4008: Instance 'u_ips2l_pcie_dma/u_ips2l_pcie_dma_rx_top/u_mwr_wr_ctrl/ips2l_pcie_dma_mwr_wr_ctrl/data_ff2[29]' of 'bmsWIDEDFFCPE' unit is dangling and will be cleaned.
W: Public-4008: Instance 'u_ips2l_pcie_dma/u_ips2l_pcie_dma_rx_top/u_mwr_wr_ctrl/ips2l_pcie_dma_mwr_wr_ctrl/data_ff2[30]' of 'bmsWIDEDFFCPE' unit is dangling and will be cleaned.
W: Public-4008: Instance 'u_ips2l_pcie_dma/u_ips2l_pcie_dma_rx_top/u_mwr_wr_ctrl/ips2l_pcie_dma_mwr_wr_ctrl/data_ff2[31]' of 'bmsWIDEDFFCPE' unit is dangling and will be cleaned.
W: Public-4008: Instance 'u_ips2l_pcie_dma/u_ips2l_pcie_dma_tx_top/u_ips2l_pcie_dma_cpld_tx_ctrl/cpld_addr[0]' of 'bmsWIDEDFFCPE' unit is dangling and will be cleaned.
W: Public-4008: Instance 'u_ips2l_pcie_dma/u_ips2l_pcie_dma_tx_top/u_ips2l_pcie_dma_cpld_tx_ctrl/cpld_addr[1]' of 'bmsWIDEDFFCPE' unit is dangling and will be cleaned.
W: Public-4008: Instance 'u_ips2l_pcie_dma/u_ips2l_pcie_dma_tx_top/u_ips2l_pcie_dma_cpld_tx_ctrl/cpld_addr[16]' of 'bmsWIDEDFFCPE' unit is dangling and will be cleaned.
W: Public-4008: Instance 'u_ips2l_pcie_dma/u_ips2l_pcie_dma_tx_top/u_ips2l_pcie_dma_cpld_tx_ctrl/cpld_addr[17]' of 'bmsWIDEDFFCPE' unit is dangling and will be cleaned.
W: Public-4008: Instance 'u_ips2l_pcie_dma/u_ips2l_pcie_dma_tx_top/u_ips2l_pcie_dma_cpld_tx_ctrl/cpld_addr[18]' of 'bmsWIDEDFFCPE' unit is dangling and will be cleaned.
W: Public-4008: Instance 'u_ips2l_pcie_dma/u_ips2l_pcie_dma_tx_top/u_ips2l_pcie_dma_cpld_tx_ctrl/cpld_addr[19]' of 'bmsWIDEDFFCPE' unit is dangling and will be cleaned.
W: Public-4008: Instance 'u_ips2l_pcie_dma/u_ips2l_pcie_dma_tx_top/u_ips2l_pcie_dma_cpld_tx_ctrl/cpld_addr[20]' of 'bmsWIDEDFFCPE' unit is dangling and will be cleaned.
W: Public-4008: Instance 'u_ips2l_pcie_dma/u_ips2l_pcie_dma_tx_top/u_ips2l_pcie_dma_cpld_tx_ctrl/cpld_addr[21]' of 'bmsWIDEDFFCPE' unit is dangling and will be cleaned.
W: Public-4008: Instance 'u_ips2l_pcie_dma/u_ips2l_pcie_dma_tx_top/u_ips2l_pcie_dma_cpld_tx_ctrl/cpld_addr[22]' of 'bmsWIDEDFFCPE' unit is dangling and will be cleaned.
W: Public-4008: Instance 'u_ips2l_pcie_dma/u_ips2l_pcie_dma_tx_top/u_ips2l_pcie_dma_cpld_tx_ctrl/cpld_addr[23]' of 'bmsWIDEDFFCPE' unit is dangling and will be cleaned.
W: Public-4008: Instance 'u_ips2l_pcie_dma/u_ips2l_pcie_dma_tx_top/u_ips2l_pcie_dma_cpld_tx_ctrl/cpld_addr[24]' of 'bmsWIDEDFFCPE' unit is dangling and will be cleaned.
W: Public-4008: Instance 'u_ips2l_pcie_dma/u_ips2l_pcie_dma_tx_top/u_ips2l_pcie_dma_cpld_tx_ctrl/cpld_addr[25]' of 'bmsWIDEDFFCPE' unit is dangling and will be cleaned.
W: Public-4008: Instance 'u_ips2l_pcie_dma/u_ips2l_pcie_dma_tx_top/u_ips2l_pcie_dma_cpld_tx_ctrl/cpld_addr[26]' of 'bmsWIDEDFFCPE' unit is dangling and will be cleaned.
W: Public-4008: Instance 'u_ips2l_pcie_dma/u_ips2l_pcie_dma_tx_top/u_ips2l_pcie_dma_cpld_tx_ctrl/cpld_addr[27]' of 'bmsWIDEDFFCPE' unit is dangling and will be cleaned.
W: Public-4008: Instance 'u_ips2l_pcie_dma/u_ips2l_pcie_dma_tx_top/u_ips2l_pcie_dma_cpld_tx_ctrl/cpld_addr[28]' of 'bmsWIDEDFFCPE' unit is dangling and will be cleaned.
W: Public-4008: Instance 'u_ips2l_pcie_dma/u_ips2l_pcie_dma_tx_top/u_ips2l_pcie_dma_cpld_tx_ctrl/cpld_addr[29]' of 'bmsWIDEDFFCPE' unit is dangling and will be cleaned.
W: Public-4008: Instance 'u_ips2l_pcie_dma/u_ips2l_pcie_dma_tx_top/u_ips2l_pcie_dma_cpld_tx_ctrl/cpld_addr[30]' of 'bmsWIDEDFFCPE' unit is dangling and will be cleaned.
W: Public-4008: Instance 'u_ips2l_pcie_dma/u_ips2l_pcie_dma_tx_top/u_ips2l_pcie_dma_cpld_tx_ctrl/cpld_addr[31]' of 'bmsWIDEDFFCPE' unit is dangling and will be cleaned.
W: Public-4008: Instance 'u_ips2l_pcie_dma/u_ips2l_pcie_dma_tx_top/u_ips2l_pcie_dma_cpld_tx_ctrl/cpld_addr[32]' of 'bmsWIDEDFFCPE' unit is dangling and will be cleaned.
W: Public-4008: Instance 'u_ips2l_pcie_dma/u_ips2l_pcie_dma_tx_top/u_ips2l_pcie_dma_cpld_tx_ctrl/cpld_addr[33]' of 'bmsWIDEDFFCPE' unit is dangling and will be cleaned.
W: Public-4008: Instance 'u_ips2l_pcie_dma/u_ips2l_pcie_dma_tx_top/u_ips2l_pcie_dma_cpld_tx_ctrl/cpld_addr[34]' of 'bmsWIDEDFFCPE' unit is dangling and will be cleaned.
W: Public-4008: Instance 'u_ips2l_pcie_dma/u_ips2l_pcie_dma_tx_top/u_ips2l_pcie_dma_cpld_tx_ctrl/cpld_addr[35]' of 'bmsWIDEDFFCPE' unit is dangling and will be cleaned.
W: Public-4008: Instance 'u_ips2l_pcie_dma/u_ips2l_pcie_dma_tx_top/u_ips2l_pcie_dma_cpld_tx_ctrl/cpld_addr[36]' of 'bmsWIDEDFFCPE' unit is dangling and will be cleaned.
W: Public-4008: Instance 'u_ips2l_pcie_dma/u_ips2l_pcie_dma_tx_top/u_ips2l_pcie_dma_cpld_tx_ctrl/cpld_addr[37]' of 'bmsWIDEDFFCPE' unit is dangling and will be cleaned.
W: Public-4008: Instance 'u_ips2l_pcie_dma/u_ips2l_pcie_dma_tx_top/u_ips2l_pcie_dma_cpld_tx_ctrl/cpld_addr[38]' of 'bmsWIDEDFFCPE' unit is dangling and will be cleaned.
W: Public-4008: Instance 'u_ips2l_pcie_dma/u_ips2l_pcie_dma_tx_top/u_ips2l_pcie_dma_cpld_tx_ctrl/cpld_addr[39]' of 'bmsWIDEDFFCPE' unit is dangling and will be cleaned.
W: Public-4008: Instance 'u_ips2l_pcie_dma/u_ips2l_pcie_dma_tx_top/u_ips2l_pcie_dma_cpld_tx_ctrl/cpld_addr[40]' of 'bmsWIDEDFFCPE' unit is dangling and will be cleaned.
W: Public-4008: Instance 'u_ips2l_pcie_dma/u_ips2l_pcie_dma_tx_top/u_ips2l_pcie_dma_cpld_tx_ctrl/cpld_addr[41]' of 'bmsWIDEDFFCPE' unit is dangling and will be cleaned.
W: Public-4008: Instance 'u_ips2l_pcie_dma/u_ips2l_pcie_dma_tx_top/u_ips2l_pcie_dma_cpld_tx_ctrl/cpld_addr[42]' of 'bmsWIDEDFFCPE' unit is dangling and will be cleaned.
W: Public-4008: Instance 'u_ips2l_pcie_dma/u_ips2l_pcie_dma_tx_top/u_ips2l_pcie_dma_cpld_tx_ctrl/cpld_addr[43]' of 'bmsWIDEDFFCPE' unit is dangling and will be cleaned.
W: Public-4008: Instance 'u_ips2l_pcie_dma/u_ips2l_pcie_dma_tx_top/u_ips2l_pcie_dma_cpld_tx_ctrl/cpld_addr[44]' of 'bmsWIDEDFFCPE' unit is dangling and will be cleaned.
W: Public-4008: Instance 'u_ips2l_pcie_dma/u_ips2l_pcie_dma_tx_top/u_ips2l_pcie_dma_cpld_tx_ctrl/cpld_addr[45]' of 'bmsWIDEDFFCPE' unit is dangling and will be cleaned.
W: Public-4008: Instance 'u_ips2l_pcie_dma/u_ips2l_pcie_dma_tx_top/u_ips2l_pcie_dma_cpld_tx_ctrl/cpld_addr[46]' of 'bmsWIDEDFFCPE' unit is dangling and will be cleaned.
W: Public-4008: Instance 'u_ips2l_pcie_dma/u_ips2l_pcie_dma_tx_top/u_ips2l_pcie_dma_cpld_tx_ctrl/cpld_addr[47]' of 'bmsWIDEDFFCPE' unit is dangling and will be cleaned.
W: Public-4008: Instance 'u_ips2l_pcie_dma/u_ips2l_pcie_dma_tx_top/u_ips2l_pcie_dma_cpld_tx_ctrl/cpld_addr[48]' of 'bmsWIDEDFFCPE' unit is dangling and will be cleaned.
W: Public-4008: Instance 'u_ips2l_pcie_dma/u_ips2l_pcie_dma_tx_top/u_ips2l_pcie_dma_cpld_tx_ctrl/cpld_addr[49]' of 'bmsWIDEDFFCPE' unit is dangling and will be cleaned.
W: Public-4008: Instance 'u_ips2l_pcie_dma/u_ips2l_pcie_dma_tx_top/u_ips2l_pcie_dma_cpld_tx_ctrl/cpld_addr[50]' of 'bmsWIDEDFFCPE' unit is dangling and will be cleaned.
W: Public-4008: Instance 'u_ips2l_pcie_dma/u_ips2l_pcie_dma_tx_top/u_ips2l_pcie_dma_cpld_tx_ctrl/cpld_addr[51]' of 'bmsWIDEDFFCPE' unit is dangling and will be cleaned.
W: Public-4008: Instance 'u_ips2l_pcie_dma/u_ips2l_pcie_dma_tx_top/u_ips2l_pcie_dma_cpld_tx_ctrl/cpld_addr[52]' of 'bmsWIDEDFFCPE' unit is dangling and will be cleaned.
W: Public-4008: Instance 'u_ips2l_pcie_dma/u_ips2l_pcie_dma_tx_top/u_ips2l_pcie_dma_cpld_tx_ctrl/cpld_addr[53]' of 'bmsWIDEDFFCPE' unit is dangling and will be cleaned.
W: Public-4008: Instance 'u_ips2l_pcie_dma/u_ips2l_pcie_dma_tx_top/u_ips2l_pcie_dma_cpld_tx_ctrl/cpld_addr[54]' of 'bmsWIDEDFFCPE' unit is dangling and will be cleaned.
W: Public-4008: Instance 'u_ips2l_pcie_dma/u_ips2l_pcie_dma_tx_top/u_ips2l_pcie_dma_cpld_tx_ctrl/cpld_addr[55]' of 'bmsWIDEDFFCPE' unit is dangling and will be cleaned.
W: Public-4008: Instance 'u_ips2l_pcie_dma/u_ips2l_pcie_dma_tx_top/u_ips2l_pcie_dma_cpld_tx_ctrl/cpld_addr[56]' of 'bmsWIDEDFFCPE' unit is dangling and will be cleaned.
W: Public-4008: Instance 'u_ips2l_pcie_dma/u_ips2l_pcie_dma_tx_top/u_ips2l_pcie_dma_cpld_tx_ctrl/cpld_addr[57]' of 'bmsWIDEDFFCPE' unit is dangling and will be cleaned.
W: Public-4008: Instance 'u_ips2l_pcie_dma/u_ips2l_pcie_dma_tx_top/u_ips2l_pcie_dma_cpld_tx_ctrl/cpld_addr[58]' of 'bmsWIDEDFFCPE' unit is dangling and will be cleaned.
W: Public-4008: Instance 'u_ips2l_pcie_dma/u_ips2l_pcie_dma_tx_top/u_ips2l_pcie_dma_cpld_tx_ctrl/cpld_addr[59]' of 'bmsWIDEDFFCPE' unit is dangling and will be cleaned.
W: Public-4008: Instance 'u_ips2l_pcie_dma/u_ips2l_pcie_dma_tx_top/u_ips2l_pcie_dma_cpld_tx_ctrl/cpld_addr[60]' of 'bmsWIDEDFFCPE' unit is dangling and will be cleaned.
W: Public-4008: Instance 'u_ips2l_pcie_dma/u_ips2l_pcie_dma_tx_top/u_ips2l_pcie_dma_cpld_tx_ctrl/cpld_addr[61]' of 'bmsWIDEDFFCPE' unit is dangling and will be cleaned.
W: Public-4008: Instance 'u_ips2l_pcie_dma/u_ips2l_pcie_dma_tx_top/u_ips2l_pcie_dma_cpld_tx_ctrl/cpld_addr[62]' of 'bmsWIDEDFFCPE' unit is dangling and will be cleaned.
W: Public-4008: Instance 'u_ips2l_pcie_dma/u_ips2l_pcie_dma_tx_top/u_ips2l_pcie_dma_cpld_tx_ctrl/cpld_addr[63]' of 'bmsWIDEDFFCPE' unit is dangling and will be cleaned.
W: Public-4008: Instance 'u_ips2l_pcie_dma/u_ips2l_pcie_dma_tx_top/u_ips2l_pcie_dma_cpld_tx_ctrl/u_cpld_req_fifo/genblk1.rd_data_ff1[0]' of 'bmsWIDEDFFCPE' unit is dangling and will be cleaned.
W: Public-4008: Instance 'u_ips2l_pcie_dma/u_ips2l_pcie_dma_tx_top/u_ips2l_pcie_dma_cpld_tx_ctrl/u_cpld_req_fifo/genblk1.rd_data_ff1[1]' of 'bmsWIDEDFFCPE' unit is dangling and will be cleaned.
W: Public-4008: Instance 'u_ips2l_pcie_dma/u_ips2l_pcie_dma_tx_top/u_ips2l_pcie_dma_cpld_tx_ctrl/u_cpld_req_fifo/genblk1.rd_data_ff1[16]' of 'bmsWIDEDFFCPE' unit is dangling and will be cleaned.
W: Public-4008: Instance 'u_ips2l_pcie_dma/u_ips2l_pcie_dma_tx_top/u_ips2l_pcie_dma_cpld_tx_ctrl/u_cpld_req_fifo/genblk1.rd_data_ff1[17]' of 'bmsWIDEDFFCPE' unit is dangling and will be cleaned.
W: Public-4008: Instance 'u_ips2l_pcie_dma/u_ips2l_pcie_dma_tx_top/u_ips2l_pcie_dma_cpld_tx_ctrl/u_cpld_req_fifo/genblk1.rd_data_ff1[18]' of 'bmsWIDEDFFCPE' unit is dangling and will be cleaned.
W: Public-4008: Instance 'u_ips2l_pcie_dma/u_ips2l_pcie_dma_tx_top/u_ips2l_pcie_dma_cpld_tx_ctrl/u_cpld_req_fifo/genblk1.rd_data_ff1[19]' of 'bmsWIDEDFFCPE' unit is dangling and will be cleaned.
W: Public-4008: Instance 'u_ips2l_pcie_dma/u_ips2l_pcie_dma_tx_top/u_ips2l_pcie_dma_cpld_tx_ctrl/u_cpld_req_fifo/genblk1.rd_data_ff1[20]' of 'bmsWIDEDFFCPE' unit is dangling and will be cleaned.
W: Public-4008: Instance 'u_ips2l_pcie_dma/u_ips2l_pcie_dma_tx_top/u_ips2l_pcie_dma_cpld_tx_ctrl/u_cpld_req_fifo/genblk1.rd_data_ff1[21]' of 'bmsWIDEDFFCPE' unit is dangling and will be cleaned.
W: Public-4008: Instance 'u_ips2l_pcie_dma/u_ips2l_pcie_dma_tx_top/u_ips2l_pcie_dma_cpld_tx_ctrl/u_cpld_req_fifo/genblk1.rd_data_ff1[22]' of 'bmsWIDEDFFCPE' unit is dangling and will be cleaned.
W: Public-4008: Instance 'u_ips2l_pcie_dma/u_ips2l_pcie_dma_tx_top/u_ips2l_pcie_dma_cpld_tx_ctrl/u_cpld_req_fifo/genblk1.rd_data_ff1[23]' of 'bmsWIDEDFFCPE' unit is dangling and will be cleaned.
W: Public-4008: Instance 'u_ips2l_pcie_dma/u_ips2l_pcie_dma_tx_top/u_ips2l_pcie_dma_cpld_tx_ctrl/u_cpld_req_fifo/genblk1.rd_data_ff1[24]' of 'bmsWIDEDFFCPE' unit is dangling and will be cleaned.
W: Public-4008: Instance 'u_ips2l_pcie_dma/u_ips2l_pcie_dma_tx_top/u_ips2l_pcie_dma_cpld_tx_ctrl/u_cpld_req_fifo/genblk1.rd_data_ff1[25]' of 'bmsWIDEDFFCPE' unit is dangling and will be cleaned.
W: Public-4008: Instance 'u_ips2l_pcie_dma/u_ips2l_pcie_dma_tx_top/u_ips2l_pcie_dma_cpld_tx_ctrl/u_cpld_req_fifo/genblk1.rd_data_ff1[26]' of 'bmsWIDEDFFCPE' unit is dangling and will be cleaned.
W: Public-4008: Instance 'u_ips2l_pcie_dma/u_ips2l_pcie_dma_tx_top/u_ips2l_pcie_dma_cpld_tx_ctrl/u_cpld_req_fifo/genblk1.rd_data_ff1[27]' of 'bmsWIDEDFFCPE' unit is dangling and will be cleaned.
W: Public-4008: Instance 'u_ips2l_pcie_dma/u_ips2l_pcie_dma_tx_top/u_ips2l_pcie_dma_cpld_tx_ctrl/u_cpld_req_fifo/genblk1.rd_data_ff1[28]' of 'bmsWIDEDFFCPE' unit is dangling and will be cleaned.
W: Public-4008: Instance 'u_ips2l_pcie_dma/u_ips2l_pcie_dma_tx_top/u_ips2l_pcie_dma_cpld_tx_ctrl/u_cpld_req_fifo/genblk1.rd_data_ff1[29]' of 'bmsWIDEDFFCPE' unit is dangling and will be cleaned.
W: Public-4008: Instance 'u_ips2l_pcie_dma/u_ips2l_pcie_dma_tx_top/u_ips2l_pcie_dma_cpld_tx_ctrl/u_cpld_req_fifo/genblk1.rd_data_ff1[30]' of 'bmsWIDEDFFCPE' unit is dangling and will be cleaned.
W: Public-4008: Instance 'u_ips2l_pcie_dma/u_ips2l_pcie_dma_tx_top/u_ips2l_pcie_dma_cpld_tx_ctrl/u_cpld_req_fifo/genblk1.rd_data_ff1[31]' of 'bmsWIDEDFFCPE' unit is dangling and will be cleaned.
W: Public-4008: Instance 'u_ips2l_pcie_dma/u_ips2l_pcie_dma_tx_top/u_ips2l_pcie_dma_cpld_tx_ctrl/u_cpld_req_fifo/genblk1.rd_data_ff1[32]' of 'bmsWIDEDFFCPE' unit is dangling and will be cleaned.
W: Public-4008: Instance 'u_ips2l_pcie_dma/u_ips2l_pcie_dma_tx_top/u_ips2l_pcie_dma_cpld_tx_ctrl/u_cpld_req_fifo/genblk1.rd_data_ff1[33]' of 'bmsWIDEDFFCPE' unit is dangling and will be cleaned.
W: Public-4008: Instance 'u_ips2l_pcie_dma/u_ips2l_pcie_dma_tx_top/u_ips2l_pcie_dma_cpld_tx_ctrl/u_cpld_req_fifo/genblk1.rd_data_ff1[34]' of 'bmsWIDEDFFCPE' unit is dangling and will be cleaned.
W: Public-4008: Instance 'u_ips2l_pcie_dma/u_ips2l_pcie_dma_tx_top/u_ips2l_pcie_dma_cpld_tx_ctrl/u_cpld_req_fifo/genblk1.rd_data_ff1[35]' of 'bmsWIDEDFFCPE' unit is dangling and will be cleaned.
W: Public-4008: Instance 'u_ips2l_pcie_dma/u_ips2l_pcie_dma_tx_top/u_ips2l_pcie_dma_cpld_tx_ctrl/u_cpld_req_fifo/genblk1.rd_data_ff1[36]' of 'bmsWIDEDFFCPE' unit is dangling and will be cleaned.
W: Public-4008: Instance 'u_ips2l_pcie_dma/u_ips2l_pcie_dma_tx_top/u_ips2l_pcie_dma_cpld_tx_ctrl/u_cpld_req_fifo/genblk1.rd_data_ff1[37]' of 'bmsWIDEDFFCPE' unit is dangling and will be cleaned.
W: Public-4008: Instance 'u_ips2l_pcie_dma/u_ips2l_pcie_dma_tx_top/u_ips2l_pcie_dma_cpld_tx_ctrl/u_cpld_req_fifo/genblk1.rd_data_ff1[38]' of 'bmsWIDEDFFCPE' unit is dangling and will be cleaned.
W: Public-4008: Instance 'u_ips2l_pcie_dma/u_ips2l_pcie_dma_tx_top/u_ips2l_pcie_dma_cpld_tx_ctrl/u_cpld_req_fifo/genblk1.rd_data_ff1[39]' of 'bmsWIDEDFFCPE' unit is dangling and will be cleaned.
W: Public-4008: Instance 'u_ips2l_pcie_dma/u_ips2l_pcie_dma_tx_top/u_ips2l_pcie_dma_cpld_tx_ctrl/u_cpld_req_fifo/genblk1.rd_data_ff1[40]' of 'bmsWIDEDFFCPE' unit is dangling and will be cleaned.
W: Public-4008: Instance 'u_ips2l_pcie_dma/u_ips2l_pcie_dma_tx_top/u_ips2l_pcie_dma_cpld_tx_ctrl/u_cpld_req_fifo/genblk1.rd_data_ff1[41]' of 'bmsWIDEDFFCPE' unit is dangling and will be cleaned.
W: Public-4008: Instance 'u_ips2l_pcie_dma/u_ips2l_pcie_dma_tx_top/u_ips2l_pcie_dma_cpld_tx_ctrl/u_cpld_req_fifo/genblk1.rd_data_ff1[42]' of 'bmsWIDEDFFCPE' unit is dangling and will be cleaned.
W: Public-4008: Instance 'u_ips2l_pcie_dma/u_ips2l_pcie_dma_tx_top/u_ips2l_pcie_dma_cpld_tx_ctrl/u_cpld_req_fifo/genblk1.rd_data_ff1[43]' of 'bmsWIDEDFFCPE' unit is dangling and will be cleaned.
W: Public-4008: Instance 'u_ips2l_pcie_dma/u_ips2l_pcie_dma_tx_top/u_ips2l_pcie_dma_cpld_tx_ctrl/u_cpld_req_fifo/genblk1.rd_data_ff1[44]' of 'bmsWIDEDFFCPE' unit is dangling and will be cleaned.
W: Public-4008: Instance 'u_ips2l_pcie_dma/u_ips2l_pcie_dma_tx_top/u_ips2l_pcie_dma_cpld_tx_ctrl/u_cpld_req_fifo/genblk1.rd_data_ff1[45]' of 'bmsWIDEDFFCPE' unit is dangling and will be cleaned.
W: Public-4008: Instance 'u_ips2l_pcie_dma/u_ips2l_pcie_dma_tx_top/u_ips2l_pcie_dma_cpld_tx_ctrl/u_cpld_req_fifo/genblk1.rd_data_ff1[46]' of 'bmsWIDEDFFCPE' unit is dangling and will be cleaned.
W: Public-4008: Instance 'u_ips2l_pcie_dma/u_ips2l_pcie_dma_tx_top/u_ips2l_pcie_dma_cpld_tx_ctrl/u_cpld_req_fifo/genblk1.rd_data_ff1[47]' of 'bmsWIDEDFFCPE' unit is dangling and will be cleaned.
W: Public-4008: Instance 'u_ips2l_pcie_dma/u_ips2l_pcie_dma_tx_top/u_ips2l_pcie_dma_cpld_tx_ctrl/u_cpld_req_fifo/genblk1.rd_data_ff1[48]' of 'bmsWIDEDFFCPE' unit is dangling and will be cleaned.
W: Public-4008: Instance 'u_ips2l_pcie_dma/u_ips2l_pcie_dma_tx_top/u_ips2l_pcie_dma_cpld_tx_ctrl/u_cpld_req_fifo/genblk1.rd_data_ff1[49]' of 'bmsWIDEDFFCPE' unit is dangling and will be cleaned.
W: Public-4008: Instance 'u_ips2l_pcie_dma/u_ips2l_pcie_dma_tx_top/u_ips2l_pcie_dma_cpld_tx_ctrl/u_cpld_req_fifo/genblk1.rd_data_ff1[50]' of 'bmsWIDEDFFCPE' unit is dangling and will be cleaned.
W: Public-4008: Instance 'u_ips2l_pcie_dma/u_ips2l_pcie_dma_tx_top/u_ips2l_pcie_dma_cpld_tx_ctrl/u_cpld_req_fifo/genblk1.rd_data_ff1[51]' of 'bmsWIDEDFFCPE' unit is dangling and will be cleaned.
W: Public-4008: Instance 'u_ips2l_pcie_dma/u_ips2l_pcie_dma_tx_top/u_ips2l_pcie_dma_cpld_tx_ctrl/u_cpld_req_fifo/genblk1.rd_data_ff1[52]' of 'bmsWIDEDFFCPE' unit is dangling and will be cleaned.
W: Public-4008: Instance 'u_ips2l_pcie_dma/u_ips2l_pcie_dma_tx_top/u_ips2l_pcie_dma_cpld_tx_ctrl/u_cpld_req_fifo/genblk1.rd_data_ff1[53]' of 'bmsWIDEDFFCPE' unit is dangling and will be cleaned.
W: Public-4008: Instance 'u_ips2l_pcie_dma/u_ips2l_pcie_dma_tx_top/u_ips2l_pcie_dma_cpld_tx_ctrl/u_cpld_req_fifo/genblk1.rd_data_ff1[54]' of 'bmsWIDEDFFCPE' unit is dangling and will be cleaned.
W: Public-4008: Instance 'u_ips2l_pcie_dma/u_ips2l_pcie_dma_tx_top/u_ips2l_pcie_dma_cpld_tx_ctrl/u_cpld_req_fifo/genblk1.rd_data_ff1[55]' of 'bmsWIDEDFFCPE' unit is dangling and will be cleaned.
W: Public-4008: Instance 'u_ips2l_pcie_dma/u_ips2l_pcie_dma_tx_top/u_ips2l_pcie_dma_cpld_tx_ctrl/u_cpld_req_fifo/genblk1.rd_data_ff1[56]' of 'bmsWIDEDFFCPE' unit is dangling and will be cleaned.
W: Public-4008: Instance 'u_ips2l_pcie_dma/u_ips2l_pcie_dma_tx_top/u_ips2l_pcie_dma_cpld_tx_ctrl/u_cpld_req_fifo/genblk1.rd_data_ff1[57]' of 'bmsWIDEDFFCPE' unit is dangling and will be cleaned.
W: Public-4008: Instance 'u_ips2l_pcie_dma/u_ips2l_pcie_dma_tx_top/u_ips2l_pcie_dma_cpld_tx_ctrl/u_cpld_req_fifo/genblk1.rd_data_ff1[58]' of 'bmsWIDEDFFCPE' unit is dangling and will be cleaned.
W: Public-4008: Instance 'u_ips2l_pcie_dma/u_ips2l_pcie_dma_tx_top/u_ips2l_pcie_dma_cpld_tx_ctrl/u_cpld_req_fifo/genblk1.rd_data_ff1[59]' of 'bmsWIDEDFFCPE' unit is dangling and will be cleaned.
W: Public-4008: Instance 'u_ips2l_pcie_dma/u_ips2l_pcie_dma_tx_top/u_ips2l_pcie_dma_cpld_tx_ctrl/u_cpld_req_fifo/genblk1.rd_data_ff1[60]' of 'bmsWIDEDFFCPE' unit is dangling and will be cleaned.
W: Public-4008: Instance 'u_ips2l_pcie_dma/u_ips2l_pcie_dma_tx_top/u_ips2l_pcie_dma_cpld_tx_ctrl/u_cpld_req_fifo/genblk1.rd_data_ff1[61]' of 'bmsWIDEDFFCPE' unit is dangling and will be cleaned.
W: Public-4008: Instance 'u_ips2l_pcie_dma/u_ips2l_pcie_dma_tx_top/u_ips2l_pcie_dma_cpld_tx_ctrl/u_cpld_req_fifo/genblk1.rd_data_ff1[62]' of 'bmsWIDEDFFCPE' unit is dangling and will be cleaned.
W: Public-4008: Instance 'u_ips2l_pcie_dma/u_ips2l_pcie_dma_tx_top/u_ips2l_pcie_dma_cpld_tx_ctrl/u_cpld_req_fifo/genblk1.rd_data_ff1[63]' of 'bmsWIDEDFFCPE' unit is dangling and will be cleaned.
W: Public-4008: Instance 'u_ips2l_pcie_dma/u_ips2l_pcie_dma_tx_top/u_ips2l_pcie_dma_mrd_tx_ctrl/mrd_addr[0]' of 'bmsWIDEDFFCPE' unit is dangling and will be cleaned.
W: Public-4008: Instance 'u_ips2l_pcie_dma/u_ips2l_pcie_dma_tx_top/u_ips2l_pcie_dma_mrd_tx_ctrl/mrd_addr[1]' of 'bmsWIDEDFFCPE' unit is dangling and will be cleaned.
W: Public-4008: Instance 'u_ips2l_pcie_dma/u_ips2l_pcie_dma_tx_top/u_ips2l_pcie_dma_mrd_tx_ctrl/o_axis_slave1_tdata[10]' of 'bmsWIDEDFFCPE' unit is dangling and will be cleaned.
W: Public-4008: Instance 'u_ips2l_pcie_dma/u_ips2l_pcie_dma_tx_top/u_ips2l_pcie_dma_mrd_tx_ctrl/o_axis_slave1_tdata[11]' of 'bmsWIDEDFFCPE' unit is dangling and will be cleaned.
W: Public-4008: Instance 'u_ips2l_pcie_dma/u_ips2l_pcie_dma_tx_top/u_ips2l_pcie_dma_mrd_tx_ctrl/o_axis_slave1_tdata[12]' of 'bmsWIDEDFFCPE' unit is dangling and will be cleaned.
W: Public-4008: Instance 'u_ips2l_pcie_dma/u_ips2l_pcie_dma_tx_top/u_ips2l_pcie_dma_mrd_tx_ctrl/o_axis_slave1_tdata[13]' of 'bmsWIDEDFFCPE' unit is dangling and will be cleaned.
W: Public-4008: Instance 'u_ips2l_pcie_dma/u_ips2l_pcie_dma_tx_top/u_ips2l_pcie_dma_mrd_tx_ctrl/o_axis_slave1_tdata[14]' of 'bmsWIDEDFFCPE' unit is dangling and will be cleaned.
W: Public-4008: Instance 'u_ips2l_pcie_dma/u_ips2l_pcie_dma_tx_top/u_ips2l_pcie_dma_mrd_tx_ctrl/o_axis_slave1_tdata[15]' of 'bmsWIDEDFFCPE' unit is dangling and will be cleaned.
W: Public-4008: Instance 'u_ips2l_pcie_dma/u_ips2l_pcie_dma_tx_top/u_ips2l_pcie_dma_mrd_tx_ctrl/o_axis_slave1_tdata[16]' of 'bmsWIDEDFFCPE' unit is dangling and will be cleaned.
W: Public-4008: Instance 'u_ips2l_pcie_dma/u_ips2l_pcie_dma_tx_top/u_ips2l_pcie_dma_mrd_tx_ctrl/o_axis_slave1_tdata[17]' of 'bmsWIDEDFFCPE' unit is dangling and will be cleaned.
W: Public-4008: Instance 'u_ips2l_pcie_dma/u_ips2l_pcie_dma_tx_top/u_ips2l_pcie_dma_mrd_tx_ctrl/o_axis_slave1_tdata[18]' of 'bmsWIDEDFFCPE' unit is dangling and will be cleaned.
W: Public-4008: Instance 'u_ips2l_pcie_dma/u_ips2l_pcie_dma_tx_top/u_ips2l_pcie_dma_mrd_tx_ctrl/o_axis_slave1_tdata[19]' of 'bmsWIDEDFFCPE' unit is dangling and will be cleaned.
W: Public-4008: Instance 'u_ips2l_pcie_dma/u_ips2l_pcie_dma_tx_top/u_ips2l_pcie_dma_mrd_tx_ctrl/o_axis_slave1_tdata[20]' of 'bmsWIDEDFFCPE' unit is dangling and will be cleaned.
W: Public-4008: Instance 'u_ips2l_pcie_dma/u_ips2l_pcie_dma_tx_top/u_ips2l_pcie_dma_mrd_tx_ctrl/o_axis_slave1_tdata[21]' of 'bmsWIDEDFFCPE' unit is dangling and will be cleaned.
W: Public-4008: Instance 'u_ips2l_pcie_dma/u_ips2l_pcie_dma_tx_top/u_ips2l_pcie_dma_mrd_tx_ctrl/o_axis_slave1_tdata[22]' of 'bmsWIDEDFFCPE' unit is dangling and will be cleaned.
W: Public-4008: Instance 'u_ips2l_pcie_dma/u_ips2l_pcie_dma_tx_top/u_ips2l_pcie_dma_mrd_tx_ctrl/o_axis_slave1_tdata[23]' of 'bmsWIDEDFFCPE' unit is dangling and will be cleaned.
W: Public-4008: Instance 'u_ips2l_pcie_dma/u_ips2l_pcie_dma_tx_top/u_ips2l_pcie_dma_mrd_tx_ctrl/o_axis_slave1_tdata[24]' of 'bmsWIDEDFFCPE' unit is dangling and will be cleaned.
W: Public-4008: Instance 'u_ips2l_pcie_dma/u_ips2l_pcie_dma_tx_top/u_ips2l_pcie_dma_mrd_tx_ctrl/o_axis_slave1_tdata[25]' of 'bmsWIDEDFFCPE' unit is dangling and will be cleaned.
W: Public-4008: Instance 'u_ips2l_pcie_dma/u_ips2l_pcie_dma_tx_top/u_ips2l_pcie_dma_mrd_tx_ctrl/o_axis_slave1_tdata[26]' of 'bmsWIDEDFFCPE' unit is dangling and will be cleaned.
W: Public-4008: Instance 'u_ips2l_pcie_dma/u_ips2l_pcie_dma_tx_top/u_ips2l_pcie_dma_mrd_tx_ctrl/o_axis_slave1_tdata[27]' of 'bmsWIDEDFFCPE' unit is dangling and will be cleaned.
W: Public-4008: Instance 'u_ips2l_pcie_dma/u_ips2l_pcie_dma_tx_top/u_ips2l_pcie_dma_mrd_tx_ctrl/o_axis_slave1_tdata[28]' of 'bmsWIDEDFFCPE' unit is dangling and will be cleaned.
W: Public-4008: Instance 'u_ips2l_pcie_dma/u_ips2l_pcie_dma_tx_top/u_ips2l_pcie_dma_mrd_tx_ctrl/o_axis_slave1_tdata[30]' of 'bmsWIDEDFFCPE' unit is dangling and will be cleaned.
W: Public-4008: Instance 'u_ips2l_pcie_dma/u_ips2l_pcie_dma_tx_top/u_ips2l_pcie_dma_mrd_tx_ctrl/o_axis_slave1_tdata[31]' of 'bmsWIDEDFFCPE' unit is dangling and will be cleaned.
W: Public-4008: Instance 'u_ips2l_pcie_dma/u_ips2l_pcie_dma_tx_top/u_ips2l_pcie_dma_mrd_tx_ctrl/o_axis_slave1_tdata[33]' of 'bmsWIDEDFFCPE' unit is dangling and will be cleaned.
W: Public-4008: Instance 'u_ips2l_pcie_dma/u_ips2l_pcie_dma_tx_top/u_ips2l_pcie_dma_mrd_tx_ctrl/o_axis_slave1_tdata[34]' of 'bmsWIDEDFFCPE' unit is dangling and will be cleaned.
W: Public-4008: Instance 'u_ips2l_pcie_dma/u_ips2l_pcie_dma_tx_top/u_ips2l_pcie_dma_mrd_tx_ctrl/o_axis_slave1_tdata[35]' of 'bmsWIDEDFFCPE' unit is dangling and will be cleaned.
W: Public-4008: Instance 'u_ips2l_pcie_dma/u_ips2l_pcie_dma_tx_top/u_ips2l_pcie_dma_mrd_tx_ctrl/o_axis_slave1_tdata[37]' of 'bmsWIDEDFFCPE' unit is dangling and will be cleaned.
W: Public-4008: Instance 'u_ips2l_pcie_dma/u_ips2l_pcie_dma_tx_top/u_ips2l_pcie_dma_mrd_tx_ctrl/o_axis_slave1_tdata[38]' of 'bmsWIDEDFFCPE' unit is dangling and will be cleaned.
W: Public-4008: Instance 'u_ips2l_pcie_dma/u_ips2l_pcie_dma_tx_top/u_ips2l_pcie_dma_mrd_tx_ctrl/o_axis_slave1_tdata[39]' of 'bmsWIDEDFFCPE' unit is dangling and will be cleaned.
W: Public-4008: Instance 'u_ips2l_pcie_dma/u_ips2l_pcie_dma_tx_top/u_ips2l_pcie_dma_mrd_tx_ctrl/o_axis_slave1_tdata[46]' of 'bmsWIDEDFFCPE' unit is dangling and will be cleaned.
W: Public-4008: Instance 'u_ips2l_pcie_dma/u_ips2l_pcie_dma_tx_top/u_ips2l_pcie_dma_mrd_tx_ctrl/o_axis_slave1_tdata[47]' of 'bmsWIDEDFFCPE' unit is dangling and will be cleaned.
W: Public-4008: Instance 'u_ips2l_pcie_dma/u_ips2l_pcie_dma_tx_top/u_ips2l_pcie_dma_mrd_tx_ctrl/o_axis_slave1_tdata[48]' of 'bmsWIDEDFFCPE' unit is dangling and will be cleaned.
W: Public-4008: Instance 'u_ips2l_pcie_dma/u_ips2l_pcie_dma_tx_top/u_ips2l_pcie_dma_mrd_tx_ctrl/o_axis_slave1_tdata[49]' of 'bmsWIDEDFFCPE' unit is dangling and will be cleaned.
W: Public-4008: Instance 'u_ips2l_pcie_dma/u_ips2l_pcie_dma_tx_top/u_ips2l_pcie_dma_mrd_tx_ctrl/o_axis_slave1_tdata[50]' of 'bmsWIDEDFFCPE' unit is dangling and will be cleaned.
W: Public-4008: Instance 'u_ips2l_pcie_dma/u_ips2l_pcie_dma_tx_top/u_ips2l_pcie_dma_mrd_tx_ctrl/o_axis_slave1_tdata[96]' of 'bmsWIDEDFFCPE' unit is dangling and will be cleaned.
W: Public-4008: Instance 'u_ips2l_pcie_dma/u_ips2l_pcie_dma_tx_top/u_ips2l_pcie_dma_mrd_tx_ctrl/o_axis_slave1_tdata[97]' of 'bmsWIDEDFFCPE' unit is dangling and will be cleaned.
W: Public-4008: Instance 'u_ips2l_pcie_dma/u_ips2l_pcie_dma_tx_top/u_ips2l_pcie_dma_mwr_tx_ctrl/mwr_addr[0]' of 'bmsWIDEDFFCPE' unit is dangling and will be cleaned.
W: Public-4008: Instance 'u_ips2l_pcie_dma/u_ips2l_pcie_dma_tx_top/u_ips2l_pcie_dma_mwr_tx_ctrl/mwr_addr[1]' of 'bmsWIDEDFFCPE' unit is dangling and will be cleaned.
W: Public-4008: Instance 'u_ips2l_pcie_wrap/U_IPS2L_PCIE_TOP/U_IPS2L_HSSTLP_PCIE_SOFT_PHY/P_TDATA_X2.P_TDATA_0[8]' of 'bmsWIDEDFFCPE' unit is dangling and will be cleaned.
W: Public-4008: Instance 'u_ips2l_pcie_wrap/U_IPS2L_PCIE_TOP/U_IPS2L_HSSTLP_PCIE_SOFT_PHY/P_TDATA_X2.P_TDATA_0[19]' of 'bmsWIDEDFFCPE' unit is dangling and will be cleaned.
W: Public-4008: Instance 'u_ips2l_pcie_wrap/U_IPS2L_PCIE_TOP/U_IPS2L_HSSTLP_PCIE_SOFT_PHY/P_TDATA_X2.P_TDATA_0[20]' of 'bmsWIDEDFFCPE' unit is dangling and will be cleaned.
W: Public-4008: Instance 'u_ips2l_pcie_wrap/U_IPS2L_PCIE_TOP/U_IPS2L_HSSTLP_PCIE_SOFT_PHY/P_TDATA_X2.P_TDATA_0[30]' of 'bmsWIDEDFFCPE' unit is dangling and will be cleaned.
W: Public-4008: Instance 'u_ips2l_pcie_wrap/U_IPS2L_PCIE_TOP/U_IPS2L_HSSTLP_PCIE_SOFT_PHY/P_TDATA_X2.P_TDATA_0[31]' of 'bmsWIDEDFFCPE' unit is dangling and will be cleaned.
W: Public-4008: Instance 'u_ips2l_pcie_wrap/U_IPS2L_PCIE_TOP/U_IPS2L_HSSTLP_PCIE_SOFT_PHY/P_TDATA_X2.P_TDATA_0[41]' of 'bmsWIDEDFFCPE' unit is dangling and will be cleaned.
W: Public-4008: Instance 'u_ips2l_pcie_wrap/U_IPS2L_PCIE_TOP/U_IPS2L_HSSTLP_PCIE_SOFT_PHY/P_TDATA_X2.P_TDATA_0[42]' of 'bmsWIDEDFFCPE' unit is dangling and will be cleaned.
W: Public-4008: Instance 'u_ips2l_pcie_wrap/U_IPS2L_PCIE_TOP/U_IPS2L_HSSTLP_PCIE_SOFT_PHY/P_TDATA_X2.P_TDATA_1[8]' of 'bmsWIDEDFFCPE' unit is dangling and will be cleaned.
W: Public-4008: Instance 'u_ips2l_pcie_wrap/U_IPS2L_PCIE_TOP/U_IPS2L_HSSTLP_PCIE_SOFT_PHY/P_TDATA_X2.P_TDATA_1[19]' of 'bmsWIDEDFFCPE' unit is dangling and will be cleaned.
W: Public-4008: Instance 'u_ips2l_pcie_wrap/U_IPS2L_PCIE_TOP/U_IPS2L_HSSTLP_PCIE_SOFT_PHY/P_TDATA_X2.P_TDATA_1[20]' of 'bmsWIDEDFFCPE' unit is dangling and will be cleaned.
W: Public-4008: Instance 'u_ips2l_pcie_wrap/U_IPS2L_PCIE_TOP/U_IPS2L_HSSTLP_PCIE_SOFT_PHY/P_TDATA_X2.P_TDATA_1[30]' of 'bmsWIDEDFFCPE' unit is dangling and will be cleaned.
W: Public-4008: Instance 'u_ips2l_pcie_wrap/U_IPS2L_PCIE_TOP/U_IPS2L_HSSTLP_PCIE_SOFT_PHY/P_TDATA_X2.P_TDATA_1[31]' of 'bmsWIDEDFFCPE' unit is dangling and will be cleaned.
W: Public-4008: Instance 'u_ips2l_pcie_wrap/U_IPS2L_PCIE_TOP/U_IPS2L_HSSTLP_PCIE_SOFT_PHY/P_TDATA_X2.P_TDATA_1[41]' of 'bmsWIDEDFFCPE' unit is dangling and will be cleaned.
W: Public-4008: Instance 'u_ips2l_pcie_wrap/U_IPS2L_PCIE_TOP/U_IPS2L_HSSTLP_PCIE_SOFT_PHY/P_TDATA_X2.P_TDATA_1[42]' of 'bmsWIDEDFFCPE' unit is dangling and will be cleaned.
W: Public-4008: Instance 'u_ips2l_pcie_wrap/U_IPS2L_PCIE_TOP/U_IPS2L_HSSTLP_PCIE_SOFT_PHY/lx_deemph[1]' of 'bmsWIDEDFFCPE' unit is dangling and will be cleaned.
W: Public-4008: Instance 'u_ips2l_pcie_wrap/U_IPS2L_PCIE_TOP/U_IPS2L_HSSTLP_PCIE_SOFT_PHY/lx_rxdct_out_d[2]' of 'bmsWIDEDFFCPE' unit is dangling and will be cleaned.
W: Public-4008: Instance 'u_ips2l_pcie_wrap/U_IPS2L_PCIE_TOP/U_IPS2L_HSSTLP_PCIE_SOFT_PHY/lx_rxdct_out_d[3]' of 'bmsWIDEDFFCPE' unit is dangling and will be cleaned.
W: Public-4008: Instance 'u_ips2l_pcie_wrap/U_IPS2L_PCIE_TOP/U_IPS2L_HSSTLP_PCIE_SOFT_PHY/phy_mac_phystatus_misc[1]' of 'bmsWIDEDFFCPE' unit is dangling and will be cleaned.
W: Public-4008: Instance 'u_ips2l_pcie_wrap/U_IPS2L_PCIE_TOP/U_IPS2L_HSSTLP_PCIE_SOFT_PHY/phy_mac_phystatus_misc[2]' of 'bmsWIDEDFFCPE' unit is dangling and will be cleaned.
W: Public-4008: Instance 'u_ips2l_pcie_wrap/U_IPS2L_PCIE_TOP/U_IPS2L_HSSTLP_PCIE_SOFT_PHY/phy_mac_phystatus_misc[3]' of 'bmsWIDEDFFCPE' unit is dangling and will be cleaned.
W: Public-4008: Instance 'u_ips2l_pcie_wrap/U_IPS2L_PCIE_TOP/U_IPS2L_HSSTLP_PCIE_SOFT_PHY/phy_mac_phystatus_pm[1]' of 'bmsWIDEDFFCPE' unit is dangling and will be cleaned.
W: Public-4008: Instance 'u_ips2l_pcie_wrap/U_IPS2L_PCIE_TOP/U_IPS2L_HSSTLP_PCIE_SOFT_PHY/phy_mac_phystatus_pm[2]' of 'bmsWIDEDFFCPE' unit is dangling and will be cleaned.
W: Public-4008: Instance 'u_ips2l_pcie_wrap/U_IPS2L_PCIE_TOP/U_IPS2L_HSSTLP_PCIE_SOFT_PHY/phy_mac_phystatus_pm[3]' of 'bmsWIDEDFFCPE' unit is dangling and will be cleaned.
W: Public-4008: Instance 'u_ips2l_pcie_wrap/U_IPS2L_PCIE_TOP/U_IPS2L_HSSTLP_PCIE_SOFT_PHY/phy_mac_phystatus_reset[1]' of 'bmsWIDEDFFCPE' unit is dangling and will be cleaned.
W: Public-4008: Instance 'u_ips2l_pcie_wrap/U_IPS2L_PCIE_TOP/U_IPS2L_HSSTLP_PCIE_SOFT_PHY/phy_mac_phystatus_reset[2]' of 'bmsWIDEDFFCPE' unit is dangling and will be cleaned.
W: Public-4008: Instance 'u_ips2l_pcie_wrap/U_IPS2L_PCIE_TOP/U_IPS2L_HSSTLP_PCIE_SOFT_PHY/phy_mac_phystatus_reset[3]' of 'bmsWIDEDFFCPE' unit is dangling and will be cleaned.
W: Public-4008: Instance 'u_ips2l_pcie_wrap/U_IPS2L_PCIE_TOP/U_IPS2L_HSSTLP_PCIE_SOFT_PHY/start_rx_det_ff[2]' of 'bmsWIDEDFFCPE' unit is dangling and will be cleaned.
W: Public-4008: Instance 'u_ips2l_pcie_wrap/U_IPS2L_PCIE_TOP/U_IPS2L_HSSTLP_PCIE_SOFT_PHY/start_rx_det_ff[3]' of 'bmsWIDEDFFCPE' unit is dangling and will be cleaned.
W: Public-4008: Instance 'u_ips2l_pcie_wrap/U_IPS2L_PCIE_TOP/U_IPS2L_HSSTLP_PCIE_SOFT_PHY/hsst_pciex4_rst/hsst_rx_rst_mcrsw/rx_rst_fsm_multi_sw_lane/main_done_reg[3]' of 'bmsWIDEDFFCPE' unit is dangling and will be cleaned.
W: Public-4008: Instance 'u_ips2l_pcie_wrap/U_IPS2L_PCIE_TOP/U_IPS2L_HSSTLP_PCIE_SOFT_PHY/hsst_pciex4_rst/hsst_rx_rst_mcrsw/rx_rst_fsm_multi_sw_lane/P_LX_RX_CKDIV[1]' of 'bmsWIDEDFFCPE' unit is dangling and will be cleaned.
W: Public-4008: Instance 'I_ips_ddr_top/u_ips_ddrc_top/mcdq_dcp_top/mcdq_dcp_buf/fifo_rdata_a[6]' of 'bmsWIDEDFFCPE' unit is dangling and will be cleaned.
W: Public-4008: Instance 'I_ips_ddr_top/u_ips_ddrc_top/mcdq_dcp_top/mcdq_dcp_buf/fifo_rdata_a[7]' of 'bmsWIDEDFFCPE' unit is dangling and will be cleaned.
W: Public-4008: Instance 'I_ips_ddr_top/u_ips_ddrc_top/mcdq_dcp_top/mcdq_dcp_buf/fifo_rdata_a[16]' of 'bmsWIDEDFFCPE' unit is dangling and will be cleaned.
W: Public-4008: Instance 'I_ips_ddr_top/u_ips_ddrc_top/mcdq_dcp_top/mcdq_dcp_buf/fifo_rdata_a[17]' of 'bmsWIDEDFFCPE' unit is dangling and will be cleaned.
W: Public-4008: Instance 'I_ips_ddr_top/u_ips_ddrc_top/mcdq_dcp_top/mcdq_dcp_buf/fifo_rdata_a[33]' of 'bmsWIDEDFFCPE' unit is dangling and will be cleaned.
W: Public-4008: Instance 'I_ips_ddr_top/u_ips_ddrc_top/mcdq_dcp_top/mcdq_dcp_buf/fifo_rdata_a[34]' of 'bmsWIDEDFFCPE' unit is dangling and will be cleaned.
W: Public-4008: Instance 'I_ips_ddr_top/u_ips_ddrc_top/mcdq_dcp_top/mcdq_dcp_buf/fifo_rdata_a[35]' of 'bmsWIDEDFFCPE' unit is dangling and will be cleaned.
W: Public-4008: Instance 'I_ips_ddr_top/u_ips_ddrc_top/mcdq_dcp_top/mcdq_dcp_buf/fifo_rdata_a[36]' of 'bmsWIDEDFFCPE' unit is dangling and will be cleaned.
W: Public-4008: Instance 'I_ips_ddr_top/u_ips_ddrc_top/mcdq_dcp_top/mcdq_dcp_buf/fifo_rdata_a[37]' of 'bmsWIDEDFFCPE' unit is dangling and will be cleaned.
W: Public-4008: Instance 'I_ips_ddr_top/u_ips_ddrc_top/mcdq_dcp_top/mcdq_dcp_buf/fifo_rdata_b[6]' of 'bmsWIDEDFFCPE' unit is dangling and will be cleaned.
W: Public-4008: Instance 'I_ips_ddr_top/u_ips_ddrc_top/mcdq_dcp_top/mcdq_dcp_buf/fifo_rdata_b[7]' of 'bmsWIDEDFFCPE' unit is dangling and will be cleaned.
W: Public-4008: Instance 'I_ips_ddr_top/u_ips_ddrc_top/mcdq_dcp_top/mcdq_dcp_buf/fifo_rdata_b[16]' of 'bmsWIDEDFFCPE' unit is dangling and will be cleaned.
W: Public-4008: Instance 'I_ips_ddr_top/u_ips_ddrc_top/mcdq_dcp_top/mcdq_dcp_buf/fifo_rdata_b[17]' of 'bmsWIDEDFFCPE' unit is dangling and will be cleaned.
W: Public-4008: Instance 'I_ips_ddr_top/u_ips_ddrc_top/mcdq_dcp_top/mcdq_dcp_buf/fifo_rdata_b[33]' of 'bmsWIDEDFFCPE' unit is dangling and will be cleaned.
W: Public-4008: Instance 'I_ips_ddr_top/u_ips_ddrc_top/mcdq_dcp_top/mcdq_dcp_buf/fifo_rdata_b[34]' of 'bmsWIDEDFFCPE' unit is dangling and will be cleaned.
W: Public-4008: Instance 'I_ips_ddr_top/u_ips_ddrc_top/mcdq_dcp_top/mcdq_dcp_buf/fifo_rdata_b[35]' of 'bmsWIDEDFFCPE' unit is dangling and will be cleaned.
W: Public-4008: Instance 'I_ips_ddr_top/u_ips_ddrc_top/mcdq_dcp_top/mcdq_dcp_buf/fifo_rdata_b[36]' of 'bmsWIDEDFFCPE' unit is dangling and will be cleaned.
W: Public-4008: Instance 'I_ips_ddr_top/u_ips_ddrc_top/mcdq_dcp_top/mcdq_dcp_buf/fifo_rdata_b[37]' of 'bmsWIDEDFFCPE' unit is dangling and will be cleaned.
W: Public-4008: Instance 'u_ips2l_pcie_wrap/U_IPS2L_PCIE_TOP/U_IPS2L_HSSTLP_PCIE_SOFT_PHY/hsst_pciex4_rst/hsst_rx_rst_mcrsw/genblk1[0].hsst_rst4mcrsw_rx_init/rx_rst_initfsm_multi_sw_lane/init_cntr[7]' of 'bmsWIDEDFFCPE' unit is dangling and will be cleaned.
W: Public-4008: Instance 'u_ips2l_pcie_wrap/U_IPS2L_PCIE_TOP/U_IPS2L_HSSTLP_PCIE_SOFT_PHY/hsst_pciex4_rst/hsst_rx_rst_mcrsw/genblk1[0].hsst_rst4mcrsw_rx_init/rx_rst_initfsm_multi_sw_lane/init_cntr[8]' of 'bmsWIDEDFFCPE' unit is dangling and will be cleaned.
W: Public-4008: Instance 'u_ips2l_pcie_wrap/U_IPS2L_PCIE_TOP/U_IPS2L_HSSTLP_PCIE_SOFT_PHY/hsst_pciex4_rst/hsst_rx_rst_mcrsw/genblk1[0].hsst_rst4mcrsw_rx_init/rx_rst_initfsm_multi_sw_lane/init_cntr[9]' of 'bmsWIDEDFFCPE' unit is dangling and will be cleaned.
W: Public-4008: Instance 'u_ips2l_pcie_wrap/U_IPS2L_PCIE_TOP/U_IPS2L_HSSTLP_PCIE_SOFT_PHY/hsst_pciex4_rst/hsst_rx_rst_mcrsw/genblk1[0].hsst_rst4mcrsw_rx_init/rx_rst_initfsm_multi_sw_lane/init_cntr[10]' of 'bmsWIDEDFFCPE' unit is dangling and will be cleaned.
W: Public-4008: Instance 'u_ips2l_pcie_wrap/U_IPS2L_PCIE_TOP/U_IPS2L_HSSTLP_PCIE_SOFT_PHY/hsst_pciex4_rst/hsst_rx_rst_mcrsw/genblk1[0].hsst_rst4mcrsw_rx_init/rx_rst_initfsm_multi_sw_lane/init_cntr[11]' of 'bmsWIDEDFFCPE' unit is dangling and will be cleaned.
W: Public-4008: Instance 'u_ips2l_pcie_wrap/U_IPS2L_PCIE_TOP/U_IPS2L_HSSTLP_PCIE_SOFT_PHY/hsst_pciex4_rst/hsst_rx_rst_mcrsw/genblk1[0].hsst_rst4mcrsw_rx_init/rx_rst_initfsm_multi_sw_lane/init_cntr[12]' of 'bmsWIDEDFFCPE' unit is dangling and will be cleaned.
W: Public-4008: Instance 'u_ips2l_pcie_wrap/U_IPS2L_PCIE_TOP/U_IPS2L_HSSTLP_PCIE_SOFT_PHY/hsst_pciex4_rst/hsst_rx_rst_mcrsw/genblk1[0].hsst_rst4mcrsw_rx_init/rx_rst_initfsm_multi_sw_lane/init_cntr[13]' of 'bmsWIDEDFFCPE' unit is dangling and will be cleaned.
W: Public-4008: Instance 'u_ips2l_pcie_wrap/U_IPS2L_PCIE_TOP/U_IPS2L_HSSTLP_PCIE_SOFT_PHY/hsst_pciex4_rst/hsst_rx_rst_mcrsw/genblk1[0].hsst_rst4mcrsw_rx_init/rx_rst_initfsm_multi_sw_lane/init_cntr[14]' of 'bmsWIDEDFFCPE' unit is dangling and will be cleaned.
W: Public-4008: Instance 'u_ips2l_pcie_wrap/U_IPS2L_PCIE_TOP/U_IPS2L_HSSTLP_PCIE_SOFT_PHY/hsst_pciex4_rst/hsst_rx_rst_mcrsw/genblk1[0].hsst_rst4mcrsw_rx_init/rx_rst_initfsm_multi_sw_lane/init_cntr[15]' of 'bmsWIDEDFFCPE' unit is dangling and will be cleaned.
W: Public-4008: Instance 'u_ips2l_pcie_wrap/U_IPS2L_PCIE_TOP/U_IPS2L_HSSTLP_PCIE_SOFT_PHY/hsst_pciex4_rst/hsst_rx_rst_mcrsw/genblk1[0].hsst_rst4mcrsw_rx_init/rx_rst_initfsm_multi_sw_lane/init_cntr[16]' of 'bmsWIDEDFFCPE' unit is dangling and will be cleaned.
W: Public-4008: Instance 'u_ips2l_pcie_wrap/U_IPS2L_PCIE_TOP/U_IPS2L_HSSTLP_PCIE_SOFT_PHY/hsst_pciex4_rst/hsst_rx_rst_mcrsw/genblk1[1].hsst_rst4mcrsw_rx_init/rx_rst_initfsm_multi_sw_lane/init_cntr[7]' of 'bmsWIDEDFFCPE' unit is dangling and will be cleaned.
W: Public-4008: Instance 'u_ips2l_pcie_wrap/U_IPS2L_PCIE_TOP/U_IPS2L_HSSTLP_PCIE_SOFT_PHY/hsst_pciex4_rst/hsst_rx_rst_mcrsw/genblk1[1].hsst_rst4mcrsw_rx_init/rx_rst_initfsm_multi_sw_lane/init_cntr[8]' of 'bmsWIDEDFFCPE' unit is dangling and will be cleaned.
W: Public-4008: Instance 'u_ips2l_pcie_wrap/U_IPS2L_PCIE_TOP/U_IPS2L_HSSTLP_PCIE_SOFT_PHY/hsst_pciex4_rst/hsst_rx_rst_mcrsw/genblk1[1].hsst_rst4mcrsw_rx_init/rx_rst_initfsm_multi_sw_lane/init_cntr[9]' of 'bmsWIDEDFFCPE' unit is dangling and will be cleaned.
W: Public-4008: Instance 'u_ips2l_pcie_wrap/U_IPS2L_PCIE_TOP/U_IPS2L_HSSTLP_PCIE_SOFT_PHY/hsst_pciex4_rst/hsst_rx_rst_mcrsw/genblk1[1].hsst_rst4mcrsw_rx_init/rx_rst_initfsm_multi_sw_lane/init_cntr[10]' of 'bmsWIDEDFFCPE' unit is dangling and will be cleaned.
W: Public-4008: Instance 'u_ips2l_pcie_wrap/U_IPS2L_PCIE_TOP/U_IPS2L_HSSTLP_PCIE_SOFT_PHY/hsst_pciex4_rst/hsst_rx_rst_mcrsw/genblk1[1].hsst_rst4mcrsw_rx_init/rx_rst_initfsm_multi_sw_lane/init_cntr[11]' of 'bmsWIDEDFFCPE' unit is dangling and will be cleaned.
W: Public-4008: Instance 'u_ips2l_pcie_wrap/U_IPS2L_PCIE_TOP/U_IPS2L_HSSTLP_PCIE_SOFT_PHY/hsst_pciex4_rst/hsst_rx_rst_mcrsw/genblk1[1].hsst_rst4mcrsw_rx_init/rx_rst_initfsm_multi_sw_lane/init_cntr[12]' of 'bmsWIDEDFFCPE' unit is dangling and will be cleaned.
W: Public-4008: Instance 'u_ips2l_pcie_wrap/U_IPS2L_PCIE_TOP/U_IPS2L_HSSTLP_PCIE_SOFT_PHY/hsst_pciex4_rst/hsst_rx_rst_mcrsw/genblk1[1].hsst_rst4mcrsw_rx_init/rx_rst_initfsm_multi_sw_lane/init_cntr[13]' of 'bmsWIDEDFFCPE' unit is dangling and will be cleaned.
W: Public-4008: Instance 'u_ips2l_pcie_wrap/U_IPS2L_PCIE_TOP/U_IPS2L_HSSTLP_PCIE_SOFT_PHY/hsst_pciex4_rst/hsst_rx_rst_mcrsw/genblk1[1].hsst_rst4mcrsw_rx_init/rx_rst_initfsm_multi_sw_lane/init_cntr[14]' of 'bmsWIDEDFFCPE' unit is dangling and will be cleaned.
W: Public-4008: Instance 'u_ips2l_pcie_wrap/U_IPS2L_PCIE_TOP/U_IPS2L_HSSTLP_PCIE_SOFT_PHY/hsst_pciex4_rst/hsst_rx_rst_mcrsw/genblk1[1].hsst_rst4mcrsw_rx_init/rx_rst_initfsm_multi_sw_lane/init_cntr[15]' of 'bmsWIDEDFFCPE' unit is dangling and will be cleaned.
W: Public-4008: Instance 'u_ips2l_pcie_wrap/U_IPS2L_PCIE_TOP/U_IPS2L_HSSTLP_PCIE_SOFT_PHY/hsst_pciex4_rst/hsst_rx_rst_mcrsw/genblk1[1].hsst_rst4mcrsw_rx_init/rx_rst_initfsm_multi_sw_lane/init_cntr[16]' of 'bmsWIDEDFFCPE' unit is dangling and will be cleaned.
W: Public-4008: Instance 'u_ips2l_pcie_wrap/U_IPS2L_PCIE_TOP/U_IPS2L_HSSTLP_PCIE_SOFT_PHY/hsst_pciex4_rst/hsst_tx_rst_mcrsw/tx_rst_fsm_multi_sw_lane/P_PMA_TX_RATE[2]' of 'bmsWIDEDFFCPE' unit is dangling and will be cleaned.
W: Public-4008: Instance 'I_ips_ddr_top/u_ips_ddrc_top/mcdq_ui_axi/old_row_addr_array[0][14]' of 'bmsWIDEDFFCPE' unit is dangling and will be cleaned.
W: Public-4008: Instance 'u_ips2l_pcie_wrap/U_IPS2L_PCIE_TOP/U_IPS2L_HSSTLP_PCIE_SOFT_PHY/hsst_pciex4_rst/hsst_rx_rst_mcrsw/genblk1[2].hsst_rst4mcrsw_rx_init/rx_rst_initfsm_multi_sw_lane/init_cntr[7]' of 'bmsWIDEDFFCPE' unit is dangling and will be cleaned.
W: Public-4008: Instance 'u_ips2l_pcie_wrap/U_IPS2L_PCIE_TOP/U_IPS2L_HSSTLP_PCIE_SOFT_PHY/hsst_pciex4_rst/hsst_rx_rst_mcrsw/genblk1[2].hsst_rst4mcrsw_rx_init/rx_rst_initfsm_multi_sw_lane/init_cntr[8]' of 'bmsWIDEDFFCPE' unit is dangling and will be cleaned.
W: Public-4008: Instance 'u_ips2l_pcie_wrap/U_IPS2L_PCIE_TOP/U_IPS2L_HSSTLP_PCIE_SOFT_PHY/hsst_pciex4_rst/hsst_rx_rst_mcrsw/genblk1[2].hsst_rst4mcrsw_rx_init/rx_rst_initfsm_multi_sw_lane/init_cntr[9]' of 'bmsWIDEDFFCPE' unit is dangling and will be cleaned.
W: Public-4008: Instance 'u_ips2l_pcie_wrap/U_IPS2L_PCIE_TOP/U_IPS2L_HSSTLP_PCIE_SOFT_PHY/hsst_pciex4_rst/hsst_rx_rst_mcrsw/genblk1[2].hsst_rst4mcrsw_rx_init/rx_rst_initfsm_multi_sw_lane/init_cntr[10]' of 'bmsWIDEDFFCPE' unit is dangling and will be cleaned.
W: Public-4008: Instance 'u_ips2l_pcie_wrap/U_IPS2L_PCIE_TOP/U_IPS2L_HSSTLP_PCIE_SOFT_PHY/hsst_pciex4_rst/hsst_rx_rst_mcrsw/genblk1[2].hsst_rst4mcrsw_rx_init/rx_rst_initfsm_multi_sw_lane/init_cntr[11]' of 'bmsWIDEDFFCPE' unit is dangling and will be cleaned.
W: Public-4008: Instance 'u_ips2l_pcie_wrap/U_IPS2L_PCIE_TOP/U_IPS2L_HSSTLP_PCIE_SOFT_PHY/hsst_pciex4_rst/hsst_rx_rst_mcrsw/genblk1[2].hsst_rst4mcrsw_rx_init/rx_rst_initfsm_multi_sw_lane/init_cntr[12]' of 'bmsWIDEDFFCPE' unit is dangling and will be cleaned.
W: Public-4008: Instance 'u_ips2l_pcie_wrap/U_IPS2L_PCIE_TOP/U_IPS2L_HSSTLP_PCIE_SOFT_PHY/hsst_pciex4_rst/hsst_rx_rst_mcrsw/genblk1[2].hsst_rst4mcrsw_rx_init/rx_rst_initfsm_multi_sw_lane/init_cntr[13]' of 'bmsWIDEDFFCPE' unit is dangling and will be cleaned.
W: Public-4008: Instance 'u_ips2l_pcie_wrap/U_IPS2L_PCIE_TOP/U_IPS2L_HSSTLP_PCIE_SOFT_PHY/hsst_pciex4_rst/hsst_rx_rst_mcrsw/genblk1[2].hsst_rst4mcrsw_rx_init/rx_rst_initfsm_multi_sw_lane/init_cntr[14]' of 'bmsWIDEDFFCPE' unit is dangling and will be cleaned.
W: Public-4008: Instance 'u_ips2l_pcie_wrap/U_IPS2L_PCIE_TOP/U_IPS2L_HSSTLP_PCIE_SOFT_PHY/hsst_pciex4_rst/hsst_rx_rst_mcrsw/genblk1[2].hsst_rst4mcrsw_rx_init/rx_rst_initfsm_multi_sw_lane/init_cntr[15]' of 'bmsWIDEDFFCPE' unit is dangling and will be cleaned.
W: Public-4008: Instance 'u_ips2l_pcie_wrap/U_IPS2L_PCIE_TOP/U_IPS2L_HSSTLP_PCIE_SOFT_PHY/hsst_pciex4_rst/hsst_rx_rst_mcrsw/genblk1[2].hsst_rst4mcrsw_rx_init/rx_rst_initfsm_multi_sw_lane/init_cntr[16]' of 'bmsWIDEDFFCPE' unit is dangling and will be cleaned.
W: Public-4008: Instance 'u_ips2l_pcie_wrap/U_IPS2L_PCIE_TOP/U_IPS2L_HSSTLP_PCIE_SOFT_PHY/hsst_pciex4_rst/hsst_rx_rst_mcrsw/genblk1[2].hsst_rst4mcrsw_rx_init/rx_rst_initfsm_multi_sw_lane/rx_init_fsm_reg[3]' of 'bmsWIDEDFFCPE' unit is dangling and will be cleaned.
W: Public-4008: Instance 'u_ips2l_pcie_wrap/U_IPS2L_PCIE_TOP/U_IPS2L_HSSTLP_PCIE_SOFT_PHY/hsst_pciex4_rst/hsst_rx_rst_mcrsw/genblk1[2].hsst_rst4mcrsw_rx_init/rx_rst_initfsm_multi_sw_lane/rx_init_fsm_reg[5]' of 'bmsWIDEDFFCPE' unit is dangling and will be cleaned.
W: Public-4008: Instance 'u_ips2l_pcie_wrap/U_IPS2L_PCIE_TOP/U_IPS2L_HSSTLP_PCIE_SOFT_PHY/hsst_pciex4_rst/hsst_rx_rst_mcrsw/genblk1[2].hsst_rst4mcrsw_rx_init/rx_rst_initfsm_multi_sw_lane/rx_init_fsm_reg[6]' of 'bmsWIDEDFFCPE' unit is dangling and will be cleaned.
W: Public-4008: Instance 'u_ips2l_pcie_wrap/U_IPS2L_PCIE_TOP/U_IPS2L_HSSTLP_PCIE_SOFT_PHY/hsst_pciex4_rst/hsst_rx_rst_mcrsw/genblk1[2].hsst_rst4mcrsw_rx_init/rx_rst_initfsm_multi_sw_lane/rx_init_fsm_reg[7]' of 'bmsWIDEDFFCPE' unit is dangling and will be cleaned.
W: Public-4008: Instance 'u_ips2l_pcie_wrap/U_IPS2L_PCIE_TOP/U_IPS2L_HSSTLP_PCIE_SOFT_PHY/hsst_pciex4_rst/hsst_rx_rst_mcrsw/genblk1[2].hsst_rst4mcrsw_rx_init/rx_rst_initfsm_multi_sw_lane/rx_init_fsm_reg[8]' of 'bmsWIDEDFFCPE' unit is dangling and will be cleaned.
W: Public-4008: Instance 'u_ips2l_pcie_wrap/U_IPS2L_PCIE_TOP/U_IPS2L_HSSTLP_PCIE_SOFT_PHY/hsst_pciex4_rst/hsst_rx_rst_mcrsw/genblk1[2].hsst_rst4mcrsw_rx_init/rx_rst_initfsm_multi_sw_lane/rx_init_fsm_reg[9]' of 'bmsWIDEDFFCPE' unit is dangling and will be cleaned.
W: Public-4008: Instance 'I_ips_ddr_top/u_ips_ddrc_top/mcdq_ui_axi/pre_addr[0]' of 'bmsWIDEDFFCPE' unit is dangling and will be cleaned.
W: Public-4008: Instance 'I_ips_ddr_top/u_ips_ddrc_top/mcdq_ui_axi/pre_addr[1]' of 'bmsWIDEDFFCPE' unit is dangling and will be cleaned.
W: Public-4008: Instance 'I_ips_ddr_top/u_ips_ddrc_top/mcdq_ui_axi/pre_addr[2]' of 'bmsWIDEDFFCPE' unit is dangling and will be cleaned.
W: Public-4008: Instance 'I_ips_ddr_top/u_ips_ddrc_top/mcdq_ui_axi/pre_addr[3]' of 'bmsWIDEDFFCPE' unit is dangling and will be cleaned.
W: Public-4008: Instance 'I_ips_ddr_top/u_ips_ddrc_top/mcdq_ui_axi/pre_addr[4]' of 'bmsWIDEDFFCPE' unit is dangling and will be cleaned.
W: Public-4008: Instance 'I_ips_ddr_top/u_ips_ddrc_top/mcdq_ui_axi/pre_addr[5]' of 'bmsWIDEDFFCPE' unit is dangling and will be cleaned.
W: Public-4008: Instance 'I_ips_ddr_top/u_ips_ddrc_top/mcdq_ui_axi/pre_addr[6]' of 'bmsWIDEDFFCPE' unit is dangling and will be cleaned.
W: Public-4008: Instance 'I_ips_ddr_top/u_ips_ddrc_top/mcdq_ui_axi/pre_addr[7]' of 'bmsWIDEDFFCPE' unit is dangling and will be cleaned.
W: Public-4008: Instance 'I_ips_ddr_top/u_ips_ddrc_top/mcdq_ui_axi/pre_addr[24]' of 'bmsWIDEDFFCPE' unit is dangling and will be cleaned.
W: Public-4008: Instance 'I_ips_ddr_top/u_ips_ddrc_top/mcdq_ui_axi/pre_addr[25]' of 'bmsWIDEDFFCPE' unit is dangling and will be cleaned.
W: Public-4008: Instance 'I_ips_ddr_top/u_ips_ddrc_top/mcdq_ui_axi/pre_addr[26]' of 'bmsWIDEDFFCPE' unit is dangling and will be cleaned.
W: Public-4008: Instance 'I_ips_ddr_top/u_ips_ddrc_top/mcdq_ui_axi/pre_addr[27]' of 'bmsWIDEDFFCPE' unit is dangling and will be cleaned.
W: Public-4008: Instance 'I_ips_ddr_top/u_ips_ddrc_top/mcdq_ui_axi/pre_len[1]' of 'bmsWIDEDFFCPE' unit is dangling and will be cleaned.
W: Public-4008: Instance 'I_ips_ddr_top/u_ips_ddrc_top/mcdq_ui_axi/pre_len[2]' of 'bmsWIDEDFFCPE' unit is dangling and will be cleaned.
W: Public-4008: Instance 'I_ips_ddr_top/u_ips_ddrc_top/mcdq_ui_axi/pre_len[3]' of 'bmsWIDEDFFCPE' unit is dangling and will be cleaned.
W: Public-4008: Instance 'u_ips2l_pcie_wrap/U_IPS2L_PCIE_TOP/U_IPS2L_HSSTLP_PCIE_SOFT_PHY/hsst_pciex4_rst/hsst_rx_rst_mcrsw/genblk1[3].hsst_rst4mcrsw_rx_init/rx_rst_initfsm_multi_sw_lane/init_cntr[7]' of 'bmsWIDEDFFCPE' unit is dangling and will be cleaned.
W: Public-4008: Instance 'u_ips2l_pcie_wrap/U_IPS2L_PCIE_TOP/U_IPS2L_HSSTLP_PCIE_SOFT_PHY/hsst_pciex4_rst/hsst_rx_rst_mcrsw/genblk1[3].hsst_rst4mcrsw_rx_init/rx_rst_initfsm_multi_sw_lane/init_cntr[8]' of 'bmsWIDEDFFCPE' unit is dangling and will be cleaned.
W: Public-4008: Instance 'u_ips2l_pcie_wrap/U_IPS2L_PCIE_TOP/U_IPS2L_HSSTLP_PCIE_SOFT_PHY/hsst_pciex4_rst/hsst_rx_rst_mcrsw/genblk1[3].hsst_rst4mcrsw_rx_init/rx_rst_initfsm_multi_sw_lane/init_cntr[9]' of 'bmsWIDEDFFCPE' unit is dangling and will be cleaned.
W: Public-4008: Instance 'u_ips2l_pcie_wrap/U_IPS2L_PCIE_TOP/U_IPS2L_HSSTLP_PCIE_SOFT_PHY/hsst_pciex4_rst/hsst_rx_rst_mcrsw/genblk1[3].hsst_rst4mcrsw_rx_init/rx_rst_initfsm_multi_sw_lane/init_cntr[10]' of 'bmsWIDEDFFCPE' unit is dangling and will be cleaned.
W: Public-4008: Instance 'u_ips2l_pcie_wrap/U_IPS2L_PCIE_TOP/U_IPS2L_HSSTLP_PCIE_SOFT_PHY/hsst_pciex4_rst/hsst_rx_rst_mcrsw/genblk1[3].hsst_rst4mcrsw_rx_init/rx_rst_initfsm_multi_sw_lane/init_cntr[11]' of 'bmsWIDEDFFCPE' unit is dangling and will be cleaned.
W: Public-4008: Instance 'u_ips2l_pcie_wrap/U_IPS2L_PCIE_TOP/U_IPS2L_HSSTLP_PCIE_SOFT_PHY/hsst_pciex4_rst/hsst_rx_rst_mcrsw/genblk1[3].hsst_rst4mcrsw_rx_init/rx_rst_initfsm_multi_sw_lane/init_cntr[12]' of 'bmsWIDEDFFCPE' unit is dangling and will be cleaned.
W: Public-4008: Instance 'u_ips2l_pcie_wrap/U_IPS2L_PCIE_TOP/U_IPS2L_HSSTLP_PCIE_SOFT_PHY/hsst_pciex4_rst/hsst_rx_rst_mcrsw/genblk1[3].hsst_rst4mcrsw_rx_init/rx_rst_initfsm_multi_sw_lane/init_cntr[13]' of 'bmsWIDEDFFCPE' unit is dangling and will be cleaned.
W: Public-4008: Instance 'u_ips2l_pcie_wrap/U_IPS2L_PCIE_TOP/U_IPS2L_HSSTLP_PCIE_SOFT_PHY/hsst_pciex4_rst/hsst_rx_rst_mcrsw/genblk1[3].hsst_rst4mcrsw_rx_init/rx_rst_initfsm_multi_sw_lane/init_cntr[14]' of 'bmsWIDEDFFCPE' unit is dangling and will be cleaned.
W: Public-4008: Instance 'u_ips2l_pcie_wrap/U_IPS2L_PCIE_TOP/U_IPS2L_HSSTLP_PCIE_SOFT_PHY/hsst_pciex4_rst/hsst_rx_rst_mcrsw/genblk1[3].hsst_rst4mcrsw_rx_init/rx_rst_initfsm_multi_sw_lane/init_cntr[15]' of 'bmsWIDEDFFCPE' unit is dangling and will be cleaned.
W: Public-4008: Instance 'u_ips2l_pcie_wrap/U_IPS2L_PCIE_TOP/U_IPS2L_HSSTLP_PCIE_SOFT_PHY/hsst_pciex4_rst/hsst_rx_rst_mcrsw/genblk1[3].hsst_rst4mcrsw_rx_init/rx_rst_initfsm_multi_sw_lane/init_cntr[16]' of 'bmsWIDEDFFCPE' unit is dangling and will be cleaned.
W: Public-4008: Instance 'u_ips2l_pcie_wrap/U_IPS2L_PCIE_TOP/U_IPS2L_HSSTLP_PCIE_SOFT_PHY/hsst_pciex4_rst/hsst_rx_rst_mcrsw/genblk1[3].hsst_rst4mcrsw_rx_init/rx_rst_initfsm_multi_sw_lane/rx_init_fsm_reg[3]' of 'bmsWIDEDFFCPE' unit is dangling and will be cleaned.
W: Public-4008: Instance 'u_ips2l_pcie_wrap/U_IPS2L_PCIE_TOP/U_IPS2L_HSSTLP_PCIE_SOFT_PHY/hsst_pciex4_rst/hsst_rx_rst_mcrsw/genblk1[3].hsst_rst4mcrsw_rx_init/rx_rst_initfsm_multi_sw_lane/rx_init_fsm_reg[5]' of 'bmsWIDEDFFCPE' unit is dangling and will be cleaned.
W: Public-4008: Instance 'u_ips2l_pcie_wrap/U_IPS2L_PCIE_TOP/U_IPS2L_HSSTLP_PCIE_SOFT_PHY/hsst_pciex4_rst/hsst_rx_rst_mcrsw/genblk1[3].hsst_rst4mcrsw_rx_init/rx_rst_initfsm_multi_sw_lane/rx_init_fsm_reg[6]' of 'bmsWIDEDFFCPE' unit is dangling and will be cleaned.
W: Public-4008: Instance 'u_ips2l_pcie_wrap/U_IPS2L_PCIE_TOP/U_IPS2L_HSSTLP_PCIE_SOFT_PHY/hsst_pciex4_rst/hsst_rx_rst_mcrsw/genblk1[3].hsst_rst4mcrsw_rx_init/rx_rst_initfsm_multi_sw_lane/rx_init_fsm_reg[7]' of 'bmsWIDEDFFCPE' unit is dangling and will be cleaned.
W: Public-4008: Instance 'u_ips2l_pcie_wrap/U_IPS2L_PCIE_TOP/U_IPS2L_HSSTLP_PCIE_SOFT_PHY/hsst_pciex4_rst/hsst_rx_rst_mcrsw/genblk1[3].hsst_rst4mcrsw_rx_init/rx_rst_initfsm_multi_sw_lane/rx_init_fsm_reg[8]' of 'bmsWIDEDFFCPE' unit is dangling and will be cleaned.
W: Public-4008: Instance 'u_ips2l_pcie_wrap/U_IPS2L_PCIE_TOP/U_IPS2L_HSSTLP_PCIE_SOFT_PHY/hsst_pciex4_rst/hsst_rx_rst_mcrsw/genblk1[3].hsst_rst4mcrsw_rx_init/rx_rst_initfsm_multi_sw_lane/rx_init_fsm_reg[9]' of 'bmsWIDEDFFCPE' unit is dangling and will be cleaned.
W: Public-4008: Instance 'u_ips2l_pcie_wrap/U_IPS2L_PCIE_TOP/U_IPS2L_PCIE_HARD_CTRL/U_IPS2L_PCIE_CFG_SPACE_INIT/rom_raddr[6]' of 'bmsWIDEDFFCPE' unit is dangling and will be cleaned.
W: Public-4008: Instance 'u_ips2l_pcie_wrap/U_IPS2L_PCIE_TOP/U_IPS2L_PCIE_HARD_CTRL/U_IPS2L_PCIE_CFG_SPACE_INIT/rom_raddr[7]' of 'bmsWIDEDFFCPE' unit is dangling and will be cleaned.
W: Public-4008: Instance 'u_ips2l_pcie_wrap/U_IPS2L_PCIE_TOP/U_IPS2L_PCIE_HARD_CTRL/U_IPS2L_PCIE_CFG_SPACE_INIT/rom_raddr[8]' of 'bmsWIDEDFFCPE' unit is dangling and will be cleaned.
W: Public-4008: Instance 'u_ips2l_pcie_wrap/U_IPS2L_PCIE_TOP/U_IPS2L_PCIE_HARD_CTRL/U_IPS2L_PCIE_CFG_SPACE_INIT/rom_raddr[9]' of 'bmsWIDEDFFCPE' unit is dangling and will be cleaned.
W: Public-4008: Instance 'u_ips2l_pcie_wrap/U_IPS2L_PCIE_TOP/U_IPS2L_PCIE_HARD_CTRL/p_hdrq_data_in_r[69]' of 'bmsWIDEDFFCPE' unit is dangling and will be cleaned.
W: Public-4008: Instance 'u_ips2l_pcie_wrap/U_IPS2L_PCIE_TOP/U_IPS2L_PCIE_HARD_CTRL/p_hdrq_data_in_r[70]' of 'bmsWIDEDFFCPE' unit is dangling and will be cleaned.
W: Public-4008: Instance 'u_ips2l_pcie_wrap/U_IPS2L_PCIE_TOP/U_IPS2L_PCIE_HARD_CTRL/p_hdrq_data_in_r[71]' of 'bmsWIDEDFFCPE' unit is dangling and will be cleaned.
W: Public-4008: Instance 'u_ips2l_pcie_wrap/U_IPS2L_PCIE_TOP/U_IPS2L_PCIE_HARD_CTRL/p_hdrq_data_in_r[72]' of 'bmsWIDEDFFCPE' unit is dangling and will be cleaned.
W: Public-4008: Instance 'u_ips2l_pcie_wrap/U_IPS2L_PCIE_TOP/U_IPS2L_PCIE_HARD_CTRL/p_hdrq_data_in_r[73]' of 'bmsWIDEDFFCPE' unit is dangling and will be cleaned.
W: Public-4008: Instance 'u_ips2l_pcie_wrap/U_IPS2L_PCIE_TOP/U_IPS2L_PCIE_HARD_CTRL/p_hdrq_data_in_r[74]' of 'bmsWIDEDFFCPE' unit is dangling and will be cleaned.
W: Public-4008: Instance 'u_ips2l_pcie_wrap/U_IPS2L_PCIE_TOP/U_IPS2L_PCIE_HARD_CTRL/p_hdrq_data_in_r[75]' of 'bmsWIDEDFFCPE' unit is dangling and will be cleaned.
W: Public-4008: Instance 'u_ips2l_pcie_wrap/U_IPS2L_PCIE_TOP/U_IPS2L_PCIE_HARD_CTRL/p_hdrq_data_in_r[76]' of 'bmsWIDEDFFCPE' unit is dangling and will be cleaned.
W: Public-4008: Instance 'u_ips2l_pcie_wrap/U_IPS2L_PCIE_TOP/U_IPS2L_PCIE_HARD_CTRL/p_hdrq_data_in_r[77]' of 'bmsWIDEDFFCPE' unit is dangling and will be cleaned.
W: Public-4008: Instance 'u_ips2l_pcie_wrap/U_IPS2L_PCIE_TOP/U_IPS2L_PCIE_HARD_CTRL/p_hdrq_data_in_r[78]' of 'bmsWIDEDFFCPE' unit is dangling and will be cleaned.
W: Public-4008: Instance 'u_ips2l_pcie_wrap/U_IPS2L_PCIE_TOP/U_IPS2L_PCIE_HARD_CTRL/p_hdrq_data_in_r[79]' of 'bmsWIDEDFFCPE' unit is dangling and will be cleaned.
W: Public-4008: Instance 'u_ips2l_pcie_wrap/U_IPS2L_PCIE_TOP/U_IPS2L_PCIE_HARD_CTRL/p_hdrq_data_in_r[80]' of 'bmsWIDEDFFCPE' unit is dangling and will be cleaned.
W: Public-4008: Instance 'u_ips2l_pcie_wrap/U_IPS2L_PCIE_TOP/U_IPS2L_PCIE_HARD_CTRL/p_hdrq_data_in_r[81]' of 'bmsWIDEDFFCPE' unit is dangling and will be cleaned.
W: Public-4008: Instance 'u_ips2l_pcie_wrap/U_IPS2L_PCIE_TOP/U_IPS2L_PCIE_HARD_CTRL/p_hdrq_data_in_r[82]' of 'bmsWIDEDFFCPE' unit is dangling and will be cleaned.
W: Public-4008: Instance 'u_ips2l_pcie_wrap/U_IPS2L_PCIE_TOP/U_IPS2L_PCIE_HARD_CTRL/p_hdrq_data_in_r[83]' of 'bmsWIDEDFFCPE' unit is dangling and will be cleaned.
W: Public-4008: Instance 'u_ips2l_pcie_wrap/U_IPS2L_PCIE_TOP/U_IPS2L_PCIE_HARD_CTRL/p_hdrq_data_in_r[84]' of 'bmsWIDEDFFCPE' unit is dangling and will be cleaned.
W: Public-4008: Instance 'u_ips2l_pcie_wrap/U_IPS2L_PCIE_TOP/U_IPS2L_PCIE_HARD_CTRL/p_hdrq_data_in_r[85]' of 'bmsWIDEDFFCPE' unit is dangling and will be cleaned.
W: Public-4008: Instance 'u_ips2l_pcie_wrap/U_IPS2L_PCIE_TOP/U_IPS2L_PCIE_HARD_CTRL/p_hdrq_data_in_r[86]' of 'bmsWIDEDFFCPE' unit is dangling and will be cleaned.
W: Public-4008: Instance 'u_ips2l_pcie_wrap/U_IPS2L_PCIE_TOP/U_IPS2L_PCIE_HARD_CTRL/p_hdrq_data_in_r[87]' of 'bmsWIDEDFFCPE' unit is dangling and will be cleaned.
W: Public-4008: Instance 'u_ips2l_pcie_wrap/U_IPS2L_PCIE_TOP/U_IPS2L_PCIE_HARD_CTRL/p_hdrq_data_in_r[88]' of 'bmsWIDEDFFCPE' unit is dangling and will be cleaned.
W: Public-4008: Instance 'u_ips2l_pcie_wrap/U_IPS2L_PCIE_TOP/U_IPS2L_PCIE_HARD_CTRL/p_hdrq_data_in_r[89]' of 'bmsWIDEDFFCPE' unit is dangling and will be cleaned.
W: Public-4008: Instance 'u_ips2l_pcie_wrap/U_IPS2L_PCIE_TOP/U_IPS2L_PCIE_HARD_CTRL/p_hdrq_data_in_r[90]' of 'bmsWIDEDFFCPE' unit is dangling and will be cleaned.
W: Public-4008: Instance 'u_ips2l_pcie_wrap/U_IPS2L_PCIE_TOP/U_IPS2L_PCIE_HARD_CTRL/p_hdrq_data_in_r[91]' of 'bmsWIDEDFFCPE' unit is dangling and will be cleaned.
W: Public-4008: Instance 'u_ips2l_pcie_wrap/U_IPS2L_PCIE_TOP/U_IPS2L_PCIE_HARD_CTRL/p_hdrq_data_in_r[92]' of 'bmsWIDEDFFCPE' unit is dangling and will be cleaned.
W: Public-4008: Instance 'u_ips2l_pcie_wrap/U_IPS2L_PCIE_TOP/U_IPS2L_PCIE_HARD_CTRL/p_hdrq_data_in_r[93]' of 'bmsWIDEDFFCPE' unit is dangling and will be cleaned.
W: Public-4008: Instance 'u_ips2l_pcie_wrap/U_IPS2L_PCIE_TOP/U_IPS2L_PCIE_HARD_CTRL/p_hdrq_data_in_r[94]' of 'bmsWIDEDFFCPE' unit is dangling and will be cleaned.
W: Public-4008: Instance 'u_ips2l_pcie_wrap/U_IPS2L_PCIE_TOP/U_IPS2L_PCIE_HARD_CTRL/p_hdrq_data_in_r[95]' of 'bmsWIDEDFFCPE' unit is dangling and will be cleaned.
W: Public-4008: Instance 'u_ips2l_pcie_wrap/U_IPS2L_PCIE_TOP/U_IPS2L_PCIE_HARD_CTRL/p_hdrq_data_in_r[96]' of 'bmsWIDEDFFCPE' unit is dangling and will be cleaned.
W: Public-4008: Instance 'u_ips2l_pcie_wrap/U_IPS2L_PCIE_TOP/U_IPS2L_PCIE_HARD_CTRL/p_hdrq_data_in_r[97]' of 'bmsWIDEDFFCPE' unit is dangling and will be cleaned.
W: Public-4008: Instance 'u_ips2l_pcie_wrap/U_IPS2L_PCIE_TOP/U_IPS2L_PCIE_HARD_CTRL/p_hdrq_data_in_r[98]' of 'bmsWIDEDFFCPE' unit is dangling and will be cleaned.
W: Public-4008: Instance 'u_ips2l_pcie_wrap/U_IPS2L_PCIE_TOP/U_IPS2L_PCIE_HARD_CTRL/p_hdrq_data_in_r[99]' of 'bmsWIDEDFFCPE' unit is dangling and will be cleaned.
W: Public-4008: Instance 'u_ips2l_pcie_wrap/U_IPS2L_PCIE_TOP/U_IPS2L_PCIE_HARD_CTRL/p_hdrq_data_in_r[100]' of 'bmsWIDEDFFCPE' unit is dangling and will be cleaned.
W: Public-4008: Instance 'u_ips2l_pcie_wrap/U_IPS2L_PCIE_TOP/U_IPS2L_PCIE_HARD_CTRL/p_hdrq_data_in_r[101]' of 'bmsWIDEDFFCPE' unit is dangling and will be cleaned.
W: Public-4008: Instance 'u_ips2l_pcie_wrap/U_IPS2L_PCIE_TOP/U_IPS2L_PCIE_HARD_CTRL/p_hdrq_data_in_r[102]' of 'bmsWIDEDFFCPE' unit is dangling and will be cleaned.
W: Public-4008: Instance 'u_ips2l_pcie_wrap/U_IPS2L_PCIE_TOP/U_IPS2L_PCIE_HARD_CTRL/p_hdrq_data_in_r[103]' of 'bmsWIDEDFFCPE' unit is dangling and will be cleaned.
W: Public-4008: Instance 'u_ips2l_pcie_wrap/U_IPS2L_PCIE_TOP/U_IPS2L_PCIE_HARD_CTRL/p_hdrq_data_in_r[104]' of 'bmsWIDEDFFCPE' unit is dangling and will be cleaned.
W: Public-4008: Instance 'u_ips2l_pcie_wrap/U_IPS2L_PCIE_TOP/U_IPS2L_PCIE_HARD_CTRL/p_hdrq_data_in_r[105]' of 'bmsWIDEDFFCPE' unit is dangling and will be cleaned.
W: Public-4008: Instance 'u_ips2l_pcie_wrap/U_IPS2L_PCIE_TOP/U_IPS2L_PCIE_HARD_CTRL/p_hdrq_data_in_r[106]' of 'bmsWIDEDFFCPE' unit is dangling and will be cleaned.
W: Public-4008: Instance 'u_ips2l_pcie_wrap/U_IPS2L_PCIE_TOP/U_IPS2L_PCIE_HARD_CTRL/p_hdrq_data_in_r[107]' of 'bmsWIDEDFFCPE' unit is dangling and will be cleaned.
W: Public-4008: Instance 'u_ips2l_pcie_wrap/U_IPS2L_PCIE_TOP/U_IPS2L_PCIE_HARD_CTRL/p_hdrq_data_in_r[108]' of 'bmsWIDEDFFCPE' unit is dangling and will be cleaned.
W: Public-4008: Instance 'u_ips2l_pcie_wrap/U_IPS2L_PCIE_TOP/U_IPS2L_PCIE_HARD_CTRL/p_hdrq_data_in_r[109]' of 'bmsWIDEDFFCPE' unit is dangling and will be cleaned.
W: Public-4008: Instance 'u_ips2l_pcie_wrap/U_IPS2L_PCIE_TOP/U_IPS2L_PCIE_HARD_CTRL/p_hdrq_data_in_r[110]' of 'bmsWIDEDFFCPE' unit is dangling and will be cleaned.
W: Public-4008: Instance 'u_ips2l_pcie_wrap/U_IPS2L_PCIE_TOP/U_IPS2L_PCIE_HARD_CTRL/p_hdrq_data_in_r[111]' of 'bmsWIDEDFFCPE' unit is dangling and will be cleaned.
W: Public-4008: Instance 'u_ips2l_pcie_wrap/U_IPS2L_PCIE_TOP/U_IPS2L_PCIE_HARD_CTRL/p_hdrq_data_in_r[112]' of 'bmsWIDEDFFCPE' unit is dangling and will be cleaned.
W: Public-4008: Instance 'u_ips2l_pcie_wrap/U_IPS2L_PCIE_TOP/U_IPS2L_PCIE_HARD_CTRL/p_hdrq_data_in_r[113]' of 'bmsWIDEDFFCPE' unit is dangling and will be cleaned.
W: Public-4008: Instance 'u_ips2l_pcie_wrap/U_IPS2L_PCIE_TOP/U_IPS2L_PCIE_HARD_CTRL/p_hdrq_data_in_r[114]' of 'bmsWIDEDFFCPE' unit is dangling and will be cleaned.
W: Public-4008: Instance 'u_ips2l_pcie_wrap/U_IPS2L_PCIE_TOP/U_IPS2L_PCIE_HARD_CTRL/p_hdrq_data_in_r[115]' of 'bmsWIDEDFFCPE' unit is dangling and will be cleaned.
W: Public-4008: Instance 'u_ips2l_pcie_wrap/U_IPS2L_PCIE_TOP/U_IPS2L_PCIE_HARD_CTRL/p_hdrq_data_in_r[116]' of 'bmsWIDEDFFCPE' unit is dangling and will be cleaned.
W: Public-4008: Instance 'u_ips2l_pcie_wrap/U_IPS2L_PCIE_TOP/U_IPS2L_PCIE_HARD_CTRL/p_hdrq_data_in_r[117]' of 'bmsWIDEDFFCPE' unit is dangling and will be cleaned.
W: Public-4008: Instance 'u_ips2l_pcie_wrap/U_IPS2L_PCIE_TOP/U_IPS2L_PCIE_HARD_CTRL/p_hdrq_data_in_r[118]' of 'bmsWIDEDFFCPE' unit is dangling and will be cleaned.
W: Public-4008: Instance 'u_ips2l_pcie_wrap/U_IPS2L_PCIE_TOP/U_IPS2L_PCIE_HARD_CTRL/p_hdrq_data_in_r[119]' of 'bmsWIDEDFFCPE' unit is dangling and will be cleaned.
W: Public-4008: Instance 'u_ips2l_pcie_wrap/U_IPS2L_PCIE_TOP/U_IPS2L_PCIE_HARD_CTRL/p_hdrq_data_in_r[120]' of 'bmsWIDEDFFCPE' unit is dangling and will be cleaned.
W: Public-4008: Instance 'u_ips2l_pcie_wrap/U_IPS2L_PCIE_TOP/U_IPS2L_PCIE_HARD_CTRL/p_hdrq_data_in_r[121]' of 'bmsWIDEDFFCPE' unit is dangling and will be cleaned.
W: Public-4008: Instance 'u_ips2l_pcie_wrap/U_IPS2L_PCIE_TOP/U_IPS2L_PCIE_HARD_CTRL/p_hdrq_data_in_r[122]' of 'bmsWIDEDFFCPE' unit is dangling and will be cleaned.
W: Public-4008: Instance 'u_ips2l_pcie_wrap/U_IPS2L_PCIE_TOP/U_IPS2L_PCIE_HARD_CTRL/p_hdrq_data_in_r[123]' of 'bmsWIDEDFFCPE' unit is dangling and will be cleaned.
W: Public-4008: Instance 'u_ips2l_pcie_wrap/U_IPS2L_PCIE_TOP/U_IPS2L_PCIE_HARD_CTRL/p_hdrq_data_in_r[124]' of 'bmsWIDEDFFCPE' unit is dangling and will be cleaned.
W: Public-4008: Instance 'u_ips2l_pcie_wrap/U_IPS2L_PCIE_TOP/U_IPS2L_PCIE_HARD_CTRL/p_hdrq_data_in_r[125]' of 'bmsWIDEDFFCPE' unit is dangling and will be cleaned.
W: Public-4008: Instance 'u_ips2l_pcie_wrap/U_IPS2L_PCIE_TOP/U_IPS2L_PCIE_HARD_CTRL/p_hdrq_data_in_r[126]' of 'bmsWIDEDFFCPE' unit is dangling and will be cleaned.
W: Public-4008: Instance 'u_ips2l_pcie_wrap/U_IPS2L_PCIE_TOP/U_IPS2L_PCIE_HARD_CTRL/p_hdrq_data_in_r[127]' of 'bmsWIDEDFFCPE' unit is dangling and will be cleaned.
W: Public-4008: Instance 'u_ips2l_pcie_wrap/U_IPS2L_PCIE_TOP/U_IPS2L_PCIE_HARD_CTRL/p_hdrq_data_in_r[128]' of 'bmsWIDEDFFCPE' unit is dangling and will be cleaned.
W: Public-4008: Instance 'u_ips2l_pcie_wrap/U_IPS2L_PCIE_TOP/U_IPS2L_PCIE_HARD_CTRL/p_hdrq_data_in_r[129]' of 'bmsWIDEDFFCPE' unit is dangling and will be cleaned.
W: Public-4008: Instance 'u_ips2l_pcie_wrap/U_IPS2L_PCIE_TOP/U_IPS2L_PCIE_HARD_CTRL/p_hdrq_data_in_r[130]' of 'bmsWIDEDFFCPE' unit is dangling and will be cleaned.
W: Public-4008: Instance 'u_ips2l_pcie_wrap/U_IPS2L_PCIE_TOP/U_IPS2L_PCIE_HARD_CTRL/p_hdrq_data_in_r[131]' of 'bmsWIDEDFFCPE' unit is dangling and will be cleaned.
W: Public-4008: Instance 'u_ips2l_pcie_wrap/U_IPS2L_PCIE_TOP/U_IPS2L_PCIE_HARD_CTRL/p_hdrq_data_in_r[132]' of 'bmsWIDEDFFCPE' unit is dangling and will be cleaned.
W: Public-4008: Instance 'u_ips2l_pcie_wrap/U_IPS2L_PCIE_TOP/U_IPS2L_PCIE_HARD_CTRL/p_hdrq_data_in_r[133]' of 'bmsWIDEDFFCPE' unit is dangling and will be cleaned.
W: Public-4008: Instance 'u_ips2l_pcie_wrap/U_IPS2L_PCIE_TOP/U_IPS2L_PCIE_HARD_CTRL/p_hdrq_data_in_r[134]' of 'bmsWIDEDFFCPE' unit is dangling and will be cleaned.
W: Public-4008: Instance 'u_ips2l_pcie_wrap/U_IPS2L_PCIE_TOP/U_IPS2L_PCIE_HARD_CTRL/p_hdrq_data_in_r[135]' of 'bmsWIDEDFFCPE' unit is dangling and will be cleaned.
W: Public-4008: Instance 'u_ips2l_pcie_wrap/U_IPS2L_PCIE_TOP/U_IPS2L_PCIE_HARD_CTRL/p_hdrq_data_in_r[136]' of 'bmsWIDEDFFCPE' unit is dangling and will be cleaned.
W: Public-4008: Instance 'u_ips2l_pcie_wrap/U_IPS2L_PCIE_TOP/U_IPS2L_PCIE_HARD_CTRL/p_hdrq_data_in_r[137]' of 'bmsWIDEDFFCPE' unit is dangling and will be cleaned.
W: Public-4008: Instance 'u_ips2l_pcie_wrap/U_IPS2L_PCIE_TOP/U_IPS2L_PCIE_HARD_CTRL/U_IPS2L_PCIE_CFG_SPACE_INIT/dbi_addr[1]' of 'bmsWIDEDFFCPE' unit is dangling and will be cleaned.
W: Public-4008: Instance 'u_ips2l_pcie_wrap/U_IPS2L_PCIE_TOP/U_IPS2L_PCIE_HARD_CTRL/U_IPS2L_PCIE_CFG_SPACE_INIT/dbi_addr[2]' of 'bmsWIDEDFFCPE' unit is dangling and will be cleaned.
W: Public-4008: Instance 'u_ips2l_pcie_wrap/U_IPS2L_PCIE_TOP/U_IPS2L_PCIE_HARD_CTRL/U_IPS2L_PCIE_CFG_SPACE_INIT/dbi_addr[3]' of 'bmsWIDEDFFCPE' unit is dangling and will be cleaned.
W: Public-4008: Instance 'u_ips2l_pcie_wrap/U_IPS2L_PCIE_TOP/U_IPS2L_PCIE_HARD_CTRL/U_IPS2L_PCIE_CFG_SPACE_INIT/dbi_addr[4]' of 'bmsWIDEDFFCPE' unit is dangling and will be cleaned.
W: Public-4008: Instance 'u_ips2l_pcie_wrap/U_IPS2L_PCIE_TOP/U_IPS2L_PCIE_HARD_CTRL/U_IPS2L_PCIE_CFG_SPACE_INIT/dbi_addr[5]' of 'bmsWIDEDFFCPE' unit is dangling and will be cleaned.
W: Public-4008: Instance 'u_ips2l_pcie_wrap/U_IPS2L_PCIE_TOP/U_IPS2L_PCIE_HARD_CTRL/U_IPS2L_PCIE_CFG_SPACE_INIT/dbi_addr[6]' of 'bmsWIDEDFFCPE' unit is dangling and will be cleaned.
W: Public-4008: Instance 'u_ips2l_pcie_wrap/U_IPS2L_PCIE_TOP/U_IPS2L_PCIE_HARD_CTRL/U_IPS2L_PCIE_CFG_SPACE_INIT/dbi_addr[7]' of 'bmsWIDEDFFCPE' unit is dangling and will be cleaned.
W: Public-4008: Instance 'u_ips2l_pcie_wrap/U_IPS2L_PCIE_TOP/U_IPS2L_PCIE_HARD_CTRL/U_IPS2L_PCIE_CFG_SPACE_INIT/dbi_addr[8]' of 'bmsWIDEDFFCPE' unit is dangling and will be cleaned.
W: Public-4008: Instance 'u_ips2l_pcie_wrap/U_IPS2L_PCIE_TOP/U_IPS2L_PCIE_HARD_CTRL/U_IPS2L_PCIE_CFG_SPACE_INIT/dbi_addr[9]' of 'bmsWIDEDFFCPE' unit is dangling and will be cleaned.
W: Public-4008: Instance 'u_ips2l_pcie_wrap/U_IPS2L_PCIE_TOP/U_IPS2L_PCIE_HARD_CTRL/U_IPS2L_PCIE_CFG_SPACE_INIT/dbi_addr[10]' of 'bmsWIDEDFFCPE' unit is dangling and will be cleaned.
W: Public-4008: Instance 'u_ips2l_pcie_wrap/U_IPS2L_PCIE_TOP/U_IPS2L_PCIE_HARD_CTRL/U_IPS2L_PCIE_CFG_SPACE_INIT/dbi_addr[11]' of 'bmsWIDEDFFCPE' unit is dangling and will be cleaned.
W: Public-4008: Instance 'u_ips2l_pcie_wrap/U_IPS2L_PCIE_TOP/U_IPS2L_PCIE_HARD_CTRL/U_IPS2L_PCIE_CFG_SPACE_INIT/dbi_addr[12]' of 'bmsWIDEDFFCPE' unit is dangling and will be cleaned.
W: Public-4008: Instance 'u_ips2l_pcie_wrap/U_IPS2L_PCIE_TOP/U_IPS2L_PCIE_HARD_CTRL/U_IPS2L_PCIE_CFG_SPACE_INIT/dbi_addr[13]' of 'bmsWIDEDFFCPE' unit is dangling and will be cleaned.
W: Public-4008: Instance 'u_ips2l_pcie_wrap/U_IPS2L_PCIE_TOP/U_IPS2L_PCIE_HARD_CTRL/U_IPS2L_PCIE_CFG_SPACE_INIT/dbi_addr[14]' of 'bmsWIDEDFFCPE' unit is dangling and will be cleaned.
W: Public-4008: Instance 'u_ips2l_pcie_wrap/U_IPS2L_PCIE_TOP/U_IPS2L_PCIE_HARD_CTRL/U_IPS2L_PCIE_CFG_SPACE_INIT/dbi_addr[15]' of 'bmsWIDEDFFCPE' unit is dangling and will be cleaned.
W: Public-4008: Instance 'u_ips2l_pcie_wrap/U_IPS2L_PCIE_TOP/U_IPS2L_PCIE_HARD_CTRL/U_IPS2L_PCIE_CFG_SPACE_INIT/dbi_addr[16]' of 'bmsWIDEDFFCPE' unit is dangling and will be cleaned.
W: Public-4008: Instance 'u_ips2l_pcie_wrap/U_IPS2L_PCIE_TOP/U_IPS2L_PCIE_HARD_CTRL/U_IPS2L_PCIE_CFG_SPACE_INIT/dbi_addr[17]' of 'bmsWIDEDFFCPE' unit is dangling and will be cleaned.
W: Public-4008: Instance 'u_ips2l_pcie_wrap/U_IPS2L_PCIE_TOP/U_IPS2L_PCIE_HARD_CTRL/U_IPS2L_PCIE_CFG_SPACE_INIT/dbi_addr[18]' of 'bmsWIDEDFFCPE' unit is dangling and will be cleaned.
W: Public-4008: Instance 'u_ips2l_pcie_wrap/U_IPS2L_PCIE_TOP/U_IPS2L_PCIE_HARD_CTRL/U_IPS2L_PCIE_CFG_SPACE_INIT/dbi_addr[19]' of 'bmsWIDEDFFCPE' unit is dangling and will be cleaned.
W: Public-4008: Instance 'u_ips2l_pcie_wrap/U_IPS2L_PCIE_TOP/U_IPS2L_PCIE_HARD_CTRL/U_IPS2L_PCIE_CFG_SPACE_INIT/dbi_addr[20]' of 'bmsWIDEDFFCPE' unit is dangling and will be cleaned.
W: Public-4008: Instance 'u_ips2l_pcie_wrap/U_IPS2L_PCIE_TOP/U_IPS2L_PCIE_HARD_CTRL/U_IPS2L_PCIE_CFG_SPACE_INIT/dbi_addr[21]' of 'bmsWIDEDFFCPE' unit is dangling and will be cleaned.
W: Public-4008: Instance 'u_ips2l_pcie_wrap/U_IPS2L_PCIE_TOP/U_IPS2L_PCIE_HARD_CTRL/U_IPS2L_PCIE_CFG_SPACE_INIT/dbi_addr[22]' of 'bmsWIDEDFFCPE' unit is dangling and will be cleaned.
W: Public-4008: Instance 'u_ips2l_pcie_wrap/U_IPS2L_PCIE_TOP/U_IPS2L_PCIE_HARD_CTRL/U_IPS2L_PCIE_CFG_SPACE_INIT/dbi_addr[23]' of 'bmsWIDEDFFCPE' unit is dangling and will be cleaned.
W: Public-4008: Instance 'u_ips2l_pcie_wrap/U_IPS2L_PCIE_TOP/U_IPS2L_PCIE_HARD_CTRL/U_IPS2L_PCIE_CFG_SPACE_INIT/dbi_addr[24]' of 'bmsWIDEDFFCPE' unit is dangling and will be cleaned.
W: Public-4008: Instance 'u_ips2l_pcie_wrap/U_IPS2L_PCIE_TOP/U_IPS2L_PCIE_HARD_CTRL/U_IPS2L_PCIE_CFG_SPACE_INIT/dbi_addr[25]' of 'bmsWIDEDFFCPE' unit is dangling and will be cleaned.
W: Public-4008: Instance 'u_ips2l_pcie_wrap/U_IPS2L_PCIE_TOP/U_IPS2L_PCIE_HARD_CTRL/U_IPS2L_PCIE_CFG_SPACE_INIT/dbi_addr[26]' of 'bmsWIDEDFFCPE' unit is dangling and will be cleaned.
W: Public-4008: Instance 'u_ips2l_pcie_wrap/U_IPS2L_PCIE_TOP/U_IPS2L_PCIE_HARD_CTRL/U_IPS2L_PCIE_CFG_SPACE_INIT/dbi_addr[27]' of 'bmsWIDEDFFCPE' unit is dangling and will be cleaned.
W: Public-4008: Instance 'u_ips2l_pcie_wrap/U_IPS2L_PCIE_TOP/U_IPS2L_PCIE_HARD_CTRL/U_IPS2L_PCIE_CFG_SPACE_INIT/dbi_addr[28]' of 'bmsWIDEDFFCPE' unit is dangling and will be cleaned.
W: Public-4008: Instance 'u_ips2l_pcie_wrap/U_IPS2L_PCIE_TOP/U_IPS2L_PCIE_HARD_CTRL/U_IPS2L_PCIE_CFG_SPACE_INIT/dbi_addr[29]' of 'bmsWIDEDFFCPE' unit is dangling and will be cleaned.
W: Public-4008: Instance 'u_ips2l_pcie_wrap/U_IPS2L_PCIE_TOP/U_IPS2L_PCIE_HARD_CTRL/U_IPS2L_PCIE_CFG_SPACE_INIT/dbi_addr[30]' of 'bmsWIDEDFFCPE' unit is dangling and will be cleaned.
W: Public-4008: Instance 'u_ips2l_pcie_wrap/U_IPS2L_PCIE_TOP/U_IPS2L_PCIE_HARD_CTRL/U_IPS2L_PCIE_CFG_SPACE_INIT/dbi_addr[31]' of 'bmsWIDEDFFCPE' unit is dangling and will be cleaned.
W: Public-4008: Instance 'I_ips_ddr_top/u_ddrphy_top/ddrphy_calib_top/ddrphy_init/genblk2.init_ba[2]' of 'bmsWIDEDFFCPE' unit is dangling and will be cleaned.
W: Public-4008: Instance 'I_ips_ddr_top/u_ddrphy_top/ddrphy_calib_top/ddrphy_main_ctrl/main_state_reg[7]' of 'bmsWIDEDFFCPE' unit is dangling and will be cleaned.
W: Public-4008: Instance 'I_ips_ddr_top/u_ips_ddrc_top/mcdq_ui_axi/mcdq_reg_fifo2/data_0[1]' of 'bmsWIDEDFFCPE' unit is dangling and will be cleaned.
W: Public-4008: Instance 'I_ips_ddr_top/u_ips_ddrc_top/mcdq_ui_axi/mcdq_reg_fifo2/data_0[2]' of 'bmsWIDEDFFCPE' unit is dangling and will be cleaned.
W: Public-4008: Instance 'I_ips_ddr_top/u_ips_ddrc_top/mcdq_ui_axi/mcdq_reg_fifo2/data_0[3]' of 'bmsWIDEDFFCPE' unit is dangling and will be cleaned.
W: Public-4008: Instance 'I_ips_ddr_top/u_ips_ddrc_top/mcdq_ui_axi/mcdq_reg_fifo2/data_0[4]' of 'bmsWIDEDFFCPE' unit is dangling and will be cleaned.
W: Public-4008: Instance 'I_ips_ddr_top/u_ips_ddrc_top/mcdq_ui_axi/mcdq_reg_fifo2/data_0[5]' of 'bmsWIDEDFFCPE' unit is dangling and will be cleaned.
W: Public-4008: Instance 'I_ips_ddr_top/u_ips_ddrc_top/mcdq_ui_axi/mcdq_reg_fifo2/data_0[6]' of 'bmsWIDEDFFCPE' unit is dangling and will be cleaned.
W: Public-4008: Instance 'I_ips_ddr_top/u_ips_ddrc_top/mcdq_ui_axi/mcdq_reg_fifo2/data_0[7]' of 'bmsWIDEDFFCPE' unit is dangling and will be cleaned.
W: Public-4008: Instance 'I_ips_ddr_top/u_ips_ddrc_top/mcdq_ui_axi/mcdq_reg_fifo2/data_0[8]' of 'bmsWIDEDFFCPE' unit is dangling and will be cleaned.
W: Public-4008: Instance 'I_ips_ddr_top/u_ips_ddrc_top/mcdq_ui_axi/mcdq_reg_fifo2/data_0[9]' of 'bmsWIDEDFFCPE' unit is dangling and will be cleaned.
W: Public-4008: Instance 'I_ips_ddr_top/u_ips_ddrc_top/mcdq_ui_axi/mcdq_reg_fifo2/data_0[10]' of 'bmsWIDEDFFCPE' unit is dangling and will be cleaned.
W: Public-4008: Instance 'I_ips_ddr_top/u_ips_ddrc_top/mcdq_ui_axi/mcdq_reg_fifo2/data_0[11]' of 'bmsWIDEDFFCPE' unit is dangling and will be cleaned.
W: Public-4008: Instance 'I_ips_ddr_top/u_ips_ddrc_top/mcdq_ui_axi/mcdq_reg_fifo2/data_0[12]' of 'bmsWIDEDFFCPE' unit is dangling and will be cleaned.
W: Public-4008: Instance 'I_ips_ddr_top/u_ips_ddrc_top/mcdq_ui_axi/mcdq_reg_fifo2/data_0[13]' of 'bmsWIDEDFFCPE' unit is dangling and will be cleaned.
W: Public-4008: Instance 'I_ips_ddr_top/u_ips_ddrc_top/mcdq_ui_axi/mcdq_reg_fifo2/data_0[14]' of 'bmsWIDEDFFCPE' unit is dangling and will be cleaned.
W: Public-4008: Instance 'I_ips_ddr_top/u_ips_ddrc_top/mcdq_ui_axi/mcdq_reg_fifo2/data_0[15]' of 'bmsWIDEDFFCPE' unit is dangling and will be cleaned.
W: Public-4008: Instance 'I_ips_ddr_top/u_ips_ddrc_top/mcdq_ui_axi/mcdq_reg_fifo2/data_0[32]' of 'bmsWIDEDFFCPE' unit is dangling and will be cleaned.
W: Public-4008: Instance 'I_ips_ddr_top/u_ips_ddrc_top/mcdq_ui_axi/mcdq_reg_fifo2/data_0[33]' of 'bmsWIDEDFFCPE' unit is dangling and will be cleaned.
W: Public-4008: Instance 'I_ips_ddr_top/u_ips_ddrc_top/mcdq_ui_axi/mcdq_reg_fifo2/data_0[34]' of 'bmsWIDEDFFCPE' unit is dangling and will be cleaned.
W: Public-4008: Instance 'I_ips_ddr_top/u_ips_ddrc_top/mcdq_ui_axi/mcdq_reg_fifo2/data_0[35]' of 'bmsWIDEDFFCPE' unit is dangling and will be cleaned.
W: Public-4008: Instance 'I_ips_ddr_top/u_ips_ddrc_top/mcdq_ui_axi/mcdq_reg_fifo2/data_0[36]' of 'bmsWIDEDFFCPE' unit is dangling and will be cleaned.
W: Public-4008: Instance 'I_ips_ddr_top/u_ips_ddrc_top/mcdq_ui_axi/mcdq_reg_fifo2/data_1[1]' of 'bmsWIDEDFFCPE' unit is dangling and will be cleaned.
W: Public-4008: Instance 'I_ips_ddr_top/u_ips_ddrc_top/mcdq_ui_axi/mcdq_reg_fifo2/data_1[2]' of 'bmsWIDEDFFCPE' unit is dangling and will be cleaned.
W: Public-4008: Instance 'I_ips_ddr_top/u_ips_ddrc_top/mcdq_ui_axi/mcdq_reg_fifo2/data_1[3]' of 'bmsWIDEDFFCPE' unit is dangling and will be cleaned.
W: Public-4008: Instance 'I_ips_ddr_top/u_ips_ddrc_top/mcdq_ui_axi/mcdq_reg_fifo2/data_1[4]' of 'bmsWIDEDFFCPE' unit is dangling and will be cleaned.
W: Public-4008: Instance 'I_ips_ddr_top/u_ips_ddrc_top/mcdq_ui_axi/mcdq_reg_fifo2/data_1[5]' of 'bmsWIDEDFFCPE' unit is dangling and will be cleaned.
W: Public-4008: Instance 'I_ips_ddr_top/u_ips_ddrc_top/mcdq_ui_axi/mcdq_reg_fifo2/data_1[6]' of 'bmsWIDEDFFCPE' unit is dangling and will be cleaned.
W: Public-4008: Instance 'I_ips_ddr_top/u_ips_ddrc_top/mcdq_ui_axi/mcdq_reg_fifo2/data_1[7]' of 'bmsWIDEDFFCPE' unit is dangling and will be cleaned.
W: Public-4008: Instance 'I_ips_ddr_top/u_ips_ddrc_top/mcdq_ui_axi/mcdq_reg_fifo2/data_1[8]' of 'bmsWIDEDFFCPE' unit is dangling and will be cleaned.
W: Public-4008: Instance 'I_ips_ddr_top/u_ips_ddrc_top/mcdq_ui_axi/mcdq_reg_fifo2/data_1[9]' of 'bmsWIDEDFFCPE' unit is dangling and will be cleaned.
W: Public-4008: Instance 'I_ips_ddr_top/u_ips_ddrc_top/mcdq_ui_axi/mcdq_reg_fifo2/data_1[10]' of 'bmsWIDEDFFCPE' unit is dangling and will be cleaned.
W: Public-4008: Instance 'I_ips_ddr_top/u_ips_ddrc_top/mcdq_ui_axi/mcdq_reg_fifo2/data_1[11]' of 'bmsWIDEDFFCPE' unit is dangling and will be cleaned.
W: Public-4008: Instance 'I_ips_ddr_top/u_ips_ddrc_top/mcdq_ui_axi/mcdq_reg_fifo2/data_1[12]' of 'bmsWIDEDFFCPE' unit is dangling and will be cleaned.
W: Public-4008: Instance 'I_ips_ddr_top/u_ips_ddrc_top/mcdq_ui_axi/mcdq_reg_fifo2/data_1[13]' of 'bmsWIDEDFFCPE' unit is dangling and will be cleaned.
W: Public-4008: Instance 'I_ips_ddr_top/u_ips_ddrc_top/mcdq_ui_axi/mcdq_reg_fifo2/data_1[14]' of 'bmsWIDEDFFCPE' unit is dangling and will be cleaned.
W: Public-4008: Instance 'I_ips_ddr_top/u_ips_ddrc_top/mcdq_ui_axi/mcdq_reg_fifo2/data_1[15]' of 'bmsWIDEDFFCPE' unit is dangling and will be cleaned.
W: Public-4008: Instance 'I_ips_ddr_top/u_ips_ddrc_top/mcdq_ui_axi/mcdq_reg_fifo2/data_1[32]' of 'bmsWIDEDFFCPE' unit is dangling and will be cleaned.
W: Public-4008: Instance 'I_ips_ddr_top/u_ips_ddrc_top/mcdq_ui_axi/mcdq_reg_fifo2/data_1[33]' of 'bmsWIDEDFFCPE' unit is dangling and will be cleaned.
W: Public-4008: Instance 'I_ips_ddr_top/u_ips_ddrc_top/mcdq_ui_axi/mcdq_reg_fifo2/data_1[34]' of 'bmsWIDEDFFCPE' unit is dangling and will be cleaned.
W: Public-4008: Instance 'I_ips_ddr_top/u_ips_ddrc_top/mcdq_ui_axi/mcdq_reg_fifo2/data_1[35]' of 'bmsWIDEDFFCPE' unit is dangling and will be cleaned.
W: Public-4008: Instance 'I_ips_ddr_top/u_ips_ddrc_top/mcdq_ui_axi/mcdq_reg_fifo2/data_1[36]' of 'bmsWIDEDFFCPE' unit is dangling and will be cleaned.
W: Public-4008: Instance 'I_ips_ddr_top/u_ddrphy_top/ddrphy_calib_top/ddrphy_rdcal/rdcal_address[0]' of 'bmsWIDEDFFCPE' unit is dangling and will be cleaned.
W: Public-4008: Instance 'I_ips_ddr_top/u_ddrphy_top/ddrphy_calib_top/ddrphy_rdcal/rdcal_address[1]' of 'bmsWIDEDFFCPE' unit is dangling and will be cleaned.
W: Public-4008: Instance 'I_ips_ddr_top/u_ddrphy_top/ddrphy_calib_top/ddrphy_rdcal/rdcal_address[5]' of 'bmsWIDEDFFCPE' unit is dangling and will be cleaned.
W: Public-4008: Instance 'I_ips_ddr_top/u_ddrphy_top/ddrphy_calib_top/ddrphy_rdcal/rdcal_address[6]' of 'bmsWIDEDFFCPE' unit is dangling and will be cleaned.
W: Public-4008: Instance 'I_ips_ddr_top/u_ddrphy_top/ddrphy_calib_top/ddrphy_rdcal/rdcal_address[7]' of 'bmsWIDEDFFCPE' unit is dangling and will be cleaned.
W: Public-4008: Instance 'I_ips_ddr_top/u_ddrphy_top/ddrphy_calib_top/ddrphy_rdcal/rdcal_address[8]' of 'bmsWIDEDFFCPE' unit is dangling and will be cleaned.
W: Public-4008: Instance 'I_ips_ddr_top/u_ddrphy_top/ddrphy_calib_top/ddrphy_rdcal/rdcal_address[9]' of 'bmsWIDEDFFCPE' unit is dangling and will be cleaned.
W: Public-4008: Instance 'I_ips_ddr_top/u_ddrphy_top/ddrphy_calib_top/ddrphy_rdcal/rdcal_address[11]' of 'bmsWIDEDFFCPE' unit is dangling and will be cleaned.
W: Public-4008: Instance 'I_ips_ddr_top/u_ddrphy_top/ddrphy_calib_top/ddrphy_rdcal/rdcal_address[12]' of 'bmsWIDEDFFCPE' unit is dangling and will be cleaned.
W: Public-4008: Instance 'I_ips_ddr_top/u_ddrphy_top/ddrphy_calib_top/ddrphy_rdcal/rdcal_address[13]' of 'bmsWIDEDFFCPE' unit is dangling and will be cleaned.
W: Public-4008: Instance 'I_ips_ddr_top/u_ddrphy_top/ddrphy_calib_top/ddrphy_rdcal/rdcal_address[14]' of 'bmsWIDEDFFCPE' unit is dangling and will be cleaned.
W: Public-4008: Instance 'I_ips_ddr_top/u_ddrphy_top/ddrphy_calib_top/ddrphy_rdcal/rdcal_ba[1]' of 'bmsWIDEDFFCPE' unit is dangling and will be cleaned.
W: Public-4008: Instance 'I_ips_ddr_top/u_ddrphy_top/ddrphy_calib_top/ddrphy_rdcal/rdcal_ba[2]' of 'bmsWIDEDFFCPE' unit is dangling and will be cleaned.
W: Public-4008: Instance 'I_ips_ddr_top/u_ddrphy_top/ddrphy_calib_top/ddrphy_rdcal/rdcal_wrdata[1]' of 'bmsWIDEDFFCPE' unit is dangling and will be cleaned.
W: Public-4008: Instance 'I_ips_ddr_top/u_ddrphy_top/ddrphy_calib_top/ddrphy_rdcal/rdcal_wrdata[2]' of 'bmsWIDEDFFCPE' unit is dangling and will be cleaned.
W: Public-4008: Instance 'I_ips_ddr_top/u_ddrphy_top/ddrphy_calib_top/ddrphy_rdcal/rdcal_wrdata[3]' of 'bmsWIDEDFFCPE' unit is dangling and will be cleaned.
W: Public-4008: Instance 'I_ips_ddr_top/u_ddrphy_top/ddrphy_calib_top/ddrphy_rdcal/rdcal_wrdata[4]' of 'bmsWIDEDFFCPE' unit is dangling and will be cleaned.
W: Public-4008: Instance 'I_ips_ddr_top/u_ddrphy_top/ddrphy_calib_top/ddrphy_rdcal/rdcal_wrdata[5]' of 'bmsWIDEDFFCPE' unit is dangling and will be cleaned.
W: Public-4008: Instance 'I_ips_ddr_top/u_ddrphy_top/ddrphy_calib_top/ddrphy_rdcal/rdcal_wrdata[6]' of 'bmsWIDEDFFCPE' unit is dangling and will be cleaned.
W: Public-4008: Instance 'I_ips_ddr_top/u_ddrphy_top/ddrphy_calib_top/ddrphy_rdcal/rdcal_wrdata[7]' of 'bmsWIDEDFFCPE' unit is dangling and will be cleaned.
W: Public-4008: Instance 'I_ips_ddr_top/u_ddrphy_top/ddrphy_calib_top/ddrphy_rdcal/rdcal_wrdata[8]' of 'bmsWIDEDFFCPE' unit is dangling and will be cleaned.
W: Public-4008: Instance 'I_ips_ddr_top/u_ddrphy_top/ddrphy_calib_top/ddrphy_rdcal/rdcal_wrdata[9]' of 'bmsWIDEDFFCPE' unit is dangling and will be cleaned.
W: Public-4008: Instance 'I_ips_ddr_top/u_ddrphy_top/ddrphy_calib_top/ddrphy_rdcal/rdcal_wrdata[10]' of 'bmsWIDEDFFCPE' unit is dangling and will be cleaned.
W: Public-4008: Instance 'I_ips_ddr_top/u_ddrphy_top/ddrphy_calib_top/ddrphy_rdcal/rdcal_wrdata[11]' of 'bmsWIDEDFFCPE' unit is dangling and will be cleaned.
W: Public-4008: Instance 'I_ips_ddr_top/u_ddrphy_top/ddrphy_calib_top/ddrphy_rdcal/rdcal_wrdata[12]' of 'bmsWIDEDFFCPE' unit is dangling and will be cleaned.
W: Public-4008: Instance 'I_ips_ddr_top/u_ddrphy_top/ddrphy_calib_top/ddrphy_rdcal/rdcal_wrdata[13]' of 'bmsWIDEDFFCPE' unit is dangling and will be cleaned.
W: Public-4008: Instance 'I_ips_ddr_top/u_ddrphy_top/ddrphy_calib_top/ddrphy_rdcal/rdcal_wrdata[14]' of 'bmsWIDEDFFCPE' unit is dangling and will be cleaned.
W: Public-4008: Instance 'I_ips_ddr_top/u_ddrphy_top/ddrphy_calib_top/ddrphy_rdcal/rdcal_wrdata[15]' of 'bmsWIDEDFFCPE' unit is dangling and will be cleaned.
W: Public-4008: Instance 'I_ips_ddr_top/u_ddrphy_top/ddrphy_calib_top/ddrphy_rdcal/rdcal_wrdata[17]' of 'bmsWIDEDFFCPE' unit is dangling and will be cleaned.
W: Public-4008: Instance 'I_ips_ddr_top/u_ddrphy_top/ddrphy_calib_top/ddrphy_rdcal/rdcal_wrdata[18]' of 'bmsWIDEDFFCPE' unit is dangling and will be cleaned.
W: Public-4008: Instance 'I_ips_ddr_top/u_ddrphy_top/ddrphy_calib_top/ddrphy_rdcal/rdcal_wrdata[19]' of 'bmsWIDEDFFCPE' unit is dangling and will be cleaned.
W: Public-4008: Instance 'I_ips_ddr_top/u_ddrphy_top/ddrphy_calib_top/ddrphy_rdcal/rdcal_wrdata[20]' of 'bmsWIDEDFFCPE' unit is dangling and will be cleaned.
W: Public-4008: Instance 'I_ips_ddr_top/u_ddrphy_top/ddrphy_calib_top/ddrphy_rdcal/rdcal_wrdata[21]' of 'bmsWIDEDFFCPE' unit is dangling and will be cleaned.
W: Public-4008: Instance 'I_ips_ddr_top/u_ddrphy_top/ddrphy_calib_top/ddrphy_rdcal/rdcal_wrdata[22]' of 'bmsWIDEDFFCPE' unit is dangling and will be cleaned.
W: Public-4008: Instance 'I_ips_ddr_top/u_ddrphy_top/ddrphy_calib_top/ddrphy_rdcal/rdcal_wrdata[23]' of 'bmsWIDEDFFCPE' unit is dangling and will be cleaned.
W: Public-4008: Instance 'I_ips_ddr_top/u_ddrphy_top/ddrphy_calib_top/ddrphy_rdcal/rdcal_wrdata[24]' of 'bmsWIDEDFFCPE' unit is dangling and will be cleaned.
W: Public-4008: Instance 'I_ips_ddr_top/u_ddrphy_top/ddrphy_calib_top/ddrphy_rdcal/rdcal_wrdata[25]' of 'bmsWIDEDFFCPE' unit is dangling and will be cleaned.
W: Public-4008: Instance 'I_ips_ddr_top/u_ddrphy_top/ddrphy_calib_top/ddrphy_rdcal/rdcal_wrdata[26]' of 'bmsWIDEDFFCPE' unit is dangling and will be cleaned.
W: Public-4008: Instance 'I_ips_ddr_top/u_ddrphy_top/ddrphy_calib_top/ddrphy_rdcal/rdcal_wrdata[27]' of 'bmsWIDEDFFCPE' unit is dangling and will be cleaned.
W: Public-4008: Instance 'I_ips_ddr_top/u_ddrphy_top/ddrphy_calib_top/ddrphy_rdcal/rdcal_wrdata[28]' of 'bmsWIDEDFFCPE' unit is dangling and will be cleaned.
W: Public-4008: Instance 'I_ips_ddr_top/u_ddrphy_top/ddrphy_calib_top/ddrphy_rdcal/rdcal_wrdata[29]' of 'bmsWIDEDFFCPE' unit is dangling and will be cleaned.
W: Public-4008: Instance 'I_ips_ddr_top/u_ddrphy_top/ddrphy_calib_top/ddrphy_rdcal/rdcal_wrdata[30]' of 'bmsWIDEDFFCPE' unit is dangling and will be cleaned.
W: Public-4008: Instance 'I_ips_ddr_top/u_ddrphy_top/ddrphy_calib_top/ddrphy_rdcal/rdcal_wrdata[31]' of 'bmsWIDEDFFCPE' unit is dangling and will be cleaned.
W: Public-4008: Instance 'I_ips_ddr_top/u_ddrphy_top/ddrphy_calib_top/ddrphy_rdcal/rdcal_wrdata[33]' of 'bmsWIDEDFFCPE' unit is dangling and will be cleaned.
W: Public-4008: Instance 'I_ips_ddr_top/u_ddrphy_top/ddrphy_calib_top/ddrphy_rdcal/rdcal_wrdata[34]' of 'bmsWIDEDFFCPE' unit is dangling and will be cleaned.
W: Public-4008: Instance 'I_ips_ddr_top/u_ddrphy_top/ddrphy_calib_top/ddrphy_rdcal/rdcal_wrdata[35]' of 'bmsWIDEDFFCPE' unit is dangling and will be cleaned.
W: Public-4008: Instance 'I_ips_ddr_top/u_ddrphy_top/ddrphy_calib_top/ddrphy_rdcal/rdcal_wrdata[36]' of 'bmsWIDEDFFCPE' unit is dangling and will be cleaned.
W: Public-4008: Instance 'I_ips_ddr_top/u_ddrphy_top/ddrphy_calib_top/ddrphy_rdcal/rdcal_wrdata[37]' of 'bmsWIDEDFFCPE' unit is dangling and will be cleaned.
W: Public-4008: Instance 'I_ips_ddr_top/u_ddrphy_top/ddrphy_calib_top/ddrphy_rdcal/rdcal_wrdata[38]' of 'bmsWIDEDFFCPE' unit is dangling and will be cleaned.
W: Public-4008: Instance 'I_ips_ddr_top/u_ddrphy_top/ddrphy_calib_top/ddrphy_rdcal/rdcal_wrdata[39]' of 'bmsWIDEDFFCPE' unit is dangling and will be cleaned.
W: Public-4008: Instance 'I_ips_ddr_top/u_ddrphy_top/ddrphy_calib_top/ddrphy_rdcal/rdcal_wrdata[40]' of 'bmsWIDEDFFCPE' unit is dangling and will be cleaned.
W: Public-4008: Instance 'I_ips_ddr_top/u_ddrphy_top/ddrphy_calib_top/ddrphy_rdcal/rdcal_wrdata[41]' of 'bmsWIDEDFFCPE' unit is dangling and will be cleaned.
W: Public-4008: Instance 'I_ips_ddr_top/u_ddrphy_top/ddrphy_calib_top/ddrphy_rdcal/rdcal_wrdata[42]' of 'bmsWIDEDFFCPE' unit is dangling and will be cleaned.
W: Public-4008: Instance 'I_ips_ddr_top/u_ddrphy_top/ddrphy_calib_top/ddrphy_rdcal/rdcal_wrdata[43]' of 'bmsWIDEDFFCPE' unit is dangling and will be cleaned.
W: Public-4008: Instance 'I_ips_ddr_top/u_ddrphy_top/ddrphy_calib_top/ddrphy_rdcal/rdcal_wrdata[44]' of 'bmsWIDEDFFCPE' unit is dangling and will be cleaned.
W: Public-4008: Instance 'I_ips_ddr_top/u_ddrphy_top/ddrphy_calib_top/ddrphy_rdcal/rdcal_wrdata[45]' of 'bmsWIDEDFFCPE' unit is dangling and will be cleaned.
W: Public-4008: Instance 'I_ips_ddr_top/u_ddrphy_top/ddrphy_calib_top/ddrphy_rdcal/rdcal_wrdata[46]' of 'bmsWIDEDFFCPE' unit is dangling and will be cleaned.
W: Public-4008: Instance 'I_ips_ddr_top/u_ddrphy_top/ddrphy_calib_top/ddrphy_rdcal/rdcal_wrdata[47]' of 'bmsWIDEDFFCPE' unit is dangling and will be cleaned.
W: Public-4008: Instance 'I_ips_ddr_top/u_ddrphy_top/ddrphy_calib_top/ddrphy_rdcal/rdcal_wrdata[49]' of 'bmsWIDEDFFCPE' unit is dangling and will be cleaned.
W: Public-4008: Instance 'I_ips_ddr_top/u_ddrphy_top/ddrphy_calib_top/ddrphy_rdcal/rdcal_wrdata[50]' of 'bmsWIDEDFFCPE' unit is dangling and will be cleaned.
W: Public-4008: Instance 'I_ips_ddr_top/u_ddrphy_top/ddrphy_calib_top/ddrphy_rdcal/rdcal_wrdata[51]' of 'bmsWIDEDFFCPE' unit is dangling and will be cleaned.
W: Public-4008: Instance 'I_ips_ddr_top/u_ddrphy_top/ddrphy_calib_top/ddrphy_rdcal/rdcal_wrdata[52]' of 'bmsWIDEDFFCPE' unit is dangling and will be cleaned.
W: Public-4008: Instance 'I_ips_ddr_top/u_ddrphy_top/ddrphy_calib_top/ddrphy_rdcal/rdcal_wrdata[53]' of 'bmsWIDEDFFCPE' unit is dangling and will be cleaned.
W: Public-4008: Instance 'I_ips_ddr_top/u_ddrphy_top/ddrphy_calib_top/ddrphy_rdcal/rdcal_wrdata[54]' of 'bmsWIDEDFFCPE' unit is dangling and will be cleaned.
W: Public-4008: Instance 'I_ips_ddr_top/u_ddrphy_top/ddrphy_calib_top/ddrphy_rdcal/rdcal_wrdata[55]' of 'bmsWIDEDFFCPE' unit is dangling and will be cleaned.
W: Public-4008: Instance 'I_ips_ddr_top/u_ddrphy_top/ddrphy_calib_top/ddrphy_rdcal/rdcal_wrdata[56]' of 'bmsWIDEDFFCPE' unit is dangling and will be cleaned.
W: Public-4008: Instance 'I_ips_ddr_top/u_ddrphy_top/ddrphy_calib_top/ddrphy_rdcal/rdcal_wrdata[57]' of 'bmsWIDEDFFCPE' unit is dangling and will be cleaned.
W: Public-4008: Instance 'I_ips_ddr_top/u_ddrphy_top/ddrphy_calib_top/ddrphy_rdcal/rdcal_wrdata[58]' of 'bmsWIDEDFFCPE' unit is dangling and will be cleaned.
W: Public-4008: Instance 'I_ips_ddr_top/u_ddrphy_top/ddrphy_calib_top/ddrphy_rdcal/rdcal_wrdata[59]' of 'bmsWIDEDFFCPE' unit is dangling and will be cleaned.
W: Public-4008: Instance 'I_ips_ddr_top/u_ddrphy_top/ddrphy_calib_top/ddrphy_rdcal/rdcal_wrdata[60]' of 'bmsWIDEDFFCPE' unit is dangling and will be cleaned.
W: Public-4008: Instance 'I_ips_ddr_top/u_ddrphy_top/ddrphy_calib_top/ddrphy_rdcal/rdcal_wrdata[61]' of 'bmsWIDEDFFCPE' unit is dangling and will be cleaned.
W: Public-4008: Instance 'I_ips_ddr_top/u_ddrphy_top/ddrphy_calib_top/ddrphy_rdcal/rdcal_wrdata[62]' of 'bmsWIDEDFFCPE' unit is dangling and will be cleaned.
W: Public-4008: Instance 'I_ips_ddr_top/u_ddrphy_top/ddrphy_calib_top/ddrphy_rdcal/rdcal_wrdata[63]' of 'bmsWIDEDFFCPE' unit is dangling and will be cleaned.
W: Public-4008: Instance 'I_ips_ddr_top/u_ddrphy_top/ddrphy_calib_top/ddrphy_rdcal/rdcal_wrdata[65]' of 'bmsWIDEDFFCPE' unit is dangling and will be cleaned.
W: Public-4008: Instance 'I_ips_ddr_top/u_ddrphy_top/ddrphy_calib_top/ddrphy_rdcal/rdcal_wrdata[66]' of 'bmsWIDEDFFCPE' unit is dangling and will be cleaned.
W: Public-4008: Instance 'I_ips_ddr_top/u_ddrphy_top/ddrphy_calib_top/ddrphy_rdcal/rdcal_wrdata[67]' of 'bmsWIDEDFFCPE' unit is dangling and will be cleaned.
W: Public-4008: Instance 'I_ips_ddr_top/u_ddrphy_top/ddrphy_calib_top/ddrphy_rdcal/rdcal_wrdata[68]' of 'bmsWIDEDFFCPE' unit is dangling and will be cleaned.
W: Public-4008: Instance 'I_ips_ddr_top/u_ddrphy_top/ddrphy_calib_top/ddrphy_rdcal/rdcal_wrdata[69]' of 'bmsWIDEDFFCPE' unit is dangling and will be cleaned.
W: Public-4008: Instance 'I_ips_ddr_top/u_ddrphy_top/ddrphy_calib_top/ddrphy_rdcal/rdcal_wrdata[70]' of 'bmsWIDEDFFCPE' unit is dangling and will be cleaned.
W: Public-4008: Instance 'I_ips_ddr_top/u_ddrphy_top/ddrphy_calib_top/ddrphy_rdcal/rdcal_wrdata[71]' of 'bmsWIDEDFFCPE' unit is dangling and will be cleaned.
W: Public-4008: Instance 'I_ips_ddr_top/u_ddrphy_top/ddrphy_calib_top/ddrphy_rdcal/rdcal_wrdata[72]' of 'bmsWIDEDFFCPE' unit is dangling and will be cleaned.
W: Public-4008: Instance 'I_ips_ddr_top/u_ddrphy_top/ddrphy_calib_top/ddrphy_rdcal/rdcal_wrdata[73]' of 'bmsWIDEDFFCPE' unit is dangling and will be cleaned.
W: Public-4008: Instance 'I_ips_ddr_top/u_ddrphy_top/ddrphy_calib_top/ddrphy_rdcal/rdcal_wrdata[74]' of 'bmsWIDEDFFCPE' unit is dangling and will be cleaned.
W: Public-4008: Instance 'I_ips_ddr_top/u_ddrphy_top/ddrphy_calib_top/ddrphy_rdcal/rdcal_wrdata[75]' of 'bmsWIDEDFFCPE' unit is dangling and will be cleaned.
W: Public-4008: Instance 'I_ips_ddr_top/u_ddrphy_top/ddrphy_calib_top/ddrphy_rdcal/rdcal_wrdata[76]' of 'bmsWIDEDFFCPE' unit is dangling and will be cleaned.
W: Public-4008: Instance 'I_ips_ddr_top/u_ddrphy_top/ddrphy_calib_top/ddrphy_rdcal/rdcal_wrdata[77]' of 'bmsWIDEDFFCPE' unit is dangling and will be cleaned.
W: Public-4008: Instance 'I_ips_ddr_top/u_ddrphy_top/ddrphy_calib_top/ddrphy_rdcal/rdcal_wrdata[78]' of 'bmsWIDEDFFCPE' unit is dangling and will be cleaned.
W: Public-4008: Instance 'I_ips_ddr_top/u_ddrphy_top/ddrphy_calib_top/ddrphy_rdcal/rdcal_wrdata[79]' of 'bmsWIDEDFFCPE' unit is dangling and will be cleaned.
W: Public-4008: Instance 'I_ips_ddr_top/u_ddrphy_top/ddrphy_calib_top/ddrphy_rdcal/rdcal_wrdata[80]' of 'bmsWIDEDFFCPE' unit is dangling and will be cleaned.
W: Public-4008: Instance 'I_ips_ddr_top/u_ddrphy_top/ddrphy_calib_top/ddrphy_rdcal/rdcal_wrdata[81]' of 'bmsWIDEDFFCPE' unit is dangling and will be cleaned.
W: Public-4008: Instance 'I_ips_ddr_top/u_ddrphy_top/ddrphy_calib_top/ddrphy_rdcal/rdcal_wrdata[82]' of 'bmsWIDEDFFCPE' unit is dangling and will be cleaned.
W: Public-4008: Instance 'I_ips_ddr_top/u_ddrphy_top/ddrphy_calib_top/ddrphy_rdcal/rdcal_wrdata[83]' of 'bmsWIDEDFFCPE' unit is dangling and will be cleaned.
W: Public-4008: Instance 'I_ips_ddr_top/u_ddrphy_top/ddrphy_calib_top/ddrphy_rdcal/rdcal_wrdata[84]' of 'bmsWIDEDFFCPE' unit is dangling and will be cleaned.
W: Public-4008: Instance 'I_ips_ddr_top/u_ddrphy_top/ddrphy_calib_top/ddrphy_rdcal/rdcal_wrdata[85]' of 'bmsWIDEDFFCPE' unit is dangling and will be cleaned.
W: Public-4008: Instance 'I_ips_ddr_top/u_ddrphy_top/ddrphy_calib_top/ddrphy_rdcal/rdcal_wrdata[86]' of 'bmsWIDEDFFCPE' unit is dangling and will be cleaned.
W: Public-4008: Instance 'I_ips_ddr_top/u_ddrphy_top/ddrphy_calib_top/ddrphy_rdcal/rdcal_wrdata[87]' of 'bmsWIDEDFFCPE' unit is dangling and will be cleaned.
W: Public-4008: Instance 'I_ips_ddr_top/u_ddrphy_top/ddrphy_calib_top/ddrphy_rdcal/rdcal_wrdata[88]' of 'bmsWIDEDFFCPE' unit is dangling and will be cleaned.
W: Public-4008: Instance 'I_ips_ddr_top/u_ddrphy_top/ddrphy_calib_top/ddrphy_rdcal/rdcal_wrdata[89]' of 'bmsWIDEDFFCPE' unit is dangling and will be cleaned.
W: Public-4008: Instance 'I_ips_ddr_top/u_ddrphy_top/ddrphy_calib_top/ddrphy_rdcal/rdcal_wrdata[90]' of 'bmsWIDEDFFCPE' unit is dangling and will be cleaned.
W: Public-4008: Instance 'I_ips_ddr_top/u_ddrphy_top/ddrphy_calib_top/ddrphy_rdcal/rdcal_wrdata[91]' of 'bmsWIDEDFFCPE' unit is dangling and will be cleaned.
W: Public-4008: Instance 'I_ips_ddr_top/u_ddrphy_top/ddrphy_calib_top/ddrphy_rdcal/rdcal_wrdata[92]' of 'bmsWIDEDFFCPE' unit is dangling and will be cleaned.
W: Public-4008: Instance 'I_ips_ddr_top/u_ddrphy_top/ddrphy_calib_top/ddrphy_rdcal/rdcal_wrdata[93]' of 'bmsWIDEDFFCPE' unit is dangling and will be cleaned.
W: Public-4008: Instance 'I_ips_ddr_top/u_ddrphy_top/ddrphy_calib_top/ddrphy_rdcal/rdcal_wrdata[94]' of 'bmsWIDEDFFCPE' unit is dangling and will be cleaned.
W: Public-4008: Instance 'I_ips_ddr_top/u_ddrphy_top/ddrphy_calib_top/ddrphy_rdcal/rdcal_wrdata[95]' of 'bmsWIDEDFFCPE' unit is dangling and will be cleaned.
W: Public-4008: Instance 'I_ips_ddr_top/u_ddrphy_top/ddrphy_calib_top/ddrphy_rdcal/rdcal_wrdata[97]' of 'bmsWIDEDFFCPE' unit is dangling and will be cleaned.
W: Public-4008: Instance 'I_ips_ddr_top/u_ddrphy_top/ddrphy_calib_top/ddrphy_rdcal/rdcal_wrdata[98]' of 'bmsWIDEDFFCPE' unit is dangling and will be cleaned.
W: Public-4008: Instance 'I_ips_ddr_top/u_ddrphy_top/ddrphy_calib_top/ddrphy_rdcal/rdcal_wrdata[99]' of 'bmsWIDEDFFCPE' unit is dangling and will be cleaned.
W: Public-4008: Instance 'I_ips_ddr_top/u_ddrphy_top/ddrphy_calib_top/ddrphy_rdcal/rdcal_wrdata[100]' of 'bmsWIDEDFFCPE' unit is dangling and will be cleaned.
W: Public-4008: Instance 'I_ips_ddr_top/u_ddrphy_top/ddrphy_calib_top/ddrphy_rdcal/rdcal_wrdata[101]' of 'bmsWIDEDFFCPE' unit is dangling and will be cleaned.
W: Public-4008: Instance 'I_ips_ddr_top/u_ddrphy_top/ddrphy_calib_top/ddrphy_rdcal/rdcal_wrdata[102]' of 'bmsWIDEDFFCPE' unit is dangling and will be cleaned.
W: Public-4008: Instance 'I_ips_ddr_top/u_ddrphy_top/ddrphy_calib_top/ddrphy_rdcal/rdcal_wrdata[103]' of 'bmsWIDEDFFCPE' unit is dangling and will be cleaned.
W: Public-4008: Instance 'I_ips_ddr_top/u_ddrphy_top/ddrphy_calib_top/ddrphy_rdcal/rdcal_wrdata[104]' of 'bmsWIDEDFFCPE' unit is dangling and will be cleaned.
W: Public-4008: Instance 'I_ips_ddr_top/u_ddrphy_top/ddrphy_calib_top/ddrphy_rdcal/rdcal_wrdata[105]' of 'bmsWIDEDFFCPE' unit is dangling and will be cleaned.
W: Public-4008: Instance 'I_ips_ddr_top/u_ddrphy_top/ddrphy_calib_top/ddrphy_rdcal/rdcal_wrdata[106]' of 'bmsWIDEDFFCPE' unit is dangling and will be cleaned.
W: Public-4008: Instance 'I_ips_ddr_top/u_ddrphy_top/ddrphy_calib_top/ddrphy_rdcal/rdcal_wrdata[107]' of 'bmsWIDEDFFCPE' unit is dangling and will be cleaned.
W: Public-4008: Instance 'I_ips_ddr_top/u_ddrphy_top/ddrphy_calib_top/ddrphy_rdcal/rdcal_wrdata[108]' of 'bmsWIDEDFFCPE' unit is dangling and will be cleaned.
W: Public-4008: Instance 'I_ips_ddr_top/u_ddrphy_top/ddrphy_calib_top/ddrphy_rdcal/rdcal_wrdata[109]' of 'bmsWIDEDFFCPE' unit is dangling and will be cleaned.
W: Public-4008: Instance 'I_ips_ddr_top/u_ddrphy_top/ddrphy_calib_top/ddrphy_rdcal/rdcal_wrdata[110]' of 'bmsWIDEDFFCPE' unit is dangling and will be cleaned.
W: Public-4008: Instance 'I_ips_ddr_top/u_ddrphy_top/ddrphy_calib_top/ddrphy_rdcal/rdcal_wrdata[111]' of 'bmsWIDEDFFCPE' unit is dangling and will be cleaned.
W: Public-4008: Instance 'I_ips_ddr_top/u_ddrphy_top/ddrphy_calib_top/ddrphy_rdcal/rdcal_wrdata[112]' of 'bmsWIDEDFFCPE' unit is dangling and will be cleaned.
W: Public-4008: Instance 'I_ips_ddr_top/u_ddrphy_top/ddrphy_calib_top/ddrphy_rdcal/rdcal_wrdata[113]' of 'bmsWIDEDFFCPE' unit is dangling and will be cleaned.
W: Public-4008: Instance 'I_ips_ddr_top/u_ddrphy_top/ddrphy_calib_top/ddrphy_rdcal/rdcal_wrdata[114]' of 'bmsWIDEDFFCPE' unit is dangling and will be cleaned.
W: Public-4008: Instance 'I_ips_ddr_top/u_ddrphy_top/ddrphy_calib_top/ddrphy_rdcal/rdcal_wrdata[115]' of 'bmsWIDEDFFCPE' unit is dangling and will be cleaned.
W: Public-4008: Instance 'I_ips_ddr_top/u_ddrphy_top/ddrphy_calib_top/ddrphy_rdcal/rdcal_wrdata[116]' of 'bmsWIDEDFFCPE' unit is dangling and will be cleaned.
W: Public-4008: Instance 'I_ips_ddr_top/u_ddrphy_top/ddrphy_calib_top/ddrphy_rdcal/rdcal_wrdata[117]' of 'bmsWIDEDFFCPE' unit is dangling and will be cleaned.
W: Public-4008: Instance 'I_ips_ddr_top/u_ddrphy_top/ddrphy_calib_top/ddrphy_rdcal/rdcal_wrdata[118]' of 'bmsWIDEDFFCPE' unit is dangling and will be cleaned.
W: Public-4008: Instance 'I_ips_ddr_top/u_ddrphy_top/ddrphy_calib_top/ddrphy_rdcal/rdcal_wrdata[119]' of 'bmsWIDEDFFCPE' unit is dangling and will be cleaned.
W: Public-4008: Instance 'I_ips_ddr_top/u_ddrphy_top/ddrphy_calib_top/ddrphy_rdcal/rdcal_wrdata[120]' of 'bmsWIDEDFFCPE' unit is dangling and will be cleaned.
W: Public-4008: Instance 'I_ips_ddr_top/u_ddrphy_top/ddrphy_calib_top/ddrphy_rdcal/rdcal_wrdata[121]' of 'bmsWIDEDFFCPE' unit is dangling and will be cleaned.
W: Public-4008: Instance 'I_ips_ddr_top/u_ddrphy_top/ddrphy_calib_top/ddrphy_rdcal/rdcal_wrdata[122]' of 'bmsWIDEDFFCPE' unit is dangling and will be cleaned.
W: Public-4008: Instance 'I_ips_ddr_top/u_ddrphy_top/ddrphy_calib_top/ddrphy_rdcal/rdcal_wrdata[123]' of 'bmsWIDEDFFCPE' unit is dangling and will be cleaned.
W: Public-4008: Instance 'I_ips_ddr_top/u_ddrphy_top/ddrphy_calib_top/ddrphy_rdcal/rdcal_wrdata[124]' of 'bmsWIDEDFFCPE' unit is dangling and will be cleaned.
W: Public-4008: Instance 'I_ips_ddr_top/u_ddrphy_top/ddrphy_calib_top/ddrphy_rdcal/rdcal_wrdata[125]' of 'bmsWIDEDFFCPE' unit is dangling and will be cleaned.
W: Public-4008: Instance 'I_ips_ddr_top/u_ddrphy_top/ddrphy_calib_top/ddrphy_rdcal/rdcal_wrdata[126]' of 'bmsWIDEDFFCPE' unit is dangling and will be cleaned.
W: Public-4008: Instance 'I_ips_ddr_top/u_ddrphy_top/ddrphy_calib_top/ddrphy_rdcal/rdcal_wrdata[127]' of 'bmsWIDEDFFCPE' unit is dangling and will be cleaned.
W: Public-4008: Instance 'I_ips_ddr_top/u_ips_ddrc_top/mcdq_ui_axi/u_user_cmd_fifo/data_0[1]' of 'bmsWIDEDFFCPE' unit is dangling and will be cleaned.
W: Public-4008: Instance 'I_ips_ddr_top/u_ips_ddrc_top/mcdq_ui_axi/u_user_cmd_fifo/data_0[2]' of 'bmsWIDEDFFCPE' unit is dangling and will be cleaned.
W: Public-4008: Instance 'I_ips_ddr_top/u_ips_ddrc_top/mcdq_ui_axi/u_user_cmd_fifo/data_0[3]' of 'bmsWIDEDFFCPE' unit is dangling and will be cleaned.
W: Public-4008: Instance 'I_ips_ddr_top/u_ips_ddrc_top/mcdq_ui_axi/u_user_cmd_fifo/data_0[4]' of 'bmsWIDEDFFCPE' unit is dangling and will be cleaned.
W: Public-4008: Instance 'I_ips_ddr_top/u_ips_ddrc_top/mcdq_ui_axi/u_user_cmd_fifo/data_0[5]' of 'bmsWIDEDFFCPE' unit is dangling and will be cleaned.
W: Public-4008: Instance 'I_ips_ddr_top/u_ips_ddrc_top/mcdq_ui_axi/u_user_cmd_fifo/data_0[6]' of 'bmsWIDEDFFCPE' unit is dangling and will be cleaned.
W: Public-4008: Instance 'I_ips_ddr_top/u_ips_ddrc_top/mcdq_ui_axi/u_user_cmd_fifo/data_0[7]' of 'bmsWIDEDFFCPE' unit is dangling and will be cleaned.
W: Public-4008: Instance 'I_ips_ddr_top/u_ips_ddrc_top/mcdq_ui_axi/u_user_cmd_fifo/data_0[8]' of 'bmsWIDEDFFCPE' unit is dangling and will be cleaned.
W: Public-4008: Instance 'I_ips_ddr_top/u_ips_ddrc_top/mcdq_ui_axi/u_user_cmd_fifo/data_0[9]' of 'bmsWIDEDFFCPE' unit is dangling and will be cleaned.
W: Public-4008: Instance 'I_ips_ddr_top/u_ips_ddrc_top/mcdq_ui_axi/u_user_cmd_fifo/data_0[10]' of 'bmsWIDEDFFCPE' unit is dangling and will be cleaned.
W: Public-4008: Instance 'I_ips_ddr_top/u_ips_ddrc_top/mcdq_ui_axi/u_user_cmd_fifo/data_0[11]' of 'bmsWIDEDFFCPE' unit is dangling and will be cleaned.
W: Public-4008: Instance 'I_ips_ddr_top/u_ips_ddrc_top/mcdq_ui_axi/u_user_cmd_fifo/data_0[12]' of 'bmsWIDEDFFCPE' unit is dangling and will be cleaned.
W: Public-4008: Instance 'I_ips_ddr_top/u_ips_ddrc_top/mcdq_ui_axi/u_user_cmd_fifo/data_0[13]' of 'bmsWIDEDFFCPE' unit is dangling and will be cleaned.
W: Public-4008: Instance 'I_ips_ddr_top/u_ips_ddrc_top/mcdq_ui_axi/u_user_cmd_fifo/data_0[14]' of 'bmsWIDEDFFCPE' unit is dangling and will be cleaned.
W: Public-4008: Instance 'I_ips_ddr_top/u_ips_ddrc_top/mcdq_ui_axi/u_user_cmd_fifo/data_0[15]' of 'bmsWIDEDFFCPE' unit is dangling and will be cleaned.
W: Public-4008: Instance 'I_ips_ddr_top/u_ips_ddrc_top/mcdq_ui_axi/u_user_cmd_fifo/data_0[18]' of 'bmsWIDEDFFCPE' unit is dangling and will be cleaned.
W: Public-4008: Instance 'I_ips_ddr_top/u_ips_ddrc_top/mcdq_ui_axi/u_user_cmd_fifo/data_0[19]' of 'bmsWIDEDFFCPE' unit is dangling and will be cleaned.
W: Public-4008: Instance 'I_ips_ddr_top/u_ips_ddrc_top/mcdq_ui_axi/u_user_cmd_fifo/data_0[20]' of 'bmsWIDEDFFCPE' unit is dangling and will be cleaned.
W: Public-4008: Instance 'I_ips_ddr_top/u_ips_ddrc_top/mcdq_ui_axi/u_user_cmd_fifo/data_0[35]' of 'bmsWIDEDFFCPE' unit is dangling and will be cleaned.
W: Public-4008: Instance 'I_ips_ddr_top/u_ips_ddrc_top/mcdq_ui_axi/u_user_cmd_fifo/data_0[36]' of 'bmsWIDEDFFCPE' unit is dangling and will be cleaned.
W: Public-4008: Instance 'I_ips_ddr_top/u_ips_ddrc_top/mcdq_ui_axi/u_user_cmd_fifo/data_0[38]' of 'bmsWIDEDFFCPE' unit is dangling and will be cleaned.
W: Public-4008: Instance 'I_ips_ddr_top/u_ips_ddrc_top/mcdq_ui_axi/u_user_cmd_fifo/data_0[54]' of 'bmsWIDEDFFCPE' unit is dangling and will be cleaned.
W: Public-4008: Instance 'I_ips_ddr_top/u_ips_ddrc_top/mcdq_ui_axi/u_user_cmd_fifo/data_1[1]' of 'bmsWIDEDFFCPE' unit is dangling and will be cleaned.
W: Public-4008: Instance 'I_ips_ddr_top/u_ips_ddrc_top/mcdq_ui_axi/u_user_cmd_fifo/data_1[2]' of 'bmsWIDEDFFCPE' unit is dangling and will be cleaned.
W: Public-4008: Instance 'I_ips_ddr_top/u_ips_ddrc_top/mcdq_ui_axi/u_user_cmd_fifo/data_1[3]' of 'bmsWIDEDFFCPE' unit is dangling and will be cleaned.
W: Public-4008: Instance 'I_ips_ddr_top/u_ips_ddrc_top/mcdq_ui_axi/u_user_cmd_fifo/data_1[4]' of 'bmsWIDEDFFCPE' unit is dangling and will be cleaned.
W: Public-4008: Instance 'I_ips_ddr_top/u_ips_ddrc_top/mcdq_ui_axi/u_user_cmd_fifo/data_1[5]' of 'bmsWIDEDFFCPE' unit is dangling and will be cleaned.
W: Public-4008: Instance 'I_ips_ddr_top/u_ips_ddrc_top/mcdq_ui_axi/u_user_cmd_fifo/data_1[6]' of 'bmsWIDEDFFCPE' unit is dangling and will be cleaned.
W: Public-4008: Instance 'I_ips_ddr_top/u_ips_ddrc_top/mcdq_ui_axi/u_user_cmd_fifo/data_1[7]' of 'bmsWIDEDFFCPE' unit is dangling and will be cleaned.
W: Public-4008: Instance 'I_ips_ddr_top/u_ips_ddrc_top/mcdq_ui_axi/u_user_cmd_fifo/data_1[8]' of 'bmsWIDEDFFCPE' unit is dangling and will be cleaned.
W: Public-4008: Instance 'I_ips_ddr_top/u_ips_ddrc_top/mcdq_ui_axi/u_user_cmd_fifo/data_1[9]' of 'bmsWIDEDFFCPE' unit is dangling and will be cleaned.
W: Public-4008: Instance 'I_ips_ddr_top/u_ips_ddrc_top/mcdq_ui_axi/u_user_cmd_fifo/data_1[10]' of 'bmsWIDEDFFCPE' unit is dangling and will be cleaned.
W: Public-4008: Instance 'I_ips_ddr_top/u_ips_ddrc_top/mcdq_ui_axi/u_user_cmd_fifo/data_1[11]' of 'bmsWIDEDFFCPE' unit is dangling and will be cleaned.
W: Public-4008: Instance 'I_ips_ddr_top/u_ips_ddrc_top/mcdq_ui_axi/u_user_cmd_fifo/data_1[12]' of 'bmsWIDEDFFCPE' unit is dangling and will be cleaned.
W: Public-4008: Instance 'I_ips_ddr_top/u_ips_ddrc_top/mcdq_ui_axi/u_user_cmd_fifo/data_1[13]' of 'bmsWIDEDFFCPE' unit is dangling and will be cleaned.
W: Public-4008: Instance 'I_ips_ddr_top/u_ips_ddrc_top/mcdq_ui_axi/u_user_cmd_fifo/data_1[14]' of 'bmsWIDEDFFCPE' unit is dangling and will be cleaned.
W: Public-4008: Instance 'I_ips_ddr_top/u_ips_ddrc_top/mcdq_ui_axi/u_user_cmd_fifo/data_1[15]' of 'bmsWIDEDFFCPE' unit is dangling and will be cleaned.
W: Public-4008: Instance 'I_ips_ddr_top/u_ips_ddrc_top/mcdq_ui_axi/u_user_cmd_fifo/data_1[18]' of 'bmsWIDEDFFCPE' unit is dangling and will be cleaned.
W: Public-4008: Instance 'I_ips_ddr_top/u_ips_ddrc_top/mcdq_ui_axi/u_user_cmd_fifo/data_1[19]' of 'bmsWIDEDFFCPE' unit is dangling and will be cleaned.
W: Public-4008: Instance 'I_ips_ddr_top/u_ips_ddrc_top/mcdq_ui_axi/u_user_cmd_fifo/data_1[20]' of 'bmsWIDEDFFCPE' unit is dangling and will be cleaned.
W: Public-4008: Instance 'I_ips_ddr_top/u_ips_ddrc_top/mcdq_ui_axi/u_user_cmd_fifo/data_1[35]' of 'bmsWIDEDFFCPE' unit is dangling and will be cleaned.
W: Public-4008: Instance 'I_ips_ddr_top/u_ips_ddrc_top/mcdq_ui_axi/u_user_cmd_fifo/data_1[36]' of 'bmsWIDEDFFCPE' unit is dangling and will be cleaned.
W: Public-4008: Instance 'I_ips_ddr_top/u_ips_ddrc_top/mcdq_ui_axi/u_user_cmd_fifo/data_1[38]' of 'bmsWIDEDFFCPE' unit is dangling and will be cleaned.
W: Public-4008: Instance 'I_ips_ddr_top/u_ips_ddrc_top/mcdq_ui_axi/u_user_cmd_fifo/data_1[54]' of 'bmsWIDEDFFCPE' unit is dangling and will be cleaned.
W: Public-4008: Instance 'I_ips_ddr_top/u_ddrphy_top/ddrphy_calib_top/ddrphy_eyecal/eyecal_address[0]' of 'bmsWIDEDFFCPE' unit is dangling and will be cleaned.
W: Public-4008: Instance 'I_ips_ddr_top/u_ddrphy_top/ddrphy_calib_top/ddrphy_eyecal/eyecal_address[1]' of 'bmsWIDEDFFCPE' unit is dangling and will be cleaned.
W: Public-4008: Instance 'I_ips_ddr_top/u_ddrphy_top/ddrphy_calib_top/ddrphy_eyecal/eyecal_address[2]' of 'bmsWIDEDFFCPE' unit is dangling and will be cleaned.
W: Public-4008: Instance 'I_ips_ddr_top/u_ddrphy_top/ddrphy_calib_top/ddrphy_eyecal/eyecal_address[5]' of 'bmsWIDEDFFCPE' unit is dangling and will be cleaned.
W: Public-4008: Instance 'I_ips_ddr_top/u_ddrphy_top/ddrphy_calib_top/ddrphy_eyecal/eyecal_address[6]' of 'bmsWIDEDFFCPE' unit is dangling and will be cleaned.
W: Public-4008: Instance 'I_ips_ddr_top/u_ddrphy_top/ddrphy_calib_top/ddrphy_eyecal/eyecal_address[7]' of 'bmsWIDEDFFCPE' unit is dangling and will be cleaned.
W: Public-4008: Instance 'I_ips_ddr_top/u_ddrphy_top/ddrphy_calib_top/ddrphy_eyecal/eyecal_address[8]' of 'bmsWIDEDFFCPE' unit is dangling and will be cleaned.
W: Public-4008: Instance 'I_ips_ddr_top/u_ddrphy_top/ddrphy_calib_top/ddrphy_eyecal/eyecal_address[9]' of 'bmsWIDEDFFCPE' unit is dangling and will be cleaned.
W: Public-4008: Instance 'I_ips_ddr_top/u_ddrphy_top/ddrphy_calib_top/ddrphy_eyecal/eyecal_address[11]' of 'bmsWIDEDFFCPE' unit is dangling and will be cleaned.
W: Public-4008: Instance 'I_ips_ddr_top/u_ddrphy_top/ddrphy_calib_top/ddrphy_eyecal/eyecal_address[12]' of 'bmsWIDEDFFCPE' unit is dangling and will be cleaned.
W: Public-4008: Instance 'I_ips_ddr_top/u_ddrphy_top/ddrphy_calib_top/ddrphy_eyecal/eyecal_address[13]' of 'bmsWIDEDFFCPE' unit is dangling and will be cleaned.
W: Public-4008: Instance 'I_ips_ddr_top/u_ddrphy_top/ddrphy_calib_top/ddrphy_eyecal/eyecal_address[14]' of 'bmsWIDEDFFCPE' unit is dangling and will be cleaned.
W: Public-4008: Instance 'I_ips_ddr_top/u_ddrphy_top/ddrphy_calib_top/ddrphy_wrlvl/wrlvl_address[13]' of 'bmsWIDEDFFCPE' unit is dangling and will be cleaned.
W: Public-4008: Instance 'I_ips_ddr_top/u_ddrphy_top/ddrphy_calib_top/ddrphy_wrlvl/wrlvl_address[14]' of 'bmsWIDEDFFCPE' unit is dangling and will be cleaned.
W: Public-4008: Instance 'I_ips_ddr_top/u_ddrphy_top/ddrphy_calib_top/ddrphy_wrlvl/wrlvl_ba[1]' of 'bmsWIDEDFFCPE' unit is dangling and will be cleaned.
W: Public-4008: Instance 'I_ips_ddr_top/u_ddrphy_top/ddrphy_calib_top/ddrphy_wrlvl/wrlvl_ba[2]' of 'bmsWIDEDFFCPE' unit is dangling and will be cleaned.
W: Public-4008: Instance 'I_ips_ddr_top/u_ddrphy_top/ddrphy_calib_top/ddrphy_upcal/cnt[5]' of 'bmsWIDEDFFCPE' unit is dangling and will be cleaned.
W: Public-4008: Instance 'I_ips_ddr_top/u_ddrphy_top/ddrphy_calib_top/ddrphy_upcal/cnt[6]' of 'bmsWIDEDFFCPE' unit is dangling and will be cleaned.
W: Public-4008: Instance 'I_ips_ddr_top/u_ddrphy_top/ddrphy_calib_top/ddrphy_upcal/cnt[7]' of 'bmsWIDEDFFCPE' unit is dangling and will be cleaned.
W: Public-4008: Instance 'I_ips_ddr_top/u_ddrphy_top/ddrphy_calib_top/ddrphy_upcal/comp_val[1]' of 'bmsWIDEDFFCPE' unit is dangling and will be cleaned.
W: Public-4008: Instance 'I_ips_ddr_top/u_ddrphy_top/ddrphy_calib_top/ddrphy_upcal/comp_val[3]' of 'bmsWIDEDFFCPE' unit is dangling and will be cleaned.
W: Public-4008: Instance 'I_ips_ddr_top/u_ddrphy_top/ddrphy_calib_top/ddrphy_wrcal/wrcal_wrdata[2]' of 'bmsWIDEDFFCPE' unit is dangling and will be cleaned.
W: Public-4008: Instance 'I_ips_ddr_top/u_ddrphy_top/ddrphy_calib_top/ddrphy_wrcal/wrcal_wrdata[3]' of 'bmsWIDEDFFCPE' unit is dangling and will be cleaned.
W: Public-4008: Instance 'I_ips_ddr_top/u_ddrphy_top/ddrphy_calib_top/ddrphy_wrcal/wrcal_wrdata[6]' of 'bmsWIDEDFFCPE' unit is dangling and will be cleaned.
W: Public-4008: Instance 'I_ips_ddr_top/u_ddrphy_top/ddrphy_calib_top/ddrphy_wrcal/wrcal_wrdata[7]' of 'bmsWIDEDFFCPE' unit is dangling and will be cleaned.
W: Public-4008: Instance 'I_ips_ddr_top/u_ddrphy_top/ddrphy_calib_top/ddrphy_wrcal/wrcal_wrdata[8]' of 'bmsWIDEDFFCPE' unit is dangling and will be cleaned.
W: Public-4008: Instance 'I_ips_ddr_top/u_ddrphy_top/ddrphy_calib_top/ddrphy_wrcal/wrcal_wrdata[9]' of 'bmsWIDEDFFCPE' unit is dangling and will be cleaned.
W: Public-4008: Instance 'I_ips_ddr_top/u_ddrphy_top/ddrphy_calib_top/ddrphy_wrcal/wrcal_wrdata[10]' of 'bmsWIDEDFFCPE' unit is dangling and will be cleaned.
W: Public-4008: Instance 'I_ips_ddr_top/u_ddrphy_top/ddrphy_calib_top/ddrphy_wrcal/wrcal_wrdata[11]' of 'bmsWIDEDFFCPE' unit is dangling and will be cleaned.
W: Public-4008: Instance 'I_ips_ddr_top/u_ddrphy_top/ddrphy_calib_top/ddrphy_wrcal/wrcal_wrdata[12]' of 'bmsWIDEDFFCPE' unit is dangling and will be cleaned.
W: Public-4008: Instance 'I_ips_ddr_top/u_ddrphy_top/ddrphy_calib_top/ddrphy_wrcal/wrcal_wrdata[13]' of 'bmsWIDEDFFCPE' unit is dangling and will be cleaned.
W: Public-4008: Instance 'I_ips_ddr_top/u_ddrphy_top/ddrphy_calib_top/ddrphy_wrcal/wrcal_wrdata[14]' of 'bmsWIDEDFFCPE' unit is dangling and will be cleaned.
W: Public-4008: Instance 'I_ips_ddr_top/u_ddrphy_top/ddrphy_calib_top/ddrphy_wrcal/wrcal_wrdata[15]' of 'bmsWIDEDFFCPE' unit is dangling and will be cleaned.
W: Public-4008: Instance 'I_ips_ddr_top/u_ddrphy_top/ddrphy_calib_top/ddrphy_wrcal/wrcal_wrdata[18]' of 'bmsWIDEDFFCPE' unit is dangling and will be cleaned.
W: Public-4008: Instance 'I_ips_ddr_top/u_ddrphy_top/ddrphy_calib_top/ddrphy_wrcal/wrcal_wrdata[19]' of 'bmsWIDEDFFCPE' unit is dangling and will be cleaned.
W: Public-4008: Instance 'I_ips_ddr_top/u_ddrphy_top/ddrphy_calib_top/ddrphy_wrcal/wrcal_wrdata[22]' of 'bmsWIDEDFFCPE' unit is dangling and will be cleaned.
W: Public-4008: Instance 'I_ips_ddr_top/u_ddrphy_top/ddrphy_calib_top/ddrphy_wrcal/wrcal_wrdata[23]' of 'bmsWIDEDFFCPE' unit is dangling and will be cleaned.
W: Public-4008: Instance 'I_ips_ddr_top/u_ddrphy_top/ddrphy_calib_top/ddrphy_wrcal/wrcal_wrdata[24]' of 'bmsWIDEDFFCPE' unit is dangling and will be cleaned.
W: Public-4008: Instance 'I_ips_ddr_top/u_ddrphy_top/ddrphy_calib_top/ddrphy_wrcal/wrcal_wrdata[25]' of 'bmsWIDEDFFCPE' unit is dangling and will be cleaned.
W: Public-4008: Instance 'I_ips_ddr_top/u_ddrphy_top/ddrphy_calib_top/ddrphy_wrcal/wrcal_wrdata[26]' of 'bmsWIDEDFFCPE' unit is dangling and will be cleaned.
W: Public-4008: Instance 'I_ips_ddr_top/u_ddrphy_top/ddrphy_calib_top/ddrphy_wrcal/wrcal_wrdata[27]' of 'bmsWIDEDFFCPE' unit is dangling and will be cleaned.
W: Public-4008: Instance 'I_ips_ddr_top/u_ddrphy_top/ddrphy_calib_top/ddrphy_wrcal/wrcal_wrdata[28]' of 'bmsWIDEDFFCPE' unit is dangling and will be cleaned.
W: Public-4008: Instance 'I_ips_ddr_top/u_ddrphy_top/ddrphy_calib_top/ddrphy_wrcal/wrcal_wrdata[29]' of 'bmsWIDEDFFCPE' unit is dangling and will be cleaned.
W: Public-4008: Instance 'I_ips_ddr_top/u_ddrphy_top/ddrphy_calib_top/ddrphy_wrcal/wrcal_wrdata[30]' of 'bmsWIDEDFFCPE' unit is dangling and will be cleaned.
W: Public-4008: Instance 'I_ips_ddr_top/u_ddrphy_top/ddrphy_calib_top/ddrphy_wrcal/wrcal_wrdata[31]' of 'bmsWIDEDFFCPE' unit is dangling and will be cleaned.
W: Public-4008: Instance 'I_ips_ddr_top/u_ddrphy_top/ddrphy_calib_top/ddrphy_wrcal/wrcal_wrdata[34]' of 'bmsWIDEDFFCPE' unit is dangling and will be cleaned.
W: Public-4008: Instance 'I_ips_ddr_top/u_ddrphy_top/ddrphy_calib_top/ddrphy_wrcal/wrcal_wrdata[35]' of 'bmsWIDEDFFCPE' unit is dangling and will be cleaned.
W: Public-4008: Instance 'I_ips_ddr_top/u_ddrphy_top/ddrphy_calib_top/ddrphy_wrcal/wrcal_wrdata[38]' of 'bmsWIDEDFFCPE' unit is dangling and will be cleaned.
W: Public-4008: Instance 'I_ips_ddr_top/u_ddrphy_top/ddrphy_calib_top/ddrphy_wrcal/wrcal_wrdata[39]' of 'bmsWIDEDFFCPE' unit is dangling and will be cleaned.
W: Public-4008: Instance 'I_ips_ddr_top/u_ddrphy_top/ddrphy_calib_top/ddrphy_wrcal/wrcal_wrdata[40]' of 'bmsWIDEDFFCPE' unit is dangling and will be cleaned.
W: Public-4008: Instance 'I_ips_ddr_top/u_ddrphy_top/ddrphy_calib_top/ddrphy_wrcal/wrcal_wrdata[41]' of 'bmsWIDEDFFCPE' unit is dangling and will be cleaned.
W: Public-4008: Instance 'I_ips_ddr_top/u_ddrphy_top/ddrphy_calib_top/ddrphy_wrcal/wrcal_wrdata[42]' of 'bmsWIDEDFFCPE' unit is dangling and will be cleaned.
W: Public-4008: Instance 'I_ips_ddr_top/u_ddrphy_top/ddrphy_calib_top/ddrphy_wrcal/wrcal_wrdata[43]' of 'bmsWIDEDFFCPE' unit is dangling and will be cleaned.
W: Public-4008: Instance 'I_ips_ddr_top/u_ddrphy_top/ddrphy_calib_top/ddrphy_wrcal/wrcal_wrdata[44]' of 'bmsWIDEDFFCPE' unit is dangling and will be cleaned.
W: Public-4008: Instance 'I_ips_ddr_top/u_ddrphy_top/ddrphy_calib_top/ddrphy_wrcal/wrcal_wrdata[45]' of 'bmsWIDEDFFCPE' unit is dangling and will be cleaned.
W: Public-4008: Instance 'I_ips_ddr_top/u_ddrphy_top/ddrphy_calib_top/ddrphy_wrcal/wrcal_wrdata[46]' of 'bmsWIDEDFFCPE' unit is dangling and will be cleaned.
W: Public-4008: Instance 'I_ips_ddr_top/u_ddrphy_top/ddrphy_calib_top/ddrphy_wrcal/wrcal_wrdata[47]' of 'bmsWIDEDFFCPE' unit is dangling and will be cleaned.
W: Public-4008: Instance 'I_ips_ddr_top/u_ddrphy_top/ddrphy_calib_top/ddrphy_wrcal/wrcal_wrdata[50]' of 'bmsWIDEDFFCPE' unit is dangling and will be cleaned.
W: Public-4008: Instance 'I_ips_ddr_top/u_ddrphy_top/ddrphy_calib_top/ddrphy_wrcal/wrcal_wrdata[51]' of 'bmsWIDEDFFCPE' unit is dangling and will be cleaned.
W: Public-4008: Instance 'I_ips_ddr_top/u_ddrphy_top/ddrphy_calib_top/ddrphy_wrcal/wrcal_wrdata[54]' of 'bmsWIDEDFFCPE' unit is dangling and will be cleaned.
W: Public-4008: Instance 'I_ips_ddr_top/u_ddrphy_top/ddrphy_calib_top/ddrphy_wrcal/wrcal_wrdata[55]' of 'bmsWIDEDFFCPE' unit is dangling and will be cleaned.
W: Public-4008: Instance 'I_ips_ddr_top/u_ddrphy_top/ddrphy_calib_top/ddrphy_wrcal/wrcal_wrdata[56]' of 'bmsWIDEDFFCPE' unit is dangling and will be cleaned.
W: Public-4008: Instance 'I_ips_ddr_top/u_ddrphy_top/ddrphy_calib_top/ddrphy_wrcal/wrcal_wrdata[57]' of 'bmsWIDEDFFCPE' unit is dangling and will be cleaned.
W: Public-4008: Instance 'I_ips_ddr_top/u_ddrphy_top/ddrphy_calib_top/ddrphy_wrcal/wrcal_wrdata[58]' of 'bmsWIDEDFFCPE' unit is dangling and will be cleaned.
W: Public-4008: Instance 'I_ips_ddr_top/u_ddrphy_top/ddrphy_calib_top/ddrphy_wrcal/wrcal_wrdata[59]' of 'bmsWIDEDFFCPE' unit is dangling and will be cleaned.
W: Public-4008: Instance 'I_ips_ddr_top/u_ddrphy_top/ddrphy_calib_top/ddrphy_wrcal/wrcal_wrdata[60]' of 'bmsWIDEDFFCPE' unit is dangling and will be cleaned.
W: Public-4008: Instance 'I_ips_ddr_top/u_ddrphy_top/ddrphy_calib_top/ddrphy_wrcal/wrcal_wrdata[61]' of 'bmsWIDEDFFCPE' unit is dangling and will be cleaned.
W: Public-4008: Instance 'I_ips_ddr_top/u_ddrphy_top/ddrphy_calib_top/ddrphy_wrcal/wrcal_wrdata[62]' of 'bmsWIDEDFFCPE' unit is dangling and will be cleaned.
W: Public-4008: Instance 'I_ips_ddr_top/u_ddrphy_top/ddrphy_calib_top/ddrphy_wrcal/wrcal_wrdata[63]' of 'bmsWIDEDFFCPE' unit is dangling and will be cleaned.
W: Public-4008: Instance 'I_ips_ddr_top/u_ddrphy_top/ddrphy_calib_top/ddrphy_wrcal/wrcal_wrdata[66]' of 'bmsWIDEDFFCPE' unit is dangling and will be cleaned.
W: Public-4008: Instance 'I_ips_ddr_top/u_ddrphy_top/ddrphy_calib_top/ddrphy_wrcal/wrcal_wrdata[67]' of 'bmsWIDEDFFCPE' unit is dangling and will be cleaned.
W: Public-4008: Instance 'I_ips_ddr_top/u_ddrphy_top/ddrphy_calib_top/ddrphy_wrcal/wrcal_wrdata[70]' of 'bmsWIDEDFFCPE' unit is dangling and will be cleaned.
W: Public-4008: Instance 'I_ips_ddr_top/u_ddrphy_top/ddrphy_calib_top/ddrphy_wrcal/wrcal_wrdata[71]' of 'bmsWIDEDFFCPE' unit is dangling and will be cleaned.
W: Public-4008: Instance 'I_ips_ddr_top/u_ddrphy_top/ddrphy_calib_top/ddrphy_wrcal/wrcal_wrdata[72]' of 'bmsWIDEDFFCPE' unit is dangling and will be cleaned.
W: Public-4008: Instance 'I_ips_ddr_top/u_ddrphy_top/ddrphy_calib_top/ddrphy_wrcal/wrcal_wrdata[73]' of 'bmsWIDEDFFCPE' unit is dangling and will be cleaned.
W: Public-4008: Instance 'I_ips_ddr_top/u_ddrphy_top/ddrphy_calib_top/ddrphy_wrcal/wrcal_wrdata[74]' of 'bmsWIDEDFFCPE' unit is dangling and will be cleaned.
W: Public-4008: Instance 'I_ips_ddr_top/u_ddrphy_top/ddrphy_calib_top/ddrphy_wrcal/wrcal_wrdata[75]' of 'bmsWIDEDFFCPE' unit is dangling and will be cleaned.
W: Public-4008: Instance 'I_ips_ddr_top/u_ddrphy_top/ddrphy_calib_top/ddrphy_wrcal/wrcal_wrdata[76]' of 'bmsWIDEDFFCPE' unit is dangling and will be cleaned.
W: Public-4008: Instance 'I_ips_ddr_top/u_ddrphy_top/ddrphy_calib_top/ddrphy_wrcal/wrcal_wrdata[77]' of 'bmsWIDEDFFCPE' unit is dangling and will be cleaned.
W: Public-4008: Instance 'I_ips_ddr_top/u_ddrphy_top/ddrphy_calib_top/ddrphy_wrcal/wrcal_wrdata[78]' of 'bmsWIDEDFFCPE' unit is dangling and will be cleaned.
W: Public-4008: Instance 'I_ips_ddr_top/u_ddrphy_top/ddrphy_calib_top/ddrphy_wrcal/wrcal_wrdata[79]' of 'bmsWIDEDFFCPE' unit is dangling and will be cleaned.
W: Public-4008: Instance 'I_ips_ddr_top/u_ddrphy_top/ddrphy_calib_top/ddrphy_wrcal/wrcal_wrdata[82]' of 'bmsWIDEDFFCPE' unit is dangling and will be cleaned.
W: Public-4008: Instance 'I_ips_ddr_top/u_ddrphy_top/ddrphy_calib_top/ddrphy_wrcal/wrcal_wrdata[83]' of 'bmsWIDEDFFCPE' unit is dangling and will be cleaned.
W: Public-4008: Instance 'I_ips_ddr_top/u_ddrphy_top/ddrphy_calib_top/ddrphy_wrcal/wrcal_wrdata[86]' of 'bmsWIDEDFFCPE' unit is dangling and will be cleaned.
W: Public-4008: Instance 'I_ips_ddr_top/u_ddrphy_top/ddrphy_calib_top/ddrphy_wrcal/wrcal_wrdata[87]' of 'bmsWIDEDFFCPE' unit is dangling and will be cleaned.
W: Public-4008: Instance 'I_ips_ddr_top/u_ddrphy_top/ddrphy_calib_top/ddrphy_wrcal/wrcal_wrdata[88]' of 'bmsWIDEDFFCPE' unit is dangling and will be cleaned.
W: Public-4008: Instance 'I_ips_ddr_top/u_ddrphy_top/ddrphy_calib_top/ddrphy_wrcal/wrcal_wrdata[89]' of 'bmsWIDEDFFCPE' unit is dangling and will be cleaned.
W: Public-4008: Instance 'I_ips_ddr_top/u_ddrphy_top/ddrphy_calib_top/ddrphy_wrcal/wrcal_wrdata[90]' of 'bmsWIDEDFFCPE' unit is dangling and will be cleaned.
W: Public-4008: Instance 'I_ips_ddr_top/u_ddrphy_top/ddrphy_calib_top/ddrphy_wrcal/wrcal_wrdata[91]' of 'bmsWIDEDFFCPE' unit is dangling and will be cleaned.
W: Public-4008: Instance 'I_ips_ddr_top/u_ddrphy_top/ddrphy_calib_top/ddrphy_wrcal/wrcal_wrdata[92]' of 'bmsWIDEDFFCPE' unit is dangling and will be cleaned.
W: Public-4008: Instance 'I_ips_ddr_top/u_ddrphy_top/ddrphy_calib_top/ddrphy_wrcal/wrcal_wrdata[93]' of 'bmsWIDEDFFCPE' unit is dangling and will be cleaned.
W: Public-4008: Instance 'I_ips_ddr_top/u_ddrphy_top/ddrphy_calib_top/ddrphy_wrcal/wrcal_wrdata[94]' of 'bmsWIDEDFFCPE' unit is dangling and will be cleaned.
W: Public-4008: Instance 'I_ips_ddr_top/u_ddrphy_top/ddrphy_calib_top/ddrphy_wrcal/wrcal_wrdata[95]' of 'bmsWIDEDFFCPE' unit is dangling and will be cleaned.
W: Public-4008: Instance 'I_ips_ddr_top/u_ddrphy_top/ddrphy_calib_top/ddrphy_wrcal/wrcal_wrdata[98]' of 'bmsWIDEDFFCPE' unit is dangling and will be cleaned.
W: Public-4008: Instance 'I_ips_ddr_top/u_ddrphy_top/ddrphy_calib_top/ddrphy_wrcal/wrcal_wrdata[99]' of 'bmsWIDEDFFCPE' unit is dangling and will be cleaned.
W: Public-4008: Instance 'I_ips_ddr_top/u_ddrphy_top/ddrphy_calib_top/ddrphy_wrcal/wrcal_wrdata[102]' of 'bmsWIDEDFFCPE' unit is dangling and will be cleaned.
W: Public-4008: Instance 'I_ips_ddr_top/u_ddrphy_top/ddrphy_calib_top/ddrphy_wrcal/wrcal_wrdata[103]' of 'bmsWIDEDFFCPE' unit is dangling and will be cleaned.
W: Public-4008: Instance 'I_ips_ddr_top/u_ddrphy_top/ddrphy_calib_top/ddrphy_wrcal/wrcal_wrdata[104]' of 'bmsWIDEDFFCPE' unit is dangling and will be cleaned.
W: Public-4008: Instance 'I_ips_ddr_top/u_ddrphy_top/ddrphy_calib_top/ddrphy_wrcal/wrcal_wrdata[105]' of 'bmsWIDEDFFCPE' unit is dangling and will be cleaned.
W: Public-4008: Instance 'I_ips_ddr_top/u_ddrphy_top/ddrphy_calib_top/ddrphy_wrcal/wrcal_wrdata[106]' of 'bmsWIDEDFFCPE' unit is dangling and will be cleaned.
W: Public-4008: Instance 'I_ips_ddr_top/u_ddrphy_top/ddrphy_calib_top/ddrphy_wrcal/wrcal_wrdata[107]' of 'bmsWIDEDFFCPE' unit is dangling and will be cleaned.
W: Public-4008: Instance 'I_ips_ddr_top/u_ddrphy_top/ddrphy_calib_top/ddrphy_wrcal/wrcal_wrdata[108]' of 'bmsWIDEDFFCPE' unit is dangling and will be cleaned.
W: Public-4008: Instance 'I_ips_ddr_top/u_ddrphy_top/ddrphy_calib_top/ddrphy_wrcal/wrcal_wrdata[109]' of 'bmsWIDEDFFCPE' unit is dangling and will be cleaned.
W: Public-4008: Instance 'I_ips_ddr_top/u_ddrphy_top/ddrphy_calib_top/ddrphy_wrcal/wrcal_wrdata[110]' of 'bmsWIDEDFFCPE' unit is dangling and will be cleaned.
W: Public-4008: Instance 'I_ips_ddr_top/u_ddrphy_top/ddrphy_calib_top/ddrphy_wrcal/wrcal_wrdata[111]' of 'bmsWIDEDFFCPE' unit is dangling and will be cleaned.
W: Public-4008: Instance 'I_ips_ddr_top/u_ddrphy_top/ddrphy_calib_top/ddrphy_wrcal/wrcal_wrdata[114]' of 'bmsWIDEDFFCPE' unit is dangling and will be cleaned.
W: Public-4008: Instance 'I_ips_ddr_top/u_ddrphy_top/ddrphy_calib_top/ddrphy_wrcal/wrcal_wrdata[115]' of 'bmsWIDEDFFCPE' unit is dangling and will be cleaned.
W: Public-4008: Instance 'I_ips_ddr_top/u_ddrphy_top/ddrphy_calib_top/ddrphy_wrcal/wrcal_wrdata[118]' of 'bmsWIDEDFFCPE' unit is dangling and will be cleaned.
W: Public-4008: Instance 'I_ips_ddr_top/u_ddrphy_top/ddrphy_calib_top/ddrphy_wrcal/wrcal_wrdata[119]' of 'bmsWIDEDFFCPE' unit is dangling and will be cleaned.
W: Public-4008: Instance 'I_ips_ddr_top/u_ddrphy_top/ddrphy_calib_top/ddrphy_wrcal/wrcal_wrdata[120]' of 'bmsWIDEDFFCPE' unit is dangling and will be cleaned.
W: Public-4008: Instance 'I_ips_ddr_top/u_ddrphy_top/ddrphy_calib_top/ddrphy_wrcal/wrcal_wrdata[121]' of 'bmsWIDEDFFCPE' unit is dangling and will be cleaned.
W: Public-4008: Instance 'I_ips_ddr_top/u_ddrphy_top/ddrphy_calib_top/ddrphy_wrcal/wrcal_wrdata[122]' of 'bmsWIDEDFFCPE' unit is dangling and will be cleaned.
W: Public-4008: Instance 'I_ips_ddr_top/u_ddrphy_top/ddrphy_calib_top/ddrphy_wrcal/wrcal_wrdata[123]' of 'bmsWIDEDFFCPE' unit is dangling and will be cleaned.
W: Public-4008: Instance 'I_ips_ddr_top/u_ddrphy_top/ddrphy_calib_top/ddrphy_wrcal/wrcal_wrdata[124]' of 'bmsWIDEDFFCPE' unit is dangling and will be cleaned.
W: Public-4008: Instance 'I_ips_ddr_top/u_ddrphy_top/ddrphy_calib_top/ddrphy_wrcal/wrcal_wrdata[125]' of 'bmsWIDEDFFCPE' unit is dangling and will be cleaned.
W: Public-4008: Instance 'I_ips_ddr_top/u_ddrphy_top/ddrphy_calib_top/ddrphy_wrcal/wrcal_wrdata[126]' of 'bmsWIDEDFFCPE' unit is dangling and will be cleaned.
W: Public-4008: Instance 'I_ips_ddr_top/u_ddrphy_top/ddrphy_calib_top/ddrphy_wrcal/wrcal_wrdata[127]' of 'bmsWIDEDFFCPE' unit is dangling and will be cleaned.
W: Public-4008: Instance 'I_ips_ddr_top/u_ddrphy_top/ddrphy_calib_top/ddrphy_wrcal/wrcal_address[0]' of 'bmsWIDEDFFCPE' unit is dangling and will be cleaned.
W: Public-4008: Instance 'I_ips_ddr_top/u_ddrphy_top/ddrphy_calib_top/ddrphy_wrcal/wrcal_address[1]' of 'bmsWIDEDFFCPE' unit is dangling and will be cleaned.
W: Public-4008: Instance 'I_ips_ddr_top/u_ddrphy_top/ddrphy_calib_top/ddrphy_wrcal/wrcal_address[2]' of 'bmsWIDEDFFCPE' unit is dangling and will be cleaned.
W: Public-4008: Instance 'I_ips_ddr_top/u_ddrphy_top/ddrphy_calib_top/ddrphy_wrcal/wrcal_address[5]' of 'bmsWIDEDFFCPE' unit is dangling and will be cleaned.
W: Public-4008: Instance 'I_ips_ddr_top/u_ddrphy_top/ddrphy_calib_top/ddrphy_wrcal/wrcal_address[6]' of 'bmsWIDEDFFCPE' unit is dangling and will be cleaned.
W: Public-4008: Instance 'I_ips_ddr_top/u_ddrphy_top/ddrphy_calib_top/ddrphy_wrcal/wrcal_address[7]' of 'bmsWIDEDFFCPE' unit is dangling and will be cleaned.
W: Public-4008: Instance 'I_ips_ddr_top/u_ddrphy_top/ddrphy_calib_top/ddrphy_wrcal/wrcal_address[8]' of 'bmsWIDEDFFCPE' unit is dangling and will be cleaned.
W: Public-4008: Instance 'I_ips_ddr_top/u_ddrphy_top/ddrphy_calib_top/ddrphy_wrcal/wrcal_address[9]' of 'bmsWIDEDFFCPE' unit is dangling and will be cleaned.
W: Public-4008: Instance 'I_ips_ddr_top/u_ddrphy_top/ddrphy_calib_top/ddrphy_wrcal/wrcal_address[11]' of 'bmsWIDEDFFCPE' unit is dangling and will be cleaned.
W: Public-4008: Instance 'I_ips_ddr_top/u_ddrphy_top/ddrphy_calib_top/ddrphy_wrcal/wrcal_address[12]' of 'bmsWIDEDFFCPE' unit is dangling and will be cleaned.
W: Public-4008: Instance 'I_ips_ddr_top/u_ddrphy_top/ddrphy_calib_top/ddrphy_wrcal/wrcal_address[13]' of 'bmsWIDEDFFCPE' unit is dangling and will be cleaned.
W: Public-4008: Instance 'I_ips_ddr_top/u_ddrphy_top/ddrphy_calib_top/ddrphy_wrcal/wrcal_address[14]' of 'bmsWIDEDFFCPE' unit is dangling and will be cleaned.
W: Public-4008: Instance 'I_ips_ddr_top/u_ddrphy_top/ddrphy_calib_top/ddrphy_calib_mux/calib_ba[2]' of 'bmsWIDEDFFCPE' unit is dangling and will be cleaned.
W: Public-4008: Instance 'I_ips_ddr_top/u_ddrphy_top/ddrphy_dfi/phy_addr_d[16]' of 'bmsWIDEDFFCPE' unit is dangling and will be cleaned.
W: Public-4008: Instance 'I_ips_ddr_top/u_ddrphy_top/ddrphy_dfi/phy_addr_d[17]' of 'bmsWIDEDFFCPE' unit is dangling and will be cleaned.
W: Public-4008: Instance 'I_ips_ddr_top/u_ddrphy_top/ddrphy_dfi/phy_addr_d[18]' of 'bmsWIDEDFFCPE' unit is dangling and will be cleaned.
W: Public-4008: Instance 'I_ips_ddr_top/u_ddrphy_top/ddrphy_dfi/phy_addr_d[19]' of 'bmsWIDEDFFCPE' unit is dangling and will be cleaned.
W: Public-4008: Instance 'I_ips_ddr_top/u_ddrphy_top/ddrphy_dfi/phy_addr_d[20]' of 'bmsWIDEDFFCPE' unit is dangling and will be cleaned.
W: Public-4008: Instance 'I_ips_ddr_top/u_ddrphy_top/ddrphy_dfi/phy_addr_d[21]' of 'bmsWIDEDFFCPE' unit is dangling and will be cleaned.
W: Public-4008: Instance 'I_ips_ddr_top/u_ddrphy_top/ddrphy_dfi/phy_addr_d[22]' of 'bmsWIDEDFFCPE' unit is dangling and will be cleaned.
W: Public-4008: Instance 'I_ips_ddr_top/u_ddrphy_top/ddrphy_dfi/phy_addr_d[23]' of 'bmsWIDEDFFCPE' unit is dangling and will be cleaned.
W: Public-4008: Instance 'I_ips_ddr_top/u_ddrphy_top/ddrphy_dfi/phy_addr_d[24]' of 'bmsWIDEDFFCPE' unit is dangling and will be cleaned.
W: Public-4008: Instance 'I_ips_ddr_top/u_ddrphy_top/ddrphy_dfi/phy_addr_d[25]' of 'bmsWIDEDFFCPE' unit is dangling and will be cleaned.
W: Public-4008: Instance 'I_ips_ddr_top/u_ddrphy_top/ddrphy_dfi/phy_addr_d[26]' of 'bmsWIDEDFFCPE' unit is dangling and will be cleaned.
W: Public-4008: Instance 'I_ips_ddr_top/u_ddrphy_top/ddrphy_dfi/phy_addr_d[27]' of 'bmsWIDEDFFCPE' unit is dangling and will be cleaned.
W: Public-4008: Instance 'I_ips_ddr_top/u_ddrphy_top/ddrphy_dfi/phy_addr_d[28]' of 'bmsWIDEDFFCPE' unit is dangling and will be cleaned.
W: Public-4008: Instance 'I_ips_ddr_top/u_ddrphy_top/ddrphy_dfi/phy_addr_d[29]' of 'bmsWIDEDFFCPE' unit is dangling and will be cleaned.
W: Public-4008: Instance 'I_ips_ddr_top/u_ddrphy_top/ddrphy_dfi/phy_addr_d[32]' of 'bmsWIDEDFFCPE' unit is dangling and will be cleaned.
W: Public-4008: Instance 'I_ips_ddr_top/u_ddrphy_top/ddrphy_dfi/phy_addr_d[43]' of 'bmsWIDEDFFCPE' unit is dangling and will be cleaned.
W: Public-4008: Instance 'I_ips_ddr_top/u_ddrphy_top/ddrphy_dfi/phy_addr_d[44]' of 'bmsWIDEDFFCPE' unit is dangling and will be cleaned.
W: Public-4008: Instance 'I_ips_ddr_top/u_ddrphy_top/ddrphy_dfi/phy_addr_d[45]' of 'bmsWIDEDFFCPE' unit is dangling and will be cleaned.
W: Public-4008: Instance 'I_ips_ddr_top/u_ddrphy_top/ddrphy_dfi/phy_addr_d[46]' of 'bmsWIDEDFFCPE' unit is dangling and will be cleaned.
W: Public-4008: Instance 'I_ips_ddr_top/u_ddrphy_top/ddrphy_dfi/phy_addr_d[47]' of 'bmsWIDEDFFCPE' unit is dangling and will be cleaned.
W: Public-4008: Instance 'I_ips_ddr_top/u_ddrphy_top/ddrphy_dfi/phy_addr_d[48]' of 'bmsWIDEDFFCPE' unit is dangling and will be cleaned.
W: Public-4008: Instance 'I_ips_ddr_top/u_ddrphy_top/ddrphy_dfi/phy_addr_d[49]' of 'bmsWIDEDFFCPE' unit is dangling and will be cleaned.
W: Public-4008: Instance 'I_ips_ddr_top/u_ddrphy_top/ddrphy_dfi/phy_addr_d[50]' of 'bmsWIDEDFFCPE' unit is dangling and will be cleaned.
W: Public-4008: Instance 'I_ips_ddr_top/u_ddrphy_top/ddrphy_dfi/phy_addr_d[51]' of 'bmsWIDEDFFCPE' unit is dangling and will be cleaned.
W: Public-4008: Instance 'I_ips_ddr_top/u_ddrphy_top/ddrphy_dfi/phy_addr_d[52]' of 'bmsWIDEDFFCPE' unit is dangling and will be cleaned.
W: Public-4008: Instance 'I_ips_ddr_top/u_ddrphy_top/ddrphy_dfi/phy_addr_d[53]' of 'bmsWIDEDFFCPE' unit is dangling and will be cleaned.
W: Public-4008: Instance 'I_ips_ddr_top/u_ddrphy_top/ddrphy_dfi/phy_addr_d[54]' of 'bmsWIDEDFFCPE' unit is dangling and will be cleaned.
W: Public-4008: Instance 'I_ips_ddr_top/u_ddrphy_top/ddrphy_dfi/phy_addr_d[55]' of 'bmsWIDEDFFCPE' unit is dangling and will be cleaned.
W: Public-4008: Instance 'I_ips_ddr_top/u_ddrphy_top/ddrphy_dfi/phy_addr_d[56]' of 'bmsWIDEDFFCPE' unit is dangling and will be cleaned.
W: Public-4008: Instance 'I_ips_ddr_top/u_ddrphy_top/ddrphy_dfi/phy_addr_d[57]' of 'bmsWIDEDFFCPE' unit is dangling and will be cleaned.
W: Public-4008: Instance 'I_ips_ddr_top/u_ddrphy_top/ddrphy_dfi/phy_addr_d[58]' of 'bmsWIDEDFFCPE' unit is dangling and will be cleaned.
W: Public-4008: Instance 'I_ips_ddr_top/u_ddrphy_top/ddrphy_dfi/phy_addr_d[59]' of 'bmsWIDEDFFCPE' unit is dangling and will be cleaned.
W: Public-4008: Instance 'I_ips_ddr_top/u_ddrphy_top/ddrphy_dfi/phy_ba_d[2]' of 'bmsWIDEDFFCPE' unit is dangling and will be cleaned.
W: Public-4008: Instance 'I_ips_ddr_top/u_ddrphy_top/ddrphy_dfi/phy_ba_d[3]' of 'bmsWIDEDFFCPE' unit is dangling and will be cleaned.
W: Public-4008: Instance 'I_ips_ddr_top/u_ddrphy_top/ddrphy_dfi/phy_ba_d[4]' of 'bmsWIDEDFFCPE' unit is dangling and will be cleaned.
W: Public-4008: Instance 'I_ips_ddr_top/u_ddrphy_top/ddrphy_dfi/phy_ba_d[5]' of 'bmsWIDEDFFCPE' unit is dangling and will be cleaned.
W: Public-4008: Instance 'I_ips_ddr_top/u_ddrphy_top/ddrphy_dfi/phy_ba_d[7]' of 'bmsWIDEDFFCPE' unit is dangling and will be cleaned.
W: Public-4008: Instance 'I_ips_ddr_top/u_ddrphy_top/ddrphy_dfi/phy_ba_d[8]' of 'bmsWIDEDFFCPE' unit is dangling and will be cleaned.
W: Public-4008: Instance 'I_ips_ddr_top/u_ddrphy_top/ddrphy_dfi/phy_ba_d[9]' of 'bmsWIDEDFFCPE' unit is dangling and will be cleaned.
W: Public-4008: Instance 'I_ips_ddr_top/u_ddrphy_top/ddrphy_dfi/phy_ba_d[10]' of 'bmsWIDEDFFCPE' unit is dangling and will be cleaned.
W: Public-4008: Instance 'I_ips_ddr_top/u_ddrphy_top/ddrphy_dfi/phy_ba_d[11]' of 'bmsWIDEDFFCPE' unit is dangling and will be cleaned.
W: Public-4008: Instance 'I_ips_ddr_top/u_ddrphy_top/ddrphy_dfi/phy_cas_n_d[1]' of 'bmsWIDEDFFCPE' unit is dangling and will be cleaned.
W: Public-4008: Instance 'I_ips_ddr_top/u_ddrphy_top/ddrphy_dfi/phy_cas_n_d[3]' of 'bmsWIDEDFFCPE' unit is dangling and will be cleaned.
W: Public-4008: Instance 'I_ips_ddr_top/u_ddrphy_top/ddrphy_dfi/phy_ck[1]' of 'bmsWIDEDFFCPE' unit is dangling and will be cleaned.
W: Public-4008: Instance 'I_ips_ddr_top/u_ddrphy_top/ddrphy_dfi/phy_ck[2]' of 'bmsWIDEDFFCPE' unit is dangling and will be cleaned.
W: Public-4008: Instance 'I_ips_ddr_top/u_ddrphy_top/ddrphy_dfi/phy_ck[3]' of 'bmsWIDEDFFCPE' unit is dangling and will be cleaned.
W: Public-4008: Instance 'I_ips_ddr_top/u_ddrphy_top/ddrphy_dfi/phy_cke_d[1]' of 'bmsWIDEDFFCPE' unit is dangling and will be cleaned.
W: Public-4008: Instance 'I_ips_ddr_top/u_ddrphy_top/ddrphy_dfi/phy_cke_d[2]' of 'bmsWIDEDFFCPE' unit is dangling and will be cleaned.
W: Public-4008: Instance 'I_ips_ddr_top/u_ddrphy_top/ddrphy_dfi/phy_cke_d[3]' of 'bmsWIDEDFFCPE' unit is dangling and will be cleaned.
W: Public-4008: Instance 'I_ips_ddr_top/u_ddrphy_top/ddrphy_dfi/phy_cs_n_d[1]' of 'bmsWIDEDFFCPE' unit is dangling and will be cleaned.
W: Public-4008: Instance 'I_ips_ddr_top/u_ddrphy_top/ddrphy_dfi/phy_cs_n_d[3]' of 'bmsWIDEDFFCPE' unit is dangling and will be cleaned.
W: Public-4008: Instance 'I_ips_ddr_top/u_ddrphy_top/ddrphy_dfi/phy_odt_d[1]' of 'bmsWIDEDFFCPE' unit is dangling and will be cleaned.
W: Public-4008: Instance 'I_ips_ddr_top/u_ddrphy_top/ddrphy_dfi/phy_odt_d[3]' of 'bmsWIDEDFFCPE' unit is dangling and will be cleaned.
W: Public-4008: Instance 'I_ips_ddr_top/u_ddrphy_top/ddrphy_dfi/phy_ras_n_d[1]' of 'bmsWIDEDFFCPE' unit is dangling and will be cleaned.
W: Public-4008: Instance 'I_ips_ddr_top/u_ddrphy_top/ddrphy_dfi/phy_ras_n_d[3]' of 'bmsWIDEDFFCPE' unit is dangling and will be cleaned.
W: Public-4008: Instance 'I_ips_ddr_top/u_ddrphy_top/ddrphy_dfi/phy_we_n_d[1]' of 'bmsWIDEDFFCPE' unit is dangling and will be cleaned.
W: Public-4008: Instance 'I_ips_ddr_top/u_ddrphy_top/ddrphy_dfi/phy_we_n_d[3]' of 'bmsWIDEDFFCPE' unit is dangling and will be cleaned.
W: Public-4008: Instance 'I_ips_ddr_top/u_ddrphy_top/ddrphy_dfi/phy_wrdata_mask_d[1]' of 'bmsWIDEDFFCPE' unit is dangling and will be cleaned.
W: Public-4008: Instance 'I_ips_ddr_top/u_ddrphy_top/ddrphy_dfi/phy_wrdata_mask_d[2]' of 'bmsWIDEDFFCPE' unit is dangling and will be cleaned.
W: Public-4008: Instance 'I_ips_ddr_top/u_ddrphy_top/ddrphy_dfi/phy_wrdata_mask_d[3]' of 'bmsWIDEDFFCPE' unit is dangling and will be cleaned.
W: Public-4008: Instance 'I_ips_ddr_top/u_ddrphy_top/ddrphy_dfi/phy_wrdata_mask_d[5]' of 'bmsWIDEDFFCPE' unit is dangling and will be cleaned.
W: Public-4008: Instance 'I_ips_ddr_top/u_ddrphy_top/ddrphy_dfi/phy_wrdata_mask_d[6]' of 'bmsWIDEDFFCPE' unit is dangling and will be cleaned.
W: Public-4008: Instance 'I_ips_ddr_top/u_ddrphy_top/ddrphy_dfi/phy_wrdata_mask_d[7]' of 'bmsWIDEDFFCPE' unit is dangling and will be cleaned.
W: Public-4008: Instance 'I_ips_ddr_top/u_ddrphy_top/ddrphy_dfi/phy_wrdata_mask_d[8]' of 'bmsWIDEDFFCPE' unit is dangling and will be cleaned.
W: Public-4008: Instance 'I_ips_ddr_top/u_ddrphy_top/ddrphy_dfi/phy_wrdata_mask_d[9]' of 'bmsWIDEDFFCPE' unit is dangling and will be cleaned.
W: Public-4008: Instance 'I_ips_ddr_top/u_ddrphy_top/ddrphy_dfi/phy_wrdata_mask_d[10]' of 'bmsWIDEDFFCPE' unit is dangling and will be cleaned.
W: Public-4008: Instance 'I_ips_ddr_top/u_ddrphy_top/ddrphy_dfi/phy_wrdata_mask_d[11]' of 'bmsWIDEDFFCPE' unit is dangling and will be cleaned.
W: Public-4008: Instance 'I_ips_ddr_top/u_ddrphy_top/ddrphy_dfi/phy_wrdata_mask_d[13]' of 'bmsWIDEDFFCPE' unit is dangling and will be cleaned.
W: Public-4008: Instance 'I_ips_ddr_top/u_ddrphy_top/ddrphy_dfi/phy_wrdata_mask_d[14]' of 'bmsWIDEDFFCPE' unit is dangling and will be cleaned.
W: Public-4008: Instance 'I_ips_ddr_top/u_ddrphy_top/ddrphy_dfi/phy_wrdata_mask_d[15]' of 'bmsWIDEDFFCPE' unit is dangling and will be cleaned.
W: Public-4008: Instance 'I_ips_ddr_top/u_ips_ddrc_top/mcdq_dcd_top/mcdq_dcd_bm/dec_addr[0]' of 'bmsWIDEDFFCPE' unit is dangling and will be cleaned.
W: Public-4008: Instance 'I_ips_ddr_top/u_ips_ddrc_top/mcdq_dcd_top/mcdq_dcd_bm/dec_addr[1]' of 'bmsWIDEDFFCPE' unit is dangling and will be cleaned.
W: Public-4008: Instance 'I_ips_ddr_top/u_ips_ddrc_top/mcdq_dcd_top/mcdq_dcd_bm/dec_addr[2]' of 'bmsWIDEDFFCPE' unit is dangling and will be cleaned.
W: Public-4008: Instance 'I_ips_ddr_top/u_ips_ddrc_top/mcdq_dcd_top/mcdq_dcd_bm/dec_addr[3]' of 'bmsWIDEDFFCPE' unit is dangling and will be cleaned.
W: Public-4008: Instance 'I_ips_ddr_top/u_ips_ddrc_top/mcdq_dcd_top/mcdq_dcd_bm/dec_addr[4]' of 'bmsWIDEDFFCPE' unit is dangling and will be cleaned.
W: Public-4008: Instance 'I_ips_ddr_top/u_ips_ddrc_top/mcdq_dcd_top/mcdq_dcd_bm/dec_addr[5]' of 'bmsWIDEDFFCPE' unit is dangling and will be cleaned.
W: Public-4008: Instance 'I_ips_ddr_top/u_ips_ddrc_top/mcdq_dcd_top/mcdq_dcd_bm/dec_addr[6]' of 'bmsWIDEDFFCPE' unit is dangling and will be cleaned.
W: Public-4008: Instance 'I_ips_ddr_top/u_ips_ddrc_top/mcdq_dcd_top/mcdq_dcd_bm/dec_addr[7]' of 'bmsWIDEDFFCPE' unit is dangling and will be cleaned.
W: Public-4008: Instance 'I_ips_ddr_top/u_ips_ddrc_top/mcdq_dcd_top/mcdq_dcd_bm/dec_addr[10]' of 'bmsWIDEDFFCPE' unit is dangling and will be cleaned.
W: Public-4008: Instance 'I_ips_ddr_top/u_ips_ddrc_top/mcdq_dcd_top/mcdq_dcd_bm/dec_addr[11]' of 'bmsWIDEDFFCPE' unit is dangling and will be cleaned.
W: Public-4008: Instance 'I_ips_ddr_top/u_ips_ddrc_top/mcdq_dcd_top/mcdq_dcd_bm/dec_addr[12]' of 'bmsWIDEDFFCPE' unit is dangling and will be cleaned.
W: Public-4008: Instance 'I_ips_ddr_top/u_ddrphy_top/ddrphy_dll_update_ctrl/cnt[2]' of 'bmsWIDEDFFCPE' unit is dangling and will be cleaned.
W: Public-4008: Instance 'I_ips_ddr_top/u_ddrphy_top/ddrphy_dll_update_ctrl/cnt[3]' of 'bmsWIDEDFFCPE' unit is dangling and will be cleaned.
W: Public-4008: Instance 'I_ips_ddr_top/u_ddrphy_top/ddrphy_info/mr2[15]' of 'bmsWIDEDFFCPE' unit is dangling and will be cleaned.
W: Public-4008: Instance 'I_ips_ddr_top/u_ddrphy_top/ddrphy_info/mr3[15]' of 'bmsWIDEDFFCPE' unit is dangling and will be cleaned.
W: Public-4008: Instance 'I_ips_ddr_top/u_ddrphy_top/ddrphy_info/mr0[15]' of 'bmsWIDEDFFCPE' unit is dangling and will be cleaned.
W: Public-4008: Instance 'I_ips_ddr_top/u_ddrphy_top/ddrphy_info/mr1[15]' of 'bmsWIDEDFFCPE' unit is dangling and will be cleaned.
W: Public-4008: Instance 'I_ips_ddr_top/u_ips_ddrc_top/mcdq_dcd_top/mcdq_dcd_bm/dec_addr[27]' of 'bmsWIDEDFFCPE' unit is dangling and will be cleaned.
W: Public-4008: Instance 'I_ips_ddr_top/u_ddrphy_top/ddrphy_slice_top/ddrphy_control_path_adj/phy_we_n_r[0]' of 'bmsWIDEDFFCPE' unit is dangling and will be cleaned.
W: Public-4008: Instance 'I_ips_ddr_top/u_ddrphy_top/ddrphy_slice_top/ddrphy_control_path_adj/phy_we_n_r[1]' of 'bmsWIDEDFFCPE' unit is dangling and will be cleaned.
W: Public-4008: Instance 'I_ips_ddr_top/u_ddrphy_top/ddrphy_slice_top/ddrphy_control_path_adj/phy_we_n_r[3]' of 'bmsWIDEDFFCPE' unit is dangling and will be cleaned.
W: Public-4008: Instance 'I_ips_ddr_top/u_ddrphy_top/ddrphy_slice_top/ddrphy_control_path_adj/phy_addr_r[0]' of 'bmsWIDEDFFCPE' unit is dangling and will be cleaned.
W: Public-4008: Instance 'I_ips_ddr_top/u_ddrphy_top/ddrphy_slice_top/ddrphy_control_path_adj/phy_addr_r[3]' of 'bmsWIDEDFFCPE' unit is dangling and will be cleaned.
W: Public-4008: Instance 'I_ips_ddr_top/u_ddrphy_top/ddrphy_slice_top/ddrphy_control_path_adj/phy_addr_r[4]' of 'bmsWIDEDFFCPE' unit is dangling and will be cleaned.
W: Public-4008: Instance 'I_ips_ddr_top/u_ddrphy_top/ddrphy_slice_top/ddrphy_control_path_adj/phy_addr_r[5]' of 'bmsWIDEDFFCPE' unit is dangling and will be cleaned.
W: Public-4008: Instance 'I_ips_ddr_top/u_ddrphy_top/ddrphy_slice_top/ddrphy_control_path_adj/phy_addr_r[7]' of 'bmsWIDEDFFCPE' unit is dangling and will be cleaned.
W: Public-4008: Instance 'I_ips_ddr_top/u_ddrphy_top/ddrphy_slice_top/ddrphy_control_path_adj/phy_addr_r[8]' of 'bmsWIDEDFFCPE' unit is dangling and will be cleaned.
W: Public-4008: Instance 'I_ips_ddr_top/u_ddrphy_top/ddrphy_slice_top/ddrphy_control_path_adj/phy_addr_r[9]' of 'bmsWIDEDFFCPE' unit is dangling and will be cleaned.
W: Public-4008: Instance 'I_ips_ddr_top/u_ddrphy_top/ddrphy_slice_top/ddrphy_control_path_adj/phy_addr_r[10]' of 'bmsWIDEDFFCPE' unit is dangling and will be cleaned.
W: Public-4008: Instance 'I_ips_ddr_top/u_ddrphy_top/ddrphy_slice_top/ddrphy_control_path_adj/phy_addr_r[11]' of 'bmsWIDEDFFCPE' unit is dangling and will be cleaned.
W: Public-4008: Instance 'I_ips_ddr_top/u_ddrphy_top/ddrphy_slice_top/ddrphy_control_path_adj/phy_addr_r[12]' of 'bmsWIDEDFFCPE' unit is dangling and will be cleaned.
W: Public-4008: Instance 'I_ips_ddr_top/u_ddrphy_top/ddrphy_slice_top/ddrphy_control_path_adj/phy_addr_r[13]' of 'bmsWIDEDFFCPE' unit is dangling and will be cleaned.
W: Public-4008: Instance 'I_ips_ddr_top/u_ddrphy_top/ddrphy_slice_top/ddrphy_control_path_adj/phy_addr_r[15]' of 'bmsWIDEDFFCPE' unit is dangling and will be cleaned.
W: Public-4008: Instance 'I_ips_ddr_top/u_ddrphy_top/ddrphy_slice_top/ddrphy_control_path_adj/phy_addr_r[16]' of 'bmsWIDEDFFCPE' unit is dangling and will be cleaned.
W: Public-4008: Instance 'I_ips_ddr_top/u_ddrphy_top/ddrphy_slice_top/ddrphy_control_path_adj/phy_addr_r[17]' of 'bmsWIDEDFFCPE' unit is dangling and will be cleaned.
W: Public-4008: Instance 'I_ips_ddr_top/u_ddrphy_top/ddrphy_slice_top/ddrphy_control_path_adj/phy_addr_r[19]' of 'bmsWIDEDFFCPE' unit is dangling and will be cleaned.
W: Public-4008: Instance 'I_ips_ddr_top/u_ddrphy_top/ddrphy_slice_top/ddrphy_control_path_adj/phy_addr_r[20]' of 'bmsWIDEDFFCPE' unit is dangling and will be cleaned.
W: Public-4008: Instance 'I_ips_ddr_top/u_ddrphy_top/ddrphy_slice_top/ddrphy_control_path_adj/phy_addr_r[21]' of 'bmsWIDEDFFCPE' unit is dangling and will be cleaned.
W: Public-4008: Instance 'I_ips_ddr_top/u_ddrphy_top/ddrphy_slice_top/ddrphy_control_path_adj/phy_addr_r[23]' of 'bmsWIDEDFFCPE' unit is dangling and will be cleaned.
W: Public-4008: Instance 'I_ips_ddr_top/u_ddrphy_top/ddrphy_slice_top/ddrphy_control_path_adj/phy_addr_r[24]' of 'bmsWIDEDFFCPE' unit is dangling and will be cleaned.
W: Public-4008: Instance 'I_ips_ddr_top/u_ddrphy_top/ddrphy_slice_top/ddrphy_control_path_adj/phy_addr_r[25]' of 'bmsWIDEDFFCPE' unit is dangling and will be cleaned.
W: Public-4008: Instance 'I_ips_ddr_top/u_ddrphy_top/ddrphy_slice_top/ddrphy_control_path_adj/phy_addr_r[27]' of 'bmsWIDEDFFCPE' unit is dangling and will be cleaned.
W: Public-4008: Instance 'I_ips_ddr_top/u_ddrphy_top/ddrphy_slice_top/ddrphy_control_path_adj/phy_addr_r[28]' of 'bmsWIDEDFFCPE' unit is dangling and will be cleaned.
W: Public-4008: Instance 'I_ips_ddr_top/u_ddrphy_top/ddrphy_slice_top/ddrphy_control_path_adj/phy_addr_r[29]' of 'bmsWIDEDFFCPE' unit is dangling and will be cleaned.
W: Public-4008: Instance 'I_ips_ddr_top/u_ddrphy_top/ddrphy_slice_top/ddrphy_control_path_adj/phy_addr_r[31]' of 'bmsWIDEDFFCPE' unit is dangling and will be cleaned.
W: Public-4008: Instance 'I_ips_ddr_top/u_ddrphy_top/ddrphy_slice_top/ddrphy_control_path_adj/phy_addr_r[32]' of 'bmsWIDEDFFCPE' unit is dangling and will be cleaned.
W: Public-4008: Instance 'I_ips_ddr_top/u_ddrphy_top/ddrphy_slice_top/ddrphy_control_path_adj/phy_addr_r[33]' of 'bmsWIDEDFFCPE' unit is dangling and will be cleaned.
W: Public-4008: Instance 'I_ips_ddr_top/u_ddrphy_top/ddrphy_slice_top/ddrphy_control_path_adj/phy_addr_r[35]' of 'bmsWIDEDFFCPE' unit is dangling and will be cleaned.
W: Public-4008: Instance 'I_ips_ddr_top/u_ddrphy_top/ddrphy_slice_top/ddrphy_control_path_adj/phy_addr_r[36]' of 'bmsWIDEDFFCPE' unit is dangling and will be cleaned.
W: Public-4008: Instance 'I_ips_ddr_top/u_ddrphy_top/ddrphy_slice_top/ddrphy_control_path_adj/phy_addr_r[37]' of 'bmsWIDEDFFCPE' unit is dangling and will be cleaned.
W: Public-4008: Instance 'I_ips_ddr_top/u_ddrphy_top/ddrphy_slice_top/ddrphy_control_path_adj/phy_addr_r[39]' of 'bmsWIDEDFFCPE' unit is dangling and will be cleaned.
W: Public-4008: Instance 'I_ips_ddr_top/u_ddrphy_top/ddrphy_slice_top/ddrphy_control_path_adj/phy_addr_r[40]' of 'bmsWIDEDFFCPE' unit is dangling and will be cleaned.
W: Public-4008: Instance 'I_ips_ddr_top/u_ddrphy_top/ddrphy_slice_top/ddrphy_control_path_adj/phy_addr_r[41]' of 'bmsWIDEDFFCPE' unit is dangling and will be cleaned.
W: Public-4008: Instance 'I_ips_ddr_top/u_ddrphy_top/ddrphy_slice_top/ddrphy_control_path_adj/phy_addr_r[43]' of 'bmsWIDEDFFCPE' unit is dangling and will be cleaned.
W: Public-4008: Instance 'I_ips_ddr_top/u_ddrphy_top/ddrphy_slice_top/ddrphy_control_path_adj/phy_addr_r[44]' of 'bmsWIDEDFFCPE' unit is dangling and will be cleaned.
W: Public-4008: Instance 'I_ips_ddr_top/u_ddrphy_top/ddrphy_slice_top/ddrphy_control_path_adj/phy_addr_r[45]' of 'bmsWIDEDFFCPE' unit is dangling and will be cleaned.
W: Public-4008: Instance 'I_ips_ddr_top/u_ddrphy_top/ddrphy_slice_top/ddrphy_control_path_adj/phy_addr_r[47]' of 'bmsWIDEDFFCPE' unit is dangling and will be cleaned.
W: Public-4008: Instance 'I_ips_ddr_top/u_ddrphy_top/ddrphy_slice_top/ddrphy_control_path_adj/phy_addr_r[48]' of 'bmsWIDEDFFCPE' unit is dangling and will be cleaned.
W: Public-4008: Instance 'I_ips_ddr_top/u_ddrphy_top/ddrphy_slice_top/ddrphy_control_path_adj/phy_addr_r[49]' of 'bmsWIDEDFFCPE' unit is dangling and will be cleaned.
W: Public-4008: Instance 'I_ips_ddr_top/u_ddrphy_top/ddrphy_slice_top/ddrphy_control_path_adj/phy_addr_r[51]' of 'bmsWIDEDFFCPE' unit is dangling and will be cleaned.
W: Public-4008: Instance 'I_ips_ddr_top/u_ddrphy_top/ddrphy_slice_top/ddrphy_control_path_adj/phy_addr_r[52]' of 'bmsWIDEDFFCPE' unit is dangling and will be cleaned.
W: Public-4008: Instance 'I_ips_ddr_top/u_ddrphy_top/ddrphy_slice_top/ddrphy_control_path_adj/phy_addr_r[53]' of 'bmsWIDEDFFCPE' unit is dangling and will be cleaned.
W: Public-4008: Instance 'I_ips_ddr_top/u_ddrphy_top/ddrphy_slice_top/ddrphy_control_path_adj/phy_addr_r[54]' of 'bmsWIDEDFFCPE' unit is dangling and will be cleaned.
W: Public-4008: Instance 'I_ips_ddr_top/u_ddrphy_top/ddrphy_slice_top/ddrphy_control_path_adj/phy_addr_r[55]' of 'bmsWIDEDFFCPE' unit is dangling and will be cleaned.
W: Public-4008: Instance 'I_ips_ddr_top/u_ddrphy_top/ddrphy_slice_top/ddrphy_control_path_adj/phy_addr_r[56]' of 'bmsWIDEDFFCPE' unit is dangling and will be cleaned.
W: Public-4008: Instance 'I_ips_ddr_top/u_ddrphy_top/ddrphy_slice_top/ddrphy_control_path_adj/phy_addr_r[57]' of 'bmsWIDEDFFCPE' unit is dangling and will be cleaned.
W: Public-4008: Instance 'I_ips_ddr_top/u_ddrphy_top/ddrphy_slice_top/ddrphy_control_path_adj/phy_addr_r[58]' of 'bmsWIDEDFFCPE' unit is dangling and will be cleaned.
W: Public-4008: Instance 'I_ips_ddr_top/u_ddrphy_top/ddrphy_slice_top/ddrphy_control_path_adj/phy_addr_r[59]' of 'bmsWIDEDFFCPE' unit is dangling and will be cleaned.
W: Public-4008: Instance 'I_ips_ddr_top/u_ddrphy_top/ddrphy_slice_top/ddrphy_control_path_adj/phy_ba_r[0]' of 'bmsWIDEDFFCPE' unit is dangling and will be cleaned.
W: Public-4008: Instance 'I_ips_ddr_top/u_ddrphy_top/ddrphy_slice_top/ddrphy_control_path_adj/phy_ba_r[1]' of 'bmsWIDEDFFCPE' unit is dangling and will be cleaned.
W: Public-4008: Instance 'I_ips_ddr_top/u_ddrphy_top/ddrphy_slice_top/ddrphy_control_path_adj/phy_ba_r[3]' of 'bmsWIDEDFFCPE' unit is dangling and will be cleaned.
W: Public-4008: Instance 'I_ips_ddr_top/u_ddrphy_top/ddrphy_slice_top/ddrphy_control_path_adj/phy_ba_r[4]' of 'bmsWIDEDFFCPE' unit is dangling and will be cleaned.
W: Public-4008: Instance 'I_ips_ddr_top/u_ddrphy_top/ddrphy_slice_top/ddrphy_control_path_adj/phy_ba_r[5]' of 'bmsWIDEDFFCPE' unit is dangling and will be cleaned.
W: Public-4008: Instance 'I_ips_ddr_top/u_ddrphy_top/ddrphy_slice_top/ddrphy_control_path_adj/phy_ba_r[6]' of 'bmsWIDEDFFCPE' unit is dangling and will be cleaned.
W: Public-4008: Instance 'I_ips_ddr_top/u_ddrphy_top/ddrphy_slice_top/ddrphy_control_path_adj/phy_ba_r[7]' of 'bmsWIDEDFFCPE' unit is dangling and will be cleaned.
W: Public-4008: Instance 'I_ips_ddr_top/u_ddrphy_top/ddrphy_slice_top/ddrphy_control_path_adj/phy_ba_r[8]' of 'bmsWIDEDFFCPE' unit is dangling and will be cleaned.
W: Public-4008: Instance 'I_ips_ddr_top/u_ddrphy_top/ddrphy_slice_top/ddrphy_control_path_adj/phy_ba_r[9]' of 'bmsWIDEDFFCPE' unit is dangling and will be cleaned.
W: Public-4008: Instance 'I_ips_ddr_top/u_ddrphy_top/ddrphy_slice_top/ddrphy_control_path_adj/phy_ba_r[10]' of 'bmsWIDEDFFCPE' unit is dangling and will be cleaned.
W: Public-4008: Instance 'I_ips_ddr_top/u_ddrphy_top/ddrphy_slice_top/ddrphy_control_path_adj/phy_ba_r[11]' of 'bmsWIDEDFFCPE' unit is dangling and will be cleaned.
W: Public-4008: Instance 'I_ips_ddr_top/u_ddrphy_top/ddrphy_slice_top/ddrphy_control_path_adj/phy_cas_n_r[0]' of 'bmsWIDEDFFCPE' unit is dangling and will be cleaned.
W: Public-4008: Instance 'I_ips_ddr_top/u_ddrphy_top/ddrphy_slice_top/ddrphy_control_path_adj/phy_cas_n_r[1]' of 'bmsWIDEDFFCPE' unit is dangling and will be cleaned.
W: Public-4008: Instance 'I_ips_ddr_top/u_ddrphy_top/ddrphy_slice_top/ddrphy_control_path_adj/phy_cas_n_r[3]' of 'bmsWIDEDFFCPE' unit is dangling and will be cleaned.
W: Public-4008: Instance 'I_ips_ddr_top/u_ddrphy_top/ddrphy_slice_top/ddrphy_control_path_adj/phy_cke_r[0]' of 'bmsWIDEDFFCPE' unit is dangling and will be cleaned.
W: Public-4008: Instance 'I_ips_ddr_top/u_ddrphy_top/ddrphy_slice_top/ddrphy_control_path_adj/phy_cke_r[2]' of 'bmsWIDEDFFCPE' unit is dangling and will be cleaned.
W: Public-4008: Instance 'I_ips_ddr_top/u_ddrphy_top/ddrphy_slice_top/ddrphy_control_path_adj/phy_cke_r[3]' of 'bmsWIDEDFFCPE' unit is dangling and will be cleaned.
W: Public-4008: Instance 'I_ips_ddr_top/u_ddrphy_top/ddrphy_slice_top/ddrphy_control_path_adj/phy_cs_n_r[0]' of 'bmsWIDEDFFCPE' unit is dangling and will be cleaned.
W: Public-4008: Instance 'I_ips_ddr_top/u_ddrphy_top/ddrphy_slice_top/ddrphy_control_path_adj/phy_cs_n_r[1]' of 'bmsWIDEDFFCPE' unit is dangling and will be cleaned.
W: Public-4008: Instance 'I_ips_ddr_top/u_ddrphy_top/ddrphy_slice_top/ddrphy_control_path_adj/phy_cs_n_r[3]' of 'bmsWIDEDFFCPE' unit is dangling and will be cleaned.
W: Public-4008: Instance 'I_ips_ddr_top/u_ddrphy_top/ddrphy_slice_top/ddrphy_control_path_adj/phy_odt_r[0]' of 'bmsWIDEDFFCPE' unit is dangling and will be cleaned.
W: Public-4008: Instance 'I_ips_ddr_top/u_ddrphy_top/ddrphy_slice_top/ddrphy_control_path_adj/phy_odt_r[1]' of 'bmsWIDEDFFCPE' unit is dangling and will be cleaned.
W: Public-4008: Instance 'I_ips_ddr_top/u_ddrphy_top/ddrphy_slice_top/ddrphy_control_path_adj/phy_odt_r[3]' of 'bmsWIDEDFFCPE' unit is dangling and will be cleaned.
W: Public-4008: Instance 'I_ips_ddr_top/u_ddrphy_top/ddrphy_slice_top/ddrphy_control_path_adj/phy_ras_n_r[0]' of 'bmsWIDEDFFCPE' unit is dangling and will be cleaned.
W: Public-4008: Instance 'I_ips_ddr_top/u_ddrphy_top/ddrphy_slice_top/ddrphy_control_path_adj/phy_ras_n_r[1]' of 'bmsWIDEDFFCPE' unit is dangling and will be cleaned.
W: Public-4008: Instance 'I_ips_ddr_top/u_ddrphy_top/ddrphy_slice_top/ddrphy_control_path_adj/phy_ras_n_r[3]' of 'bmsWIDEDFFCPE' unit is dangling and will be cleaned.
W: Public-4008: Instance 'I_ips_ddr_top/u_ips_ddrc_top/mcdq_dcd_top/mcdq_dcd_bm/dec_len[1]' of 'bmsWIDEDFFCPE' unit is dangling and will be cleaned.
W: Public-4008: Instance 'I_ips_ddr_top/u_ips_ddrc_top/mcdq_dcd_top/mcdq_dcd_bm/dec_len[2]' of 'bmsWIDEDFFCPE' unit is dangling and will be cleaned.
W: Public-4008: Instance 'I_ips_ddr_top/u_ips_ddrc_top/mcdq_dcd_top/mcdq_dcd_bm/dec_len[3]' of 'bmsWIDEDFFCPE' unit is dangling and will be cleaned.
W: Public-4008: Instance 'I_ips_ddr_top/u_ips_ddrc_top/mcdq_dcd_top/mcdq_dcd_bm/mcdq_dcd_rowaddr/old_row_addr_valid[1]' of 'bmsWIDEDFFCPE' unit is dangling and will be cleaned.
W: Public-4008: Instance 'I_ips_ddr_top/u_ips_ddrc_top/mcdq_dcd_top/mcdq_dcd_bm/mcdq_dcd_rowaddr/old_row_addr_valid[2]' of 'bmsWIDEDFFCPE' unit is dangling and will be cleaned.
W: Public-4008: Instance 'I_ips_ddr_top/u_ips_ddrc_top/mcdq_dcd_top/mcdq_dcd_bm/mcdq_dcd_rowaddr/old_row_addr_valid[3]' of 'bmsWIDEDFFCPE' unit is dangling and will be cleaned.
W: Public-4008: Instance 'I_ips_ddr_top/u_ips_ddrc_top/mcdq_dcd_top/mcdq_dcd_bm/mcdq_dcd_rowaddr/old_row_addr_valid[4]' of 'bmsWIDEDFFCPE' unit is dangling and will be cleaned.
W: Public-4008: Instance 'I_ips_ddr_top/u_ips_ddrc_top/mcdq_dcd_top/mcdq_dcd_bm/mcdq_dcd_rowaddr/old_row_addr_valid[5]' of 'bmsWIDEDFFCPE' unit is dangling and will be cleaned.
W: Public-4008: Instance 'I_ips_ddr_top/u_ips_ddrc_top/mcdq_dcd_top/mcdq_dcd_bm/mcdq_dcd_rowaddr/old_row_addr_valid[6]' of 'bmsWIDEDFFCPE' unit is dangling and will be cleaned.
W: Public-4008: Instance 'I_ips_ddr_top/u_ips_ddrc_top/mcdq_dcd_top/mcdq_dcd_bm/mcdq_dcd_rowaddr/old_row_addr_valid[7]' of 'bmsWIDEDFFCPE' unit is dangling and will be cleaned.
W: Public-4008: Instance 'I_ips_ddr_top/u_ips_ddrc_top/mcdq_dcd_top/mcdq_dcd_bm/user_addr_d[0]' of 'bmsWIDEDFFCPE' unit is dangling and will be cleaned.
W: Public-4008: Instance 'I_ips_ddr_top/u_ips_ddrc_top/mcdq_dcd_top/mcdq_dcd_bm/user_addr_d[1]' of 'bmsWIDEDFFCPE' unit is dangling and will be cleaned.
W: Public-4008: Instance 'I_ips_ddr_top/u_ips_ddrc_top/mcdq_dcd_top/mcdq_dcd_bm/user_addr_d[2]' of 'bmsWIDEDFFCPE' unit is dangling and will be cleaned.
W: Public-4008: Instance 'I_ips_ddr_top/u_ips_ddrc_top/mcdq_dcd_top/mcdq_dcd_bm/user_addr_d[3]' of 'bmsWIDEDFFCPE' unit is dangling and will be cleaned.
W: Public-4008: Instance 'I_ips_ddr_top/u_ips_ddrc_top/mcdq_dcd_top/mcdq_dcd_bm/user_addr_d[4]' of 'bmsWIDEDFFCPE' unit is dangling and will be cleaned.
W: Public-4008: Instance 'I_ips_ddr_top/u_ips_ddrc_top/mcdq_dcd_top/mcdq_dcd_bm/user_addr_d[5]' of 'bmsWIDEDFFCPE' unit is dangling and will be cleaned.
W: Public-4008: Instance 'I_ips_ddr_top/u_ips_ddrc_top/mcdq_dcd_top/mcdq_dcd_bm/user_addr_d[6]' of 'bmsWIDEDFFCPE' unit is dangling and will be cleaned.
W: Public-4008: Instance 'I_ips_ddr_top/u_ips_ddrc_top/mcdq_dcd_top/mcdq_dcd_bm/user_addr_d[7]' of 'bmsWIDEDFFCPE' unit is dangling and will be cleaned.
W: Public-4008: Instance 'I_ips_ddr_top/u_ips_ddrc_top/mcdq_dcd_top/mcdq_dcd_bm/user_addr_d[8]' of 'bmsWIDEDFFCPE' unit is dangling and will be cleaned.
W: Public-4008: Instance 'I_ips_ddr_top/u_ips_ddrc_top/mcdq_dcd_top/mcdq_dcd_bm/user_addr_d[9]' of 'bmsWIDEDFFCPE' unit is dangling and will be cleaned.
W: Public-4008: Instance 'I_ips_ddr_top/u_ips_ddrc_top/mcdq_dcd_top/mcdq_dcd_bm/user_addr_d[10]' of 'bmsWIDEDFFCPE' unit is dangling and will be cleaned.
W: Public-4008: Instance 'I_ips_ddr_top/u_ips_ddrc_top/mcdq_dcd_top/mcdq_dcd_bm/user_addr_d[11]' of 'bmsWIDEDFFCPE' unit is dangling and will be cleaned.
W: Public-4008: Instance 'I_ips_ddr_top/u_ips_ddrc_top/mcdq_dcd_top/mcdq_dcd_bm/user_addr_d[12]' of 'bmsWIDEDFFCPE' unit is dangling and will be cleaned.
W: Public-4008: Instance 'I_ips_ddr_top/u_ips_ddrc_top/mcdq_dcd_top/mcdq_dcd_bm/user_addr_d[27]' of 'bmsWIDEDFFCPE' unit is dangling and will be cleaned.
W: Public-4008: Instance 'I_ips_ddr_top/u_ddrphy_top/ddrphy_slice_top/i_dqs_group[1].ddrphy_data_slice/ddrphy_wdata_path_adj/phy_wrdata_r[0]' of 'bmsWIDEDFFCPE' unit is dangling and will be cleaned.
W: Public-4008: Instance 'I_ips_ddr_top/u_ddrphy_top/ddrphy_slice_top/i_dqs_group[1].ddrphy_data_slice/ddrphy_wdata_path_adj/phy_wrdata_r[8]' of 'bmsWIDEDFFCPE' unit is dangling and will be cleaned.
W: Public-4008: Instance 'I_ips_ddr_top/u_ddrphy_top/ddrphy_slice_top/i_dqs_group[1].ddrphy_data_slice/ddrphy_wdata_path_adj/phy_wrdata_r[16]' of 'bmsWIDEDFFCPE' unit is dangling and will be cleaned.
W: Public-4008: Instance 'I_ips_ddr_top/u_ddrphy_top/ddrphy_slice_top/i_dqs_group[1].ddrphy_data_slice/ddrphy_wdata_path_adj/phy_wrdata_r[24]' of 'bmsWIDEDFFCPE' unit is dangling and will be cleaned.
W: Public-4008: Instance 'I_ips_ddr_top/u_ddrphy_top/ddrphy_slice_top/i_dqs_group[1].ddrphy_data_slice/ddrphy_wdata_path_adj/phy_wrdata_r[32]' of 'bmsWIDEDFFCPE' unit is dangling and will be cleaned.
W: Public-4008: Instance 'I_ips_ddr_top/u_ddrphy_top/ddrphy_slice_top/i_dqs_group[1].ddrphy_data_slice/ddrphy_wdata_path_adj/phy_wrdata_r[40]' of 'bmsWIDEDFFCPE' unit is dangling and will be cleaned.
W: Public-4008: Instance 'I_ips_ddr_top/u_ddrphy_top/ddrphy_slice_top/i_dqs_group[1].ddrphy_data_slice/ddrphy_wdata_path_adj/phy_wrdata_r[48]' of 'bmsWIDEDFFCPE' unit is dangling and will be cleaned.
W: Public-4008: Instance 'I_ips_ddr_top/u_ddrphy_top/ddrphy_slice_top/i_dqs_group[1].ddrphy_data_slice/ddrphy_wdata_path_adj/phy_wrdata_r[56]' of 'bmsWIDEDFFCPE' unit is dangling and will be cleaned.
W: Public-4008: Instance 'I_ips_ddr_top/u_ddrphy_top/ddrphy_slice_top/i_dqs_group[0].ddrphy_data_slice/ddrphy_data_slice_dqs_gate_cal/ddrphy_dqs_gate_coarse_cal/dqs_gate_pulse_r4[0]' of 'bmsWIDEDFFCPE' unit is dangling and will be cleaned.
W: Public-4008: Instance 'I_ips_ddr_top/u_ddrphy_top/ddrphy_slice_top/i_dqs_group[0].ddrphy_data_slice/ddrphy_data_slice_dqs_gate_cal/ddrphy_dqs_gate_coarse_cal/dqs_gate_pulse_r4[1]' of 'bmsWIDEDFFCPE' unit is dangling and will be cleaned.
W: Public-4008: Instance 'I_ips_ddr_top/u_ddrphy_top/ddrphy_slice_top/i_dqs_group[0].ddrphy_data_slice/ddrphy_data_slice_dqs_gate_cal/ddrphy_dqs_gate_coarse_cal/dqs_gate_pulse_r4[2]' of 'bmsWIDEDFFCPE' unit is dangling and will be cleaned.
W: Public-4008: Instance 'I_ips_ddr_top/u_ddrphy_top/ddrphy_slice_top/i_dqs_group[0].ddrphy_data_slice/ddrphy_data_slice_dqs_gate_cal/ddrphy_dqs_gate_coarse_cal/dqs_gate_pulse_src_nxt_r[3]' of 'bmsWIDEDFFCPE' unit is dangling and will be cleaned.
W: Public-4008: Instance 'I_ips_ddr_top/u_ips_ddrc_top/mcdq_dcd_top/mcdq_dcd_sm/dcd_wr_addr[0]' of 'bmsWIDEDFFCPE' unit is dangling and will be cleaned.
W: Public-4008: Instance 'I_ips_ddr_top/u_ips_ddrc_top/mcdq_dcd_top/mcdq_dcd_sm/dcd_wr_addr[1]' of 'bmsWIDEDFFCPE' unit is dangling and will be cleaned.
W: Public-4008: Instance 'I_ips_ddr_top/u_ips_ddrc_top/mcdq_dcd_top/mcdq_dcd_sm/dcd_wr_addr[2]' of 'bmsWIDEDFFCPE' unit is dangling and will be cleaned.
W: Public-4008: Instance 'I_ips_ddr_top/u_ips_ddrc_top/mcdq_dfi/mux_dfi_address[17]' of 'bmsWIDEDFFCPE' unit is dangling and will be cleaned.
W: Public-4008: Instance 'I_ips_ddr_top/u_ips_ddrc_top/mcdq_dfi/mux_dfi_address[28]' of 'bmsWIDEDFFCPE' unit is dangling and will be cleaned.
W: Public-4008: Instance 'I_ips_ddr_top/u_ips_ddrc_top/mcdq_dfi/mux_dfi_address[29]' of 'bmsWIDEDFFCPE' unit is dangling and will be cleaned.
W: Public-4008: Instance 'I_ips_ddr_top/u_ips_ddrc_top/mcdq_dfi/mux_dfi_bank[1]' of 'bmsWIDEDFFCPE' unit is dangling and will be cleaned.
W: Public-4008: Instance 'I_ips_ddr_top/u_ips_ddrc_top/mcdq_dfi/mux_dfi_bank[2]' of 'bmsWIDEDFFCPE' unit is dangling and will be cleaned.
W: Public-4008: Instance 'I_ips_ddr_top/u_ips_ddrc_top/mcdq_dfi/mux_dfi_bank[4]' of 'bmsWIDEDFFCPE' unit is dangling and will be cleaned.
W: Public-4008: Instance 'I_ips_ddr_top/u_ips_ddrc_top/mcdq_dfi/mux_dfi_bank[5]' of 'bmsWIDEDFFCPE' unit is dangling and will be cleaned.
W: Public-4008: Instance 'I_ips_ddr_top/u_ips_ddrc_top/mcdq_dfi/mux_dfi_cas_n[1]' of 'bmsWIDEDFFCPE' unit is dangling and will be cleaned.
W: Public-4008: Instance 'I_ips_ddr_top/u_ips_ddrc_top/mcdq_dfi/mux_dfi_cas_n[3]' of 'bmsWIDEDFFCPE' unit is dangling and will be cleaned.
W: Public-4008: Instance 'I_ips_ddr_top/u_ips_ddrc_top/mcdq_dfi/mux_dfi_cke[1]' of 'bmsWIDEDFFCPE' unit is dangling and will be cleaned.
W: Public-4008: Instance 'I_ips_ddr_top/u_ips_ddrc_top/mcdq_dfi/mux_dfi_cke[2]' of 'bmsWIDEDFFCPE' unit is dangling and will be cleaned.
W: Public-4008: Instance 'I_ips_ddr_top/u_ips_ddrc_top/mcdq_dfi/mux_dfi_cke[3]' of 'bmsWIDEDFFCPE' unit is dangling and will be cleaned.
W: Public-4008: Instance 'I_ips_ddr_top/u_ips_ddrc_top/mcdq_dcd_top/mcdq_dcd_sm/dcd_wr_addr[10]' of 'bmsWIDEDFFCPE' unit is dangling and will be cleaned.
W: Public-4008: Instance 'I_ips_ddr_top/u_ips_ddrc_top/mcdq_dcd_top/mcdq_dcd_sm/dcd_wr_addr[11]' of 'bmsWIDEDFFCPE' unit is dangling and will be cleaned.
W: Public-4008: Instance 'I_ips_ddr_top/u_ips_ddrc_top/mcdq_dcd_top/mcdq_dcd_sm/dcd_wr_addr[12]' of 'bmsWIDEDFFCPE' unit is dangling and will be cleaned.
W: Public-4008: Instance 'I_ips_ddr_top/u_ips_ddrc_top/mcdq_dcd_top/mcdq_dcd_sm/dcd_wr_addr[27]' of 'bmsWIDEDFFCPE' unit is dangling and will be cleaned.
W: Public-4008: Instance 'I_ips_ddr_top/u_ddrphy_top/ddrphy_slice_top/i_dqs_group[0].ddrphy_data_slice/ddrphy_data_slice_wrlvl/wrlvl_dq_seq[1]' of 'bmsWIDEDFFCPE' unit is dangling and will be cleaned.
W: Public-4008: Instance 'I_ips_ddr_top/u_ddrphy_top/ddrphy_slice_top/i_dqs_group[0].ddrphy_data_slice/ddrphy_data_slice_wrlvl/wrlvl_dq_seq[3]' of 'bmsWIDEDFFCPE' unit is dangling and will be cleaned.
W: Public-4008: Instance 'I_ips_ddr_top/u_ddrphy_top/ddrphy_slice_top/i_dqs_group[0].ddrphy_data_slice/ddrphy_data_slice_wrlvl/wrlvl_dq_seq[5]' of 'bmsWIDEDFFCPE' unit is dangling and will be cleaned.
W: Public-4008: Instance 'I_ips_ddr_top/u_ddrphy_top/ddrphy_slice_top/i_dqs_group[0].ddrphy_data_slice/ddrphy_data_slice_wrlvl/wrlvl_dq_seq[7]' of 'bmsWIDEDFFCPE' unit is dangling and will be cleaned.
W: Public-4008: Instance 'I_ips_ddr_top/u_ddrphy_top/ddrphy_slice_top/i_dqs_group[0].ddrphy_data_slice/ddrphy_data_slice_wrlvl/wrlvl_dq_seq[9]' of 'bmsWIDEDFFCPE' unit is dangling and will be cleaned.
W: Public-4008: Instance 'I_ips_ddr_top/u_ddrphy_top/ddrphy_slice_top/i_dqs_group[0].ddrphy_data_slice/ddrphy_wdata_path_adj/phy_wrdata_mask_r[1]' of 'bmsWIDEDFFCPE' unit is dangling and will be cleaned.
W: Public-4008: Instance 'I_ips_ddr_top/u_ddrphy_top/ddrphy_slice_top/i_dqs_group[0].ddrphy_data_slice/ddrphy_wdata_path_adj/phy_wrdata_mask_r[3]' of 'bmsWIDEDFFCPE' unit is dangling and will be cleaned.
W: Public-4008: Instance 'I_ips_ddr_top/u_ddrphy_top/ddrphy_slice_top/i_dqs_group[0].ddrphy_data_slice/ddrphy_wdata_path_adj/phy_wrdata_mask_r[4]' of 'bmsWIDEDFFCPE' unit is dangling and will be cleaned.
W: Public-4008: Instance 'I_ips_ddr_top/u_ddrphy_top/ddrphy_slice_top/i_dqs_group[0].ddrphy_data_slice/ddrphy_wdata_path_adj/phy_wrdata_mask_r[5]' of 'bmsWIDEDFFCPE' unit is dangling and will be cleaned.
W: Public-4008: Instance 'I_ips_ddr_top/u_ddrphy_top/ddrphy_slice_top/i_dqs_group[0].ddrphy_data_slice/ddrphy_wdata_path_adj/phy_wrdata_mask_r[7]' of 'bmsWIDEDFFCPE' unit is dangling and will be cleaned.
W: Public-4008: Instance 'I_ips_ddr_top/u_ddrphy_top/ddrphy_slice_top/i_dqs_group[0].ddrphy_data_slice/ddrphy_wdata_path_adj/phy_wrdata_r[0]' of 'bmsWIDEDFFCPE' unit is dangling and will be cleaned.
W: Public-4008: Instance 'I_ips_ddr_top/u_ddrphy_top/ddrphy_slice_top/i_dqs_group[0].ddrphy_data_slice/ddrphy_wdata_path_adj/phy_wrdata_r[8]' of 'bmsWIDEDFFCPE' unit is dangling and will be cleaned.
W: Public-4008: Instance 'I_ips_ddr_top/u_ddrphy_top/ddrphy_slice_top/i_dqs_group[0].ddrphy_data_slice/ddrphy_wdata_path_adj/phy_wrdata_r[16]' of 'bmsWIDEDFFCPE' unit is dangling and will be cleaned.
W: Public-4008: Instance 'I_ips_ddr_top/u_ddrphy_top/ddrphy_slice_top/i_dqs_group[0].ddrphy_data_slice/ddrphy_wdata_path_adj/phy_wrdata_r[24]' of 'bmsWIDEDFFCPE' unit is dangling and will be cleaned.
W: Public-4008: Instance 'I_ips_ddr_top/u_ddrphy_top/ddrphy_slice_top/i_dqs_group[0].ddrphy_data_slice/ddrphy_wdata_path_adj/phy_wrdata_r[32]' of 'bmsWIDEDFFCPE' unit is dangling and will be cleaned.
W: Public-4008: Instance 'I_ips_ddr_top/u_ddrphy_top/ddrphy_slice_top/i_dqs_group[0].ddrphy_data_slice/ddrphy_wdata_path_adj/phy_wrdata_r[40]' of 'bmsWIDEDFFCPE' unit is dangling and will be cleaned.
W: Public-4008: Instance 'I_ips_ddr_top/u_ddrphy_top/ddrphy_slice_top/i_dqs_group[0].ddrphy_data_slice/ddrphy_wdata_path_adj/phy_wrdata_r[48]' of 'bmsWIDEDFFCPE' unit is dangling and will be cleaned.
W: Public-4008: Instance 'I_ips_ddr_top/u_ddrphy_top/ddrphy_slice_top/i_dqs_group[0].ddrphy_data_slice/ddrphy_wdata_path_adj/phy_wrdata_r[56]' of 'bmsWIDEDFFCPE' unit is dangling and will be cleaned.
W: Public-4008: Instance 'I_ips_ddr_top/u_ddrphy_top/ddrphy_slice_top/i_dqs_group[0].ddrphy_data_slice/ddrphy_data_slice_dqs_gate_cal/ddrphy_dqs_gate_coarse_cal/read_cmd_mux_r1[1]' of 'bmsWIDEDFFCPE' unit is dangling and will be cleaned.
W: Public-4008: Instance 'I_ips_ddr_top/u_ddrphy_top/ddrphy_slice_top/i_dqs_group[0].ddrphy_data_slice/ddrphy_data_slice_dqs_gate_cal/ddrphy_dqs_gate_coarse_cal/read_cmd_mux_r1[3]' of 'bmsWIDEDFFCPE' unit is dangling and will be cleaned.
W: Public-4008: Instance 'I_ips_ddr_top/u_ddrphy_top/ddrphy_slice_top/i_dqs_group[0].ddrphy_data_slice/ddrphy_data_slice_dqs_gate_cal/ddrphy_dqs_gate_coarse_cal/read_cmd_mux_r2[1]' of 'bmsWIDEDFFCPE' unit is dangling and will be cleaned.
W: Public-4008: Instance 'I_ips_ddr_top/u_ddrphy_top/ddrphy_slice_top/i_dqs_group[0].ddrphy_data_slice/ddrphy_data_slice_dqs_gate_cal/ddrphy_dqs_gate_coarse_cal/read_cmd_mux_r2[3]' of 'bmsWIDEDFFCPE' unit is dangling and will be cleaned.
W: Public-4008: Instance 'I_ips_ddr_top/u_ddrphy_top/ddrphy_slice_top/i_dqs_group[0].ddrphy_data_slice/ddrphy_data_slice_dqs_gate_cal/ddrphy_dqs_gate_coarse_cal/read_cmd_mux_r3[1]' of 'bmsWIDEDFFCPE' unit is dangling and will be cleaned.
W: Public-4008: Instance 'I_ips_ddr_top/u_ddrphy_top/ddrphy_slice_top/i_dqs_group[0].ddrphy_data_slice/ddrphy_data_slice_dqs_gate_cal/ddrphy_dqs_gate_coarse_cal/read_cmd_mux_r3[3]' of 'bmsWIDEDFFCPE' unit is dangling and will be cleaned.
W: Public-4008: Instance 'I_ips_ddr_top/u_ddrphy_top/ddrphy_slice_top/i_dqs_group[1].ddrphy_data_slice/ddrphy_data_slice_dqs_gate_cal/ddrphy_dqs_gate_coarse_cal/dqs_gate_pulse_r4[0]' of 'bmsWIDEDFFCPE' unit is dangling and will be cleaned.
W: Public-4008: Instance 'I_ips_ddr_top/u_ddrphy_top/ddrphy_slice_top/i_dqs_group[1].ddrphy_data_slice/ddrphy_data_slice_dqs_gate_cal/ddrphy_dqs_gate_coarse_cal/dqs_gate_pulse_r4[1]' of 'bmsWIDEDFFCPE' unit is dangling and will be cleaned.
W: Public-4008: Instance 'I_ips_ddr_top/u_ddrphy_top/ddrphy_slice_top/i_dqs_group[1].ddrphy_data_slice/ddrphy_data_slice_dqs_gate_cal/ddrphy_dqs_gate_coarse_cal/dqs_gate_pulse_r4[2]' of 'bmsWIDEDFFCPE' unit is dangling and will be cleaned.
W: Public-4008: Instance 'I_ips_ddr_top/u_ddrphy_top/ddrphy_slice_top/i_dqs_group[1].ddrphy_data_slice/ddrphy_data_slice_dqs_gate_cal/ddrphy_dqs_gate_coarse_cal/dqs_gate_pulse_src_nxt_r[3]' of 'bmsWIDEDFFCPE' unit is dangling and will be cleaned.
W: Public-4008: Instance 'I_ips_ddr_top/u_ips_ddrc_top/mcdq_dcd_top/mcdq_dcd_sm/dec_addr_d[0]' of 'bmsWIDEDFFCPE' unit is dangling and will be cleaned.
W: Public-4008: Instance 'I_ips_ddr_top/u_ips_ddrc_top/mcdq_dcd_top/mcdq_dcd_sm/dec_addr_d[1]' of 'bmsWIDEDFFCPE' unit is dangling and will be cleaned.
W: Public-4008: Instance 'I_ips_ddr_top/u_ips_ddrc_top/mcdq_dcd_top/mcdq_dcd_sm/dec_addr_d[2]' of 'bmsWIDEDFFCPE' unit is dangling and will be cleaned.
W: Public-4008: Instance 'I_ips_ddr_top/u_ips_ddrc_top/mcdq_dcd_top/mcdq_dcd_sm/dec_addr_d[3]' of 'bmsWIDEDFFCPE' unit is dangling and will be cleaned.
W: Public-4008: Instance 'I_ips_ddr_top/u_ips_ddrc_top/mcdq_dcd_top/mcdq_dcd_sm/dec_addr_d[4]' of 'bmsWIDEDFFCPE' unit is dangling and will be cleaned.
W: Public-4008: Instance 'I_ips_ddr_top/u_ips_ddrc_top/mcdq_dcd_top/mcdq_dcd_sm/dec_addr_d[5]' of 'bmsWIDEDFFCPE' unit is dangling and will be cleaned.
W: Public-4008: Instance 'I_ips_ddr_top/u_ips_ddrc_top/mcdq_dcd_top/mcdq_dcd_sm/dec_addr_d[6]' of 'bmsWIDEDFFCPE' unit is dangling and will be cleaned.
W: Public-4008: Instance 'I_ips_ddr_top/u_ips_ddrc_top/mcdq_dcd_top/mcdq_dcd_sm/dec_addr_d[7]' of 'bmsWIDEDFFCPE' unit is dangling and will be cleaned.
W: Public-4008: Instance 'I_ips_ddr_top/u_ips_ddrc_top/mcdq_dcd_top/mcdq_dcd_sm/dec_addr_d[10]' of 'bmsWIDEDFFCPE' unit is dangling and will be cleaned.
W: Public-4008: Instance 'I_ips_ddr_top/u_ips_ddrc_top/mcdq_dcd_top/mcdq_dcd_sm/dec_addr_d[11]' of 'bmsWIDEDFFCPE' unit is dangling and will be cleaned.
W: Public-4008: Instance 'I_ips_ddr_top/u_ips_ddrc_top/mcdq_dcd_top/mcdq_dcd_sm/dec_addr_d[12]' of 'bmsWIDEDFFCPE' unit is dangling and will be cleaned.
W: Public-4008: Instance 'I_ips_ddr_top/u_ips_ddrc_top/mcdq_dcd_top/mcdq_dcd_sm/dec_addr_d[27]' of 'bmsWIDEDFFCPE' unit is dangling and will be cleaned.
W: Public-4008: Instance 'I_ips_ddr_top/u_ips_ddrc_top/mcdq_dcd_top/mcdq_dcd_sm/state_reg[6]' of 'bmsWIDEDFFCPE' unit is dangling and will be cleaned.
W: Public-4008: Instance 'I_ips_ddr_top/u_ips_ddrc_top/mcdq_rdatapath/mcdq_prefetch_fifo/rd_data_ff1[0]' of 'bmsWIDEDFFCPE' unit is dangling and will be cleaned.
W: Public-4008: Instance 'I_ips_ddr_top/u_ips_ddrc_top/mcdq_rdatapath/mcdq_prefetch_fifo/rd_data_ff1[1]' of 'bmsWIDEDFFCPE' unit is dangling and will be cleaned.
W: Public-4008: Instance 'I_ips_ddr_top/u_ips_ddrc_top/mcdq_rdatapath/mcdq_prefetch_fifo/rd_data_ff1[2]' of 'bmsWIDEDFFCPE' unit is dangling and will be cleaned.
W: Public-4008: Instance 'I_ips_ddr_top/u_ips_ddrc_top/mcdq_rdatapath/mcdq_prefetch_fifo/rd_data_ff1[3]' of 'bmsWIDEDFFCPE' unit is dangling and will be cleaned.
W: Public-4008: Instance 'I_ips_ddr_top/u_ddrphy_top/ddrphy_slice_top/i_dqs_group[1].ddrphy_data_slice/ddrphy_data_slice_wrlvl/wrlvl_dq_seq[1]' of 'bmsWIDEDFFCPE' unit is dangling and will be cleaned.
W: Public-4008: Instance 'I_ips_ddr_top/u_ddrphy_top/ddrphy_slice_top/i_dqs_group[1].ddrphy_data_slice/ddrphy_data_slice_wrlvl/wrlvl_dq_seq[3]' of 'bmsWIDEDFFCPE' unit is dangling and will be cleaned.
W: Public-4008: Instance 'I_ips_ddr_top/u_ddrphy_top/ddrphy_slice_top/i_dqs_group[1].ddrphy_data_slice/ddrphy_data_slice_wrlvl/wrlvl_dq_seq[5]' of 'bmsWIDEDFFCPE' unit is dangling and will be cleaned.
W: Public-4008: Instance 'I_ips_ddr_top/u_ddrphy_top/ddrphy_slice_top/i_dqs_group[1].ddrphy_data_slice/ddrphy_data_slice_wrlvl/wrlvl_dq_seq[7]' of 'bmsWIDEDFFCPE' unit is dangling and will be cleaned.
W: Public-4008: Instance 'I_ips_ddr_top/u_ddrphy_top/ddrphy_slice_top/i_dqs_group[1].ddrphy_data_slice/ddrphy_data_slice_wrlvl/wrlvl_dq_seq[9]' of 'bmsWIDEDFFCPE' unit is dangling and will be cleaned.
W: Public-4008: Instance 'I_ips_ddr_top/u_ips_ddrc_top/mcdq_wdatapath/mc3q_wdp_dcp/r_wvld[1]' of 'bmsWIDEDFFCPE' unit is dangling and will be cleaned.
W: Public-4008: Instance 'I_ips_ddr_top/u_ips_ddrc_top/mcdq_wdatapath/mc3q_wdp_dcp/r_wvld[2]' of 'bmsWIDEDFFCPE' unit is dangling and will be cleaned.
W: Public-4008: Instance 'I_ips_ddr_top/u_ips_ddrc_top/mcdq_wdatapath/mc3q_wdp_dcp/r_wvld[3]' of 'bmsWIDEDFFCPE' unit is dangling and will be cleaned.
W: Public-4008: Instance 'I_ips_ddr_top/u_ips_ddrc_top/mcdq_wdatapath/mc3q_wdp_dcp/r_wvld[4]' of 'bmsWIDEDFFCPE' unit is dangling and will be cleaned.
W: Public-4008: Instance 'I_ips_ddr_top/u_ips_ddrc_top/mcdq_wdatapath/mc3q_wdp_dcp/r_wvld[5]' of 'bmsWIDEDFFCPE' unit is dangling and will be cleaned.
W: Public-4008: Instance 'I_ips_ddr_top/u_ips_ddrc_top/mcdq_wdatapath/mc3q_wdp_dcp/r_wvld[6]' of 'bmsWIDEDFFCPE' unit is dangling and will be cleaned.
W: Public-4008: Instance 'I_ips_ddr_top/u_ips_ddrc_top/mcdq_wdatapath/mc3q_wdp_dcp/r_wvld[7]' of 'bmsWIDEDFFCPE' unit is dangling and will be cleaned.
W: Public-4008: Instance 'I_ips_ddr_top/u_ips_ddrc_top/mcdq_wdatapath/mcdq_wdp_align/din_slip_dly[0]' of 'bmsWIDEDFFCPE' unit is dangling and will be cleaned.
W: Public-4008: Instance 'I_ips_ddr_top/u_ips_ddrc_top/mcdq_wdatapath/mcdq_wdp_align/din_slip_dly[1]' of 'bmsWIDEDFFCPE' unit is dangling and will be cleaned.
W: Public-4008: Instance 'I_ips_ddr_top/u_ips_ddrc_top/mcdq_wdatapath/mcdq_wdp_align/din_slip_dly[2]' of 'bmsWIDEDFFCPE' unit is dangling and will be cleaned.
W: Public-4008: Instance 'I_ips_ddr_top/u_ips_ddrc_top/mcdq_wdatapath/mcdq_wdp_align/din_slip_dly[3]' of 'bmsWIDEDFFCPE' unit is dangling and will be cleaned.
W: Public-4008: Instance 'I_ips_ddr_top/u_ips_ddrc_top/mcdq_wdatapath/mcdq_wdp_align/din_slip_dly[4]' of 'bmsWIDEDFFCPE' unit is dangling and will be cleaned.
W: Public-4008: Instance 'I_ips_ddr_top/u_ips_ddrc_top/mcdq_wdatapath/mcdq_wdp_align/din_slip_dly[5]' of 'bmsWIDEDFFCPE' unit is dangling and will be cleaned.
W: Public-4008: Instance 'I_ips_ddr_top/u_ips_ddrc_top/mcdq_wdatapath/mcdq_wdp_align/din_slip_dly[6]' of 'bmsWIDEDFFCPE' unit is dangling and will be cleaned.
W: Public-4008: Instance 'I_ips_ddr_top/u_ips_ddrc_top/mcdq_wdatapath/mcdq_wdp_align/din_slip_dly[7]' of 'bmsWIDEDFFCPE' unit is dangling and will be cleaned.
W: Public-4008: Instance 'I_ips_ddr_top/u_ips_ddrc_top/mcdq_wdatapath/mcdq_wdp_align/din_slip_dly[8]' of 'bmsWIDEDFFCPE' unit is dangling and will be cleaned.
W: Public-4008: Instance 'I_ips_ddr_top/u_ips_ddrc_top/mcdq_wdatapath/mcdq_wdp_align/din_slip_dly[9]' of 'bmsWIDEDFFCPE' unit is dangling and will be cleaned.
W: Public-4008: Instance 'I_ips_ddr_top/u_ips_ddrc_top/mcdq_wdatapath/mcdq_wdp_align/din_slip_dly[10]' of 'bmsWIDEDFFCPE' unit is dangling and will be cleaned.
W: Public-4008: Instance 'I_ips_ddr_top/u_ips_ddrc_top/mcdq_wdatapath/mcdq_wdp_align/din_slip_dly[11]' of 'bmsWIDEDFFCPE' unit is dangling and will be cleaned.
W: Public-4008: Instance 'I_ips_ddr_top/u_ips_ddrc_top/mcdq_wdatapath/mcdq_wdp_align/din_slip_dly[12]' of 'bmsWIDEDFFCPE' unit is dangling and will be cleaned.
W: Public-4008: Instance 'I_ips_ddr_top/u_ips_ddrc_top/mcdq_wdatapath/mcdq_wdp_align/din_slip_dly[13]' of 'bmsWIDEDFFCPE' unit is dangling and will be cleaned.
W: Public-4008: Instance 'I_ips_ddr_top/u_ips_ddrc_top/mcdq_wdatapath/mcdq_wdp_align/din_slip_dly[14]' of 'bmsWIDEDFFCPE' unit is dangling and will be cleaned.
W: Public-4008: Instance 'I_ips_ddr_top/u_ips_ddrc_top/mcdq_wdatapath/mcdq_wdp_align/din_slip_dly[15]' of 'bmsWIDEDFFCPE' unit is dangling and will be cleaned.
W: Public-4008: Instance 'I_ips_ddr_top/u_ips_ddrc_top/mcdq_wdatapath/mcdq_wdp_align/din_slip_dly[16]' of 'bmsWIDEDFFCPE' unit is dangling and will be cleaned.
W: Public-4008: Instance 'I_ips_ddr_top/u_ips_ddrc_top/mcdq_wdatapath/mcdq_wdp_align/din_slip_dly[17]' of 'bmsWIDEDFFCPE' unit is dangling and will be cleaned.
W: Public-4008: Instance 'I_ips_ddr_top/u_ips_ddrc_top/mcdq_wdatapath/mcdq_wdp_align/din_slip_dly[18]' of 'bmsWIDEDFFCPE' unit is dangling and will be cleaned.
W: Public-4008: Instance 'I_ips_ddr_top/u_ips_ddrc_top/mcdq_wdatapath/mcdq_wdp_align/din_slip_dly[19]' of 'bmsWIDEDFFCPE' unit is dangling and will be cleaned.
W: Public-4008: Instance 'I_ips_ddr_top/u_ips_ddrc_top/mcdq_wdatapath/mcdq_wdp_align/din_slip_dly[20]' of 'bmsWIDEDFFCPE' unit is dangling and will be cleaned.
W: Public-4008: Instance 'I_ips_ddr_top/u_ips_ddrc_top/mcdq_wdatapath/mcdq_wdp_align/din_slip_dly[21]' of 'bmsWIDEDFFCPE' unit is dangling and will be cleaned.
W: Public-4008: Instance 'I_ips_ddr_top/u_ips_ddrc_top/mcdq_wdatapath/mcdq_wdp_align/din_slip_dly[22]' of 'bmsWIDEDFFCPE' unit is dangling and will be cleaned.
W: Public-4008: Instance 'I_ips_ddr_top/u_ips_ddrc_top/mcdq_wdatapath/mcdq_wdp_align/din_slip_dly[23]' of 'bmsWIDEDFFCPE' unit is dangling and will be cleaned.
W: Public-4008: Instance 'I_ips_ddr_top/u_ips_ddrc_top/mcdq_wdatapath/mcdq_wdp_align/din_slip_dly[24]' of 'bmsWIDEDFFCPE' unit is dangling and will be cleaned.
W: Public-4008: Instance 'I_ips_ddr_top/u_ips_ddrc_top/mcdq_wdatapath/mcdq_wdp_align/din_slip_dly[25]' of 'bmsWIDEDFFCPE' unit is dangling and will be cleaned.
W: Public-4008: Instance 'I_ips_ddr_top/u_ips_ddrc_top/mcdq_wdatapath/mcdq_wdp_align/din_slip_dly[26]' of 'bmsWIDEDFFCPE' unit is dangling and will be cleaned.
W: Public-4008: Instance 'I_ips_ddr_top/u_ips_ddrc_top/mcdq_wdatapath/mcdq_wdp_align/din_slip_dly[27]' of 'bmsWIDEDFFCPE' unit is dangling and will be cleaned.
W: Public-4008: Instance 'I_ips_ddr_top/u_ips_ddrc_top/mcdq_wdatapath/mcdq_wdp_align/din_slip_dly[28]' of 'bmsWIDEDFFCPE' unit is dangling and will be cleaned.
W: Public-4008: Instance 'I_ips_ddr_top/u_ips_ddrc_top/mcdq_wdatapath/mcdq_wdp_align/din_slip_dly[29]' of 'bmsWIDEDFFCPE' unit is dangling and will be cleaned.
W: Public-4008: Instance 'I_ips_ddr_top/u_ips_ddrc_top/mcdq_wdatapath/mcdq_wdp_align/din_slip_dly[30]' of 'bmsWIDEDFFCPE' unit is dangling and will be cleaned.
W: Public-4008: Instance 'I_ips_ddr_top/u_ips_ddrc_top/mcdq_wdatapath/mcdq_wdp_align/din_slip_dly[31]' of 'bmsWIDEDFFCPE' unit is dangling and will be cleaned.
W: Public-4008: Instance 'I_ips_ddr_top/u_ips_ddrc_top/mcdq_wdatapath/mcdq_wdp_align/din_slip_dly[32]' of 'bmsWIDEDFFCPE' unit is dangling and will be cleaned.
W: Public-4008: Instance 'I_ips_ddr_top/u_ips_ddrc_top/mcdq_wdatapath/mcdq_wdp_align/din_slip_dly[33]' of 'bmsWIDEDFFCPE' unit is dangling and will be cleaned.
W: Public-4008: Instance 'I_ips_ddr_top/u_ips_ddrc_top/mcdq_wdatapath/mcdq_wdp_align/din_slip_dly[34]' of 'bmsWIDEDFFCPE' unit is dangling and will be cleaned.
W: Public-4008: Instance 'I_ips_ddr_top/u_ips_ddrc_top/mcdq_wdatapath/mcdq_wdp_align/din_slip_dly[35]' of 'bmsWIDEDFFCPE' unit is dangling and will be cleaned.
W: Public-4008: Instance 'I_ips_ddr_top/u_ips_ddrc_top/mcdq_wdatapath/mcdq_wdp_align/din_slip_dly[36]' of 'bmsWIDEDFFCPE' unit is dangling and will be cleaned.
W: Public-4008: Instance 'I_ips_ddr_top/u_ips_ddrc_top/mcdq_wdatapath/mcdq_wdp_align/din_slip_dly[37]' of 'bmsWIDEDFFCPE' unit is dangling and will be cleaned.
W: Public-4008: Instance 'I_ips_ddr_top/u_ips_ddrc_top/mcdq_wdatapath/mcdq_wdp_align/din_slip_dly[38]' of 'bmsWIDEDFFCPE' unit is dangling and will be cleaned.
W: Public-4008: Instance 'I_ips_ddr_top/u_ips_ddrc_top/mcdq_wdatapath/mcdq_wdp_align/din_slip_dly[39]' of 'bmsWIDEDFFCPE' unit is dangling and will be cleaned.
W: Public-4008: Instance 'I_ips_ddr_top/u_ips_ddrc_top/mcdq_wdatapath/mcdq_wdp_align/din_slip_dly[40]' of 'bmsWIDEDFFCPE' unit is dangling and will be cleaned.
W: Public-4008: Instance 'I_ips_ddr_top/u_ips_ddrc_top/mcdq_wdatapath/mcdq_wdp_align/din_slip_dly[41]' of 'bmsWIDEDFFCPE' unit is dangling and will be cleaned.
W: Public-4008: Instance 'I_ips_ddr_top/u_ips_ddrc_top/mcdq_wdatapath/mcdq_wdp_align/din_slip_dly[42]' of 'bmsWIDEDFFCPE' unit is dangling and will be cleaned.
W: Public-4008: Instance 'I_ips_ddr_top/u_ips_ddrc_top/mcdq_wdatapath/mcdq_wdp_align/din_slip_dly[43]' of 'bmsWIDEDFFCPE' unit is dangling and will be cleaned.
W: Public-4008: Instance 'I_ips_ddr_top/u_ips_ddrc_top/mcdq_wdatapath/mcdq_wdp_align/din_slip_dly[44]' of 'bmsWIDEDFFCPE' unit is dangling and will be cleaned.
W: Public-4008: Instance 'I_ips_ddr_top/u_ips_ddrc_top/mcdq_wdatapath/mcdq_wdp_align/din_slip_dly[45]' of 'bmsWIDEDFFCPE' unit is dangling and will be cleaned.
W: Public-4008: Instance 'I_ips_ddr_top/u_ips_ddrc_top/mcdq_wdatapath/mcdq_wdp_align/din_slip_dly[46]' of 'bmsWIDEDFFCPE' unit is dangling and will be cleaned.
W: Public-4008: Instance 'I_ips_ddr_top/u_ips_ddrc_top/mcdq_wdatapath/mcdq_wdp_align/din_slip_dly[47]' of 'bmsWIDEDFFCPE' unit is dangling and will be cleaned.
W: Public-4008: Instance 'I_ips_ddr_top/u_ips_ddrc_top/mcdq_wdatapath/mcdq_wdp_align/din_slip_dly[48]' of 'bmsWIDEDFFCPE' unit is dangling and will be cleaned.
W: Public-4008: Instance 'I_ips_ddr_top/u_ips_ddrc_top/mcdq_wdatapath/mcdq_wdp_align/din_slip_dly[49]' of 'bmsWIDEDFFCPE' unit is dangling and will be cleaned.
W: Public-4008: Instance 'I_ips_ddr_top/u_ips_ddrc_top/mcdq_wdatapath/mcdq_wdp_align/din_slip_dly[50]' of 'bmsWIDEDFFCPE' unit is dangling and will be cleaned.
W: Public-4008: Instance 'I_ips_ddr_top/u_ips_ddrc_top/mcdq_wdatapath/mcdq_wdp_align/din_slip_dly[51]' of 'bmsWIDEDFFCPE' unit is dangling and will be cleaned.
W: Public-4008: Instance 'I_ips_ddr_top/u_ips_ddrc_top/mcdq_wdatapath/mcdq_wdp_align/din_slip_dly[52]' of 'bmsWIDEDFFCPE' unit is dangling and will be cleaned.
W: Public-4008: Instance 'I_ips_ddr_top/u_ips_ddrc_top/mcdq_wdatapath/mcdq_wdp_align/din_slip_dly[53]' of 'bmsWIDEDFFCPE' unit is dangling and will be cleaned.
W: Public-4008: Instance 'I_ips_ddr_top/u_ips_ddrc_top/mcdq_wdatapath/mcdq_wdp_align/din_slip_dly[54]' of 'bmsWIDEDFFCPE' unit is dangling and will be cleaned.
W: Public-4008: Instance 'I_ips_ddr_top/u_ips_ddrc_top/mcdq_wdatapath/mcdq_wdp_align/din_slip_dly[55]' of 'bmsWIDEDFFCPE' unit is dangling and will be cleaned.
W: Public-4008: Instance 'I_ips_ddr_top/u_ips_ddrc_top/mcdq_wdatapath/mcdq_wdp_align/din_slip_dly[56]' of 'bmsWIDEDFFCPE' unit is dangling and will be cleaned.
W: Public-4008: Instance 'I_ips_ddr_top/u_ips_ddrc_top/mcdq_wdatapath/mcdq_wdp_align/din_slip_dly[57]' of 'bmsWIDEDFFCPE' unit is dangling and will be cleaned.
W: Public-4008: Instance 'I_ips_ddr_top/u_ips_ddrc_top/mcdq_wdatapath/mcdq_wdp_align/din_slip_dly[58]' of 'bmsWIDEDFFCPE' unit is dangling and will be cleaned.
W: Public-4008: Instance 'I_ips_ddr_top/u_ips_ddrc_top/mcdq_wdatapath/mcdq_wdp_align/din_slip_dly[59]' of 'bmsWIDEDFFCPE' unit is dangling and will be cleaned.
W: Public-4008: Instance 'I_ips_ddr_top/u_ips_ddrc_top/mcdq_wdatapath/mcdq_wdp_align/din_slip_dly[60]' of 'bmsWIDEDFFCPE' unit is dangling and will be cleaned.
W: Public-4008: Instance 'I_ips_ddr_top/u_ips_ddrc_top/mcdq_wdatapath/mcdq_wdp_align/din_slip_dly[61]' of 'bmsWIDEDFFCPE' unit is dangling and will be cleaned.
W: Public-4008: Instance 'I_ips_ddr_top/u_ips_ddrc_top/mcdq_wdatapath/mcdq_wdp_align/din_slip_dly[62]' of 'bmsWIDEDFFCPE' unit is dangling and will be cleaned.
W: Public-4008: Instance 'I_ips_ddr_top/u_ips_ddrc_top/mcdq_wdatapath/mcdq_wdp_align/din_slip_dly[63]' of 'bmsWIDEDFFCPE' unit is dangling and will be cleaned.
W: Public-4008: Instance 'I_ips_ddr_top/u_ips_ddrc_top/mcdq_wdatapath/mcdq_wdp_align/din_slip_dly[64]' of 'bmsWIDEDFFCPE' unit is dangling and will be cleaned.
W: Public-4008: Instance 'I_ips_ddr_top/u_ips_ddrc_top/mcdq_wdatapath/mcdq_wdp_align/din_slip_dly[65]' of 'bmsWIDEDFFCPE' unit is dangling and will be cleaned.
W: Public-4008: Instance 'I_ips_ddr_top/u_ips_ddrc_top/mcdq_wdatapath/mcdq_wdp_align/din_slip_dly[66]' of 'bmsWIDEDFFCPE' unit is dangling and will be cleaned.
W: Public-4008: Instance 'I_ips_ddr_top/u_ips_ddrc_top/mcdq_wdatapath/mcdq_wdp_align/din_slip_dly[67]' of 'bmsWIDEDFFCPE' unit is dangling and will be cleaned.
W: Public-4008: Instance 'I_ips_ddr_top/u_ips_ddrc_top/mcdq_wdatapath/mcdq_wdp_align/din_slip_dly[68]' of 'bmsWIDEDFFCPE' unit is dangling and will be cleaned.
W: Public-4008: Instance 'I_ips_ddr_top/u_ips_ddrc_top/mcdq_wdatapath/mcdq_wdp_align/din_slip_dly[69]' of 'bmsWIDEDFFCPE' unit is dangling and will be cleaned.
W: Public-4008: Instance 'I_ips_ddr_top/u_ips_ddrc_top/mcdq_wdatapath/mcdq_wdp_align/din_slip_dly[70]' of 'bmsWIDEDFFCPE' unit is dangling and will be cleaned.
W: Public-4008: Instance 'I_ips_ddr_top/u_ips_ddrc_top/mcdq_wdatapath/mcdq_wdp_align/din_slip_dly[71]' of 'bmsWIDEDFFCPE' unit is dangling and will be cleaned.
W: Public-4008: Instance 'I_ips_ddr_top/u_ips_ddrc_top/mcdq_wdatapath/mcdq_wdp_align/din_slip_dly[72]' of 'bmsWIDEDFFCPE' unit is dangling and will be cleaned.
W: Public-4008: Instance 'I_ips_ddr_top/u_ips_ddrc_top/mcdq_wdatapath/mcdq_wdp_align/din_slip_dly[73]' of 'bmsWIDEDFFCPE' unit is dangling and will be cleaned.
W: Public-4008: Instance 'I_ips_ddr_top/u_ips_ddrc_top/mcdq_wdatapath/mcdq_wdp_align/din_slip_dly[74]' of 'bmsWIDEDFFCPE' unit is dangling and will be cleaned.
W: Public-4008: Instance 'I_ips_ddr_top/u_ips_ddrc_top/mcdq_wdatapath/mcdq_wdp_align/din_slip_dly[75]' of 'bmsWIDEDFFCPE' unit is dangling and will be cleaned.
W: Public-4008: Instance 'I_ips_ddr_top/u_ips_ddrc_top/mcdq_wdatapath/mcdq_wdp_align/din_slip_dly[76]' of 'bmsWIDEDFFCPE' unit is dangling and will be cleaned.
W: Public-4008: Instance 'I_ips_ddr_top/u_ips_ddrc_top/mcdq_wdatapath/mcdq_wdp_align/din_slip_dly[77]' of 'bmsWIDEDFFCPE' unit is dangling and will be cleaned.
W: Public-4008: Instance 'I_ips_ddr_top/u_ips_ddrc_top/mcdq_wdatapath/mcdq_wdp_align/din_slip_dly[78]' of 'bmsWIDEDFFCPE' unit is dangling and will be cleaned.
W: Public-4008: Instance 'I_ips_ddr_top/u_ips_ddrc_top/mcdq_wdatapath/mcdq_wdp_align/din_slip_dly[79]' of 'bmsWIDEDFFCPE' unit is dangling and will be cleaned.
W: Public-4008: Instance 'I_ips_ddr_top/u_ips_ddrc_top/mcdq_wdatapath/mcdq_wdp_align/din_slip_dly[80]' of 'bmsWIDEDFFCPE' unit is dangling and will be cleaned.
W: Public-4008: Instance 'I_ips_ddr_top/u_ips_ddrc_top/mcdq_wdatapath/mcdq_wdp_align/din_slip_dly[81]' of 'bmsWIDEDFFCPE' unit is dangling and will be cleaned.
W: Public-4008: Instance 'I_ips_ddr_top/u_ips_ddrc_top/mcdq_wdatapath/mcdq_wdp_align/din_slip_dly[82]' of 'bmsWIDEDFFCPE' unit is dangling and will be cleaned.
W: Public-4008: Instance 'I_ips_ddr_top/u_ips_ddrc_top/mcdq_wdatapath/mcdq_wdp_align/din_slip_dly[83]' of 'bmsWIDEDFFCPE' unit is dangling and will be cleaned.
W: Public-4008: Instance 'I_ips_ddr_top/u_ips_ddrc_top/mcdq_wdatapath/mcdq_wdp_align/din_slip_dly[84]' of 'bmsWIDEDFFCPE' unit is dangling and will be cleaned.
W: Public-4008: Instance 'I_ips_ddr_top/u_ips_ddrc_top/mcdq_wdatapath/mcdq_wdp_align/din_slip_dly[85]' of 'bmsWIDEDFFCPE' unit is dangling and will be cleaned.
W: Public-4008: Instance 'I_ips_ddr_top/u_ips_ddrc_top/mcdq_wdatapath/mcdq_wdp_align/din_slip_dly[86]' of 'bmsWIDEDFFCPE' unit is dangling and will be cleaned.
W: Public-4008: Instance 'I_ips_ddr_top/u_ips_ddrc_top/mcdq_wdatapath/mcdq_wdp_align/din_slip_dly[87]' of 'bmsWIDEDFFCPE' unit is dangling and will be cleaned.
W: Public-4008: Instance 'I_ips_ddr_top/u_ips_ddrc_top/mcdq_wdatapath/mcdq_wdp_align/din_slip_dly[88]' of 'bmsWIDEDFFCPE' unit is dangling and will be cleaned.
W: Public-4008: Instance 'I_ips_ddr_top/u_ips_ddrc_top/mcdq_wdatapath/mcdq_wdp_align/din_slip_dly[89]' of 'bmsWIDEDFFCPE' unit is dangling and will be cleaned.
W: Public-4008: Instance 'I_ips_ddr_top/u_ips_ddrc_top/mcdq_wdatapath/mcdq_wdp_align/din_slip_dly[90]' of 'bmsWIDEDFFCPE' unit is dangling and will be cleaned.
W: Public-4008: Instance 'I_ips_ddr_top/u_ips_ddrc_top/mcdq_wdatapath/mcdq_wdp_align/din_slip_dly[91]' of 'bmsWIDEDFFCPE' unit is dangling and will be cleaned.
W: Public-4008: Instance 'I_ips_ddr_top/u_ips_ddrc_top/mcdq_wdatapath/mcdq_wdp_align/din_slip_dly[92]' of 'bmsWIDEDFFCPE' unit is dangling and will be cleaned.
W: Public-4008: Instance 'I_ips_ddr_top/u_ips_ddrc_top/mcdq_wdatapath/mcdq_wdp_align/din_slip_dly[93]' of 'bmsWIDEDFFCPE' unit is dangling and will be cleaned.
W: Public-4008: Instance 'I_ips_ddr_top/u_ips_ddrc_top/mcdq_wdatapath/mcdq_wdp_align/din_slip_dly[94]' of 'bmsWIDEDFFCPE' unit is dangling and will be cleaned.
W: Public-4008: Instance 'I_ips_ddr_top/u_ips_ddrc_top/mcdq_wdatapath/mcdq_wdp_align/din_slip_dly[95]' of 'bmsWIDEDFFCPE' unit is dangling and will be cleaned.
W: Public-4008: Instance 'I_ips_ddr_top/u_ips_ddrc_top/mcdq_wdatapath/mcdq_wdp_align/r_data[0]' of 'bmsWIDEDFFCPE' unit is dangling and will be cleaned.
W: Public-4008: Instance 'I_ips_ddr_top/u_ips_ddrc_top/mcdq_wdatapath/mcdq_wdp_align/r_data[1]' of 'bmsWIDEDFFCPE' unit is dangling and will be cleaned.
W: Public-4008: Instance 'I_ips_ddr_top/u_ips_ddrc_top/mcdq_wdatapath/mcdq_wdp_align/r_data[2]' of 'bmsWIDEDFFCPE' unit is dangling and will be cleaned.
W: Public-4008: Instance 'I_ips_ddr_top/u_ips_ddrc_top/mcdq_wdatapath/mcdq_wdp_align/r_data[3]' of 'bmsWIDEDFFCPE' unit is dangling and will be cleaned.
W: Public-4008: Instance 'I_ips_ddr_top/u_ips_ddrc_top/mcdq_wdatapath/mcdq_wdp_align/r_data[4]' of 'bmsWIDEDFFCPE' unit is dangling and will be cleaned.
W: Public-4008: Instance 'I_ips_ddr_top/u_ips_ddrc_top/mcdq_wdatapath/mcdq_wdp_align/r_data[5]' of 'bmsWIDEDFFCPE' unit is dangling and will be cleaned.
W: Public-4008: Instance 'I_ips_ddr_top/u_ips_ddrc_top/mcdq_wdatapath/mcdq_wdp_align/r_data[6]' of 'bmsWIDEDFFCPE' unit is dangling and will be cleaned.
W: Public-4008: Instance 'I_ips_ddr_top/u_ips_ddrc_top/mcdq_wdatapath/mcdq_wdp_align/r_data[7]' of 'bmsWIDEDFFCPE' unit is dangling and will be cleaned.
W: Public-4008: Instance 'I_ips_ddr_top/u_ips_ddrc_top/mcdq_wdatapath/mcdq_wdp_align/r_data[8]' of 'bmsWIDEDFFCPE' unit is dangling and will be cleaned.
W: Public-4008: Instance 'I_ips_ddr_top/u_ips_ddrc_top/mcdq_wdatapath/mcdq_wdp_align/r_data[9]' of 'bmsWIDEDFFCPE' unit is dangling and will be cleaned.
W: Public-4008: Instance 'I_ips_ddr_top/u_ips_ddrc_top/mcdq_wdatapath/mcdq_wdp_align/r_data[10]' of 'bmsWIDEDFFCPE' unit is dangling and will be cleaned.
W: Public-4008: Instance 'I_ips_ddr_top/u_ips_ddrc_top/mcdq_wdatapath/mcdq_wdp_align/r_data[11]' of 'bmsWIDEDFFCPE' unit is dangling and will be cleaned.
W: Public-4008: Instance 'I_ips_ddr_top/u_ips_ddrc_top/mcdq_wdatapath/mcdq_wdp_align/r_data[12]' of 'bmsWIDEDFFCPE' unit is dangling and will be cleaned.
W: Public-4008: Instance 'I_ips_ddr_top/u_ips_ddrc_top/mcdq_wdatapath/mcdq_wdp_align/r_data[13]' of 'bmsWIDEDFFCPE' unit is dangling and will be cleaned.
W: Public-4008: Instance 'I_ips_ddr_top/u_ips_ddrc_top/mcdq_wdatapath/mcdq_wdp_align/r_data[14]' of 'bmsWIDEDFFCPE' unit is dangling and will be cleaned.
W: Public-4008: Instance 'I_ips_ddr_top/u_ips_ddrc_top/mcdq_wdatapath/mcdq_wdp_align/r_data[15]' of 'bmsWIDEDFFCPE' unit is dangling and will be cleaned.
W: Public-4008: Instance 'I_ips_ddr_top/u_ips_ddrc_top/mcdq_wdatapath/mcdq_wdp_align/r_data[16]' of 'bmsWIDEDFFCPE' unit is dangling and will be cleaned.
W: Public-4008: Instance 'I_ips_ddr_top/u_ips_ddrc_top/mcdq_wdatapath/mcdq_wdp_align/r_data[17]' of 'bmsWIDEDFFCPE' unit is dangling and will be cleaned.
W: Public-4008: Instance 'I_ips_ddr_top/u_ips_ddrc_top/mcdq_wdatapath/mcdq_wdp_align/r_data[18]' of 'bmsWIDEDFFCPE' unit is dangling and will be cleaned.
W: Public-4008: Instance 'I_ips_ddr_top/u_ips_ddrc_top/mcdq_wdatapath/mcdq_wdp_align/r_data[19]' of 'bmsWIDEDFFCPE' unit is dangling and will be cleaned.
W: Public-4008: Instance 'I_ips_ddr_top/u_ips_ddrc_top/mcdq_wdatapath/mcdq_wdp_align/r_data[20]' of 'bmsWIDEDFFCPE' unit is dangling and will be cleaned.
W: Public-4008: Instance 'I_ips_ddr_top/u_ips_ddrc_top/mcdq_wdatapath/mcdq_wdp_align/r_data[21]' of 'bmsWIDEDFFCPE' unit is dangling and will be cleaned.
W: Public-4008: Instance 'I_ips_ddr_top/u_ips_ddrc_top/mcdq_wdatapath/mcdq_wdp_align/r_data[22]' of 'bmsWIDEDFFCPE' unit is dangling and will be cleaned.
W: Public-4008: Instance 'I_ips_ddr_top/u_ips_ddrc_top/mcdq_wdatapath/mcdq_wdp_align/r_data[23]' of 'bmsWIDEDFFCPE' unit is dangling and will be cleaned.
W: Public-4008: Instance 'I_ips_ddr_top/u_ips_ddrc_top/mcdq_wdatapath/mcdq_wdp_align/r_data[24]' of 'bmsWIDEDFFCPE' unit is dangling and will be cleaned.
W: Public-4008: Instance 'I_ips_ddr_top/u_ips_ddrc_top/mcdq_wdatapath/mcdq_wdp_align/r_data[25]' of 'bmsWIDEDFFCPE' unit is dangling and will be cleaned.
W: Public-4008: Instance 'I_ips_ddr_top/u_ips_ddrc_top/mcdq_wdatapath/mcdq_wdp_align/r_data[26]' of 'bmsWIDEDFFCPE' unit is dangling and will be cleaned.
W: Public-4008: Instance 'I_ips_ddr_top/u_ips_ddrc_top/mcdq_wdatapath/mcdq_wdp_align/r_data[27]' of 'bmsWIDEDFFCPE' unit is dangling and will be cleaned.
W: Public-4008: Instance 'I_ips_ddr_top/u_ips_ddrc_top/mcdq_wdatapath/mcdq_wdp_align/r_data[28]' of 'bmsWIDEDFFCPE' unit is dangling and will be cleaned.
W: Public-4008: Instance 'I_ips_ddr_top/u_ips_ddrc_top/mcdq_wdatapath/mcdq_wdp_align/r_data[29]' of 'bmsWIDEDFFCPE' unit is dangling and will be cleaned.
W: Public-4008: Instance 'I_ips_ddr_top/u_ips_ddrc_top/mcdq_wdatapath/mcdq_wdp_align/r_data[30]' of 'bmsWIDEDFFCPE' unit is dangling and will be cleaned.
W: Public-4008: Instance 'I_ips_ddr_top/u_ips_ddrc_top/mcdq_wdatapath/mcdq_wdp_align/r_data[31]' of 'bmsWIDEDFFCPE' unit is dangling and will be cleaned.
W: Public-4008: Instance 'I_ips_ddr_top/u_ips_ddrc_top/mcdq_wdatapath/mcdq_wdp_align/r_data[32]' of 'bmsWIDEDFFCPE' unit is dangling and will be cleaned.
W: Public-4008: Instance 'I_ips_ddr_top/u_ips_ddrc_top/mcdq_wdatapath/mcdq_wdp_align/r_data[33]' of 'bmsWIDEDFFCPE' unit is dangling and will be cleaned.
W: Public-4008: Instance 'I_ips_ddr_top/u_ips_ddrc_top/mcdq_wdatapath/mcdq_wdp_align/r_data[34]' of 'bmsWIDEDFFCPE' unit is dangling and will be cleaned.
W: Public-4008: Instance 'I_ips_ddr_top/u_ips_ddrc_top/mcdq_wdatapath/mcdq_wdp_align/r_data[35]' of 'bmsWIDEDFFCPE' unit is dangling and will be cleaned.
W: Public-4008: Instance 'I_ips_ddr_top/u_ips_ddrc_top/mcdq_wdatapath/mcdq_wdp_align/r_data[36]' of 'bmsWIDEDFFCPE' unit is dangling and will be cleaned.
W: Public-4008: Instance 'I_ips_ddr_top/u_ips_ddrc_top/mcdq_wdatapath/mcdq_wdp_align/r_data[37]' of 'bmsWIDEDFFCPE' unit is dangling and will be cleaned.
W: Public-4008: Instance 'I_ips_ddr_top/u_ips_ddrc_top/mcdq_wdatapath/mcdq_wdp_align/r_data[38]' of 'bmsWIDEDFFCPE' unit is dangling and will be cleaned.
W: Public-4008: Instance 'I_ips_ddr_top/u_ips_ddrc_top/mcdq_wdatapath/mcdq_wdp_align/r_data[39]' of 'bmsWIDEDFFCPE' unit is dangling and will be cleaned.
W: Public-4008: Instance 'I_ips_ddr_top/u_ips_ddrc_top/mcdq_wdatapath/mcdq_wdp_align/r_data[40]' of 'bmsWIDEDFFCPE' unit is dangling and will be cleaned.
W: Public-4008: Instance 'I_ips_ddr_top/u_ips_ddrc_top/mcdq_wdatapath/mcdq_wdp_align/r_data[41]' of 'bmsWIDEDFFCPE' unit is dangling and will be cleaned.
W: Removed GTP_DFF_CE inst I_ips_ddr_top/u_ips_ddrc_top/mcdq_dcp_top/mcdq_dcp_back_ctrl/PRE_PASS_LOOP[0].timing_pre_pass/timing_cnt0[0] that is stuck at constant 0.
I: Removed GTP_DFF_C inst I_ips_ddr_top/u_ips_ddrc_top/mcdq_wdatapath/mcdq_wdp_align/wrdata_en[3] that is redundant to I_ips_ddr_top/u_ips_ddrc_top/mcdq_wdatapath/mcdq_wdp_align/wdin_en_dly[2]
I: Removed GTP_DFF_C inst I_ips_ddr_top/u_ips_ddrc_top/mcdq_wdatapath/mcdq_wdp_align/r_strb[8] that is redundant to I_ips_ddr_top/u_ips_ddrc_top/mcdq_dfi/mux_dfi_cke[0]
I: Removed GTP_DFF_C inst I_ips_ddr_top/u_ips_ddrc_top/mcdq_wdatapath/mcdq_wdp_align/wstrb_slip_dly[8] that is redundant to I_ips_ddr_top/u_ips_ddrc_top/mcdq_wdatapath/mcdq_wdp_align/wr_strb[12]
I: Removed GTP_DFF_C inst I_ips_ddr_top/u_ddrphy_top/ddrphy_dfi/phy_ck[0] that is redundant to I_ips_ddr_top/u_ddrphy_top/ddrphy_calib_top/ddrphy_eyecal/eyecal_cke
I: Removed GTP_DFF_C inst I_ips_ddr_top/u_ddrphy_top/ddrphy_dfi/phy_addr_d[15] that is redundant to I_ips_ddr_top/u_ddrphy_top/ddrphy_dfi/calib_done_r
I: Removed GTP_DFF_PE inst I_ips_ddr_top/u_ips_ddrc_top/mcdq_dfi/dcp2dfi_address[26] that is redundant to I_ips_ddr_top/u_ips_ddrc_top/mcdq_dfi/dcp2dfi_address[16]
I: Removed GTP_DFF_PE inst I_ips_ddr_top/u_ips_ddrc_top/mcdq_dfi/dcp2dfi_address[27] that is redundant to I_ips_ddr_top/u_ips_ddrc_top/mcdq_dfi/dcp2dfi_address[16]
I: Removed GTP_DFF_C inst I_ips_ddr_top/u_ddrphy_top/ddrphy_calib_top/ddrphy_wrcal/wrcal_wrdata_en[3] that is redundant to I_ips_ddr_top/u_ddrphy_top/ddrphy_calib_top/ddrphy_wrcal/wr_enable_d
I: Removed GTP_DFF_C inst I_ips_ddr_top/u_ddrphy_top/ddrphy_calib_top/ddrphy_rdcal/wr_enable_d that is redundant to I_ips_ddr_top/u_ddrphy_top/ddrphy_calib_top/ddrphy_rdcal/rdcal_wrdata_en[3]
I: Removed GTP_DFF_PE inst u_ips2l_pcie_wrap/U_IPS2L_PCIE_TOP/U_IPS2L_HSSTLP_PCIE_SOFT_PHY/hsst_pciex4_rst/hsst_rx_rst_mcrsw/genblk1[3].hsst_rst4mcrsw_rx_init/rx_rst_initfsm_multi_sw_lane/rx_init_fsm_reg[0] that is redundant to u_ips2l_pcie_wrap/U_IPS2L_PCIE_TOP/U_IPS2L_HSSTLP_PCIE_SOFT_PHY/hsst_pciex4_rst/hsst_rx_rst_mcrsw/genblk1[2].hsst_rst4mcrsw_rx_init/rx_rst_initfsm_multi_sw_lane/rx_init_fsm_reg[0]
I: Removed GTP_DFF_C inst I_ips_ddr_top/u_ips_ddrc_top/mcdq_dfi/mux_dfi_address[26] that is redundant to I_ips_ddr_top/u_ips_ddrc_top/mcdq_dfi/mux_dfi_address[16]
I: Removed GTP_DFF_C inst I_ips_ddr_top/u_ips_ddrc_top/mcdq_dfi/mux_dfi_address[27] that is redundant to I_ips_ddr_top/u_ips_ddrc_top/mcdq_dfi/mux_dfi_address[16]
I: Removed GTP_DFF_C inst I_ips_ddr_top/u_ddrphy_top/ddrphy_dfi/phy_addr_d[41] that is redundant to I_ips_ddr_top/u_ddrphy_top/ddrphy_dfi/phy_addr_d[31]
I: Removed GTP_DFF_C inst I_ips_ddr_top/u_ddrphy_top/ddrphy_dfi/phy_addr_d[42] that is redundant to I_ips_ddr_top/u_ddrphy_top/ddrphy_dfi/phy_addr_d[31]
I: Removed GTP_DFF_C inst I_ips_ddr_top/u_ddrphy_top/ddrphy_slice_top/ddrphy_control_path_adj/phy_addr_r[46] that is redundant to I_ips_ddr_top/u_ddrphy_top/ddrphy_slice_top/ddrphy_control_path_adj/phy_addr_r[6]
I: Removed GTP_DFF_C inst I_ips_ddr_top/u_ddrphy_top/ddrphy_slice_top/ddrphy_control_path_adj/phy_addr_r[50] that is redundant to I_ips_ddr_top/u_ddrphy_top/ddrphy_slice_top/ddrphy_control_path_adj/phy_addr_r[6]
W: Removed GTP_DFF_C inst I_ips_ddr_top/u_ips_ddrc_top/mcdq_dcp_top/mcdq_dcp_back_ctrl/timing_prea_pass/timing_cnt2[4] that is stuck at constant 0.
W: Removed GTP_DFF_C inst I_ips_ddr_top/u_ips_ddrc_top/mcdq_dcp_top/mcdq_dcp_back_ctrl/timing_prea_pass/timing_cnt0[0] that is stuck at constant 0.
W: Removed GTP_DFF_C inst I_ips_ddr_top/u_ips_ddrc_top/mcdq_dcp_top/mcdq_dcp_back_ctrl/timing_prea_pass/timing_cnt0[5] that is stuck at constant 0.
W: Removed GTP_DFF_C inst I_ips_ddr_top/u_ips_ddrc_top/mcdq_dcp_top/mcdq_dcp_back_ctrl/PRE_PASS_LOOP[0].timing_pre_pass/timing_cnt2[4] that is stuck at constant 0.
W: Removed GTP_DFF_C inst I_ips_ddr_top/u_ips_ddrc_top/mcdq_dcp_top/mcdq_dcp_back_ctrl/TRDA2ACT_LOOP[0].trda2act_timing/timing_cnt[5] that is stuck at constant 0.
W: Removed GTP_DFF_C inst I_ips_ddr_top/u_ips_ddrc_top/mcdq_dcp_top/mcdq_dcp_back_ctrl/TRDA2ACT_LOOP[1].trda2act_timing/timing_cnt[5] that is stuck at constant 0.
W: Removed GTP_DFF_CE inst I_ips_ddr_top/u_ddrphy_top/ddrphy_slice_top/i_dqs_group[0].ddrphy_data_slice/ddrphy_data_slice_dqs_gate_cal/ddrphy_gatecal/gate_value[0] that is stuck at constant 0.
W: Removed GTP_DFF_CE inst I_ips_ddr_top/u_ddrphy_top/ddrphy_slice_top/i_dqs_group[0].ddrphy_data_slice/ddrphy_data_slice_wrcal/cnt[4] that is stuck at constant 0.
W: Removed GTP_DFF_CE inst I_ips_ddr_top/u_ddrphy_top/ddrphy_slice_top/i_dqs_group[0].ddrphy_data_slice/ddrphy_data_slice_wrcal/cnt[5] that is stuck at constant 0.
W: Removed GTP_DFF_CE inst I_ips_ddr_top/u_ddrphy_top/ddrphy_slice_top/i_dqs_group[0].ddrphy_data_slice/ddrphy_data_slice_wrcal/cnt[6] that is stuck at constant 0.
W: Removed GTP_DFF_CE inst I_ips_ddr_top/u_ddrphy_top/ddrphy_slice_top/i_dqs_group[0].ddrphy_data_slice/ddrphy_data_slice_wrcal/cnt[7] that is stuck at constant 0.
W: Removed GTP_DFF_C inst I_ips_ddr_top/u_ips_ddrc_top/mcdq_dcp_top/mcdq_dcp_back_ctrl/PRE_PASS_LOOP[1].timing_pre_pass/timing_cnt0[0] that is stuck at constant 0.
W: Removed GTP_DFF_C inst I_ips_ddr_top/u_ips_ddrc_top/mcdq_dcp_top/mcdq_dcp_back_ctrl/PRE_PASS_LOOP[1].timing_pre_pass/timing_cnt0[5] that is stuck at constant 0.
W: Removed GTP_DFF_C inst I_ips_ddr_top/u_ips_ddrc_top/mcdq_dcp_top/mcdq_dcp_back_ctrl/PRE_PASS_LOOP[1].timing_pre_pass/timing_cnt1[6] that is stuck at constant 0.
W: Removed GTP_DFF_C inst I_ips_ddr_top/u_ips_ddrc_top/mcdq_dcp_top/mcdq_dcp_back_ctrl/PRE_PASS_LOOP[1].timing_pre_pass/timing_cnt2[4] that is stuck at constant 0.
W: Removed GTP_DFF_C inst I_ips_ddr_top/u_ips_ddrc_top/mcdq_dcp_top/mcdq_dcp_back_ctrl/timing_wr_pass/timing_cnt1[5] that is stuck at constant 0.
W: Removed GTP_DFF_C inst I_ips_ddr_top/u_ips_ddrc_top/mcdq_dcp_top/mcdq_dcp_back_ctrl/TWRA2ACT_LOOP[0].twra2act_timing/timing_cnt[6] that is stuck at constant 0.
W: Removed GTP_DFF_C inst I_ips_ddr_top/u_ips_ddrc_top/mcdq_dcp_top/mcdq_dcp_back_ctrl/TWRA2ACT_LOOP[1].twra2act_timing/timing_cnt[6] that is stuck at constant 0.
W: Removed GTP_DFF_C inst I_ips_ddr_top/u_ddrphy_top/ddrphy_calib_top/ddrphy_main_ctrl/main_state_reg[6] that is stuck at constant 0.
W: Removed GTP_DFF_C inst I_ips_ddr_top/u_ips_ddrc_top/mcdq_dcp_top/mcdq_dcp_back_ctrl/PRE_PASS_LOOP[0].timing_pre_pass/timing_cnt0[5] that is stuck at constant 0.
W: Removed GTP_DFF_CE inst I_ips_ddr_top/u_ddrphy_top/ddrphy_slice_top/i_dqs_group[1].ddrphy_data_slice/ddrphy_data_slice_dqs_gate_cal/ddrphy_gatecal/gate_value[0] that is stuck at constant 0.
W: Removed GTP_DFF_C inst I_ips_ddr_top/u_ips_ddrc_top/mcdq_dcp_top/mcdq_dcp_back_ctrl/timing_prea_pass/timing_cnt1[6] that is stuck at constant 0.
W: Removed GTP_DFF_CE inst I_ips_ddr_top/u_ddrphy_top/ddrphy_slice_top/i_dqs_group[1].ddrphy_data_slice/ddrphy_data_slice_wrcal/cnt[4] that is stuck at constant 0.
W: Removed GTP_DFF_CE inst I_ips_ddr_top/u_ddrphy_top/ddrphy_slice_top/i_dqs_group[1].ddrphy_data_slice/ddrphy_data_slice_wrcal/cnt[5] that is stuck at constant 0.
W: Removed GTP_DFF_CE inst I_ips_ddr_top/u_ddrphy_top/ddrphy_slice_top/i_dqs_group[1].ddrphy_data_slice/ddrphy_data_slice_wrcal/cnt[6] that is stuck at constant 0.
W: Removed GTP_DFF_CE inst I_ips_ddr_top/u_ddrphy_top/ddrphy_slice_top/i_dqs_group[1].ddrphy_data_slice/ddrphy_data_slice_wrcal/cnt[7] that is stuck at constant 0.
W: Removed GTP_DFF_C inst I_ips_ddr_top/u_ips_ddrc_top/mcdq_dcp_top/mcdq_dcp_back_ctrl/mcdq_timing_rd_pass/timing_cnt1[6] that is stuck at constant 0.
W: Removed GTP_DFF_C inst I_ips_ddr_top/u_ips_ddrc_top/mcdq_dcp_top/mcdq_dcp_back_ctrl/PRE_PASS_LOOP[0].timing_pre_pass/timing_cnt1[6] that is stuck at constant 0.
W: Removed GTP_DFF_C inst I_ips_ddr_top/u_ddrphy_top/ddrphy_calib_top/ddrphy_main_ctrl/update_start that is stuck at constant 0.
W: Public-4008: Instance 'I_ips_ddr_top/u_ddrphy_top/ddrphy_calib_top/ddrphy_upcal/upcal_state_reg[2]' of 'GTP_DFF_C' unit is dangling and will be cleaned.
W: Removed GTP_DFF_C inst I_ips_ddr_top/u_ips_ddrc_top/mcdq_dcp_top/mcdq_dcp_back_ctrl/timing_prea_pass/timing_cnt0[4] that is stuck at constant 0.
W: Removed GTP_DFF_C inst I_ips_ddr_top/u_ips_ddrc_top/mcdq_dcp_top/mcdq_dcp_back_ctrl/TRDA2ACT_LOOP[0].trda2act_timing/timing_cnt[4] that is stuck at constant 0.
W: Removed GTP_DFF_C inst I_ips_ddr_top/u_ips_ddrc_top/mcdq_dcp_top/mcdq_dcp_back_ctrl/TRDA2ACT_LOOP[1].trda2act_timing/timing_cnt[4] that is stuck at constant 0.
W: Removed GTP_DFF_C inst I_ips_ddr_top/u_ips_ddrc_top/mcdq_dcp_top/mcdq_dcp_back_ctrl/PRE_PASS_LOOP[1].timing_pre_pass/timing_cnt0[4] that is stuck at constant 0.
W: Removed GTP_DFF_C inst I_ips_ddr_top/u_ips_ddrc_top/mcdq_dcp_top/mcdq_dcp_back_ctrl/PRE_PASS_LOOP[1].timing_pre_pass/timing_cnt1[5] that is stuck at constant 0.
W: Removed GTP_DFF_C inst I_ips_ddr_top/u_ips_ddrc_top/mcdq_dcp_top/mcdq_dcp_back_ctrl/timing_wr_pass/timing_cnt1[4] that is stuck at constant 0.
W: Removed GTP_DFF_C inst I_ips_ddr_top/u_ips_ddrc_top/mcdq_dcp_top/mcdq_dcp_back_ctrl/TWRA2ACT_LOOP[0].twra2act_timing/timing_cnt[5] that is stuck at constant 0.
W: Removed GTP_DFF_C inst I_ips_ddr_top/u_ips_ddrc_top/mcdq_dcp_top/mcdq_dcp_back_ctrl/TWRA2ACT_LOOP[1].twra2act_timing/timing_cnt[5] that is stuck at constant 0.
W: Removed GTP_DFF_C inst I_ips_ddr_top/u_ips_ddrc_top/mcdq_dcp_top/mcdq_dcp_back_ctrl/PRE_PASS_LOOP[0].timing_pre_pass/timing_cnt0[4] that is stuck at constant 0.
W: Removed GTP_DFF_C inst I_ips_ddr_top/u_ips_ddrc_top/mcdq_dcp_top/mcdq_dcp_back_ctrl/timing_prea_pass/timing_cnt1[5] that is stuck at constant 0.
W: Removed GTP_DFF_P inst I_ips_ddr_top/u_ddrphy_top/ddrphy_calib_top/ddrphy_upcal/upcal_state_reg[0] that is stuck at constant 1.
W: Removed GTP_DFF_C inst I_ips_ddr_top/u_ddrphy_top/ddrphy_calib_top/ddrphy_upcal/upcal_state_reg[1] that is stuck at constant 0.
W: Removed GTP_DFF_C inst I_ips_ddr_top/u_ips_ddrc_top/mcdq_dcp_top/mcdq_dcp_back_ctrl/mcdq_timing_rd_pass/timing_cnt1[5] that is stuck at constant 0.
W: Removed GTP_DFF_C inst I_ips_ddr_top/u_ips_ddrc_top/mcdq_dcp_top/mcdq_dcp_back_ctrl/PRE_PASS_LOOP[0].timing_pre_pass/timing_cnt1[5] that is stuck at constant 0.
W: Removed GTP_DFF_C inst I_ips_ddr_top/u_ddrphy_top/ddrphy_calib_top/ddrphy_upcal/dqs_gate_comp_en that is stuck at constant 0.
W: Removed GTP_DFF_C inst I_ips_ddr_top/u_ddrphy_top/ddrphy_calib_top/ddrphy_upcal/comp_dir[0] that is stuck at constant 0.
W: Removed GTP_DFF_C inst I_ips_ddr_top/u_ddrphy_top/ddrphy_calib_top/ddrphy_upcal/comp_dir[1] that is stuck at constant 0.
W: Removed GTP_DFF_C inst I_ips_ddr_top/u_ddrphy_top/ddrphy_calib_top/ddrphy_upcal/comp_val[0] that is stuck at constant 0.
W: Removed GTP_DFF_C inst I_ips_ddr_top/u_ddrphy_top/ddrphy_calib_top/ddrphy_upcal/comp_val[2] that is stuck at constant 0.
W: Removed GTP_DFF_C inst I_ips_ddr_top/u_ddrphy_top/ddrphy_slice_top/i_dqs_group[0].ddrphy_data_slice/ddrphy_data_slice_dqs_gate_cal/ddrphy_gatecal/dqs_gate_comp_done that is stuck at constant 0.
W: Removed GTP_DFF_C inst I_ips_ddr_top/u_ddrphy_top/ddrphy_calib_top/ddrphy_upcal/update_done that is stuck at constant 0.
W: Removed GTP_DFF_C inst I_ips_ddr_top/u_ddrphy_top/ddrphy_dfi/ddrphy_update_done that is stuck at constant 0.
W: Removed GTP_DFF_C inst I_ips_ddr_top/u_ddrphy_top/ddrphy_calib_top/ddrphy_upcal/cnt[0] that is stuck at constant 0.
W: Removed GTP_DFF_C inst I_ips_ddr_top/u_ddrphy_top/ddrphy_calib_top/ddrphy_upcal/cnt[1] that is stuck at constant 0.
W: Removed GTP_DFF_C inst I_ips_ddr_top/u_ddrphy_top/ddrphy_calib_top/ddrphy_upcal/cnt[2] that is stuck at constant 0.
W: Removed GTP_DFF_C inst I_ips_ddr_top/u_ddrphy_top/ddrphy_calib_top/ddrphy_upcal/cnt[3] that is stuck at constant 0.
W: Removed GTP_DFF_C inst I_ips_ddr_top/u_ddrphy_top/ddrphy_calib_top/ddrphy_upcal/cnt[4] that is stuck at constant 0.
W: Public-4008: Instance 'I_ips_ddr_top/u_ddrphy_top/ddrphy_gate_update_ctrl/dqift_dqs_group[1].ddrphy_drift_ctrl/dqs_drift_last[0]' of 'GTP_DFF_CE' unit is dangling and will be cleaned.
W: Public-4008: Instance 'I_ips_ddr_top/u_ddrphy_top/ddrphy_gate_update_ctrl/dqift_dqs_group[0].ddrphy_drift_ctrl/dqs_drift_now[0]' of 'GTP_DFF_CE' unit is dangling and will be cleaned.
W: Public-4008: Instance 'I_ips_ddr_top/u_ddrphy_top/ddrphy_gate_update_ctrl/dqift_dqs_group[0].ddrphy_drift_ctrl/dqs_drift_now[1]' of 'GTP_DFF_CE' unit is dangling and will be cleaned.
W: Public-4008: Instance 'I_ips_ddr_top/u_ddrphy_top/ddrphy_gate_update_ctrl/dqift_dqs_group[1].ddrphy_drift_ctrl/dqs_drift_d2[1]' of 'GTP_DFF_CE' unit is dangling and will be cleaned.
W: Public-4008: Instance 'I_ips_ddr_top/u_ddrphy_top/ddrphy_gate_update_ctrl/dqift_dqs_group[1].ddrphy_drift_ctrl/dqs_drift_now[1]' of 'GTP_DFF_CE' unit is dangling and will be cleaned.
W: Public-4008: Instance 'I_ips_ddr_top/u_ddrphy_top/ddrphy_gate_update_ctrl/dqift_dqs_group[1].ddrphy_drift_ctrl/dqs_drift_last[1]' of 'GTP_DFF_CE' unit is dangling and will be cleaned.
W: Public-4008: Instance 'I_ips_ddr_top/u_ddrphy_top/ddrphy_gate_update_ctrl/dqift_dqs_group[1].ddrphy_drift_ctrl/dqs_drift_d1[0]' of 'GTP_DFF_CE' unit is dangling and will be cleaned.
W: Public-4008: Instance 'I_ips_ddr_top/u_ddrphy_top/ddrphy_gate_update_ctrl/dqift_dqs_group[1].ddrphy_drift_ctrl/dqs_drift_d1[1]' of 'GTP_DFF_CE' unit is dangling and will be cleaned.
W: Public-4008: Instance 'I_ips_ddr_top/u_ddrphy_top/ddrphy_gate_update_ctrl/dqift_dqs_group[1].ddrphy_drift_ctrl/dqs_drift_d2[0]' of 'GTP_DFF_CE' unit is dangling and will be cleaned.
W: Public-4008: Instance 'I_ips_ddr_top/u_ddrphy_top/ddrphy_gate_update_ctrl/dqift_dqs_group[1].ddrphy_drift_ctrl/dqs_drift_now[0]' of 'GTP_DFF_CE' unit is dangling and will be cleaned.
W: Public-4008: Instance 'I_ips_ddr_top/u_ddrphy_top/ddrphy_gate_update_ctrl/dqift_dqs_group[0].ddrphy_drift_ctrl/dqs_drift_d1[0]' of 'GTP_DFF_CE' unit is dangling and will be cleaned.
W: Public-4008: Instance 'I_ips_ddr_top/u_ddrphy_top/ddrphy_gate_update_ctrl/dqift_dqs_group[0].ddrphy_drift_ctrl/dqs_drift_d1[1]' of 'GTP_DFF_CE' unit is dangling and will be cleaned.
W: Public-4008: Instance 'I_ips_ddr_top/u_ddrphy_top/ddrphy_gate_update_ctrl/dqift_dqs_group[0].ddrphy_drift_ctrl/dqs_drift_d2[0]' of 'GTP_DFF_CE' unit is dangling and will be cleaned.
W: Public-4008: Instance 'I_ips_ddr_top/u_ddrphy_top/ddrphy_gate_update_ctrl/dqift_dqs_group[0].ddrphy_drift_ctrl/dqs_drift_d2[1]' of 'GTP_DFF_CE' unit is dangling and will be cleaned.
W: Public-4008: Instance 'I_ips_ddr_top/u_ddrphy_top/ddrphy_gate_update_ctrl/dqift_dqs_group[0].ddrphy_drift_ctrl/dqs_drift_last[0]' of 'GTP_DFF_CE' unit is dangling and will be cleaned.
W: Public-4008: Instance 'I_ips_ddr_top/u_ddrphy_top/ddrphy_gate_update_ctrl/dqift_dqs_group[0].ddrphy_drift_ctrl/dqs_drift_last[1]' of 'GTP_DFF_CE' unit is dangling and will be cleaned.
W: Removed GTP_DFF_C inst I_ips_ddr_top/u_ips_ddrc_top/mcdq_dcp_top/mcdq_dcp_back_ctrl/timing_prea_pass/timing_cnt0[3] that is stuck at constant 0.
W: Removed GTP_DFF_C inst I_ips_ddr_top/u_ips_ddrc_top/mcdq_dcp_top/mcdq_dcp_back_ctrl/PRE_PASS_LOOP[1].timing_pre_pass/timing_cnt0[3] that is stuck at constant 0.
W: Removed GTP_DFF_C inst I_ips_ddr_top/u_ips_ddrc_top/mcdq_dcp_top/mcdq_dcp_back_ctrl/timing_wr_pass/timing_cnt1[3] that is stuck at constant 0.
W: Removed GTP_DFF_C inst I_ips_ddr_top/u_ips_ddrc_top/mcdq_dcp_top/mcdq_dcp_back_ctrl/PRE_PASS_LOOP[0].timing_pre_pass/timing_cnt0[3] that is stuck at constant 0.
W: Removed GTP_DFF_C inst I_ips_ddr_top/u_ips_ddrc_top/mcdq_dcp_top/mcdq_dcp_back_ctrl/mcdq_timing_rd_pass/timing_cnt1[4] that is stuck at constant 0.
Executing : tech-mapping phase 1 successfully. Time elapsed: 1.571s wall, 1.359s user + 0.094s system = 1.453s CPU (92.5%)

Start tech-mapping phase 2.
Executing : tech-mapping phase 2 successfully. Time elapsed: 8.578s wall, 9.219s user + 2.109s system = 11.328s CPU (132.1%)

Start tech-optimization.
I: Removed GTP_DFF_C inst I_ips_ddr_top/u_ips_ddrc_top/mcdq_dcp_top/mcdq_dcp_back_ctrl/timing_wr_pass/timing_cnt1[2] that is redundant to I_ips_ddr_top/u_ips_ddrc_top/mcdq_dcp_top/mcdq_dcp_back_ctrl/timing_prea_pass/timing_cnt0[2]
Executing : tech-optimization successfully. Time elapsed: 1.985s wall, 2.062s user + 0.453s system = 2.516s CPU (126.7%)

Start phys-optimization.
Executing : phys-optimization successfully. Time elapsed: 0.000s wall, 0.000s user + 0.000s system = 0.000s CPU (n/a%)

Start restore-hierarchy.
Executing : restore-hierarchy successfully. Time elapsed: 2.319s wall, 2.188s user + 0.047s system = 2.234s CPU (96.4%)

W: Unable to honor max fanout constraint for gtp_inv driven net N169
W: Unable to honor max fanout constraint for gtp_inv driven net N169
W: Unable to honor max fanout constraint for gtp_inv driven net N58_1
W: Unable to honor max fanout constraint for gtp_inv driven net N58_1
W: Unable to honor max fanout constraint for gtp_inv driven net N69
W: Unable to honor max fanout constraint for gtp_inv driven net N69
W: Unable to honor max fanout constraint for gtp_inv driven net N1
W: Unable to honor max fanout constraint for gtp_inv driven net N1
W: Unable to honor max fanout constraint for gtp_inv driven net N10
W: Unable to honor max fanout constraint for gtp_inv driven net N10
W: Unable to honor max fanout constraint for gtp_inv driven net N32
W: Unable to honor max fanout constraint for gtp_inv driven net N32
W: Unable to honor max fanout constraint for gtp_inv driven net N26_1
W: Unable to honor max fanout constraint for gtp_inv driven net N26_1
W: Unable to honor max fanout constraint for gtp_inv driven net N0_1
W: Unable to honor max fanout constraint for gtp_inv driven net N0_1
W: Unable to honor max fanout constraint for gtp_inv driven net N0_1
W: Unable to honor max fanout constraint for gtp_inv driven net N0_1
W: Unable to honor max fanout constraint for gtp_inv driven net N3_1
W: Unable to honor max fanout constraint for gtp_inv driven net I_ips_ddr_top/u_ips_ddrc_top/mcdq_rdatapath/data_in_ready_1
W: Unable to honor max fanout constraint for gtp_inv driven net N3_1
W: Unable to honor max fanout constraint for gtp_inv driven net I_ips_ddr_top/u_ips_ddrc_top/mcdq_rdatapath/data_in_ready_1
W: syn_maxfan of lutcarry N185.eq_6 is more than 10000 on net row_addr_diff, but wasn't replicated.
W: syn_maxfan of lutcarry N185.eq_6 is more than 10000 on net row_addr_diff, but wasn't replicated.
W: Unable to honor max fanout constraint for gtp_inv driven net N0_1
W: Unable to honor max fanout constraint for gtp_inv driven net N0_1
W: Unable to honor max fanout constraint for gtp_inv driven net N4
W: Unable to honor max fanout constraint for gtp_inv driven net N4
W: prevent name conflict by renaming net coms1_reg_config/u1/reg_sdat to coms1_reg_config/u1/reg_sdat_rnmt
W: prevent name conflict by renaming net coms2_reg_config/u1/reg_sdat to coms2_reg_config/u1/reg_sdat_rnmt
W: prevent name conflict by renaming net ms72xx_ctl/sda_out to ms72xx_ctl/sda_out_rnmt
W: prevent name conflict by renaming net ms72xx_ctl/iic_dri/N80 to ms72xx_ctl/iic_dri/N80_rnmt
W: prevent name conflict by renaming net u_ips2l_pcie_wrap/U_IPS2L_PCIE_TOP/U_IPS2L_PCIE_HARD_CTRL/core_rst_n_mem to u_ips2l_pcie_wrap/U_IPS2L_PCIE_TOP/U_IPS2L_PCIE_HARD_CTRL/core_rst_n_mem_rnmt
W: prevent name conflict by renaming net I_ips_ddr_top/u_ddrphy_top/ddrphy_slice_top/i_dqs_group[0].ddrphy_data_slice/ddrphy_dqsi_rdel_cal/N197 to I_ips_ddr_top/u_ddrphy_top/ddrphy_slice_top/i_dqs_group[0].ddrphy_data_slice/ddrphy_dqsi_rdel_cal/N197_rnmt
W: prevent name conflict by renaming net I_ips_ddr_top/u_ddrphy_top/ddrphy_slice_top/i_dqs_group[0].ddrphy_data_slice/ddrphy_dqsi_rdel_cal/N312 to I_ips_ddr_top/u_ddrphy_top/ddrphy_slice_top/i_dqs_group[0].ddrphy_data_slice/ddrphy_dqsi_rdel_cal/N312_rnmt
W: prevent name conflict by renaming net I_ips_ddr_top/u_ddrphy_top/ddrphy_slice_top/i_dqs_group[0].ddrphy_data_slice/ddrphy_dqsi_rdel_cal/N823 to I_ips_ddr_top/u_ddrphy_top/ddrphy_slice_top/i_dqs_group[0].ddrphy_data_slice/ddrphy_dqsi_rdel_cal/N823_rnmt
W: prevent name conflict by renaming net I_ips_ddr_top/u_ddrphy_top/ddrphy_slice_top/i_dqs_group[1].ddrphy_data_slice/ddrphy_dqsi_rdel_cal/N197 to I_ips_ddr_top/u_ddrphy_top/ddrphy_slice_top/i_dqs_group[1].ddrphy_data_slice/ddrphy_dqsi_rdel_cal/N197_rnmt
W: prevent name conflict by renaming net I_ips_ddr_top/u_ddrphy_top/ddrphy_slice_top/i_dqs_group[1].ddrphy_data_slice/ddrphy_dqsi_rdel_cal/N312 to I_ips_ddr_top/u_ddrphy_top/ddrphy_slice_top/i_dqs_group[1].ddrphy_data_slice/ddrphy_dqsi_rdel_cal/N312_rnmt
W: prevent name conflict by renaming net I_ips_ddr_top/u_ddrphy_top/ddrphy_slice_top/i_dqs_group[1].ddrphy_data_slice/ddrphy_dqsi_rdel_cal/N823 to I_ips_ddr_top/u_ddrphy_top/ddrphy_slice_top/i_dqs_group[1].ddrphy_data_slice/ddrphy_dqsi_rdel_cal/N823_rnmt

Cell Usage:
GTP_CLKBUFG                   3 uses
GTP_CLKBUFM                   1 use
GTP_CLKBUFR                   2 uses
GTP_CLKPD                     1 use
GTP_DDC_E2                    5 uses
GTP_DFF                     271 uses
GTP_DFF_C                  3210 uses
GTP_DFF_CE                 3159 uses
GTP_DFF_E                    78 uses
GTP_DFF_P                   119 uses
GTP_DFF_PE                   77 uses
GTP_DFF_R                   103 uses
GTP_DFF_RE                  187 uses
GTP_DFF_S                    12 uses
GTP_DFF_SE                   17 uses
GTP_DLL_E2                    2 uses
GTP_DRM18K_E1                52 uses
GTP_DRM36K_E1                 8 uses
GTP_GPLL                      3 uses
GTP_GRS                       1 use
GTP_HSSTLP_LANE               2 uses
GTP_HSSTLP_PLL                1 use
GTP_INV                      45 uses
GTP_IOCLKDIV_E2               1 use
GTP_IOCLKDIV_E3               2 uses
GTP_IODELAY_E2               41 uses
GTP_ISERDES_E2               16 uses
GTP_LUT1                     38 uses
GTP_LUT2                    268 uses
GTP_LUT3                    136 uses
GTP_LUT4                    423 uses
GTP_LUT5                    629 uses
GTP_LUT6                   2017 uses
GTP_LUT6CARRY              1054 uses
GTP_LUT6D                  1589 uses
GTP_MUX2LUT7                  5 uses
GTP_MUX2LUT8                  2 uses
GTP_OSERDES_E2               55 uses
GTP_PCIEGEN2                  1 use
GTP_PPLL                      2 uses
GTP_RAM32X1DP                 3 uses
GTP_RAM32X2DP                35 uses
GTP_RAM64X1DP               566 uses
GTP_ROM64X1                   5 uses

I/O ports: 104
GTP_INBUF                  44 uses
GTP_IOBUF                  17 uses
GTP_IOBUFCO                 2 uses
GTP_OUTBUF                 10 uses
GTP_OUTBUFT                30 uses
GTP_OUTBUFTCO               1 use

Mapping Summary:
Total LUTs: 6763 of 66600 (10.15%)
	LUTs as dram: 604 of 19900 (3.04%)
	LUTs as logic: 6159
Total Registers: 7233 of 133200 (5.43%)
Total Latches: 0

DRM36K/FIFO:
Total DRM = 34.0 of 155 (21.94%)

APMs:
Total APMs = 0.00 of 240 (0.00%)

Total I/O ports = 107 of 285 (37.54%)


Overview of Control Sets:

Number of unique control sets : 289

Histogram:
**************************************************************
  Fanout      | Count    | Sync Set/Reset    Async Set/Reset
--------------------------------------------------------------
  [0, 2)      | 11       | 7                 4
  [2, 4)      | 45       | 10                35
  [4, 6)      | 29       | 5                 24
  [6, 8)      | 26       | 3                 23
  [8, 10)     | 53       | 13                40
  [10, 12)    | 22       | 0                 22
  [12, 14)    | 16       | 2                 14
  [14, 16)    | 17       | 1                 16
  [16, Inf)   | 70       | 13                57
--------------------------------------------------------------
  The maximum fanout: 1109
==============================================================

Flip-Flop Distribution:
************************************************************************
  Clock Enable    Sync Set/Reset    Async Set/Reset    Total Registers
------------------------------------------------------------------------
  NO              NO                NO                 271
  NO              NO                YES                3329
  NO              YES               NO                 115
  YES             NO                NO                 78
  YES             NO                YES                3236
  YES             YES               NO                 204
========================================================================

Latch Distribution:
************************************************
  Gate Enable    Preset/Clear    Total Latches
************************************************
  NO             NO              0
  NO             YES             0
  YES            NO              0
  YES            YES             0
************************************************

Design 'image_pcie_capture' has been successfully synthesized to architecture-specific objects.
Saving design to DB.
I: Adm-6003: Trying to disconnect un-connected pin 'Z[0]' of instance 'ND0'.
I: Adm-6003: Trying to disconnect un-connected pin 'Z[0]' of instance 'ND1[122]'.
I: Adm-6003: Trying to disconnect un-connected pin 'Z[0]' of instance 'ND3[6]'.
I: Adm-6003: Trying to disconnect un-connected pin 'Z[0]' of instance 'ND16[1]'.
I: Adm-6003: Trying to disconnect un-connected pin 'Z[0]' of instance 'ND2[4]'.
I: Adm-6003: Trying to disconnect un-connected pin 'Z[0]' of instance 'ND2[3]'.
I: Adm-6003: Trying to disconnect un-connected pin 'Z[0]' of instance 'ND2[2]'.
I: Adm-6003: Trying to disconnect un-connected pin 'Z[0]' of instance 'ND2[1]'.
I: Adm-6003: Trying to disconnect un-connected pin 'Z[0]' of instance 'ND14'.
I: Adm-6003: Trying to disconnect un-connected pin 'Z[0]' of instance 'ND15'.
I: Adm-6003: Trying to disconnect un-connected pin 'Z[0]' of instance 'ND16'.
I: Adm-6003: Trying to disconnect un-connected pin 'Z[0]' of instance 'ND17'.
I: Adm-6003: Trying to disconnect un-connected pin 'Z[0]' of instance 'ND22'.
I: Adm-6003: Trying to disconnect un-connected pin 'Z[0]' of instance 'ND24'.
I: Adm-6003: Trying to disconnect un-connected pin 'Z[0]' of instance 'ND25'.
I: Adm-6003: Trying to disconnect un-connected pin 'Z[0]' of instance 'ND26'.
I: Adm-6003: Trying to disconnect un-connected pin 'Z[0]' of instance 'ND28'.
I: Adm-6003: Trying to disconnect un-connected pin 'Z[0]' of instance 'ND30'.
I: Adm-6003: Trying to disconnect un-connected pin 'Z[0]' of instance 'ND31'.
I: Adm-6003: Trying to disconnect un-connected pin 'Z[0]' of instance 'ND32'.
I: Adm-6003: Trying to disconnect un-connected pin 'Z[0]' of instance 'ND33'.
I: Adm-6003: Trying to disconnect un-connected pin 'Z[0]' of instance 'ND37'.
I: Adm-6003: Trying to disconnect un-connected pin 'Z[0]' of instance 'ND38'.
I: Adm-6003: Trying to disconnect un-connected pin 'Z[0]' of instance 'ND43'.
I: Adm-6003: Trying to disconnect un-connected pin 'Z[0]' of instance 'ND44'.
I: Adm-6003: Trying to disconnect un-connected pin 'Z[0]' of instance 'ND46'.
I: Adm-6003: Trying to disconnect un-connected pin 'Z[0]' of instance 'ND18[0]'.
I: Adm-6003: Trying to disconnect un-connected pin 'Z[0]' of instance 'ND18[1]'.
I: Adm-6003: Trying to disconnect un-connected pin 'Z[0]' of instance 'ND18[2]'.
I: Adm-6003: Trying to disconnect un-connected pin 'Z[0]' of instance 'ND18[3]'.
I: Adm-6003: Trying to disconnect un-connected pin 'Z[0]' of instance 'ND18[4]'.
I: Adm-6003: Trying to disconnect un-connected pin 'Z[0]' of instance 'ND18[5]'.
I: Adm-6003: Trying to disconnect un-connected pin 'Z[0]' of instance 'ND18[6]'.
I: Adm-6003: Trying to disconnect un-connected pin 'Z[0]' of instance 'ND18[7]'.
I: Adm-6003: Trying to disconnect un-connected pin 'Z[0]' of instance 'ND19[0]'.
I: Adm-6003: Trying to disconnect un-connected pin 'Z[0]' of instance 'ND19[1]'.
I: Adm-6003: Trying to disconnect un-connected pin 'Z[0]' of instance 'ND19[2]'.
I: Adm-6003: Trying to disconnect un-connected pin 'Z[0]' of instance 'ND19[3]'.
I: Adm-6003: Trying to disconnect un-connected pin 'Z[0]' of instance 'ND19[4]'.
I: Adm-6003: Trying to disconnect un-connected pin 'Z[0]' of instance 'ND19[5]'.
I: Adm-6003: Trying to disconnect un-connected pin 'Z[0]' of instance 'ND19[6]'.
I: Adm-6003: Trying to disconnect un-connected pin 'Z[0]' of instance 'ND19[7]'.
I: Adm-6003: Trying to disconnect un-connected pin 'Z[0]' of instance 'ND20[0]'.
I: Adm-6003: Trying to disconnect un-connected pin 'Z[0]' of instance 'ND20[1]'.
I: Adm-6003: Trying to disconnect un-connected pin 'Z[0]' of instance 'ND20[2]'.
I: Adm-6003: Trying to disconnect un-connected pin 'Z[0]' of instance 'ND20[3]'.
I: Adm-6003: Trying to disconnect un-connected pin 'Z[0]' of instance 'ND20[4]'.
I: Adm-6003: Trying to disconnect un-connected pin 'Z[0]' of instance 'ND20[5]'.
I: Adm-6003: Trying to disconnect un-connected pin 'Z[0]' of instance 'ND20[6]'.
I: Adm-6003: Trying to disconnect un-connected pin 'Z[0]' of instance 'ND20[7]'.
I: Adm-6003: Trying to disconnect un-connected pin 'Z[0]' of instance 'ND21[0]'.
I: Adm-6003: Trying to disconnect un-connected pin 'Z[0]' of instance 'ND21[1]'.
I: Adm-6003: Trying to disconnect un-connected pin 'Z[0]' of instance 'ND21[2]'.
I: Adm-6003: Trying to disconnect un-connected pin 'Z[0]' of instance 'ND21[3]'.
I: Adm-6003: Trying to disconnect un-connected pin 'Z[0]' of instance 'ND21[4]'.
I: Adm-6003: Trying to disconnect un-connected pin 'Z[0]' of instance 'ND21[5]'.
I: Adm-6003: Trying to disconnect un-connected pin 'Z[0]' of instance 'ND21[6]'.
I: Adm-6003: Trying to disconnect un-connected pin 'Z[0]' of instance 'ND21[7]'.
I: Adm-6003: Trying to disconnect un-connected pin 'Z[0]' of instance 'ND21[8]'.
I: Adm-6003: Trying to disconnect un-connected pin 'Z[0]' of instance 'ND21[9]'.
I: Adm-6003: Trying to disconnect un-connected pin 'Z[0]' of instance 'ND21[10]'.
I: Adm-6003: Trying to disconnect un-connected pin 'Z[0]' of instance 'ND21[11]'.
I: Adm-6003: Trying to disconnect un-connected pin 'Z[0]' of instance 'ND21[12]'.
I: Adm-6003: Trying to disconnect un-connected pin 'Z[0]' of instance 'ND21[13]'.
I: Adm-6003: Trying to disconnect un-connected pin 'Z[0]' of instance 'ND21[14]'.
I: Adm-6003: Trying to disconnect un-connected pin 'Z[0]' of instance 'ND21[15]'.
I: Adm-6003: Trying to disconnect un-connected pin 'Z[0]' of instance 'ND23[0]'.
I: Adm-6003: Trying to disconnect un-connected pin 'Z[0]' of instance 'ND23[1]'.
I: Adm-6003: Trying to disconnect un-connected pin 'Z[0]' of instance 'ND23[2]'.
I: Adm-6003: Trying to disconnect un-connected pin 'Z[0]' of instance 'ND23[3]'.
I: Adm-6003: Trying to disconnect un-connected pin 'Z[0]' of instance 'ND23[4]'.
I: Adm-6003: Trying to disconnect un-connected pin 'Z[0]' of instance 'ND23[5]'.
I: Adm-6003: Trying to disconnect un-connected pin 'Z[0]' of instance 'ND23[6]'.
I: Adm-6003: Trying to disconnect un-connected pin 'Z[0]' of instance 'ND23[7]'.
I: Adm-6003: Trying to disconnect un-connected pin 'Z[0]' of instance 'ND27[0]'.
I: Adm-6003: Trying to disconnect un-connected pin 'Z[0]' of instance 'ND27[1]'.
I: Adm-6003: Trying to disconnect un-connected pin 'Z[0]' of instance 'ND27[2]'.
I: Adm-6003: Trying to disconnect un-connected pin 'Z[0]' of instance 'ND27[3]'.
I: Adm-6003: Trying to disconnect un-connected pin 'Z[0]' of instance 'ND27[4]'.
I: Adm-6003: Trying to disconnect un-connected pin 'Z[0]' of instance 'ND27[5]'.
I: Adm-6003: Trying to disconnect un-connected pin 'Z[0]' of instance 'ND27[6]'.
I: Adm-6003: Trying to disconnect un-connected pin 'Z[0]' of instance 'ND27[7]'.
I: Adm-6003: Trying to disconnect un-connected pin 'Z[0]' of instance 'ND27[8]'.
I: Adm-6003: Trying to disconnect un-connected pin 'Z[0]' of instance 'ND27[9]'.
I: Adm-6003: Trying to disconnect un-connected pin 'Z[0]' of instance 'ND27[10]'.
I: Adm-6003: Trying to disconnect un-connected pin 'Z[0]' of instance 'ND27[11]'.
I: Adm-6003: Trying to disconnect un-connected pin 'Z[0]' of instance 'ND27[12]'.
I: Adm-6003: Trying to disconnect un-connected pin 'Z[0]' of instance 'ND27[13]'.
I: Adm-6003: Trying to disconnect un-connected pin 'Z[0]' of instance 'ND27[14]'.
I: Adm-6003: Trying to disconnect un-connected pin 'Z[0]' of instance 'ND27[15]'.
I: Adm-6003: Trying to disconnect un-connected pin 'Z[0]' of instance 'ND29[0]'.
I: Adm-6003: Trying to disconnect un-connected pin 'Z[0]' of instance 'ND29[1]'.
I: Adm-6003: Trying to disconnect un-connected pin 'Z[0]' of instance 'ND29[2]'.
I: Adm-6003: Trying to disconnect un-connected pin 'Z[0]' of instance 'ND29[3]'.
I: Adm-6003: Trying to disconnect un-connected pin 'Z[0]' of instance 'ND29[4]'.
I: Adm-6003: Trying to disconnect un-connected pin 'Z[0]' of instance 'ND29[5]'.
I: Adm-6003: Trying to disconnect un-connected pin 'Z[0]' of instance 'ND29[6]'.
I: Adm-6003: Trying to disconnect un-connected pin 'Z[0]' of instance 'ND29[7]'.
I: Adm-6003: Trying to disconnect un-connected pin 'Z[0]' of instance 'ND34[0]'.
I: Adm-6003: Trying to disconnect un-connected pin 'Z[0]' of instance 'ND34[1]'.
I: Adm-6003: Trying to disconnect un-connected pin 'Z[0]' of instance 'ND34[2]'.
I: Adm-6003: Trying to disconnect un-connected pin 'Z[0]' of instance 'ND34[3]'.
I: Adm-6003: Trying to disconnect un-connected pin 'Z[0]' of instance 'ND34[4]'.
I: Adm-6003: Trying to disconnect un-connected pin 'Z[0]' of instance 'ND34[5]'.
I: Adm-6003: Trying to disconnect un-connected pin 'Z[0]' of instance 'ND34[6]'.
I: Adm-6003: Trying to disconnect un-connected pin 'Z[0]' of instance 'ND34[7]'.
I: Adm-6003: Trying to disconnect un-connected pin 'Z[0]' of instance 'ND35[0]'.
I: Adm-6003: Trying to disconnect un-connected pin 'Z[0]' of instance 'ND35[1]'.
I: Adm-6003: Trying to disconnect un-connected pin 'Z[0]' of instance 'ND35[2]'.
I: Adm-6003: Trying to disconnect un-connected pin 'Z[0]' of instance 'ND35[3]'.
I: Adm-6003: Trying to disconnect un-connected pin 'Z[0]' of instance 'ND35[4]'.
I: Adm-6003: Trying to disconnect un-connected pin 'Z[0]' of instance 'ND35[5]'.
I: Adm-6003: Trying to disconnect un-connected pin 'Z[0]' of instance 'ND35[6]'.
I: Adm-6003: Trying to disconnect un-connected pin 'Z[0]' of instance 'ND35[7]'.
I: Adm-6003: Trying to disconnect un-connected pin 'Z[0]' of instance 'ND36[0]'.
I: Adm-6003: Trying to disconnect un-connected pin 'Z[0]' of instance 'ND36[1]'.
I: Adm-6003: Trying to disconnect un-connected pin 'Z[0]' of instance 'ND36[2]'.
I: Adm-6003: Trying to disconnect un-connected pin 'Z[0]' of instance 'ND36[3]'.
I: Adm-6003: Trying to disconnect un-connected pin 'Z[0]' of instance 'ND36[4]'.
I: Adm-6003: Trying to disconnect un-connected pin 'Z[0]' of instance 'ND36[5]'.
I: Adm-6003: Trying to disconnect un-connected pin 'Z[0]' of instance 'ND36[6]'.
I: Adm-6003: Trying to disconnect un-connected pin 'Z[0]' of instance 'ND36[7]'.
I: Adm-6003: Trying to disconnect un-connected pin 'Z[0]' of instance 'ND39[0]'.
I: Adm-6003: Trying to disconnect un-connected pin 'Z[0]' of instance 'ND39[1]'.
I: Adm-6003: Trying to disconnect un-connected pin 'Z[0]' of instance 'ND39[2]'.
I: Adm-6003: Trying to disconnect un-connected pin 'Z[0]' of instance 'ND39[3]'.
I: Adm-6003: Trying to disconnect un-connected pin 'Z[0]' of instance 'ND39[4]'.
I: Adm-6003: Trying to disconnect un-connected pin 'Z[0]' of instance 'ND39[5]'.
I: Adm-6003: Trying to disconnect un-connected pin 'Z[0]' of instance 'ND39[6]'.
I: Adm-6003: Trying to disconnect un-connected pin 'Z[0]' of instance 'ND39[7]'.
I: Adm-6003: Trying to disconnect un-connected pin 'Z[0]' of instance 'ND39[8]'.
I: Adm-6003: Trying to disconnect un-connected pin 'Z[0]' of instance 'ND39[9]'.
I: Adm-6003: Trying to disconnect un-connected pin 'Z[0]' of instance 'ND39[10]'.
I: Adm-6003: Trying to disconnect un-connected pin 'Z[0]' of instance 'ND39[11]'.
I: Adm-6003: Trying to disconnect un-connected pin 'Z[0]' of instance 'ND39[12]'.
I: Adm-6003: Trying to disconnect un-connected pin 'Z[0]' of instance 'ND40[0]'.
I: Adm-6003: Trying to disconnect un-connected pin 'Z[0]' of instance 'ND40[1]'.
I: Adm-6003: Trying to disconnect un-connected pin 'Z[0]' of instance 'ND40[2]'.
I: Adm-6003: Trying to disconnect un-connected pin 'Z[0]' of instance 'ND40[3]'.
I: Adm-6003: Trying to disconnect un-connected pin 'Z[0]' of instance 'ND40[4]'.
I: Adm-6003: Trying to disconnect un-connected pin 'Z[0]' of instance 'ND40[5]'.
I: Adm-6003: Trying to disconnect un-connected pin 'Z[0]' of instance 'ND40[6]'.
I: Adm-6003: Trying to disconnect un-connected pin 'Z[0]' of instance 'ND40[7]'.
I: Adm-6003: Trying to disconnect un-connected pin 'Z[0]' of instance 'ND40[8]'.
I: Adm-6003: Trying to disconnect un-connected pin 'Z[0]' of instance 'ND40[9]'.
I: Adm-6003: Trying to disconnect un-connected pin 'Z[0]' of instance 'ND40[10]'.
I: Adm-6003: Trying to disconnect un-connected pin 'Z[0]' of instance 'ND40[11]'.
I: Adm-6003: Trying to disconnect un-connected pin 'Z[0]' of instance 'ND40[12]'.
I: Adm-6003: Trying to disconnect un-connected pin 'Z[0]' of instance 'ND41[0]'.
I: Adm-6003: Trying to disconnect un-connected pin 'Z[0]' of instance 'ND41[1]'.
I: Adm-6003: Trying to disconnect un-connected pin 'Z[0]' of instance 'ND41[2]'.
I: Adm-6003: Trying to disconnect un-connected pin 'Z[0]' of instance 'ND41[3]'.
I: Adm-6003: Trying to disconnect un-connected pin 'Z[0]' of instance 'ND41[4]'.
I: Adm-6003: Trying to disconnect un-connected pin 'Z[0]' of instance 'ND41[5]'.
I: Adm-6003: Trying to disconnect un-connected pin 'Z[0]' of instance 'ND41[6]'.
I: Adm-6003: Trying to disconnect un-connected pin 'Z[0]' of instance 'ND41[7]'.
I: Adm-6003: Trying to disconnect un-connected pin 'Z[0]' of instance 'ND41[8]'.
I: Adm-6003: Trying to disconnect un-connected pin 'Z[0]' of instance 'ND41[9]'.
I: Adm-6003: Trying to disconnect un-connected pin 'Z[0]' of instance 'ND41[10]'.
I: Adm-6003: Trying to disconnect un-connected pin 'Z[0]' of instance 'ND41[11]'.
I: Adm-6003: Trying to disconnect un-connected pin 'Z[0]' of instance 'ND41[12]'.
I: Adm-6003: Trying to disconnect un-connected pin 'Z[0]' of instance 'ND42[0]'.
I: Adm-6003: Trying to disconnect un-connected pin 'Z[0]' of instance 'ND42[1]'.
I: Adm-6003: Trying to disconnect un-connected pin 'Z[0]' of instance 'ND42[2]'.
I: Adm-6003: Trying to disconnect un-connected pin 'Z[0]' of instance 'ND42[3]'.
I: Adm-6003: Trying to disconnect un-connected pin 'Z[0]' of instance 'ND42[4]'.
I: Adm-6003: Trying to disconnect un-connected pin 'Z[0]' of instance 'ND42[5]'.
I: Adm-6003: Trying to disconnect un-connected pin 'Z[0]' of instance 'ND42[6]'.
I: Adm-6003: Trying to disconnect un-connected pin 'Z[0]' of instance 'ND42[7]'.
I: Adm-6003: Trying to disconnect un-connected pin 'Z[0]' of instance 'ND42[8]'.
I: Adm-6003: Trying to disconnect un-connected pin 'Z[0]' of instance 'ND42[9]'.
I: Adm-6003: Trying to disconnect un-connected pin 'Z[0]' of instance 'ND42[10]'.
I: Adm-6003: Trying to disconnect un-connected pin 'Z[0]' of instance 'ND42[11]'.
I: Adm-6003: Trying to disconnect un-connected pin 'Z[0]' of instance 'ND42[12]'.
I: Adm-6003: Trying to disconnect un-connected pin 'Z[0]' of instance 'ND45[0]'.
I: Adm-6003: Trying to disconnect un-connected pin 'Z[0]' of instance 'ND45[1]'.
I: Adm-6003: Trying to disconnect un-connected pin 'Z[0]' of instance 'ND45[2]'.
I: Adm-6003: Trying to disconnect un-connected pin 'Z[0]' of instance 'ND45[3]'.
I: Adm-6003: Trying to disconnect un-connected pin 'Z[0]' of instance 'ND45[4]'.
I: Adm-6003: Trying to disconnect un-connected pin 'Z[0]' of instance 'ND1[127]'.
I: Adm-6003: Trying to disconnect un-connected pin 'Z[0]' of instance 'ND1[126]'.
I: Adm-6003: Trying to disconnect un-connected pin 'Z[0]' of instance 'ND1[125]'.
I: Adm-6003: Trying to disconnect un-connected pin 'Z[0]' of instance 'ND1[124]'.
I: Adm-6003: Trying to disconnect un-connected pin 'Z[0]' of instance 'ND2[0]'.
I: Adm-6003: Trying to disconnect un-connected pin 'Z[0]' of instance 'ND2[6]'.
I: Adm-6003: Trying to disconnect un-connected pin 'Z[0]' of instance 'ND2[5]'.
I: Adm-6003: Trying to disconnect un-connected pin 'Z[0]' of instance 'ND15[19]'.
I: Adm-6003: Trying to disconnect un-connected pin 'Z[0]' of instance 'ND15[18]'.
I: Adm-6003: Trying to disconnect un-connected pin 'Z[0]' of instance 'ND15[17]'.
I: Adm-6003: Trying to disconnect un-connected pin 'Z[0]' of instance 'ND15[16]'.
I: Adm-6003: Trying to disconnect un-connected pin 'Z[0]' of instance 'ND15[15]'.
I: Adm-6003: Trying to disconnect un-connected pin 'Z[0]' of instance 'ND15[14]'.
I: Adm-6003: Trying to disconnect un-connected pin 'Z[0]' of instance 'ND15[13]'.
I: Adm-6003: Trying to disconnect un-connected pin 'Z[0]' of instance 'ND15[12]'.
I: Adm-6003: Trying to disconnect un-connected pin 'Z[0]' of instance 'ND15[11]'.
I: Adm-6003: Trying to disconnect un-connected pin 'Z[0]' of instance 'ND15[10]'.
I: Adm-6003: Trying to disconnect un-connected pin 'Z[0]' of instance 'ND15[9]'.
I: Adm-6003: Trying to disconnect un-connected pin 'Z[0]' of instance 'ND16[9]'.
I: Adm-6003: Trying to disconnect un-connected pin 'Z[0]' of instance 'ND16[10]'.
I: Adm-6003: Trying to disconnect un-connected pin 'Z[0]' of instance 'ND16[11]'.
I: Adm-6003: Trying to disconnect un-connected pin 'Z[0]' of instance 'ND15[29]'.
I: Adm-6003: Trying to disconnect un-connected pin 'Z[0]' of instance 'ND15[7]'.
I: Adm-6003: Trying to disconnect un-connected pin 'Z[0]' of instance 'ND15[5]'.
I: Adm-6003: Trying to disconnect un-connected pin 'Z[0]' of instance 'ND16[18]'.
I: Adm-6003: Trying to disconnect un-connected pin 'Z[0]' of instance 'ND16[17]'.
I: Adm-6003: Trying to disconnect un-connected pin 'Z[0]' of instance 'ND16[16]'.
I: Adm-6003: Trying to disconnect un-connected pin 'Z[0]' of instance 'ND16[15]'.
I: Adm-6003: Trying to disconnect un-connected pin 'Z[0]' of instance 'ND15[8]'.
I: Adm-6003: Trying to disconnect un-connected pin 'Z[0]' of instance 'ND16[14]'.
I: Adm-6003: Trying to disconnect un-connected pin 'Z[0]' of instance 'ND15[28]'.
I: Adm-6003: Trying to disconnect un-connected pin 'Z[0]' of instance 'ND16[8]'.
I: Adm-6003: Trying to disconnect un-connected pin 'Z[0]' of instance 'ND3[4]'.
I: Adm-6003: Trying to disconnect un-connected pin 'Z[0]' of instance 'ND3[3]'.
I: Adm-6003: Trying to disconnect un-connected pin 'Z[0]' of instance 'ND3[2]'.
I: Adm-6003: Trying to disconnect un-connected pin 'Z[0]' of instance 'ND3[1]'.
I: Adm-6003: Trying to disconnect un-connected pin 'Z[0]' of instance 'ND3[0]'.
I: Adm-6003: Trying to disconnect un-connected pin 'Z[0]' of instance 'ND2[15]'.
I: Adm-6003: Trying to disconnect un-connected pin 'Z[0]' of instance 'ND2[14]'.
I: Adm-6003: Trying to disconnect un-connected pin 'Z[0]' of instance 'ND2[13]'.
I: Adm-6003: Trying to disconnect un-connected pin 'Z[0]' of instance 'ND2[12]'.
I: Adm-6003: Trying to disconnect un-connected pin 'Z[0]' of instance 'ND2[11]'.
I: Adm-6003: Trying to disconnect un-connected pin 'Z[0]' of instance 'ND2[10]'.
I: Adm-6003: Trying to disconnect un-connected pin 'Z[0]' of instance 'ND2[9]'.
I: Adm-6003: Trying to disconnect un-connected pin 'Z[0]' of instance 'ND2[8]'.
I: Adm-6003: Trying to disconnect un-connected pin 'Z[0]' of instance 'ND2[7]'.
I: Adm-6003: Trying to disconnect un-connected pin 'Z[0]' of instance 'ND2[6]'.
I: Adm-6003: Trying to disconnect un-connected pin 'Z[0]' of instance 'ND2[5]'.
I: Adm-6003: Trying to disconnect un-connected pin 'Z[0]' of instance 'ND2[4]'.
I: Adm-6003: Trying to disconnect un-connected pin 'Z[0]' of instance 'ND2[3]'.
I: Adm-6003: Trying to disconnect un-connected pin 'Z[0]' of instance 'ND2[2]'.
I: Adm-6003: Trying to disconnect un-connected pin 'Z[0]' of instance 'ND2[1]'.
I: Adm-6003: Trying to disconnect un-connected pin 'Z[0]' of instance 'ND2[0]'.
I: Adm-6003: Trying to disconnect un-connected pin 'Z[0]' of instance 'ND3[5]'.
I: Adm-6003: Trying to disconnect un-connected pin 'Z[0]' of instance 'ND7'.
I: Adm-6003: Trying to disconnect un-connected pin 'Z[0]' of instance 'ND6'.
I: Adm-6003: Trying to disconnect un-connected pin 'Z[0]' of instance 'ND5'.
I: Adm-6003: Trying to disconnect un-connected pin 'Z[0]' of instance 'ND4'.
I: Adm-6003: Trying to disconnect un-connected pin 'Z[0]' of instance 'ND3[7]'.
I: Adm-6003: Trying to disconnect un-connected pin 'Z[0]' of instance 'ND14[0]'.
I: Adm-6003: Trying to disconnect un-connected pin 'Z[0]' of instance 'ND15[31]'.
I: Adm-6003: Trying to disconnect un-connected pin 'Z[0]' of instance 'ND13[8]'.
I: Adm-6003: Trying to disconnect un-connected pin 'Z[0]' of instance 'ND14[5]'.
I: Adm-6003: Trying to disconnect un-connected pin 'Z[0]' of instance 'ND13[3]'.
I: Adm-6003: Trying to disconnect un-connected pin 'Z[0]' of instance 'ND13[2]'.
I: Adm-6003: Trying to disconnect un-connected pin 'Z[0]' of instance 'ND13[1]'.
I: Adm-6003: Trying to disconnect un-connected pin 'Z[0]' of instance 'ND13[0]'.
I: Adm-6003: Trying to disconnect un-connected pin 'Z[0]' of instance 'ND12[6]'.
I: Adm-6003: Trying to disconnect un-connected pin 'Z[0]' of instance 'ND12[5]'.
I: Adm-6003: Trying to disconnect un-connected pin 'Z[0]' of instance 'ND12[4]'.
I: Adm-6003: Trying to disconnect un-connected pin 'Z[0]' of instance 'ND12[3]'.
I: Adm-6003: Trying to disconnect un-connected pin 'Z[0]' of instance 'ND12[2]'.
I: Adm-6003: Trying to disconnect un-connected pin 'Z[0]' of instance 'ND12[1]'.
I: Adm-6003: Trying to disconnect un-connected pin 'Z[0]' of instance 'ND12[0]'.
I: Adm-6003: Trying to disconnect un-connected pin 'Z[0]' of instance 'ND16[26]'.
I: Adm-6003: Trying to disconnect un-connected pin 'Z[0]' of instance 'ND16[25]'.
I: Adm-6003: Trying to disconnect un-connected pin 'Z[0]' of instance 'ND16[24]'.
I: Adm-6003: Trying to disconnect un-connected pin 'Z[0]' of instance 'ND16[23]'.
I: Adm-6003: Trying to disconnect un-connected pin 'Z[0]' of instance 'ND16[22]'.
I: Adm-6003: Trying to disconnect un-connected pin 'Z[0]' of instance 'ND16[21]'.
I: Adm-6003: Trying to disconnect un-connected pin 'Z[0]' of instance 'ND16[20]'.
I: Adm-6003: Trying to disconnect un-connected pin 'Z[0]' of instance 'ND15[30]'.
I: Adm-6003: Trying to disconnect un-connected pin 'Z[0]' of instance 'ND14[7]'.
I: Adm-6003: Trying to disconnect un-connected pin 'Z[0]' of instance 'ND13[7]'.
I: Adm-6003: Trying to disconnect un-connected pin 'Z[0]' of instance 'ND15[27]'.
I: Adm-6003: Trying to disconnect un-connected pin 'Z[0]' of instance 'ND15[6]'.
I: Adm-6003: Trying to disconnect un-connected pin 'Z[0]' of instance 'ND16[27]'.
I: Adm-6003: Trying to disconnect un-connected pin 'Z[0]' of instance 'ND17'.
I: Adm-6003: Trying to disconnect un-connected pin 'Z[0]' of instance 'ND16[29]'.
I: Adm-6003: Trying to disconnect un-connected pin 'Z[0]' of instance 'ND16[28]'.
I: Adm-6003: Trying to disconnect un-connected pin 'Z[0]' of instance 'ND16[13]'.
I: Adm-6003: Trying to disconnect un-connected pin 'Z[0]' of instance 'ND16[30]'.
I: Adm-6003: Trying to disconnect un-connected pin 'Z[0]' of instance 'ND16[31]'.
I: Adm-6003: Trying to disconnect un-connected pin 'Z[0]' of instance 'ND16[19]'.
I: Adm-6003: Trying to disconnect un-connected pin 'Z[0]' of instance 'ND14[8]'.
I: Adm-6003: Trying to disconnect un-connected pin 'Z[0]' of instance 'ND13[4]'.
I: Adm-6003: Trying to disconnect un-connected pin 'Z[0]' of instance 'ND13[5]'.
I: Adm-6003: Trying to disconnect un-connected pin 'Z[0]' of instance 'ND13[6]'.
I: Adm-6003: Trying to disconnect un-connected pin 'Z[0]' of instance 'ND16[12]'.
I: Adm-6003: Trying to disconnect un-connected pin 'Z[0]' of instance 'ND16[4]'.
I: Adm-6003: Trying to disconnect un-connected pin 'Z[0]' of instance 'ND14[6]'.
I: Adm-6003: Trying to disconnect un-connected pin 'Z[0]' of instance 'ND14[4]'.
I: Adm-6003: Trying to disconnect un-connected pin 'Z[0]' of instance 'ND14[3]'.
I: Adm-6003: Trying to disconnect un-connected pin 'Z[0]' of instance 'ND14[2]'.
I: Adm-6003: Trying to disconnect un-connected pin 'Z[0]' of instance 'ND14[1]'.
I: Adm-6003: Trying to disconnect un-connected pin 'Z[0]' of instance 'ND16[7]'.
I: Adm-6003: Trying to disconnect un-connected pin 'Z[0]' of instance 'ND15[26]'.
I: Adm-6003: Trying to disconnect un-connected pin 'Z[0]' of instance 'ND15[25]'.
I: Adm-6003: Trying to disconnect un-connected pin 'Z[0]' of instance 'ND15[24]'.
I: Adm-6003: Trying to disconnect un-connected pin 'Z[0]' of instance 'ND15[23]'.
I: Adm-6003: Trying to disconnect un-connected pin 'Z[0]' of instance 'ND15[22]'.
I: Adm-6003: Trying to disconnect un-connected pin 'Z[0]' of instance 'ND15[21]'.
I: Adm-6003: Trying to disconnect un-connected pin 'Z[0]' of instance 'ND15[20]'.
I: Adm-6003: Trying to disconnect un-connected pin 'Z[0]' of instance 'ND16[0]'.
I: Adm-6003: Trying to disconnect un-connected pin 'Z[0]' of instance 'ND16[3]'.
I: Adm-6003: Trying to disconnect un-connected pin 'Z[0]' of instance 'ND16[2]'.
I: Adm-6003: Trying to disconnect un-connected pin 'Z[0]' of instance 'ND16[5]'.
I: Adm-6003: Trying to disconnect un-connected pin 'Z[0]' of instance 'ND16[6]'.
I: Adm-6003: Trying to disconnect un-connected pin 'Z[0]' of instance 'ND1[120]'.
I: Adm-6003: Trying to disconnect un-connected pin 'Z[0]' of instance 'ND1[119]'.
I: Adm-6003: Trying to disconnect un-connected pin 'Z[0]' of instance 'ND1[118]'.
I: Adm-6003: Trying to disconnect un-connected pin 'Z[0]' of instance 'ND1[117]'.
I: Adm-6003: Trying to disconnect un-connected pin 'Z[0]' of instance 'ND1[116]'.
I: Adm-6003: Trying to disconnect un-connected pin 'Z[0]' of instance 'ND1[115]'.
I: Adm-6003: Trying to disconnect un-connected pin 'Z[0]' of instance 'ND1[114]'.
I: Adm-6003: Trying to disconnect un-connected pin 'Z[0]' of instance 'ND1[113]'.
I: Adm-6003: Trying to disconnect un-connected pin 'Z[0]' of instance 'ND1[112]'.
I: Adm-6003: Trying to disconnect un-connected pin 'Z[0]' of instance 'ND1[111]'.
I: Adm-6003: Trying to disconnect un-connected pin 'Z[0]' of instance 'ND1[110]'.
I: Adm-6003: Trying to disconnect un-connected pin 'Z[0]' of instance 'ND1[109]'.
I: Adm-6003: Trying to disconnect un-connected pin 'Z[0]' of instance 'ND1[108]'.
I: Adm-6003: Trying to disconnect un-connected pin 'Z[0]' of instance 'ND1[107]'.
I: Adm-6003: Trying to disconnect un-connected pin 'Z[0]' of instance 'ND1[106]'.
I: Adm-6003: Trying to disconnect un-connected pin 'Z[0]' of instance 'ND1[105]'.
I: Adm-6003: Trying to disconnect un-connected pin 'Z[0]' of instance 'ND1[104]'.
I: Adm-6003: Trying to disconnect un-connected pin 'Z[0]' of instance 'ND1[103]'.
I: Adm-6003: Trying to disconnect un-connected pin 'Z[0]' of instance 'ND1[102]'.
I: Adm-6003: Trying to disconnect un-connected pin 'Z[0]' of instance 'ND1[101]'.
I: Adm-6003: Trying to disconnect un-connected pin 'Z[0]' of instance 'ND1[100]'.
I: Adm-6003: Trying to disconnect un-connected pin 'Z[0]' of instance 'ND1[99]'.
I: Adm-6003: Trying to disconnect un-connected pin 'Z[0]' of instance 'ND1[98]'.
I: Adm-6003: Trying to disconnect un-connected pin 'Z[0]' of instance 'ND1[97]'.
I: Adm-6003: Trying to disconnect un-connected pin 'Z[0]' of instance 'ND1[96]'.
I: Adm-6003: Trying to disconnect un-connected pin 'Z[0]' of instance 'ND1[95]'.
I: Adm-6003: Trying to disconnect un-connected pin 'Z[0]' of instance 'ND1[94]'.
I: Adm-6003: Trying to disconnect un-connected pin 'Z[0]' of instance 'ND1[93]'.
I: Adm-6003: Trying to disconnect un-connected pin 'Z[0]' of instance 'ND1[92]'.
I: Adm-6003: Trying to disconnect un-connected pin 'Z[0]' of instance 'ND1[91]'.
I: Adm-6003: Trying to disconnect un-connected pin 'Z[0]' of instance 'ND1[90]'.
I: Adm-6003: Trying to disconnect un-connected pin 'Z[0]' of instance 'ND1[89]'.
I: Adm-6003: Trying to disconnect un-connected pin 'Z[0]' of instance 'ND1[88]'.
I: Adm-6003: Trying to disconnect un-connected pin 'Z[0]' of instance 'ND1[87]'.
I: Adm-6003: Trying to disconnect un-connected pin 'Z[0]' of instance 'ND1[86]'.
I: Adm-6003: Trying to disconnect un-connected pin 'Z[0]' of instance 'ND1[85]'.
I: Adm-6003: Trying to disconnect un-connected pin 'Z[0]' of instance 'ND1[84]'.
I: Adm-6003: Trying to disconnect un-connected pin 'Z[0]' of instance 'ND1[83]'.
I: Adm-6003: Trying to disconnect un-connected pin 'Z[0]' of instance 'ND1[82]'.
I: Adm-6003: Trying to disconnect un-connected pin 'Z[0]' of instance 'ND1[81]'.
I: Adm-6003: Trying to disconnect un-connected pin 'Z[0]' of instance 'ND1[80]'.
I: Adm-6003: Trying to disconnect un-connected pin 'Z[0]' of instance 'ND1[79]'.
I: Adm-6003: Trying to disconnect un-connected pin 'Z[0]' of instance 'ND1[78]'.
I: Adm-6003: Trying to disconnect un-connected pin 'Z[0]' of instance 'ND1[77]'.
I: Adm-6003: Trying to disconnect un-connected pin 'Z[0]' of instance 'ND1[76]'.
I: Adm-6003: Trying to disconnect un-connected pin 'Z[0]' of instance 'ND1[75]'.
I: Adm-6003: Trying to disconnect un-connected pin 'Z[0]' of instance 'ND1[74]'.
I: Adm-6003: Trying to disconnect un-connected pin 'Z[0]' of instance 'ND1[73]'.
I: Adm-6003: Trying to disconnect un-connected pin 'Z[0]' of instance 'ND1[72]'.
I: Adm-6003: Trying to disconnect un-connected pin 'Z[0]' of instance 'ND1[71]'.
I: Adm-6003: Trying to disconnect un-connected pin 'Z[0]' of instance 'ND1[70]'.
I: Adm-6003: Trying to disconnect un-connected pin 'Z[0]' of instance 'ND1[69]'.
I: Adm-6003: Trying to disconnect un-connected pin 'Z[0]' of instance 'ND1[68]'.
I: Adm-6003: Trying to disconnect un-connected pin 'Z[0]' of instance 'ND1[67]'.
I: Adm-6003: Trying to disconnect un-connected pin 'Z[0]' of instance 'ND1[66]'.
I: Adm-6003: Trying to disconnect un-connected pin 'Z[0]' of instance 'ND1[65]'.
I: Adm-6003: Trying to disconnect un-connected pin 'Z[0]' of instance 'ND1[64]'.
I: Adm-6003: Trying to disconnect un-connected pin 'Z[0]' of instance 'ND1[63]'.
I: Adm-6003: Trying to disconnect un-connected pin 'Z[0]' of instance 'ND1[62]'.
I: Adm-6003: Trying to disconnect un-connected pin 'Z[0]' of instance 'ND1[61]'.
I: Adm-6003: Trying to disconnect un-connected pin 'Z[0]' of instance 'ND1[60]'.
I: Adm-6003: Trying to disconnect un-connected pin 'Z[0]' of instance 'ND1[59]'.
I: Adm-6003: Trying to disconnect un-connected pin 'Z[0]' of instance 'ND1[58]'.
I: Adm-6003: Trying to disconnect un-connected pin 'Z[0]' of instance 'ND1[57]'.
I: Adm-6003: Trying to disconnect un-connected pin 'Z[0]' of instance 'ND1[56]'.
I: Adm-6003: Trying to disconnect un-connected pin 'Z[0]' of instance 'ND1[55]'.
I: Adm-6003: Trying to disconnect un-connected pin 'Z[0]' of instance 'ND1[54]'.
I: Adm-6003: Trying to disconnect un-connected pin 'Z[0]' of instance 'ND1[53]'.
I: Adm-6003: Trying to disconnect un-connected pin 'Z[0]' of instance 'ND1[52]'.
I: Adm-6003: Trying to disconnect un-connected pin 'Z[0]' of instance 'ND1[51]'.
I: Adm-6003: Trying to disconnect un-connected pin 'Z[0]' of instance 'ND1[50]'.
I: Adm-6003: Trying to disconnect un-connected pin 'Z[0]' of instance 'ND1[49]'.
I: Adm-6003: Trying to disconnect un-connected pin 'Z[0]' of instance 'ND1[48]'.
I: Adm-6003: Trying to disconnect un-connected pin 'Z[0]' of instance 'ND1[47]'.
I: Adm-6003: Trying to disconnect un-connected pin 'Z[0]' of instance 'ND1[46]'.
I: Adm-6003: Trying to disconnect un-connected pin 'Z[0]' of instance 'ND1[45]'.
I: Adm-6003: Trying to disconnect un-connected pin 'Z[0]' of instance 'ND1[44]'.
I: Adm-6003: Trying to disconnect un-connected pin 'Z[0]' of instance 'ND1[43]'.
I: Adm-6003: Trying to disconnect un-connected pin 'Z[0]' of instance 'ND1[42]'.
I: Adm-6003: Trying to disconnect un-connected pin 'Z[0]' of instance 'ND1[41]'.
I: Adm-6003: Trying to disconnect un-connected pin 'Z[0]' of instance 'ND1[40]'.
I: Adm-6003: Trying to disconnect un-connected pin 'Z[0]' of instance 'ND1[39]'.
I: Adm-6003: Trying to disconnect un-connected pin 'Z[0]' of instance 'ND1[38]'.
I: Adm-6003: Trying to disconnect un-connected pin 'Z[0]' of instance 'ND1[37]'.
I: Adm-6003: Trying to disconnect un-connected pin 'Z[0]' of instance 'ND1[36]'.
I: Adm-6003: Trying to disconnect un-connected pin 'Z[0]' of instance 'ND1[35]'.
I: Adm-6003: Trying to disconnect un-connected pin 'Z[0]' of instance 'ND1[34]'.
I: Adm-6003: Trying to disconnect un-connected pin 'Z[0]' of instance 'ND1[33]'.
I: Adm-6003: Trying to disconnect un-connected pin 'Z[0]' of instance 'ND1[32]'.
I: Adm-6003: Trying to disconnect un-connected pin 'Z[0]' of instance 'ND1[31]'.
I: Adm-6003: Trying to disconnect un-connected pin 'Z[0]' of instance 'ND1[30]'.
I: Adm-6003: Trying to disconnect un-connected pin 'Z[0]' of instance 'ND1[29]'.
I: Adm-6003: Trying to disconnect un-connected pin 'Z[0]' of instance 'ND1[28]'.
I: Adm-6003: Trying to disconnect un-connected pin 'Z[0]' of instance 'ND1[27]'.
I: Adm-6003: Trying to disconnect un-connected pin 'Z[0]' of instance 'ND1[26]'.
I: Adm-6003: Trying to disconnect un-connected pin 'Z[0]' of instance 'ND1[25]'.
I: Adm-6003: Trying to disconnect un-connected pin 'Z[0]' of instance 'ND1[24]'.
I: Adm-6003: Trying to disconnect un-connected pin 'Z[0]' of instance 'ND1[23]'.
I: Adm-6003: Trying to disconnect un-connected pin 'Z[0]' of instance 'ND1[22]'.
I: Adm-6003: Trying to disconnect un-connected pin 'Z[0]' of instance 'ND1[21]'.
I: Adm-6003: Trying to disconnect un-connected pin 'Z[0]' of instance 'ND1[20]'.
I: Adm-6003: Trying to disconnect un-connected pin 'Z[0]' of instance 'ND1[19]'.
I: Adm-6003: Trying to disconnect un-connected pin 'Z[0]' of instance 'ND1[18]'.
I: Adm-6003: Trying to disconnect un-connected pin 'Z[0]' of instance 'ND1[17]'.
I: Adm-6003: Trying to disconnect un-connected pin 'Z[0]' of instance 'ND1[16]'.
I: Adm-6003: Trying to disconnect un-connected pin 'Z[0]' of instance 'ND1[15]'.
I: Adm-6003: Trying to disconnect un-connected pin 'Z[0]' of instance 'ND1[14]'.
I: Adm-6003: Trying to disconnect un-connected pin 'Z[0]' of instance 'ND1[13]'.
I: Adm-6003: Trying to disconnect un-connected pin 'Z[0]' of instance 'ND1[12]'.
I: Adm-6003: Trying to disconnect un-connected pin 'Z[0]' of instance 'ND1[11]'.
I: Adm-6003: Trying to disconnect un-connected pin 'Z[0]' of instance 'ND1[10]'.
I: Adm-6003: Trying to disconnect un-connected pin 'Z[0]' of instance 'ND1[9]'.
I: Adm-6003: Trying to disconnect un-connected pin 'Z[0]' of instance 'ND1[8]'.
I: Adm-6003: Trying to disconnect un-connected pin 'Z[0]' of instance 'ND1[7]'.
I: Adm-6003: Trying to disconnect un-connected pin 'Z[0]' of instance 'ND1[6]'.
I: Adm-6003: Trying to disconnect un-connected pin 'Z[0]' of instance 'ND1[5]'.
I: Adm-6003: Trying to disconnect un-connected pin 'Z[0]' of instance 'ND1[4]'.
I: Adm-6003: Trying to disconnect un-connected pin 'Z[0]' of instance 'ND1[3]'.
I: Adm-6003: Trying to disconnect un-connected pin 'Z[0]' of instance 'ND1[2]'.
I: Adm-6003: Trying to disconnect un-connected pin 'Z[0]' of instance 'ND1[1]'.
I: Adm-6003: Trying to disconnect un-connected pin 'Z[0]' of instance 'ND1[0]'.
I: Adm-6003: Trying to disconnect un-connected pin 'Z[0]' of instance 'ND6[15]'.
I: Adm-6003: Trying to disconnect un-connected pin 'Z[0]' of instance 'ND6[14]'.
I: Adm-6003: Trying to disconnect un-connected pin 'Z[0]' of instance 'ND6[13]'.
I: Adm-6003: Trying to disconnect un-connected pin 'Z[0]' of instance 'ND3'.
I: Adm-6003: Trying to disconnect un-connected pin 'Z[0]' of instance 'ND6[12]'.
I: Adm-6003: Trying to disconnect un-connected pin 'Z[0]' of instance 'ND6[11]'.
I: Adm-6003: Trying to disconnect un-connected pin 'Z[0]' of instance 'ND1[123]'.
I: Adm-6003: Trying to disconnect un-connected pin 'Z[0]' of instance 'ND1[121]'.
I: Adm-6003: Trying to disconnect un-connected pin 'Z[0]' of instance 'ND14[9]'.
I: Adm-6003: Trying to disconnect un-connected pin 'Z[0]' of instance 'ND14[10]'.
I: Adm-6003: Trying to disconnect un-connected pin 'Z[0]' of instance 'ND14[11]'.
I: Adm-6003: Trying to disconnect un-connected pin 'Z[0]' of instance 'ND14[12]'.
I: Adm-6003: Trying to disconnect un-connected pin 'Z[0]' of instance 'ND14[13]'.
I: Adm-6003: Trying to disconnect un-connected pin 'Z[0]' of instance 'ND14[14]'.
I: Adm-6003: Trying to disconnect un-connected pin 'Z[0]' of instance 'ND14[15]'.
I: Adm-6003: Trying to disconnect un-connected pin 'Z[0]' of instance 'ND14[16]'.
I: Adm-6003: Trying to disconnect un-connected pin 'Z[0]' of instance 'ND14[17]'.
I: Adm-6003: Trying to disconnect un-connected pin 'Z[0]' of instance 'ND14[18]'.
I: Adm-6003: Trying to disconnect un-connected pin 'Z[0]' of instance 'ND14[19]'.
I: Adm-6003: Trying to disconnect un-connected pin 'Z[0]' of instance 'ND14[20]'.
I: Adm-6003: Trying to disconnect un-connected pin 'Z[0]' of instance 'ND14[21]'.
I: Adm-6003: Trying to disconnect un-connected pin 'Z[0]' of instance 'ND14[22]'.
I: Adm-6003: Trying to disconnect un-connected pin 'Z[0]' of instance 'ND14[23]'.
I: Adm-6003: Trying to disconnect un-connected pin 'Z[0]' of instance 'ND14[24]'.
I: Adm-6003: Trying to disconnect un-connected pin 'Z[0]' of instance 'ND14[25]'.
I: Adm-6003: Trying to disconnect un-connected pin 'Z[0]' of instance 'ND14[26]'.
I: Adm-6003: Trying to disconnect un-connected pin 'Z[0]' of instance 'ND14[27]'.
I: Adm-6003: Trying to disconnect un-connected pin 'Z[0]' of instance 'ND14[28]'.
I: Adm-6003: Trying to disconnect un-connected pin 'Z[0]' of instance 'ND14[29]'.
I: Adm-6003: Trying to disconnect un-connected pin 'Z[0]' of instance 'ND14[30]'.
I: Adm-6003: Trying to disconnect un-connected pin 'Z[0]' of instance 'ND14[31]'.
I: Adm-6003: Trying to disconnect un-connected pin 'Z[0]' of instance 'ND15[0]'.
I: Adm-6003: Trying to disconnect un-connected pin 'Z[0]' of instance 'ND15[1]'.
I: Adm-6003: Trying to disconnect un-connected pin 'Z[0]' of instance 'ND15[2]'.
I: Adm-6003: Trying to disconnect un-connected pin 'Z[0]' of instance 'ND15[3]'.
I: Adm-6003: Trying to disconnect un-connected pin 'Z[0]' of instance 'ND15[4]'.
I: Adm-6003: Trying to disconnect un-connected pin 'Z[0]' of instance 'ND18'.
I: Adm-6003: Trying to disconnect un-connected pin 'Z[0]' of instance 'ND2[7]'.
I: Adm-6003: Trying to disconnect un-connected pin 'Z[0]' of instance 'ND2[8]'.
I: Adm-6003: Trying to disconnect un-connected pin 'Z[0]' of instance 'ND2[9]'.
I: Adm-6003: Trying to disconnect un-connected pin 'Z[0]' of instance 'ND2[10]'.
I: Adm-6003: Trying to disconnect un-connected pin 'Z[0]' of instance 'ND2[11]'.
I: Adm-6003: Trying to disconnect un-connected pin 'Z[0]' of instance 'ND2[12]'.
I: Adm-6003: Trying to disconnect un-connected pin 'Z[0]' of instance 'ND2[13]'.
I: Adm-6003: Trying to disconnect un-connected pin 'Z[0]' of instance 'ND2[14]'.
I: Adm-6003: Trying to disconnect un-connected pin 'Z[0]' of instance 'ND2[15]'.
I: Adm-6003: Trying to disconnect un-connected pin 'Z[0]' of instance 'ND2[16]'.
I: Adm-6003: Trying to disconnect un-connected pin 'Z[0]' of instance 'ND2[17]'.
I: Adm-6003: Trying to disconnect un-connected pin 'Z[0]' of instance 'ND2[18]'.
I: Adm-6003: Trying to disconnect un-connected pin 'Z[0]' of instance 'ND2[19]'.
I: Adm-6003: Trying to disconnect un-connected pin 'Z[0]' of instance 'ND2[20]'.
I: Adm-6003: Trying to disconnect un-connected pin 'Z[0]' of instance 'ND2[21]'.
I: Adm-6003: Trying to disconnect un-connected pin 'Z[0]' of instance 'ND2[22]'.
I: Adm-6003: Trying to disconnect un-connected pin 'Z[0]' of instance 'ND2[23]'.
I: Adm-6003: Trying to disconnect un-connected pin 'Z[0]' of instance 'ND2[24]'.
I: Adm-6003: Trying to disconnect un-connected pin 'Z[0]' of instance 'ND2[25]'.
I: Adm-6003: Trying to disconnect un-connected pin 'Z[0]' of instance 'ND2[26]'.
I: Adm-6003: Trying to disconnect un-connected pin 'Z[0]' of instance 'ND2[27]'.
I: Adm-6003: Trying to disconnect un-connected pin 'Z[0]' of instance 'ND2[28]'.
I: Adm-6003: Trying to disconnect un-connected pin 'Z[0]' of instance 'ND2[29]'.
I: Adm-6003: Trying to disconnect un-connected pin 'Z[0]' of instance 'ND2[30]'.
I: Adm-6003: Trying to disconnect un-connected pin 'Z[0]' of instance 'ND2[31]'.
I: Adm-6003: Trying to disconnect un-connected pin 'Z[0]' of instance 'ND2[32]'.
I: Adm-6003: Trying to disconnect un-connected pin 'Z[0]' of instance 'ND2[33]'.
I: Adm-6003: Trying to disconnect un-connected pin 'Z[0]' of instance 'ND2[34]'.
I: Adm-6003: Trying to disconnect un-connected pin 'Z[0]' of instance 'ND2[35]'.
I: Adm-6003: Trying to disconnect un-connected pin 'Z[0]' of instance 'ND2[36]'.
I: Adm-6003: Trying to disconnect un-connected pin 'Z[0]' of instance 'ND2[37]'.
I: Adm-6003: Trying to disconnect un-connected pin 'Z[0]' of instance 'ND2[38]'.
I: Adm-6003: Trying to disconnect un-connected pin 'Z[0]' of instance 'ND2[39]'.
I: Adm-6003: Trying to disconnect un-connected pin 'Z[0]' of instance 'ND2[40]'.
I: Adm-6003: Trying to disconnect un-connected pin 'Z[0]' of instance 'ND2[41]'.
I: Adm-6003: Trying to disconnect un-connected pin 'Z[0]' of instance 'ND2[42]'.
I: Adm-6003: Trying to disconnect un-connected pin 'Z[0]' of instance 'ND2[43]'.
I: Adm-6003: Trying to disconnect un-connected pin 'Z[0]' of instance 'ND2[44]'.
I: Adm-6003: Trying to disconnect un-connected pin 'Z[0]' of instance 'ND2[45]'.
I: Adm-6003: Trying to disconnect un-connected pin 'Z[0]' of instance 'ND2[46]'.
I: Adm-6003: Trying to disconnect un-connected pin 'Z[0]' of instance 'ND2[47]'.
I: Adm-6003: Trying to disconnect un-connected pin 'Z[0]' of instance 'ND2[48]'.
I: Adm-6003: Trying to disconnect un-connected pin 'Z[0]' of instance 'ND2[49]'.
I: Adm-6003: Trying to disconnect un-connected pin 'Z[0]' of instance 'ND2[50]'.
I: Adm-6003: Trying to disconnect un-connected pin 'Z[0]' of instance 'ND2[51]'.
I: Adm-6003: Trying to disconnect un-connected pin 'Z[0]' of instance 'ND2[52]'.
I: Adm-6003: Trying to disconnect un-connected pin 'Z[0]' of instance 'ND2[53]'.
I: Adm-6003: Trying to disconnect un-connected pin 'Z[0]' of instance 'ND2[54]'.
I: Adm-6003: Trying to disconnect un-connected pin 'Z[0]' of instance 'ND2[55]'.
I: Adm-6003: Trying to disconnect un-connected pin 'Z[0]' of instance 'ND2[56]'.
I: Adm-6003: Trying to disconnect un-connected pin 'Z[0]' of instance 'ND2[57]'.
I: Adm-6003: Trying to disconnect un-connected pin 'Z[0]' of instance 'ND2[58]'.
I: Adm-6003: Trying to disconnect un-connected pin 'Z[0]' of instance 'ND2[59]'.
I: Adm-6003: Trying to disconnect un-connected pin 'Z[0]' of instance 'ND2[60]'.
I: Adm-6003: Trying to disconnect un-connected pin 'Z[0]' of instance 'ND2[61]'.
I: Adm-6003: Trying to disconnect un-connected pin 'Z[0]' of instance 'ND2[62]'.
I: Adm-6003: Trying to disconnect un-connected pin 'Z[0]' of instance 'ND2[63]'.
I: Adm-6003: Trying to disconnect un-connected pin 'Z[0]' of instance 'ND2[64]'.
I: Adm-6003: Trying to disconnect un-connected pin 'Z[0]' of instance 'ND2[65]'.
I: Adm-6003: Trying to disconnect un-connected pin 'Z[0]' of instance 'ND2[66]'.
I: Adm-6003: Trying to disconnect un-connected pin 'Z[0]' of instance 'ND2[67]'.
I: Adm-6003: Trying to disconnect un-connected pin 'Z[0]' of instance 'ND2[68]'.
I: Adm-6003: Trying to disconnect un-connected pin 'Z[0]' of instance 'ND2[69]'.
I: Adm-6003: Trying to disconnect un-connected pin 'Z[0]' of instance 'ND2[70]'.
I: Adm-6003: Trying to disconnect un-connected pin 'Z[0]' of instance 'ND2[71]'.
I: Adm-6003: Trying to disconnect un-connected pin 'Z[0]' of instance 'ND2[72]'.
I: Adm-6003: Trying to disconnect un-connected pin 'Z[0]' of instance 'ND2[73]'.
I: Adm-6003: Trying to disconnect un-connected pin 'Z[0]' of instance 'ND2[74]'.
I: Adm-6003: Trying to disconnect un-connected pin 'Z[0]' of instance 'ND2[75]'.
I: Adm-6003: Trying to disconnect un-connected pin 'Z[0]' of instance 'ND2[76]'.
I: Adm-6003: Trying to disconnect un-connected pin 'Z[0]' of instance 'ND2[77]'.
I: Adm-6003: Trying to disconnect un-connected pin 'Z[0]' of instance 'ND2[78]'.
I: Adm-6003: Trying to disconnect un-connected pin 'Z[0]' of instance 'ND2[79]'.
I: Adm-6003: Trying to disconnect un-connected pin 'Z[0]' of instance 'ND2[80]'.
I: Adm-6003: Trying to disconnect un-connected pin 'Z[0]' of instance 'ND2[81]'.
I: Adm-6003: Trying to disconnect un-connected pin 'Z[0]' of instance 'ND2[82]'.
I: Adm-6003: Trying to disconnect un-connected pin 'Z[0]' of instance 'ND2[83]'.
I: Adm-6003: Trying to disconnect un-connected pin 'Z[0]' of instance 'ND2[84]'.
I: Adm-6003: Trying to disconnect un-connected pin 'Z[0]' of instance 'ND2[85]'.
I: Adm-6003: Trying to disconnect un-connected pin 'Z[0]' of instance 'ND2[86]'.
I: Adm-6003: Trying to disconnect un-connected pin 'Z[0]' of instance 'ND2[87]'.
I: Adm-6003: Trying to disconnect un-connected pin 'Z[0]' of instance 'ND2[88]'.
I: Adm-6003: Trying to disconnect un-connected pin 'Z[0]' of instance 'ND2[89]'.
I: Adm-6003: Trying to disconnect un-connected pin 'Z[0]' of instance 'ND2[90]'.
I: Adm-6003: Trying to disconnect un-connected pin 'Z[0]' of instance 'ND2[91]'.
I: Adm-6003: Trying to disconnect un-connected pin 'Z[0]' of instance 'ND2[92]'.
I: Adm-6003: Trying to disconnect un-connected pin 'Z[0]' of instance 'ND2[93]'.
I: Adm-6003: Trying to disconnect un-connected pin 'Z[0]' of instance 'ND2[94]'.
I: Adm-6003: Trying to disconnect un-connected pin 'Z[0]' of instance 'ND2[95]'.
I: Adm-6003: Trying to disconnect un-connected pin 'Z[0]' of instance 'ND2[96]'.
I: Adm-6003: Trying to disconnect un-connected pin 'Z[0]' of instance 'ND2[97]'.
I: Adm-6003: Trying to disconnect un-connected pin 'Z[0]' of instance 'ND2[98]'.
I: Adm-6003: Trying to disconnect un-connected pin 'Z[0]' of instance 'ND2[99]'.
I: Adm-6003: Trying to disconnect un-connected pin 'Z[0]' of instance 'ND2[100]'.
I: Adm-6003: Trying to disconnect un-connected pin 'Z[0]' of instance 'ND2[101]'.
I: Adm-6003: Trying to disconnect un-connected pin 'Z[0]' of instance 'ND2[102]'.
I: Adm-6003: Trying to disconnect un-connected pin 'Z[0]' of instance 'ND2[103]'.
I: Adm-6003: Trying to disconnect un-connected pin 'Z[0]' of instance 'ND2[104]'.
I: Adm-6003: Trying to disconnect un-connected pin 'Z[0]' of instance 'ND2[105]'.
I: Adm-6003: Trying to disconnect un-connected pin 'Z[0]' of instance 'ND2[106]'.
I: Adm-6003: Trying to disconnect un-connected pin 'Z[0]' of instance 'ND2[107]'.
I: Adm-6003: Trying to disconnect un-connected pin 'Z[0]' of instance 'ND2[108]'.
I: Adm-6003: Trying to disconnect un-connected pin 'Z[0]' of instance 'ND2[109]'.
I: Adm-6003: Trying to disconnect un-connected pin 'Z[0]' of instance 'ND2[110]'.
I: Adm-6003: Trying to disconnect un-connected pin 'Z[0]' of instance 'ND2[111]'.
I: Adm-6003: Trying to disconnect un-connected pin 'Z[0]' of instance 'ND2[112]'.
I: Adm-6003: Trying to disconnect un-connected pin 'Z[0]' of instance 'ND2[113]'.
I: Adm-6003: Trying to disconnect un-connected pin 'Z[0]' of instance 'ND2[114]'.
I: Adm-6003: Trying to disconnect un-connected pin 'Z[0]' of instance 'ND2[115]'.
I: Adm-6003: Trying to disconnect un-connected pin 'Z[0]' of instance 'ND2[116]'.
I: Adm-6003: Trying to disconnect un-connected pin 'Z[0]' of instance 'ND2[117]'.
I: Adm-6003: Trying to disconnect un-connected pin 'Z[0]' of instance 'ND2[118]'.
I: Adm-6003: Trying to disconnect un-connected pin 'Z[0]' of instance 'ND2[119]'.
I: Adm-6003: Trying to disconnect un-connected pin 'Z[0]' of instance 'ND2[120]'.
I: Adm-6003: Trying to disconnect un-connected pin 'Z[0]' of instance 'ND2[121]'.
I: Adm-6003: Trying to disconnect un-connected pin 'Z[0]' of instance 'ND2[122]'.
I: Adm-6003: Trying to disconnect un-connected pin 'Z[0]' of instance 'ND2[123]'.
I: Adm-6003: Trying to disconnect un-connected pin 'Z[0]' of instance 'ND2[124]'.
I: Adm-6003: Trying to disconnect un-connected pin 'Z[0]' of instance 'ND2[125]'.
I: Adm-6003: Trying to disconnect un-connected pin 'Z[0]' of instance 'ND2[126]'.
I: Adm-6003: Trying to disconnect un-connected pin 'Z[0]' of instance 'ND2[127]'.
I: Adm-6003: Trying to disconnect un-connected pin 'Z[0]' of instance 'ND4[0]'.
I: Adm-6003: Trying to disconnect un-connected pin 'Z[0]' of instance 'ND4[1]'.
I: Adm-6003: Trying to disconnect un-connected pin 'Z[0]' of instance 'ND4[2]'.
I: Adm-6003: Trying to disconnect un-connected pin 'Z[0]' of instance 'ND4[3]'.
I: Adm-6003: Trying to disconnect un-connected pin 'Z[0]' of instance 'ND4[4]'.
I: Adm-6003: Trying to disconnect un-connected pin 'Z[0]' of instance 'ND4[5]'.
I: Adm-6003: Trying to disconnect un-connected pin 'Z[0]' of instance 'ND4[6]'.
I: Adm-6003: Trying to disconnect un-connected pin 'Z[0]' of instance 'ND4[7]'.
I: Adm-6003: Trying to disconnect un-connected pin 'Z[0]' of instance 'ND4[8]'.
I: Adm-6003: Trying to disconnect un-connected pin 'Z[0]' of instance 'ND4[9]'.
I: Adm-6003: Trying to disconnect un-connected pin 'Z[0]' of instance 'ND4[10]'.
I: Adm-6003: Trying to disconnect un-connected pin 'Z[0]' of instance 'ND4[11]'.
I: Adm-6003: Trying to disconnect un-connected pin 'Z[0]' of instance 'ND5[0]'.
I: Adm-6003: Trying to disconnect un-connected pin 'Z[0]' of instance 'ND5[1]'.
I: Adm-6003: Trying to disconnect un-connected pin 'Z[0]' of instance 'ND5[2]'.
I: Adm-6003: Trying to disconnect un-connected pin 'Z[0]' of instance 'ND5[3]'.
I: Adm-6003: Trying to disconnect un-connected pin 'Z[0]' of instance 'ND5[4]'.
I: Adm-6003: Trying to disconnect un-connected pin 'Z[0]' of instance 'ND5[5]'.
I: Adm-6003: Trying to disconnect un-connected pin 'Z[0]' of instance 'ND5[6]'.
I: Adm-6003: Trying to disconnect un-connected pin 'Z[0]' of instance 'ND5[7]'.
I: Adm-6003: Trying to disconnect un-connected pin 'Z[0]' of instance 'ND5[8]'.
I: Adm-6003: Trying to disconnect un-connected pin 'Z[0]' of instance 'ND5[9]'.
I: Adm-6003: Trying to disconnect un-connected pin 'Z[0]' of instance 'ND5[10]'.
I: Adm-6003: Trying to disconnect un-connected pin 'Z[0]' of instance 'ND5[11]'.
I: Adm-6003: Trying to disconnect un-connected pin 'Z[0]' of instance 'ND5[12]'.
I: Adm-6003: Trying to disconnect un-connected pin 'Z[0]' of instance 'ND5[13]'.
I: Adm-6003: Trying to disconnect un-connected pin 'Z[0]' of instance 'ND5[14]'.
I: Adm-6003: Trying to disconnect un-connected pin 'Z[0]' of instance 'ND5[15]'.
I: Adm-6003: Trying to disconnect un-connected pin 'Z[0]' of instance 'ND5[16]'.
I: Adm-6003: Trying to disconnect un-connected pin 'Z[0]' of instance 'ND5[17]'.
I: Adm-6003: Trying to disconnect un-connected pin 'Z[0]' of instance 'ND5[18]'.
I: Adm-6003: Trying to disconnect un-connected pin 'Z[0]' of instance 'ND5[19]'.
I: Adm-6003: Trying to disconnect un-connected pin 'Z[0]' of instance 'ND5[20]'.
I: Adm-6003: Trying to disconnect un-connected pin 'Z[0]' of instance 'ND5[21]'.
I: Adm-6003: Trying to disconnect un-connected pin 'Z[0]' of instance 'ND5[22]'.
I: Adm-6003: Trying to disconnect un-connected pin 'Z[0]' of instance 'ND5[23]'.
I: Adm-6003: Trying to disconnect un-connected pin 'Z[0]' of instance 'ND5[24]'.
I: Adm-6003: Trying to disconnect un-connected pin 'Z[0]' of instance 'ND5[25]'.
I: Adm-6003: Trying to disconnect un-connected pin 'Z[0]' of instance 'ND5[26]'.
I: Adm-6003: Trying to disconnect un-connected pin 'Z[0]' of instance 'ND5[27]'.
I: Adm-6003: Trying to disconnect un-connected pin 'Z[0]' of instance 'ND5[28]'.
I: Adm-6003: Trying to disconnect un-connected pin 'Z[0]' of instance 'ND5[29]'.
I: Adm-6003: Trying to disconnect un-connected pin 'Z[0]' of instance 'ND5[30]'.
I: Adm-6003: Trying to disconnect un-connected pin 'Z[0]' of instance 'ND5[31]'.
I: Adm-6003: Trying to disconnect un-connected pin 'Z[0]' of instance 'ND5[32]'.
I: Adm-6003: Trying to disconnect un-connected pin 'Z[0]' of instance 'ND5[33]'.
I: Adm-6003: Trying to disconnect un-connected pin 'Z[0]' of instance 'ND5[34]'.
I: Adm-6003: Trying to disconnect un-connected pin 'Z[0]' of instance 'ND5[35]'.
I: Adm-6003: Trying to disconnect un-connected pin 'Z[0]' of instance 'ND5[36]'.
I: Adm-6003: Trying to disconnect un-connected pin 'Z[0]' of instance 'ND5[37]'.
I: Adm-6003: Trying to disconnect un-connected pin 'Z[0]' of instance 'ND5[38]'.
I: Adm-6003: Trying to disconnect un-connected pin 'Z[0]' of instance 'ND5[39]'.
I: Adm-6003: Trying to disconnect un-connected pin 'Z[0]' of instance 'ND5[40]'.
I: Adm-6003: Trying to disconnect un-connected pin 'Z[0]' of instance 'ND5[41]'.
I: Adm-6003: Trying to disconnect un-connected pin 'Z[0]' of instance 'ND5[42]'.
I: Adm-6003: Trying to disconnect un-connected pin 'Z[0]' of instance 'ND5[43]'.
I: Adm-6003: Trying to disconnect un-connected pin 'Z[0]' of instance 'ND5[44]'.
I: Adm-6003: Trying to disconnect un-connected pin 'Z[0]' of instance 'ND5[45]'.
I: Adm-6003: Trying to disconnect un-connected pin 'Z[0]' of instance 'ND5[46]'.
I: Adm-6003: Trying to disconnect un-connected pin 'Z[0]' of instance 'ND5[47]'.
I: Adm-6003: Trying to disconnect un-connected pin 'Z[0]' of instance 'ND5[48]'.
I: Adm-6003: Trying to disconnect un-connected pin 'Z[0]' of instance 'ND5[49]'.
I: Adm-6003: Trying to disconnect un-connected pin 'Z[0]' of instance 'ND5[50]'.
I: Adm-6003: Trying to disconnect un-connected pin 'Z[0]' of instance 'ND5[51]'.
I: Adm-6003: Trying to disconnect un-connected pin 'Z[0]' of instance 'ND5[52]'.
I: Adm-6003: Trying to disconnect un-connected pin 'Z[0]' of instance 'ND5[53]'.
I: Adm-6003: Trying to disconnect un-connected pin 'Z[0]' of instance 'ND5[54]'.
I: Adm-6003: Trying to disconnect un-connected pin 'Z[0]' of instance 'ND5[55]'.
I: Adm-6003: Trying to disconnect un-connected pin 'Z[0]' of instance 'ND5[56]'.
I: Adm-6003: Trying to disconnect un-connected pin 'Z[0]' of instance 'ND5[57]'.
I: Adm-6003: Trying to disconnect un-connected pin 'Z[0]' of instance 'ND5[58]'.
I: Adm-6003: Trying to disconnect un-connected pin 'Z[0]' of instance 'ND5[59]'.
I: Adm-6003: Trying to disconnect un-connected pin 'Z[0]' of instance 'ND5[60]'.
I: Adm-6003: Trying to disconnect un-connected pin 'Z[0]' of instance 'ND5[61]'.
I: Adm-6003: Trying to disconnect un-connected pin 'Z[0]' of instance 'ND5[62]'.
I: Adm-6003: Trying to disconnect un-connected pin 'Z[0]' of instance 'ND5[63]'.
I: Adm-6003: Trying to disconnect un-connected pin 'Z[0]' of instance 'ND5[64]'.
I: Adm-6003: Trying to disconnect un-connected pin 'Z[0]' of instance 'ND5[65]'.
I: Adm-6003: Trying to disconnect un-connected pin 'Z[0]' of instance 'ND5[66]'.
I: Adm-6003: Trying to disconnect un-connected pin 'Z[0]' of instance 'ND5[67]'.
I: Adm-6003: Trying to disconnect un-connected pin 'Z[0]' of instance 'ND5[68]'.
I: Adm-6003: Trying to disconnect un-connected pin 'Z[0]' of instance 'ND5[69]'.
I: Adm-6003: Trying to disconnect un-connected pin 'Z[0]' of instance 'ND5[70]'.
I: Adm-6003: Trying to disconnect un-connected pin 'Z[0]' of instance 'ND5[71]'.
I: Adm-6003: Trying to disconnect un-connected pin 'Z[0]' of instance 'ND5[72]'.
I: Adm-6003: Trying to disconnect un-connected pin 'Z[0]' of instance 'ND5[73]'.
I: Adm-6003: Trying to disconnect un-connected pin 'Z[0]' of instance 'ND5[74]'.
I: Adm-6003: Trying to disconnect un-connected pin 'Z[0]' of instance 'ND5[75]'.
I: Adm-6003: Trying to disconnect un-connected pin 'Z[0]' of instance 'ND5[76]'.
I: Adm-6003: Trying to disconnect un-connected pin 'Z[0]' of instance 'ND5[77]'.
I: Adm-6003: Trying to disconnect un-connected pin 'Z[0]' of instance 'ND5[78]'.
I: Adm-6003: Trying to disconnect un-connected pin 'Z[0]' of instance 'ND5[79]'.
I: Adm-6003: Trying to disconnect un-connected pin 'Z[0]' of instance 'ND5[80]'.
I: Adm-6003: Trying to disconnect un-connected pin 'Z[0]' of instance 'ND5[81]'.
I: Adm-6003: Trying to disconnect un-connected pin 'Z[0]' of instance 'ND5[82]'.
I: Adm-6003: Trying to disconnect un-connected pin 'Z[0]' of instance 'ND5[83]'.
I: Adm-6003: Trying to disconnect un-connected pin 'Z[0]' of instance 'ND5[84]'.
I: Adm-6003: Trying to disconnect un-connected pin 'Z[0]' of instance 'ND5[85]'.
I: Adm-6003: Trying to disconnect un-connected pin 'Z[0]' of instance 'ND5[86]'.
I: Adm-6003: Trying to disconnect un-connected pin 'Z[0]' of instance 'ND5[87]'.
I: Adm-6003: Trying to disconnect un-connected pin 'Z[0]' of instance 'ND5[88]'.
I: Adm-6003: Trying to disconnect un-connected pin 'Z[0]' of instance 'ND5[89]'.
I: Adm-6003: Trying to disconnect un-connected pin 'Z[0]' of instance 'ND5[90]'.
I: Adm-6003: Trying to disconnect un-connected pin 'Z[0]' of instance 'ND5[91]'.
I: Adm-6003: Trying to disconnect un-connected pin 'Z[0]' of instance 'ND5[92]'.
I: Adm-6003: Trying to disconnect un-connected pin 'Z[0]' of instance 'ND5[93]'.
I: Adm-6003: Trying to disconnect un-connected pin 'Z[0]' of instance 'ND5[94]'.
I: Adm-6003: Trying to disconnect un-connected pin 'Z[0]' of instance 'ND5[95]'.
I: Adm-6003: Trying to disconnect un-connected pin 'Z[0]' of instance 'ND5[96]'.
I: Adm-6003: Trying to disconnect un-connected pin 'Z[0]' of instance 'ND5[97]'.
I: Adm-6003: Trying to disconnect un-connected pin 'Z[0]' of instance 'ND5[98]'.
I: Adm-6003: Trying to disconnect un-connected pin 'Z[0]' of instance 'ND5[99]'.
I: Adm-6003: Trying to disconnect un-connected pin 'Z[0]' of instance 'ND5[100]'.
I: Adm-6003: Trying to disconnect un-connected pin 'Z[0]' of instance 'ND5[101]'.
I: Adm-6003: Trying to disconnect un-connected pin 'Z[0]' of instance 'ND5[102]'.
I: Adm-6003: Trying to disconnect un-connected pin 'Z[0]' of instance 'ND5[103]'.
I: Adm-6003: Trying to disconnect un-connected pin 'Z[0]' of instance 'ND5[104]'.
I: Adm-6003: Trying to disconnect un-connected pin 'Z[0]' of instance 'ND5[105]'.
I: Adm-6003: Trying to disconnect un-connected pin 'Z[0]' of instance 'ND5[106]'.
I: Adm-6003: Trying to disconnect un-connected pin 'Z[0]' of instance 'ND5[107]'.
I: Adm-6003: Trying to disconnect un-connected pin 'Z[0]' of instance 'ND5[108]'.
I: Adm-6003: Trying to disconnect un-connected pin 'Z[0]' of instance 'ND5[109]'.
I: Adm-6003: Trying to disconnect un-connected pin 'Z[0]' of instance 'ND5[110]'.
I: Adm-6003: Trying to disconnect un-connected pin 'Z[0]' of instance 'ND5[111]'.
I: Adm-6003: Trying to disconnect un-connected pin 'Z[0]' of instance 'ND5[112]'.
I: Adm-6003: Trying to disconnect un-connected pin 'Z[0]' of instance 'ND5[113]'.
I: Adm-6003: Trying to disconnect un-connected pin 'Z[0]' of instance 'ND5[114]'.
I: Adm-6003: Trying to disconnect un-connected pin 'Z[0]' of instance 'ND5[115]'.
I: Adm-6003: Trying to disconnect un-connected pin 'Z[0]' of instance 'ND5[116]'.
I: Adm-6003: Trying to disconnect un-connected pin 'Z[0]' of instance 'ND5[117]'.
I: Adm-6003: Trying to disconnect un-connected pin 'Z[0]' of instance 'ND5[118]'.
I: Adm-6003: Trying to disconnect un-connected pin 'Z[0]' of instance 'ND5[119]'.
I: Adm-6003: Trying to disconnect un-connected pin 'Z[0]' of instance 'ND5[120]'.
I: Adm-6003: Trying to disconnect un-connected pin 'Z[0]' of instance 'ND5[121]'.
I: Adm-6003: Trying to disconnect un-connected pin 'Z[0]' of instance 'ND5[122]'.
I: Adm-6003: Trying to disconnect un-connected pin 'Z[0]' of instance 'ND5[123]'.
I: Adm-6003: Trying to disconnect un-connected pin 'Z[0]' of instance 'ND5[124]'.
I: Adm-6003: Trying to disconnect un-connected pin 'Z[0]' of instance 'ND5[125]'.
I: Adm-6003: Trying to disconnect un-connected pin 'Z[0]' of instance 'ND5[126]'.
I: Adm-6003: Trying to disconnect un-connected pin 'Z[0]' of instance 'ND5[127]'.
I: Adm-6003: Trying to disconnect un-connected pin 'Z[0]' of instance 'ND6[0]'.
I: Adm-6003: Trying to disconnect un-connected pin 'Z[0]' of instance 'ND6[1]'.
I: Adm-6003: Trying to disconnect un-connected pin 'Z[0]' of instance 'ND6[2]'.
I: Adm-6003: Trying to disconnect un-connected pin 'Z[0]' of instance 'ND6[3]'.
I: Adm-6003: Trying to disconnect un-connected pin 'Z[0]' of instance 'ND6[4]'.
I: Adm-6003: Trying to disconnect un-connected pin 'Z[0]' of instance 'ND6[5]'.
I: Adm-6003: Trying to disconnect un-connected pin 'Z[0]' of instance 'ND6[6]'.
I: Adm-6003: Trying to disconnect un-connected pin 'Z[0]' of instance 'ND6[7]'.
I: Adm-6003: Trying to disconnect un-connected pin 'Z[0]' of instance 'ND6[8]'.
I: Adm-6003: Trying to disconnect un-connected pin 'Z[0]' of instance 'ND6[9]'.
I: Adm-6003: Trying to disconnect un-connected pin 'Z[0]' of instance 'ND6[10]'.
I: Adm-6003: Trying to disconnect un-connected pin 'Z[0]' of instance 'ND2[126]'.
I: Adm-6003: Trying to disconnect un-connected pin 'Z[0]' of instance 'ND1'.
I: Adm-6003: Trying to disconnect un-connected pin 'Z[0]' of instance 'ND2[127]'.
I: Adm-6003: Trying to disconnect un-connected pin 'Z[0]' of instance 'ND0[0]'.
I: Adm-6003: Trying to disconnect un-connected pin 'Z[0]' of instance 'ND0[1]'.
I: Adm-6003: Trying to disconnect un-connected pin 'Z[0]' of instance 'ND2[0]'.
I: Adm-6003: Trying to disconnect un-connected pin 'Z[0]' of instance 'ND2[1]'.
I: Adm-6003: Trying to disconnect un-connected pin 'Z[0]' of instance 'ND2[2]'.
I: Adm-6003: Trying to disconnect un-connected pin 'Z[0]' of instance 'ND2[3]'.
I: Adm-6003: Trying to disconnect un-connected pin 'Z[0]' of instance 'ND2[4]'.
I: Adm-6003: Trying to disconnect un-connected pin 'Z[0]' of instance 'ND2[5]'.
I: Adm-6003: Trying to disconnect un-connected pin 'Z[0]' of instance 'ND2[6]'.
I: Adm-6003: Trying to disconnect un-connected pin 'Z[0]' of instance 'ND2[7]'.
I: Adm-6003: Trying to disconnect un-connected pin 'Z[0]' of instance 'ND2[8]'.
I: Adm-6003: Trying to disconnect un-connected pin 'Z[0]' of instance 'ND2[9]'.
I: Adm-6003: Trying to disconnect un-connected pin 'Z[0]' of instance 'ND2[10]'.
I: Adm-6003: Trying to disconnect un-connected pin 'Z[0]' of instance 'ND2[11]'.
I: Adm-6003: Trying to disconnect un-connected pin 'Z[0]' of instance 'ND2[12]'.
I: Adm-6003: Trying to disconnect un-connected pin 'Z[0]' of instance 'ND2[13]'.
I: Adm-6003: Trying to disconnect un-connected pin 'Z[0]' of instance 'ND2[14]'.
I: Adm-6003: Trying to disconnect un-connected pin 'Z[0]' of instance 'ND2[15]'.
I: Adm-6003: Trying to disconnect un-connected pin 'Z[0]' of instance 'ND2[16]'.
I: Adm-6003: Trying to disconnect un-connected pin 'Z[0]' of instance 'ND2[17]'.
I: Adm-6003: Trying to disconnect un-connected pin 'Z[0]' of instance 'ND2[18]'.
I: Adm-6003: Trying to disconnect un-connected pin 'Z[0]' of instance 'ND2[19]'.
I: Adm-6003: Trying to disconnect un-connected pin 'Z[0]' of instance 'ND2[20]'.
I: Adm-6003: Trying to disconnect un-connected pin 'Z[0]' of instance 'ND2[21]'.
I: Adm-6003: Trying to disconnect un-connected pin 'Z[0]' of instance 'ND2[22]'.
I: Adm-6003: Trying to disconnect un-connected pin 'Z[0]' of instance 'ND2[23]'.
I: Adm-6003: Trying to disconnect un-connected pin 'Z[0]' of instance 'ND2[24]'.
I: Adm-6003: Trying to disconnect un-connected pin 'Z[0]' of instance 'ND2[25]'.
I: Adm-6003: Trying to disconnect un-connected pin 'Z[0]' of instance 'ND2[26]'.
I: Adm-6003: Trying to disconnect un-connected pin 'Z[0]' of instance 'ND2[27]'.
I: Adm-6003: Trying to disconnect un-connected pin 'Z[0]' of instance 'ND2[28]'.
I: Adm-6003: Trying to disconnect un-connected pin 'Z[0]' of instance 'ND2[29]'.
I: Adm-6003: Trying to disconnect un-connected pin 'Z[0]' of instance 'ND2[30]'.
I: Adm-6003: Trying to disconnect un-connected pin 'Z[0]' of instance 'ND2[31]'.
I: Adm-6003: Trying to disconnect un-connected pin 'Z[0]' of instance 'ND2[32]'.
I: Adm-6003: Trying to disconnect un-connected pin 'Z[0]' of instance 'ND2[33]'.
I: Adm-6003: Trying to disconnect un-connected pin 'Z[0]' of instance 'ND2[34]'.
I: Adm-6003: Trying to disconnect un-connected pin 'Z[0]' of instance 'ND2[35]'.
I: Adm-6003: Trying to disconnect un-connected pin 'Z[0]' of instance 'ND2[36]'.
I: Adm-6003: Trying to disconnect un-connected pin 'Z[0]' of instance 'ND2[37]'.
I: Adm-6003: Trying to disconnect un-connected pin 'Z[0]' of instance 'ND2[38]'.
I: Adm-6003: Trying to disconnect un-connected pin 'Z[0]' of instance 'ND2[39]'.
I: Adm-6003: Trying to disconnect un-connected pin 'Z[0]' of instance 'ND2[40]'.
I: Adm-6003: Trying to disconnect un-connected pin 'Z[0]' of instance 'ND2[41]'.
I: Adm-6003: Trying to disconnect un-connected pin 'Z[0]' of instance 'ND2[42]'.
I: Adm-6003: Trying to disconnect un-connected pin 'Z[0]' of instance 'ND2[43]'.
I: Adm-6003: Trying to disconnect un-connected pin 'Z[0]' of instance 'ND2[44]'.
I: Adm-6003: Trying to disconnect un-connected pin 'Z[0]' of instance 'ND2[45]'.
I: Adm-6003: Trying to disconnect un-connected pin 'Z[0]' of instance 'ND2[46]'.
I: Adm-6003: Trying to disconnect un-connected pin 'Z[0]' of instance 'ND2[47]'.
I: Adm-6003: Trying to disconnect un-connected pin 'Z[0]' of instance 'ND2[48]'.
I: Adm-6003: Trying to disconnect un-connected pin 'Z[0]' of instance 'ND2[49]'.
I: Adm-6003: Trying to disconnect un-connected pin 'Z[0]' of instance 'ND2[50]'.
I: Adm-6003: Trying to disconnect un-connected pin 'Z[0]' of instance 'ND2[51]'.
I: Adm-6003: Trying to disconnect un-connected pin 'Z[0]' of instance 'ND2[52]'.
I: Adm-6003: Trying to disconnect un-connected pin 'Z[0]' of instance 'ND2[53]'.
I: Adm-6003: Trying to disconnect un-connected pin 'Z[0]' of instance 'ND2[54]'.
I: Adm-6003: Trying to disconnect un-connected pin 'Z[0]' of instance 'ND2[55]'.
I: Adm-6003: Trying to disconnect un-connected pin 'Z[0]' of instance 'ND2[56]'.
I: Adm-6003: Trying to disconnect un-connected pin 'Z[0]' of instance 'ND2[57]'.
I: Adm-6003: Trying to disconnect un-connected pin 'Z[0]' of instance 'ND2[58]'.
I: Adm-6003: Trying to disconnect un-connected pin 'Z[0]' of instance 'ND2[59]'.
I: Adm-6003: Trying to disconnect un-connected pin 'Z[0]' of instance 'ND2[60]'.
I: Adm-6003: Trying to disconnect un-connected pin 'Z[0]' of instance 'ND2[61]'.
I: Adm-6003: Trying to disconnect un-connected pin 'Z[0]' of instance 'ND2[62]'.
I: Adm-6003: Trying to disconnect un-connected pin 'Z[0]' of instance 'ND2[63]'.
I: Adm-6003: Trying to disconnect un-connected pin 'Z[0]' of instance 'ND2[64]'.
I: Adm-6003: Trying to disconnect un-connected pin 'Z[0]' of instance 'ND2[65]'.
I: Adm-6003: Trying to disconnect un-connected pin 'Z[0]' of instance 'ND2[66]'.
I: Adm-6003: Trying to disconnect un-connected pin 'Z[0]' of instance 'ND2[67]'.
I: Adm-6003: Trying to disconnect un-connected pin 'Z[0]' of instance 'ND2[68]'.
I: Adm-6003: Trying to disconnect un-connected pin 'Z[0]' of instance 'ND2[69]'.
I: Adm-6003: Trying to disconnect un-connected pin 'Z[0]' of instance 'ND2[70]'.
I: Adm-6003: Trying to disconnect un-connected pin 'Z[0]' of instance 'ND2[71]'.
I: Adm-6003: Trying to disconnect un-connected pin 'Z[0]' of instance 'ND2[72]'.
I: Adm-6003: Trying to disconnect un-connected pin 'Z[0]' of instance 'ND2[73]'.
I: Adm-6003: Trying to disconnect un-connected pin 'Z[0]' of instance 'ND2[74]'.
I: Adm-6003: Trying to disconnect un-connected pin 'Z[0]' of instance 'ND2[75]'.
I: Adm-6003: Trying to disconnect un-connected pin 'Z[0]' of instance 'ND2[76]'.
I: Adm-6003: Trying to disconnect un-connected pin 'Z[0]' of instance 'ND2[77]'.
I: Adm-6003: Trying to disconnect un-connected pin 'Z[0]' of instance 'ND2[78]'.
I: Adm-6003: Trying to disconnect un-connected pin 'Z[0]' of instance 'ND2[79]'.
I: Adm-6003: Trying to disconnect un-connected pin 'Z[0]' of instance 'ND2[80]'.
I: Adm-6003: Trying to disconnect un-connected pin 'Z[0]' of instance 'ND2[81]'.
I: Adm-6003: Trying to disconnect un-connected pin 'Z[0]' of instance 'ND2[82]'.
I: Adm-6003: Trying to disconnect un-connected pin 'Z[0]' of instance 'ND2[83]'.
I: Adm-6003: Trying to disconnect un-connected pin 'Z[0]' of instance 'ND2[84]'.
I: Adm-6003: Trying to disconnect un-connected pin 'Z[0]' of instance 'ND2[85]'.
I: Adm-6003: Trying to disconnect un-connected pin 'Z[0]' of instance 'ND2[86]'.
I: Adm-6003: Trying to disconnect un-connected pin 'Z[0]' of instance 'ND2[87]'.
I: Adm-6003: Trying to disconnect un-connected pin 'Z[0]' of instance 'ND2[88]'.
I: Adm-6003: Trying to disconnect un-connected pin 'Z[0]' of instance 'ND2[89]'.
I: Adm-6003: Trying to disconnect un-connected pin 'Z[0]' of instance 'ND2[90]'.
I: Adm-6003: Trying to disconnect un-connected pin 'Z[0]' of instance 'ND2[91]'.
I: Adm-6003: Trying to disconnect un-connected pin 'Z[0]' of instance 'ND2[92]'.
I: Adm-6003: Trying to disconnect un-connected pin 'Z[0]' of instance 'ND2[93]'.
I: Adm-6003: Trying to disconnect un-connected pin 'Z[0]' of instance 'ND2[94]'.
I: Adm-6003: Trying to disconnect un-connected pin 'Z[0]' of instance 'ND2[95]'.
I: Adm-6003: Trying to disconnect un-connected pin 'Z[0]' of instance 'ND2[96]'.
I: Adm-6003: Trying to disconnect un-connected pin 'Z[0]' of instance 'ND2[97]'.
I: Adm-6003: Trying to disconnect un-connected pin 'Z[0]' of instance 'ND2[98]'.
I: Adm-6003: Trying to disconnect un-connected pin 'Z[0]' of instance 'ND2[99]'.
I: Adm-6003: Trying to disconnect un-connected pin 'Z[0]' of instance 'ND2[100]'.
I: Adm-6003: Trying to disconnect un-connected pin 'Z[0]' of instance 'ND2[101]'.
I: Adm-6003: Trying to disconnect un-connected pin 'Z[0]' of instance 'ND2[102]'.
I: Adm-6003: Trying to disconnect un-connected pin 'Z[0]' of instance 'ND2[103]'.
I: Adm-6003: Trying to disconnect un-connected pin 'Z[0]' of instance 'ND2[104]'.
I: Adm-6003: Trying to disconnect un-connected pin 'Z[0]' of instance 'ND2[105]'.
I: Adm-6003: Trying to disconnect un-connected pin 'Z[0]' of instance 'ND2[106]'.
I: Adm-6003: Trying to disconnect un-connected pin 'Z[0]' of instance 'ND2[107]'.
I: Adm-6003: Trying to disconnect un-connected pin 'Z[0]' of instance 'ND2[108]'.
I: Adm-6003: Trying to disconnect un-connected pin 'Z[0]' of instance 'ND2[109]'.
I: Adm-6003: Trying to disconnect un-connected pin 'Z[0]' of instance 'ND2[110]'.
I: Adm-6003: Trying to disconnect un-connected pin 'Z[0]' of instance 'ND2[111]'.
I: Adm-6003: Trying to disconnect un-connected pin 'Z[0]' of instance 'ND2[112]'.
I: Adm-6003: Trying to disconnect un-connected pin 'Z[0]' of instance 'ND2[113]'.
I: Adm-6003: Trying to disconnect un-connected pin 'Z[0]' of instance 'ND2[114]'.
I: Adm-6003: Trying to disconnect un-connected pin 'Z[0]' of instance 'ND2[115]'.
I: Adm-6003: Trying to disconnect un-connected pin 'Z[0]' of instance 'ND2[116]'.
I: Adm-6003: Trying to disconnect un-connected pin 'Z[0]' of instance 'ND2[117]'.
I: Adm-6003: Trying to disconnect un-connected pin 'Z[0]' of instance 'ND2[118]'.
I: Adm-6003: Trying to disconnect un-connected pin 'Z[0]' of instance 'ND2[119]'.
I: Adm-6003: Trying to disconnect un-connected pin 'Z[0]' of instance 'ND2[120]'.
I: Adm-6003: Trying to disconnect un-connected pin 'Z[0]' of instance 'ND2[121]'.
I: Adm-6003: Trying to disconnect un-connected pin 'Z[0]' of instance 'ND2[122]'.
I: Adm-6003: Trying to disconnect un-connected pin 'Z[0]' of instance 'ND2[123]'.
I: Adm-6003: Trying to disconnect un-connected pin 'Z[0]' of instance 'ND2[124]'.
I: Adm-6003: Trying to disconnect un-connected pin 'Z[0]' of instance 'ND2[125]'.
I: Adm-6003: Trying to disconnect un-connected pin 'Z[0]' of instance 'ND0'.
Saving design to image_pcie_capture_syn.vm
W: Public-4008: Instance 'hdmi_frame_line_cnt[11]' of 'GTP_DFF_CE' unit is dangling and will be cleaned.
W: Public-4008: Instance 'hdmi_frame_line_cnt[12]' of 'GTP_DFF_CE' unit is dangling and will be cleaned.
W: Public-4008: Instance 'hdmi_frame_line_cnt_latch[0]' of 'GTP_DFF_CE' unit is dangling and will be cleaned.
W: Public-4008: Instance 'hdmi_frame_line_cnt_latch[1]' of 'GTP_DFF_CE' unit is dangling and will be cleaned.
W: Public-4008: Instance 'hdmi_line_pix_cnt[3]' of 'GTP_DFF_C' unit is dangling and will be cleaned.
W: Public-4008: Instance 'hdmi_line_pix_cnt[4]' of 'GTP_DFF_C' unit is dangling and will be cleaned.
W: Public-4008: Instance 'hdmi_line_pix_cnt[5]' of 'GTP_DFF_C' unit is dangling and will be cleaned.
W: Public-4008: Instance 'hdmi_line_pix_cnt[6]' of 'GTP_DFF_C' unit is dangling and will be cleaned.
W: Public-4008: Instance 'hdmi_line_pix_cnt[7]' of 'GTP_DFF_C' unit is dangling and will be cleaned.
W: Public-4008: Instance 'hdmi_line_pix_cnt[8]' of 'GTP_DFF_C' unit is dangling and will be cleaned.
W: Public-4008: Instance 'hdmi_line_pix_cnt[9]' of 'GTP_DFF_C' unit is dangling and will be cleaned.
W: Public-4008: Instance 'hdmi_line_pix_cnt[10]' of 'GTP_DFF_C' unit is dangling and will be cleaned.
W: Public-4008: Instance 'hdmi_line_pix_cnt[11]' of 'GTP_DFF_C' unit is dangling and will be cleaned.
W: Public-4008: Instance 'hdmi_line_pix_cnt[12]' of 'GTP_DFF_C' unit is dangling and will be cleaned.
W: Public-4008: Instance 'hdmi_line_pix_cnt_latch[0]' of 'GTP_DFF_CE' unit is dangling and will be cleaned.
W: Public-4008: Instance 'hdmi_line_pix_cnt_latch[1]' of 'GTP_DFF_CE' unit is dangling and will be cleaned.
W: Public-4008: Instance 'hdmi_line_pix_cnt_latch[2]' of 'GTP_DFF_CE' unit is dangling and will be cleaned.
W: Public-4008: Instance 'hdmi_line_pix_cnt_latch[3]' of 'GTP_DFF_CE' unit is dangling and will be cleaned.
W: Public-4008: Instance 'hdmi_line_pix_cnt_latch[4]' of 'GTP_DFF_CE' unit is dangling and will be cleaned.
W: Public-4008: Instance 'hdmi_line_pix_cnt_latch[5]' of 'GTP_DFF_CE' unit is dangling and will be cleaned.
W: Public-4008: Instance 'hdmi_line_pix_cnt_latch[6]' of 'GTP_DFF_CE' unit is dangling and will be cleaned.
W: Public-4008: Instance 'hdmi_line_pix_cnt_latch[7]' of 'GTP_DFF_CE' unit is dangling and will be cleaned.
W: Public-4008: Instance 'hdmi_line_pix_cnt_latch[8]' of 'GTP_DFF_CE' unit is dangling and will be cleaned.
W: Public-4008: Instance 'hdmi_line_pix_cnt_latch[9]' of 'GTP_DFF_CE' unit is dangling and will be cleaned.
W: Public-4008: Instance 'hdmi_line_pix_cnt_latch[10]' of 'GTP_DFF_CE' unit is dangling and will be cleaned.
W: Public-4008: Instance 'hdmi_line_pix_cnt_latch[11]' of 'GTP_DFF_CE' unit is dangling and will be cleaned.
W: Public-4008: Instance 'hdmi_line_pix_cnt_latch[12]' of 'GTP_DFF_CE' unit is dangling and will be cleaned.
W: Public-4008: Instance 'hdmi_frame_line_cnt_latch[2]' of 'GTP_DFF_CE' unit is dangling and will be cleaned.
W: Public-4008: Instance 'hdmi_frame_line_cnt_latch[3]' of 'GTP_DFF_CE' unit is dangling and will be cleaned.
W: Public-4008: Instance 'hdmi_frame_line_cnt_latch[4]' of 'GTP_DFF_CE' unit is dangling and will be cleaned.
W: Public-4008: Instance 'hdmi_frame_line_cnt_latch[5]' of 'GTP_DFF_CE' unit is dangling and will be cleaned.
W: Public-4008: Instance 'hdmi_frame_line_cnt_latch[6]' of 'GTP_DFF_CE' unit is dangling and will be cleaned.
W: Public-4008: Instance 'hdmi_frame_line_cnt_latch[7]' of 'GTP_DFF_CE' unit is dangling and will be cleaned.
W: Public-4008: Instance 'hdmi_frame_line_cnt_latch[8]' of 'GTP_DFF_CE' unit is dangling and will be cleaned.
W: Public-4008: Instance 'hdmi_frame_line_cnt_latch[9]' of 'GTP_DFF_CE' unit is dangling and will be cleaned.
W: Public-4008: Instance 'hdmi_frame_line_cnt_latch[10]' of 'GTP_DFF_CE' unit is dangling and will be cleaned.
W: Public-4008: Instance 'r_in_d0[0]' of 'GTP_DFF_C' unit is dangling and will be cleaned.
W: Public-4008: Instance 'r_in_d0[1]' of 'GTP_DFF_C' unit is dangling and will be cleaned.
W: Public-4008: Instance 'r_in_d0[2]' of 'GTP_DFF_C' unit is dangling and will be cleaned.
W: Public-4008: Instance 'hdmi_frame_line_cnt_latch[11]' of 'GTP_DFF_CE' unit is dangling and will be cleaned.
W: Public-4008: Instance 'hdmi_frame_line_cnt_latch[12]' of 'GTP_DFF_CE' unit is dangling and will be cleaned.
W: Public-4008: Instance 'hdmi_line_pix_cnt[0]' of 'GTP_DFF_C' unit is dangling and will be cleaned.
W: Public-4008: Instance 'hdmi_line_pix_cnt[1]' of 'GTP_DFF_C' unit is dangling and will be cleaned.
W: Public-4008: Instance 'vs_in_d0' of 'GTP_DFF_C' unit is dangling and will be cleaned.
W: Public-4008: Instance 'hdmi_line_pix_cnt[2]' of 'GTP_DFF_C' unit is dangling and will be cleaned.
W: Public-4008: Instance 'b_in_d0[0]' of 'GTP_DFF_C' unit is dangling and will be cleaned.
W: Public-4008: Instance 'b_in_d0[1]' of 'GTP_DFF_C' unit is dangling and will be cleaned.
W: Public-4008: Instance 'b_in_d0[2]' of 'GTP_DFF_C' unit is dangling and will be cleaned.
W: Public-4008: Instance 'cmos2_d_d0[0]' of 'GTP_DFF' unit is dangling and will be cleaned.
W: Public-4008: Instance 'cmos2_d_d0[1]' of 'GTP_DFF' unit is dangling and will be cleaned.
W: Public-4008: Instance 'cmos2_d_d0[2]' of 'GTP_DFF' unit is dangling and will be cleaned.
W: Public-4008: Instance 'cmos2_d_d0[3]' of 'GTP_DFF' unit is dangling and will be cleaned.
W: Public-4008: Instance 'cmos2_d_d0[4]' of 'GTP_DFF' unit is dangling and will be cleaned.
W: Public-4008: Instance 'cmos2_d_d0[5]' of 'GTP_DFF' unit is dangling and will be cleaned.
W: Public-4008: Instance 'cmos2_d_d0[6]' of 'GTP_DFF' unit is dangling and will be cleaned.
W: Public-4008: Instance 'cmos2_d_d0[7]' of 'GTP_DFF' unit is dangling and will be cleaned.
W: Public-4008: Instance 'cmos2_data_d1[0]' of 'GTP_DFF' unit is dangling and will be cleaned.
W: Public-4008: Instance 'cmos2_data_d1[1]' of 'GTP_DFF' unit is dangling and will be cleaned.
W: Public-4008: Instance 'cmos2_data_d1[2]' of 'GTP_DFF' unit is dangling and will be cleaned.
W: Public-4008: Instance 'cmos2_data_d1[3]' of 'GTP_DFF' unit is dangling and will be cleaned.
W: Public-4008: Instance 'cmos2_data_d1[4]' of 'GTP_DFF' unit is dangling and will be cleaned.
W: Public-4008: Instance 'cmos2_data_d1[5]' of 'GTP_DFF' unit is dangling and will be cleaned.
W: Public-4008: Instance 'cmos2_data_d1[6]' of 'GTP_DFF' unit is dangling and will be cleaned.
W: Public-4008: Instance 'cmos2_data_d1[7]' of 'GTP_DFF' unit is dangling and will be cleaned.
W: Public-4008: Instance 'cmos2_data_d2[0]' of 'GTP_DFF' unit is dangling and will be cleaned.
W: Public-4008: Instance 'cmos2_data_d2[1]' of 'GTP_DFF' unit is dangling and will be cleaned.
W: Public-4008: Instance 'cmos2_data_d2[2]' of 'GTP_DFF' unit is dangling and will be cleaned.
W: Public-4008: Instance 'cmos2_data_d2[3]' of 'GTP_DFF' unit is dangling and will be cleaned.
W: Public-4008: Instance 'cmos2_data_d2[4]' of 'GTP_DFF' unit is dangling and will be cleaned.
W: Public-4008: Instance 'cmos2_data_d2[5]' of 'GTP_DFF' unit is dangling and will be cleaned.
W: Public-4008: Instance 'cmos2_data_d2[6]' of 'GTP_DFF' unit is dangling and will be cleaned.
W: Public-4008: Instance 'cmos2_data_d2[7]' of 'GTP_DFF' unit is dangling and will be cleaned.
W: Public-4008: Instance 'cmos2_href_d0' of 'GTP_DFF' unit is dangling and will be cleaned.
W: Public-4008: Instance 'cmos2_href_d1' of 'GTP_DFF' unit is dangling and will be cleaned.
W: Public-4008: Instance 'cmos2_href_d2' of 'GTP_DFF' unit is dangling and will be cleaned.
W: Public-4008: Instance 'cmos2_vsync_d0' of 'GTP_DFF' unit is dangling and will be cleaned.
W: Public-4008: Instance 'cmos2_vsync_d1' of 'GTP_DFF' unit is dangling and will be cleaned.
W: Public-4008: Instance 'cmos2_vsync_d2' of 'GTP_DFF' unit is dangling and will be cleaned.
W: Public-4008: Instance 'g_in_d0[0]' of 'GTP_DFF_C' unit is dangling and will be cleaned.
W: Public-4008: Instance 'g_in_d0[1]' of 'GTP_DFF_C' unit is dangling and will be cleaned.
W: Public-4008: Instance 'hdmi_frame_line_cnt[0]' of 'GTP_DFF_CE' unit is dangling and will be cleaned.
W: Public-4008: Instance 'hdmi_frame_line_cnt[1]' of 'GTP_DFF_CE' unit is dangling and will be cleaned.
W: Public-4008: Instance 'hdmi_frame_line_cnt[2]' of 'GTP_DFF_CE' unit is dangling and will be cleaned.
W: Public-4008: Instance 'hdmi_frame_line_cnt[3]' of 'GTP_DFF_CE' unit is dangling and will be cleaned.
W: Public-4008: Instance 'hdmi_frame_line_cnt[4]' of 'GTP_DFF_CE' unit is dangling and will be cleaned.
W: Public-4008: Instance 'hdmi_frame_line_cnt[5]' of 'GTP_DFF_CE' unit is dangling and will be cleaned.
W: Public-4008: Instance 'hdmi_frame_line_cnt[6]' of 'GTP_DFF_CE' unit is dangling and will be cleaned.
W: Public-4008: Instance 'hdmi_frame_line_cnt[7]' of 'GTP_DFF_CE' unit is dangling and will be cleaned.
W: Public-4008: Instance 'hdmi_frame_line_cnt[8]' of 'GTP_DFF_CE' unit is dangling and will be cleaned.
W: Public-4008: Instance 'hdmi_frame_line_cnt[9]' of 'GTP_DFF_CE' unit is dangling and will be cleaned.
W: Public-4008: Instance 'hdmi_frame_line_cnt[10]' of 'GTP_DFF_CE' unit is dangling and will be cleaned.
W: Public-4008: Instance 'cmos2_8_16bit/cnt[0]' of 'GTP_DFF_RE' unit is dangling and will be cleaned.
W: Public-4008: Instance 'cmos2_8_16bit/cnt[1]' of 'GTP_DFF_RE' unit is dangling and will be cleaned.
W: Public-4008: Instance 'cmos2_8_16bit/de_i_r' of 'GTP_DFF' unit is dangling and will be cleaned.
W: Public-4008: Instance 'cmos2_8_16bit/de_i_r1' of 'GTP_DFF' unit is dangling and will be cleaned.
W: Public-4008: Instance 'cmos2_8_16bit/de_o' of 'GTP_DFF' unit is dangling and will be cleaned.
W: Public-4008: Instance 'cmos2_8_16bit/de_out1' of 'GTP_DFF' unit is dangling and will be cleaned.
W: Public-4008: Instance 'cmos2_8_16bit/de_out2' of 'GTP_DFF' unit is dangling and will be cleaned.
W: Public-4008: Instance 'cmos2_8_16bit/de_out3' of 'GTP_DFF' unit is dangling and will be cleaned.
W: Public-4008: Instance 'cmos2_8_16bit/enble' of 'GTP_DFF' unit is dangling and will be cleaned.
W: Public-4008: Instance 'cmos2_8_16bit/pdata_i_reg[0]' of 'GTP_DFF_RE' unit is dangling and will be cleaned.
W: Public-4008: Instance 'cmos2_8_16bit/pdata_i_reg[1]' of 'GTP_DFF_RE' unit is dangling and will be cleaned.
W: Public-4008: Instance 'cmos2_8_16bit/pdata_i_reg[2]' of 'GTP_DFF_RE' unit is dangling and will be cleaned.
W: Public-4008: Instance 'cmos2_8_16bit/pdata_i_reg[3]' of 'GTP_DFF_RE' unit is dangling and will be cleaned.
W: Public-4008: Instance 'cmos2_8_16bit/pdata_i_reg[4]' of 'GTP_DFF_RE' unit is dangling and will be cleaned.
W: Public-4008: Instance 'cmos2_8_16bit/pdata_i_reg[5]' of 'GTP_DFF_RE' unit is dangling and will be cleaned.
W: Public-4008: Instance 'cmos2_8_16bit/pdata_i_reg[6]' of 'GTP_DFF_RE' unit is dangling and will be cleaned.
W: Public-4008: Instance 'cmos2_8_16bit/pdata_i_reg[7]' of 'GTP_DFF_RE' unit is dangling and will be cleaned.
W: Public-4008: Instance 'cmos2_8_16bit/pdata_o[0]' of 'GTP_DFF' unit is dangling and will be cleaned.
W: Public-4008: Instance 'cmos2_8_16bit/pdata_o[1]' of 'GTP_DFF' unit is dangling and will be cleaned.
W: Public-4008: Instance 'cmos2_8_16bit/pdata_o[2]' of 'GTP_DFF' unit is dangling and will be cleaned.
W: Public-4008: Instance 'cmos2_8_16bit/pdata_o[3]' of 'GTP_DFF' unit is dangling and will be cleaned.
W: Public-4008: Instance 'cmos2_8_16bit/pdata_o[4]' of 'GTP_DFF' unit is dangling and will be cleaned.
W: Public-4008: Instance 'cmos2_8_16bit/pdata_o[5]' of 'GTP_DFF' unit is dangling and will be cleaned.
W: Public-4008: Instance 'cmos2_8_16bit/pdata_o[6]' of 'GTP_DFF' unit is dangling and will be cleaned.
W: Public-4008: Instance 'cmos2_8_16bit/pdata_o[7]' of 'GTP_DFF' unit is dangling and will be cleaned.
W: Public-4008: Instance 'cmos2_8_16bit/pdata_o[8]' of 'GTP_DFF' unit is dangling and will be cleaned.
W: Public-4008: Instance 'cmos2_8_16bit/pdata_o[9]' of 'GTP_DFF' unit is dangling and will be cleaned.
W: Public-4008: Instance 'cmos2_8_16bit/pdata_o[10]' of 'GTP_DFF' unit is dangling and will be cleaned.
W: Public-4008: Instance 'cmos2_8_16bit/pdata_o[11]' of 'GTP_DFF' unit is dangling and will be cleaned.
W: Public-4008: Instance 'cmos2_8_16bit/pdata_o[12]' of 'GTP_DFF' unit is dangling and will be cleaned.
W: Public-4008: Instance 'cmos2_8_16bit/pdata_o[13]' of 'GTP_DFF' unit is dangling and will be cleaned.
W: Public-4008: Instance 'cmos2_8_16bit/pdata_o[14]' of 'GTP_DFF' unit is dangling and will be cleaned.
W: Public-4008: Instance 'cmos2_8_16bit/pdata_o[15]' of 'GTP_DFF' unit is dangling and will be cleaned.
W: Public-4008: Instance 'cmos2_8_16bit/pdata_out1[0]' of 'GTP_DFF_RE' unit is dangling and will be cleaned.
W: Public-4008: Instance 'cmos2_8_16bit/pdata_out1[1]' of 'GTP_DFF_RE' unit is dangling and will be cleaned.
W: Public-4008: Instance 'cmos2_8_16bit/pdata_out1[2]' of 'GTP_DFF_RE' unit is dangling and will be cleaned.
W: Public-4008: Instance 'cmos2_8_16bit/pdata_out1[3]' of 'GTP_DFF_RE' unit is dangling and will be cleaned.
W: Public-4008: Instance 'cmos2_8_16bit/pdata_out1[4]' of 'GTP_DFF_RE' unit is dangling and will be cleaned.
W: Public-4008: Instance 'cmos2_8_16bit/pdata_out1[5]' of 'GTP_DFF_RE' unit is dangling and will be cleaned.
W: Public-4008: Instance 'cmos2_8_16bit/pdata_out1[6]' of 'GTP_DFF_RE' unit is dangling and will be cleaned.
W: Public-4008: Instance 'cmos2_8_16bit/pdata_out1[7]' of 'GTP_DFF_RE' unit is dangling and will be cleaned.
W: Public-4008: Instance 'cmos2_8_16bit/pdata_out1[8]' of 'GTP_DFF_RE' unit is dangling and will be cleaned.
W: Public-4008: Instance 'cmos2_8_16bit/pdata_out1[9]' of 'GTP_DFF_RE' unit is dangling and will be cleaned.
W: Public-4008: Instance 'cmos2_8_16bit/pdata_out1[10]' of 'GTP_DFF_RE' unit is dangling and will be cleaned.
W: Public-4008: Instance 'cmos2_8_16bit/pdata_out1[11]' of 'GTP_DFF_RE' unit is dangling and will be cleaned.
W: Public-4008: Instance 'cmos2_8_16bit/pdata_out1[12]' of 'GTP_DFF_RE' unit is dangling and will be cleaned.
W: Public-4008: Instance 'cmos2_8_16bit/pdata_out1[13]' of 'GTP_DFF_RE' unit is dangling and will be cleaned.
W: Public-4008: Instance 'cmos2_8_16bit/pdata_out1[14]' of 'GTP_DFF_RE' unit is dangling and will be cleaned.
W: Public-4008: Instance 'cmos2_8_16bit/pdata_out1[15]' of 'GTP_DFF_RE' unit is dangling and will be cleaned.
W: Public-4008: Instance 'cmos2_8_16bit/pdata_out2[0]' of 'GTP_DFF' unit is dangling and will be cleaned.
W: Public-4008: Instance 'cmos2_8_16bit/pdata_out2[1]' of 'GTP_DFF' unit is dangling and will be cleaned.
W: Public-4008: Instance 'cmos2_8_16bit/pdata_out2[2]' of 'GTP_DFF' unit is dangling and will be cleaned.
W: Public-4008: Instance 'cmos2_8_16bit/pdata_out2[3]' of 'GTP_DFF' unit is dangling and will be cleaned.
W: Public-4008: Instance 'cmos2_8_16bit/pdata_out2[4]' of 'GTP_DFF' unit is dangling and will be cleaned.
W: Public-4008: Instance 'cmos2_8_16bit/pdata_out2[5]' of 'GTP_DFF' unit is dangling and will be cleaned.
W: Public-4008: Instance 'cmos2_8_16bit/pdata_out2[6]' of 'GTP_DFF' unit is dangling and will be cleaned.
W: Public-4008: Instance 'cmos2_8_16bit/pdata_out2[7]' of 'GTP_DFF' unit is dangling and will be cleaned.
W: Public-4008: Instance 'cmos2_8_16bit/pdata_out2[8]' of 'GTP_DFF' unit is dangling and will be cleaned.
W: Public-4008: Instance 'cmos2_8_16bit/pdata_out2[9]' of 'GTP_DFF' unit is dangling and will be cleaned.
W: Public-4008: Instance 'cmos2_8_16bit/pdata_out2[10]' of 'GTP_DFF' unit is dangling and will be cleaned.
W: Public-4008: Instance 'cmos2_8_16bit/pdata_out2[11]' of 'GTP_DFF' unit is dangling and will be cleaned.
W: Public-4008: Instance 'cmos2_8_16bit/pdata_out2[12]' of 'GTP_DFF' unit is dangling and will be cleaned.
W: Public-4008: Instance 'cmos2_8_16bit/pdata_out2[13]' of 'GTP_DFF' unit is dangling and will be cleaned.
W: Public-4008: Instance 'cmos2_8_16bit/pdata_out2[14]' of 'GTP_DFF' unit is dangling and will be cleaned.
W: Public-4008: Instance 'cmos2_8_16bit/pdata_out2[15]' of 'GTP_DFF' unit is dangling and will be cleaned.
W: Public-4008: Instance 'cmos2_8_16bit/pdata_out3[0]' of 'GTP_DFF' unit is dangling and will be cleaned.
W: Public-4008: Instance 'cmos2_8_16bit/pdata_out3[1]' of 'GTP_DFF' unit is dangling and will be cleaned.
W: Public-4008: Instance 'cmos2_8_16bit/pdata_out3[2]' of 'GTP_DFF' unit is dangling and will be cleaned.
W: Public-4008: Instance 'cmos2_8_16bit/pdata_out3[3]' of 'GTP_DFF' unit is dangling and will be cleaned.
W: Public-4008: Instance 'cmos2_8_16bit/pdata_out3[4]' of 'GTP_DFF' unit is dangling and will be cleaned.
W: Public-4008: Instance 'cmos2_8_16bit/pdata_out3[5]' of 'GTP_DFF' unit is dangling and will be cleaned.
W: Public-4008: Instance 'cmos2_8_16bit/pdata_out3[6]' of 'GTP_DFF' unit is dangling and will be cleaned.
W: Public-4008: Instance 'cmos2_8_16bit/pdata_out3[7]' of 'GTP_DFF' unit is dangling and will be cleaned.
W: Public-4008: Instance 'cmos2_8_16bit/pdata_out3[8]' of 'GTP_DFF' unit is dangling and will be cleaned.
W: Public-4008: Instance 'cmos2_8_16bit/pdata_out3[9]' of 'GTP_DFF' unit is dangling and will be cleaned.
W: Public-4008: Instance 'cmos2_8_16bit/pdata_out3[10]' of 'GTP_DFF' unit is dangling and will be cleaned.
W: Public-4008: Instance 'cmos2_8_16bit/pdata_out3[11]' of 'GTP_DFF' unit is dangling and will be cleaned.
W: Public-4008: Instance 'cmos2_8_16bit/pdata_out3[12]' of 'GTP_DFF' unit is dangling and will be cleaned.
W: Public-4008: Instance 'cmos2_8_16bit/pdata_out3[13]' of 'GTP_DFF' unit is dangling and will be cleaned.
W: Public-4008: Instance 'cmos2_8_16bit/pdata_out3[14]' of 'GTP_DFF' unit is dangling and will be cleaned.
W: Public-4008: Instance 'cmos2_8_16bit/pdata_out3[15]' of 'GTP_DFF' unit is dangling and will be cleaned.
W: Public-4008: Instance 'cmos2_8_16bit/vs_i_reg' of 'GTP_DFF' unit is dangling and will be cleaned.
W: Public-4008: Instance 'ms72xx_ctl/U1_ms7200_ctl/freq_rec_1d[31]' of 'GTP_DFF' unit is dangling and will be cleaned.
W: Public-4008: Instance 'ms72xx_ctl/U1_ms7200_ctl/freq_rec_1d[30]' of 'GTP_DFF' unit is dangling and will be cleaned.
W: Public-4008: Instance 'ms72xx_ctl/U1_ms7200_ctl/freq_rec_1d[29]' of 'GTP_DFF' unit is dangling and will be cleaned.
W: Public-4008: Instance 'ms72xx_ctl/U1_ms7200_ctl/freq_rec_1d[28]' of 'GTP_DFF' unit is dangling and will be cleaned.
W: Public-4008: Instance 'ms72xx_ctl/U1_ms7200_ctl/freq_rec_1d[27]' of 'GTP_DFF' unit is dangling and will be cleaned.
W: Public-4008: Instance 'ms72xx_ctl/U1_ms7200_ctl/freq_rec_1d[26]' of 'GTP_DFF' unit is dangling and will be cleaned.
W: Public-4008: Instance 'ms72xx_ctl/U1_ms7200_ctl/freq_rec_1d[25]' of 'GTP_DFF' unit is dangling and will be cleaned.
W: Public-4008: Instance 'ms72xx_ctl/U1_ms7200_ctl/freq_rec_1d[24]' of 'GTP_DFF' unit is dangling and will be cleaned.
W: Public-4008: Instance 'ms72xx_ctl/U1_ms7200_ctl/freq_rec_1d[23]' of 'GTP_DFF' unit is dangling and will be cleaned.
W: Public-4008: Instance 'ms72xx_ctl/U1_ms7200_ctl/freq_rec_1d[22]' of 'GTP_DFF' unit is dangling and will be cleaned.
W: Public-4008: Instance 'ms72xx_ctl/U1_ms7200_ctl/freq_rec_1d[21]' of 'GTP_DFF' unit is dangling and will be cleaned.
W: Public-4008: Instance 'ms72xx_ctl/U1_ms7200_ctl/freq_rec_2d[20]' of 'GTP_DFF_E' unit is dangling and will be cleaned.
W: Public-4008: Instance 'ms72xx_ctl/U1_ms7200_ctl/freq_rec_2d[21]' of 'GTP_DFF_E' unit is dangling and will be cleaned.
W: Public-4008: Instance 'ms72xx_ctl/U1_ms7200_ctl/freq_rec_2d[22]' of 'GTP_DFF_E' unit is dangling and will be cleaned.
W: Public-4008: Instance 'ms72xx_ctl/U1_ms7200_ctl/freq_rec_2d[8]' of 'GTP_DFF_E' unit is dangling and will be cleaned.
W: Public-4008: Instance 'ms72xx_ctl/U1_ms7200_ctl/freq_rec_1d[19]' of 'GTP_DFF' unit is dangling and will be cleaned.
W: Public-4008: Instance 'ms72xx_ctl/U1_ms7200_ctl/freq_rec_2d[29]' of 'GTP_DFF_E' unit is dangling and will be cleaned.
W: Public-4008: Instance 'ms72xx_ctl/U1_ms7200_ctl/freq_rec_2d[28]' of 'GTP_DFF_E' unit is dangling and will be cleaned.
W: Public-4008: Instance 'ms72xx_ctl/U1_ms7200_ctl/freq_rec_2d[27]' of 'GTP_DFF_E' unit is dangling and will be cleaned.
W: Public-4008: Instance 'ms72xx_ctl/U1_ms7200_ctl/freq_rec_2d[26]' of 'GTP_DFF_E' unit is dangling and will be cleaned.
W: Public-4008: Instance 'ms72xx_ctl/U1_ms7200_ctl/freq_rec_1d[20]' of 'GTP_DFF' unit is dangling and will be cleaned.
W: Public-4008: Instance 'ms72xx_ctl/U1_ms7200_ctl/freq_rec_2d[25]' of 'GTP_DFF_E' unit is dangling and will be cleaned.
W: Public-4008: Instance 'ms72xx_ctl/U1_ms7200_ctl/freq_rec_2d[7]' of 'GTP_DFF_E' unit is dangling and will be cleaned.
W: Public-4008: Instance 'ms72xx_ctl/U1_ms7200_ctl/freq_rec_2d[19]' of 'GTP_DFF_E' unit is dangling and will be cleaned.
W: Public-4008: Instance 'ms72xx_ctl/U1_ms7200_ctl/freq_rec[14]' of 'GTP_DFF_RE' unit is dangling and will be cleaned.
W: Public-4008: Instance 'ms72xx_ctl/U1_ms7200_ctl/freq_rec[15]' of 'GTP_DFF_RE' unit is dangling and will be cleaned.
W: Public-4008: Instance 'ms72xx_ctl/U1_ms7200_ctl/freq_rec[18]' of 'GTP_DFF_RE' unit is dangling and will be cleaned.
W: Public-4008: Instance 'ms72xx_ctl/U1_ms7200_ctl/freq_rec[19]' of 'GTP_DFF_RE' unit is dangling and will be cleaned.
W: Public-4008: Instance 'ms72xx_ctl/U1_ms7200_ctl/freq_rec[20]' of 'GTP_DFF_RE' unit is dangling and will be cleaned.
W: Public-4008: Instance 'ms72xx_ctl/U1_ms7200_ctl/freq_rec[21]' of 'GTP_DFF_RE' unit is dangling and will be cleaned.
W: Public-4008: Instance 'ms72xx_ctl/U1_ms7200_ctl/freq_rec[22]' of 'GTP_DFF_RE' unit is dangling and will be cleaned.
W: Public-4008: Instance 'ms72xx_ctl/U1_ms7200_ctl/freq_rec[23]' of 'GTP_DFF_RE' unit is dangling and will be cleaned.
W: Public-4008: Instance 'ms72xx_ctl/U1_ms7200_ctl/freq_rec[24]' of 'GTP_DFF_RE' unit is dangling and will be cleaned.
W: Public-4008: Instance 'ms72xx_ctl/U1_ms7200_ctl/freq_rec[25]' of 'GTP_DFF_RE' unit is dangling and will be cleaned.
W: Public-4008: Instance 'ms72xx_ctl/U1_ms7200_ctl/freq_rec[26]' of 'GTP_DFF_RE' unit is dangling and will be cleaned.
W: Public-4008: Instance 'ms72xx_ctl/U1_ms7200_ctl/freq_rec[27]' of 'GTP_DFF_RE' unit is dangling and will be cleaned.
W: Public-4008: Instance 'ms72xx_ctl/U1_ms7200_ctl/freq_rec[28]' of 'GTP_DFF_RE' unit is dangling and will be cleaned.
W: Public-4008: Instance 'ms72xx_ctl/U1_ms7200_ctl/freq_rec[29]' of 'GTP_DFF_RE' unit is dangling and will be cleaned.
W: Public-4008: Instance 'ms72xx_ctl/U1_ms7200_ctl/freq_rec[30]' of 'GTP_DFF_RE' unit is dangling and will be cleaned.
W: Public-4008: Instance 'ms72xx_ctl/U1_ms7200_ctl/freq_rec[31]' of 'GTP_DFF_RE' unit is dangling and will be cleaned.
W: Public-4008: Instance 'ms72xx_ctl/U1_ms7200_ctl/freq_rec_1d[8]' of 'GTP_DFF' unit is dangling and will be cleaned.
W: Public-4008: Instance 'ms72xx_ctl/U1_ms7200_ctl/freq_rec_2d[10]' of 'GTP_DFF_E' unit is dangling and will be cleaned.
W: Public-4008: Instance 'ms72xx_ctl/U1_ms7200_ctl/freq_rec_1d[7]' of 'GTP_DFF' unit is dangling and will be cleaned.
W: Public-4008: Instance 'ms72xx_ctl/U1_ms7200_ctl/freq_rec_1d[13]' of 'GTP_DFF' unit is dangling and will be cleaned.
W: Public-4008: Instance 'ms72xx_ctl/U1_ms7200_ctl/freq_rec_1d[2]' of 'GTP_DFF' unit is dangling and will be cleaned.
W: Public-4008: Instance 'ms72xx_ctl/U1_ms7200_ctl/freq_rec_1d[1]' of 'GTP_DFF' unit is dangling and will be cleaned.
W: Public-4008: Instance 'ms72xx_ctl/U1_ms7200_ctl/freq_rec_1d[0]' of 'GTP_DFF' unit is dangling and will be cleaned.
W: Public-4008: Instance 'ms72xx_ctl/U1_ms7200_ctl/freq_rec[1]' of 'GTP_DFF_RE' unit is dangling and will be cleaned.
W: Public-4008: Instance 'ms72xx_ctl/U1_ms7200_ctl/freq_rec[0]' of 'GTP_DFF_RE' unit is dangling and will be cleaned.
W: Public-4008: Instance 'ms72xx_ctl/U1_ms7200_ctl/freq_rec[8]' of 'GTP_DFF_RE' unit is dangling and will be cleaned.
W: Public-4008: Instance 'ms72xx_ctl/U1_ms7200_ctl/freq_rec[7]' of 'GTP_DFF_RE' unit is dangling and will be cleaned.
W: Public-4008: Instance 'ms72xx_ctl/U1_ms7200_ctl/freq_rec[6]' of 'GTP_DFF_RE' unit is dangling and will be cleaned.
W: Public-4008: Instance 'ms72xx_ctl/U1_ms7200_ctl/freq_rec[5]' of 'GTP_DFF_RE' unit is dangling and will be cleaned.
W: Public-4008: Instance 'ms72xx_ctl/U1_ms7200_ctl/freq_rec[4]' of 'GTP_DFF_RE' unit is dangling and will be cleaned.
W: Public-4008: Instance 'ms72xx_ctl/U1_ms7200_ctl/freq_rec[3]' of 'GTP_DFF_RE' unit is dangling and will be cleaned.
W: Public-4008: Instance 'ms72xx_ctl/U1_ms7200_ctl/freq_rec_2d[31]' of 'GTP_DFF_E' unit is dangling and will be cleaned.
W: Public-4008: Instance 'ms72xx_ctl/U1_ms7200_ctl/freq_rec_2d[9]' of 'GTP_DFF_E' unit is dangling and will be cleaned.
W: Public-4008: Instance 'ms72xx_ctl/U1_ms7200_ctl/freq_rec_1d[15]' of 'GTP_DFF' unit is dangling and will be cleaned.
W: Public-4008: Instance 'ms72xx_ctl/U1_ms7200_ctl/freq_rec_1d[6]' of 'GTP_DFF' unit is dangling and will be cleaned.
W: Public-4008: Instance 'ms72xx_ctl/U1_ms7200_ctl/freq_rec_2d[6]' of 'GTP_DFF_E' unit is dangling and will be cleaned.
W: Public-4008: Instance 'ms72xx_ctl/U1_ms7200_ctl/freq_rec_1d[18]' of 'GTP_DFF' unit is dangling and will be cleaned.
W: Public-4008: Instance 'ms72xx_ctl/U1_ms7200_ctl/freq_rec[9]' of 'GTP_DFF_RE' unit is dangling and will be cleaned.
W: Public-4008: Instance 'ms72xx_ctl/U1_ms7200_ctl/freq_rec[11]' of 'GTP_DFF_RE' unit is dangling and will be cleaned.
W: Public-4008: Instance 'ms72xx_ctl/U1_ms7200_ctl/freq_rec[10]' of 'GTP_DFF_RE' unit is dangling and will be cleaned.
W: Public-4008: Instance 'ms72xx_ctl/U1_ms7200_ctl/freq_rec_2d[24]' of 'GTP_DFF_E' unit is dangling and will be cleaned.
W: Public-4008: Instance 'ms72xx_ctl/U1_ms7200_ctl/freq_rec[12]' of 'GTP_DFF_RE' unit is dangling and will be cleaned.
W: Public-4008: Instance 'ms72xx_ctl/U1_ms7200_ctl/freq_rec[13]' of 'GTP_DFF_RE' unit is dangling and will be cleaned.
W: Public-4008: Instance 'ms72xx_ctl/U1_ms7200_ctl/freq_rec_2d[30]' of 'GTP_DFF_E' unit is dangling and will be cleaned.
W: Public-4008: Instance 'ms72xx_ctl/U1_ms7200_ctl/freq_rec_1d[3]' of 'GTP_DFF' unit is dangling and will be cleaned.
W: Public-4008: Instance 'ms72xx_ctl/U1_ms7200_ctl/freq_rec_1d[4]' of 'GTP_DFF' unit is dangling and will be cleaned.
W: Public-4008: Instance 'ms72xx_ctl/U1_ms7200_ctl/freq_rec_1d[5]' of 'GTP_DFF' unit is dangling and will be cleaned.
W: Public-4008: Instance 'ms72xx_ctl/U1_ms7200_ctl/freq_rec_2d[23]' of 'GTP_DFF_E' unit is dangling and will be cleaned.
W: Public-4008: Instance 'ms72xx_ctl/U1_ms7200_ctl/freq_rec_2d[15]' of 'GTP_DFF_E' unit is dangling and will be cleaned.
W: Public-4008: Instance 'ms72xx_ctl/U1_ms7200_ctl/freq_rec_1d[14]' of 'GTP_DFF' unit is dangling and will be cleaned.
W: Public-4008: Instance 'ms72xx_ctl/U1_ms7200_ctl/freq_rec_1d[12]' of 'GTP_DFF' unit is dangling and will be cleaned.
W: Public-4008: Instance 'ms72xx_ctl/U1_ms7200_ctl/freq_rec_1d[11]' of 'GTP_DFF' unit is dangling and will be cleaned.
W: Public-4008: Instance 'ms72xx_ctl/U1_ms7200_ctl/freq_rec_1d[10]' of 'GTP_DFF' unit is dangling and will be cleaned.
W: Public-4008: Instance 'ms72xx_ctl/U1_ms7200_ctl/freq_rec_1d[9]' of 'GTP_DFF' unit is dangling and will be cleaned.
W: Public-4008: Instance 'ms72xx_ctl/U1_ms7200_ctl/freq_rec_2d[18]' of 'GTP_DFF_E' unit is dangling and will be cleaned.
W: Public-4008: Instance 'ms72xx_ctl/U1_ms7200_ctl/freq_rec_2d[5]' of 'GTP_DFF_E' unit is dangling and will be cleaned.
W: Public-4008: Instance 'ms72xx_ctl/U1_ms7200_ctl/freq_rec_2d[4]' of 'GTP_DFF_E' unit is dangling and will be cleaned.
W: Public-4008: Instance 'ms72xx_ctl/U1_ms7200_ctl/freq_rec_2d[3]' of 'GTP_DFF_E' unit is dangling and will be cleaned.
W: Public-4008: Instance 'ms72xx_ctl/U1_ms7200_ctl/freq_rec_2d[2]' of 'GTP_DFF_E' unit is dangling and will be cleaned.
W: Public-4008: Instance 'ms72xx_ctl/U1_ms7200_ctl/freq_rec_2d[1]' of 'GTP_DFF_E' unit is dangling and will be cleaned.
W: Public-4008: Instance 'ms72xx_ctl/U1_ms7200_ctl/freq_rec_2d[0]' of 'GTP_DFF_E' unit is dangling and will be cleaned.
W: Public-4008: Instance 'ms72xx_ctl/U1_ms7200_ctl/freq_rec[2]' of 'GTP_DFF_RE' unit is dangling and will be cleaned.
W: Public-4008: Instance 'ms72xx_ctl/U1_ms7200_ctl/freq_rec_2d[11]' of 'GTP_DFF_E' unit is dangling and will be cleaned.
W: Public-4008: Instance 'ms72xx_ctl/U1_ms7200_ctl/freq_rec_2d[14]' of 'GTP_DFF_E' unit is dangling and will be cleaned.
W: Public-4008: Instance 'ms72xx_ctl/U1_ms7200_ctl/freq_rec_2d[13]' of 'GTP_DFF_E' unit is dangling and will be cleaned.
W: Public-4008: Instance 'ms72xx_ctl/U1_ms7200_ctl/freq_rec_2d[12]' of 'GTP_DFF_E' unit is dangling and will be cleaned.
Constructing timing graph ...
Timing graph has been constructed successfully
C: STA-3009: The clock cmos1_pclk is not connected to any clock endpoints,it will be treated as a normal port or pin.
C: STA-3009: The clock cmos2_pclk is not connected to any clock endpoints,it will be treated as a normal port or pin.
C: STA-3009: The clock clk_25m is not connected to any clock endpoints,it will be treated as a normal port or pin.
C: STA-3009: The clock cmos2_pclk|cmos2_8_16bit/u_GTP_IOCLKDIV/CLKDIVOUT_Inferred is not connected to any clock endpoints,it will be treated as a normal port or pin.
W: STA-3011: Clock pin 'coms1_reg_config/config_step_reg[0]/CLK' (GTP_DFF_SE.CLK) has no clock, timing propagation is disabled at the pin.
W: STA-3011: Clock pin 'coms1_reg_config/config_step_reg[1]/CLK' (GTP_DFF_RE.CLK) has no clock, timing propagation is disabled at the pin.
W: STA-3011: Clock pin 'coms1_reg_config/config_step_reg[2]/CLK' (GTP_DFF_RE.CLK) has no clock, timing propagation is disabled at the pin.
W: STA-3011: Clock pin 'coms1_reg_config/reg_conf_done_reg/CLK' (GTP_DFF_RE.CLK) has no clock, timing propagation is disabled at the pin.
W: STA-3011: Clock pin 'coms1_reg_config/reg_data/CLKA' (GTP_DRM18K_E1.CLKA) has no clock, timing propagation is disabled at the pin.
W: STA-3011: Clock pin 'coms1_reg_config/reg_data/CLKB' (GTP_DRM18K_E1.CLKB) has no clock, timing propagation is disabled at the pin.
W: STA-3011: Clock pin 'coms1_reg_config/reg_index[0]/CLK' (GTP_DFF_RE.CLK) has no clock, timing propagation is disabled at the pin.
W: STA-3011: Clock pin 'coms1_reg_config/reg_index[1]/CLK' (GTP_DFF_RE.CLK) has no clock, timing propagation is disabled at the pin.
W: STA-3011: Clock pin 'coms1_reg_config/reg_index[2]/CLK' (GTP_DFF_RE.CLK) has no clock, timing propagation is disabled at the pin.
W: STA-3011: Clock pin 'coms1_reg_config/reg_index[3]/CLK' (GTP_DFF_RE.CLK) has no clock, timing propagation is disabled at the pin.
W: STA-3011: Clock pin 'coms1_reg_config/reg_index[4]/CLK' (GTP_DFF_RE.CLK) has no clock, timing propagation is disabled at the pin.
W: STA-3011: Clock pin 'coms1_reg_config/reg_index[5]/CLK' (GTP_DFF_RE.CLK) has no clock, timing propagation is disabled at the pin.
W: STA-3011: Clock pin 'coms1_reg_config/reg_index[6]/CLK' (GTP_DFF_RE.CLK) has no clock, timing propagation is disabled at the pin.
W: STA-3011: Clock pin 'coms1_reg_config/reg_index[7]/CLK' (GTP_DFF_RE.CLK) has no clock, timing propagation is disabled at the pin.
W: STA-3011: Clock pin 'coms1_reg_config/reg_index[8]/CLK' (GTP_DFF_RE.CLK) has no clock, timing propagation is disabled at the pin.
W: STA-3011: Clock pin 'coms1_reg_config/start/CLK' (GTP_DFF_R.CLK) has no clock, timing propagation is disabled at the pin.
W: STA-3011: Clock pin 'coms1_reg_config/u1/cyc_count[0]/CLK' (GTP_DFF_SE.CLK) has no clock, timing propagation is disabled at the pin.
W: STA-3011: Clock pin 'coms1_reg_config/u1/cyc_count[1]/CLK' (GTP_DFF_SE.CLK) has no clock, timing propagation is disabled at the pin.
W: STA-3011: Clock pin 'coms1_reg_config/u1/cyc_count[2]/CLK' (GTP_DFF_SE.CLK) has no clock, timing propagation is disabled at the pin.
W: STA-3011: Clock pin 'coms1_reg_config/u1/cyc_count[3]/CLK' (GTP_DFF_SE.CLK) has no clock, timing propagation is disabled at the pin.
W: STA-3011: Clock pin 'coms1_reg_config/u1/cyc_count[4]/CLK' (GTP_DFF_SE.CLK) has no clock, timing propagation is disabled at the pin.
W: STA-3011: Clock pin 'coms1_reg_config/u1/cyc_count[5]/CLK' (GTP_DFF_SE.CLK) has no clock, timing propagation is disabled at the pin.
W: STA-3011: Clock pin 'coms1_reg_config/u1/reg_sdat/CLK' (GTP_DFF_S.CLK) has no clock, timing propagation is disabled at the pin.
W: STA-3011: Clock pin 'coms1_reg_config/u1/sclk/CLK' (GTP_DFF_S.CLK) has no clock, timing propagation is disabled at the pin.
W: STA-3011: Clock pin 'coms1_reg_config/u1/tr_end/CLK' (GTP_DFF_R.CLK) has no clock, timing propagation is disabled at the pin.
W: STA-3011: Clock pin 'coms2_reg_config/config_step_reg[0]/CLK' (GTP_DFF_SE.CLK) has no clock, timing propagation is disabled at the pin.
W: STA-3011: Clock pin 'coms2_reg_config/config_step_reg[1]/CLK' (GTP_DFF_RE.CLK) has no clock, timing propagation is disabled at the pin.
W: STA-3011: Clock pin 'coms2_reg_config/config_step_reg[2]/CLK' (GTP_DFF_RE.CLK) has no clock, timing propagation is disabled at the pin.
W: STA-3011: Clock pin 'coms2_reg_config/reg_conf_done_reg/CLK' (GTP_DFF_RE.CLK) has no clock, timing propagation is disabled at the pin.
W: STA-3011: Clock pin 'coms2_reg_config/reg_data/CLKA' (GTP_DRM18K_E1.CLKA) has no clock, timing propagation is disabled at the pin.
W: STA-3011: Clock pin 'coms2_reg_config/reg_data/CLKB' (GTP_DRM18K_E1.CLKB) has no clock, timing propagation is disabled at the pin.
W: STA-3011: Clock pin 'coms2_reg_config/reg_index[0]/CLK' (GTP_DFF_RE.CLK) has no clock, timing propagation is disabled at the pin.
W: STA-3011: Clock pin 'coms2_reg_config/reg_index[1]/CLK' (GTP_DFF_RE.CLK) has no clock, timing propagation is disabled at the pin.
W: STA-3011: Clock pin 'coms2_reg_config/reg_index[2]/CLK' (GTP_DFF_RE.CLK) has no clock, timing propagation is disabled at the pin.
W: STA-3011: Clock pin 'coms2_reg_config/reg_index[3]/CLK' (GTP_DFF_RE.CLK) has no clock, timing propagation is disabled at the pin.
W: STA-3011: Clock pin 'coms2_reg_config/reg_index[4]/CLK' (GTP_DFF_RE.CLK) has no clock, timing propagation is disabled at the pin.
W: STA-3011: Clock pin 'coms2_reg_config/reg_index[5]/CLK' (GTP_DFF_RE.CLK) has no clock, timing propagation is disabled at the pin.
W: STA-3011: Clock pin 'coms2_reg_config/reg_index[6]/CLK' (GTP_DFF_RE.CLK) has no clock, timing propagation is disabled at the pin.
W: STA-3011: Clock pin 'coms2_reg_config/reg_index[7]/CLK' (GTP_DFF_RE.CLK) has no clock, timing propagation is disabled at the pin.
W: STA-3011: Clock pin 'coms2_reg_config/reg_index[8]/CLK' (GTP_DFF_RE.CLK) has no clock, timing propagation is disabled at the pin.
W: STA-3011: Clock pin 'coms2_reg_config/start/CLK' (GTP_DFF_R.CLK) has no clock, timing propagation is disabled at the pin.
W: STA-3011: Clock pin 'coms2_reg_config/u1/cyc_count[0]/CLK' (GTP_DFF_SE.CLK) has no clock, timing propagation is disabled at the pin.
W: STA-3011: Clock pin 'coms2_reg_config/u1/cyc_count[1]/CLK' (GTP_DFF_SE.CLK) has no clock, timing propagation is disabled at the pin.
W: STA-3011: Clock pin 'coms2_reg_config/u1/cyc_count[2]/CLK' (GTP_DFF_SE.CLK) has no clock, timing propagation is disabled at the pin.
W: STA-3011: Clock pin 'coms2_reg_config/u1/cyc_count[3]/CLK' (GTP_DFF_SE.CLK) has no clock, timing propagation is disabled at the pin.
W: STA-3011: Clock pin 'coms2_reg_config/u1/cyc_count[4]/CLK' (GTP_DFF_SE.CLK) has no clock, timing propagation is disabled at the pin.
W: STA-3011: Clock pin 'coms2_reg_config/u1/cyc_count[5]/CLK' (GTP_DFF_SE.CLK) has no clock, timing propagation is disabled at the pin.
W: STA-3011: Clock pin 'coms2_reg_config/u1/reg_sdat/CLK' (GTP_DFF_S.CLK) has no clock, timing propagation is disabled at the pin.
W: STA-3011: Clock pin 'coms2_reg_config/u1/sclk/CLK' (GTP_DFF_S.CLK) has no clock, timing propagation is disabled at the pin.
W: STA-3011: Clock pin 'coms2_reg_config/u1/tr_end/CLK' (GTP_DFF_R.CLK) has no clock, timing propagation is disabled at the pin.
W: Timing-4087: Port 'cmos1_scl' is not constrained, it is treated as combinational output.
W: Timing-4087: Port 'cmos1_sda' is not constrained, it is treated as combinational output.
W: Timing-4087: Port 'cmos2_scl' is not constrained, it is treated as combinational output.
W: Timing-4087: Port 'cmos2_sda' is not constrained, it is treated as combinational output.
W: Timing-4086: Port 'hd_sda' is not constrained, it is treated as combinational input.
W: Timing-4087: Port 'hd_sda' is not constrained, it is treated as combinational output.
W: Timing-4086: Port 'mem_dq[0]' is not constrained, it is treated as combinational input.
W: Timing-4087: Port 'mem_dq[0]' is not constrained, it is treated as combinational output.
W: Timing-4086: Port 'mem_dq[1]' is not constrained, it is treated as combinational input.
W: Timing-4087: Port 'mem_dq[1]' is not constrained, it is treated as combinational output.
W: Timing-4086: Port 'mem_dq[2]' is not constrained, it is treated as combinational input.
W: Timing-4087: Port 'mem_dq[2]' is not constrained, it is treated as combinational output.
W: Timing-4086: Port 'mem_dq[3]' is not constrained, it is treated as combinational input.
W: Timing-4087: Port 'mem_dq[3]' is not constrained, it is treated as combinational output.
W: Timing-4086: Port 'mem_dq[4]' is not constrained, it is treated as combinational input.
W: Timing-4087: Port 'mem_dq[4]' is not constrained, it is treated as combinational output.
W: Timing-4086: Port 'mem_dq[5]' is not constrained, it is treated as combinational input.
W: Timing-4087: Port 'mem_dq[5]' is not constrained, it is treated as combinational output.
W: Timing-4086: Port 'mem_dq[6]' is not constrained, it is treated as combinational input.
W: Timing-4087: Port 'mem_dq[6]' is not constrained, it is treated as combinational output.
W: Timing-4086: Port 'mem_dq[7]' is not constrained, it is treated as combinational input.
W: Timing-4087: Port 'mem_dq[7]' is not constrained, it is treated as combinational output.
W: Timing-4086: Port 'mem_dq[8]' is not constrained, it is treated as combinational input.
W: Timing-4087: Port 'mem_dq[8]' is not constrained, it is treated as combinational output.
W: Timing-4086: Port 'mem_dq[9]' is not constrained, it is treated as combinational input.
W: Timing-4087: Port 'mem_dq[9]' is not constrained, it is treated as combinational output.
W: Timing-4086: Port 'mem_dq[10]' is not constrained, it is treated as combinational input.
W: Timing-4087: Port 'mem_dq[10]' is not constrained, it is treated as combinational output.
W: Timing-4086: Port 'mem_dq[11]' is not constrained, it is treated as combinational input.
W: Timing-4087: Port 'mem_dq[11]' is not constrained, it is treated as combinational output.
W: Timing-4086: Port 'mem_dq[12]' is not constrained, it is treated as combinational input.
W: Timing-4087: Port 'mem_dq[12]' is not constrained, it is treated as combinational output.
W: Timing-4086: Port 'mem_dq[13]' is not constrained, it is treated as combinational input.
W: Timing-4087: Port 'mem_dq[13]' is not constrained, it is treated as combinational output.
W: Timing-4086: Port 'mem_dq[14]' is not constrained, it is treated as combinational input.
W: Timing-4087: Port 'mem_dq[14]' is not constrained, it is treated as combinational output.
W: Timing-4086: Port 'mem_dq[15]' is not constrained, it is treated as combinational input.
W: Timing-4087: Port 'mem_dq[15]' is not constrained, it is treated as combinational output.
W: Timing-4087: Port 'mem_dqs[0]' is not constrained, it is treated as combinational output.
W: Timing-4087: Port 'mem_dqs[1]' is not constrained, it is treated as combinational output.
W: Timing-4087: Port 'mem_dqs_n[0]' is not constrained, it is treated as combinational output.
W: Timing-4087: Port 'mem_dqs_n[1]' is not constrained, it is treated as combinational output.
W: Timing-4087: Port 'cmos1_reset' is not constrained, it is treated as combinational output.
W: Timing-4087: Port 'cmos2_reset' is not constrained, it is treated as combinational output.
W: Timing-4087: Port 'cmos_init_done[0]' is not constrained, it is treated as combinational output.
W: Timing-4087: Port 'cmos_init_done[1]' is not constrained, it is treated as combinational output.
W: Timing-4087: Port 'hd_scl' is not constrained, it is treated as combinational output.
W: Timing-4087: Port 'heart_beat_led' is not constrained, it is treated as combinational output.
W: Timing-4087: Port 'mem_a[0]' is not constrained, it is treated as combinational output.
W: Timing-4087: Port 'mem_a[1]' is not constrained, it is treated as combinational output.
W: Timing-4087: Port 'mem_a[2]' is not constrained, it is treated as combinational output.
W: Timing-4087: Port 'mem_a[3]' is not constrained, it is treated as combinational output.
W: Timing-4087: Port 'mem_a[4]' is not constrained, it is treated as combinational output.
W: Timing-4087: Port 'mem_a[5]' is not constrained, it is treated as combinational output.
W: Timing-4087: Port 'mem_a[6]' is not constrained, it is treated as combinational output.
W: Timing-4087: Port 'mem_a[7]' is not constrained, it is treated as combinational output.
W: Timing-4087: Port 'mem_a[8]' is not constrained, it is treated as combinational output.
W: Timing-4087: Port 'mem_a[9]' is not constrained, it is treated as combinational output.
W: Timing-4087: Port 'mem_a[10]' is not constrained, it is treated as combinational output.
W: Timing-4087: Port 'mem_a[11]' is not constrained, it is treated as combinational output.
W: Timing-4087: Port 'mem_a[12]' is not constrained, it is treated as combinational output.
W: Timing-4087: Port 'mem_a[13]' is not constrained, it is treated as combinational output.
W: Timing-4087: Port 'mem_a[14]' is not constrained, it is treated as combinational output.
W: Timing-4087: Port 'mem_ba[0]' is not constrained, it is treated as combinational output.
W: Timing-4087: Port 'mem_ba[1]' is not constrained, it is treated as combinational output.
W: Timing-4087: Port 'mem_ba[2]' is not constrained, it is treated as combinational output.
W: Timing-4087: Port 'mem_cas_n' is not constrained, it is treated as combinational output.
W: Timing-4087: Port 'mem_ck' is not constrained, it is treated as combinational output.
W: Timing-4087: Port 'mem_ck_n' is not constrained, it is treated as combinational output.
W: Timing-4087: Port 'mem_cke' is not constrained, it is treated as combinational output.
W: Timing-4087: Port 'mem_cs_n' is not constrained, it is treated as combinational output.
W: Timing-4087: Port 'mem_dm[0]' is not constrained, it is treated as combinational output.
W: Timing-4087: Port 'mem_dm[1]' is not constrained, it is treated as combinational output.
W: Timing-4087: Port 'mem_odt' is not constrained, it is treated as combinational output.
W: Timing-4087: Port 'mem_ras_n' is not constrained, it is treated as combinational output.
W: Timing-4087: Port 'mem_rst_n' is not constrained, it is treated as combinational output.
W: Timing-4087: Port 'mem_we_n' is not constrained, it is treated as combinational output.
W: Timing-4087: Port 'pclk_led' is not constrained, it is treated as combinational output.
W: Timing-4087: Port 'ref_led' is not constrained, it is treated as combinational output.
W: Timing-4087: Port 'rx_rst_n' is not constrained, it is treated as combinational output.
W: Timing-4087: Port 'txn[0]' is not constrained, it is treated as combinational output.
W: Timing-4087: Port 'txn[1]' is not constrained, it is treated as combinational output.
W: Timing-4087: Port 'txp[0]' is not constrained, it is treated as combinational output.
W: Timing-4087: Port 'txp[1]' is not constrained, it is treated as combinational output.
W: Timing-4086: Port 'b_in[3]' is not constrained, it is treated as combinational input.
W: Timing-4086: Port 'b_in[4]' is not constrained, it is treated as combinational input.
W: Timing-4086: Port 'b_in[5]' is not constrained, it is treated as combinational input.
W: Timing-4086: Port 'b_in[6]' is not constrained, it is treated as combinational input.
W: Timing-4086: Port 'b_in[7]' is not constrained, it is treated as combinational input.
W: Timing-4086: Port 'board_rst_n' is not constrained, it is treated as combinational input.
W: Timing-4086: Port 'de_in' is not constrained, it is treated as combinational input.
W: Timing-4086: Port 'g_in[2]' is not constrained, it is treated as combinational input.
W: Timing-4086: Port 'g_in[3]' is not constrained, it is treated as combinational input.
W: Timing-4086: Port 'g_in[4]' is not constrained, it is treated as combinational input.
W: Timing-4086: Port 'g_in[5]' is not constrained, it is treated as combinational input.
W: Timing-4086: Port 'g_in[6]' is not constrained, it is treated as combinational input.
W: Timing-4086: Port 'g_in[7]' is not constrained, it is treated as combinational input.
W: Timing-4086: Port 'perst_n' is not constrained, it is treated as combinational input.
W: Timing-4086: Port 'r_in[3]' is not constrained, it is treated as combinational input.
W: Timing-4086: Port 'r_in[4]' is not constrained, it is treated as combinational input.
W: Timing-4086: Port 'r_in[5]' is not constrained, it is treated as combinational input.
W: Timing-4086: Port 'r_in[6]' is not constrained, it is treated as combinational input.
W: Timing-4086: Port 'r_in[7]' is not constrained, it is treated as combinational input.
W: Timing-4086: Port 'vs_in' is not constrained, it is treated as combinational input.
Action synthesize: Real time elapsed is 0h:0m:53s
Action synthesize: CPU time elapsed is 0h:0m:37s
Action synthesize: Process CPU time elapsed is 0h:0m:40s
Current time: Thu Jul  9 22:39:41 2026
Action synthesize: Peak memory pool usage is 692 MB
