#Build: Fabric Compiler 2022.2-SP6.4, Build 146967, Jan 31 01:39 2024
#Install: F:\PDS_2022.2-SP6.4\bin
#Application name: pds_shell.exe
#OS: Windows 10 10.0.19045
#Hostname: DESKTOP-P0E5I2S
Generated by Fabric Compiler (version 2022.2-SP6.4 build 146967) at Wed Apr 29 16:32:24 2026
Compiling verification operator library.
Compiling common defs.
Compiling prim grid devices.
Compiling gate devices.
Compiling gate operators.
Building architecture model.
Loading device packaging model.
pnr strategy configuration : 
strategy name : 0
Building architecture floorplan logic view.
Constraint check start.
Executing : def_port {cmos1_scl} LOC=R14 VCCIO=3.3 IOSTANDARD=LVCMOS33 DRIVE=8 SLEW=SLOW NONE=TRUE
C: ConstraintEditor-2002: [C:/Users/DELL/Desktop/4.28_ROI_V2.1/04_camera_pcie_capture_40pin_fmc/project/device_map/image_pcie_capture.pcf(line number: 3)] | Port cmos1_scl has been placed at location R14, whose type is share pin.
Executing : def_port {cmos1_scl} LOC=R14 VCCIO=3.3 IOSTANDARD=LVCMOS33 DRIVE=8 SLEW=SLOW NONE=TRUE successfully
Executing : def_port {cmos1_sda} LOC=P14 VCCIO=3.3 IOSTANDARD=LVCMOS33 DRIVE=8 SLEW=SLOW NONE=TRUE
C: ConstraintEditor-2002: [C:/Users/DELL/Desktop/4.28_ROI_V2.1/04_camera_pcie_capture_40pin_fmc/project/device_map/image_pcie_capture.pcf(line number: 4)] | Port cmos1_sda has been placed at location P14, whose type is share pin.
Executing : def_port {cmos1_sda} LOC=P14 VCCIO=3.3 IOSTANDARD=LVCMOS33 DRIVE=8 SLEW=SLOW NONE=TRUE successfully
Executing : def_port {cmos2_scl} LOC=U20 VCCIO=3.3 IOSTANDARD=LVCMOS33 DRIVE=8 SLEW=SLOW NONE=TRUE
Executing : def_port {cmos2_scl} LOC=U20 VCCIO=3.3 IOSTANDARD=LVCMOS33 DRIVE=8 SLEW=SLOW NONE=TRUE successfully
Executing : def_port {cmos2_sda} LOC=N17 VCCIO=3.3 IOSTANDARD=LVCMOS33 DRIVE=8 SLEW=SLOW NONE=TRUE
Executing : def_port {cmos2_sda} LOC=N17 VCCIO=3.3 IOSTANDARD=LVCMOS33 DRIVE=8 SLEW=SLOW NONE=TRUE successfully
Executing : def_port {cmos3_scl} LOC=E14 VCCIO=3.3 IOSTANDARD=LVCMOS33 DRIVE=8 SLEW=SLOW NONE=TRUE
Executing : def_port {cmos3_scl} LOC=E14 VCCIO=3.3 IOSTANDARD=LVCMOS33 DRIVE=8 SLEW=SLOW NONE=TRUE successfully
Executing : def_port {cmos3_sda} LOC=F16 VCCIO=3.3 IOSTANDARD=LVCMOS33 DRIVE=8 SLEW=SLOW NONE=TRUE
Executing : def_port {cmos3_sda} LOC=F16 VCCIO=3.3 IOSTANDARD=LVCMOS33 DRIVE=8 SLEW=SLOW NONE=TRUE successfully
Executing : def_port {mem_dq[0]} LOC=P6 VCCIO=1.5 IOSTANDARD=SSTL15_I DRIVE=8.9 SLEW=FAST VREF_MODE=INT VREF_MODE_VALUE=0.5 DDR_TERM_MODE=ON UNUSED=TRUE
Executing : def_port {mem_dq[0]} LOC=P6 VCCIO=1.5 IOSTANDARD=SSTL15_I DRIVE=8.9 SLEW=FAST VREF_MODE=INT VREF_MODE_VALUE=0.5 DDR_TERM_MODE=ON UNUSED=TRUE successfully
Executing : def_port {mem_dq[1]} LOC=M5 VCCIO=1.5 IOSTANDARD=SSTL15_I DRIVE=8.9 SLEW=FAST VREF_MODE=INT VREF_MODE_VALUE=0.5 DDR_TERM_MODE=ON UNUSED=TRUE
Executing : def_port {mem_dq[1]} LOC=M5 VCCIO=1.5 IOSTANDARD=SSTL15_I DRIVE=8.9 SLEW=FAST VREF_MODE=INT VREF_MODE_VALUE=0.5 DDR_TERM_MODE=ON UNUSED=TRUE successfully
Executing : def_port {mem_dq[2]} LOC=M6 VCCIO=1.5 IOSTANDARD=SSTL15_I DRIVE=8.9 SLEW=FAST VREF_MODE=INT VREF_MODE_VALUE=0.5 DDR_TERM_MODE=ON UNUSED=TRUE
Executing : def_port {mem_dq[2]} LOC=M6 VCCIO=1.5 IOSTANDARD=SSTL15_I DRIVE=8.9 SLEW=FAST VREF_MODE=INT VREF_MODE_VALUE=0.5 DDR_TERM_MODE=ON UNUSED=TRUE successfully
Executing : def_port {mem_dq[3]} LOC=N2 VCCIO=1.5 IOSTANDARD=SSTL15_I DRIVE=8.9 SLEW=FAST VREF_MODE=INT VREF_MODE_VALUE=0.5 DDR_TERM_MODE=ON UNUSED=TRUE
Executing : def_port {mem_dq[3]} LOC=N2 VCCIO=1.5 IOSTANDARD=SSTL15_I DRIVE=8.9 SLEW=FAST VREF_MODE=INT VREF_MODE_VALUE=0.5 DDR_TERM_MODE=ON UNUSED=TRUE successfully
Executing : def_port {mem_dq[4]} LOC=P2 VCCIO=1.5 IOSTANDARD=SSTL15_I DRIVE=8.9 SLEW=FAST VREF_MODE=INT VREF_MODE_VALUE=0.5 DDR_TERM_MODE=ON UNUSED=TRUE
Executing : def_port {mem_dq[4]} LOC=P2 VCCIO=1.5 IOSTANDARD=SSTL15_I DRIVE=8.9 SLEW=FAST VREF_MODE=INT VREF_MODE_VALUE=0.5 DDR_TERM_MODE=ON UNUSED=TRUE successfully
Executing : def_port {mem_dq[5]} LOC=P1 VCCIO=1.5 IOSTANDARD=SSTL15_I DRIVE=8.9 SLEW=FAST VREF_MODE=INT VREF_MODE_VALUE=0.5 DDR_TERM_MODE=ON UNUSED=TRUE
Executing : def_port {mem_dq[5]} LOC=P1 VCCIO=1.5 IOSTANDARD=SSTL15_I DRIVE=8.9 SLEW=FAST VREF_MODE=INT VREF_MODE_VALUE=0.5 DDR_TERM_MODE=ON UNUSED=TRUE successfully
Executing : def_port {mem_dq[6]} LOC=R1 VCCIO=1.5 IOSTANDARD=SSTL15_I DRIVE=8.9 SLEW=FAST VREF_MODE=INT VREF_MODE_VALUE=0.5 DDR_TERM_MODE=ON UNUSED=TRUE
Executing : def_port {mem_dq[6]} LOC=R1 VCCIO=1.5 IOSTANDARD=SSTL15_I DRIVE=8.9 SLEW=FAST VREF_MODE=INT VREF_MODE_VALUE=0.5 DDR_TERM_MODE=ON UNUSED=TRUE successfully
Executing : def_port {mem_dq[7]} LOC=N4 VCCIO=1.5 IOSTANDARD=SSTL15_I DRIVE=8.9 SLEW=FAST VREF_MODE=INT VREF_MODE_VALUE=0.5 DDR_TERM_MODE=ON UNUSED=TRUE
Executing : def_port {mem_dq[7]} LOC=N4 VCCIO=1.5 IOSTANDARD=SSTL15_I DRIVE=8.9 SLEW=FAST VREF_MODE=INT VREF_MODE_VALUE=0.5 DDR_TERM_MODE=ON UNUSED=TRUE successfully
Executing : def_port {mem_dq[8]} LOC=J6 VCCIO=1.5 IOSTANDARD=SSTL15_I DRIVE=8.9 SLEW=FAST VREF_MODE=INT VREF_MODE_VALUE=0.5 DDR_TERM_MODE=ON UNUSED=TRUE
Executing : def_port {mem_dq[8]} LOC=J6 VCCIO=1.5 IOSTANDARD=SSTL15_I DRIVE=8.9 SLEW=FAST VREF_MODE=INT VREF_MODE_VALUE=0.5 DDR_TERM_MODE=ON UNUSED=TRUE successfully
Executing : def_port {mem_dq[9]} LOC=K6 VCCIO=1.5 IOSTANDARD=SSTL15_I DRIVE=8.9 SLEW=FAST VREF_MODE=INT VREF_MODE_VALUE=0.5 DDR_TERM_MODE=ON UNUSED=TRUE
Executing : def_port {mem_dq[9]} LOC=K6 VCCIO=1.5 IOSTANDARD=SSTL15_I DRIVE=8.9 SLEW=FAST VREF_MODE=INT VREF_MODE_VALUE=0.5 DDR_TERM_MODE=ON UNUSED=TRUE successfully
Executing : def_port {mem_dq[10]} LOC=M2 VCCIO=1.5 IOSTANDARD=SSTL15_I DRIVE=8.9 SLEW=FAST VREF_MODE=INT VREF_MODE_VALUE=0.5 DDR_TERM_MODE=ON UNUSED=TRUE
Executing : def_port {mem_dq[10]} LOC=M2 VCCIO=1.5 IOSTANDARD=SSTL15_I DRIVE=8.9 SLEW=FAST VREF_MODE=INT VREF_MODE_VALUE=0.5 DDR_TERM_MODE=ON UNUSED=TRUE successfully
Executing : def_port {mem_dq[11]} LOC=M3 VCCIO=1.5 IOSTANDARD=SSTL15_I DRIVE=8.9 SLEW=FAST VREF_MODE=INT VREF_MODE_VALUE=0.5 DDR_TERM_MODE=ON UNUSED=TRUE
Executing : def_port {mem_dq[11]} LOC=M3 VCCIO=1.5 IOSTANDARD=SSTL15_I DRIVE=8.9 SLEW=FAST VREF_MODE=INT VREF_MODE_VALUE=0.5 DDR_TERM_MODE=ON UNUSED=TRUE successfully
Executing : def_port {mem_dq[12]} LOC=K3 VCCIO=1.5 IOSTANDARD=SSTL15_I DRIVE=8.9 SLEW=FAST VREF_MODE=INT VREF_MODE_VALUE=0.5 DDR_TERM_MODE=ON UNUSED=TRUE
Executing : def_port {mem_dq[12]} LOC=K3 VCCIO=1.5 IOSTANDARD=SSTL15_I DRIVE=8.9 SLEW=FAST VREF_MODE=INT VREF_MODE_VALUE=0.5 DDR_TERM_MODE=ON UNUSED=TRUE successfully
Executing : def_port {mem_dq[13]} LOC=L3 VCCIO=1.5 IOSTANDARD=SSTL15_I DRIVE=8.9 SLEW=FAST VREF_MODE=INT VREF_MODE_VALUE=0.5 DDR_TERM_MODE=ON UNUSED=TRUE
Executing : def_port {mem_dq[13]} LOC=L3 VCCIO=1.5 IOSTANDARD=SSTL15_I DRIVE=8.9 SLEW=FAST VREF_MODE=INT VREF_MODE_VALUE=0.5 DDR_TERM_MODE=ON UNUSED=TRUE successfully
Executing : def_port {mem_dq[14]} LOC=J4 VCCIO=1.5 IOSTANDARD=SSTL15_I DRIVE=8.9 SLEW=FAST VREF_MODE=INT VREF_MODE_VALUE=0.5 DDR_TERM_MODE=ON UNUSED=TRUE
Executing : def_port {mem_dq[14]} LOC=J4 VCCIO=1.5 IOSTANDARD=SSTL15_I DRIVE=8.9 SLEW=FAST VREF_MODE=INT VREF_MODE_VALUE=0.5 DDR_TERM_MODE=ON UNUSED=TRUE successfully
Executing : def_port {mem_dq[15]} LOC=K4 VCCIO=1.5 IOSTANDARD=SSTL15_I DRIVE=8.9 SLEW=FAST VREF_MODE=INT VREF_MODE_VALUE=0.5 DDR_TERM_MODE=ON UNUSED=TRUE
Executing : def_port {mem_dq[15]} LOC=K4 VCCIO=1.5 IOSTANDARD=SSTL15_I DRIVE=8.9 SLEW=FAST VREF_MODE=INT VREF_MODE_VALUE=0.5 DDR_TERM_MODE=ON UNUSED=TRUE successfully
Executing : def_port {mem_dqs[0]} LOC=P5 VCCIO=1.5 IOSTANDARD=SSTL15D_I DRIVE=8.9 SLEW=FAST VREF_MODE=INT VREF_MODE_VALUE=0.5 DDR_TERM_MODE=ON DDR_RES=60 CP_DYN_TERM=ON UNUSED=TRUE
Executing : def_port {mem_dqs[0]} LOC=P5 VCCIO=1.5 IOSTANDARD=SSTL15D_I DRIVE=8.9 SLEW=FAST VREF_MODE=INT VREF_MODE_VALUE=0.5 DDR_TERM_MODE=ON DDR_RES=60 CP_DYN_TERM=ON UNUSED=TRUE successfully
Executing : def_port {mem_dqs[1]} LOC=M1 VCCIO=1.5 IOSTANDARD=SSTL15D_I DRIVE=8.9 SLEW=FAST VREF_MODE=INT VREF_MODE_VALUE=0.5 DDR_TERM_MODE=ON DDR_RES=60 CP_DYN_TERM=ON UNUSED=TRUE
Executing : def_port {mem_dqs[1]} LOC=M1 VCCIO=1.5 IOSTANDARD=SSTL15D_I DRIVE=8.9 SLEW=FAST VREF_MODE=INT VREF_MODE_VALUE=0.5 DDR_TERM_MODE=ON DDR_RES=60 CP_DYN_TERM=ON UNUSED=TRUE successfully
Executing : def_port {mem_dqs_n[0]} LOC=P4 VCCIO=1.5 IOSTANDARD=SSTL15D_I DRIVE=8.9 SLEW=FAST VREF_MODE=INT VREF_MODE_VALUE=0.5 DDR_TERM_MODE=ON DDR_RES=60 CP_DYN_TERM=ON UNUSED=TRUE
Executing : def_port {mem_dqs_n[0]} LOC=P4 VCCIO=1.5 IOSTANDARD=SSTL15D_I DRIVE=8.9 SLEW=FAST VREF_MODE=INT VREF_MODE_VALUE=0.5 DDR_TERM_MODE=ON DDR_RES=60 CP_DYN_TERM=ON UNUSED=TRUE successfully
Executing : def_port {mem_dqs_n[1]} LOC=L1 VCCIO=1.5 IOSTANDARD=SSTL15D_I DRIVE=8.9 SLEW=FAST VREF_MODE=INT VREF_MODE_VALUE=0.5 DDR_TERM_MODE=ON DDR_RES=60 CP_DYN_TERM=ON UNUSED=TRUE
Executing : def_port {mem_dqs_n[1]} LOC=L1 VCCIO=1.5 IOSTANDARD=SSTL15D_I DRIVE=8.9 SLEW=FAST VREF_MODE=INT VREF_MODE_VALUE=0.5 DDR_TERM_MODE=ON DDR_RES=60 CP_DYN_TERM=ON UNUSED=TRUE successfully
Executing : def_port {cmos1_reset} LOC=V18 VCCIO=3.3 IOSTANDARD=LVCMOS33 DRIVE=8 SLEW=SLOW NONE=TRUE
Executing : def_port {cmos1_reset} LOC=V18 VCCIO=3.3 IOSTANDARD=LVCMOS33 DRIVE=8 SLEW=SLOW NONE=TRUE successfully
Executing : def_port {cmos2_reset} LOC=AA21 VCCIO=3.3 IOSTANDARD=LVCMOS33 DRIVE=8 SLEW=SLOW NONE=TRUE
C: ConstraintEditor-2002: [C:/Users/DELL/Desktop/4.28_ROI_V2.1/04_camera_pcie_capture_40pin_fmc/project/device_map/image_pcie_capture.pcf(line number: 30)] | Port cmos2_reset has been placed at location AA21, whose type is share pin.
Executing : def_port {cmos2_reset} LOC=AA21 VCCIO=3.3 IOSTANDARD=LVCMOS33 DRIVE=8 SLEW=SLOW NONE=TRUE successfully
Executing : def_port {cmos3_reset} LOC=B13 VCCIO=3.3 IOSTANDARD=LVCMOS33 DRIVE=8 SLEW=SLOW NONE=TRUE
Executing : def_port {cmos3_reset} LOC=B13 VCCIO=3.3 IOSTANDARD=LVCMOS33 DRIVE=8 SLEW=SLOW NONE=TRUE successfully
Executing : def_port {cmos_init_done[0]} LOC=M17 VCCIO=1.8 IOSTANDARD=LVCMOS18 DRIVE=4 SLEW=FAST NONE=TRUE
Executing : def_port {cmos_init_done[0]} LOC=M17 VCCIO=1.8 IOSTANDARD=LVCMOS18 DRIVE=4 SLEW=FAST NONE=TRUE successfully
Executing : def_port {cmos_init_done[1]} LOC=J16 VCCIO=1.8 IOSTANDARD=LVCMOS18 DRIVE=4 SLEW=FAST NONE=TRUE
Executing : def_port {cmos_init_done[1]} LOC=J16 VCCIO=1.8 IOSTANDARD=LVCMOS18 DRIVE=4 SLEW=FAST NONE=TRUE successfully
Executing : def_port {mem_a[0]} LOC=T1 VCCIO=1.5 IOSTANDARD=SSTL15_I DRIVE=8.9 SLEW=FAST UNUSED=TRUE
Executing : def_port {mem_a[0]} LOC=T1 VCCIO=1.5 IOSTANDARD=SSTL15_I DRIVE=8.9 SLEW=FAST UNUSED=TRUE successfully
Executing : def_port {mem_a[1]} LOC=U1 VCCIO=1.5 IOSTANDARD=SSTL15_I DRIVE=8.9 SLEW=FAST UNUSED=TRUE
Executing : def_port {mem_a[1]} LOC=U1 VCCIO=1.5 IOSTANDARD=SSTL15_I DRIVE=8.9 SLEW=FAST UNUSED=TRUE successfully
Executing : def_port {mem_a[2]} LOC=U2 VCCIO=1.5 IOSTANDARD=SSTL15_I DRIVE=8.9 SLEW=FAST UNUSED=TRUE
Executing : def_port {mem_a[2]} LOC=U2 VCCIO=1.5 IOSTANDARD=SSTL15_I DRIVE=8.9 SLEW=FAST UNUSED=TRUE successfully
Executing : def_port {mem_a[3]} LOC=V2 VCCIO=1.5 IOSTANDARD=SSTL15_I DRIVE=8.9 SLEW=FAST UNUSED=TRUE
Executing : def_port {mem_a[3]} LOC=V2 VCCIO=1.5 IOSTANDARD=SSTL15_I DRIVE=8.9 SLEW=FAST UNUSED=TRUE successfully
Executing : def_port {mem_a[4]} LOC=R3 VCCIO=1.5 IOSTANDARD=SSTL15_I DRIVE=8.9 SLEW=FAST UNUSED=TRUE
Executing : def_port {mem_a[4]} LOC=R3 VCCIO=1.5 IOSTANDARD=SSTL15_I DRIVE=8.9 SLEW=FAST UNUSED=TRUE successfully
Executing : def_port {mem_a[5]} LOC=R2 VCCIO=1.5 IOSTANDARD=SSTL15_I DRIVE=8.9 SLEW=FAST UNUSED=TRUE
Executing : def_port {mem_a[5]} LOC=R2 VCCIO=1.5 IOSTANDARD=SSTL15_I DRIVE=8.9 SLEW=FAST UNUSED=TRUE successfully
Executing : def_port {mem_a[6]} LOC=W2 VCCIO=1.5 IOSTANDARD=SSTL15_I DRIVE=8.9 SLEW=FAST UNUSED=TRUE
Executing : def_port {mem_a[6]} LOC=W2 VCCIO=1.5 IOSTANDARD=SSTL15_I DRIVE=8.9 SLEW=FAST UNUSED=TRUE successfully
Executing : def_port {mem_a[7]} LOC=Y2 VCCIO=1.5 IOSTANDARD=SSTL15_I DRIVE=8.9 SLEW=FAST UNUSED=TRUE
Executing : def_port {mem_a[7]} LOC=Y2 VCCIO=1.5 IOSTANDARD=SSTL15_I DRIVE=8.9 SLEW=FAST UNUSED=TRUE successfully
Executing : def_port {mem_a[8]} LOC=W1 VCCIO=1.5 IOSTANDARD=SSTL15_I DRIVE=8.9 SLEW=FAST UNUSED=TRUE
Executing : def_port {mem_a[8]} LOC=W1 VCCIO=1.5 IOSTANDARD=SSTL15_I DRIVE=8.9 SLEW=FAST UNUSED=TRUE successfully
Executing : def_port {mem_a[9]} LOC=Y1 VCCIO=1.5 IOSTANDARD=SSTL15_I DRIVE=8.9 SLEW=FAST UNUSED=TRUE
Executing : def_port {mem_a[9]} LOC=Y1 VCCIO=1.5 IOSTANDARD=SSTL15_I DRIVE=8.9 SLEW=FAST UNUSED=TRUE successfully
Executing : def_port {mem_a[10]} LOC=U3 VCCIO=1.5 IOSTANDARD=SSTL15_I DRIVE=8.9 SLEW=FAST UNUSED=TRUE
Executing : def_port {mem_a[10]} LOC=U3 VCCIO=1.5 IOSTANDARD=SSTL15_I DRIVE=8.9 SLEW=FAST UNUSED=TRUE successfully
Executing : def_port {mem_a[11]} LOC=AA1 VCCIO=1.5 IOSTANDARD=SSTL15_I DRIVE=8.9 SLEW=FAST UNUSED=TRUE
Executing : def_port {mem_a[11]} LOC=AA1 VCCIO=1.5 IOSTANDARD=SSTL15_I DRIVE=8.9 SLEW=FAST UNUSED=TRUE successfully
Executing : def_port {mem_a[12]} LOC=AB1 VCCIO=1.5 IOSTANDARD=SSTL15_I DRIVE=8.9 SLEW=FAST UNUSED=TRUE
Executing : def_port {mem_a[12]} LOC=AB1 VCCIO=1.5 IOSTANDARD=SSTL15_I DRIVE=8.9 SLEW=FAST UNUSED=TRUE successfully
Executing : def_port {mem_a[13]} LOC=AB3 VCCIO=1.5 IOSTANDARD=SSTL15_I DRIVE=8.9 SLEW=FAST UNUSED=TRUE
Executing : def_port {mem_a[13]} LOC=AB3 VCCIO=1.5 IOSTANDARD=SSTL15_I DRIVE=8.9 SLEW=FAST UNUSED=TRUE successfully
Executing : def_port {mem_a[14]} LOC=AB2 VCCIO=1.5 IOSTANDARD=SSTL15_I DRIVE=8.9 SLEW=FAST UNUSED=TRUE
Executing : def_port {mem_a[14]} LOC=AB2 VCCIO=1.5 IOSTANDARD=SSTL15_I DRIVE=8.9 SLEW=FAST UNUSED=TRUE successfully
Executing : def_port {mem_ba[0]} LOC=AA3 VCCIO=1.5 IOSTANDARD=SSTL15_I DRIVE=8.9 SLEW=FAST UNUSED=TRUE
Executing : def_port {mem_ba[0]} LOC=AA3 VCCIO=1.5 IOSTANDARD=SSTL15_I DRIVE=8.9 SLEW=FAST UNUSED=TRUE successfully
Executing : def_port {mem_ba[1]} LOC=AA5 VCCIO=1.5 IOSTANDARD=SSTL15_I DRIVE=8.9 SLEW=FAST UNUSED=TRUE
Executing : def_port {mem_ba[1]} LOC=AA5 VCCIO=1.5 IOSTANDARD=SSTL15_I DRIVE=8.9 SLEW=FAST UNUSED=TRUE successfully
Executing : def_port {mem_ba[2]} LOC=AB5 VCCIO=1.5 IOSTANDARD=SSTL15_I DRIVE=8.9 SLEW=FAST UNUSED=TRUE
Executing : def_port {mem_ba[2]} LOC=AB5 VCCIO=1.5 IOSTANDARD=SSTL15_I DRIVE=8.9 SLEW=FAST UNUSED=TRUE successfully
Executing : def_port {mem_cas_n} LOC=U6 VCCIO=1.5 IOSTANDARD=SSTL15_I DRIVE=8.9 SLEW=FAST UNUSED=TRUE
Executing : def_port {mem_cas_n} LOC=U6 VCCIO=1.5 IOSTANDARD=SSTL15_I DRIVE=8.9 SLEW=FAST UNUSED=TRUE successfully
Executing : def_port {mem_ck} LOC=Y4 VCCIO=1.5 IOSTANDARD=SSTL15D_I DRIVE=8.9 SLEW=FAST UNUSED=TRUE
Executing : def_port {mem_ck} LOC=Y4 VCCIO=1.5 IOSTANDARD=SSTL15D_I DRIVE=8.9 SLEW=FAST UNUSED=TRUE successfully
Executing : def_port {mem_ck_n} LOC=AA4 VCCIO=1.5 IOSTANDARD=SSTL15D_I DRIVE=8.9 SLEW=FAST UNUSED=TRUE
Executing : def_port {mem_ck_n} LOC=AA4 VCCIO=1.5 IOSTANDARD=SSTL15D_I DRIVE=8.9 SLEW=FAST UNUSED=TRUE successfully
Executing : def_port {mem_cke} LOC=W4 VCCIO=1.5 IOSTANDARD=SSTL15_I DRIVE=8.9 SLEW=FAST UNUSED=TRUE
Executing : def_port {mem_cke} LOC=W4 VCCIO=1.5 IOSTANDARD=SSTL15_I DRIVE=8.9 SLEW=FAST UNUSED=TRUE successfully
Executing : def_port {mem_cs_n} LOC=V5 VCCIO=1.5 IOSTANDARD=SSTL15_I DRIVE=8.9 SLEW=FAST UNUSED=TRUE
Executing : def_port {mem_cs_n} LOC=V5 VCCIO=1.5 IOSTANDARD=SSTL15_I DRIVE=8.9 SLEW=FAST UNUSED=TRUE successfully
Executing : def_port {mem_dm[0]} LOC=N5 VCCIO=1.5 IOSTANDARD=SSTL15_I DRIVE=8.9 SLEW=FAST UNUSED=TRUE
Executing : def_port {mem_dm[0]} LOC=N5 VCCIO=1.5 IOSTANDARD=SSTL15_I DRIVE=8.9 SLEW=FAST UNUSED=TRUE successfully
Executing : def_port {mem_dm[1]} LOC=L5 VCCIO=1.5 IOSTANDARD=SSTL15_I DRIVE=8.9 SLEW=FAST UNUSED=TRUE
Executing : def_port {mem_dm[1]} LOC=L5 VCCIO=1.5 IOSTANDARD=SSTL15_I DRIVE=8.9 SLEW=FAST UNUSED=TRUE successfully
Executing : def_port {mem_odt} LOC=R6 VCCIO=1.5 IOSTANDARD=SSTL15_I DRIVE=8.9 SLEW=FAST UNUSED=TRUE
Executing : def_port {mem_odt} LOC=R6 VCCIO=1.5 IOSTANDARD=SSTL15_I DRIVE=8.9 SLEW=FAST UNUSED=TRUE successfully
Executing : def_port {mem_ras_n} LOC=W5 VCCIO=1.5 IOSTANDARD=SSTL15_I DRIVE=8.9 SLEW=FAST UNUSED=TRUE
Executing : def_port {mem_ras_n} LOC=W5 VCCIO=1.5 IOSTANDARD=SSTL15_I DRIVE=8.9 SLEW=FAST UNUSED=TRUE successfully
Executing : def_port {mem_rst_n} LOC=T3 VCCIO=1.5 IOSTANDARD=SSTL15_I DRIVE=8.9 SLEW=FAST UNUSED=TRUE
Executing : def_port {mem_rst_n} LOC=T3 VCCIO=1.5 IOSTANDARD=SSTL15_I DRIVE=8.9 SLEW=FAST UNUSED=TRUE successfully
Executing : def_port {mem_we_n} LOC=W6 VCCIO=1.5 IOSTANDARD=SSTL15_I DRIVE=8.9 SLEW=FAST UNUSED=TRUE
Executing : def_port {mem_we_n} LOC=W6 VCCIO=1.5 IOSTANDARD=SSTL15_I DRIVE=8.9 SLEW=FAST UNUSED=TRUE successfully
Executing : def_port {board_rst_n} LOC=M15 VCCIO=1.8 IOSTANDARD=LVCMOS18 UNUSED=TRUE
C: ConstraintEditor-2002: [C:/Users/DELL/Desktop/4.28_ROI_V2.1/04_camera_pcie_capture_40pin_fmc/project/device_map/image_pcie_capture.pcf(line number: 63)] | Port board_rst_n has been placed at location M15, whose type is share pin.
Executing : def_port {board_rst_n} LOC=M15 VCCIO=1.8 IOSTANDARD=LVCMOS18 UNUSED=TRUE successfully
Executing : def_port {cmos1_pclk} LOC=T18 VCCIO=3.3 IOSTANDARD=LVCMOS33 NONE=TRUE
C: ConstraintEditor-2002: [C:/Users/DELL/Desktop/4.28_ROI_V2.1/04_camera_pcie_capture_40pin_fmc/project/device_map/image_pcie_capture.pcf(line number: 64)] | Port cmos1_pclk has been placed at location T18, whose type is share pin.
Executing : def_port {cmos1_pclk} LOC=T18 VCCIO=3.3 IOSTANDARD=LVCMOS33 NONE=TRUE successfully
Executing : def_port {cmos1_vsync} LOC=W17 VCCIO=3.3 IOSTANDARD=LVCMOS33 NONE=TRUE
C: ConstraintEditor-2002: [C:/Users/DELL/Desktop/4.28_ROI_V2.1/04_camera_pcie_capture_40pin_fmc/project/device_map/image_pcie_capture.pcf(line number: 65)] | Port cmos1_vsync has been placed at location W17, whose type is share pin.
Executing : def_port {cmos1_vsync} LOC=W17 VCCIO=3.3 IOSTANDARD=LVCMOS33 NONE=TRUE successfully
Executing : def_port {cmos2_data[0]} LOC=U17 VCCIO=3.3 IOSTANDARD=LVCMOS33 NONE=TRUE
C: ConstraintEditor-2002: [C:/Users/DELL/Desktop/4.28_ROI_V2.1/04_camera_pcie_capture_40pin_fmc/project/device_map/image_pcie_capture.pcf(line number: 66)] | Port cmos2_data[0] has been placed at location U17, whose type is share pin.
Executing : def_port {cmos2_data[0]} LOC=U17 VCCIO=3.3 IOSTANDARD=LVCMOS33 NONE=TRUE successfully
Executing : def_port {cmos2_data[1]} LOC=V20 VCCIO=3.3 IOSTANDARD=LVCMOS33 NONE=TRUE
Executing : def_port {cmos2_data[1]} LOC=V20 VCCIO=3.3 IOSTANDARD=LVCMOS33 NONE=TRUE successfully
Executing : def_port {cmos2_data[2]} LOC=R16 VCCIO=3.3 IOSTANDARD=LVCMOS33 NONE=TRUE
C: ConstraintEditor-2002: [C:/Users/DELL/Desktop/4.28_ROI_V2.1/04_camera_pcie_capture_40pin_fmc/project/device_map/image_pcie_capture.pcf(line number: 68)] | Port cmos2_data[2] has been placed at location R16, whose type is share pin.
Executing : def_port {cmos2_data[2]} LOC=R16 VCCIO=3.3 IOSTANDARD=LVCMOS33 NONE=TRUE successfully
Executing : def_port {cmos2_data[3]} LOC=P15 VCCIO=3.3 IOSTANDARD=LVCMOS33 NONE=TRUE
C: ConstraintEditor-2002: [C:/Users/DELL/Desktop/4.28_ROI_V2.1/04_camera_pcie_capture_40pin_fmc/project/device_map/image_pcie_capture.pcf(line number: 69)] | Port cmos2_data[3] has been placed at location P15, whose type is share pin.
Executing : def_port {cmos2_data[3]} LOC=P15 VCCIO=3.3 IOSTANDARD=LVCMOS33 NONE=TRUE successfully
Executing : def_port {cmos2_data[4]} LOC=W19 VCCIO=3.3 IOSTANDARD=LVCMOS33 NONE=TRUE
Executing : def_port {cmos2_data[4]} LOC=W19 VCCIO=3.3 IOSTANDARD=LVCMOS33 NONE=TRUE successfully
Executing : def_port {cmos2_data[5]} LOC=W20 VCCIO=3.3 IOSTANDARD=LVCMOS33 NONE=TRUE
Executing : def_port {cmos2_data[5]} LOC=W20 VCCIO=3.3 IOSTANDARD=LVCMOS33 NONE=TRUE successfully
Executing : def_port {cmos2_data[6]} LOC=P17 VCCIO=3.3 IOSTANDARD=LVCMOS18 NONE=TRUE
C: ConstraintEditor-2002: [C:/Users/DELL/Desktop/4.28_ROI_V2.1/04_camera_pcie_capture_40pin_fmc/project/device_map/image_pcie_capture.pcf(line number: 72)] | Port cmos2_data[6] has been placed at location P17, whose type is share pin.
Executing : def_port {cmos2_data[6]} LOC=P17 VCCIO=3.3 IOSTANDARD=LVCMOS18 NONE=TRUE successfully
Executing : def_port {cmos2_data[7]} LOC=AB18 VCCIO=3.3 IOSTANDARD=LVCMOS33 NONE=TRUE
C: ConstraintEditor-2002: [C:/Users/DELL/Desktop/4.28_ROI_V2.1/04_camera_pcie_capture_40pin_fmc/project/device_map/image_pcie_capture.pcf(line number: 73)] | Port cmos2_data[7] has been placed at location AB18, whose type is share pin.
Executing : def_port {cmos2_data[7]} LOC=AB18 VCCIO=3.3 IOSTANDARD=LVCMOS33 NONE=TRUE successfully
Executing : def_port {cmos2_href} LOC=U18 VCCIO=3.3 IOSTANDARD=LVCMOS33 NONE=TRUE
C: ConstraintEditor-2002: [C:/Users/DELL/Desktop/4.28_ROI_V2.1/04_camera_pcie_capture_40pin_fmc/project/device_map/image_pcie_capture.pcf(line number: 74)] | Port cmos2_href has been placed at location U18, whose type is share pin.
Executing : def_port {cmos2_href} LOC=U18 VCCIO=3.3 IOSTANDARD=LVCMOS33 NONE=TRUE successfully
Executing : def_port {cmos2_pclk} LOC=P16 VCCIO=3.3 IOSTANDARD=LVCMOS33 NONE=TRUE
C: ConstraintEditor-2002: [C:/Users/DELL/Desktop/4.28_ROI_V2.1/04_camera_pcie_capture_40pin_fmc/project/device_map/image_pcie_capture.pcf(line number: 75)] | Port cmos2_pclk has been placed at location P16, whose type is share pin.
Executing : def_port {cmos2_pclk} LOC=P16 VCCIO=3.3 IOSTANDARD=LVCMOS33 NONE=TRUE successfully
Executing : def_port {cmos2_vsync} LOC=R17 VCCIO=3.3 IOSTANDARD=LVCMOS33 NONE=TRUE
C: ConstraintEditor-2002: [C:/Users/DELL/Desktop/4.28_ROI_V2.1/04_camera_pcie_capture_40pin_fmc/project/device_map/image_pcie_capture.pcf(line number: 76)] | Port cmos2_vsync has been placed at location R17, whose type is share pin.
Executing : def_port {cmos2_vsync} LOC=R17 VCCIO=3.3 IOSTANDARD=LVCMOS33 NONE=TRUE successfully
Executing : def_port {cmos3_pclk} LOC=C18 VCCIO=3.3 IOSTANDARD=LVCMOS33 NONE=TRUE
Executing : def_port {cmos3_pclk} LOC=C18 VCCIO=3.3 IOSTANDARD=LVCMOS33 NONE=TRUE successfully
Executing : def_port {cmos3_vsync} LOC=A15 VCCIO=3.3 IOSTANDARD=LVCMOS33 NONE=TRUE
Executing : def_port {cmos3_vsync} LOC=A15 VCCIO=3.3 IOSTANDARD=LVCMOS33 NONE=TRUE successfully
Executing : def_port {free_clk} LOC=V4 VCCIO=1.5 IOSTANDARD=LVCMOS15 UNUSED=TRUE
Executing : def_port {free_clk} LOC=V4 VCCIO=1.5 IOSTANDARD=LVCMOS15 UNUSED=TRUE successfully
Executing : def_port {perst_n} LOC=M16 VCCIO=1.8 IOSTANDARD=LVCMOS18 NONE=TRUE
C: ConstraintEditor-2002: [C:/Users/DELL/Desktop/4.28_ROI_V2.1/04_camera_pcie_capture_40pin_fmc/project/device_map/image_pcie_capture.pcf(line number: 80)] | Port perst_n has been placed at location M16, whose type is share pin.
Executing : def_port {perst_n} LOC=M16 VCCIO=1.8 IOSTANDARD=LVCMOS18 NONE=TRUE successfully
Executing : def_port {ref_clk_n} LOC=E6
Executing : def_port {ref_clk_n} LOC=E6 successfully
Executing : def_port {ref_clk_p} LOC=F6
Executing : def_port {ref_clk_p} LOC=F6 successfully
Executing : def_inst_site {I_ips_ddr_top/u_ddrphy_top/ddrphy_reset_ctrl/ddrphy_ioclk_gate[0]/opit_0_inv} CLMA_285_54 FF3
Executing : def_inst_site {I_ips_ddr_top/u_ddrphy_top/ddrphy_reset_ctrl/ddrphy_ioclk_gate[0]/opit_0_inv} CLMA_285_54 FF3 successfully
Executing : def_inst_site {I_ips_ddr_top/u_ddrphy_top/ddrphy_reset_ctrl/ddrphy_ioclk_gate[1]/opit_0_inv} CLMA_285_360 FF3
Executing : def_inst_site {I_ips_ddr_top/u_ddrphy_top/ddrphy_reset_ctrl/ddrphy_ioclk_gate[1]/opit_0_inv} CLMA_285_360 FF3 successfully
Executing : def_inst_site {u_ips2l_pcie_wrap/U_IPS2L_PCIE_TOP/U_IPS2L_HSSTLP_PCIE_SOFT_PHY/x2.GTP_HSST_2LANE_TOP/U_GTP_HSSTLP_WRAPPER/CHANNEL0_ENABLE.U_GTP_HSSTLP_LANE0/gophsst} HSSTLP_364_918 U0_HSSTLP_LANE
Executing : def_inst_site {u_ips2l_pcie_wrap/U_IPS2L_PCIE_TOP/U_IPS2L_HSSTLP_PCIE_SOFT_PHY/x2.GTP_HSST_2LANE_TOP/U_GTP_HSSTLP_WRAPPER/CHANNEL0_ENABLE.U_GTP_HSSTLP_LANE0/gophsst} HSSTLP_364_918 U0_HSSTLP_LANE successfully
Executing : def_inst_site {u_ips2l_pcie_wrap/U_IPS2L_PCIE_TOP/U_IPS2L_HSSTLP_PCIE_SOFT_PHY/x2.GTP_HSST_2LANE_TOP/U_GTP_HSSTLP_WRAPPER/CHANNEL1_ENABLE.U_GTP_HSSTLP_LANE1/gophsst} HSSTLP_364_918 U1_HSSTLP_LANE
Executing : def_inst_site {u_ips2l_pcie_wrap/U_IPS2L_PCIE_TOP/U_IPS2L_HSSTLP_PCIE_SOFT_PHY/x2.GTP_HSST_2LANE_TOP/U_GTP_HSSTLP_WRAPPER/CHANNEL1_ENABLE.U_GTP_HSSTLP_LANE1/gophsst} HSSTLP_364_918 U1_HSSTLP_LANE successfully
Executing : def_inst_site {u_ips2l_pcie_wrap/U_IPS2L_PCIE_TOP/U_IPS2L_HSSTLP_PCIE_SOFT_PHY/x2.GTP_HSST_2LANE_TOP/U_GTP_HSSTLP_WRAPPER/PLL0_ENABLE.U_GTP_HSSTLP_PLL0/gophsst} HSSTLP_364_918 U0_HSSTLP_PLL
Executing : def_inst_site {u_ips2l_pcie_wrap/U_IPS2L_PCIE_TOP/U_IPS2L_HSSTLP_PCIE_SOFT_PHY/x2.GTP_HSST_2LANE_TOP/U_GTP_HSSTLP_WRAPPER/PLL0_ENABLE.U_GTP_HSSTLP_PLL0/gophsst} HSSTLP_364_918 U0_HSSTLP_PLL successfully
W: ConstraintEditor-4019: Port Bus 'cmos1_data' unspecified I/O constraint.
W: ConstraintEditor-4019: Port Bus 'cmos3_data' unspecified I/O constraint.
W: ConstraintEditor-4019: Port Bus 'rxn' unspecified I/O constraint.
W: ConstraintEditor-4019: Port Bus 'rxp' unspecified I/O constraint.
W: ConstraintEditor-4019: Port Bus 'txn' unspecified I/O constraint.
W: ConstraintEditor-4019: Port Bus 'txp' unspecified I/O constraint.
W: ConstraintEditor-4019: Port 'cmos1_href' unspecified I/O constraint.
W: ConstraintEditor-4019: Port 'cmos3_href' unspecified I/O constraint.
W: ConstraintEditor-4019: Port 'cmos_init_done[2]' unspecified I/O constraint.
W: ConstraintEditor-4019: Port 'uart_rxd' unspecified I/O constraint.
W: ConstraintEditor-4019: Port 'uart_txd' unspecified I/O constraint.
Constraint check end.
I: Column Clock Check open.
Read Column Clock Map.

Placement started.
Phase 1 Pre global placement started.
Mapping instance GRS_INST/grs_ccs to CCS_87_316.
Mapping instance u_CORES/u_GTP_SCANCHAIN_PG/scanchain to SCANCHAIN_88_312.
Mapping instance u_ips2l_pcie_wrap/U_IPS2L_PCIE_TOP/U_IPS2L_PCIE_HARD_CTRL/u_gtp_pcie/gateop to PCIE_315_918.
Mapping instance I_ips_ddr_top/u_ddrphy_top/ddrphy_gpll/u_gpll/gpll_inst to GPLL_367_463.
Mapping instance I_ips_ddr_top/u_ddrphy_top/ddrphy_slice_top/i_dqs_bank[0].u_ddrphy_ioclkdiv/ddrphy_ioclk_div_inst to DDRPHY_IOCLK_DIV_368_310.
Mapping instance I_ips_ddr_top/u_ddrphy_top/ddrphy_slice_top/i_dqs_bank[0].ddrphy_ppll/u_ppll/ppll_inst to PPLL_367_307.
Mapping instance I_ips_ddr_top/u_ddrphy_top/ddrphy_slice_top/i_ca_group[0].u_ddc_ca/ddc_inst to DDR_PHY_369_465.
Mapping instance I_ips_ddr_top/u_ddrphy_top/ddrphy_slice_top/i_ca_group[1].u_ddc_ca/ddc_inst to DDR_PHY_369_463.
Mapping instance I_ips_ddr_top/u_ddrphy_top/ddrphy_slice_top/i_ca_group[2].u_ddc_ca/ddc_inst to DDR_PHY_369_309.
Mapping instance I_ips_ddr_top/u_ddrphy_top/ddrphy_slice_top/i_dqs_bank[1].u_ddrphy_ioclkdiv/ddrphy_ioclk_div_inst to DDRPHY_IOCLK_DIV_368_616.
Mapping instance I_ips_ddr_top/u_ddrphy_top/ddrphy_slice_top/i_dqs_bank[1].ddrphy_ppll/u_ppll/ppll_inst to PPLL_367_613.
Mapping instance I_ips_ddr_top/u_ddrphy_top/ddrphy_slice_top/i_dqs_group[0].ddrphy_data_slice/u_ddc_dq/ddc_inst_PHY to DDR_PHY_369_613.
Mapping instance I_ips_ddr_top/u_ddrphy_top/ddrphy_slice_top/i_dqs_group[1].ddrphy_data_slice/u_ddc_dq/ddc_inst_PHY to DDR_PHY_369_615.
Phase 1.1 1st GP placement started.
Design Utilization : 14%.
First map gop timing takes 3.23 sec
E: Memory alloc failed for size 1538688. Please clean up the memory and run again.
E: Memory alloc failed for size 1048512. Please clean up the memory and run again.
Program Error Out.
E: Memory alloc failed for size 1048512. Please clean up the memory and run again.
E: Memory alloc failed for size 1048512. Please clean up the memory and run again.
E: Memory alloc failed for size 1048512. Please clean up the memory and run again.
E: Memory alloc failed for size 1048512. Please clean up the memory and run again.
E: Memory alloc failed for size 1048512. Please clean up the memory and run again.
E: Memory alloc failed for size 1048512. Please clean up the memory and run again.
E: Memory alloc failed for size 1048512. Please clean up the memory and run again.
E: Memory alloc failed for size 1048512. Please clean up the memory and run again.
E: Memory alloc failed for size 1048512. Please clean up the memory and run again.
E: Memory alloc failed for size 1048512. Please clean up the memory and run again.
E: Memory alloc failed for size 1048512. Please clean up the memory and run again.
E: Memory alloc failed for size 1048512. Please clean up the memory and run again.
E: Memory alloc failed for size 1048512. Please clean up the memory and run again.
E: Memory alloc failed for size 1048512. Please clean up the memory and run again.
E: Memory alloc failed for size 1048512. Please clean up the memory and run again.
E: Memory alloc failed for size 1048512. Please clean up the memory and run again.
E: Memory alloc failed for size 1048512. Please clean up the memory and run again.
E: Memory alloc failed for size 1048512. Please clean up the memory and run again.
E: Memory alloc failed for size 1048512. Please clean up the memory and run again.
E: Memory alloc failed for size 1048512. Please clean up the memory and run again.
E: Memory alloc failed for size 1048512. Please clean up the memory and run again.
E: Memory alloc failed for size 1048512. Please clean up the memory and run again.
E: Memory alloc failed for size 1048512. Please clean up the memory and run again.
E: Memory alloc failed for size 1048512. Please clean up the memory and run again.
E: Memory alloc failed for size 1048512. Please clean up the memory and run again.
E: Memory alloc failed for size 1048512. Please clean up the memory and run again.
E: Memory alloc failed for size 1048512. Please clean up the memory and run again.
E: Memory alloc failed for size 1048512. Please clean up the memory and run again.
E: Memory alloc failed for size 1048512. Please clean up the memory and run again.
E: Memory alloc failed for size 1048512. Please clean up the memory and run again.
E: Memory alloc failed for size 1048512. Please clean up the memory and run again.
E: Memory alloc failed for size 1048512. Please clean up the memory and run again.
E: Memory alloc failed for size 1048512. Please clean up the memory and run again.
E: Memory alloc failed for size 1048512. Please clean up the memory and run again.
E: Memory alloc failed for size 1048512. Please clean up the memory and run again.
E: Memory alloc failed for size 1048512. Please clean up the memory and run again.
E: Memory alloc failed for size 1048512. Please clean up the memory and run again.
E: Memory alloc failed for size 1048512. Please clean up the memory and run again.
E: Memory alloc failed for size 1048512. Please clean up the memory and run again.
E: Memory alloc failed for size 1048512. Please clean up the memory and run again.
E: Memory alloc failed for size 1048512. Please clean up the memory and run again.
E: Memory alloc failed for size 1048512. Please clean up the memory and run again.
E: Memory alloc failed for size 1048512. Please clean up the memory and run again.
E: Memory alloc failed for size 1048512. Please clean up the memory and run again.
E: Memory alloc failed for size 1048512. Please clean up the memory and run again.
E: Memory alloc failed for size 1048512. Please clean up the memory and run again.
E: Memory alloc failed for size 1048512. Please clean up the memory and run again.
E: Memory alloc failed for size 1048512. Please clean up the memory and run again.
E: Memory alloc failed for size 1048512. Please clean up the memory and run again.
E: Memory alloc failed for size 1048512. Please clean up the memory and run again.
E: Memory alloc failed for size 1048512. Please clean up the memory and run again.
E: Memory alloc failed for size 1048512. Please clean up the memory and run again.
E: Memory alloc failed for size 1048512. Please clean up the memory and run again.
E: Memory alloc failed for size 1048512. Please clean up the memory and run again.
E: Memory alloc failed for size 1048512. Please clean up the memory and run again.
E: Memory alloc failed for size 1048512. Please clean up the memory and run again.
E: Memory alloc failed for size 1048512. Please clean up the memory and run again.
E: Memory alloc failed for size 1048512. Please clean up the memory and run again.
E: Memory alloc failed for size 1048512. Please clean up the memory and run again.
E: Memory alloc failed for size 1048512. Please clean up the memory and run again.
E: Memory alloc failed for size 1048512. Please clean up the memory and run again.
E: Memory alloc failed for size 1048512. Please clean up the memory and run again.
E: Memory alloc failed for size 1048512. Please clean up the memory and run again.
E: Memory alloc failed for size 1048512. Please clean up the memory and run again.
E: Memory alloc failed for size 1048512. Please clean up the memory and run again.
E: Memory alloc failed for size 1048512. Please clean up the memory and run again.
E: Memory alloc failed for size 1048512. Please clean up the memory and run again.
E: Memory alloc failed for size 1048512. Please clean up the memory and run again.
E: Memory alloc failed for size 1048512. Please clean up the memory and run again.
E: Memory alloc failed for size 1048512. Please clean up the memory and run again.
E: Memory alloc failed for size 1048512. Please clean up the memory and run again.
E: Memory alloc failed for size 1048512. Please clean up the memory and run again.
E: Memory alloc failed for size 1048512. Please clean up the memory and run again.
E: Memory alloc failed for size 1048512. Please clean up the memory and run again.
E: Memory alloc failed for size 1048512. Please clean up the memory and run again.
E: Memory alloc failed for size 1048512. Please clean up the memory and run again.
E: Memory alloc failed for size 1048512. Please clean up the memory and run again.
E: Memory alloc failed for size 1048512. Please clean up the memory and run again.
E: Memory alloc failed for size 1048512. Please clean up the memory and run again.
E: Memory alloc failed for size 1048512. Please clean up the memory and run again.
E: Memory alloc failed for size 1048512. Please clean up the memory and run again.
E: Memory alloc failed for size 1048512. Please clean up the memory and run again.
E: Memory alloc failed for size 1048512. Please clean up the memory and run again.
E: Memory alloc failed for size 1048512. Please clean up the memory and run again.
E: Memory alloc failed for size 1048512. Please clean up the memory and run again.
E: Memory alloc failed for size 1048512. Please clean up the memory and run again.
E: Memory alloc failed for size 1048512. Please clean up the memory and run again.
E: Memory alloc failed for size 1048512. Please clean up the memory and run again.
E: Memory alloc failed for size 1048512. Please clean up the memory and run again.
E: Memory alloc failed for size 1048512. Please clean up the memory and run again.
E: Memory alloc failed for size 1048512. Please clean up the memory and run again.
E: Memory alloc failed for size 1048512. Please clean up the memory and run again.
E: Memory alloc failed for size 1048512. Please clean up the memory and run again.
E: Memory alloc failed for size 1048512. Please clean up the memory and run again.
E: Memory alloc failed for size 1048512. Please clean up the memory and run again.
E: Memory alloc failed for size 1048512. Please clean up the memory and run again.
E: Memory alloc failed for size 1048512. Please clean up the memory and run again.
E: Memory alloc failed for size 1048512. Please clean up the memory and run again.
E: Memory alloc failed for size 1048512. Please clean up the memory and run again.
E: Memory alloc failed for size 1048512. Please clean up the memory and run again.
E: Memory alloc failed for size 1048512. Please clean up the memory and run again.
E: Memory alloc failed for size 1048512. Please clean up the memory and run again.
E: Memory alloc failed for size 1048512. Please clean up the memory and run again.
E: Memory alloc failed for size 1048512. Please clean up the memory and run again.
E: Memory alloc failed for size 1048512. Please clean up the memory and run again.
E: Memory alloc failed for size 1048512. Please clean up the memory and run again.
E: Memory alloc failed for size 1048512. Please clean up the memory and run again.
E: Memory alloc failed for size 1048512. Please clean up the memory and run again.
E: Memory alloc failed for size 1048512. Please clean up the memory and run again.
E: Memory alloc failed for size 1048512. Please clean up the memory and run again.
E: Memory alloc failed for size 1048512. Please clean up the memory and run again.
E: Memory alloc failed for size 1048512. Please clean up the memory and run again.
E: Memory alloc failed for size 1048512. Please clean up the memory and run again.
E: Memory alloc failed for size 1048512. Please clean up the memory and run again.
E: Memory alloc failed for size 1048512. Please clean up the memory and run again.
E: Memory alloc failed for size 1048512. Please clean up the memory and run again.
E: Memory alloc failed for size 1048512. Please clean up the memory and run again.
E: Memory alloc failed for size 1048512. Please clean up the memory and run again.
E: Memory alloc failed for size 1048512. Please clean up the memory and run again.
E: Memory alloc failed for size 1048512. Please clean up the memory and run again.
E: Memory alloc failed for size 1048512. Please clean up the memory and run again.
E: Memory alloc failed for size 1048512. Please clean up the memory and run again.
E: Memory alloc failed for size 1048512. Please clean up the memory and run again.
E: Memory alloc failed for size 1048512. Please clean up the memory and run again.
E: Memory alloc failed for size 1048512. Please clean up the memory and run again.
E: Memory alloc failed for size 1048512. Please clean up the memory and run again.
E: Memory alloc failed for size 1048512. Please clean up the memory and run again.
E: Memory alloc failed for size 1048512. Please clean up the memory and run again.
E: Memory alloc failed for size 1048512. Please clean up the memory and run again.
E: Memory alloc failed for size 1048512. Please clean up the memory and run again.
E: Memory alloc failed for size 1048512. Please clean up the memory and run again.
E: Memory alloc failed for size 1048512. Please clean up the memory and run again.
E: Memory alloc failed for size 1048512. Please clean up the memory and run again.
E: Memory alloc failed for size 1048512. Please clean up the memory and run again.
E: Memory alloc failed for size 1048512. Please clean up the memory and run again.
E: Memory alloc failed for size 1048512. Please clean up the memory and run again.
E: Memory alloc failed for size 1048512. Please clean up the memory and run again.
E: Memory alloc failed for size 1048512. Please clean up the memory and run again.
E: Memory alloc failed for size 1048512. Please clean up the memory and run again.
E: Memory alloc failed for size 1048512. Please clean up the memory and run again.
E: Memory alloc failed for size 1048512. Please clean up the memory and run again.
E: Memory alloc failed for size 1048512. Please clean up the memory and run again.
E: Memory alloc failed for size 1048512. Please clean up the memory and run again.
E: Memory alloc failed for size 1048512. Please clean up the memory and run again.
E: Memory alloc failed for size 1048512. Please clean up the memory and run again.
E: Memory alloc failed for size 1048512. Please clean up the memory and run again.
E: Memory alloc failed for size 1048512. Please clean up the memory and run again.
E: Memory alloc failed for size 1048512. Please clean up the memory and run again.
E: Memory alloc failed for size 1048512. Please clean up the memory and run again.
E: Memory alloc failed for size 1048512. Please clean up the memory and run again.
E: Memory alloc failed for size 1048512. Please clean up the memory and run again.
E: Memory alloc failed for size 1048512. Please clean up the memory and run again.
E: Memory alloc failed for size 1048512. Please clean up the memory and run again.
E: Memory alloc failed for size 1048512. Please clean up the memory and run again.
E: Memory alloc failed for size 1048512. Please clean up the memory and run again.
E: Memory alloc failed for size 1048512. Please clean up the memory and run again.
E: Memory alloc failed for size 1048512. Please clean up the memory and run again.
E: Memory alloc failed for size 1048512. Please clean up the memory and run again.
E: Memory alloc failed for size 1048512. Please clean up the memory and run again.
E: Memory alloc failed for size 1048512. Please clean up the memory and run again.
E: Memory alloc failed for size 1048512. Please clean up the memory and run again.
E: Memory alloc failed for size 1048512. Please clean up the memory and run again.
E: Memory alloc failed for size 1048512. Please clean up the memory and run again.
E: Memory alloc failed for size 1048512. Please clean up the memory and run again.
E: Memory alloc failed for size 1048512. Please clean up the memory and run again.
E: Memory alloc failed for size 1048512. Please clean up the memory and run again.
E: Memory alloc failed for size 1048512. Please clean up the memory and run again.
E: Memory alloc failed for size 1048512. Please clean up the memory and run again.
E: Memory alloc failed for size 1048512. Please clean up the memory and run again.
E: Memory alloc failed for size 1048512. Please clean up the memory and run again.
E: Memory alloc failed for size 1048512. Please clean up the memory and run again.
E: Memory alloc failed for size 1048512. Please clean up the memory and run again.
E: Memory alloc failed for size 1048512. Please clean up the memory and run again.
E: Memory alloc failed for size 1048512. Please clean up the memory and run again.
E: Memory alloc failed for size 1048512. Please clean up the memory and run again.
E: Memory alloc failed for size 1048512. Please clean up the memory and run again.
E: Memory alloc failed for size 1048512. Please clean up the memory and run again.
E: Memory alloc failed for size 1048512. Please clean up the memory and run again.
E: Memory alloc failed for size 1048512. Please clean up the memory and run again.
E: Memory alloc failed for size 1048512. Please clean up the memory and run again.
E: Memory alloc failed for size 1048512. Please clean up the memory and run again.
E: Memory alloc failed for size 1048512. Please clean up the memory and run again.
E: Memory alloc failed for size 1048512. Please clean up the memory and run again.
E: Memory alloc failed for size 1048512. Please clean up the memory and run again.
E: Memory alloc failed for size 1048512. Please clean up the memory and run again.
E: Memory alloc failed for size 1048512. Please clean up the memory and run again.
E: Memory alloc failed for size 1048512. Please clean up the memory and run again.
E: Memory alloc failed for size 1048512. Please clean up the memory and run again.
E: Memory alloc failed for size 1048512. Please clean up the memory and run again.
E: Memory alloc failed for size 1048512. Please clean up the memory and run again.
E: Memory alloc failed for size 1048512. Please clean up the memory and run again.
E: Memory alloc failed for size 1048512. Please clean up the memory and run again.
E: Memory alloc failed for size 1048512. Please clean up the memory and run again.
E: Memory alloc failed for size 1048512. Please clean up the memory and run again.
E: Memory alloc failed for size 1048512. Please clean up the memory and run again.
E: Memory alloc failed for size 1048512. Please clean up the memory and run again.
E: Memory alloc failed for size 1048512. Please clean up the memory and run again.
E: Memory alloc failed for size 1048512. Please clean up the memory and run again.
E: Memory alloc failed for size 1048512. Please clean up the memory and run again.
E: Memory alloc failed for size 1048512. Please clean up the memory and run again.
E: Memory alloc failed for size 1048512. Please clean up the memory and run again.
E: Memory alloc failed for size 1048512. Please clean up the memory and run again.
E: Memory alloc failed for size 1048512. Please clean up the memory and run again.
E: Memory alloc failed for size 1048512. Please clean up the memory and run again.
E: Memory alloc failed for size 1048512. Please clean up the memory and run again.
E: Memory alloc failed for size 1048512. Please clean up the memory and run again.
E: Memory alloc failed for size 1048512. Please clean up the memory and run again.
E: Memory alloc failed for size 1048512. Please clean up the memory and run again.
E: Memory alloc failed for size 1048512. Please clean up the memory and run again.
E: Memory alloc failed for size 1048512. Please clean up the memory and run again.
E: Memory alloc failed for size 1048512. Please clean up the memory and run again.
E: Memory alloc failed for size 1048512. Please clean up the memory and run again.
E: Memory alloc failed for size 1048512. Please clean up the memory and run again.
E: Memory alloc failed for size 1048512. Please clean up the memory and run again.
E: Memory alloc failed for size 1048512. Please clean up the memory and run again.
E: Memory alloc failed for size 1048512. Please clean up the memory and run again.
E: Memory alloc failed for size 1048512. Please clean up the memory and run again.
E: Memory alloc failed for size 1048512. Please clean up the memory and run again.
E: Memory alloc failed for size 1048512. Please clean up the memory and run again.
E: Memory alloc failed for size 1048512. Please clean up the memory and run again.
E: Memory alloc failed for size 1048512. Please clean up the memory and run again.
E: Memory alloc failed for size 1048512. Please clean up the memory and run again.
E: Memory alloc failed for size 1048512. Please clean up the memory and run again.
E: Memory alloc failed for size 1048512. Please clean up the memory and run again.
E: Memory alloc failed for size 1048512. Please clean up the memory and run again.
E: Memory alloc failed for size 1048512. Please clean up the memory and run again.
E: Memory alloc failed for size 1048512. Please clean up the memory and run again.
E: Memory alloc failed for size 1048512. Please clean up the memory and run again.
E: Memory alloc failed for size 1048512. Please clean up the memory and run again.
E: Memory alloc failed for size 1048512. Please clean up the memory and run again.
E: Memory alloc failed for size 1048512. Please clean up the memory and run again.
E: Memory alloc failed for size 1048512. Please clean up the memory and run again.
E: Memory alloc failed for size 1048512. Please clean up the memory and run again.
E: Memory alloc failed for size 1048512. Please clean up the memory and run again.
E: Memory alloc failed for size 1048512. Please clean up the memory and run again.
E: Memory alloc failed for size 1048512. Please clean up the memory and run again.
E: Memory alloc failed for size 1048512. Please clean up the memory and run again.
E: Memory alloc failed for size 1048512. Please clean up the memory and run again.
E: Memory alloc failed for size 1048512. Please clean up the memory and run again.
E: Memory alloc failed for size 1048512. Please clean up the memory and run again.
E: Memory alloc failed for size 1048512. Please clean up the memory and run again.
E: Memory alloc failed for size 1048512. Please clean up the memory and run again.
E: Memory alloc failed for size 1048512. Please clean up the memory and run again.
E: Memory alloc failed for size 1048512. Please clean up the memory and run again.
E: Memory alloc failed for size 1048512. Please clean up the memory and run again.
E: Memory alloc failed for size 1048512. Please clean up the memory and run again.
E: Memory alloc failed for size 1048512. Please clean up the memory and run again.
E: Memory alloc failed for size 1048512. Please clean up the memory and run again.
E: Memory alloc failed for size 1048512. Please clean up the memory and run again.
E: Memory alloc failed for size 1048512. Please clean up the memory and run again.
E: Memory alloc failed for size 1048512. Please clean up the memory and run again.
E: Memory alloc failed for size 1048512. Please clean up the memory and run again.
E: Memory alloc failed for size 1048512. Please clean up the memory and run again.
E: Memory alloc failed for size 1048512. Please clean up the memory and run again.
E: Memory alloc failed for size 1048512. Please clean up the memory and run again.
E: Memory alloc failed for size 1048512. Please clean up the memory and run again.
E: Memory alloc failed for size 1048512. Please clean up the memory and run again.
E: Memory alloc failed for size 1048512. Please clean up the memory and run again.
E: Memory alloc failed for size 1048512. Please clean up the memory and run again.
E: Memory alloc failed for size 1048512. Please clean up the memory and run again.
E: Memory alloc failed for size 1048512. Please clean up the memory and run again.
E: Memory alloc failed for size 1048512. Please clean up the memory and run again.
E: Memory alloc failed for size 1048512. Please clean up the memory and run again.
E: Memory alloc failed for size 1048512. Please clean up the memory and run again.
E: Memory alloc failed for size 1048512. Please clean up the memory and run again.
E: Memory alloc failed for size 1048512. Please clean up the memory and run again.
E: Memory alloc failed for size 1048512. Please clean up the memory and run again.
E: Memory alloc failed for size 1048512. Please clean up the memory and run again.
E: Memory alloc failed for size 1048512. Please clean up the memory and run again.
E: Memory alloc failed for size 1048512. Please clean up the memory and run again.
E: Memory alloc failed for size 1048512. Please clean up the memory and run again.
E: Memory alloc failed for size 1048512. Please clean up the memory and run again.
E: Memory alloc failed for size 1048512. Please clean up the memory and run again.
E: Memory alloc failed for size 1048512. Please clean up the memory and run again.
E: Memory alloc failed for size 1048512. Please clean up the memory and run again.
E: Memory alloc failed for size 1048512. Please clean up the memory and run again.
E: Memory alloc failed for size 1048512. Please clean up the memory and run again.
E: Memory alloc failed for size 1048512. Please clean up the memory and run again.
E: Memory alloc failed for size 1048512. Please clean up the memory and run again.
E: Memory alloc failed for size 1048512. Please clean up the memory and run again.
E: Memory alloc failed for size 1048512. Please clean up the memory and run again.
E: Memory alloc failed for size 1048512. Please clean up the memory and run again.
E: Memory alloc failed for size 1048512. Please clean up the memory and run again.
E: Memory alloc failed for size 1048512. Please clean up the memory and run again.
E: Memory alloc failed for size 1048512. Please clean up the memory and run again.
E: Memory alloc failed for size 1048512. Please clean up the memory and run again.
E: Memory alloc failed for size 1048512. Please clean up the memory and run again.
E: Memory alloc failed for size 1048512. Please clean up the memory and run again.
E: Memory alloc failed for size 1048512. Please clean up the memory and run again.
E: Memory alloc failed for size 1048512. Please clean up the memory and run again.
E: Memory alloc failed for size 1048512. Please clean up the memory and run again.
E: Memory alloc failed for size 1048512. Please clean up the memory and run again.
E: Memory alloc failed for size 1048512. Please clean up the memory and run again.
E: Memory alloc failed for size 1048512. Please clean up the memory and run again.
E: Memory alloc failed for size 1048512. Please clean up the memory and run again.
E: Memory alloc failed for size 1048512. Please clean up the memory and run again.
E: Memory alloc failed for size 1048512. Please clean up the memory and run again.
E: Memory alloc failed for size 1048512. Please clean up the memory and run again.
E: Memory alloc failed for size 1048512. Please clean up the memory and run again.
E: Memory alloc failed for size 1048512. Please clean up the memory and run again.
E: Memory alloc failed for size 1048512. Please clean up the memory and run again.
E: Memory alloc failed for size 1048512. Please clean up the memory and run again.
E: Memory alloc failed for size 1048512. Please clean up the memory and run again.
E: Memory alloc failed for size 1048512. Please clean up the memory and run again.
E: Memory alloc failed for size 1048512. Please clean up the memory and run again.
E: Memory alloc failed for size 1048512. Please clean up the memory and run again.
E: Memory alloc failed for size 1048512. Please clean up the memory and run again.
E: Memory alloc failed for size 1048512. Please clean up the memory and run again.
E: Memory alloc failed for size 1048512. Please clean up the memory and run again.
E: Memory alloc failed for size 1048512. Please clean up the memory and run again.
E: Memory alloc failed for size 1048512. Please clean up the memory and run again.
E: Memory alloc failed for size 1048512. Please clean up the memory and run again.
E: Memory alloc failed for size 1048512. Please clean up the memory and run again.
E: Memory alloc failed for size 1048512. Please clean up the memory and run again.
E: Memory alloc failed for size 1048512. Please clean up the memory and run again.
E: Memory alloc failed for size 1048512. Please clean up the memory and run again.
E: Memory alloc failed for size 1048512. Please clean up the memory and run again.
E: Memory alloc failed for size 1048512. Please clean up the memory and run again.
E: Memory alloc failed for size 1048512. Please clean up the memory and run again.
E: Memory alloc failed for size 1048512. Please clean up the memory and run again.
E: Memory alloc failed for size 1048512. Please clean up the memory and run again.
E: Memory alloc failed for size 1048512. Please clean up the memory and run again.
E: Memory alloc failed for size 1048512. Please clean up the memory and run again.
E: Memory alloc failed for size 1048512. Please clean up the memory and run again.
E: Memory alloc failed for size 1048512. Please clean up the memory and run again.
E: Memory alloc failed for size 1048512. Please clean up the memory and run again.
E: Memory alloc failed for size 1048512. Please clean up the memory and run again.
E: Memory alloc failed for size 1048512. Please clean up the memory and run again.
E: Memory alloc failed for size 1048512. Please clean up the memory and run again.
E: Memory alloc failed for size 1048512. Please clean up the memory and run again.
E: Memory alloc failed for size 1048512. Please clean up the memory and run again.
E: Memory alloc failed for size 1048512. Please clean up the memory and run again.
E: Memory alloc failed for size 1048512. Please clean up the memory and run again.
E: Memory alloc failed for size 1048512. Please clean up the memory and run again.
E: Memory alloc failed for size 1048512. Please clean up the memory and run again.
E: Memory alloc failed for size 1048512. Please clean up the memory and run again.
E: Memory alloc failed for size 1048512. Please clean up the memory and run again.
E: Memory alloc failed for size 1048512. Please clean up the memory and run again.
E: Memory alloc failed for size 1048512. Please clean up the memory and run again.
E: Memory alloc failed for size 1048512. Please clean up the memory and run again.
E: Memory alloc failed for size 1048512. Please clean up the memory and run again.
E: Memory alloc failed for size 1048512. Please clean up the memory and run again.
E: Memory alloc failed for size 1048512. Please clean up the memory and run again.
E: Memory alloc failed for size 1048512. Please clean up the memory and run again.
E: Memory alloc failed for size 1048512. Please clean up the memory and run again.
E: Memory alloc failed for size 1048512. Please clean up the memory and run again.
E: Memory alloc failed for size 1048512. Please clean up the memory and run again.
E: Memory alloc failed for size 1048512. Please clean up the memory and run again.
E: Memory alloc failed for size 1048512. Please clean up the memory and run again.
E: Memory alloc failed for size 1048512. Please clean up the memory and run again.
E: Memory alloc failed for size 1048512. Please clean up the memory and run again.
E: Memory alloc failed for size 1048512. Please clean up the memory and run again.
E: Memory alloc failed for size 1048512. Please clean up the memory and run again.
E: Memory alloc failed for size 1048512. Please clean up the memory and run again.
E: Memory alloc failed for size 1048512. Please clean up the memory and run again.
E: Memory alloc failed for size 1048512. Please clean up the memory and run again.
E: Memory alloc failed for size 1048512. Please clean up the memory and run again.
E: Memory alloc failed for size 1048512. Please clean up the memory and run again.
E: Memory alloc failed for size 1048512. Please clean up the memory and run again.
E: Memory alloc failed for size 1048512. Please clean up the memory and run again.
E: Memory alloc failed for size 1048512. Please clean up the memory and run again.
E: Memory alloc failed for size 1048512. Please clean up the memory and run again.
E: Memory alloc failed for size 1048512. Please clean up the memory and run again.
E: Memory alloc failed for size 1048512. Please clean up the memory and run again.
E: Memory alloc failed for size 1048512. Please clean up the memory and run again.
E: Memory alloc failed for size 1048512. Please clean up the memory and run again.
E: Memory alloc failed for size 1048512. Please clean up the memory and run again.
E: Memory alloc failed for size 1048512. Please clean up the memory and run again.
E: Memory alloc failed for size 1048512. Please clean up the memory and run again.
E: Memory alloc failed for size 1048512. Please clean up the memory and run again.
E: Memory alloc failed for size 1048512. Please clean up the memory and run again.
E: Memory alloc failed for size 1048512. Please clean up the memory and run again.
E: Memory alloc failed for size 1048512. Please clean up the memory and run again.
E: Memory alloc failed for size 1048512. Please clean up the memory and run again.
E: Memory alloc failed for size 1048512. Please clean up the memory and run again.
E: Memory alloc failed for size 1048512. Please clean up the memory and run again.
E: Memory alloc failed for size 1048512. Please clean up the memory and run again.
E: Memory alloc failed for size 1048512. Please clean up the memory and run again.
E: Memory alloc failed for size 1048512. Please clean up the memory and run again.
E: Memory alloc failed for size 1048512. Please clean up the memory and run again.
E: Memory alloc failed for size 1048512. Please clean up the memory and run again.
E: Memory alloc failed for size 1048512. Please clean up the memory and run again.
E: Memory alloc failed for size 1048512. Please clean up the memory and run again.
E: Memory alloc failed for size 1048512. Please clean up the memory and run again.
E: Memory alloc failed for size 1048512. Please clean up the memory and run again.
E: Memory alloc failed for size 1048512. Please clean up the memory and run again.
E: Memory alloc failed for size 1048512. Please clean up the memory and run again.
E: Memory alloc failed for size 1048512. Please clean up the memory and run again.
E: Memory alloc failed for size 1048512. Please clean up the memory and run again.
E: Memory alloc failed for size 1048512. Please clean up the memory and run again.
E: Memory alloc failed for size 1048512. Please clean up the memory and run again.
E: Memory alloc failed for size 1048512. Please clean up the memory and run again.
E: Memory alloc failed for size 1048512. Please clean up the memory and run again.
E: Memory alloc failed for size 1048512. Please clean up the memory and run again.
E: Memory alloc failed for size 1048512. Please clean up the memory and run again.
E: Memory alloc failed for size 1048512. Please clean up the memory and run again.
E: Memory alloc failed for size 1048512. Please clean up the memory and run again.
E: Memory alloc failed for size 1048512. Please clean up the memory and run again.
E: Memory alloc failed for size 1048512. Please clean up the memory and run again.
E: Memory alloc failed for size 1048512. Please clean up the memory and run again.
E: Memory alloc failed for size 1048512. Please clean up the memory and run again.
E: Memory alloc failed for size 1048512. Please clean up the memory and run again.
E: Memory alloc failed for size 1048512. Please clean up the memory and run again.
E: Memory alloc failed for size 1048512. Please clean up the memory and run again.
E: Memory alloc failed for size 1048512. Please clean up the memory and run again.
E: Memory alloc failed for size 1048512. Please clean up the memory and run again.
E: Memory alloc failed for size 1048512. Please clean up the memory and run again.
E: Memory alloc failed for size 1048512. Please clean up the memory and run again.
E: Memory alloc failed for size 1048512. Please clean up the memory and run again.
E: Memory alloc failed for size 1048512. Please clean up the memory and run again.
E: Memory alloc failed for size 1048512. Please clean up the memory and run again.
E: Memory alloc failed for size 1048512. Please clean up the memory and run again.
E: Memory alloc failed for size 1048512. Please clean up the memory and run again.
E: Memory alloc failed for size 1048512. Please clean up the memory and run again.
E: Memory alloc failed for size 1048512. Please clean up the memory and run again.
E: Memory alloc failed for size 1048512. Please clean up the memory and run again.
E: Memory alloc failed for size 1048512. Please clean up the memory and run again.
E: Memory alloc failed for size 1048512. Please clean up the memory and run again.
E: Memory alloc failed for size 1048512. Please clean up the memory and run again.
E: Memory alloc failed for size 1048512. Please clean up the memory and run again.
E: Memory alloc failed for size 1048512. Please clean up the memory and run again.
E: Memory alloc failed for size 1048512. Please clean up the memory and run again.
E: Memory alloc failed for size 1048512. Please clean up the memory and run again.
E: Memory alloc failed for size 1048512. Please clean up the memory and run again.
E: Memory alloc failed for size 1048512. Please clean up the memory and run again.
E: Memory alloc failed for size 1048512. Please clean up the memory and run again.
E: Memory alloc failed for size 1048512. Please clean up the memory and run again.
E: Memory alloc failed for size 1048512. Please clean up the memory and run again.
E: Memory alloc failed for size 1048512. Please clean up the memory and run again.
E: Memory alloc failed for size 1048512. Please clean up the memory and run again.
E: Memory alloc failed for size 1048512. Please clean up the memory and run again.
E: Memory alloc failed for size 1048512. Please clean up the memory and run again.
E: Memory alloc failed for size 1048512. Please clean up the memory and run again.
E: Memory alloc failed for size 1048512. Please clean up the memory and run again.
E: Memory alloc failed for size 1048512. Please clean up the memory and run again.
E: Memory alloc failed for size 1048512. Please clean up the memory and run again.
E: Memory alloc failed for size 1048512. Please clean up the memory and run again.
E: Memory alloc failed for size 1048512. Please clean up the memory and run again.
E: Memory alloc failed for size 1048512. Please clean up the memory and run again.
E: Memory alloc failed for size 1048512. Please clean up the memory and run again.
E: Memory alloc failed for size 1048512. Please clean up the memory and run again.
E: Memory alloc failed for size 1048512. Please clean up the memory and run again.
E: Memory alloc failed for size 1048512. Please clean up the memory and run again.
E: Memory alloc failed for size 1048512. Please clean up the memory and run again.
E: Memory alloc failed for size 1048512. Please clean up the memory and run again.
E: Memory alloc failed for size 1048512. Please clean up the memory and run again.
E: Memory alloc failed for size 1048512. Please clean up the memory and run again.
E: Memory alloc failed for size 1048512. Please clean up the memory and run again.
E: Memory alloc failed for size 1048512. Please clean up the memory and run again.
E: Memory alloc failed for size 1048512. Please clean up the memory and run again.
E: Memory alloc failed for size 1048512. Please clean up the memory and run again.
E: Memory alloc failed for size 1048512. Please clean up the memory and run again.
E: Memory alloc failed for size 1048512. Please clean up the memory and run again.
E: Memory alloc failed for size 1048512. Please clean up the memory and run again.
E: Memory alloc failed for size 1048512. Please clean up the memory and run again.
E: Memory alloc failed for size 1048512. Please clean up the memory and run again.
E: Memory alloc failed for size 1048512. Please clean up the memory and run again.
E: Memory alloc failed for size 1048512. Please clean up the memory and run again.
E: Memory alloc failed for size 1048512. Please clean up the memory and run again.
E: Memory alloc failed for size 1048512. Please clean up the memory and run again.
E: Memory alloc failed for size 1048512. Please clean up the memory and run again.
E: Memory alloc failed for size 1048512. Please clean up the memory and run again.
E: Memory alloc failed for size 1048512. Please clean up the memory and run again.
E: Memory alloc failed for size 1048512. Please clean up the memory and run again.
E: Memory alloc failed for size 1048512. Please clean up the memory and run again.
E: Memory alloc failed for size 1048512. Please clean up the memory and run again.
E: Memory alloc failed for size 1048512. Please clean up the memory and run again.
E: Memory alloc failed for size 1048512. Please clean up the memory and run again.
E: Memory alloc failed for size 1048512. Please clean up the memory and run again.
E: Memory alloc failed for size 1048512. Please clean up the memory and run again.
E: Memory alloc failed for size 1048512. Please clean up the memory and run again.
E: Memory alloc failed for size 1048512. Please clean up the memory and run again.
E: Memory alloc failed for size 1048512. Please clean up the memory and run again.
E: Memory alloc failed for size 1048512. Please clean up the memory and run again.
E: Memory alloc failed for size 1048512. Please clean up the memory and run again.
E: Memory alloc failed for size 1048512. Please clean up the memory and run again.
E: Memory alloc failed for size 1048512. Please clean up the memory and run again.
E: Memory alloc failed for size 1048512. Please clean up the memory and run again.
E: Memory alloc failed for size 1048512. Please clean up the memory and run again.
E: Memory alloc failed for size 1048512. Please clean up the memory and run again.
E: Memory alloc failed for size 1048512. Please clean up the memory and run again.
E: Memory alloc failed for size 1048512. Please clean up the memory and run again.
E: Memory alloc failed for size 1048512. Please clean up the memory and run again.
E: Memory alloc failed for size 1048512. Please clean up the memory and run again.
E: Memory alloc failed for size 1048512. Please clean up the memory and run again.
E: Memory alloc failed for size 1048512. Please clean up the memory and run again.
E: Memory alloc failed for size 1048512. Please clean up the memory and run again.
E: Memory alloc failed for size 1048512. Please clean up the memory and run again.
E: Memory alloc failed for size 1048512. Please clean up the memory and run again.
E: Memory alloc failed for size 1048512. Please clean up the memory and run again.
E: Memory alloc failed for size 1048512. Please clean up the memory and run again.
E: Memory alloc failed for size 1048512. Please clean up the memory and run again.
E: Memory alloc failed for size 1048512. Please clean up the memory and run again.
E: Memory alloc failed for size 1048512. Please clean up the memory and run again.
E: Memory alloc failed for size 1048512. Please clean up the memory and run again.
E: Memory alloc failed for size 1048512. Please clean up the memory and run again.
E: Memory alloc failed for size 1048512. Please clean up the memory and run again.
E: Memory alloc failed for size 1048512. Please clean up the memory and run again.
E: Memory alloc failed for size 1048512. Please clean up the memory and run again.
E: Memory alloc failed for size 1048512. Please clean up the memory and run again.
E: Memory alloc failed for size 1048512. Please clean up the memory and run again.
E: Memory alloc failed for size 1048512. Please clean up the memory and run again.
E: Memory alloc failed for size 1048512. Please clean up the memory and run again.
E: Memory alloc failed for size 1048512. Please clean up the memory and run again.
E: Memory alloc failed for size 1048512. Please clean up the memory and run again.
E: Memory alloc failed for size 1048512. Please clean up the memory and run again.
E: Memory alloc failed for size 1048512. Please clean up the memory and run again.
E: Memory alloc failed for size 1048512. Please clean up the memory and run again.
E: Memory alloc failed for size 1048512. Please clean up the memory and run again.
E: Memory alloc failed for size 1048512. Please clean up the memory and run again.
E: Memory alloc failed for size 1048512. Please clean up the memory and run again.
E: Memory alloc failed for size 1048512. Please clean up the memory and run again.
E: Memory alloc failed for size 1048512. Please clean up the memory and run again.
E: Memory alloc failed for size 1048512. Please clean up the memory and run again.
E: Memory alloc failed for size 1048512. Please clean up the memory and run again.
E: Memory alloc failed for size 1048512. Please clean up the memory and run again.
E: Memory alloc failed for size 1048512. Please clean up the memory and run again.
E: Memory alloc failed for size 1048512. Please clean up the memory and run again.
E: Memory alloc failed for size 1048512. Please clean up the memory and run again.
E: Memory alloc failed for size 1048512. Please clean up the memory and run again.
E: Memory alloc failed for size 1048512. Please clean up the memory and run again.
E: Memory alloc failed for size 1048512. Please clean up the memory and run again.
E: Memory alloc failed for size 1048512. Please clean up the memory and run again.
E: Memory alloc failed for size 1048512. Please clean up the memory and run again.
E: Memory alloc failed for size 1048512. Please clean up the memory and run again.
E: Memory alloc failed for size 1048512. Please clean up the memory and run again.
E: Memory alloc failed for size 1048512. Please clean up the memory and run again.
E: Memory alloc failed for size 1048512. Please clean up the memory and run again.
E: Memory alloc failed for size 1048512. Please clean up the memory and run again.
E: Memory alloc failed for size 1048512. Please clean up the memory and run again.
E: Memory alloc failed for size 1048512. Please clean up the memory and run again.
E: Memory alloc failed for size 1048512. Please clean up the memory and run again.
E: Memory alloc failed for size 1048512. Please clean up the memory and run again.
E: Memory alloc failed for size 1048512. Please clean up the memory and run again.
E: Memory alloc failed for size 1048512. Please clean up the memory and run again.
E: Memory alloc failed for size 1048512. Please clean up the memory and run again.
E: Memory alloc failed for size 1048512. Please clean up the memory and run again.
E: Memory alloc failed for size 1048512. Please clean up the memory and run again.
E: Memory alloc failed for size 1048512. Please clean up the memory and run again.
E: Memory alloc failed for size 1048512. Please clean up the memory and run again.
E: Memory alloc failed for size 1048512. Please clean up the memory and run again.
E: Memory alloc failed for size 1048512. Please clean up the memory and run again.
E: Memory alloc failed for size 1048512. Please clean up the memory and run again.
E: Memory alloc failed for size 1048512. Please clean up the memory and run again.
E: Memory alloc failed for size 1048512. Please clean up the memory and run again.
E: Memory alloc failed for size 1048512. Please clean up the memory and run again.
E: Memory alloc failed for size 1048512. Please clean up the memory and run again.
E: Memory alloc failed for size 1048512. Please clean up the memory and run again.
E: Memory alloc failed for size 1048512. Please clean up the memory and run again.
E: Memory alloc failed for size 1048512. Please clean up the memory and run again.
E: Memory alloc failed for size 1048512. Please clean up the memory and run again.
E: Memory alloc failed for size 1048512. Please clean up the memory and run again.
E: Memory alloc failed for size 1048512. Please clean up the memory and run again.
E: Memory alloc failed for size 1048512. Please clean up the memory and run again.
E: Memory alloc failed for size 1048512. Please clean up the memory and run again.
E: Memory alloc failed for size 1048512. Please clean up the memory and run again.
E: Memory alloc failed for size 1048512. Please clean up the memory and run again.
E: Memory alloc failed for size 1048512. Please clean up the memory and run again.
E: Memory alloc failed for size 1048512. Please clean up the memory and run again.
E: Memory alloc failed for size 1048512. Please clean up the memory and run again.
E: Memory alloc failed for size 1048512. Please clean up the memory and run again.
E: Memory alloc failed for size 1048512. Please clean up the memory and run again.
E: Memory alloc failed for size 1048512. Please clean up the memory and run again.
E: Memory alloc failed for size 1048512. Please clean up the memory and run again.
E: Memory alloc failed for size 1048512. Please clean up the memory and run again.
E: Memory alloc failed for size 1048512. Please clean up the memory and run again.
E: Memory alloc failed for size 1048512. Please clean up the memory and run again.
E: Memory alloc failed for size 1048512. Please clean up the memory and run again.
E: Memory alloc failed for size 1048512. Please clean up the memory and run again.
E: Memory alloc failed for size 1048512. Please clean up the memory and run again.
E: Memory alloc failed for size 1048512. Please clean up the memory and run again.
E: Memory alloc failed for size 1048512. Please clean up the memory and run again.
E: Memory alloc failed for size 1048512. Please clean up the memory and run again.
E: Memory alloc failed for size 1048512. Please clean up the memory and run again.
E: Memory alloc failed for size 1048512. Please clean up the memory and run again.
E: Memory alloc failed for size 1048512. Please clean up the memory and run again.
E: Memory alloc failed for size 1048512. Please clean up the memory and run again.
E: Memory alloc failed for size 1048512. Please clean up the memory and run again.
E: Memory alloc failed for size 1048512. Please clean up the memory and run again.
E: Memory alloc failed for size 1048512. Please clean up the memory and run again.
E: Memory alloc failed for size 1048512. Please clean up the memory and run again.
E: Memory alloc failed for size 1048512. Please clean up the memory and run again.
E: Memory alloc failed for size 1048512. Please clean up the memory and run again.
E: Memory alloc failed for size 1048512. Please clean up the memory and run again.
E: Memory alloc failed for size 1048512. Please clean up the memory and run again.
E: Memory alloc failed for size 1048512. Please clean up the memory and run again.
E: Memory alloc failed for size 1048512. Please clean up the memory and run again.
E: Memory alloc failed for size 1048512. Please clean up the memory and run again.
E: Memory alloc failed for size 1048512. Please clean up the memory and run again.
E: Memory alloc failed for size 1048512. Please clean up the memory and run again.
E: Memory alloc failed for size 1048512. Please clean up the memory and run again.
E: Memory alloc failed for size 1048512. Please clean up the memory and run again.
E: Memory alloc failed for size 1048512. Please clean up the memory and run again.
E: Memory alloc failed for size 1048512. Please clean up the memory and run again.
E: Memory alloc failed for size 1048512. Please clean up the memory and run again.
E: Memory alloc failed for size 1048512. Please clean up the memory and run again.
E: Memory alloc failed for size 1048512. Please clean up the memory and run again.
E: Memory alloc failed for size 1048512. Please clean up the memory and run again.
E: Memory alloc failed for size 1048512. Please clean up the memory and run again.
E: Memory alloc failed for size 1048512. Please clean up the memory and run again.
E: Memory alloc failed for size 1048512. Please clean up the memory and run again.
E: Memory alloc failed for size 1048512. Please clean up the memory and run again.
E: Memory alloc failed for size 1048512. Please clean up the memory and run again.
E: Memory alloc failed for size 1048512. Please clean up the memory and run again.
E: Memory alloc failed for size 1048512. Please clean up the memory and run again.
E: Memory alloc failed for size 1048512. Please clean up the memory and run again.
E: Memory alloc failed for size 1048512. Please clean up the memory and run again.
E: Memory alloc failed for size 1048512. Please clean up the memory and run again.
E: Memory alloc failed for size 1048512. Please clean up the memory and run again.
E: Memory alloc failed for size 1048512. Please clean up the memory and run again.
E: Memory alloc failed for size 1048512. Please clean up the memory and run again.
E: Memory alloc failed for size 1048512. Please clean up the memory and run again.
E: Memory alloc failed for size 1048512. Please clean up the memory and run again.
E: Memory alloc failed for size 1048512. Please clean up the memory and run again.
E: Memory alloc failed for size 1048512. Please clean up the memory and run again.
E: Memory alloc failed for size 1048512. Please clean up the memory and run again.
E: Memory alloc failed for size 1048512. Please clean up the memory and run again.
E: Memory alloc failed for size 1048512. Please clean up the memory and run again.
E: Memory alloc failed for size 1048512. Please clean up the memory and run again.
E: Memory alloc failed for size 1048512. Please clean up the memory and run again.
E: Memory alloc failed for size 1048512. Please clean up the memory and run again.
E: Memory alloc failed for size 1048512. Please clean up the memory and run again.
E: Memory alloc failed for size 1048512. Please clean up the memory and run again.
E: Memory alloc failed for size 1048512. Please clean up the memory and run again.
E: Memory alloc failed for size 1048512. Please clean up the memory and run again.
E: Memory alloc failed for size 1048512. Please clean up the memory and run again.
E: Memory alloc failed for size 1048512. Please clean up the memory and run again.
E: Memory alloc failed for size 1048512. Please clean up the memory and run again.
E: Memory alloc failed for size 1048512. Please clean up the memory and run again.
E: Memory alloc failed for size 1048512. Please clean up the memory and run again.
E: Memory alloc failed for size 1048512. Please clean up the memory and run again.
E: Memory alloc failed for size 1048512. Please clean up the memory and run again.
E: Memory alloc failed for size 1048512. Please clean up the memory and run again.
E: Memory alloc failed for size 1048512. Please clean up the memory and run again.
E: Memory alloc failed for size 1048512. Please clean up the memory and run again.
E: Memory alloc failed for size 1048512. Please clean up the memory and run again.
E: Memory alloc failed for size 1048512. Please clean up the memory and run again.
E: Memory alloc failed for size 1048512. Please clean up the memory and run again.
E: Memory alloc failed for size 1048512. Please clean up the memory and run again.
E: Memory alloc failed for size 1048512. Please clean up the memory and run again.
E: Memory alloc failed for size 1048512. Please clean up the memory and run again.
E: Memory alloc failed for size 1048512. Please clean up the memory and run again.
E: Memory alloc failed for size 1048512. Please clean up the memory and run again.
E: Memory alloc failed for size 1048512. Please clean up the memory and run again.
E: Memory alloc failed for size 1048512. Please clean up the memory and run again.
E: Memory alloc failed for size 1048512. Please clean up the memory and run again.
E: Memory alloc failed for size 1048512. Please clean up the memory and run again.
E: Memory alloc failed for size 1048512. Please clean up the memory and run again.
E: Memory alloc failed for size 1048512. Please clean up the memory and run again.
E: Memory alloc failed for size 1048512. Please clean up the memory and run again.
E: Memory alloc failed for size 1048512. Please clean up the memory and run again.
E: Memory alloc failed for size 1048512. Please clean up the memory and run again.
E: Memory alloc failed for size 1048512. Please clean up the memory and run again.
E: Memory alloc failed for size 1048512. Please clean up the memory and run again.
E: Memory alloc failed for size 1048512. Please clean up the memory and run again.
E: Memory alloc failed for size 1048512. Please clean up the memory and run again.
E: Memory alloc failed for size 1048512. Please clean up the memory and run again.
E: Memory alloc failed for size 1048512. Please clean up the memory and run again.
E: Memory alloc failed for size 1048512. Please clean up the memory and run again.
E: Memory alloc failed for size 1048512. Please clean up the memory and run again.
E: Memory alloc failed for size 1048512. Please clean up the memory and run again.
E: Memory alloc failed for size 1048512. Please clean up the memory and run again.
E: Memory alloc failed for size 1048512. Please clean up the memory and run again.
E: Memory alloc failed for size 1048512. Please clean up the memory and run again.
E: Memory alloc failed for size 1048512. Please clean up the memory and run again.
E: Memory alloc failed for size 1048512. Please clean up the memory and run again.
E: Memory alloc failed for size 1048512. Please clean up the memory and run again.
E: Memory alloc failed for size 1048512. Please clean up the memory and run again.
E: Memory alloc failed for size 1048512. Please clean up the memory and run again.
E: Memory alloc failed for size 1048512. Please clean up the memory and run again.
E: Memory alloc failed for size 1048512. Please clean up the memory and run again.
E: Memory alloc failed for size 1048512. Please clean up the memory and run again.
E: Memory alloc failed for size 1048512. Please clean up the memory and run again.
E: Memory alloc failed for size 1048512. Please clean up the memory and run again.
E: Memory alloc failed for size 1048512. Please clean up the memory and run again.
E: Memory alloc failed for size 1048512. Please clean up the memory and run again.
E: Memory alloc failed for size 1048512. Please clean up the memory and run again.
E: Memory alloc failed for size 1048512. Please clean up the memory and run again.
E: Memory alloc failed for size 1048512. Please clean up the memory and run again.
E: Memory alloc failed for size 1048512. Please clean up the memory and run again.
E: Memory alloc failed for size 1048512. Please clean up the memory and run again.
E: Memory alloc failed for size 1048512. Please clean up the memory and run again.
E: Memory alloc failed for size 1048512. Please clean up the memory and run again.
E: Memory alloc failed for size 1048512. Please clean up the memory and run again.
E: Memory alloc failed for size 1048512. Please clean up the memory and run again.
E: Memory alloc failed for size 1048512. Please clean up the memory and run again.
E: Memory alloc failed for size 1048512. Please clean up the memory and run again.
E: Memory alloc failed for size 1048512. Please clean up the memory and run again.
E: Memory alloc failed for size 1048512. Please clean up the memory and run again.
E: Memory alloc failed for size 1048512. Please clean up the memory and run again.
E: Memory alloc failed for size 1048512. Please clean up the memory and run again.
E: Memory alloc failed for size 1048512. Please clean up the memory and run again.
E: Memory alloc failed for size 1048512. Please clean up the memory and run again.
E: Memory alloc failed for size 1048512. Please clean up the memory and run again.
E: Memory alloc failed for size 1048512. Please clean up the memory and run again.
E: Memory alloc failed for size 1048512. Please clean up the memory and run again.
E: Memory alloc failed for size 1048512. Please clean up the memory and run again.
E: Memory alloc failed for size 1048512. Please clean up the memory and run again.
E: Memory alloc failed for size 1048512. Please clean up the memory and run again.
E: Memory alloc failed for size 1048512. Please clean up the memory and run again.
E: Memory alloc failed for size 1048512. Please clean up the memory and run again.
E: Memory alloc failed for size 1048512. Please clean up the memory and run again.
E: Memory alloc failed for size 1048512. Please clean up the memory and run again.
E: Memory alloc failed for size 1048512. Please clean up the memory and run again.
E: Memory alloc failed for size 1048512. Please clean up the memory and run again.
E: Memory alloc failed for size 1048512. Please clean up the memory and run again.
E: Memory alloc failed for size 1048512. Please clean up the memory and run again.
E: Memory alloc failed for size 1048512. Please clean up the memory and run again.
E: Memory alloc failed for size 1048512. Please clean up the memory and run again.
E: Memory alloc failed for size 1048512. Please clean up the memory and run again.
E: Memory alloc failed for size 1048512. Please clean up the memory and run again.
E: Memory alloc failed for size 1048512. Please clean up the memory and run again.
E: Memory alloc failed for size 1048512. Please clean up the memory and run again.
E: Memory alloc failed for size 1048512. Please clean up the memory and run again.
E: Memory alloc failed for size 1048512. Please clean up the memory and run again.
E: Memory alloc failed for size 1048512. Please clean up the memory and run again.
E: Memory alloc failed for size 1048512. Please clean up the memory and run again.
E: Memory alloc failed for size 1048512. Please clean up the memory and run again.
E: Memory alloc failed for size 1048512. Please clean up the memory and run again.
E: Memory alloc failed for size 1048512. Please clean up the memory and run again.
E: Memory alloc failed for size 1048512. Please clean up the memory and run again.
E: Memory alloc failed for size 1048512. Please clean up the memory and run again.
E: Memory alloc failed for size 1048512. Please clean up the memory and run again.
E: Memory alloc failed for size 1048512. Please clean up the memory and run again.
E: Memory alloc failed for size 1048512. Please clean up the memory and run again.
E: Memory alloc failed for size 1048512. Please clean up the memory and run again.
E: Memory alloc failed for size 1048512. Please clean up the memory and run again.
E: Memory alloc failed for size 1048512. Please clean up the memory and run again.
E: Memory alloc failed for size 1048512. Please clean up the memory and run again.
E: Memory alloc failed for size 1048512. Please clean up the memory and run again.
E: Memory alloc failed for size 1048512. Please clean up the memory and run again.
E: Memory alloc failed for size 1048512. Please clean up the memory and run again.
E: Memory alloc failed for size 1048512. Please clean up the memory and run again.
E: Memory alloc failed for size 1048512. Please clean up the memory and run again.
E: Memory alloc failed for size 1048512. Please clean up the memory and run again.
E: Memory alloc failed for size 1048512. Please clean up the memory and run again.
E: Memory alloc failed for size 1048512. Please clean up the memory and run again.
E: Memory alloc failed for size 1048512. Please clean up the memory and run again.
E: Memory alloc failed for size 1048512. Please clean up the memory and run again.
E: Memory alloc failed for size 1048512. Please clean up the memory and run again.
E: Memory alloc failed for size 1048512. Please clean up the memory and run again.
E: Memory alloc failed for size 1048512. Please clean up the memory and run again.
E: Memory alloc failed for size 1048512. Please clean up the memory and run again.
E: Memory alloc failed for size 1048512. Please clean up the memory and run again.
E: Memory alloc failed for size 1048512. Please clean up the memory and run again.
E: Memory alloc failed for size 1048512. Please clean up the memory and run again.
E: Memory alloc failed for size 1048512. Please clean up the memory and run again.
E: Memory alloc failed for size 1048512. Please clean up the memory and run again.
E: Memory alloc failed for size 1048512. Please clean up the memory and run again.
E: Memory alloc failed for size 1048512. Please clean up the memory and run again.
E: Memory alloc failed for size 1048512. Please clean up the memory and run again.
E: Memory alloc failed for size 1048512. Please clean up the memory and run again.
E: Memory alloc failed for size 1048512. Please clean up the memory and run again.
E: Memory alloc failed for size 1048512. Please clean up the memory and run again.
E: Memory alloc failed for size 1048512. Please clean up the memory and run again.
E: Memory alloc failed for size 1048512. Please clean up the memory and run again.
E: Memory alloc failed for size 1048512. Please clean up the memory and run again.
E: Memory alloc failed for size 1048512. Please clean up the memory and run again.
E: Memory alloc failed for size 1048512. Please clean up the memory and run again.
E: Memory alloc failed for size 1048512. Please clean up the memory and run again.
E: Memory alloc failed for size 1048512. Please clean up the memory and run again.
E: Memory alloc failed for size 1048512. Please clean up the memory and run again.
E: Memory alloc failed for size 1048512. Please clean up the memory and run again.
E: Memory alloc failed for size 1048512. Please clean up the memory and run again.
E: Memory alloc failed for size 1048512. Please clean up the memory and run again.
E: Memory alloc failed for size 1048512. Please clean up the memory and run again.
E: Memory alloc failed for size 1048512. Please clean up the memory and run again.
E: Memory alloc failed for size 1048512. Please clean up the memory and run again.
E: Memory alloc failed for size 1048512. Please clean up the memory and run again.
E: Memory alloc failed for size 1048512. Please clean up the memory and run again.
E: Memory alloc failed for size 1048512. Please clean up the memory and run again.
E: Memory alloc failed for size 1048512. Please clean up the memory and run again.
E: Memory alloc failed for size 1048512. Please clean up the memory and run again.
E: Memory alloc failed for size 1048512. Please clean up the memory and run again.
E: Memory alloc failed for size 1048512. Please clean up the memory and run again.
E: Memory alloc failed for size 1048512. Please clean up the memory and run again.
E: Memory alloc failed for size 1048512. Please clean up the memory and run again.
E: Memory alloc failed for size 1048512. Please clean up the memory and run again.
E: Memory alloc failed for size 1048512. Please clean up the memory and run again.
E: Memory alloc failed for size 1048512. Please clean up the memory and run again.
E: Memory alloc failed for size 1048512. Please clean up the memory and run again.
E: Memory alloc failed for size 1048512. Please clean up the memory and run again.
E: Memory alloc failed for size 1048512. Please clean up the memory and run again.
E: Memory alloc failed for size 1048512. Please clean up the memory and run again.
E: Memory alloc failed for size 1048512. Please clean up the memory and run again.
E: Memory alloc failed for size 1048512. Please clean up the memory and run again.
E: Memory alloc failed for size 1048512. Please clean up the memory and run again.
E: Memory alloc failed for size 1048512. Please clean up the memory and run again.
E: Memory alloc failed for size 1048512. Please clean up the memory and run again.
E: Memory alloc failed for size 1048512. Please clean up the memory and run again.
E: Memory alloc failed for size 1048512. Please clean up the memory and run again.
E: Memory alloc failed for size 1048512. Please clean up the memory and run again.
E: Memory alloc failed for size 1048512. Please clean up the memory and run again.
E: Memory alloc failed for size 1048512. Please clean up the memory and run again.
E: Memory alloc failed for size 1048512. Please clean up the memory and run again.
E: Memory alloc failed for size 1048512. Please clean up the memory and run again.
E: Memory alloc failed for size 1048512. Please clean up the memory and run again.
E: Memory alloc failed for size 1048512. Please clean up the memory and run again.
E: Memory alloc failed for size 1048512. Please clean up the memory and run again.
E: Memory alloc failed for size 1048512. Please clean up the memory and run again.
E: Memory alloc failed for size 1048512. Please clean up the memory and run again.
E: Memory alloc failed for size 1048512. Please clean up the memory and run again.
E: Memory alloc failed for size 1048512. Please clean up the memory and run again.
E: Memory alloc failed for size 1048512. Please clean up the memory and run again.
E: Memory alloc failed for size 1048512. Please clean up the memory and run again.
E: Memory alloc failed for size 1048512. Please clean up the memory and run again.
E: Memory alloc failed for size 1048512. Please clean up the memory and run again.
E: Memory alloc failed for size 1048512. Please clean up the memory and run again.
E: Memory alloc failed for size 1048512. Please clean up the memory and run again.
E: Memory alloc failed for size 1048512. Please clean up the memory and run again.
E: Memory alloc failed for size 1048512. Please clean up the memory and run again.
E: Memory alloc failed for size 1048512. Please clean up the memory and run again.
E: Memory alloc failed for size 1048512. Please clean up the memory and run again.
E: Memory alloc failed for size 1048512. Please clean up the memory and run again.
E: Memory alloc failed for size 1048512. Please clean up the memory and run again.
E: Memory alloc failed for size 1048512. Please clean up the memory and run again.
E: Memory alloc failed for size 1048512. Please clean up the memory and run again.
E: Memory alloc failed for size 1048512. Please clean up the memory and run again.
E: Memory alloc failed for size 1048512. Please clean up the memory and run again.
E: Memory alloc failed for size 1048512. Please clean up the memory and run again.
E: Memory alloc failed for size 1048512. Please clean up the memory and run again.
E: Memory alloc failed for size 1048512. Please clean up the memory and run again.
E: Memory alloc failed for size 1048512. Please clean up the memory and run again.
E: Memory alloc failed for size 1048512. Please clean up the memory and run again.
E: Memory alloc failed for size 1048512. Please clean up the memory and run again.
E: Memory alloc failed for size 1048512. Please clean up the memory and run again.
E: Memory alloc failed for size 1048512. Please clean up the memory and run again.
E: Memory alloc failed for size 1048512. Please clean up the memory and run again.
E: Memory alloc failed for size 1048512. Please clean up the memory and run again.
E: Memory alloc failed for size 1048512. Please clean up the memory and run again.
E: Memory alloc failed for size 1048512. Please clean up the memory and run again.
E: Memory alloc failed for size 1048512. Please clean up the memory and run again.
E: Memory alloc failed for size 1048512. Please clean up the memory and run again.
E: Memory alloc failed for size 1048512. Please clean up the memory and run again.
E: Memory alloc failed for size 1048512. Please clean up the memory and run again.
E: Memory alloc failed for size 1048512. Please clean up the memory and run again.
E: Memory alloc failed for size 1048512. Please clean up the memory and run again.
E: Memory alloc failed for size 1048512. Please clean up the memory and run again.
E: Memory alloc failed for size 1048512. Please clean up the memory and run again.
E: Memory alloc failed for size 1048512. Please clean up the memory and run again.
E: Memory alloc failed for size 1048512. Please clean up the memory and run again.
E: Memory alloc failed for size 1048512. Please clean up the memory and run again.
E: Memory alloc failed for size 1048512. Please clean up the memory and run again.
E: Memory alloc failed for size 1048512. Please clean up the memory and run again.
E: Memory alloc failed for size 1048512. Please clean up the memory and run again.
E: Memory alloc failed for size 1048512. Please clean up the memory and run again.
E: Memory alloc failed for size 1048512. Please clean up the memory and run again.
E: Memory alloc failed for size 1048512. Please clean up the memory and run again.
E: Memory alloc failed for size 1048512. Please clean up the memory and run again.
E: Memory alloc failed for size 1048512. Please clean up the memory and run again.
E: Memory alloc failed for size 1048512. Please clean up the memory and run again.
E: Memory alloc failed for size 1048512. Please clean up the memory and run again.
E: Memory alloc failed for size 1048512. Please clean up the memory and run again.
E: Memory alloc failed for size 1048512. Please clean up the memory and run again.
E: Memory alloc failed for size 1048512. Please clean up the memory and run again.
E: Memory alloc failed for size 1048512. Please clean up the memory and run again.
E: Memory alloc failed for size 1048512. Please clean up the memory and run again.
E: Memory alloc failed for size 1048512. Please clean up the memory and run again.
E: Memory alloc failed for size 1048512. Please clean up the memory and run again.
E: Memory alloc failed for size 1048512. Please clean up the memory and run again.
E: Memory alloc failed for size 1048512. Please clean up the memory and run again.
E: Memory alloc failed for size 1048512. Please clean up the memory and run again.
E: Memory alloc failed for size 1048512. Please clean up the memory and run again.
E: Memory alloc failed for size 1048512. Please clean up the memory and run again.
E: Memory alloc failed for size 1048512. Please clean up the memory and run again.
E: Memory alloc failed for size 1048512. Please clean up the memory and run again.
E: Memory alloc failed for size 1048512. Please clean up the memory and run again.
E: Memory alloc failed for size 1048512. Please clean up the memory and run again.
E: Memory alloc failed for size 1048512. Please clean up the memory and run again.
E: Memory alloc failed for size 1048512. Please clean up the memory and run again.
E: Memory alloc failed for size 1048512. Please clean up the memory and run again.
E: Memory alloc failed for size 1048512. Please clean up the memory and run again.
E: Memory alloc failed for size 1048512. Please clean up the memory and run again.
E: Memory alloc failed for size 1048512. Please clean up the memory and run again.
E: Memory alloc failed for size 1048512. Please clean up the memory and run again.
E: Memory alloc failed for size 1048512. Please clean up the memory and run again.
E: Memory alloc failed for size 1048512. Please clean up the memory and run again.
E: Memory alloc failed for size 1048512. Please clean up the memory and run again.
E: Memory alloc failed for size 1048512. Please clean up the memory and run again.
E: Memory alloc failed for size 1048512. Please clean up the memory and run again.
E: Memory alloc failed for size 1048512. Please clean up the memory and run again.
E: Memory alloc failed for size 1048512. Please clean up the memory and run again.
E: Memory alloc failed for size 1048512. Please clean up the memory and run again.
E: Memory alloc failed for size 1048512. Please clean up the memory and run again.
E: Memory alloc failed for size 1048512. Please clean up the memory and run again.
E: Memory alloc failed for size 1048512. Please clean up the memory and run again.
E: Memory alloc failed for size 1048512. Please clean up the memory and run again.
E: Memory alloc failed for size 1048512. Please clean up the memory and run again.
E: Memory alloc failed for size 1048512. Please clean up the memory and run again.
E: Memory alloc failed for size 1048512. Please clean up the memory and run again.
E: Memory alloc failed for size 1048512. Please clean up the memory and run again.
E: Memory alloc failed for size 1048512. Please clean up the memory and run again.
E: Memory alloc failed for size 1048512. Please clean up the memory and run again.
E: Memory alloc failed for size 1048512. Please clean up the memory and run again.
E: Memory alloc failed for size 1048512. Please clean up the memory and run again.
E: Memory alloc failed for size 1048512. Please clean up the memory and run again.
E: Memory alloc failed for size 1048512. Please clean up the memory and run again.
E: Memory alloc failed for size 1048512. Please clean up the memory and run again.
E: Memory alloc failed for size 1048512. Please clean up the memory and run again.
E: Memory alloc failed for size 1048512. Please clean up the memory and run again.
E: Memory alloc failed for size 1048512. Please clean up the memory and run again.
E: Memory alloc failed for size 1048512. Please clean up the memory and run again.
E: Memory alloc failed for size 1048512. Please clean up the memory and run again.
E: Memory alloc failed for size 1048512. Please clean up the memory and run again.
E: Memory alloc failed for size 1048512. Please clean up the memory and run again.
E: Memory alloc failed for size 1048512. Please clean up the memory and run again.
E: Memory alloc failed for size 1048512. Please clean up the memory and run again.
E: Memory alloc failed for size 1048512. Please clean up the memory and run again.
E: Memory alloc failed for size 1048512. Please clean up the memory and run again.
E: Memory alloc failed for size 1048512. Please clean up the memory and run again.
E: Memory alloc failed for size 1048512. Please clean up the memory and run again.
E: Memory alloc failed for size 1048512. Please clean up the memory and run again.
E: Memory alloc failed for size 1048512. Please clean up the memory and run again.
E: Memory alloc failed for size 1048512. Please clean up the memory and run again.
E: Memory alloc failed for size 1048512. Please clean up the memory and run again.
E: Memory alloc failed for size 1048512. Please clean up the memory and run again.
E: Memory alloc failed for size 1048512. Please clean up the memory and run again.
E: Memory alloc failed for size 1048512. Please clean up the memory and run again.
E: Memory alloc failed for size 1048512. Please clean up the memory and run again.
E: Memory alloc failed for size 1048512. Please clean up the memory and run again.
E: Memory alloc failed for size 1048512. Please clean up the memory and run again.
E: Memory alloc failed for size 1048512. Please clean up the memory and run again.
E: Memory alloc failed for size 1048512. Please clean up the memory and run again.
E: Memory alloc failed for size 1048512. Please clean up the memory and run again.
E: Memory alloc failed for size 1048512. Please clean up the memory and run again.
E: Memory alloc failed for size 1048512. Please clean up the memory and run again.
E: Memory alloc failed for size 1048512. Please clean up the memory and run again.
E: Memory alloc failed for size 1048512. Please clean up the memory and run again.
E: Memory alloc failed for size 1048512. Please clean up the memory and run again.
E: Memory alloc failed for size 1048512. Please clean up the memory and run again.
E: Memory alloc failed for size 1048512. Please clean up the memory and run again.
E: Memory alloc failed for size 1048512. Please clean up the memory and run again.
E: Memory alloc failed for size 1048512. Please clean up the memory and run again.
E: Memory alloc failed for size 1048512. Please clean up the memory and run again.
E: Memory alloc failed for size 1048512. Please clean up the memory and run again.
E: Memory alloc failed for size 1048512. Please clean up the memory and run again.
E: Memory alloc failed for size 1048512. Please clean up the memory and run again.
E: Memory alloc failed for size 1048512. Please clean up the memory and run again.
E: Memory alloc failed for size 1048512. Please clean up the memory and run again.
E: Memory alloc failed for size 1048512. Please clean up the memory and run again.
E: Memory alloc failed for size 1048512. Please clean up the memory and run again.
E: Memory alloc failed for size 1048512. Please clean up the memory and run again.
E: Memory alloc failed for size 1048512. Please clean up the memory and run again.
E: Memory alloc failed for size 1048512. Please clean up the memory and run again.
E: Memory alloc failed for size 1048512. Please clean up the memory and run again.
E: Memory alloc failed for size 1048512. Please clean up the memory and run again.
E: Memory alloc failed for size 1048512. Please clean up the memory and run again.
E: Memory alloc failed for size 1048512. Please clean up the memory and run again.
E: Memory alloc failed for size 1048512. Please clean up the memory and run again.
E: Memory alloc failed for size 1048512. Please clean up the memory and run again.
E: Memory alloc failed for size 1048512. Please clean up the memory and run again.
E: Memory alloc failed for size 1048512. Please clean up the memory and run again.
E: Memory alloc failed for size 1048512. Please clean up the memory and run again.
E: Memory alloc failed for size 1048512. Please clean up the memory and run again.
E: Memory alloc failed for size 1048512. Please clean up the memory and run again.
E: Memory alloc failed for size 1048512. Please clean up the memory and run again.
E: Memory alloc failed for size 1048512. Please clean up the memory and run again.
E: Memory alloc failed for size 1048512. Please clean up the memory and run again.
E: Memory alloc failed for size 1048512. Please clean up the memory and run again.
E: Memory alloc failed for size 1048512. Please clean up the memory and run again.
E: Memory alloc failed for size 1048512. Please clean up the memory and run again.
E: Memory alloc failed for size 1048512. Please clean up the memory and run again.
E: Memory alloc failed for size 1048512. Please clean up the memory and run again.
E: Memory alloc failed for size 1048512. Please clean up the memory and run again.
E: Memory alloc failed for size 1048512. Please clean up the memory and run again.
E: Memory alloc failed for size 1048512. Please clean up the memory and run again.
E: Memory alloc failed for size 1048512. Please clean up the memory and run again.
E: Memory alloc failed for size 1048512. Please clean up the memory and run again.
E: Memory alloc failed for size 1048512. Please clean up the memory and run again.
E: Memory alloc failed for size 1048512. Please clean up the memory and run again.
E: Memory alloc failed for size 1048512. Please clean up the memory and run again.
E: Memory alloc failed for size 1048512. Please clean up the memory and run again.
E: Memory alloc failed for size 1048512. Please clean up the memory and run again.
E: Memory alloc failed for size 1048512. Please clean up the memory and run again.
E: Memory alloc failed for size 1048512. Please clean up the memory and run again.
E: Memory alloc failed for size 1048512. Please clean up the memory and run again.
E: Memory alloc failed for size 1048512. Please clean up the memory and run again.
E: Memory alloc failed for size 1048512. Please clean up the memory and run again.
E: Memory alloc failed for size 1048512. Please clean up the memory and run again.
E: Memory alloc failed for size 1048512. Please clean up the memory and run again.
E: Memory alloc failed for size 1048512. Please clean up the memory and run again.
E: Memory alloc failed for size 1048512. Please clean up the memory and run again.
E: Memory alloc failed for size 1048512. Please clean up the memory and run again.
E: Memory alloc failed for size 1048512. Please clean up the memory and run again.
E: Memory alloc failed for size 1048512. Please clean up the memory and run again.
E: Memory alloc failed for size 1048512. Please clean up the memory and run again.
E: Memory alloc failed for size 1048512. Please clean up the memory and run again.
E: Memory alloc failed for size 1048512. Please clean up the memory and run again.
E: Memory alloc failed for size 1048512. Please clean up the memory and run again.
E: Memory alloc failed for size 1048512. Please clean up the memory and run again.
E: Memory alloc failed for size 1048512. Please clean up the memory and run again.
E: Memory alloc failed for size 1048512. Please clean up the memory and run again.
E: Memory alloc failed for size 1048512. Please clean up the memory and run again.
E: Memory alloc failed for size 1048512. Please clean up the memory and run again.
E: Memory alloc failed for size 1048512. Please clean up the memory and run again.
E: Memory alloc failed for size 1048512. Please clean up the memory and run again.
E: Memory alloc failed for size 1048512. Please clean up the memory and run again.
E: Memory alloc failed for size 1048512. Please clean up the memory and run again.
E: Memory alloc failed for size 1048512. Please clean up the memory and run again.
E: Memory alloc failed for size 1048512. Please clean up the memory and run again.
E: Memory alloc failed for size 1048512. Please clean up the memory and run again.
E: Memory alloc failed for size 1048512. Please clean up the memory and run again.
E: Memory alloc failed for size 1048512. Please clean up the memory and run again.
E: Memory alloc failed for size 1048512. Please clean up the memory and run again.
E: Memory alloc failed for size 1048512. Please clean up the memory and run again.
E: Memory alloc failed for size 1048512. Please clean up the memory and run again.
E: Memory alloc failed for size 1048512. Please clean up the memory and run again.
E: Memory alloc failed for size 1048512. Please clean up the memory and run again.
E: Memory alloc failed for size 1048512. Please clean up the memory and run again.
E: Memory alloc failed for size 1048512. Please clean up the memory and run again.
E: Memory alloc failed for size 1048512. Please clean up the memory and run again.
E: Memory alloc failed for size 1048512. Please clean up the memory and run again.
E: Memory alloc failed for size 1048512. Please clean up the memory and run again.
E: Memory alloc failed for size 1048512. Please clean up the memory and run again.
E: Memory alloc failed for size 1048512. Please clean up the memory and run again.
E: Memory alloc failed for size 1048512. Please clean up the memory and run again.
E: Memory alloc failed for size 1048512. Please clean up the memory and run again.
E: Memory alloc failed for size 1048512. Please clean up the memory and run again.
E: Memory alloc failed for size 1048512. Please clean up the memory and run again.
E: Memory alloc failed for size 1048512. Please clean up the memory and run again.
E: Memory alloc failed for size 1048512. Please clean up the memory and run again.
E: Memory alloc failed for size 1048512. Please clean up the memory and run again.
E: Memory alloc failed for size 1048512. Please clean up the memory and run again.
E: Memory alloc failed for size 1048512. Please clean up the memory and run again.
E: Memory alloc failed for size 1048512. Please clean up the memory and run again.
E: Memory alloc failed for size 1048512. Please clean up the memory and run again.
E: Memory alloc failed for size 1048512. Please clean up the memory and run again.
E: Memory alloc failed for size 1048512. Please clean up the memory and run again.
E: Memory alloc failed for size 1048512. Please clean up the memory and run again.
E: Memory alloc failed for size 1048512. Please clean up the memory and run again.
E: Memory alloc failed for size 1048512. Please clean up the memory and run again.
E: Memory alloc failed for size 1048512. Please clean up the memory and run again.
E: Memory alloc failed for size 1048512. Please clean up the memory and run again.
E: Memory alloc failed for size 1048512. Please clean up the memory and run again.
E: Memory alloc failed for size 1048512. Please clean up the memory and run again.
E: Memory alloc failed for size 1048512. Please clean up the memory and run again.
E: Memory alloc failed for size 1048512. Please clean up the memory and run again.
E: Memory alloc failed for size 1048512. Please clean up the memory and run again.
E: Memory alloc failed for size 1048512. Please clean up the memory and run again.
E: Memory alloc failed for size 1048512. Please clean up the memory and run again.
E: Memory alloc failed for size 1048512. Please clean up the memory and run again.
E: Memory alloc failed for size 1048512. Please clean up the memory and run again.
E: Memory alloc failed for size 1048512. Please clean up the memory and run again.
E: Memory alloc failed for size 1048512. Please clean up the memory and run again.
E: Memory alloc failed for size 1048512. Please clean up the memory and run again.
E: Memory alloc failed for size 1048512. Please clean up the memory and run again.
E: Memory alloc failed for size 1048512. Please clean up the memory and run again.
E: Memory alloc failed for size 1048512. Please clean up the memory and run again.
E: Memory alloc failed for size 1048512. Please clean up the memory and run again.
E: Memory alloc failed for size 1048512. Please clean up the memory and run again.
E: Memory alloc failed for size 1048512. Please clean up the memory and run again.
E: Memory alloc failed for size 1048512. Please clean up the memory and run again.
E: Memory alloc failed for size 1048512. Please clean up the memory and run again.
E: Memory alloc failed for size 1048512. Please clean up the memory and run again.
E: Memory alloc failed for size 1048512. Please clean up the memory and run again.
E: Memory alloc failed for size 1048512. Please clean up the memory and run again.
E: Memory alloc failed for size 1048512. Please clean up the memory and run again.
E: Memory alloc failed for size 1048512. Please clean up the memory and run again.
E: Memory alloc failed for size 1048512. Please clean up the memory and run again.
E: Memory alloc failed for size 1048512. Please clean up the memory and run again.
E: Memory alloc failed for size 1048512. Please clean up the memory and run again.
E: Memory alloc failed for size 1048512. Please clean up the memory and run again.
E: Memory alloc failed for size 1048512. Please clean up the memory and run again.
E: Memory alloc failed for size 1048512. Please clean up the memory and run again.
E: Memory alloc failed for size 1048512. Please clean up the memory and run again.
E: Memory alloc failed for size 1048512. Please clean up the memory and run again.
E: Memory alloc failed for size 1048512. Please clean up the memory and run again.
E: Memory alloc failed for size 1048512. Please clean up the memory and run again.
E: Memory alloc failed for size 1048512. Please clean up the memory and run again.
E: Memory alloc failed for size 1048512. Please clean up the memory and run again.
E: Memory alloc failed for size 1048512. Please clean up the memory and run again.
E: Memory alloc failed for size 1048512. Please clean up the memory and run again.
E: Memory alloc failed for size 1048512. Please clean up the memory and run again.
E: Memory alloc failed for size 1048512. Please clean up the memory and run again.
E: Memory alloc failed for size 1048512. Please clean up the memory and run again.
E: Memory alloc failed for size 1048512. Please clean up the memory and run again.
E: Memory alloc failed for size 1048512. Please clean up the memory and run again.
E: Memory alloc failed for size 1048512. Please clean up the memory and run again.
E: Memory alloc failed for size 1048512. Please clean up the memory and run again.
E: Memory alloc failed for size 1048512. Please clean up the memory and run again.
E: Memory alloc failed for size 1048512. Please clean up the memory and run again.
E: Memory alloc failed for size 1048512. Please clean up the memory and run again.
E: Memory alloc failed for size 1048512. Please clean up the memory and run again.
E: Memory alloc failed for size 1048512. Please clean up the memory and run again.
E: Memory alloc failed for size 1048512. Please clean up the memory and run again.
E: Memory alloc failed for size 1048512. Please clean up the memory and run again.
E: Memory alloc failed for size 1048512. Please clean up the memory and run again.
E: Memory alloc failed for size 1048512. Please clean up the memory and run again.
E: Memory alloc failed for size 1048512. Please clean up the memory and run again.
E: Memory alloc failed for size 1048512. Please clean up the memory and run again.
E: Memory alloc failed for size 1048512. Please clean up the memory and run again.
E: Memory alloc failed for size 1048512. Please clean up the memory and run again.
E: Memory alloc failed for size 1048512. Please clean up the memory and run again.
E: Memory alloc failed for size 1048512. Please clean up the memory and run again.
E: Memory alloc failed for size 1048512. Please clean up the memory and run again.
E: Memory alloc failed for size 1048512. Please clean up the memory and run again.
E: Memory alloc failed for size 1048512. Please clean up the memory and run again.
E: Memory alloc failed for size 1048512. Please clean up the memory and run again.
E: Memory alloc failed for size 1048512. Please clean up the memory and run again.
E: Memory alloc failed for size 1048512. Please clean up the memory and run again.
E: Memory alloc failed for size 1048512. Please clean up the memory and run again.
E: Memory alloc failed for size 1048512. Please clean up the memory and run again.
E: Memory alloc failed for size 1048512. Please clean up the memory and run again.
E: Memory alloc failed for size 1048512. Please clean up the memory and run again.
E: Memory alloc failed for size 1048512. Please clean up the memory and run again.
E: Memory alloc failed for size 1048512. Please clean up the memory and run again.
E: Memory alloc failed for size 1048512. Please clean up the memory and run again.
E: Memory alloc failed for size 1048512. Please clean up the memory and run again.
E: Memory alloc failed for size 1048512. Please clean up the memory and run again.
E: Memory alloc failed for size 1048512. Please clean up the memory and run again.
E: Memory alloc failed for size 1048512. Please clean up the memory and run again.
E: Memory alloc failed for size 1048512. Please clean up the memory and run again.
E: Memory alloc failed for size 1048512. Please clean up the memory and run again.
E: Memory alloc failed for size 1048512. Please clean up the memory and run again.
E: Memory alloc failed for size 1048512. Please clean up the memory and run again.
E: Memory alloc failed for size 1048512. Please clean up the memory and run again.
E: Memory alloc failed for size 1048512. Please clean up the memory and run again.
E: Memory alloc failed for size 1048512. Please clean up the memory and run again.
E: Memory alloc failed for size 1048512. Please clean up the memory and run again.
E: Memory alloc failed for size 1048512. Please clean up the memory and run again.
E: Memory alloc failed for size 1048512. Please clean up the memory and run again.
E: Memory alloc failed for size 1048512. Please clean up the memory and run again.
E: Memory alloc failed for size 1048512. Please clean up the memory and run again.
E: Memory alloc failed for size 1048512. Please clean up the memory and run again.
E: Memory alloc failed for size 1048512. Please clean up the memory and run again.
E: Memory alloc failed for size 1048512. Please clean up the memory and run again.
E: Memory alloc failed for size 1048512. Please clean up the memory and run again.
E: Memory alloc failed for size 1048512. Please clean up the memory and run again.
E: Memory alloc failed for size 1048512. Please clean up the memory and run again.
E: Memory alloc failed for size 1048512. Please clean up the memory and run again.
E: Memory alloc failed for size 1048512. Please clean up the memory and run again.
E: Memory alloc failed for size 1048512. Please clean up the memory and run again.
E: Memory alloc failed for size 1048512. Please clean up the memory and run again.
E: Memory alloc failed for size 1048512. Please clean up the memory and run again.
E: Memory alloc failed for size 1048512. Please clean up the memory and run again.
E: Memory alloc failed for size 1048512. Please clean up the memory and run again.
E: Memory alloc failed for size 1048512. Please clean up the memory and run again.
E: Memory alloc failed for size 1048512. Please clean up the memory and run again.
E: Memory alloc failed for size 1048512. Please clean up the memory and run again.
E: Memory alloc failed for size 1048512. Please clean up the memory and run again.
E: Memory alloc failed for size 1048512. Please clean up the memory and run again.
E: Memory alloc failed for size 1048512. Please clean up the memory and run again.
E: Memory alloc failed for size 1048512. Please clean up the memory and run again.
E: Memory alloc failed for size 1048512. Please clean up the memory and run again.
E: Memory alloc failed for size 1048512. Please clean up the memory and run again.
E: Memory alloc failed for size 1048512. Please clean up the memory and run again.
E: Memory alloc failed for size 1048512. Please clean up the memory and run again.
E: Memory alloc failed for size 1048512. Please clean up the memory and run again.
E: Memory alloc failed for size 1048512. Please clean up the memory and run again.
E: Memory alloc failed for size 1048512. Please clean up the memory and run again.
E: Memory alloc failed for size 1048512. Please clean up the memory and run again.
E: Memory alloc failed for size 1048512. Please clean up the memory and run again.
E: Memory alloc failed for size 1048512. Please clean up the memory and run again.
E: Memory alloc failed for size 1048512. Please clean up the memory and run again.
E: Memory alloc failed for size 1048512. Please clean up the memory and run again.
E: Memory alloc failed for size 1048512. Please clean up the memory and run again.
E: Memory alloc failed for size 1048512. Please clean up the memory and run again.
E: Memory alloc failed for size 1048512. Please clean up the memory and run again.
E: Memory alloc failed for size 1048512. Please clean up the memory and run again.
E: Memory alloc failed for size 1048512. Please clean up the memory and run again.
E: Memory alloc failed for size 1048512. Please clean up the memory and run again.
E: Memory alloc failed for size 1048512. Please clean up the memory and run again.
E: Memory alloc failed for size 1048512. Please clean up the memory and run again.
E: Memory alloc failed for size 1048512. Please clean up the memory and run again.
E: Memory alloc failed for size 1048512. Please clean up the memory and run again.
E: Memory alloc failed for size 1048512. Please clean up the memory and run again.
E: Memory alloc failed for size 1048512. Please clean up the memory and run again.
E: Memory alloc failed for size 1048512. Please clean up the memory and run again.
E: Memory alloc failed for size 1048512. Please clean up the memory and run again.
E: Memory alloc failed for size 1048512. Please clean up the memory and run again.
E: Memory alloc failed for size 1048512. Please clean up the memory and run again.
E: Memory alloc failed for size 1048512. Please clean up the memory and run again.
E: Memory alloc failed for size 1048512. Please clean up the memory and run again.
E: Memory alloc failed for size 1048512. Please clean up the memory and run again.
E: Memory alloc failed for size 1048512. Please clean up the memory and run again.
E: Memory alloc failed for size 1048512. Please clean up the memory and run again.
E: Memory alloc failed for size 1048512. Please clean up the memory and run again.
E: Memory alloc failed for size 1048512. Please clean up the memory and run again.
E: Memory alloc failed for size 1048512. Please clean up the memory and run again.
E: Memory alloc failed for size 1048512. Please clean up the memory and run again.
E: Memory alloc failed for size 1048512. Please clean up the memory and run again.
E: Memory alloc failed for size 1048512. Please clean up the memory and run again.
E: Memory alloc failed for size 1048512. Please clean up the memory and run again.
E: Memory alloc failed for size 1048512. Please clean up the memory and run again.
E: Memory alloc failed for size 1048512. Please clean up the memory and run again.
E: Memory alloc failed for size 1048512. Please clean up the memory and run again.
E: Memory alloc failed for size 1048512. Please clean up the memory and run again.
E: Memory alloc failed for size 1048512. Please clean up the memory and run again.
E: Memory alloc failed for size 1048512. Please clean up the memory and run again.
E: Memory alloc failed for size 1048512. Please clean up the memory and run again.
E: Memory alloc failed for size 1048512. Please clean up the memory and run again.
E: Memory alloc failed for size 1048512. Please clean up the memory and run again.
E: Memory alloc failed for size 1048512. Please clean up the memory and run again.
E: Memory alloc failed for size 1048512. Please clean up the memory and run again.
E: Memory alloc failed for size 1048512. Please clean up the memory and run again.
E: Memory alloc failed for size 1048512. Please clean up the memory and run again.
E: Memory alloc failed for size 1048512. Please clean up the memory and run again.
E: Memory alloc failed for size 1048512. Please clean up the memory and run again.
E: Memory alloc failed for size 1048512. Please clean up the memory and run again.
E: Memory alloc failed for size 1048512. Please clean up the memory and run again.
E: Memory alloc failed for size 1048512. Please clean up the memory and run again.
E: Memory alloc failed for size 1048512. Please clean up the memory and run again.
E: Memory alloc failed for size 1048512. Please clean up the memory and run again.
E: Memory alloc failed for size 1048512. Please clean up the memory and run again.
E: Memory alloc failed for size 1048512. Please clean up the memory and run again.
E: Memory alloc failed for size 1048512. Please clean up the memory and run again.
E: Memory alloc failed for size 1048512. Please clean up the memory and run again.
E: Memory alloc failed for size 1048512. Please clean up the memory and run again.
E: Memory alloc failed for size 1048512. Please clean up the memory and run again.
E: Memory alloc failed for size 1048512. Please clean up the memory and run again.
E: Memory alloc failed for size 1048512. Please clean up the memory and run again.
E: Memory alloc failed for size 1048512. Please clean up the memory and run again.
E: Memory alloc failed for size 1048512. Please clean up the memory and run again.
E: Memory alloc failed for size 1048512. Please clean up the memory and run again.
E: Memory alloc failed for size 1048512. Please clean up the memory and run again.
E: Memory alloc failed for size 1048512. Please clean up the memory and run again.
E: Memory alloc failed for size 1048512. Please clean up the memory and run again.
E: Memory alloc failed for size 1048512. Please clean up the memory and run again.
E: Memory alloc failed for size 1048512. Please clean up the memory and run again.
E: Memory alloc failed for size 1048512. Please clean up the memory and run again.
E: Memory alloc failed for size 1048512. Please clean up the memory and run again.
E: Memory alloc failed for size 1048512. Please clean up the memory and run again.
E: Memory alloc failed for size 1048512. Please clean up the memory and run again.
E: Memory alloc failed for size 1048512. Please clean up the memory and run again.
E: Memory alloc failed for size 1048512. Please clean up the memory and run again.
E: Memory alloc failed for size 1048512. Please clean up the memory and run again.
E: Memory alloc failed for size 1048512. Please clean up the memory and run again.
E: Memory alloc failed for size 1048512. Please clean up the memory and run again.
E: Memory alloc failed for size 1048512. Please clean up the memory and run again.
E: Memory alloc failed for size 1048512. Please clean up the memory and run again.
E: Memory alloc failed for size 1048512. Please clean up the memory and run again.
E: Memory alloc failed for size 1048512. Please clean up the memory and run again.
E: Memory alloc failed for size 1048512. Please clean up the memory and run again.
E: Memory alloc failed for size 1048512. Please clean up the memory and run again.
E: Memory alloc failed for size 1048512. Please clean up the memory and run again.
E: Memory alloc failed for size 1048512. Please clean up the memory and run again.
E: Memory alloc failed for size 1048512. Please clean up the memory and run again.
E: Memory alloc failed for size 1048512. Please clean up the memory and run again.
E: Memory alloc failed for size 1048512. Please clean up the memory and run again.
E: Memory alloc failed for size 1048512. Please clean up the memory and run again.
E: Memory alloc failed for size 1048512. Please clean up the memory and run again.
E: Memory alloc failed for size 1048512. Please clean up the memory and run again.
E: Memory alloc failed for size 1048512. Please clean up the memory and run again.
E: Memory alloc failed for size 1048512. Please clean up the memory and run again.
E: Memory alloc failed for size 1048512. Please clean up the memory and run again.
E: Memory alloc failed for size 1048512. Please clean up the memory and run again.
E: Memory alloc failed for size 1048512. Please clean up the memory and run again.
E: Memory alloc failed for size 1048512. Please clean up the memory and run again.
E: Memory alloc failed for size 1048512. Please clean up the memory and run again.
E: Memory alloc failed for size 1048512. Please clean up the memory and run again.
E: Memory alloc failed for size 1048512. Please clean up the memory and run again.
E: Memory alloc failed for size 1048512. Please clean up the memory and run again.
E: Memory alloc failed for size 1048512. Please clean up the memory and run again.
E: Memory alloc failed for size 1048512. Please clean up the memory and run again.
E: Memory alloc failed for size 1048512. Please clean up the memory and run again.
E: Memory alloc failed for size 1048512. Please clean up the memory and run again.
E: Memory alloc failed for size 1048512. Please clean up the memory and run again.
E: Memory alloc failed for size 1048512. Please clean up the memory and run again.
E: Memory alloc failed for size 1048512. Please clean up the memory and run again.
E: Memory alloc failed for size 1048512. Please clean up the memory and run again.
E: Memory alloc failed for size 1048512. Please clean up the memory and run again.
E: Memory alloc failed for size 1048512. Please clean up the memory and run again.
E: Memory alloc failed for size 1048512. Please clean up the memory and run again.
E: Memory alloc failed for size 1048512. Please clean up the memory and run again.
E: Memory alloc failed for size 1048512. Please clean up the memory and run again.
E: Memory alloc failed for size 1048512. Please clean up the memory and run again.
E: Memory alloc failed for size 1048512. Please clean up the memory and run again.
E: Memory alloc failed for size 1048512. Please clean up the memory and run again.
E: Memory alloc failed for size 1048512. Please clean up the memory and run again.
E: Memory alloc failed for size 1048512. Please clean up the memory and run again.
E: Memory alloc failed for size 1048512. Please clean up the memory and run again.
E: Memory alloc failed for size 1048512. Please clean up the memory and run again.
E: Memory alloc failed for size 1048512. Please clean up the memory and run again.
E: Memory alloc failed for size 1048512. Please clean up the memory and run again.
E: Memory alloc failed for size 1048512. Please clean up the memory and run again.
E: Memory alloc failed for size 1048512. Please clean up the memory and run again.
E: Memory alloc failed for size 1048512. Please clean up the memory and run again.
E: Memory alloc failed for size 1048512. Please clean up the memory and run again.
E: Memory alloc failed for size 1048512. Please clean up the memory and run again.
E: Memory alloc failed for size 1048512. Please clean up the memory and run again.
E: Memory alloc failed for size 1048512. Please clean up the memory and run again.
E: Memory alloc failed for size 1048512. Please clean up the memory and run again.
E: Memory alloc failed for size 1048512. Please clean up the memory and run again.
E: Memory alloc failed for size 1048512. Please clean up the memory and run again.
E: Memory alloc failed for size 1048512. Please clean up the memory and run again.
E: Memory alloc failed for size 1048512. Please clean up the memory and run again.
E: Memory alloc failed for size 1048512. Please clean up the memory and run again.
E: Memory alloc failed for size 1048512. Please clean up the memory and run again.
E: Memory alloc failed for size 1048512. Please clean up the memory and run again.
E: Memory alloc failed for size 1048512. Please clean up the memory and run again.
E: Memory alloc failed for size 1048512. Please clean up the memory and run again.
E: Memory alloc failed for size 1048512. Please clean up the memory and run again.
E: Memory alloc failed for size 1048512. Please clean up the memory and run again.
E: Memory alloc failed for size 1048512. Please clean up the memory and run again.
E: Memory alloc failed for size 1048512. Please clean up the memory and run again.
E: Memory alloc failed for size 1048512. Please clean up the memory and run again.
E: Memory alloc failed for size 1048512. Please clean up the memory and run again.
E: Memory alloc failed for size 1048512. Please clean up the memory and run again.
E: Memory alloc failed for size 1048512. Please clean up the memory and run again.
E: Memory alloc failed for size 1048512. Please clean up the memory and run again.
E: Memory alloc failed for size 1048512. Please clean up the memory and run again.
E: Memory alloc failed for size 1048512. Please clean up the memory and run again.
E: Memory alloc failed for size 1048512. Please clean up the memory and run again.
E: Memory alloc failed for size 1048512. Please clean up the memory and run again.
E: Memory alloc failed for size 1048512. Please clean up the memory and run again.
E: Memory alloc failed for size 1048512. Please clean up the memory and run again.
E: Memory alloc failed for size 1048512. Please clean up the memory and run again.
E: Memory alloc failed for size 1048512. Please clean up the memory and run again.
E: Memory alloc failed for size 1048512. Please clean up the memory and run again.
E: Memory alloc failed for size 1048512. Please clean up the memory and run again.
E: Memory alloc failed for size 1048512. Please clean up the memory and run again.
E: Memory alloc failed for size 1048512. Please clean up the memory and run again.
E: Memory alloc failed for size 1048512. Please clean up the memory and run again.
E: Memory alloc failed for size 1048512. Please clean up the memory and run again.
E: Memory alloc failed for size 1048512. Please clean up the memory and run again.
E: Memory alloc failed for size 1048512. Please clean up the memory and run again.
E: Memory alloc failed for size 1048512. Please clean up the memory and run again.
E: Memory alloc failed for size 1048512. Please clean up the memory and run again.
E: Memory alloc failed for size 1048512. Please clean up the memory and run again.
E: Memory alloc failed for size 1048512. Please clean up the memory and run again.
E: Memory alloc failed for size 1048512. Please clean up the memory and run again.
E: Memory alloc failed for size 1048512. Please clean up the memory and run again.
E: Memory alloc failed for size 1048512. Please clean up the memory and run again.
E: Memory alloc failed for size 1048512. Please clean up the memory and run again.
E: Memory alloc failed for size 1048512. Please clean up the memory and run again.
E: Memory alloc failed for size 1048512. Please clean up the memory and run again.
E: Memory alloc failed for size 1048512. Please clean up the memory and run again.
E: Memory alloc failed for size 1048512. Please clean up the memory and run again.
E: Memory alloc failed for size 1048512. Please clean up the memory and run again.
E: Memory alloc failed for size 1048512. Please clean up the memory and run again.
E: Memory alloc failed for size 1048512. Please clean up the memory and run again.
E: Memory alloc failed for size 1048512. Please clean up the memory and run again.
E: Memory alloc failed for size 1048512. Please clean up the memory and run again.
E: Memory alloc failed for size 1048512. Please clean up the memory and run again.
E: Memory alloc failed for size 1048512. Please clean up the memory and run again.
E: Memory alloc failed for size 1048512. Please clean up the memory and run again.
E: Memory alloc failed for size 1048512. Please clean up the memory and run again.
E: Memory alloc failed for size 1048512. Please clean up the memory and run again.
E: Memory alloc failed for size 1048512. Please clean up the memory and run again.
E: Memory alloc failed for size 1048512. Please clean up the memory and run again.
E: Memory alloc failed for size 1048512. Please clean up the memory and run again.
E: Memory alloc failed for size 1048512. Please clean up the memory and run again.
E: Memory alloc failed for size 1048512. Please clean up the memory and run again.
E: Memory alloc failed for size 1048512. Please clean up the memory and run again.
E: Memory alloc failed for size 1048512. Please clean up the memory and run again.
E: Memory alloc failed for size 1048512. Please clean up the memory and run again.
E: Memory alloc failed for size 1048512. Please clean up the memory and run again.
E: Memory alloc failed for size 1048512. Please clean up the memory and run again.
E: Memory alloc failed for size 1048512. Please clean up the memory and run again.
E: Memory alloc failed for size 1048512. Please clean up the memory and run again.
E: Memory alloc failed for size 1048512. Please clean up the memory and run again.
E: Memory alloc failed for size 1048512. Please clean up the memory and run again.
E: Memory alloc failed for size 1048512. Please clean up the memory and run again.
E: Memory alloc failed for size 1048512. Please clean up the memory and run again.
E: Memory alloc failed for size 1048512. Please clean up the memory and run again.
E: Memory alloc failed for size 1048512. Please clean up the memory and run again.
E: Memory alloc failed for size 1048512. Please clean up the memory and run again.
E: Memory alloc failed for size 1048512. Please clean up the memory and run again.
E: Memory alloc failed for size 1048512. Please clean up the memory and run again.
E: Memory alloc failed for size 1048512. Please clean up the memory and run again.
E: Memory alloc failed for size 1048512. Please clean up the memory and run again.
E: Memory alloc failed for size 1048512. Please clean up the memory and run again.
E: Memory alloc failed for size 1048512. Please clean up the memory and run again.
E: Memory alloc failed for size 1048512. Please clean up the memory and run again.
E: Memory alloc failed for size 1048512. Please clean up the memory and run again.
E: Memory alloc failed for size 1048512. Please clean up the memory and run again.
E: Memory alloc failed for size 1048512. Please clean up the memory and run again.
E: Memory alloc failed for size 1048512. Please clean up the memory and run again.
E: Memory alloc failed for size 1048512. Please clean up the memory and run again.
E: Memory alloc failed for size 1048512. Please clean up the memory and run again.
E: Memory alloc failed for size 1048512. Please clean up the memory and run again.
E: Memory alloc failed for size 1048512. Please clean up the memory and run again.
E: Memory alloc failed for size 1048512. Please clean up the memory and run again.
E: Memory alloc failed for size 1048512. Please clean up the memory and run again.
E: Memory alloc failed for size 1048512. Please clean up the memory and run again.
E: Memory alloc failed for size 1048512. Please clean up the memory and run again.
E: Memory alloc failed for size 1048512. Please clean up the memory and run again.
E: Memory alloc failed for size 1048512. Please clean up the memory and run again.
E: Memory alloc failed for size 1048512. Please clean up the memory and run again.
E: Memory alloc failed for size 1048512. Please clean up the memory and run again.
E: Memory alloc failed for size 1048512. Please clean up the memory and run again.
E: Memory alloc failed for size 1048512. Please clean up the memory and run again.
E: Memory alloc failed for size 1048512. Please clean up the memory and run again.
E: Memory alloc failed for size 1048512. Please clean up the memory and run again.
E: Memory alloc failed for size 1048512. Please clean up the memory and run again.
E: Memory alloc failed for size 1048512. Please clean up the memory and run again.
E: Memory alloc failed for size 1048512. Please clean up the memory and run again.
E: Memory alloc failed for size 1048512. Please clean up the memory and run again.
E: Memory alloc failed for size 1048512. Please clean up the memory and run again.
E: Memory alloc failed for size 1048512. Please clean up the memory and run again.
E: Memory alloc failed for size 1048512. Please clean up the memory and run again.
E: Memory alloc failed for size 1048512. Please clean up the memory and run again.
E: Memory alloc failed for size 1048512. Please clean up the memory and run again.
E: Memory alloc failed for size 1048512. Please clean up the memory and run again.
E: Memory alloc failed for size 1048512. Please clean up the memory and run again.
E: Memory alloc failed for size 1048512. Please clean up the memory and run again.
E: Memory alloc failed for size 1048512. Please clean up the memory and run again.
E: Memory alloc failed for size 1048512. Please clean up the memory and run again.
E: Memory alloc failed for size 1048512. Please clean up the memory and run again.
E: Memory alloc failed for size 1048512. Please clean up the memory and run again.
E: Memory alloc failed for size 1048512. Please clean up the memory and run again.
E: Memory alloc failed for size 1048512. Please clean up the memory and run again.
E: Memory alloc failed for size 1048512. Please clean up the memory and run again.
E: Memory alloc failed for size 1048512. Please clean up the memory and run again.
E: Memory alloc failed for size 1048512. Please clean up the memory and run again.
E: Memory alloc failed for size 1048512. Please clean up the memory and run again.
E: Memory alloc failed for size 1048512. Please clean up the memory and run again.
E: Memory alloc failed for size 1048512. Please clean up the memory and run again.
E: Memory alloc failed for size 1048512. Please clean up the memory and run again.
E: Memory alloc failed for size 1048512. Please clean up the memory and run again.
E: Memory alloc failed for size 1048512. Please clean up the memory and run again.
E: Memory alloc failed for size 1048512. Please clean up the memory and run again.
E: Memory alloc failed for size 1048512. Please clean up the memory and run again.
E: Memory alloc failed for size 1048512. Please clean up the memory and run again.
E: Memory alloc failed for size 1048512. Please clean up the memory and run again.
E: Memory alloc failed for size 1048512. Please clean up the memory and run again.
E: Memory alloc failed for size 1048512. Please clean up the memory and run again.
E: Memory alloc failed for size 1048512. Please clean up the memory and run again.
E: Memory alloc failed for size 1048512. Please clean up the memory and run again.
E: Memory alloc failed for size 1048512. Please clean up the memory and run again.
E: Memory alloc failed for size 1048512. Please clean up the memory and run again.
E: Memory alloc failed for size 1048512. Please clean up the memory and run again.
E: Memory alloc failed for size 1048512. Please clean up the memory and run again.
E: Memory alloc failed for size 1048512. Please clean up the memory and run again.
E: Memory alloc failed for size 1048512. Please clean up the memory and run again.
E: Memory alloc failed for size 1048512. Please clean up the memory and run again.
E: Memory alloc failed for size 1048512. Please clean up the memory and run again.
E: Memory alloc failed for size 1048512. Please clean up the memory and run again.
E: Memory alloc failed for size 1048512. Please clean up the memory and run again.
E: Memory alloc failed for size 1048512. Please clean up the memory and run again.
E: Memory alloc failed for size 1048512. Please clean up the memory and run again.
E: Memory alloc failed for size 1048512. Please clean up the memory and run again.
E: Memory alloc failed for size 1048512. Please clean up the memory and run again.
E: Memory alloc failed for size 1048512. Please clean up the memory and run again.
E: Memory alloc failed for size 1048512. Please clean up the memory and run again.
E: Memory alloc failed for size 1048512. Please clean up the memory and run again.
E: Memory alloc failed for size 1048512. Please clean up the memory and run again.
E: Memory alloc failed for size 1048512. Please clean up the memory and run again.
E: Memory alloc failed for size 1048512. Please clean up the memory and run again.
E: Memory alloc failed for size 1048512. Please clean up the memory and run again.
E: Memory alloc failed for size 1048512. Please clean up the memory and run again.
E: Memory alloc failed for size 1048512. Please clean up the memory and run again.
E: Memory alloc failed for size 1048512. Please clean up the memory and run again.
E: Memory alloc failed for size 1048512. Please clean up the memory and run again.
E: Memory alloc failed for size 1048512. Please clean up the memory and run again.
E: Memory alloc failed for size 1048512. Please clean up the memory and run again.
E: Memory alloc failed for size 1048512. Please clean up the memory and run again.
E: Memory alloc failed for size 1048512. Please clean up the memory and run again.
E: Memory alloc failed for size 1048512. Please clean up the memory and run again.
E: Memory alloc failed for size 1048512. Please clean up the memory and run again.
E: Memory alloc failed for size 1048512. Please clean up the memory and run again.
E: Memory alloc failed for size 1048512. Please clean up the memory and run again.
E: Memory alloc failed for size 1048512. Please clean up the memory and run again.
E: Memory alloc failed for size 1048512. Please clean up the memory and run again.
E: Memory alloc failed for size 1048512. Please clean up the memory and run again.
E: Memory alloc failed for size 1048512. Please clean up the memory and run again.
E: Memory alloc failed for size 1048512. Please clean up the memory and run again.
E: Memory alloc failed for size 1048512. Please clean up the memory and run again.
E: Memory alloc failed for size 1048512. Please clean up the memory and run again.
E: Memory alloc failed for size 1048512. Please clean up the memory and run again.
E: Memory alloc failed for size 1048512. Please clean up the memory and run again.
E: Memory alloc failed for size 1048512. Please clean up the memory and run again.
E: Memory alloc failed for size 1048512. Please clean up the memory and run again.
E: Memory alloc failed for size 1048512. Please clean up the memory and run again.
E: Memory alloc failed for size 1048512. Please clean up the memory and run again.
E: Memory alloc failed for size 1048512. Please clean up the memory and run again.
E: Memory alloc failed for size 1048512. Please clean up the memory and run again.
E: Memory alloc failed for size 1048512. Please clean up the memory and run again.
E: Memory alloc failed for size 1048512. Please clean up the memory and run again.
E: Memory alloc failed for size 1048512. Please clean up the memory and run again.
E: Memory alloc failed for size 1048512. Please clean up the memory and run again.
E: Memory alloc failed for size 1048512. Please clean up the memory and run again.
E: Memory alloc failed for size 1048512. Please clean up the memory and run again.
E: Memory alloc failed for size 1048512. Please clean up the memory and run again.
E: Memory alloc failed for size 1048512. Please clean up the memory and run again.
E: Memory alloc failed for size 1048512. Please clean up the memory and run again.
E: Memory alloc failed for size 1048512. Please clean up the memory and run again.
E: Memory alloc failed for size 1048512. Please clean up the memory and run again.
E: Memory alloc failed for size 1048512. Please clean up the memory and run again.
E: Memory alloc failed for size 1048512. Please clean up the memory and run again.
E: Memory alloc failed for size 1048512. Please clean up the memory and run again.
E: Memory alloc failed for size 1048512. Please clean up the memory and run again.
E: Memory alloc failed for size 1048512. Please clean up the memory and run again.
E: Memory alloc failed for size 1048512. Please clean up the memory and run again.
E: Memory alloc failed for size 1048512. Please clean up the memory and run again.
E: Memory alloc failed for size 1048512. Please clean up the memory and run again.
E: Memory alloc failed for size 1048512. Please clean up the memory and run again.
E: Memory alloc failed for size 1048512. Please clean up the memory and run again.
E: Memory alloc failed for size 1048512. Please clean up the memory and run again.
E: Memory alloc failed for size 1048512. Please clean up the memory and run again.
E: Memory alloc failed for size 1048512. Please clean up the memory and run again.
E: Memory alloc failed for size 1048512. Please clean up the memory and run again.
E: Memory alloc failed for size 1048512. Please clean up the memory and run again.
E: Memory alloc failed for size 1048512. Please clean up the memory and run again.
E: Memory alloc failed for size 1048512. Please clean up the memory and run again.
E: Memory alloc failed for size 1048512. Please clean up the memory and run again.
E: Memory alloc failed for size 1048512. Please clean up the memory and run again.
E: Memory alloc failed for size 1048512. Please clean up the memory and run again.
E: Memory alloc failed for size 1048512. Please clean up the memory and run again.
E: Memory alloc failed for size 1048512. Please clean up the memory and run again.
E: Memory alloc failed for size 1048512. Please clean up the memory and run again.
E: Memory alloc failed for size 1048512. Please clean up the memory and run again.
E: Memory alloc failed for size 1048512. Please clean up the memory and run again.
E: Memory alloc failed for size 1048512. Please clean up the memory and run again.
E: Memory alloc failed for size 1048512. Please clean up the memory and run again.
E: Memory alloc failed for size 1048512. Please clean up the memory and run again.
E: Memory alloc failed for size 1048512. Please clean up the memory and run again.
E: Memory alloc failed for size 1048512. Please clean up the memory and run again.
E: Memory alloc failed for size 1048512. Please clean up the memory and run again.
E: Memory alloc failed for size 1048512. Please clean up the memory and run again.
E: Memory alloc failed for size 1048512. Please clean up the memory and run again.
E: Memory alloc failed for size 1048512. Please clean up the memory and run again.
E: Memory alloc failed for size 1048512. Please clean up the memory and run again.
E: Memory alloc failed for size 1048512. Please clean up the memory and run again.
E: Memory alloc failed for size 1048512. Please clean up the memory and run again.
E: Memory alloc failed for size 1048512. Please clean up the memory and run again.
E: Memory alloc failed for size 1048512. Please clean up the memory and run again.
E: Memory alloc failed for size 1048512. Please clean up the memory and run again.
E: Memory alloc failed for size 1048512. Please clean up the memory and run again.
E: Memory alloc failed for size 1048512. Please clean up the memory and run again.
E: Memory alloc failed for size 1048512. Please clean up the memory and run again.
E: Memory alloc failed for size 1048512. Please clean up the memory and run again.
E: Memory alloc failed for size 1048512. Please clean up the memory and run again.
E: Memory alloc failed for size 1048512. Please clean up the memory and run again.
E: Memory alloc failed for size 1048512. Please clean up the memory and run again.
E: Memory alloc failed for size 1048512. Please clean up the memory and run again.
E: Memory alloc failed for size 1048512. Please clean up the memory and run again.
E: Memory alloc failed for size 1048512. Please clean up the memory and run again.
E: Memory alloc failed for size 1048512. Please clean up the memory and run again.
E: Memory alloc failed for size 1048512. Please clean up the memory and run again.
E: Memory alloc failed for size 1048512. Please clean up the memory and run again.
E: Memory alloc failed for size 1048512. Please clean up the memory and run again.
E: Memory alloc failed for size 1048512. Please clean up the memory and run again.
E: Memory alloc failed for size 1048512. Please clean up the memory and run again.
E: Memory alloc failed for size 1048512. Please clean up the memory and run again.
E: Memory alloc failed for size 1048512. Please clean up the memory and run again.
E: Memory alloc failed for size 1048512. Please clean up the memory and run again.
E: Memory alloc failed for size 1048512. Please clean up the memory and run again.
E: Memory alloc failed for size 1048512. Please clean up the memory and run again.
E: Memory alloc failed for size 1048512. Please clean up the memory and run again.
E: Memory alloc failed for size 1048512. Please clean up the memory and run again.
E: Memory alloc failed for size 1048512. Please clean up the memory and run again.
E: Memory alloc failed for size 1048512. Please clean up the memory and run again.
E: Memory alloc failed for size 1048512. Please clean up the memory and run again.
E: Memory alloc failed for size 1048512. Please clean up the memory and run again.
E: Memory alloc failed for size 1048512. Please clean up the memory and run again.
E: Memory alloc failed for size 1048512. Please clean up the memory and run again.
E: Memory alloc failed for size 1048512. Please clean up the memory and run again.
E: Memory alloc failed for size 1048512. Please clean up the memory and run again.
E: Memory alloc failed for size 1048512. Please clean up the memory and run again.
E: Memory alloc failed for size 1048512. Please clean up the memory and run again.
E: Memory alloc failed for size 1048512. Please clean up the memory and run again.
E: Memory alloc failed for size 1048512. Please clean up the memory and run again.
E: Memory alloc failed for size 1048512. Please clean up the memory and run again.
E: Memory alloc failed for size 1048512. Please clean up the memory and run again.
E: Memory alloc failed for size 1048512. Please clean up the memory and run again.
E: Memory alloc failed for size 1048512. Please clean up the memory and run again.
E: Memory alloc failed for size 1048512. Please clean up the memory and run again.
E: Memory alloc failed for size 1048512. Please clean up the memory and run again.
E: Memory alloc failed for size 1048512. Please clean up the memory and run again.
E: Memory alloc failed for size 1048512. Please clean up the memory and run again.
E: Memory alloc failed for size 1048512. Please clean up the memory and run again.
E: Memory alloc failed for size 1048512. Please clean up the memory and run again.
E: Memory alloc failed for size 1048512. Please clean up the memory and run again.
E: Memory alloc failed for size 1048512. Please clean up the memory and run again.
E: Memory alloc failed for size 1048512. Please clean up the memory and run again.
E: Memory alloc failed for size 1048512. Please clean up the memory and run again.
E: Memory alloc failed for size 1048512. Please clean up the memory and run again.
E: Memory alloc failed for size 1048512. Please clean up the memory and run again.
E: Memory alloc failed for size 1048512. Please clean up the memory and run again.
E: Memory alloc failed for size 1048512. Please clean up the memory and run again.
E: Memory alloc failed for size 1048512. Please clean up the memory and run again.
E: Memory alloc failed for size 1048512. Please clean up the memory and run again.
E: Memory alloc failed for size 1048512. Please clean up the memory and run again.
E: Memory alloc failed for size 1048512. Please clean up the memory and run again.
E: Memory alloc failed for size 1048512. Please clean up the memory and run again.
E: Memory alloc failed for size 1048512. Please clean up the memory and run again.
E: Memory alloc failed for size 1048512. Please clean up the memory and run again.
E: Memory alloc failed for size 1048512. Please clean up the memory and run again.
E: Memory alloc failed for size 1048512. Please clean up the memory and run again.
E: Memory alloc failed for size 1048512. Please clean up the memory and run again.
E: Memory alloc failed for size 1048512. Please clean up the memory and run again.
E: Memory alloc failed for size 1048512. Please clean up the memory and run again.
E: Memory alloc failed for size 1048512. Please clean up the memory and run again.
E: Memory alloc failed for size 1048512. Please clean up the memory and run again.
E: Memory alloc failed for size 1048512. Please clean up the memory and run again.
E: Memory alloc failed for size 1048512. Please clean up the memory and run again.
E: Memory alloc failed for size 1048512. Please clean up the memory and run again.
E: Memory alloc failed for size 1048512. Please clean up the memory and run again.
E: Memory alloc failed for size 1048512. Please clean up the memory and run again.
E: Memory alloc failed for size 1048512. Please clean up the memory and run again.
E: Memory alloc failed for size 1048512. Please clean up the memory and run again.
E: Memory alloc failed for size 1048512. Please clean up the memory and run again.
E: Memory alloc failed for size 1048512. Please clean up the memory and run again.
E: Memory alloc failed for size 1048512. Please clean up the memory and run again.
E: Memory alloc failed for size 1048512. Please clean up the memory and run again.
E: Memory alloc failed for size 1048512. Please clean up the memory and run again.
E: Memory alloc failed for size 1048512. Please clean up the memory and run again.
E: Memory alloc failed for size 1048512. Please clean up the memory and run again.
E: Memory alloc failed for size 1048512. Please clean up the memory and run again.
E: Memory alloc failed for size 1048512. Please clean up the memory and run again.
E: Memory alloc failed for size 1048512. Please clean up the memory and run again.
E: Memory alloc failed for size 1048512. Please clean up the memory and run again.
E: Memory alloc failed for size 1048512. Please clean up the memory and run again.
E: Memory alloc failed for size 1048512. Please clean up the memory and run again.
E: Memory alloc failed for size 1048512. Please clean up the memory and run again.
E: Memory alloc failed for size 1048512. Please clean up the memory and run again.
E: Memory alloc failed for size 1048512. Please clean up the memory and run again.
E: Memory alloc failed for size 1048512. Please clean up the memory and run again.
E: Memory alloc failed for size 1048512. Please clean up the memory and run again.
E: Memory alloc failed for size 1048512. Please clean up the memory and run again.
E: Memory alloc failed for size 1048512. Please clean up the memory and run again.
E: Memory alloc failed for size 1048512. Please clean up the memory and run again.
E: Memory alloc failed for size 1048512. Please clean up the memory and run again.
E: Memory alloc failed for size 1048512. Please clean up the memory and run again.
E: Memory alloc failed for size 1048512. Please clean up the memory and run again.
E: Memory alloc failed for size 1048512. Please clean up the memory and run again.
E: Memory alloc failed for size 1048512. Please clean up the memory and run again.
E: Memory alloc failed for size 1048512. Please clean up the memory and run again.
E: Memory alloc failed for size 1048512. Please clean up the memory and run again.
E: Memory alloc failed for size 1048512. Please clean up the memory and run again.
E: Memory alloc failed for size 1048512. Please clean up the memory and run again.
E: Memory alloc failed for size 1048512. Please clean up the memory and run again.
E: Memory alloc failed for size 1048512. Please clean up the memory and run again.
E: Memory alloc failed for size 1048512. Please clean up the memory and run again.
E: Memory alloc failed for size 1048512. Please clean up the memory and run again.
E: Memory alloc failed for size 1048512. Please clean up the memory and run again.
E: Memory alloc failed for size 1048512. Please clean up the memory and run again.
E: Memory alloc failed for size 1048512. Please clean up the memory and run again.
E: Memory alloc failed for size 1048512. Please clean up the memory and run again.
E: Memory alloc failed for size 1048512. Please clean up the memory and run again.
E: Memory alloc failed for size 1048512. Please clean up the memory and run again.
E: Memory alloc failed for size 1048512. Please clean up the memory and run again.
E: Memory alloc failed for size 1048512. Please clean up the memory and run again.
E: Memory alloc failed for size 1048512. Please clean up the memory and run again.
E: Memory alloc failed for size 1048512. Please clean up the memory and run again.
E: Memory alloc failed for size 1048512. Please clean up the memory and run again.
E: Memory alloc failed for size 1048512. Please clean up the memory and run again.
E: Memory alloc failed for size 1048512. Please clean up the memory and run again.
E: Memory alloc failed for size 1048512. Please clean up the memory and run again.
E: Memory alloc failed for size 1048512. Please clean up the memory and run again.
E: Memory alloc failed for size 1048512. Please clean up the memory and run again.
E: Memory alloc failed for size 1048512. Please clean up the memory and run again.
E: Memory alloc failed for size 1048512. Please clean up the memory and run again.
E: Memory alloc failed for size 1048512. Please clean up the memory and run again.
E: Memory alloc failed for size 1048512. Please clean up the memory and run again.
E: Memory alloc failed for size 1048512. Please clean up the memory and run again.
E: Memory alloc failed for size 1048512. Please clean up the memory and run again.
E: Memory alloc failed for size 1048512. Please clean up the memory and run again.
E: Memory alloc failed for size 1048512. Please clean up the memory and run again.
E: Memory alloc failed for size 1048512. Please clean up the memory and run again.
E: Memory alloc failed for size 1048512. Please clean up the memory and run again.
E: Memory alloc failed for size 1048512. Please clean up the memory and run again.
E: Memory alloc failed for size 1048512. Please clean up the memory and run again.
E: Memory alloc failed for size 1048512. Please clean up the memory and run again.
E: Memory alloc failed for size 1048512. Please clean up the memory and run again.
E: Memory alloc failed for size 1048512. Please clean up the memory and run again.
E: Memory alloc failed for size 1048512. Please clean up the memory and run again.
E: Memory alloc failed for size 1048512. Please clean up the memory and run again.
E: Memory alloc failed for size 1048512. Please clean up the memory and run again.
E: Memory alloc failed for size 1048512. Please clean up the memory and run again.
E: Memory alloc failed for size 1048512. Please clean up the memory and run again.
E: Memory alloc failed for size 1048512. Please clean up the memory and run again.
E: Memory alloc failed for size 1048512. Please clean up the memory and run again.
E: Memory alloc failed for size 1048512. Please clean up the memory and run again.
E: Memory alloc failed for size 1048512. Please clean up the memory and run again.
E: Memory alloc failed for size 1048512. Please clean up the memory and run again.
E: Memory alloc failed for size 1048512. Please clean up the memory and run again.
E: Memory alloc failed for size 1048512. Please clean up the memory and run again.
E: Memory alloc failed for size 1048512. Please clean up the memory and run again.
E: Memory alloc failed for size 1048512. Please clean up the memory and run again.
E: Memory alloc failed for size 1048512. Please clean up the memory and run again.
E: Memory alloc failed for size 1048512. Please clean up the memory and run again.
E: Memory alloc failed for size 1048512. Please clean up the memory and run again.
E: Memory alloc failed for size 1048512. Please clean up the memory and run again.
E: Memory alloc failed for size 1048512. Please clean up the memory and run again.
E: Memory alloc failed for size 1048512. Please clean up the memory and run again.
E: Memory alloc failed for size 1048512. Please clean up the memory and run again.
E: Memory alloc failed for size 1048512. Please clean up the memory and run again.
E: Memory alloc failed for size 1048512. Please clean up the memory and run again.
E: Memory alloc failed for size 1048512. Please clean up the memory and run again.
E: Memory alloc failed for size 1048512. Please clean up the memory and run again.
E: Memory alloc failed for size 1048512. Please clean up the memory and run again.
E: Memory alloc failed for size 1048512. Please clean up the memory and run again.
E: Memory alloc failed for size 1048512. Please clean up the memory and run again.
E: Memory alloc failed for size 1048512. Please clean up the memory and run again.
E: Memory alloc failed for size 1048512. Please clean up the memory and run again.
E: Memory alloc failed for size 1048512. Please clean up the memory and run again.
E: Memory alloc failed for size 1048512. Please clean up the memory and run again.
E: Memory alloc failed for size 1048512. Please clean up the memory and run again.
E: Memory alloc failed for size 1048512. Please clean up the memory and run again.
E: Memory alloc failed for size 1048512. Please clean up the memory and run again.
E: Memory alloc failed for size 1048512. Please clean up the memory and run again.
E: Memory alloc failed for size 1048512. Please clean up the memory and run again.
E: Memory alloc failed for size 1048512. Please clean up the memory and run again.
E: Memory alloc failed for size 1048512. Please clean up the memory and run again.
E: Memory alloc failed for size 1048512. Please clean up the memory and run again.
E: Memory alloc failed for size 1048512. Please clean up the memory and run again.
E: Memory alloc failed for size 1048512. Please clean up the memory and run again.
E: Memory alloc failed for size 1048512. Please clean up the memory and run again.
E: Memory alloc failed for size 1048512. Please clean up the memory and run again.
E: Memory alloc failed for size 1048512. Please clean up the memory and run again.
E: Memory alloc failed for size 1048512. Please clean up the memory and run again.
E: Memory alloc failed for size 1048512. Please clean up the memory and run again.
E: Memory alloc failed for size 1048512. Please clean up the memory and run again.
E: Memory alloc failed for size 1048512. Please clean up the memory and run again.
E: Memory alloc failed for size 1048512. Please clean up the memory and run again.
E: Memory alloc failed for size 1048512. Please clean up the memory and run again.
E: Memory alloc failed for size 1048512. Please clean up the memory and run again.
E: Memory alloc failed for size 1048512. Please clean up the memory and run again.
E: Memory alloc failed for size 1048512. Please clean up the memory and run again.
E: Memory alloc failed for size 1048512. Please clean up the memory and run again.
E: Memory alloc failed for size 1048512. Please clean up the memory and run again.
E: Memory alloc failed for size 1048512. Please clean up the memory and run again.
E: Memory alloc failed for size 1048512. Please clean up the memory and run again.
E: Memory alloc failed for size 1048512. Please clean up the memory and run again.
E: Memory alloc failed for size 1048512. Please clean up the memory and run again.
E: Memory alloc failed for size 1048512. Please clean up the memory and run again.
E: Memory alloc failed for size 1048512. Please clean up the memory and run again.
E: Memory alloc failed for size 1048512. Please clean up the memory and run again.
E: Memory alloc failed for size 1048512. Please clean up the memory and run again.
E: Memory alloc failed for size 1048512. Please clean up the memory and run again.
E: Memory alloc failed for size 1048512. Please clean up the memory and run again.
E: Memory alloc failed for size 1048512. Please clean up the memory and run again.
E: Memory alloc failed for size 1048512. Please clean up the memory and run again.
E: Memory alloc failed for size 1048512. Please clean up the memory and run again.
E: Memory alloc failed for size 1048512. Please clean up the memory and run again.
E: Memory alloc failed for size 1048512. Please clean up the memory and run again.
E: Memory alloc failed for size 1048512. Please clean up the memory and run again.
E: Memory alloc failed for size 1048512. Please clean up the memory and run again.
E: Memory alloc failed for size 1048512. Please clean up the memory and run again.
E: Memory alloc failed for size 1048512. Please clean up the memory and run again.
E: Memory alloc failed for size 1048512. Please clean up the memory and run again.
E: Memory alloc failed for size 1048512. Please clean up the memory and run again.
E: Memory alloc failed for size 1048512. Please clean up the memory and run again.
E: Memory alloc failed for size 1048512. Please clean up the memory and run again.
E: Memory alloc failed for size 1048512. Please clean up the memory and run again.
E: Memory alloc failed for size 1048512. Please clean up the memory and run again.
E: Memory alloc failed for size 1048512. Please clean up the memory and run again.
E: Memory alloc failed for size 1048512. Please clean up the memory and run again.
E: Memory alloc failed for size 1048512. Please clean up the memory and run again.
E: Memory alloc failed for size 1048512. Please clean up the memory and run again.
E: Memory alloc failed for size 1048512. Please clean up the memory and run again.
E: Memory alloc failed for size 1048512. Please clean up the memory and run again.
E: Memory alloc failed for size 1048512. Please clean up the memory and run again.
E: Memory alloc failed for size 1048512. Please clean up the memory and run again.
E: Memory alloc failed for size 1048512. Please clean up the memory and run again.
E: Memory alloc failed for size 1048512. Please clean up the memory and run again.
E: Memory alloc failed for size 1048512. Please clean up the memory and run again.
E: Memory alloc failed for size 1048512. Please clean up the memory and run again.
E: Memory alloc failed for size 1048512. Please clean up the memory and run again.
E: Memory alloc failed for size 1048512. Please clean up the memory and run again.
E: Memory alloc failed for size 1048512. Please clean up the memory and run again.
E: Memory alloc failed for size 1048512. Please clean up the memory and run again.
E: Memory alloc failed for size 1048512. Please clean up the memory and run again.
E: Memory alloc failed for size 1048512. Please clean up the memory and run again.
E: Memory alloc failed for size 1048512. Please clean up the memory and run again.
E: Memory alloc failed for size 1048512. Please clean up the memory and run again.
E: Memory alloc failed for size 1048512. Please clean up the memory and run again.
E: Memory alloc failed for size 1048512. Please clean up the memory and run again.
E: Memory alloc failed for size 1048512. Please clean up the memory and run again.
E: Memory alloc failed for size 1048512. Please clean up the memory and run again.
E: Memory alloc failed for size 1048512. Please clean up the memory and run again.
E: Memory alloc failed for size 1048512. Please clean up the memory and run again.
E: Memory alloc failed for size 1048512. Please clean up the memory and run again.
E: Memory alloc failed for size 1048512. Please clean up the memory and run again.
E: Memory alloc failed for size 1048512. Please clean up the memory and run again.
E: Memory alloc failed for size 1048512. Please clean up the memory and run again.
E: Memory alloc failed for size 1048512. Please clean up the memory and run again.
E: Memory alloc failed for size 1048512. Please clean up the memory and run again.
E: Memory alloc failed for size 1048512. Please clean up the memory and run again.
E: Memory alloc failed for size 1048512. Please clean up the memory and run again.
E: Memory alloc failed for size 1048512. Please clean up the memory and run again.
E: Memory alloc failed for size 1048512. Please clean up the memory and run again.
E: Memory alloc failed for size 1048512. Please clean up the memory and run again.
E: Memory alloc failed for size 1048512. Please clean up the memory and run again.
E: Memory alloc failed for size 1048512. Please clean up the memory and run again.
E: Memory alloc failed for size 1048512. Please clean up the memory and run again.
E: Memory alloc failed for size 1048512. Please clean up the memory and run again.
E: Memory alloc failed for size 1048512. Please clean up the memory and run again.
E: Memory alloc failed for size 1048512. Please clean up the memory and run again.
E: Memory alloc failed for size 1048512. Please clean up the memory and run again.
E: Memory alloc failed for size 1048512. Please clean up the memory and run again.
E: Memory alloc failed for size 1048512. Please clean up the memory and run again.
E: Memory alloc failed for size 1048512. Please clean up the memory and run again.
E: Memory alloc failed for size 1048512. Please clean up the memory and run again.
E: Memory alloc failed for size 1048512. Please clean up the memory and run again.
E: Memory alloc failed for size 1048512. Please clean up the memory and run again.
E: Memory alloc failed for size 1048512. Please clean up the memory and run again.
E: Memory alloc failed for size 1048512. Please clean up the memory and run again.
E: Memory alloc failed for size 1048512. Please clean up the memory and run again.
E: Memory alloc failed for size 1048512. Please clean up the memory and run again.
E: Memory alloc failed for size 1048512. Please clean up the memory and run again.
E: Memory alloc failed for size 1048512. Please clean up the memory and run again.
E: Memory alloc failed for size 1048512. Please clean up the memory and run again.
E: Memory alloc failed for size 1048512. Please clean up the memory and run again.
E: Memory alloc failed for size 1048512. Please clean up the memory and run again.
E: Memory alloc failed for size 1048512. Please clean up the memory and run again.
E: Memory alloc failed for size 1048512. Please clean up the memory and run again.
E: Memory alloc failed for size 1048512. Please clean up the memory and run again.
E: Memory alloc failed for size 1048512. Please clean up the memory and run again.
E: Memory alloc failed for size 1048512. Please clean up the memory and run again.
E: Memory alloc failed for size 1048512. Please clean up the memory and run again.
E: Memory alloc failed for size 1048512. Please clean up the memory and run again.
E: Memory alloc failed for size 1048512. Please clean up the memory and run again.
E: Memory alloc failed for size 1048512. Please clean up the memory and run again.
E: Memory alloc failed for size 1048512. Please clean up the memory and run again.
E: Memory alloc failed for size 1048512. Please clean up the memory and run again.
E: Memory alloc failed for size 1048512. Please clean up the memory and run again.
E: Memory alloc failed for size 1048512. Please clean up the memory and run again.
E: Memory alloc failed for size 1048512. Please clean up the memory and run again.
E: Memory alloc failed for size 1048512. Please clean up the memory and run again.
E: Memory alloc failed for size 1048512. Please clean up the memory and run again.
E: Memory alloc failed for size 1048512. Please clean up the memory and run again.
E: Memory alloc failed for size 1048512. Please clean up the memory and run again.
E: Memory alloc failed for size 1048512. Please clean up the memory and run again.
E: Memory alloc failed for size 1048512. Please clean up the memory and run again.
E: Memory alloc failed for size 1048512. Please clean up the memory and run again.
E: Memory alloc failed for size 1048512. Please clean up the memory and run again.
E: Memory alloc failed for size 1048512. Please clean up the memory and run again.
E: Memory alloc failed for size 1048512. Please clean up the memory and run again.
E: Memory alloc failed for size 1048512. Please clean up the memory and run again.
E: Memory alloc failed for size 1048512. Please clean up the memory and run again.
E: Memory alloc failed for size 1048512. Please clean up the memory and run again.
E: Memory alloc failed for size 1048512. Please clean up the memory and run again.
E: Memory alloc failed for size 1048512. Please clean up the memory and run again.
E: Memory alloc failed for size 1048512. Please clean up the memory and run again.
E: Memory alloc failed for size 1048512. Please clean up the memory and run again.
E: Memory alloc failed for size 1048512. Please clean up the memory and run again.
E: Memory alloc failed for size 1048512. Please clean up the memory and run again.
E: Memory alloc failed for size 1048512. Please clean up the memory and run again.
E: Memory alloc failed for size 1048512. Please clean up the memory and run again.
E: Memory alloc failed for size 1048512. Please clean up the memory and run again.
E: Memory alloc failed for size 1048512. Please clean up the memory and run again.
E: Memory alloc failed for size 1048512. Please clean up the memory and run again.
E: Memory alloc failed for size 1048512. Please clean up the memory and run again.
E: Memory alloc failed for size 1048512. Please clean up the memory and run again.
E: Memory alloc failed for size 1048512. Please clean up the memory and run again.
E: Memory alloc failed for size 1048512. Please clean up the memory and run again.
E: Memory alloc failed for size 1048512. Please clean up the memory and run again.
E: Memory alloc failed for size 1048512. Please clean up the memory and run again.
E: Memory alloc failed for size 1048512. Please clean up the memory and run again.
E: Memory alloc failed for size 1048512. Please clean up the memory and run again.
E: Memory alloc failed for size 1048512. Please clean up the memory and run again.
E: Memory alloc failed for size 1048512. Please clean up the memory and run again.
E: Memory alloc failed for size 1048512. Please clean up the memory and run again.
E: Memory alloc failed for size 1048512. Please clean up the memory and run again.
E: Memory alloc failed for size 1048512. Please clean up the memory and run again.
E: Memory alloc failed for size 1048512. Please clean up the memory and run again.
E: Memory alloc failed for size 1048512. Please clean up the memory and run again.
E: Memory alloc failed for size 1048512. Please clean up the memory and run again.
E: Memory alloc failed for size 1048512. Please clean up the memory and run again.
E: Memory alloc failed for size 1048512. Please clean up the memory and run again.
E: Memory alloc failed for size 1048512. Please clean up the memory and run again.
E: Memory alloc failed for size 1048512. Please clean up the memory and run again.
E: Memory alloc failed for size 1048512. Please clean up the memory and run again.
E: Memory alloc failed for size 1048512. Please clean up the memory and run again.
E: Memory alloc failed for size 1048512. Please clean up the memory and run again.
E: Memory alloc failed for size 1048512. Please clean up the memory and run again.
E: Memory alloc failed for size 1048512. Please clean up the memory and run again.
E: Memory alloc failed for size 1048512. Please clean up the memory and run again.
E: Memory alloc failed for size 1048512. Please clean up the memory and run again.
E: Memory alloc failed for size 1048512. Please clean up the memory and run again.
E: Memory alloc failed for size 1048512. Please clean up the memory and run again.
E: Memory alloc failed for size 1048512. Please clean up the memory and run again.
E: Memory alloc failed for size 1048512. Please clean up the memory and run again.
E: Memory alloc failed for size 1048512. Please clean up the memory and run again.
E: Memory alloc failed for size 1048512. Please clean up the memory and run again.
E: Memory alloc failed for size 1048512. Please clean up the memory and run again.
E: Memory alloc failed for size 1048512. Please clean up the memory and run again.
E: Memory alloc failed for size 1048512. Please clean up the memory and run again.
E: Memory alloc failed for size 1048512. Please clean up the memory and run again.
E: Memory alloc failed for size 1048512. Please clean up the memory and run again.
E: Memory alloc failed for size 1048512. Please clean up the memory and run again.
E: Memory alloc failed for size 1048512. Please clean up the memory and run again.
E: Memory alloc failed for size 1048512. Please clean up the memory and run again.
E: Memory alloc failed for size 1048512. Please clean up the memory and run again.
E: Memory alloc failed for size 1048512. Please clean up the memory and run again.
E: Memory alloc failed for size 1048512. Please clean up the memory and run again.
E: Memory alloc failed for size 1048512. Please clean up the memory and run again.
E: Memory alloc failed for size 1048512. Please clean up the memory and run again.
E: Memory alloc failed for size 1048512. Please clean up the memory and run again.
E: Memory alloc failed for size 1048512. Please clean up the memory and run again.
E: Memory alloc failed for size 1048512. Please clean up the memory and run again.
E: Memory alloc failed for size 1048512. Please clean up the memory and run again.
E: Memory alloc failed for size 1048512. Please clean up the memory and run again.
E: Memory alloc failed for size 1048512. Please clean up the memory and run again.
E: Memory alloc failed for size 1048512. Please clean up the memory and run again.
E: Memory alloc failed for size 1048512. Please clean up the memory and run again.
E: Memory alloc failed for size 1048512. Please clean up the memory and run again.
E: Memory alloc failed for size 1048512. Please clean up the memory and run again.
E: Memory alloc failed for size 1048512. Please clean up the memory and run again.
E: Memory alloc failed for size 1048512. Please clean up the memory and run again.
E: Memory alloc failed for size 1048512. Please clean up the memory and run again.
E: Memory alloc failed for size 1048512. Please clean up the memory and run again.
E: Memory alloc failed for size 1048512. Please clean up the memory and run again.
E: Memory alloc failed for size 1048512. Please clean up the memory and run again.
E: Memory alloc failed for size 1048512. Please clean up the memory and run again.
E: Memory alloc failed for size 1048512. Please clean up the memory and run again.
E: Memory alloc failed for size 1048512. Please clean up the memory and run again.
E: Memory alloc failed for size 1048512. Please clean up the memory and run again.
E: Memory alloc failed for size 1048512. Please clean up the memory and run again.
E: Memory alloc failed for size 1048512. Please clean up the memory and run again.
E: Memory alloc failed for size 1048512. Please clean up the memory and run again.
E: Memory alloc failed for size 1048512. Please clean up the memory and run again.
E: Memory alloc failed for size 1048512. Please clean up the memory and run again.
E: Memory alloc failed for size 1048512. Please clean up the memory and run again.
E: Memory alloc failed for size 1048512. Please clean up the memory and run again.
E: Memory alloc failed for size 1048512. Please clean up the memory and run again.
E: Memory alloc failed for size 1048512. Please clean up the memory and run again.
E: Memory alloc failed for size 1048512. Please clean up the memory and run again.
E: Memory alloc failed for size 1048512. Please clean up the memory and run again.
E: Memory alloc failed for size 1048512. Please clean up the memory and run again.
E: Memory alloc failed for size 1048512. Please clean up the memory and run again.
E: Memory alloc failed for size 1048512. Please clean up the memory and run again.
E: Memory alloc failed for size 1048512. Please clean up the memory and run again.
E: Memory alloc failed for size 1048512. Please clean up the memory and run again.
E: Memory alloc failed for size 1048512. Please clean up the memory and run again.
E: Memory alloc failed for size 1048512. Please clean up the memory and run again.
E: Memory alloc failed for size 1048512. Please clean up the memory and run again.
E: Memory alloc failed for size 1048512. Please clean up the memory and run again.
E: Memory alloc failed for size 1048512. Please clean up the memory and run again.
E: Memory alloc failed for size 1048512. Please clean up the memory and run again.
E: Memory alloc failed for size 1048512. Please clean up the memory and run again.
E: Memory alloc failed for size 1048512. Please clean up the memory and run again.
E: Memory alloc failed for size 1048512. Please clean up the memory and run again.
E: Memory alloc failed for size 1048512. Please clean up the memory and run again.
E: Memory alloc failed for size 1048512. Please clean up the memory and run again.
E: Memory alloc failed for size 1048512. Please clean up the memory and run again.
E: Memory alloc failed for size 1048512. Please clean up the memory and run again.
E: Memory alloc failed for size 1048512. Please clean up the memory and run again.
E: Memory alloc failed for size 1048512. Please clean up the memory and run again.
E: Memory alloc failed for size 1048512. Please clean up the memory and run again.
E: Memory alloc failed for size 1048512. Please clean up the memory and run again.
E: Memory alloc failed for size 1048512. Please clean up the memory and run again.
E: Memory alloc failed for size 1048512. Please clean up the memory and run again.
E: Memory alloc failed for size 1048512. Please clean up the memory and run again.
E: Memory alloc failed for size 1048512. Please clean up the memory and run again.
E: Memory alloc failed for size 1048512. Please clean up the memory and run again.
E: Memory alloc failed for size 1048512. Please clean up the memory and run again.
E: Memory alloc failed for size 1048512. Please clean up the memory and run again.
E: Memory alloc failed for size 1048512. Please clean up the memory and run again.
E: Memory alloc failed for size 1048512. Please clean up the memory and run again.
E: Memory alloc failed for size 1048512. Please clean up the memory and run again.
E: Memory alloc failed for size 1048512. Please clean up the memory and run again.
E: Memory alloc failed for size 1048512. Please clean up the memory and run again.
E: Memory alloc failed for size 1048512. Please clean up the memory and run again.
E: Memory alloc failed for size 1048512. Please clean up the memory and run again.
E: Memory alloc failed for size 1048512. Please clean up the memory and run again.
E: Memory alloc failed for size 1048512. Please clean up the memory and run again.
E: Memory alloc failed for size 1048512. Please clean up the memory and run again.
E: Memory alloc failed for size 1048512. Please clean up the memory and run again.
E: Memory alloc failed for size 1048512. Please clean up the memory and run again.
E: Memory alloc failed for size 1048512. Please clean up the memory and run again.
E: Memory alloc failed for size 1048512. Please clean up the memory and run again.
E: Memory alloc failed for size 1048512. Please clean up the memory and run again.
E: Memory alloc failed for size 1048512. Please clean up the memory and run again.
E: Memory alloc failed for size 1048512. Please clean up the memory and run again.
E: Memory alloc failed for size 1048512. Please clean up the memory and run again.
E: Memory alloc failed for size 1048512. Please clean up the memory and run again.
E: Memory alloc failed for size 1048512. Please clean up the memory and run again.
E: Memory alloc failed for size 1048512. Please clean up the memory and run again.
E: Memory alloc failed for size 1048512. Please clean up the memory and run again.
E: Memory alloc failed for size 1048512. Please clean up the memory and run again.
E: Memory alloc failed for size 1048512. Please clean up the memory and run again.
E: Memory alloc failed for size 1048512. Please clean up the memory and run again.
E: Memory alloc failed for size 1048512. Please clean up the memory and run again.
E: Memory alloc failed for size 1048512. Please clean up the memory and run again.
E: Memory alloc failed for size 1048512. Please clean up the memory and run again.
E: Memory alloc failed for size 1048512. Please clean up the memory and run again.
E: Memory alloc failed for size 1048512. Please clean up the memory and run again.
E: Memory alloc failed for size 1048512. Please clean up the memory and run again.
E: Memory alloc failed for size 1048512. Please clean up the memory and run again.
E: Memory alloc failed for size 1048512. Please clean up the memory and run again.
E: Memory alloc failed for size 1048512. Please clean up the memory and run again.
E: Memory alloc failed for size 1048512. Please clean up the memory and run again.
E: Memory alloc failed for size 1048512. Please clean up the memory and run again.
E: Memory alloc failed for size 1048512. Please clean up the memory and run again.
E: Memory alloc failed for size 1048512. Please clean up the memory and run again.
E: Memory alloc failed for size 1048512. Please clean up the memory and run again.
E: Memory alloc failed for size 1048512. Please clean up the memory and run again.
E: Memory alloc failed for size 1048512. Please clean up the memory and run again.
E: Memory alloc failed for size 1048512. Please clean up the memory and run again.
E: Memory alloc failed for size 1048512. Please clean up the memory and run again.
E: Memory alloc failed for size 1048512. Please clean up the memory and run again.
E: Memory alloc failed for size 1048512. Please clean up the memory and run again.
E: Memory alloc failed for size 1048512. Please clean up the memory and run again.
E: Memory alloc failed for size 1048512. Please clean up the memory and run again.
E: Memory alloc failed for size 1048512. Please clean up the memory and run again.
E: Memory alloc failed for size 1048512. Please clean up the memory and run again.
E: Memory alloc failed for size 1048512. Please clean up the memory and run again.
E: Memory alloc failed for size 1048512. Please clean up the memory and run again.
E: Memory alloc failed for size 1048512. Please clean up the memory and run again.
E: Memory alloc failed for size 1048512. Please clean up the memory and run again.
E: Memory alloc failed for size 1048512. Please clean up the memory and run again.
E: Memory alloc failed for size 1048512. Please clean up the memory and run again.
E: Memory alloc failed for size 1048512. Please clean up the memory and run again.
E: Memory alloc failed for size 1048512. Please clean up the memory and run again.
E: Memory alloc failed for size 1048512. Please clean up the memory and run again.
E: Memory alloc failed for size 1048512. Please clean up the memory and run again.
E: Memory alloc failed for size 1048512. Please clean up the memory and run again.
E: Memory alloc failed for size 1048512. Please clean up the memory and run again.
E: Memory alloc failed for size 1048512. Please clean up the memory and run again.
E: Memory alloc failed for size 1048512. Please clean up the memory and run again.
E: Memory alloc failed for size 1048512. Please clean up the memory and run again.
E: Memory alloc failed for size 1048512. Please clean up the memory and run again.
E: Memory alloc failed for size 1048512. Please clean up the memory and run again.
E: Memory alloc failed for size 1048512. Please clean up the memory and run again.
E: Memory alloc failed for size 1048512. Please clean up the memory and run again.
E: Memory alloc failed for size 1048512. Please clean up the memory and run again.
E: Memory alloc failed for size 1048512. Please clean up the memory and run again.
E: Memory alloc failed for size 1048512. Please clean up the memory and run again.
E: Memory alloc failed for size 1048512. Please clean up the memory and run again.
E: Memory alloc failed for size 1048512. Please clean up the memory and run again.
E: Memory alloc failed for size 1048512. Please clean up the memory and run again.
E: Memory alloc failed for size 1048512. Please clean up the memory and run again.
E: Memory alloc failed for size 1048512. Please clean up the memory and run again.
E: Memory alloc failed for size 1048512. Please clean up the memory and run again.
E: Memory alloc failed for size 1048512. Please clean up the memory and run again.
E: Memory alloc failed for size 1048512. Please clean up the memory and run again.
E: Memory alloc failed for size 1048512. Please clean up the memory and run again.
E: Memory alloc failed for size 1048512. Please clean up the memory and run again.
E: Memory alloc failed for size 1048512. Please clean up the memory and run again.
E: Memory alloc failed for size 1048512. Please clean up the memory and run again.
E: Memory alloc failed for size 1048512. Please clean up the memory and run again.
E: Memory alloc failed for size 1048512. Please clean up the memory and run again.
E: Memory alloc failed for size 1048512. Please clean up the memory and run again.
E: Memory alloc failed for size 1048512. Please clean up the memory and run again.
E: Memory alloc failed for size 1048512. Please clean up the memory and run again.
E: Memory alloc failed for size 1048512. Please clean up the memory and run again.
E: Memory alloc failed for size 1048512. Please clean up the memory and run again.
E: Memory alloc failed for size 1048512. Please clean up the memory and run again.
E: Memory alloc failed for size 1048512. Please clean up the memory and run again.
E: Memory alloc failed for size 1048512. Please clean up the memory and run again.
E: Memory alloc failed for size 1048512. Please clean up the memory and run again.
E: Memory alloc failed for size 1048512. Please clean up the memory and run again.
E: Memory alloc failed for size 1048512. Please clean up the memory and run again.
E: Memory alloc failed for size 1048512. Please clean up the memory and run again.
E: Memory alloc failed for size 1048512. Please clean up the memory and run again.
E: Memory alloc failed for size 1048512. Please clean up the memory and run again.
E: Memory alloc failed for size 1048512. Please clean up the memory and run again.
E: Memory alloc failed for size 1048512. Please clean up the memory and run again.
E: Memory alloc failed for size 1048512. Please clean up the memory and run again.
E: Memory alloc failed for size 1048512. Please clean up the memory and run again.
E: Memory alloc failed for size 1048512. Please clean up the memory and run again.
E: Memory alloc failed for size 1048512. Please clean up the memory and run again.
E: Memory alloc failed for size 1048512. Please clean up the memory and run again.
E: Memory alloc failed for size 1048512. Please clean up the memory and run again.
E: Memory alloc failed for size 1048512. Please clean up the memory and run again.
E: Memory alloc failed for size 1048512. Please clean up the memory and run again.
E: Memory alloc failed for size 1048512. Please clean up the memory and run again.
E: Memory alloc failed for size 1048512. Please clean up the memory and run again.
E: Memory alloc failed for size 1048512. Please clean up the memory and run again.
E: Memory alloc failed for size 1048512. Please clean up the memory and run again.
E: Memory alloc failed for size 1048512. Please clean up the memory and run again.
E: Memory alloc failed for size 1048512. Please clean up the memory and run again.
E: Memory alloc failed for size 1048512. Please clean up the memory and run again.
E: Memory alloc failed for size 1048512. Please clean up the memory and run again.
E: Memory alloc failed for size 1048512. Please clean up the memory and run again.
E: Memory alloc failed for size 1048512. Please clean up the memory and run again.
E: Memory alloc failed for size 1048512. Please clean up the memory and run again.
E: Memory alloc failed for size 1048512. Please clean up the memory and run again.
E: Memory alloc failed for size 1048512. Please clean up the memory and run again.
E: Memory alloc failed for size 1048512. Please clean up the memory and run again.
E: Memory alloc failed for size 1048512. Please clean up the memory and run again.
E: Memory alloc failed for size 1048512. Please clean up the memory and run again.
E: Memory alloc failed for size 1048512. Please clean up the memory and run again.
E: Memory alloc failed for size 1048512. Please clean up the memory and run again.
E: Memory alloc failed for size 1048512. Please clean up the memory and run again.
E: Memory alloc failed for size 1048512. Please clean up the memory and run again.
E: Memory alloc failed for size 1048512. Please clean up the memory and run again.
E: Memory alloc failed for size 1048512. Please clean up the memory and run again.
E: Memory alloc failed for size 1048512. Please clean up the memory and run again.
E: Memory alloc failed for size 1048512. Please clean up the memory and run again.
E: Memory alloc failed for size 1048512. Please clean up the memory and run again.
E: Memory alloc failed for size 1048512. Please clean up the memory and run again.
E: Memory alloc failed for size 1048512. Please clean up the memory and run again.
E: Memory alloc failed for size 1048512. Please clean up the memory and run again.
E: Memory alloc failed for size 1048512. Please clean up the memory and run again.
E: Memory alloc failed for size 1048512. Please clean up the memory and run again.
E: Memory alloc failed for size 1048512. Please clean up the memory and run again.
E: Memory alloc failed for size 1048512. Please clean up the memory and run again.
E: Memory alloc failed for size 1048512. Please clean up the memory and run again.
E: Memory alloc failed for size 1048512. Please clean up the memory and run again.
E: Memory alloc failed for size 1048512. Please clean up the memory and run again.
E: Memory alloc failed for size 1048512. Please clean up the memory and run again.
E: Memory alloc failed for size 1048512. Please clean up the memory and run again.
E: Memory alloc failed for size 1048512. Please clean up the memory and run again.
E: Memory alloc failed for size 1048512. Please clean up the memory and run again.
E: Memory alloc failed for size 1048512. Please clean up the memory and run again.
E: Memory alloc failed for size 1048512. Please clean up the memory and run again.
E: Memory alloc failed for size 1048512. Please clean up the memory and run again.
E: Memory alloc failed for size 1048512. Please clean up the memory and run again.
E: Memory alloc failed for size 1048512. Please clean up the memory and run again.
E: Memory alloc failed for size 1048512. Please clean up the memory and run again.
E: Memory alloc failed for size 1048512. Please clean up the memory and run again.
E: Memory alloc failed for size 1048512. Please clean up the memory and run again.
E: Memory alloc failed for size 1048512. Please clean up the memory and run again.
E: Memory alloc failed for size 1048512. Please clean up the memory and run again.
E: Memory alloc failed for size 1048512. Please clean up the memory and run again.
E: Memory alloc failed for size 1048512. Please clean up the memory and run again.
E: Memory alloc failed for size 1048512. Please clean up the memory and run again.
E: Memory alloc failed for size 1048512. Please clean up the memory and run again.
E: Memory alloc failed for size 1048512. Please clean up the memory and run again.
E: Memory alloc failed for size 1048512. Please clean up the memory and run again.
E: Memory alloc failed for size 1048512. Please clean up the memory and run again.
E: Memory alloc failed for size 1048512. Please clean up the memory and run again.
E: Memory alloc failed for size 1048512. Please clean up the memory and run again.
E: Memory alloc failed for size 1048512. Please clean up the memory and run again.
E: Memory alloc failed for size 1048512. Please clean up the memory and run again.
E: Memory alloc failed for size 1048512. Please clean up the memory and run again.
E: Memory alloc failed for size 1048512. Please clean up the memory and run again.
E: Memory alloc failed for size 1048512. Please clean up the memory and run again.
E: Memory alloc failed for size 1048512. Please clean up the memory and run again.
E: Memory alloc failed for size 1048512. Please clean up the memory and run again.
E: Memory alloc failed for size 1048512. Please clean up the memory and run again.
E: Memory alloc failed for size 1048512. Please clean up the memory and run again.
E: Memory alloc failed for size 1048512. Please clean up the memory and run again.
E: Memory alloc failed for size 1048512. Please clean up the memory and run again.
E: Memory alloc failed for size 1048512. Please clean up the memory and run again.
E: Memory alloc failed for size 1048512. Please clean up the memory and run again.
E: Memory alloc failed for size 1048512. Please clean up the memory and run again.
E: Memory alloc failed for size 1048512. Please clean up the memory and run again.
E: Memory alloc failed for size 1048512. Please clean up the memory and run again.
E: Memory alloc failed for size 1048512. Please clean up the memory and run again.
E: Memory alloc failed for size 1048512. Please clean up the memory and run again.
E: Memory alloc failed for size 1048512. Please clean up the memory and run again.
E: Memory alloc failed for size 1048512. Please clean up the memory and run again.
E: Memory alloc failed for size 1048512. Please clean up the memory and run again.
E: Memory alloc failed for size 1048512. Please clean up the memory and run again.
E: Memory alloc failed for size 1048512. Please clean up the memory and run again.
E: Memory alloc failed for size 1048512. Please clean up the memory and run again.
E: Memory alloc failed for size 1048512. Please clean up the memory and run again.
E: Memory alloc failed for size 1048512. Please clean up the memory and run again.
E: Memory alloc failed for size 1048512. Please clean up the memory and run again.
E: Memory alloc failed for size 1048512. Please clean up the memory and run again.
E: Memory alloc failed for size 1048512. Please clean up the memory and run again.
E: Memory alloc failed for size 1048512. Please clean up the memory and run again.
E: Memory alloc failed for size 1048512. Please clean up the memory and run again.
E: Memory alloc failed for size 1048512. Please clean up the memory and run again.
E: Memory alloc failed for size 1048512. Please clean up the memory and run again.
E: Memory alloc failed for size 1048512. Please clean up the memory and run again.
E: Memory alloc failed for size 1048512. Please clean up the memory and run again.
E: Memory alloc failed for size 1048512. Please clean up the memory and run again.
E: Memory alloc failed for size 1048512. Please clean up the memory and run again.
E: Memory alloc failed for size 1048512. Please clean up the memory and run again.
E: Memory alloc failed for size 1048512. Please clean up the memory and run again.
E: Memory alloc failed for size 1048512. Please clean up the memory and run again.
E: Memory alloc failed for size 1048512. Please clean up the memory and run again.
E: Memory alloc failed for size 1048512. Please clean up the memory and run again.
E: Memory alloc failed for size 1048512. Please clean up the memory and run again.
E: Memory alloc failed for size 1048512. Please clean up the memory and run again.
E: Memory alloc failed for size 1048512. Please clean up the memory and run again.
E: Memory alloc failed for size 1048512. Please clean up the memory and run again.
E: Memory alloc failed for size 1048512. Please clean up the memory and run again.
E: Memory alloc failed for size 1048512. Please clean up the memory and run again.
E: Memory alloc failed for size 1048512. Please clean up the memory and run again.
E: Memory alloc failed for size 1048512. Please clean up the memory and run again.
E: Memory alloc failed for size 1048512. Please clean up the memory and run again.
E: Memory alloc failed for size 1048512. Please clean up the memory and run again.
E: Memory alloc failed for size 1048512. Please clean up the memory and run again.
E: Memory alloc failed for size 1048512. Please clean up the memory and run again.
E: Memory alloc failed for size 1048512. Please clean up the memory and run again.
E: Memory alloc failed for size 1048512. Please clean up the memory and run again.
E: Memory alloc failed for size 1048512. Please clean up the memory and run again.
E: Memory alloc failed for size 1048512. Please clean up the memory and run again.
E: Memory alloc failed for size 1048512. Please clean up the memory and run again.
E: Memory alloc failed for size 1048512. Please clean up the memory and run again.
E: Memory alloc failed for size 1048512. Please clean up the memory and run again.
E: Memory alloc failed for size 1048512. Please clean up the memory and run again.
E: Memory alloc failed for size 1048512. Please clean up the memory and run again.
E: Memory alloc failed for size 1048512. Please clean up the memory and run again.
E: Memory alloc failed for size 1048512. Please clean up the memory and run again.
E: Memory alloc failed for size 1048512. Please clean up the memory and run again.
E: Memory alloc failed for size 1048512. Please clean up the memory and run again.
E: Memory alloc failed for size 1048512. Please clean up the memory and run again.
E: Memory alloc failed for size 1048512. Please clean up the memory and run again.
E: Memory alloc failed for size 1048512. Please clean up the memory and run again.
E: Memory alloc failed for size 1048512. Please clean up the memory and run again.
E: Memory alloc failed for size 1048512. Please clean up the memory and run again.
E: Memory alloc failed for size 1048512. Please clean up the memory and run again.
E: Memory alloc failed for size 1048512. Please clean up the memory and run again.
E: Memory alloc failed for size 1048512. Please clean up the memory and run again.
E: Memory alloc failed for size 1048512. Please clean up the memory and run again.
E: Memory alloc failed for size 1048512. Please clean up the memory and run again.
E: Memory alloc failed for size 1048512. Please clean up the memory and run again.
E: Memory alloc failed for size 1048512. Please clean up the memory and run again.
E: Memory alloc failed for size 1048512. Please clean up the memory and run again.
E: Memory alloc failed for size 1048512. Please clean up the memory and run again.
E: Memory alloc failed for size 1048512. Please clean up the memory and run again.
E: Memory alloc failed for size 1048512. Please clean up the memory and run again.
E: Memory alloc failed for size 1048512. Please clean up the memory and run again.
E: Memory alloc failed for size 1048512. Please clean up the memory and run again.
E: Memory alloc failed for size 1048512. Please clean up the memory and run again.
E: Memory alloc failed for size 1048512. Please clean up the memory and run again.
E: Memory alloc failed for size 1048512. Please clean up the memory and run again.
E: Memory alloc failed for size 1048512. Please clean up the memory and run again.
E: Memory alloc failed for size 1048512. Please clean up the memory and run again.
E: Memory alloc failed for size 1048512. Please clean up the memory and run again.
E: Memory alloc failed for size 1048512. Please clean up the memory and run again.
E: Memory alloc failed for size 1048512. Please clean up the memory and run again.
E: Memory alloc failed for size 1048512. Please clean up the memory and run again.
E: Memory alloc failed for size 1048512. Please clean up the memory and run again.
E: Memory alloc failed for size 1048512. Please clean up the memory and run again.
E: Memory alloc failed for size 1048512. Please clean up the memory and run again.
E: Memory alloc failed for size 1048512. Please clean up the memory and run again.
E: Memory alloc failed for size 1048512. Please clean up the memory and run again.
E: Memory alloc failed for size 1048512. Please clean up the memory and run again.
E: Memory alloc failed for size 1048512. Please clean up the memory and run again.
E: Memory alloc failed for size 1048512. Please clean up the memory and run again.
E: Memory alloc failed for size 1048512. Please clean up the memory and run again.
E: Memory alloc failed for size 1048512. Please clean up the memory and run again.
E: Memory alloc failed for size 1048512. Please clean up the memory and run again.
E: Memory alloc failed for size 1048512. Please clean up the memory and run again.
E: Memory alloc failed for size 1048512. Please clean up the memory and run again.
E: Memory alloc failed for size 1048512. Please clean up the memory and run again.
E: Memory alloc failed for size 1048512. Please clean up the memory and run again.
E: Memory alloc failed for size 1048512. Please clean up the memory and run again.
E: Memory alloc failed for size 1048512. Please clean up the memory and run again.
E: Memory alloc failed for size 1048512. Please clean up the memory and run again.
E: Memory alloc failed for size 1048512. Please clean up the memory and run again.
E: Memory alloc failed for size 1048512. Please clean up the memory and run again.
E: Memory alloc failed for size 1048512. Please clean up the memory and run again.
E: Memory alloc failed for size 1048512. Please clean up the memory and run again.
E: Memory alloc failed for size 1048512. Please clean up the memory and run again.
E: Memory alloc failed for size 1048512. Please clean up the memory and run again.
E: Memory alloc failed for size 1048512. Please clean up the memory and run again.
E: Memory alloc failed for size 1048512. Please clean up the memory and run again.
E: Memory alloc failed for size 1048512. Please clean up the memory and run again.
E: Memory alloc failed for size 1048512. Please clean up the memory and run again.
E: Memory alloc failed for size 1048512. Please clean up the memory and run again.
E: Memory alloc failed for size 1048512. Please clean up the memory and run again.
E: Memory alloc failed for size 1048512. Please clean up the memory and run again.
E: Memory alloc failed for size 1048512. Please clean up the memory and run again.
E: Memory alloc failed for size 1048512. Please clean up the memory and run again.
E: Memory alloc failed for size 1048512. Please clean up the memory and run again.
E: Memory alloc failed for size 1048512. Please clean up the memory and run again.
E: Memory alloc failed for size 1048512. Please clean up the memory and run again.
E: Memory alloc failed for size 1048512. Please clean up the memory and run again.
E: Memory alloc failed for size 1048512. Please clean up the memory and run again.
E: Memory alloc failed for size 1048512. Please clean up the memory and run again.
E: Memory alloc failed for size 1048512. Please clean up the memory and run again.
E: Memory alloc failed for size 1048512. Please clean up the memory and run again.
E: Memory alloc failed for size 1048512. Please clean up the memory and run again.
E: Memory alloc failed for size 1048512. Please clean up the memory and run again.
E: Memory alloc failed for size 1048512. Please clean up the memory and run again.
E: Memory alloc failed for size 1048512. Please clean up the memory and run again.
E: Memory alloc failed for size 1048512. Please clean up the memory and run again.
E: Memory alloc failed for size 1048512. Please clean up the memory and run again.
E: Memory alloc failed for size 1048512. Please clean up the memory and run again.
E: Memory alloc failed for size 1048512. Please clean up the memory and run again.
E: Memory alloc failed for size 1048512. Please clean up the memory and run again.
E: Memory alloc failed for size 1048512. Please clean up the memory and run again.
E: Memory alloc failed for size 1048512. Please clean up the memory and run again.
E: Memory alloc failed for size 1048512. Please clean up the memory and run again.
E: Memory alloc failed for size 1048512. Please clean up the memory and run again.
E: Memory alloc failed for size 1048512. Please clean up the memory and run again.
E: Memory alloc failed for size 1048512. Please clean up the memory and run again.
E: Memory alloc failed for size 1048512. Please clean up the memory and run again.
E: Memory alloc failed for size 1048512. Please clean up the memory and run again.
E: Memory alloc failed for size 1048512. Please clean up the memory and run again.
E: Memory alloc failed for size 1048512. Please clean up the memory and run again.
E: Memory alloc failed for size 1048512. Please clean up the memory and run again.
E: Memory alloc failed for size 1048512. Please clean up the memory and run again.
E: Memory alloc failed for size 1048512. Please clean up the memory and run again.
E: Memory alloc failed for size 1048512. Please clean up the memory and run again.
E: Memory alloc failed for size 1048512. Please clean up the memory and run again.
E: Memory alloc failed for size 1048512. Please clean up the memory and run again.
E: Memory alloc failed for size 1048512. Please clean up the memory and run again.
E: Memory alloc failed for size 1048512. Please clean up the memory and run again.
E: Memory alloc failed for size 1048512. Please clean up the memory and run again.
E: Memory alloc failed for size 1048512. Please clean up the memory and run again.
E: Memory alloc failed for size 1048512. Please clean up the memory and run again.
E: Memory alloc failed for size 1048512. Please clean up the memory and run again.
E: Memory alloc failed for size 1048512. Please clean up the memory and run again.
E: Memory alloc failed for size 1048512. Please clean up the memory and run again.
E: Memory alloc failed for size 1048512. Please clean up the memory and run again.
E: Memory alloc failed for size 1048512. Please clean up the memory and run again.
E: Memory alloc failed for size 1048512. Please clean up the memory and run again.
E: Memory alloc failed for size 1048512. Please clean up the memory and run again.
E: Memory alloc failed for size 1048512. Please clean up the memory and run again.
E: Memory alloc failed for size 1048512. Please clean up the memory and run again.
E: Memory alloc failed for size 1048512. Please clean up the memory and run again.
E: Memory alloc failed for size 1048512. Please clean up the memory and run again.
E: Memory alloc failed for size 1048512. Please clean up the memory and run again.
E: Memory alloc failed for size 1048512. Please clean up the memory and run again.
E: Memory alloc failed for size 1048512. Please clean up the memory and run again.
E: Memory alloc failed for size 1048512. Please clean up the memory and run again.
E: Memory alloc failed for size 1048512. Please clean up the memory and run again.
E: Memory alloc failed for size 1048512. Please clean up the memory and run again.
E: Memory alloc failed for size 1048512. Please clean up the memory and run again.
E: Memory alloc failed for size 1048512. Please clean up the memory and run again.
E: Memory alloc failed for size 1048512. Please clean up the memory and run again.
E: Memory alloc failed for size 1048512. Please clean up the memory and run again.
E: Memory alloc failed for size 1048512. Please clean up the memory and run again.
E: Memory alloc failed for size 1048512. Please clean up the memory and run again.
E: Memory alloc failed for size 1048512. Please clean up the memory and run again.
E: Memory alloc failed for size 1048512. Please clean up the memory and run again.
E: Memory alloc failed for size 1048512. Please clean up the memory and run again.
E: Memory alloc failed for size 1048512. Please clean up the memory and run again.
E: Memory alloc failed for size 1048512. Please clean up the memory and run again.
E: Memory alloc failed for size 1048512. Please clean up the memory and run again.
E: Memory alloc failed for size 1048512. Please clean up the memory and run again.
E: Memory alloc failed for size 1048512. Please clean up the memory and run again.
E: Memory alloc failed for size 1048512. Please clean up the memory and run again.
E: Memory alloc failed for size 1048512. Please clean up the memory and run again.
E: Memory alloc failed for size 1048512. Please clean up the memory and run again.
E: Memory alloc failed for size 1048512. Please clean up the memory and run again.
E: Memory alloc failed for size 1048512. Please clean up the memory and run again.
E: Memory alloc failed for size 1048512. Please clean up the memory and run again.
E: Memory alloc failed for size 1048512. Please clean up the memory and run again.
E: Memory alloc failed for size 1048512. Please clean up the memory and run again.
E: Memory alloc failed for size 1048512. Please clean up the memory and run again.
E: Memory alloc failed for size 1048512. Please clean up the memory and run again.
E: Memory alloc failed for size 1048512. Please clean up the memory and run again.
E: Memory alloc failed for size 1048512. Please clean up the memory and run again.
E: Memory alloc failed for size 1048512. Please clean up the memory and run again.
E: Memory alloc failed for size 1048512. Please clean up the memory and run again.
E: Memory alloc failed for size 1048512. Please clean up the memory and run again.
E: Memory alloc failed for size 1048512. Please clean up the memory and run again.
E: Memory alloc failed for size 1048512. Please clean up the memory and run again.
E: Memory alloc failed for size 1048512. Please clean up the memory and run again.
E: Memory alloc failed for size 1048512. Please clean up the memory and run again.
E: Memory alloc failed for size 1048512. Please clean up the memory and run again.
E: Memory alloc failed for size 1048512. Please clean up the memory and run again.
E: Memory alloc failed for size 1048512. Please clean up the memory and run again.
E: Memory alloc failed for size 1048512. Please clean up the memory and run again.
E: Memory alloc failed for size 1048512. Please clean up the memory and run again.
E: Memory alloc failed for size 1048512. Please clean up the memory and run again.
E: Memory alloc failed for size 1048512. Please clean up the memory and run again.
E: Memory alloc failed for size 1048512. Please clean up the memory and run again.
E: Memory alloc failed for size 1048512. Please clean up the memory and run again.
E: Memory alloc failed for size 1048512. Please clean up the memory and run again.
E: Memory alloc failed for size 1048512. Please clean up the memory and run again.
E: Memory alloc failed for size 1048512. Please clean up the memory and run again.
E: Memory alloc failed for size 1048512. Please clean up the memory and run again.
E: Memory alloc failed for size 1048512. Please clean up the memory and run again.
E: Memory alloc failed for size 1048512. Please clean up the memory and run again.
E: Memory alloc failed for size 1048512. Please clean up the memory and run again.
E: Memory alloc failed for size 1048512. Please clean up the memory and run again.
E: Memory alloc failed for size 1048512. Please clean up the memory and run again.
E: Memory alloc failed for size 1048512. Please clean up the memory and run again.
E: Memory alloc failed for size 1048512. Please clean up the memory and run again.
E: Memory alloc failed for size 1048512. Please clean up the memory and run again.
E: Memory alloc failed for size 1048512. Please clean up the memory and run again.
E: Memory alloc failed for size 1048512. Please clean up the memory and run again.
E: Memory alloc failed for size 1048512. Please clean up the memory and run again.
E: Memory alloc failed for size 1048512. Please clean up the memory and run again.
E: Memory alloc failed for size 1048512. Please clean up the memory and run again.
E: Memory alloc failed for size 1048512. Please clean up the memory and run again.
E: Memory alloc failed for size 1048512. Please clean up the memory and run again.
E: Memory alloc failed for size 1048512. Please clean up the memory and run again.
E: Memory alloc failed for size 1048512. Please clean up the memory and run again.
E: Memory alloc failed for size 1048512. Please clean up the memory and run again.
E: Memory alloc failed for size 1048512. Please clean up the memory and run again.
E: Memory alloc failed for size 1048512. Please clean up the memory and run again.
E: Memory alloc failed for size 1048512. Please clean up the memory and run again.
E: Memory alloc failed for size 1048512. Please clean up the memory and run again.
E: Memory alloc failed for size 1048512. Please clean up the memory and run again.
E: Memory alloc failed for size 1048512. Please clean up the memory and run again.
E: Memory alloc failed for size 1048512. Please clean up the memory and run again.
E: Memory alloc failed for size 1048512. Please clean up the memory and run again.
E: Memory alloc failed for size 1048512. Please clean up the memory and run again.
E: Memory alloc failed for size 1048512. Please clean up the memory and run again.
E: Memory alloc failed for size 1048512. Please clean up the memory and run again.
E: Memory alloc failed for size 1048512. Please clean up the memory and run again.
E: Memory alloc failed for size 1048512. Please clean up the memory and run again.
E: Memory alloc failed for size 1048512. Please clean up the memory and run again.
E: Memory alloc failed for size 1048512. Please clean up the memory and run again.
E: Memory alloc failed for size 1048512. Please clean up the memory and run again.
E: Memory alloc failed for size 1048512. Please clean up the memory and run again.
E: Memory alloc failed for size 1048512. Please clean up the memory and run again.
E: Memory alloc failed for size 1048512. Please clean up the memory and run again.
E: Memory alloc failed for size 1048512. Please clean up the memory and run again.
E: Memory alloc failed for size 1048512. Please clean up the memory and run again.
E: Memory alloc failed for size 1048512. Please clean up the memory and run again.
E: Memory alloc failed for size 1048512. Please clean up the memory and run again.
E: Memory alloc failed for size 1048512. Please clean up the memory and run again.
E: Memory alloc failed for size 1048512. Please clean up the memory and run again.
E: Memory alloc failed for size 1048512. Please clean up the memory and run again.
E: Memory alloc failed for size 1048512. Please clean up the memory and run again.
E: Memory alloc failed for size 1048512. Please clean up the memory and run again.
E: Memory alloc failed for size 1048512. Please clean up the memory and run again.
E: Memory alloc failed for size 1048512. Please clean up the memory and run again.
E: Memory alloc failed for size 1048512. Please clean up the memory and run again.
E: Memory alloc failed for size 1048512. Please clean up the memory and run again.
E: Memory alloc failed for size 1048512. Please clean up the memory and run again.
E: Memory alloc failed for size 1048512. Please clean up the memory and run again.
E: Memory alloc failed for size 1048512. Please clean up the memory and run again.
E: Memory alloc failed for size 1048512. Please clean up the memory and run again.
E: Memory alloc failed for size 1048512. Please clean up the memory and run again.
E: Memory alloc failed for size 1048512. Please clean up the memory and run again.
E: Memory alloc failed for size 1048512. Please clean up the memory and run again.
E: Memory alloc failed for size 1048512. Please clean up the memory and run again.
E: Memory alloc failed for size 1048512. Please clean up the memory and run again.
E: Memory alloc failed for size 1048512. Please clean up the memory and run again.
E: Memory alloc failed for size 1048512. Please clean up the memory and run again.
E: Memory alloc failed for size 1048512. Please clean up the memory and run again.
E: Memory alloc failed for size 1048512. Please clean up the memory and run again.
E: Memory alloc failed for size 1048512. Please clean up the memory and run again.
E: Memory alloc failed for size 1048512. Please clean up the memory and run again.
E: Memory alloc failed for size 1048512. Please clean up the memory and run again.
E: Memory alloc failed for size 1048512. Please clean up the memory and run again.
E: Memory alloc failed for size 1048512. Please clean up the memory and run again.
E: Memory alloc failed for size 1048512. Please clean up the memory and run again.
E: Memory alloc failed for size 1048512. Please clean up the memory and run again.
E: Memory alloc failed for size 1048512. Please clean up the memory and run again.
E: Memory alloc failed for size 1048512. Please clean up the memory and run again.
E: Memory alloc failed for size 1048512. Please clean up the memory and run again.
E: Memory alloc failed for size 1048512. Please clean up the memory and run again.
E: Memory alloc failed for size 1048512. Please clean up the memory and run again.
E: Memory alloc failed for size 1048512. Please clean up the memory and run again.
E: Memory alloc failed for size 1048512. Please clean up the memory and run again.
E: Memory alloc failed for size 1048512. Please clean up the memory and run again.
E: Memory alloc failed for size 1048512. Please clean up the memory and run again.
E: Memory alloc failed for size 1048512. Please clean up the memory and run again.
E: Memory alloc failed for size 1048512. Please clean up the memory and run again.
E: Memory alloc failed for size 1048512. Please clean up the memory and run again.
E: Memory alloc failed for size 1048512. Please clean up the memory and run again.
E: Memory alloc failed for size 1048512. Please clean up the memory and run again.
E: Memory alloc failed for size 1048512. Please clean up the memory and run again.
E: Memory alloc failed for size 1048512. Please clean up the memory and run again.
E: Memory alloc failed for size 1048512. Please clean up the memory and run again.
E: Memory alloc failed for size 1048512. Please clean up the memory and run again.
E: Memory alloc failed for size 1048512. Please clean up the memory and run again.
E: Memory alloc failed for size 1048512. Please clean up the memory and run again.
E: Memory alloc failed for size 1048512. Please clean up the memory and run again.
E: Memory alloc failed for size 1048512. Please clean up the memory and run again.
E: Memory alloc failed for size 1048512. Please clean up the memory and run again.
E: Memory alloc failed for size 1048512. Please clean up the memory and run again.
E: Memory alloc failed for size 1048512. Please clean up the memory and run again.
E: Memory alloc failed for size 1048512. Please clean up the memory and run again.
E: Memory alloc failed for size 1048512. Please clean up the memory and run again.
E: Memory alloc failed for size 1048512. Please clean up the memory and run again.
E: Memory alloc failed for size 1048512. Please clean up the memory and run again.
E: Memory alloc failed for size 1048512. Please clean up the memory and run again.
E: Memory alloc failed for size 1048512. Please clean up the memory and run again.
E: Memory alloc failed for size 1048512. Please clean up the memory and run again.
E: Memory alloc failed for size 1048512. Please clean up the memory and run again.
E: Memory alloc failed for size 1048512. Please clean up the memory and run again.
E: Memory alloc failed for size 1048512. Please clean up the memory and run again.
E: Memory alloc failed for size 1048512. Please clean up the memory and run again.
E: Memory alloc failed for size 1048512. Please clean up the memory and run again.
E: Memory alloc failed for size 1048512. Please clean up the memory and run again.
E: Memory alloc failed for size 1048512. Please clean up the memory and run again.
E: Memory alloc failed for size 1048512. Please clean up the memory and run again.
E: Memory alloc failed for size 1048512. Please clean up the memory and run again.
E: Memory alloc failed for size 1048512. Please clean up the memory and run again.
E: Memory alloc failed for size 1048512. Please clean up the memory and run again.
E: Memory alloc failed for size 1048512. Please clean up the memory and run again.
E: Memory alloc failed for size 1048512. Please clean up the memory and run again.
E: Memory alloc failed for size 1048512. Please clean up the memory and run again.
E: Memory alloc failed for size 1048512. Please clean up the memory and run again.
E: Memory alloc failed for size 1048512. Please clean up the memory and run again.
E: Memory alloc failed for size 1048512. Please clean up the memory and run again.
E: Memory alloc failed for size 1048512. Please clean up the memory and run again.
E: Memory alloc failed for size 1048512. Please clean up the memory and run again.
E: Memory alloc failed for size 1048512. Please clean up the memory and run again.
E: Memory alloc failed for size 1048512. Please clean up the memory and run again.
E: Memory alloc failed for size 1048512. Please clean up the memory and run again.
E: Memory alloc failed for size 1048512. Please clean up the memory and run again.
E: Memory alloc failed for size 1048512. Please clean up the memory and run again.
E: Memory alloc failed for size 1048512. Please clean up the memory and run again.
E: Memory alloc failed for size 1048512. Please clean up the memory and run again.
E: Memory alloc failed for size 1048512. Please clean up the memory and run again.
E: Memory alloc failed for size 1048512. Please clean up the memory and run again.
E: Memory alloc failed for size 1048512. Please clean up the memory and run again.
E: Memory alloc failed for size 1048512. Please clean up the memory and run again.
E: Memory alloc failed for size 1048512. Please clean up the memory and run again.
E: Memory alloc failed for size 1048512. Please clean up the memory and run again.
E: Memory alloc failed for size 1048512. Please clean up the memory and run again.
E: Memory alloc failed for size 1048512. Please clean up the memory and run again.
E: Memory alloc failed for size 1048512. Please clean up the memory and run again.
E: Memory alloc failed for size 1048512. Please clean up the memory and run again.
E: Memory alloc failed for size 1048512. Please clean up the memory and run again.
E: Memory alloc failed for size 1048512. Please clean up the memory and run again.
E: Memory alloc failed for size 1048512. Please clean up the memory and run again.
E: Memory alloc failed for size 1048512. Please clean up the memory and run again.
E: Memory alloc failed for size 1048512. Please clean up the memory and run again.
E: Memory alloc failed for size 1048512. Please clean up the memory and run again.
E: Memory alloc failed for size 1048512. Please clean up the memory and run again.
E: Memory alloc failed for size 1048512. Please clean up the memory and run again.
E: Memory alloc failed for size 1048512. Please clean up the memory and run again.
E: Memory alloc failed for size 1048512. Please clean up the memory and run again.
E: Memory alloc failed for size 1048512. Please clean up the memory and run again.
E: Memory alloc failed for size 1048512. Please clean up the memory and run again.
E: Memory alloc failed for size 1048512. Please clean up the memory and run again.
E: Memory alloc failed for size 1048512. Please clean up the memory and run again.
E: Memory alloc failed for size 1048512. Please clean up the memory and run again.
E: Memory alloc failed for size 1048512. Please clean up the memory and run again.
E: Memory alloc failed for size 1048512. Please clean up the memory and run again.
E: Memory alloc failed for size 1048512. Please clean up the memory and run again.
E: Memory alloc failed for size 1048512. Please clean up the memory and run again.
E: Memory alloc failed for size 1048512. Please clean up the memory and run again.
E: Memory alloc failed for size 1048512. Please clean up the memory and run again.
E: Memory alloc failed for size 1048512. Please clean up the memory and run again.
E: Memory alloc failed for size 1048512. Please clean up the memory and run again.
E: Memory alloc failed for size 1048512. Please clean up the memory and run again.
E: Memory alloc failed for size 1048512. Please clean up the memory and run again.
E: Memory alloc failed for size 1048512. Please clean up the memory and run again.
E: Memory alloc failed for size 1048512. Please clean up the memory and run again.
E: Memory alloc failed for size 1048512. Please clean up the memory and run again.
E: Memory alloc failed for size 1048512. Please clean up the memory and run again.
E: Memory alloc failed for size 1048512. Please clean up the memory and run again.
E: Memory alloc failed for size 1048512. Please clean up the memory and run again.
E: Memory alloc failed for size 1048512. Please clean up the memory and run again.
E: Memory alloc failed for size 1048512. Please clean up the memory and run again.
E: Memory alloc failed for size 1048512. Please clean up the memory and run again.
E: Memory alloc failed for size 1048512. Please clean up the memory and run again.
E: Memory alloc failed for size 1048512. Please clean up the memory and run again.
E: Memory alloc failed for size 1048512. Please clean up the memory and run again.
E: Memory alloc failed for size 1048512. Please clean up the memory and run again.
E: Memory alloc failed for size 1048512. Please clean up the memory and run again.
E: Memory alloc failed for size 1048512. Please clean up the memory and run again.
E: Memory alloc failed for size 1048512. Please clean up the memory and run again.
E: Memory alloc failed for size 1048512. Please clean up the memory and run again.
E: Memory alloc failed for size 1048512. Please clean up the memory and run again.
E: Memory alloc failed for size 1048512. Please clean up the memory and run again.
E: Memory alloc failed for size 1048512. Please clean up the memory and run again.
E: Memory alloc failed for size 1048512. Please clean up the memory and run again.
E: Memory alloc failed for size 1048512. Please clean up the memory and run again.
E: Memory alloc failed for size 1048512. Please clean up the memory and run again.
E: Memory alloc failed for size 1048512. Please clean up the memory and run again.
E: Memory alloc failed for size 1048512. Please clean up the memory and run again.
E: Memory alloc failed for size 1048512. Please clean up the memory and run again.
E: Memory alloc failed for size 1048512. Please clean up the memory and run again.
E: Memory alloc failed for size 1048512. Please clean up the memory and run again.
E: Memory alloc failed for size 1048512. Please clean up the memory and run again.
E: Memory alloc failed for size 1048512. Please clean up the memory and run again.
E: Memory alloc failed for size 1048512. Please clean up the memory and run again.
E: Memory alloc failed for size 1048512. Please clean up the memory and run again.
E: Memory alloc failed for size 1048512. Please clean up the memory and run again.
E: Memory alloc failed for size 1048512. Please clean up the memory and run again.
E: Memory alloc failed for size 1048512. Please clean up the memory and run again.
E: Memory alloc failed for size 1048512. Please clean up the memory and run again.
E: Memory alloc failed for size 1048512. Please clean up the memory and run again.
E: Memory alloc failed for size 1048512. Please clean up the memory and run again.
E: Memory alloc failed for size 1048512. Please clean up the memory and run again.
E: Memory alloc failed for size 1048512. Please clean up the memory and run again.
E: Memory alloc failed for size 1048512. Please clean up the memory and run again.
E: Memory alloc failed for size 1048512. Please clean up the memory and run again.
E: Memory alloc failed for size 1048512. Please clean up the memory and run again.
E: Memory alloc failed for size 1048512. Please clean up the memory and run again.
E: Memory alloc failed for size 1048512. Please clean up the memory and run again.
E: Memory alloc failed for size 1048512. Please clean up the memory and run again.
E: Memory alloc failed for size 1048512. Please clean up the memory and run again.
E: Memory alloc failed for size 1048512. Please clean up the memory and run again.
E: Memory alloc failed for size 1048512. Please clean up the memory and run again.
E: Memory alloc failed for size 1048512. Please clean up the memory and run again.
E: Memory alloc failed for size 1048512. Please clean up the memory and run again.
E: Memory alloc failed for size 1048512. Please clean up the memory and run again.
E: Memory alloc failed for size 1048512. Please clean up the memory and run again.
E: Memory alloc failed for size 1048512. Please clean up the memory and run again.
E: Memory alloc failed for size 1048512. Please clean up the memory and run again.
E: Memory alloc failed for size 1048512. Please clean up the memory and run again.
E: Memory alloc failed for size 1048512. Please clean up the memory and run again.
E: Memory alloc failed for size 1048512. Please clean up the memory and run again.
E: Memory alloc failed for size 1048512. Please clean up the memory and run again.
E: Memory alloc failed for size 1048512. Please clean up the memory and run again.
E: Memory alloc failed for size 1048512. Please clean up the memory and run again.
E: Memory alloc failed for size 1048512. Please clean up the memory and run again.
E: Memory alloc failed for size 1048512. Please clean up the memory and run again.
E: Memory alloc failed for size 1048512. Please clean up the memory and run again.
E: Memory alloc failed for size 1048512. Please clean up the memory and run again.
E: Memory alloc failed for size 1048512. Please clean up the memory and run again.
E: Memory alloc failed for size 1048512. Please clean up the memory and run again.
E: Memory alloc failed for size 1048512. Please clean up the memory and run again.
E: Memory alloc failed for size 1048512. Please clean up the memory and run again.
E: Memory alloc failed for size 1048512. Please clean up the memory and run again.
E: Memory alloc failed for size 1048512. Please clean up the memory and run again.
E: Memory alloc failed for size 1048512. Please clean up the memory and run again.
E: Memory alloc failed for size 1048512. Please clean up the memory and run again.
E: Memory alloc failed for size 1048512. Please clean up the memory and run again.
E: Memory alloc failed for size 1048512. Please clean up the memory and run again.
E: Memory alloc failed for size 1048512. Please clean up the memory and run again.
E: Memory alloc failed for size 1048512. Please clean up the memory and run again.
E: Memory alloc failed for size 1048512. Please clean up the memory and run again.
E: Memory alloc failed for size 1048512. Please clean up the memory and run again.
E: Memory alloc failed for size 1048512. Please clean up the memory and run again.
E: Memory alloc failed for size 1048512. Please clean up the memory and run again.
E: Memory alloc failed for size 1048512. Please clean up the memory and run again.
E: Memory alloc failed for size 1048512. Please clean up the memory and run again.
E: Memory alloc failed for size 1048512. Please clean up the memory and run again.
E: Memory alloc failed for size 1048512. Please clean up the memory and run again.
E: Memory alloc failed for size 1048512. Please clean up the memory and run again.
E: Memory alloc failed for size 1048512. Please clean up the memory and run again.
E: Memory alloc failed for size 1048512. Please clean up the memory and run again.
E: Memory alloc failed for size 1048512. Please clean up the memory and run again.
E: Memory alloc failed for size 1048512. Please clean up the memory and run again.
E: Memory alloc failed for size 1048512. Please clean up the memory and run again.
E: Memory alloc failed for size 1048512. Please clean up the memory and run again.
E: Memory alloc failed for size 1048512. Please clean up the memory and run again.
E: Memory alloc failed for size 1048512. Please clean up the memory and run again.
E: Memory alloc failed for size 1048512. Please clean up the memory and run again.
E: Memory alloc failed for size 1048512. Please clean up the memory and run again.
E: Memory alloc failed for size 1048512. Please clean up the memory and run again.
E: Memory alloc failed for size 1048512. Please clean up the memory and run again.
E: Memory alloc failed for size 1048512. Please clean up the memory and run again.
E: Memory alloc failed for size 1048512. Please clean up the memory and run again.
E: Memory alloc failed for size 1048512. Please clean up the memory and run again.
E: Memory alloc failed for size 1048512. Please clean up the memory and run again.
E: Memory alloc failed for size 1048512. Please clean up the memory and run again.
E: Memory alloc failed for size 1048512. Please clean up the memory and run again.
E: Memory alloc failed for size 1048512. Please clean up the memory and run again.
E: Memory alloc failed for size 1048512. Please clean up the memory and run again.
E: Memory alloc failed for size 1048512. Please clean up the memory and run again.
E: Memory alloc failed for size 1048512. Please clean up the memory and run again.
E: Memory alloc failed for size 1048512. Please clean up the memory and run again.
E: Memory alloc failed for size 1048512. Please clean up the memory and run again.
E: Memory alloc failed for size 1048512. Please clean up the memory and run again.
E: Memory alloc failed for size 1048512. Please clean up the memory and run again.
E: Memory alloc failed for size 1048512. Please clean up the memory and run again.
E: Memory alloc failed for size 1048512. Please clean up the memory and run again.
E: Memory alloc failed for size 1048512. Please clean up the memory and run again.
E: Memory alloc failed for size 1048512. Please clean up the memory and run again.
E: Memory alloc failed for size 1048512. Please clean up the memory and run again.
E: Memory alloc failed for size 1048512. Please clean up the memory and run again.
E: Memory alloc failed for size 1048512. Please clean up the memory and run again.
E: Memory alloc failed for size 1048512. Please clean up the memory and run again.
E: Memory alloc failed for size 1048512. Please clean up the memory and run again.
E: Memory alloc failed for size 1048512. Please clean up the memory and run again.
E: Memory alloc failed for size 1048512. Please clean up the memory and run again.
E: Memory alloc failed for size 1048512. Please clean up the memory and run again.
E: Memory alloc failed for size 1048512. Please clean up the memory and run again.
E: Memory alloc failed for size 1048512. Please clean up the memory and run again.
E: Memory alloc failed for size 1048512. Please clean up the memory and run again.
E: Memory alloc failed for size 1048512. Please clean up the memory and run again.
E: Memory alloc failed for size 1048512. Please clean up the memory and run again.
E: Memory alloc failed for size 1048512. Please clean up the memory and run again.
E: Memory alloc failed for size 1048512. Please clean up the memory and run again.
E: Memory alloc failed for size 1048512. Please clean up the memory and run again.
E: Memory alloc failed for size 1048512. Please clean up the memory and run again.
E: Memory alloc failed for size 1048512. Please clean up the memory and run again.
E: Memory alloc failed for size 1048512. Please clean up the memory and run again.
E: Memory alloc failed for size 1048512. Please clean up the memory and run again.
E: Memory alloc failed for size 1048512. Please clean up the memory and run again.
E: Memory alloc failed for size 1048512. Please clean up the memory and run again.
E: Memory alloc failed for size 1048512. Please clean up the memory and run again.
E: Memory alloc failed for size 1048512. Please clean up the memory and run again.
E: Memory alloc failed for size 1048512. Please clean up the memory and run again.
E: Memory alloc failed for size 1048512. Please clean up the memory and run again.
E: Memory alloc failed for size 1048512. Please clean up the memory and run again.
E: Memory alloc failed for size 1048512. Please clean up the memory and run again.
E: Memory alloc failed for size 1048512. Please clean up the memory and run again.
E: Memory alloc failed for size 1048512. Please clean up the memory and run again.
E: Memory alloc failed for size 1048512. Please clean up the memory and run again.
E: Memory alloc failed for size 1048512. Please clean up the memory and run again.
E: Memory alloc failed for size 1048512. Please clean up the memory and run again.
E: Memory alloc failed for size 1048512. Please clean up the memory and run again.
E: Memory alloc failed for size 1048512. Please clean up the memory and run again.
E: Memory alloc failed for size 1048512. Please clean up the memory and run again.
E: Memory alloc failed for size 1048512. Please clean up the memory and run again.
E: Memory alloc failed for size 1048512. Please clean up the memory and run again.
E: Memory alloc failed for size 1048512. Please clean up the memory and run again.
E: Memory alloc failed for size 1048512. Please clean up the memory and run again.
E: Memory alloc failed for size 1048512. Please clean up the memory and run again.
E: Memory alloc failed for size 1048512. Please clean up the memory and run again.
E: Memory alloc failed for size 1048512. Please clean up the memory and run again.
E: Memory alloc failed for size 1048512. Please clean up the memory and run again.
E: Memory alloc failed for size 1048512. Please clean up the memory and run again.
E: Memory alloc failed for size 1048512. Please clean up the memory and run again.
E: Memory alloc failed for size 1048512. Please clean up the memory and run again.
E: Memory alloc failed for size 1048512. Please clean up the memory and run again.
E: Memory alloc failed for size 1048512. Please clean up the memory and run again.
E: Memory alloc failed for size 1048512. Please clean up the memory and run again.
E: Memory alloc failed for size 1048512. Please clean up the memory and run again.
E: Memory alloc failed for size 1048512. Please clean up the memory and run again.
E: Memory alloc failed for size 1048512. Please clean up the memory and run again.
E: Memory alloc failed for size 1048512. Please clean up the memory and run again.
E: Memory alloc failed for size 1048512. Please clean up the memory and run again.
E: Memory alloc failed for size 1048512. Please clean up the memory and run again.
E: Memory alloc failed for size 1048512. Please clean up the memory and run again.
E: Memory alloc failed for size 1048512. Please clean up the memory and run again.
E: Memory alloc failed for size 1048512. Please clean up the memory and run again.
E: Memory alloc failed for size 1048512. Please clean up the memory and run again.
E: Memory alloc failed for size 1048512. Please clean up the memory and run again.
E: Memory alloc failed for size 1048512. Please clean up the memory and run again.
E: Memory alloc failed for size 1048512. Please clean up the memory and run again.
E: Memory alloc failed for size 1048512. Please clean up the memory and run again.
E: Memory alloc failed for size 1048512. Please clean up the memory and run again.
E: Memory alloc failed for size 1048512. Please clean up the memory and run again.
E: Memory alloc failed for size 1048512. Please clean up the memory and run again.
E: Memory alloc failed for size 1048512. Please clean up the memory and run again.
E: Memory alloc failed for size 1048512. Please clean up the memory and run again.
E: Memory alloc failed for size 1048512. Please clean up the memory and run again.
E: Memory alloc failed for size 1048512. Please clean up the memory and run again.
E: Memory alloc failed for size 1048512. Please clean up the memory and run again.
E: Memory alloc failed for size 1048512. Please clean up the memory and run again.
E: Memory alloc failed for size 1048512. Please clean up the memory and run again.
E: Memory alloc failed for size 1048512. Please clean up the memory and run again.
E: Memory alloc failed for size 1048512. Please clean up the memory and run again.
E: Memory alloc failed for size 1048512. Please clean up the memory and run again.
E: Memory alloc failed for size 1048512. Please clean up the memory and run again.
E: Memory alloc failed for size 1048512. Please clean up the memory and run again.
E: Memory alloc failed for size 1048512. Please clean up the memory and run again.
E: Memory alloc failed for size 1048512. Please clean up the memory and run again.
E: Memory alloc failed for size 1048512. Please clean up the memory and run again.
E: Memory alloc failed for size 1048512. Please clean up the memory and run again.
E: Memory alloc failed for size 1048512. Please clean up the memory and run again.
E: Memory alloc failed for size 1048512. Please clean up the memory and run again.
E: Memory alloc failed for size 1048512. Please clean up the memory and run again.
E: Memory alloc failed for size 1048512. Please clean up the memory and run again.
E: Memory alloc failed for size 1048512. Please clean up the memory and run again.
E: Memory alloc failed for size 1048512. Please clean up the memory and run again.
E: Memory alloc failed for size 1048512. Please clean up the memory and run again.
E: Memory alloc failed for size 1048512. Please clean up the memory and run again.
E: Memory alloc failed for size 1048512. Please clean up the memory and run again.
E: Memory alloc failed for size 1048512. Please clean up the memory and run again.
E: Memory alloc failed for size 1048512. Please clean up the memory and run again.
E: Memory alloc failed for size 1048512. Please clean up the memory and run again.
E: Memory alloc failed for size 1048512. Please clean up the memory and run again.
E: Memory alloc failed for size 1048512. Please clean up the memory and run again.
E: Memory alloc failed for size 1048512. Please clean up the memory and run again.
E: Memory alloc failed for size 1048512. Please clean up the memory and run again.
E: Memory alloc failed for size 1048512. Please clean up the memory and run again.
E: Memory alloc failed for size 1048512. Please clean up the memory and run again.
E: Memory alloc failed for size 1048512. Please clean up the memory and run again.
E: Memory alloc failed for size 1048512. Please clean up the memory and run again.
E: Memory alloc failed for size 1048512. Please clean up the memory and run again.
E: Memory alloc failed for size 1048512. Please clean up the memory and run again.
E: Memory alloc failed for size 1048512. Please clean up the memory and run again.
E: Memory alloc failed for size 1048512. Please clean up the memory and run again.
E: Memory alloc failed for size 1048512. Please clean up the memory and run again.
E: Memory alloc failed for size 1048512. Please clean up the memory and run again.
E: Memory alloc failed for size 1048512. Please clean up the memory and run again.
E: Memory alloc failed for size 1048512. Please clean up the memory and run again.
E: Memory alloc failed for size 1048512. Please clean up the memory and run again.
E: Memory alloc failed for size 1048512. Please clean up the memory and run again.
E: Memory alloc failed for size 1048512. Please clean up the memory and run again.
E: Memory alloc failed for size 1048512. Please clean up the memory and run again.
E: Memory alloc failed for size 1048512. Please clean up the memory and run again.
E: Memory alloc failed for size 1048512. Please clean up the memory and run again.
E: Memory alloc failed for size 1048512. Please clean up the memory and run again.
E: Memory alloc failed for size 1048512. Please clean up the memory and run again.
E: Memory alloc failed for size 1048512. Please clean up the memory and run again.
E: Memory alloc failed for size 1048512. Please clean up the memory and run again.
E: Memory alloc failed for size 1048512. Please clean up the memory and run again.
E: Memory alloc failed for size 1048512. Please clean up the memory and run again.
E: Memory alloc failed for size 1048512. Please clean up the memory and run again.
E: Memory alloc failed for size 1048512. Please clean up the memory and run again.
E: Memory alloc failed for size 1048512. Please clean up the memory and run again.
E: Memory alloc failed for size 1048512. Please clean up the memory and run again.
E: Memory alloc failed for size 1048512. Please clean up the memory and run again.
E: Memory alloc failed for size 1048512. Please clean up the memory and run again.
E: Memory alloc failed for size 1048512. Please clean up the memory and run again.
E: Memory alloc failed for size 1048512. Please clean up the memory and run again.
E: Memory alloc failed for size 1048512. Please clean up the memory and run again.
E: Memory alloc failed for size 1048512. Please clean up the memory and run again.
E: Memory alloc failed for size 1048512. Please clean up the memory and run again.
E: Memory alloc failed for size 1048512. Please clean up the memory and run again.
E: Memory alloc failed for size 1048512. Please clean up the memory and run again.
E: Memory alloc failed for size 1048512. Please clean up the memory and run again.
E: Memory alloc failed for size 1048512. Please clean up the memory and run again.
E: Memory alloc failed for size 1048512. Please clean up the memory and run again.
E: Memory alloc failed for size 1048512. Please clean up the memory and run again.
E: Memory alloc failed for size 1048512. Please clean up the memory and run again.
E: Memory alloc failed for size 1048512. Please clean up the memory and run again.
E: Memory alloc failed for size 1048512. Please clean up the memory and run again.
E: Memory alloc failed for size 1048512. Please clean up the memory and run again.
E: Memory alloc failed for size 1048512. Please clean up the memory and run again.
E: Memory alloc failed for size 1048512. Please clean up the memory and run again.
E: Memory alloc failed for size 1048512. Please clean up the memory and run again.
E: Memory alloc failed for size 1048512. Please clean up the memory and run again.
E: Memory alloc failed for size 1048512. Please clean up the memory and run again.
E: Memory alloc failed for size 1048512. Please clean up the memory and run again.
E: Memory alloc failed for size 1048512. Please clean up the memory and run again.
E: Memory alloc failed for size 1048512. Please clean up the memory and run again.
E: Memory alloc failed for size 1048512. Please clean up the memory and run again.
E: Memory alloc failed for size 1048512. Please clean up the memory and run again.
E: Memory alloc failed for size 1048512. Please clean up the memory and run again.
E: Memory alloc failed for size 1048512. Please clean up the memory and run again.
E: Memory alloc failed for size 1048512. Please clean up the memory and run again.
E: Memory alloc failed for size 1048512. Please clean up the memory and run again.
E: Memory alloc failed for size 1048512. Please clean up the memory and run again.
E: Memory alloc failed for size 1048512. Please clean up the memory and run again.
E: Memory alloc failed for size 1048512. Please clean up the memory and run again.
E: Memory alloc failed for size 1048512. Please clean up the memory and run again.
E: Memory alloc failed for size 1048512. Please clean up the memory and run again.
E: Memory alloc failed for size 1048512. Please clean up the memory and run again.
E: Memory alloc failed for size 1048512. Please clean up the memory and run again.
E: Memory alloc failed for size 1048512. Please clean up the memory and run again.
E: Memory alloc failed for size 1048512. Please clean up the memory and run again.
E: Memory alloc failed for size 1048512. Please clean up the memory and run again.
E: Memory alloc failed for size 1048512. Please clean up the memory and run again.
E: Memory alloc failed for size 1048512. Please clean up the memory and run again.
E: Memory alloc failed for size 1048512. Please clean up the memory and run again.
E: Memory alloc failed for size 1048512. Please clean up the memory and run again.
E: Memory alloc failed for size 1048512. Please clean up the memory and run again.
E: Memory alloc failed for size 1048512. Please clean up the memory and run again.
E: Memory alloc failed for size 1048512. Please clean up the memory and run again.
E: Memory alloc failed for size 1048512. Please clean up the memory and run again.
E: Memory alloc failed for size 1048512. Please clean up the memory and run again.
E: Memory alloc failed for size 1048512. Please clean up the memory and run again.
E: Memory alloc failed for size 1048512. Please clean up the memory and run again.
E: Memory alloc failed for size 1048512. Please clean up the memory and run again.
E: Memory alloc failed for size 1048512. Please clean up the memory and run again.
E: Memory alloc failed for size 1048512. Please clean up the memory and run again.
E: Memory alloc failed for size 1048512. Please clean up the memory and run again.
E: Memory alloc failed for size 1048512. Please clean up the memory and run again.
E: Memory alloc failed for size 1048512. Please clean up the memory and run again.
E: Memory alloc failed for size 1048512. Please clean up the memory and run again.
E: Memory alloc failed for size 1048512. Please clean up the memory and run again.
E: Memory alloc failed for size 1048512. Please clean up the memory and run again.
E: Memory alloc failed for size 1048512. Please clean up the memory and run again.
E: Memory alloc failed for size 1048512. Please clean up the memory and run again.
E: Memory alloc failed for size 1048512. Please clean up the memory and run again.
E: Memory alloc failed for size 1048512. Please clean up the memory and run again.
E: Memory alloc failed for size 1048512. Please clean up the memory and run again.
E: Memory alloc failed for size 1048512. Please clean up the memory and run again.
E: Memory alloc failed for size 1048512. Please clean up the memory and run again.
E: Memory alloc failed for size 1048512. Please clean up the memory and run again.
E: Memory alloc failed for size 1048512. Please clean up the memory and run again.
E: Memory alloc failed for size 1048512. Please clean up the memory and run again.
E: Memory alloc failed for size 1048512. Please clean up the memory and run again.
E: Memory alloc failed for size 1048512. Please clean up the memory and run again.
E: Memory alloc failed for size 1048512. Please clean up the memory and run again.
E: Memory alloc failed for size 1048512. Please clean up the memory and run again.
E: Memory alloc failed for size 1048512. Please clean up the memory and run again.
E: Memory alloc failed for size 1048512. Please clean up the memory and run again.
E: Memory alloc failed for size 1048512. Please clean up the memory and run again.
E: Memory alloc failed for size 1048512. Please clean up the memory and run again.
E: Memory alloc failed for size 1048512. Please clean up the memory and run again.
E: Memory alloc failed for size 1048512. Please clean up the memory and run again.
E: Memory alloc failed for size 1048512. Please clean up the memory and run again.
E: Memory alloc failed for size 1048512. Please clean up the memory and run again.
E: Memory alloc failed for size 1048512. Please clean up the memory and run again.
E: Memory alloc failed for size 1048512. Please clean up the memory and run again.
E: Memory alloc failed for size 1048512. Please clean up the memory and run again.
E: Memory alloc failed for size 1048512. Please clean up the memory and run again.
E: Memory alloc failed for size 1048512. Please clean up the memory and run again.
E: Memory alloc failed for size 1048512. Please clean up the memory and run again.
E: Memory alloc failed for size 1048512. Please clean up the memory and run again.
E: Memory alloc failed for size 1048512. Please clean up the memory and run again.
E: Memory alloc failed for size 1048512. Please clean up the memory and run again.
E: Memory alloc failed for size 1048512. Please clean up the memory and run again.
E: Memory alloc failed for size 1048512. Please clean up the memory and run again.
E: Memory alloc failed for size 1048512. Please clean up the memory and run again.
E: Memory alloc failed for size 1048512. Please clean up the memory and run again.
E: Memory alloc failed for size 1048512. Please clean up the memory and run again.
E: Memory alloc failed for size 1048512. Please clean up the memory and run again.
E: Memory alloc failed for size 1048512. Please clean up the memory and run again.
E: Memory alloc failed for size 1048512. Please clean up the memory and run again.
E: Memory alloc failed for size 1048512. Please clean up the memory and run again.
E: Memory alloc failed for size 1048512. Please clean up the memory and run again.
E: Memory alloc failed for size 1048512. Please clean up the memory and run again.
E: Memory alloc failed for size 1048512. Please clean up the memory and run again.
E: Memory alloc failed for size 1048512. Please clean up the memory and run again.
E: Memory alloc failed for size 1048512. Please clean up the memory and run again.
E: Memory alloc failed for size 1048512. Please clean up the memory and run again.
E: Memory alloc failed for size 1048512. Please clean up the memory and run again.
E: Memory alloc failed for size 1048512. Please clean up the memory and run again.
E: Memory alloc failed for size 1048512. Please clean up the memory and run again.
E: Memory alloc failed for size 1048512. Please clean up the memory and run again.
E: Memory alloc failed for size 1048512. Please clean up the memory and run again.
E: Memory alloc failed for size 1048512. Please clean up the memory and run again.
E: Memory alloc failed for size 1048512. Please clean up the memory and run again.
E: Memory alloc failed for size 1048512. Please clean up the memory and run again.
E: Memory alloc failed for size 1048512. Please clean up the memory and run again.
E: Memory alloc failed for size 1048512. Please clean up the memory and run again.
E: Memory alloc failed for size 1048512. Please clean up the memory and run again.
E: Memory alloc failed for size 1048512. Please clean up the memory and run again.
E: Memory alloc failed for size 1048512. Please clean up the memory and run again.
E: Memory alloc failed for size 1048512. Please clean up the memory and run again.
E: Memory alloc failed for size 1048512. Please clean up the memory and run again.
E: Memory alloc failed for size 1048512. Please clean up the memory and run again.
E: Memory alloc failed for size 1048512. Please clean up the memory and run again.
E: Memory alloc failed for size 1048512. Please clean up the memory and run again.
E: Memory alloc failed for size 1048512. Please clean up the memory and run again.
E: Memory alloc failed for size 1048512. Please clean up the memory and run again.
E: Memory alloc failed for size 1048512. Please clean up the memory and run again.
E: Memory alloc failed for size 1048512. Please clean up the memory and run again.
E: Memory alloc failed for size 1048512. Please clean up the memory and run again.
E: Memory alloc failed for size 1048512. Please clean up the memory and run again.
E: Memory alloc failed for size 1048512. Please clean up the memory and run again.
E: Memory alloc failed for size 1048512. Please clean up the memory and run again.
E: Memory alloc failed for size 1048512. Please clean up the memory and run again.
E: Memory alloc failed for size 1048512. Please clean up the memory and run again.
E: Memory alloc failed for size 1048512. Please clean up the memory and run again.
E: Memory alloc failed for size 1048512. Please clean up the memory and run again.
E: Memory alloc failed for size 1048512. Please clean up the memory and run again.
E: Memory alloc failed for size 1048512. Please clean up the memory and run again.
E: Memory alloc failed for size 1048512. Please clean up the memory and run again.
E: Memory alloc failed for size 1048512. Please clean up the memory and run again.
E: Memory alloc failed for size 1048512. Please clean up the memory and run again.
E: Memory alloc failed for size 1048512. Please clean up the memory and run again.
E: Memory alloc failed for size 1048512. Please clean up the memory and run again.
E: Memory alloc failed for size 1048512. Please clean up the memory and run again.
E: Memory alloc failed for size 1048512. Please clean up the memory and run again.
E: Memory alloc failed for size 1048512. Please clean up the memory and run again.
E: Memory alloc failed for size 1048512. Please clean up the memory and run again.
E: Memory alloc failed for size 1048512. Please clean up the memory and run again.
E: Memory alloc failed for size 1048512. Please clean up the memory and run again.
E: Memory alloc failed for size 1048512. Please clean up the memory and run again.
E: Memory alloc failed for size 1048512. Please clean up the memory and run again.
E: Memory alloc failed for size 1048512. Please clean up the memory and run again.
E: Memory alloc failed for size 1048512. Please clean up the memory and run again.
E: Memory alloc failed for size 1048512. Please clean up the memory and run again.
E: Memory alloc failed for size 1048512. Please clean up the memory and run again.
E: Memory alloc failed for size 1048512. Please clean up the memory and run again.
E: Memory alloc failed for size 1048512. Please clean up the memory and run again.
E: Memory alloc failed for size 1048512. Please clean up the memory and run again.
E: Memory alloc failed for size 1048512. Please clean up the memory and run again.
E: Memory alloc failed for size 1048512. Please clean up the memory and run again.
E: Memory alloc failed for size 1048512. Please clean up the memory and run again.
E: Memory alloc failed for size 1048512. Please clean up the memory and run again.
E: Memory alloc failed for size 1048512. Please clean up the memory and run again.
E: Memory alloc failed for size 1048512. Please clean up the memory and run again.
E: Memory alloc failed for size 1048512. Please clean up the memory and run again.
#Build: Fabric Compiler 2022.2-SP6.4, Build 146967, Jan 31 01:39 2024
#Install: F:\PDS_2022.2-SP6.4\bin
#Application name: pds_shell.exe
#OS: Windows 10 10.0.19045
#Hostname: DESKTOP-P0E5I2S
Generated by Fabric Compiler (version 2022.2-SP6.4 build 146967) at Wed Apr 29 16:40:46 2026
Compiling verification operator library.
Compiling common defs.
Compiling prim grid devices.
Compiling gate devices.
Compiling gate operators.
Building architecture model.
Loading device packaging model.
pnr strategy configuration : 
strategy name : 0
Building architecture floorplan logic view.
Constraint check start.
Executing : def_port {cmos1_scl} LOC=R14 VCCIO=3.3 IOSTANDARD=LVCMOS33 DRIVE=8 SLEW=SLOW NONE=TRUE
C: ConstraintEditor-2002: [C:/Users/DELL/Desktop/4.28_ROI_V2.1/04_camera_pcie_capture_40pin_fmc/project/device_map/image_pcie_capture.pcf(line number: 3)] | Port cmos1_scl has been placed at location R14, whose type is share pin.
Executing : def_port {cmos1_scl} LOC=R14 VCCIO=3.3 IOSTANDARD=LVCMOS33 DRIVE=8 SLEW=SLOW NONE=TRUE successfully
Executing : def_port {cmos1_sda} LOC=P14 VCCIO=3.3 IOSTANDARD=LVCMOS33 DRIVE=8 SLEW=SLOW NONE=TRUE
C: ConstraintEditor-2002: [C:/Users/DELL/Desktop/4.28_ROI_V2.1/04_camera_pcie_capture_40pin_fmc/project/device_map/image_pcie_capture.pcf(line number: 4)] | Port cmos1_sda has been placed at location P14, whose type is share pin.
Executing : def_port {cmos1_sda} LOC=P14 VCCIO=3.3 IOSTANDARD=LVCMOS33 DRIVE=8 SLEW=SLOW NONE=TRUE successfully
Executing : def_port {cmos2_scl} LOC=U20 VCCIO=3.3 IOSTANDARD=LVCMOS33 DRIVE=8 SLEW=SLOW NONE=TRUE
Executing : def_port {cmos2_scl} LOC=U20 VCCIO=3.3 IOSTANDARD=LVCMOS33 DRIVE=8 SLEW=SLOW NONE=TRUE successfully
Executing : def_port {cmos2_sda} LOC=N17 VCCIO=3.3 IOSTANDARD=LVCMOS33 DRIVE=8 SLEW=SLOW NONE=TRUE
Executing : def_port {cmos2_sda} LOC=N17 VCCIO=3.3 IOSTANDARD=LVCMOS33 DRIVE=8 SLEW=SLOW NONE=TRUE successfully
Executing : def_port {cmos3_scl} LOC=E14 VCCIO=3.3 IOSTANDARD=LVCMOS33 DRIVE=8 SLEW=SLOW NONE=TRUE
Executing : def_port {cmos3_scl} LOC=E14 VCCIO=3.3 IOSTANDARD=LVCMOS33 DRIVE=8 SLEW=SLOW NONE=TRUE successfully
Executing : def_port {cmos3_sda} LOC=F16 VCCIO=3.3 IOSTANDARD=LVCMOS33 DRIVE=8 SLEW=SLOW NONE=TRUE
Executing : def_port {cmos3_sda} LOC=F16 VCCIO=3.3 IOSTANDARD=LVCMOS33 DRIVE=8 SLEW=SLOW NONE=TRUE successfully
Executing : def_port {mem_dq[0]} LOC=P6 VCCIO=1.5 IOSTANDARD=SSTL15_I DRIVE=8.9 SLEW=FAST VREF_MODE=INT VREF_MODE_VALUE=0.5 DDR_TERM_MODE=ON UNUSED=TRUE
Executing : def_port {mem_dq[0]} LOC=P6 VCCIO=1.5 IOSTANDARD=SSTL15_I DRIVE=8.9 SLEW=FAST VREF_MODE=INT VREF_MODE_VALUE=0.5 DDR_TERM_MODE=ON UNUSED=TRUE successfully
Executing : def_port {mem_dq[1]} LOC=M5 VCCIO=1.5 IOSTANDARD=SSTL15_I DRIVE=8.9 SLEW=FAST VREF_MODE=INT VREF_MODE_VALUE=0.5 DDR_TERM_MODE=ON UNUSED=TRUE
Executing : def_port {mem_dq[1]} LOC=M5 VCCIO=1.5 IOSTANDARD=SSTL15_I DRIVE=8.9 SLEW=FAST VREF_MODE=INT VREF_MODE_VALUE=0.5 DDR_TERM_MODE=ON UNUSED=TRUE successfully
Executing : def_port {mem_dq[2]} LOC=M6 VCCIO=1.5 IOSTANDARD=SSTL15_I DRIVE=8.9 SLEW=FAST VREF_MODE=INT VREF_MODE_VALUE=0.5 DDR_TERM_MODE=ON UNUSED=TRUE
Executing : def_port {mem_dq[2]} LOC=M6 VCCIO=1.5 IOSTANDARD=SSTL15_I DRIVE=8.9 SLEW=FAST VREF_MODE=INT VREF_MODE_VALUE=0.5 DDR_TERM_MODE=ON UNUSED=TRUE successfully
Executing : def_port {mem_dq[3]} LOC=N2 VCCIO=1.5 IOSTANDARD=SSTL15_I DRIVE=8.9 SLEW=FAST VREF_MODE=INT VREF_MODE_VALUE=0.5 DDR_TERM_MODE=ON UNUSED=TRUE
Executing : def_port {mem_dq[3]} LOC=N2 VCCIO=1.5 IOSTANDARD=SSTL15_I DRIVE=8.9 SLEW=FAST VREF_MODE=INT VREF_MODE_VALUE=0.5 DDR_TERM_MODE=ON UNUSED=TRUE successfully
Executing : def_port {mem_dq[4]} LOC=P2 VCCIO=1.5 IOSTANDARD=SSTL15_I DRIVE=8.9 SLEW=FAST VREF_MODE=INT VREF_MODE_VALUE=0.5 DDR_TERM_MODE=ON UNUSED=TRUE
Executing : def_port {mem_dq[4]} LOC=P2 VCCIO=1.5 IOSTANDARD=SSTL15_I DRIVE=8.9 SLEW=FAST VREF_MODE=INT VREF_MODE_VALUE=0.5 DDR_TERM_MODE=ON UNUSED=TRUE successfully
Executing : def_port {mem_dq[5]} LOC=P1 VCCIO=1.5 IOSTANDARD=SSTL15_I DRIVE=8.9 SLEW=FAST VREF_MODE=INT VREF_MODE_VALUE=0.5 DDR_TERM_MODE=ON UNUSED=TRUE
Executing : def_port {mem_dq[5]} LOC=P1 VCCIO=1.5 IOSTANDARD=SSTL15_I DRIVE=8.9 SLEW=FAST VREF_MODE=INT VREF_MODE_VALUE=0.5 DDR_TERM_MODE=ON UNUSED=TRUE successfully
Executing : def_port {mem_dq[6]} LOC=R1 VCCIO=1.5 IOSTANDARD=SSTL15_I DRIVE=8.9 SLEW=FAST VREF_MODE=INT VREF_MODE_VALUE=0.5 DDR_TERM_MODE=ON UNUSED=TRUE
Executing : def_port {mem_dq[6]} LOC=R1 VCCIO=1.5 IOSTANDARD=SSTL15_I DRIVE=8.9 SLEW=FAST VREF_MODE=INT VREF_MODE_VALUE=0.5 DDR_TERM_MODE=ON UNUSED=TRUE successfully
Executing : def_port {mem_dq[7]} LOC=N4 VCCIO=1.5 IOSTANDARD=SSTL15_I DRIVE=8.9 SLEW=FAST VREF_MODE=INT VREF_MODE_VALUE=0.5 DDR_TERM_MODE=ON UNUSED=TRUE
Executing : def_port {mem_dq[7]} LOC=N4 VCCIO=1.5 IOSTANDARD=SSTL15_I DRIVE=8.9 SLEW=FAST VREF_MODE=INT VREF_MODE_VALUE=0.5 DDR_TERM_MODE=ON UNUSED=TRUE successfully
Executing : def_port {mem_dq[8]} LOC=J6 VCCIO=1.5 IOSTANDARD=SSTL15_I DRIVE=8.9 SLEW=FAST VREF_MODE=INT VREF_MODE_VALUE=0.5 DDR_TERM_MODE=ON UNUSED=TRUE
Executing : def_port {mem_dq[8]} LOC=J6 VCCIO=1.5 IOSTANDARD=SSTL15_I DRIVE=8.9 SLEW=FAST VREF_MODE=INT VREF_MODE_VALUE=0.5 DDR_TERM_MODE=ON UNUSED=TRUE successfully
Executing : def_port {mem_dq[9]} LOC=K6 VCCIO=1.5 IOSTANDARD=SSTL15_I DRIVE=8.9 SLEW=FAST VREF_MODE=INT VREF_MODE_VALUE=0.5 DDR_TERM_MODE=ON UNUSED=TRUE
Executing : def_port {mem_dq[9]} LOC=K6 VCCIO=1.5 IOSTANDARD=SSTL15_I DRIVE=8.9 SLEW=FAST VREF_MODE=INT VREF_MODE_VALUE=0.5 DDR_TERM_MODE=ON UNUSED=TRUE successfully
Executing : def_port {mem_dq[10]} LOC=M2 VCCIO=1.5 IOSTANDARD=SSTL15_I DRIVE=8.9 SLEW=FAST VREF_MODE=INT VREF_MODE_VALUE=0.5 DDR_TERM_MODE=ON UNUSED=TRUE
Executing : def_port {mem_dq[10]} LOC=M2 VCCIO=1.5 IOSTANDARD=SSTL15_I DRIVE=8.9 SLEW=FAST VREF_MODE=INT VREF_MODE_VALUE=0.5 DDR_TERM_MODE=ON UNUSED=TRUE successfully
Executing : def_port {mem_dq[11]} LOC=M3 VCCIO=1.5 IOSTANDARD=SSTL15_I DRIVE=8.9 SLEW=FAST VREF_MODE=INT VREF_MODE_VALUE=0.5 DDR_TERM_MODE=ON UNUSED=TRUE
Executing : def_port {mem_dq[11]} LOC=M3 VCCIO=1.5 IOSTANDARD=SSTL15_I DRIVE=8.9 SLEW=FAST VREF_MODE=INT VREF_MODE_VALUE=0.5 DDR_TERM_MODE=ON UNUSED=TRUE successfully
Executing : def_port {mem_dq[12]} LOC=K3 VCCIO=1.5 IOSTANDARD=SSTL15_I DRIVE=8.9 SLEW=FAST VREF_MODE=INT VREF_MODE_VALUE=0.5 DDR_TERM_MODE=ON UNUSED=TRUE
Executing : def_port {mem_dq[12]} LOC=K3 VCCIO=1.5 IOSTANDARD=SSTL15_I DRIVE=8.9 SLEW=FAST VREF_MODE=INT VREF_MODE_VALUE=0.5 DDR_TERM_MODE=ON UNUSED=TRUE successfully
Executing : def_port {mem_dq[13]} LOC=L3 VCCIO=1.5 IOSTANDARD=SSTL15_I DRIVE=8.9 SLEW=FAST VREF_MODE=INT VREF_MODE_VALUE=0.5 DDR_TERM_MODE=ON UNUSED=TRUE
Executing : def_port {mem_dq[13]} LOC=L3 VCCIO=1.5 IOSTANDARD=SSTL15_I DRIVE=8.9 SLEW=FAST VREF_MODE=INT VREF_MODE_VALUE=0.5 DDR_TERM_MODE=ON UNUSED=TRUE successfully
Executing : def_port {mem_dq[14]} LOC=J4 VCCIO=1.5 IOSTANDARD=SSTL15_I DRIVE=8.9 SLEW=FAST VREF_MODE=INT VREF_MODE_VALUE=0.5 DDR_TERM_MODE=ON UNUSED=TRUE
Executing : def_port {mem_dq[14]} LOC=J4 VCCIO=1.5 IOSTANDARD=SSTL15_I DRIVE=8.9 SLEW=FAST VREF_MODE=INT VREF_MODE_VALUE=0.5 DDR_TERM_MODE=ON UNUSED=TRUE successfully
Executing : def_port {mem_dq[15]} LOC=K4 VCCIO=1.5 IOSTANDARD=SSTL15_I DRIVE=8.9 SLEW=FAST VREF_MODE=INT VREF_MODE_VALUE=0.5 DDR_TERM_MODE=ON UNUSED=TRUE
Executing : def_port {mem_dq[15]} LOC=K4 VCCIO=1.5 IOSTANDARD=SSTL15_I DRIVE=8.9 SLEW=FAST VREF_MODE=INT VREF_MODE_VALUE=0.5 DDR_TERM_MODE=ON UNUSED=TRUE successfully
Executing : def_port {mem_dqs[0]} LOC=P5 VCCIO=1.5 IOSTANDARD=SSTL15D_I DRIVE=8.9 SLEW=FAST VREF_MODE=INT VREF_MODE_VALUE=0.5 DDR_TERM_MODE=ON DDR_RES=60 CP_DYN_TERM=ON UNUSED=TRUE
Executing : def_port {mem_dqs[0]} LOC=P5 VCCIO=1.5 IOSTANDARD=SSTL15D_I DRIVE=8.9 SLEW=FAST VREF_MODE=INT VREF_MODE_VALUE=0.5 DDR_TERM_MODE=ON DDR_RES=60 CP_DYN_TERM=ON UNUSED=TRUE successfully
Executing : def_port {mem_dqs[1]} LOC=M1 VCCIO=1.5 IOSTANDARD=SSTL15D_I DRIVE=8.9 SLEW=FAST VREF_MODE=INT VREF_MODE_VALUE=0.5 DDR_TERM_MODE=ON DDR_RES=60 CP_DYN_TERM=ON UNUSED=TRUE
Executing : def_port {mem_dqs[1]} LOC=M1 VCCIO=1.5 IOSTANDARD=SSTL15D_I DRIVE=8.9 SLEW=FAST VREF_MODE=INT VREF_MODE_VALUE=0.5 DDR_TERM_MODE=ON DDR_RES=60 CP_DYN_TERM=ON UNUSED=TRUE successfully
Executing : def_port {mem_dqs_n[0]} LOC=P4 VCCIO=1.5 IOSTANDARD=SSTL15D_I DRIVE=8.9 SLEW=FAST VREF_MODE=INT VREF_MODE_VALUE=0.5 DDR_TERM_MODE=ON DDR_RES=60 CP_DYN_TERM=ON UNUSED=TRUE
Executing : def_port {mem_dqs_n[0]} LOC=P4 VCCIO=1.5 IOSTANDARD=SSTL15D_I DRIVE=8.9 SLEW=FAST VREF_MODE=INT VREF_MODE_VALUE=0.5 DDR_TERM_MODE=ON DDR_RES=60 CP_DYN_TERM=ON UNUSED=TRUE successfully
Executing : def_port {mem_dqs_n[1]} LOC=L1 VCCIO=1.5 IOSTANDARD=SSTL15D_I DRIVE=8.9 SLEW=FAST VREF_MODE=INT VREF_MODE_VALUE=0.5 DDR_TERM_MODE=ON DDR_RES=60 CP_DYN_TERM=ON UNUSED=TRUE
Executing : def_port {mem_dqs_n[1]} LOC=L1 VCCIO=1.5 IOSTANDARD=SSTL15D_I DRIVE=8.9 SLEW=FAST VREF_MODE=INT VREF_MODE_VALUE=0.5 DDR_TERM_MODE=ON DDR_RES=60 CP_DYN_TERM=ON UNUSED=TRUE successfully
Executing : def_port {cmos1_reset} LOC=V18 VCCIO=3.3 IOSTANDARD=LVCMOS33 DRIVE=8 SLEW=SLOW NONE=TRUE
Executing : def_port {cmos1_reset} LOC=V18 VCCIO=3.3 IOSTANDARD=LVCMOS33 DRIVE=8 SLEW=SLOW NONE=TRUE successfully
Executing : def_port {cmos2_reset} LOC=AA21 VCCIO=3.3 IOSTANDARD=LVCMOS33 DRIVE=8 SLEW=SLOW NONE=TRUE
C: ConstraintEditor-2002: [C:/Users/DELL/Desktop/4.28_ROI_V2.1/04_camera_pcie_capture_40pin_fmc/project/device_map/image_pcie_capture.pcf(line number: 30)] | Port cmos2_reset has been placed at location AA21, whose type is share pin.
Executing : def_port {cmos2_reset} LOC=AA21 VCCIO=3.3 IOSTANDARD=LVCMOS33 DRIVE=8 SLEW=SLOW NONE=TRUE successfully
Executing : def_port {cmos3_reset} LOC=B13 VCCIO=3.3 IOSTANDARD=LVCMOS33 DRIVE=8 SLEW=SLOW NONE=TRUE
Executing : def_port {cmos3_reset} LOC=B13 VCCIO=3.3 IOSTANDARD=LVCMOS33 DRIVE=8 SLEW=SLOW NONE=TRUE successfully
Executing : def_port {cmos_init_done[0]} LOC=M17 VCCIO=1.8 IOSTANDARD=LVCMOS18 DRIVE=4 SLEW=FAST NONE=TRUE
Executing : def_port {cmos_init_done[0]} LOC=M17 VCCIO=1.8 IOSTANDARD=LVCMOS18 DRIVE=4 SLEW=FAST NONE=TRUE successfully
Executing : def_port {cmos_init_done[1]} LOC=J16 VCCIO=1.8 IOSTANDARD=LVCMOS18 DRIVE=4 SLEW=FAST NONE=TRUE
Executing : def_port {cmos_init_done[1]} LOC=J16 VCCIO=1.8 IOSTANDARD=LVCMOS18 DRIVE=4 SLEW=FAST NONE=TRUE successfully
Executing : def_port {mem_a[0]} LOC=T1 VCCIO=1.5 IOSTANDARD=SSTL15_I DRIVE=8.9 SLEW=FAST UNUSED=TRUE
Executing : def_port {mem_a[0]} LOC=T1 VCCIO=1.5 IOSTANDARD=SSTL15_I DRIVE=8.9 SLEW=FAST UNUSED=TRUE successfully
Executing : def_port {mem_a[1]} LOC=U1 VCCIO=1.5 IOSTANDARD=SSTL15_I DRIVE=8.9 SLEW=FAST UNUSED=TRUE
Executing : def_port {mem_a[1]} LOC=U1 VCCIO=1.5 IOSTANDARD=SSTL15_I DRIVE=8.9 SLEW=FAST UNUSED=TRUE successfully
Executing : def_port {mem_a[2]} LOC=U2 VCCIO=1.5 IOSTANDARD=SSTL15_I DRIVE=8.9 SLEW=FAST UNUSED=TRUE
Executing : def_port {mem_a[2]} LOC=U2 VCCIO=1.5 IOSTANDARD=SSTL15_I DRIVE=8.9 SLEW=FAST UNUSED=TRUE successfully
Executing : def_port {mem_a[3]} LOC=V2 VCCIO=1.5 IOSTANDARD=SSTL15_I DRIVE=8.9 SLEW=FAST UNUSED=TRUE
Executing : def_port {mem_a[3]} LOC=V2 VCCIO=1.5 IOSTANDARD=SSTL15_I DRIVE=8.9 SLEW=FAST UNUSED=TRUE successfully
Executing : def_port {mem_a[4]} LOC=R3 VCCIO=1.5 IOSTANDARD=SSTL15_I DRIVE=8.9 SLEW=FAST UNUSED=TRUE
Executing : def_port {mem_a[4]} LOC=R3 VCCIO=1.5 IOSTANDARD=SSTL15_I DRIVE=8.9 SLEW=FAST UNUSED=TRUE successfully
Executing : def_port {mem_a[5]} LOC=R2 VCCIO=1.5 IOSTANDARD=SSTL15_I DRIVE=8.9 SLEW=FAST UNUSED=TRUE
Executing : def_port {mem_a[5]} LOC=R2 VCCIO=1.5 IOSTANDARD=SSTL15_I DRIVE=8.9 SLEW=FAST UNUSED=TRUE successfully
Executing : def_port {mem_a[6]} LOC=W2 VCCIO=1.5 IOSTANDARD=SSTL15_I DRIVE=8.9 SLEW=FAST UNUSED=TRUE
Executing : def_port {mem_a[6]} LOC=W2 VCCIO=1.5 IOSTANDARD=SSTL15_I DRIVE=8.9 SLEW=FAST UNUSED=TRUE successfully
Executing : def_port {mem_a[7]} LOC=Y2 VCCIO=1.5 IOSTANDARD=SSTL15_I DRIVE=8.9 SLEW=FAST UNUSED=TRUE
Executing : def_port {mem_a[7]} LOC=Y2 VCCIO=1.5 IOSTANDARD=SSTL15_I DRIVE=8.9 SLEW=FAST UNUSED=TRUE successfully
Executing : def_port {mem_a[8]} LOC=W1 VCCIO=1.5 IOSTANDARD=SSTL15_I DRIVE=8.9 SLEW=FAST UNUSED=TRUE
Executing : def_port {mem_a[8]} LOC=W1 VCCIO=1.5 IOSTANDARD=SSTL15_I DRIVE=8.9 SLEW=FAST UNUSED=TRUE successfully
Executing : def_port {mem_a[9]} LOC=Y1 VCCIO=1.5 IOSTANDARD=SSTL15_I DRIVE=8.9 SLEW=FAST UNUSED=TRUE
Executing : def_port {mem_a[9]} LOC=Y1 VCCIO=1.5 IOSTANDARD=SSTL15_I DRIVE=8.9 SLEW=FAST UNUSED=TRUE successfully
Executing : def_port {mem_a[10]} LOC=U3 VCCIO=1.5 IOSTANDARD=SSTL15_I DRIVE=8.9 SLEW=FAST UNUSED=TRUE
Executing : def_port {mem_a[10]} LOC=U3 VCCIO=1.5 IOSTANDARD=SSTL15_I DRIVE=8.9 SLEW=FAST UNUSED=TRUE successfully
Executing : def_port {mem_a[11]} LOC=AA1 VCCIO=1.5 IOSTANDARD=SSTL15_I DRIVE=8.9 SLEW=FAST UNUSED=TRUE
Executing : def_port {mem_a[11]} LOC=AA1 VCCIO=1.5 IOSTANDARD=SSTL15_I DRIVE=8.9 SLEW=FAST UNUSED=TRUE successfully
Executing : def_port {mem_a[12]} LOC=AB1 VCCIO=1.5 IOSTANDARD=SSTL15_I DRIVE=8.9 SLEW=FAST UNUSED=TRUE
Executing : def_port {mem_a[12]} LOC=AB1 VCCIO=1.5 IOSTANDARD=SSTL15_I DRIVE=8.9 SLEW=FAST UNUSED=TRUE successfully
Executing : def_port {mem_a[13]} LOC=AB3 VCCIO=1.5 IOSTANDARD=SSTL15_I DRIVE=8.9 SLEW=FAST UNUSED=TRUE
Executing : def_port {mem_a[13]} LOC=AB3 VCCIO=1.5 IOSTANDARD=SSTL15_I DRIVE=8.9 SLEW=FAST UNUSED=TRUE successfully
Executing : def_port {mem_a[14]} LOC=AB2 VCCIO=1.5 IOSTANDARD=SSTL15_I DRIVE=8.9 SLEW=FAST UNUSED=TRUE
Executing : def_port {mem_a[14]} LOC=AB2 VCCIO=1.5 IOSTANDARD=SSTL15_I DRIVE=8.9 SLEW=FAST UNUSED=TRUE successfully
Executing : def_port {mem_ba[0]} LOC=AA3 VCCIO=1.5 IOSTANDARD=SSTL15_I DRIVE=8.9 SLEW=FAST UNUSED=TRUE
Executing : def_port {mem_ba[0]} LOC=AA3 VCCIO=1.5 IOSTANDARD=SSTL15_I DRIVE=8.9 SLEW=FAST UNUSED=TRUE successfully
Executing : def_port {mem_ba[1]} LOC=AA5 VCCIO=1.5 IOSTANDARD=SSTL15_I DRIVE=8.9 SLEW=FAST UNUSED=TRUE
Executing : def_port {mem_ba[1]} LOC=AA5 VCCIO=1.5 IOSTANDARD=SSTL15_I DRIVE=8.9 SLEW=FAST UNUSED=TRUE successfully
Executing : def_port {mem_ba[2]} LOC=AB5 VCCIO=1.5 IOSTANDARD=SSTL15_I DRIVE=8.9 SLEW=FAST UNUSED=TRUE
Executing : def_port {mem_ba[2]} LOC=AB5 VCCIO=1.5 IOSTANDARD=SSTL15_I DRIVE=8.9 SLEW=FAST UNUSED=TRUE successfully
Executing : def_port {mem_cas_n} LOC=U6 VCCIO=1.5 IOSTANDARD=SSTL15_I DRIVE=8.9 SLEW=FAST UNUSED=TRUE
Executing : def_port {mem_cas_n} LOC=U6 VCCIO=1.5 IOSTANDARD=SSTL15_I DRIVE=8.9 SLEW=FAST UNUSED=TRUE successfully
Executing : def_port {mem_ck} LOC=Y4 VCCIO=1.5 IOSTANDARD=SSTL15D_I DRIVE=8.9 SLEW=FAST UNUSED=TRUE
Executing : def_port {mem_ck} LOC=Y4 VCCIO=1.5 IOSTANDARD=SSTL15D_I DRIVE=8.9 SLEW=FAST UNUSED=TRUE successfully
Executing : def_port {mem_ck_n} LOC=AA4 VCCIO=1.5 IOSTANDARD=SSTL15D_I DRIVE=8.9 SLEW=FAST UNUSED=TRUE
Executing : def_port {mem_ck_n} LOC=AA4 VCCIO=1.5 IOSTANDARD=SSTL15D_I DRIVE=8.9 SLEW=FAST UNUSED=TRUE successfully
Executing : def_port {mem_cke} LOC=W4 VCCIO=1.5 IOSTANDARD=SSTL15_I DRIVE=8.9 SLEW=FAST UNUSED=TRUE
Executing : def_port {mem_cke} LOC=W4 VCCIO=1.5 IOSTANDARD=SSTL15_I DRIVE=8.9 SLEW=FAST UNUSED=TRUE successfully
Executing : def_port {mem_cs_n} LOC=V5 VCCIO=1.5 IOSTANDARD=SSTL15_I DRIVE=8.9 SLEW=FAST UNUSED=TRUE
Executing : def_port {mem_cs_n} LOC=V5 VCCIO=1.5 IOSTANDARD=SSTL15_I DRIVE=8.9 SLEW=FAST UNUSED=TRUE successfully
Executing : def_port {mem_dm[0]} LOC=N5 VCCIO=1.5 IOSTANDARD=SSTL15_I DRIVE=8.9 SLEW=FAST UNUSED=TRUE
Executing : def_port {mem_dm[0]} LOC=N5 VCCIO=1.5 IOSTANDARD=SSTL15_I DRIVE=8.9 SLEW=FAST UNUSED=TRUE successfully
Executing : def_port {mem_dm[1]} LOC=L5 VCCIO=1.5 IOSTANDARD=SSTL15_I DRIVE=8.9 SLEW=FAST UNUSED=TRUE
Executing : def_port {mem_dm[1]} LOC=L5 VCCIO=1.5 IOSTANDARD=SSTL15_I DRIVE=8.9 SLEW=FAST UNUSED=TRUE successfully
Executing : def_port {mem_odt} LOC=R6 VCCIO=1.5 IOSTANDARD=SSTL15_I DRIVE=8.9 SLEW=FAST UNUSED=TRUE
Executing : def_port {mem_odt} LOC=R6 VCCIO=1.5 IOSTANDARD=SSTL15_I DRIVE=8.9 SLEW=FAST UNUSED=TRUE successfully
Executing : def_port {mem_ras_n} LOC=W5 VCCIO=1.5 IOSTANDARD=SSTL15_I DRIVE=8.9 SLEW=FAST UNUSED=TRUE
Executing : def_port {mem_ras_n} LOC=W5 VCCIO=1.5 IOSTANDARD=SSTL15_I DRIVE=8.9 SLEW=FAST UNUSED=TRUE successfully
Executing : def_port {mem_rst_n} LOC=T3 VCCIO=1.5 IOSTANDARD=SSTL15_I DRIVE=8.9 SLEW=FAST UNUSED=TRUE
Executing : def_port {mem_rst_n} LOC=T3 VCCIO=1.5 IOSTANDARD=SSTL15_I DRIVE=8.9 SLEW=FAST UNUSED=TRUE successfully
Executing : def_port {mem_we_n} LOC=W6 VCCIO=1.5 IOSTANDARD=SSTL15_I DRIVE=8.9 SLEW=FAST UNUSED=TRUE
Executing : def_port {mem_we_n} LOC=W6 VCCIO=1.5 IOSTANDARD=SSTL15_I DRIVE=8.9 SLEW=FAST UNUSED=TRUE successfully
Executing : def_port {board_rst_n} LOC=M15 VCCIO=1.8 IOSTANDARD=LVCMOS18 UNUSED=TRUE
C: ConstraintEditor-2002: [C:/Users/DELL/Desktop/4.28_ROI_V2.1/04_camera_pcie_capture_40pin_fmc/project/device_map/image_pcie_capture.pcf(line number: 63)] | Port board_rst_n has been placed at location M15, whose type is share pin.
Executing : def_port {board_rst_n} LOC=M15 VCCIO=1.8 IOSTANDARD=LVCMOS18 UNUSED=TRUE successfully
Executing : def_port {cmos1_pclk} LOC=T18 VCCIO=3.3 IOSTANDARD=LVCMOS33 NONE=TRUE
C: ConstraintEditor-2002: [C:/Users/DELL/Desktop/4.28_ROI_V2.1/04_camera_pcie_capture_40pin_fmc/project/device_map/image_pcie_capture.pcf(line number: 64)] | Port cmos1_pclk has been placed at location T18, whose type is share pin.
Executing : def_port {cmos1_pclk} LOC=T18 VCCIO=3.3 IOSTANDARD=LVCMOS33 NONE=TRUE successfully
Executing : def_port {cmos1_vsync} LOC=W17 VCCIO=3.3 IOSTANDARD=LVCMOS33 NONE=TRUE
C: ConstraintEditor-2002: [C:/Users/DELL/Desktop/4.28_ROI_V2.1/04_camera_pcie_capture_40pin_fmc/project/device_map/image_pcie_capture.pcf(line number: 65)] | Port cmos1_vsync has been placed at location W17, whose type is share pin.
Executing : def_port {cmos1_vsync} LOC=W17 VCCIO=3.3 IOSTANDARD=LVCMOS33 NONE=TRUE successfully
Executing : def_port {cmos2_data[0]} LOC=U17 VCCIO=3.3 IOSTANDARD=LVCMOS33 NONE=TRUE
C: ConstraintEditor-2002: [C:/Users/DELL/Desktop/4.28_ROI_V2.1/04_camera_pcie_capture_40pin_fmc/project/device_map/image_pcie_capture.pcf(line number: 66)] | Port cmos2_data[0] has been placed at location U17, whose type is share pin.
Executing : def_port {cmos2_data[0]} LOC=U17 VCCIO=3.3 IOSTANDARD=LVCMOS33 NONE=TRUE successfully
Executing : def_port {cmos2_data[1]} LOC=V20 VCCIO=3.3 IOSTANDARD=LVCMOS33 NONE=TRUE
Executing : def_port {cmos2_data[1]} LOC=V20 VCCIO=3.3 IOSTANDARD=LVCMOS33 NONE=TRUE successfully
Executing : def_port {cmos2_data[2]} LOC=R16 VCCIO=3.3 IOSTANDARD=LVCMOS33 NONE=TRUE
C: ConstraintEditor-2002: [C:/Users/DELL/Desktop/4.28_ROI_V2.1/04_camera_pcie_capture_40pin_fmc/project/device_map/image_pcie_capture.pcf(line number: 68)] | Port cmos2_data[2] has been placed at location R16, whose type is share pin.
Executing : def_port {cmos2_data[2]} LOC=R16 VCCIO=3.3 IOSTANDARD=LVCMOS33 NONE=TRUE successfully
Executing : def_port {cmos2_data[3]} LOC=P15 VCCIO=3.3 IOSTANDARD=LVCMOS33 NONE=TRUE
C: ConstraintEditor-2002: [C:/Users/DELL/Desktop/4.28_ROI_V2.1/04_camera_pcie_capture_40pin_fmc/project/device_map/image_pcie_capture.pcf(line number: 69)] | Port cmos2_data[3] has been placed at location P15, whose type is share pin.
Executing : def_port {cmos2_data[3]} LOC=P15 VCCIO=3.3 IOSTANDARD=LVCMOS33 NONE=TRUE successfully
Executing : def_port {cmos2_data[4]} LOC=W19 VCCIO=3.3 IOSTANDARD=LVCMOS33 NONE=TRUE
Executing : def_port {cmos2_data[4]} LOC=W19 VCCIO=3.3 IOSTANDARD=LVCMOS33 NONE=TRUE successfully
Executing : def_port {cmos2_data[5]} LOC=W20 VCCIO=3.3 IOSTANDARD=LVCMOS33 NONE=TRUE
Executing : def_port {cmos2_data[5]} LOC=W20 VCCIO=3.3 IOSTANDARD=LVCMOS33 NONE=TRUE successfully
Executing : def_port {cmos2_data[6]} LOC=P17 VCCIO=3.3 IOSTANDARD=LVCMOS18 NONE=TRUE
C: ConstraintEditor-2002: [C:/Users/DELL/Desktop/4.28_ROI_V2.1/04_camera_pcie_capture_40pin_fmc/project/device_map/image_pcie_capture.pcf(line number: 72)] | Port cmos2_data[6] has been placed at location P17, whose type is share pin.
Executing : def_port {cmos2_data[6]} LOC=P17 VCCIO=3.3 IOSTANDARD=LVCMOS18 NONE=TRUE successfully
Executing : def_port {cmos2_data[7]} LOC=AB18 VCCIO=3.3 IOSTANDARD=LVCMOS33 NONE=TRUE
C: ConstraintEditor-2002: [C:/Users/DELL/Desktop/4.28_ROI_V2.1/04_camera_pcie_capture_40pin_fmc/project/device_map/image_pcie_capture.pcf(line number: 73)] | Port cmos2_data[7] has been placed at location AB18, whose type is share pin.
Executing : def_port {cmos2_data[7]} LOC=AB18 VCCIO=3.3 IOSTANDARD=LVCMOS33 NONE=TRUE successfully
Executing : def_port {cmos2_href} LOC=U18 VCCIO=3.3 IOSTANDARD=LVCMOS33 NONE=TRUE
C: ConstraintEditor-2002: [C:/Users/DELL/Desktop/4.28_ROI_V2.1/04_camera_pcie_capture_40pin_fmc/project/device_map/image_pcie_capture.pcf(line number: 74)] | Port cmos2_href has been placed at location U18, whose type is share pin.
Executing : def_port {cmos2_href} LOC=U18 VCCIO=3.3 IOSTANDARD=LVCMOS33 NONE=TRUE successfully
Executing : def_port {cmos2_pclk} LOC=P16 VCCIO=3.3 IOSTANDARD=LVCMOS33 NONE=TRUE
C: ConstraintEditor-2002: [C:/Users/DELL/Desktop/4.28_ROI_V2.1/04_camera_pcie_capture_40pin_fmc/project/device_map/image_pcie_capture.pcf(line number: 75)] | Port cmos2_pclk has been placed at location P16, whose type is share pin.
Executing : def_port {cmos2_pclk} LOC=P16 VCCIO=3.3 IOSTANDARD=LVCMOS33 NONE=TRUE successfully
Executing : def_port {cmos2_vsync} LOC=R17 VCCIO=3.3 IOSTANDARD=LVCMOS33 NONE=TRUE
C: ConstraintEditor-2002: [C:/Users/DELL/Desktop/4.28_ROI_V2.1/04_camera_pcie_capture_40pin_fmc/project/device_map/image_pcie_capture.pcf(line number: 76)] | Port cmos2_vsync has been placed at location R17, whose type is share pin.
Executing : def_port {cmos2_vsync} LOC=R17 VCCIO=3.3 IOSTANDARD=LVCMOS33 NONE=TRUE successfully
Executing : def_port {cmos3_pclk} LOC=C18 VCCIO=3.3 IOSTANDARD=LVCMOS33 NONE=TRUE
Executing : def_port {cmos3_pclk} LOC=C18 VCCIO=3.3 IOSTANDARD=LVCMOS33 NONE=TRUE successfully
Executing : def_port {cmos3_vsync} LOC=A15 VCCIO=3.3 IOSTANDARD=LVCMOS33 NONE=TRUE
Executing : def_port {cmos3_vsync} LOC=A15 VCCIO=3.3 IOSTANDARD=LVCMOS33 NONE=TRUE successfully
Executing : def_port {free_clk} LOC=V4 VCCIO=1.5 IOSTANDARD=LVCMOS15 UNUSED=TRUE
Executing : def_port {free_clk} LOC=V4 VCCIO=1.5 IOSTANDARD=LVCMOS15 UNUSED=TRUE successfully
Executing : def_port {perst_n} LOC=M16 VCCIO=1.8 IOSTANDARD=LVCMOS18 NONE=TRUE
C: ConstraintEditor-2002: [C:/Users/DELL/Desktop/4.28_ROI_V2.1/04_camera_pcie_capture_40pin_fmc/project/device_map/image_pcie_capture.pcf(line number: 80)] | Port perst_n has been placed at location M16, whose type is share pin.
Executing : def_port {perst_n} LOC=M16 VCCIO=1.8 IOSTANDARD=LVCMOS18 NONE=TRUE successfully
Executing : def_port {ref_clk_n} LOC=E6
Executing : def_port {ref_clk_n} LOC=E6 successfully
Executing : def_port {ref_clk_p} LOC=F6
Executing : def_port {ref_clk_p} LOC=F6 successfully
Executing : def_inst_site {I_ips_ddr_top/u_ddrphy_top/ddrphy_reset_ctrl/ddrphy_ioclk_gate[0]/opit_0_inv} CLMA_285_54 FF3
Executing : def_inst_site {I_ips_ddr_top/u_ddrphy_top/ddrphy_reset_ctrl/ddrphy_ioclk_gate[0]/opit_0_inv} CLMA_285_54 FF3 successfully
Executing : def_inst_site {I_ips_ddr_top/u_ddrphy_top/ddrphy_reset_ctrl/ddrphy_ioclk_gate[1]/opit_0_inv} CLMA_285_360 FF3
Executing : def_inst_site {I_ips_ddr_top/u_ddrphy_top/ddrphy_reset_ctrl/ddrphy_ioclk_gate[1]/opit_0_inv} CLMA_285_360 FF3 successfully
Executing : def_inst_site {u_ips2l_pcie_wrap/U_IPS2L_PCIE_TOP/U_IPS2L_HSSTLP_PCIE_SOFT_PHY/x2.GTP_HSST_2LANE_TOP/U_GTP_HSSTLP_WRAPPER/CHANNEL0_ENABLE.U_GTP_HSSTLP_LANE0/gophsst} HSSTLP_364_918 U0_HSSTLP_LANE
Executing : def_inst_site {u_ips2l_pcie_wrap/U_IPS2L_PCIE_TOP/U_IPS2L_HSSTLP_PCIE_SOFT_PHY/x2.GTP_HSST_2LANE_TOP/U_GTP_HSSTLP_WRAPPER/CHANNEL0_ENABLE.U_GTP_HSSTLP_LANE0/gophsst} HSSTLP_364_918 U0_HSSTLP_LANE successfully
Executing : def_inst_site {u_ips2l_pcie_wrap/U_IPS2L_PCIE_TOP/U_IPS2L_HSSTLP_PCIE_SOFT_PHY/x2.GTP_HSST_2LANE_TOP/U_GTP_HSSTLP_WRAPPER/CHANNEL1_ENABLE.U_GTP_HSSTLP_LANE1/gophsst} HSSTLP_364_918 U1_HSSTLP_LANE
Executing : def_inst_site {u_ips2l_pcie_wrap/U_IPS2L_PCIE_TOP/U_IPS2L_HSSTLP_PCIE_SOFT_PHY/x2.GTP_HSST_2LANE_TOP/U_GTP_HSSTLP_WRAPPER/CHANNEL1_ENABLE.U_GTP_HSSTLP_LANE1/gophsst} HSSTLP_364_918 U1_HSSTLP_LANE successfully
Executing : def_inst_site {u_ips2l_pcie_wrap/U_IPS2L_PCIE_TOP/U_IPS2L_HSSTLP_PCIE_SOFT_PHY/x2.GTP_HSST_2LANE_TOP/U_GTP_HSSTLP_WRAPPER/PLL0_ENABLE.U_GTP_HSSTLP_PLL0/gophsst} HSSTLP_364_918 U0_HSSTLP_PLL
Executing : def_inst_site {u_ips2l_pcie_wrap/U_IPS2L_PCIE_TOP/U_IPS2L_HSSTLP_PCIE_SOFT_PHY/x2.GTP_HSST_2LANE_TOP/U_GTP_HSSTLP_WRAPPER/PLL0_ENABLE.U_GTP_HSSTLP_PLL0/gophsst} HSSTLP_364_918 U0_HSSTLP_PLL successfully
W: ConstraintEditor-4019: Port Bus 'cmos1_data' unspecified I/O constraint.
W: ConstraintEditor-4019: Port Bus 'cmos3_data' unspecified I/O constraint.
W: ConstraintEditor-4019: Port Bus 'rxn' unspecified I/O constraint.
W: ConstraintEditor-4019: Port Bus 'rxp' unspecified I/O constraint.
W: ConstraintEditor-4019: Port Bus 'txn' unspecified I/O constraint.
W: ConstraintEditor-4019: Port Bus 'txp' unspecified I/O constraint.
W: ConstraintEditor-4019: Port 'cmos1_href' unspecified I/O constraint.
W: ConstraintEditor-4019: Port 'cmos3_href' unspecified I/O constraint.
W: ConstraintEditor-4019: Port 'cmos_init_done[2]' unspecified I/O constraint.
W: ConstraintEditor-4019: Port 'uart_rxd' unspecified I/O constraint.
W: ConstraintEditor-4019: Port 'uart_txd' unspecified I/O constraint.
Constraint check end.
I: Column Clock Check open.
Read Column Clock Map.

Placement started.
Phase 1 Pre global placement started.
Mapping instance GRS_INST/grs_ccs to CCS_87_316.
Mapping instance u_ips2l_pcie_wrap/U_IPS2L_PCIE_TOP/U_IPS2L_PCIE_HARD_CTRL/u_gtp_pcie/gateop to PCIE_315_918.
Mapping instance I_ips_ddr_top/u_ddrphy_top/ddrphy_gpll/u_gpll/gpll_inst to GPLL_367_463.
Mapping instance I_ips_ddr_top/u_ddrphy_top/ddrphy_slice_top/i_dqs_bank[0].u_ddrphy_ioclkdiv/ddrphy_ioclk_div_inst to DDRPHY_IOCLK_DIV_368_310.
Mapping instance I_ips_ddr_top/u_ddrphy_top/ddrphy_slice_top/i_dqs_bank[0].ddrphy_ppll/u_ppll/ppll_inst to PPLL_367_307.
Mapping instance I_ips_ddr_top/u_ddrphy_top/ddrphy_slice_top/i_ca_group[0].u_ddc_ca/ddc_inst to DDR_PHY_369_465.
Mapping instance I_ips_ddr_top/u_ddrphy_top/ddrphy_slice_top/i_ca_group[1].u_ddc_ca/ddc_inst to DDR_PHY_369_463.
Mapping instance I_ips_ddr_top/u_ddrphy_top/ddrphy_slice_top/i_ca_group[2].u_ddc_ca/ddc_inst to DDR_PHY_369_309.
Mapping instance I_ips_ddr_top/u_ddrphy_top/ddrphy_slice_top/i_dqs_bank[1].u_ddrphy_ioclkdiv/ddrphy_ioclk_div_inst to DDRPHY_IOCLK_DIV_368_616.
Mapping instance I_ips_ddr_top/u_ddrphy_top/ddrphy_slice_top/i_dqs_bank[1].ddrphy_ppll/u_ppll/ppll_inst to PPLL_367_613.
Mapping instance I_ips_ddr_top/u_ddrphy_top/ddrphy_slice_top/i_dqs_group[0].ddrphy_data_slice/u_ddc_dq/ddc_inst_PHY to DDR_PHY_369_613.
Mapping instance I_ips_ddr_top/u_ddrphy_top/ddrphy_slice_top/i_dqs_group[1].ddrphy_data_slice/u_ddc_dq/ddc_inst_PHY to DDR_PHY_369_615.
Phase 1.1 1st GP placement started.
Design Utilization : 14%.
First map gop timing takes 2.97 sec
E: Memory alloc failed for size 3637728. Please clean up the memory and run again.
Program Error Out.
Action pnr: Real time elapsed is 0h:0m:26s
Action pnr: CPU time elapsed is 0h:0m:0s
Action pnr: Process CPU time elapsed is 0h:0m:24s
Current time: Wed Apr 29 16:41:10 2026
Action pnr: Peak memory pool usage is 1,091 MB
#Build: Fabric Compiler 2022.2-SP6.4, Build 146967, Jan 31 01:39 2024
#Install: F:\PDS_2022.2-SP6.4\bin
#Application name: pds_shell.exe
#OS: Windows 10 10.0.19045
#Hostname: DESKTOP-P0E5I2S
Generated by Fabric Compiler (version 2022.2-SP6.4 build 146967) at Wed Apr 29 16:45:40 2026
Compiling verification operator library.
Compiling common defs.
Compiling prim grid devices.
Compiling gate devices.
Compiling gate operators.
Building architecture model.
Loading device packaging model.
pnr strategy configuration : 
strategy name : 0
Building architecture floorplan logic view.
Constraint check start.
Executing : def_port {cmos1_scl} LOC=R14 VCCIO=3.3 IOSTANDARD=LVCMOS33 DRIVE=8 SLEW=SLOW NONE=TRUE
C: ConstraintEditor-2002: [C:/Users/DELL/Desktop/4.28_ROI_V2.1/04_camera_pcie_capture_40pin_fmc/project/device_map/image_pcie_capture.pcf(line number: 3)] | Port cmos1_scl has been placed at location R14, whose type is share pin.
Executing : def_port {cmos1_scl} LOC=R14 VCCIO=3.3 IOSTANDARD=LVCMOS33 DRIVE=8 SLEW=SLOW NONE=TRUE successfully
Executing : def_port {cmos1_sda} LOC=P14 VCCIO=3.3 IOSTANDARD=LVCMOS33 DRIVE=8 SLEW=SLOW NONE=TRUE
C: ConstraintEditor-2002: [C:/Users/DELL/Desktop/4.28_ROI_V2.1/04_camera_pcie_capture_40pin_fmc/project/device_map/image_pcie_capture.pcf(line number: 4)] | Port cmos1_sda has been placed at location P14, whose type is share pin.
Executing : def_port {cmos1_sda} LOC=P14 VCCIO=3.3 IOSTANDARD=LVCMOS33 DRIVE=8 SLEW=SLOW NONE=TRUE successfully
Executing : def_port {cmos2_scl} LOC=U20 VCCIO=3.3 IOSTANDARD=LVCMOS33 DRIVE=8 SLEW=SLOW NONE=TRUE
Executing : def_port {cmos2_scl} LOC=U20 VCCIO=3.3 IOSTANDARD=LVCMOS33 DRIVE=8 SLEW=SLOW NONE=TRUE successfully
Executing : def_port {cmos2_sda} LOC=N17 VCCIO=3.3 IOSTANDARD=LVCMOS33 DRIVE=8 SLEW=SLOW NONE=TRUE
Executing : def_port {cmos2_sda} LOC=N17 VCCIO=3.3 IOSTANDARD=LVCMOS33 DRIVE=8 SLEW=SLOW NONE=TRUE successfully
Executing : def_port {cmos3_scl} LOC=E14 VCCIO=3.3 IOSTANDARD=LVCMOS33 DRIVE=8 SLEW=SLOW NONE=TRUE
Executing : def_port {cmos3_scl} LOC=E14 VCCIO=3.3 IOSTANDARD=LVCMOS33 DRIVE=8 SLEW=SLOW NONE=TRUE successfully
Executing : def_port {cmos3_sda} LOC=F16 VCCIO=3.3 IOSTANDARD=LVCMOS33 DRIVE=8 SLEW=SLOW NONE=TRUE
Executing : def_port {cmos3_sda} LOC=F16 VCCIO=3.3 IOSTANDARD=LVCMOS33 DRIVE=8 SLEW=SLOW NONE=TRUE successfully
Executing : def_port {mem_dq[0]} LOC=P6 VCCIO=1.5 IOSTANDARD=SSTL15_I DRIVE=8.9 SLEW=FAST VREF_MODE=INT VREF_MODE_VALUE=0.5 DDR_TERM_MODE=ON UNUSED=TRUE
Executing : def_port {mem_dq[0]} LOC=P6 VCCIO=1.5 IOSTANDARD=SSTL15_I DRIVE=8.9 SLEW=FAST VREF_MODE=INT VREF_MODE_VALUE=0.5 DDR_TERM_MODE=ON UNUSED=TRUE successfully
Executing : def_port {mem_dq[1]} LOC=M5 VCCIO=1.5 IOSTANDARD=SSTL15_I DRIVE=8.9 SLEW=FAST VREF_MODE=INT VREF_MODE_VALUE=0.5 DDR_TERM_MODE=ON UNUSED=TRUE
Executing : def_port {mem_dq[1]} LOC=M5 VCCIO=1.5 IOSTANDARD=SSTL15_I DRIVE=8.9 SLEW=FAST VREF_MODE=INT VREF_MODE_VALUE=0.5 DDR_TERM_MODE=ON UNUSED=TRUE successfully
Executing : def_port {mem_dq[2]} LOC=M6 VCCIO=1.5 IOSTANDARD=SSTL15_I DRIVE=8.9 SLEW=FAST VREF_MODE=INT VREF_MODE_VALUE=0.5 DDR_TERM_MODE=ON UNUSED=TRUE
Executing : def_port {mem_dq[2]} LOC=M6 VCCIO=1.5 IOSTANDARD=SSTL15_I DRIVE=8.9 SLEW=FAST VREF_MODE=INT VREF_MODE_VALUE=0.5 DDR_TERM_MODE=ON UNUSED=TRUE successfully
Executing : def_port {mem_dq[3]} LOC=N2 VCCIO=1.5 IOSTANDARD=SSTL15_I DRIVE=8.9 SLEW=FAST VREF_MODE=INT VREF_MODE_VALUE=0.5 DDR_TERM_MODE=ON UNUSED=TRUE
Executing : def_port {mem_dq[3]} LOC=N2 VCCIO=1.5 IOSTANDARD=SSTL15_I DRIVE=8.9 SLEW=FAST VREF_MODE=INT VREF_MODE_VALUE=0.5 DDR_TERM_MODE=ON UNUSED=TRUE successfully
Executing : def_port {mem_dq[4]} LOC=P2 VCCIO=1.5 IOSTANDARD=SSTL15_I DRIVE=8.9 SLEW=FAST VREF_MODE=INT VREF_MODE_VALUE=0.5 DDR_TERM_MODE=ON UNUSED=TRUE
Executing : def_port {mem_dq[4]} LOC=P2 VCCIO=1.5 IOSTANDARD=SSTL15_I DRIVE=8.9 SLEW=FAST VREF_MODE=INT VREF_MODE_VALUE=0.5 DDR_TERM_MODE=ON UNUSED=TRUE successfully
Executing : def_port {mem_dq[5]} LOC=P1 VCCIO=1.5 IOSTANDARD=SSTL15_I DRIVE=8.9 SLEW=FAST VREF_MODE=INT VREF_MODE_VALUE=0.5 DDR_TERM_MODE=ON UNUSED=TRUE
Executing : def_port {mem_dq[5]} LOC=P1 VCCIO=1.5 IOSTANDARD=SSTL15_I DRIVE=8.9 SLEW=FAST VREF_MODE=INT VREF_MODE_VALUE=0.5 DDR_TERM_MODE=ON UNUSED=TRUE successfully
Executing : def_port {mem_dq[6]} LOC=R1 VCCIO=1.5 IOSTANDARD=SSTL15_I DRIVE=8.9 SLEW=FAST VREF_MODE=INT VREF_MODE_VALUE=0.5 DDR_TERM_MODE=ON UNUSED=TRUE
Executing : def_port {mem_dq[6]} LOC=R1 VCCIO=1.5 IOSTANDARD=SSTL15_I DRIVE=8.9 SLEW=FAST VREF_MODE=INT VREF_MODE_VALUE=0.5 DDR_TERM_MODE=ON UNUSED=TRUE successfully
Executing : def_port {mem_dq[7]} LOC=N4 VCCIO=1.5 IOSTANDARD=SSTL15_I DRIVE=8.9 SLEW=FAST VREF_MODE=INT VREF_MODE_VALUE=0.5 DDR_TERM_MODE=ON UNUSED=TRUE
Executing : def_port {mem_dq[7]} LOC=N4 VCCIO=1.5 IOSTANDARD=SSTL15_I DRIVE=8.9 SLEW=FAST VREF_MODE=INT VREF_MODE_VALUE=0.5 DDR_TERM_MODE=ON UNUSED=TRUE successfully
Executing : def_port {mem_dq[8]} LOC=J6 VCCIO=1.5 IOSTANDARD=SSTL15_I DRIVE=8.9 SLEW=FAST VREF_MODE=INT VREF_MODE_VALUE=0.5 DDR_TERM_MODE=ON UNUSED=TRUE
Executing : def_port {mem_dq[8]} LOC=J6 VCCIO=1.5 IOSTANDARD=SSTL15_I DRIVE=8.9 SLEW=FAST VREF_MODE=INT VREF_MODE_VALUE=0.5 DDR_TERM_MODE=ON UNUSED=TRUE successfully
Executing : def_port {mem_dq[9]} LOC=K6 VCCIO=1.5 IOSTANDARD=SSTL15_I DRIVE=8.9 SLEW=FAST VREF_MODE=INT VREF_MODE_VALUE=0.5 DDR_TERM_MODE=ON UNUSED=TRUE
Executing : def_port {mem_dq[9]} LOC=K6 VCCIO=1.5 IOSTANDARD=SSTL15_I DRIVE=8.9 SLEW=FAST VREF_MODE=INT VREF_MODE_VALUE=0.5 DDR_TERM_MODE=ON UNUSED=TRUE successfully
Executing : def_port {mem_dq[10]} LOC=M2 VCCIO=1.5 IOSTANDARD=SSTL15_I DRIVE=8.9 SLEW=FAST VREF_MODE=INT VREF_MODE_VALUE=0.5 DDR_TERM_MODE=ON UNUSED=TRUE
Executing : def_port {mem_dq[10]} LOC=M2 VCCIO=1.5 IOSTANDARD=SSTL15_I DRIVE=8.9 SLEW=FAST VREF_MODE=INT VREF_MODE_VALUE=0.5 DDR_TERM_MODE=ON UNUSED=TRUE successfully
Executing : def_port {mem_dq[11]} LOC=M3 VCCIO=1.5 IOSTANDARD=SSTL15_I DRIVE=8.9 SLEW=FAST VREF_MODE=INT VREF_MODE_VALUE=0.5 DDR_TERM_MODE=ON UNUSED=TRUE
Executing : def_port {mem_dq[11]} LOC=M3 VCCIO=1.5 IOSTANDARD=SSTL15_I DRIVE=8.9 SLEW=FAST VREF_MODE=INT VREF_MODE_VALUE=0.5 DDR_TERM_MODE=ON UNUSED=TRUE successfully
Executing : def_port {mem_dq[12]} LOC=K3 VCCIO=1.5 IOSTANDARD=SSTL15_I DRIVE=8.9 SLEW=FAST VREF_MODE=INT VREF_MODE_VALUE=0.5 DDR_TERM_MODE=ON UNUSED=TRUE
Executing : def_port {mem_dq[12]} LOC=K3 VCCIO=1.5 IOSTANDARD=SSTL15_I DRIVE=8.9 SLEW=FAST VREF_MODE=INT VREF_MODE_VALUE=0.5 DDR_TERM_MODE=ON UNUSED=TRUE successfully
Executing : def_port {mem_dq[13]} LOC=L3 VCCIO=1.5 IOSTANDARD=SSTL15_I DRIVE=8.9 SLEW=FAST VREF_MODE=INT VREF_MODE_VALUE=0.5 DDR_TERM_MODE=ON UNUSED=TRUE
Executing : def_port {mem_dq[13]} LOC=L3 VCCIO=1.5 IOSTANDARD=SSTL15_I DRIVE=8.9 SLEW=FAST VREF_MODE=INT VREF_MODE_VALUE=0.5 DDR_TERM_MODE=ON UNUSED=TRUE successfully
Executing : def_port {mem_dq[14]} LOC=J4 VCCIO=1.5 IOSTANDARD=SSTL15_I DRIVE=8.9 SLEW=FAST VREF_MODE=INT VREF_MODE_VALUE=0.5 DDR_TERM_MODE=ON UNUSED=TRUE
Executing : def_port {mem_dq[14]} LOC=J4 VCCIO=1.5 IOSTANDARD=SSTL15_I DRIVE=8.9 SLEW=FAST VREF_MODE=INT VREF_MODE_VALUE=0.5 DDR_TERM_MODE=ON UNUSED=TRUE successfully
Executing : def_port {mem_dq[15]} LOC=K4 VCCIO=1.5 IOSTANDARD=SSTL15_I DRIVE=8.9 SLEW=FAST VREF_MODE=INT VREF_MODE_VALUE=0.5 DDR_TERM_MODE=ON UNUSED=TRUE
Executing : def_port {mem_dq[15]} LOC=K4 VCCIO=1.5 IOSTANDARD=SSTL15_I DRIVE=8.9 SLEW=FAST VREF_MODE=INT VREF_MODE_VALUE=0.5 DDR_TERM_MODE=ON UNUSED=TRUE successfully
Executing : def_port {mem_dqs[0]} LOC=P5 VCCIO=1.5 IOSTANDARD=SSTL15D_I DRIVE=8.9 SLEW=FAST VREF_MODE=INT VREF_MODE_VALUE=0.5 DDR_TERM_MODE=ON DDR_RES=60 CP_DYN_TERM=ON UNUSED=TRUE
Executing : def_port {mem_dqs[0]} LOC=P5 VCCIO=1.5 IOSTANDARD=SSTL15D_I DRIVE=8.9 SLEW=FAST VREF_MODE=INT VREF_MODE_VALUE=0.5 DDR_TERM_MODE=ON DDR_RES=60 CP_DYN_TERM=ON UNUSED=TRUE successfully
Executing : def_port {mem_dqs[1]} LOC=M1 VCCIO=1.5 IOSTANDARD=SSTL15D_I DRIVE=8.9 SLEW=FAST VREF_MODE=INT VREF_MODE_VALUE=0.5 DDR_TERM_MODE=ON DDR_RES=60 CP_DYN_TERM=ON UNUSED=TRUE
Executing : def_port {mem_dqs[1]} LOC=M1 VCCIO=1.5 IOSTANDARD=SSTL15D_I DRIVE=8.9 SLEW=FAST VREF_MODE=INT VREF_MODE_VALUE=0.5 DDR_TERM_MODE=ON DDR_RES=60 CP_DYN_TERM=ON UNUSED=TRUE successfully
Executing : def_port {mem_dqs_n[0]} LOC=P4 VCCIO=1.5 IOSTANDARD=SSTL15D_I DRIVE=8.9 SLEW=FAST VREF_MODE=INT VREF_MODE_VALUE=0.5 DDR_TERM_MODE=ON DDR_RES=60 CP_DYN_TERM=ON UNUSED=TRUE
Executing : def_port {mem_dqs_n[0]} LOC=P4 VCCIO=1.5 IOSTANDARD=SSTL15D_I DRIVE=8.9 SLEW=FAST VREF_MODE=INT VREF_MODE_VALUE=0.5 DDR_TERM_MODE=ON DDR_RES=60 CP_DYN_TERM=ON UNUSED=TRUE successfully
Executing : def_port {mem_dqs_n[1]} LOC=L1 VCCIO=1.5 IOSTANDARD=SSTL15D_I DRIVE=8.9 SLEW=FAST VREF_MODE=INT VREF_MODE_VALUE=0.5 DDR_TERM_MODE=ON DDR_RES=60 CP_DYN_TERM=ON UNUSED=TRUE
Executing : def_port {mem_dqs_n[1]} LOC=L1 VCCIO=1.5 IOSTANDARD=SSTL15D_I DRIVE=8.9 SLEW=FAST VREF_MODE=INT VREF_MODE_VALUE=0.5 DDR_TERM_MODE=ON DDR_RES=60 CP_DYN_TERM=ON UNUSED=TRUE successfully
Executing : def_port {cmos1_reset} LOC=V18 VCCIO=3.3 IOSTANDARD=LVCMOS33 DRIVE=8 SLEW=SLOW NONE=TRUE
Executing : def_port {cmos1_reset} LOC=V18 VCCIO=3.3 IOSTANDARD=LVCMOS33 DRIVE=8 SLEW=SLOW NONE=TRUE successfully
Executing : def_port {cmos2_reset} LOC=AA21 VCCIO=3.3 IOSTANDARD=LVCMOS33 DRIVE=8 SLEW=SLOW NONE=TRUE
C: ConstraintEditor-2002: [C:/Users/DELL/Desktop/4.28_ROI_V2.1/04_camera_pcie_capture_40pin_fmc/project/device_map/image_pcie_capture.pcf(line number: 30)] | Port cmos2_reset has been placed at location AA21, whose type is share pin.
Executing : def_port {cmos2_reset} LOC=AA21 VCCIO=3.3 IOSTANDARD=LVCMOS33 DRIVE=8 SLEW=SLOW NONE=TRUE successfully
Executing : def_port {cmos3_reset} LOC=B13 VCCIO=3.3 IOSTANDARD=LVCMOS33 DRIVE=8 SLEW=SLOW NONE=TRUE
Executing : def_port {cmos3_reset} LOC=B13 VCCIO=3.3 IOSTANDARD=LVCMOS33 DRIVE=8 SLEW=SLOW NONE=TRUE successfully
Executing : def_port {cmos_init_done[0]} LOC=M17 VCCIO=1.8 IOSTANDARD=LVCMOS18 DRIVE=4 SLEW=FAST NONE=TRUE
Executing : def_port {cmos_init_done[0]} LOC=M17 VCCIO=1.8 IOSTANDARD=LVCMOS18 DRIVE=4 SLEW=FAST NONE=TRUE successfully
Executing : def_port {cmos_init_done[1]} LOC=J16 VCCIO=1.8 IOSTANDARD=LVCMOS18 DRIVE=4 SLEW=FAST NONE=TRUE
Executing : def_port {cmos_init_done[1]} LOC=J16 VCCIO=1.8 IOSTANDARD=LVCMOS18 DRIVE=4 SLEW=FAST NONE=TRUE successfully
Executing : def_port {mem_a[0]} LOC=T1 VCCIO=1.5 IOSTANDARD=SSTL15_I DRIVE=8.9 SLEW=FAST UNUSED=TRUE
Executing : def_port {mem_a[0]} LOC=T1 VCCIO=1.5 IOSTANDARD=SSTL15_I DRIVE=8.9 SLEW=FAST UNUSED=TRUE successfully
Executing : def_port {mem_a[1]} LOC=U1 VCCIO=1.5 IOSTANDARD=SSTL15_I DRIVE=8.9 SLEW=FAST UNUSED=TRUE
Executing : def_port {mem_a[1]} LOC=U1 VCCIO=1.5 IOSTANDARD=SSTL15_I DRIVE=8.9 SLEW=FAST UNUSED=TRUE successfully
Executing : def_port {mem_a[2]} LOC=U2 VCCIO=1.5 IOSTANDARD=SSTL15_I DRIVE=8.9 SLEW=FAST UNUSED=TRUE
Executing : def_port {mem_a[2]} LOC=U2 VCCIO=1.5 IOSTANDARD=SSTL15_I DRIVE=8.9 SLEW=FAST UNUSED=TRUE successfully
Executing : def_port {mem_a[3]} LOC=V2 VCCIO=1.5 IOSTANDARD=SSTL15_I DRIVE=8.9 SLEW=FAST UNUSED=TRUE
Executing : def_port {mem_a[3]} LOC=V2 VCCIO=1.5 IOSTANDARD=SSTL15_I DRIVE=8.9 SLEW=FAST UNUSED=TRUE successfully
Executing : def_port {mem_a[4]} LOC=R3 VCCIO=1.5 IOSTANDARD=SSTL15_I DRIVE=8.9 SLEW=FAST UNUSED=TRUE
Executing : def_port {mem_a[4]} LOC=R3 VCCIO=1.5 IOSTANDARD=SSTL15_I DRIVE=8.9 SLEW=FAST UNUSED=TRUE successfully
Executing : def_port {mem_a[5]} LOC=R2 VCCIO=1.5 IOSTANDARD=SSTL15_I DRIVE=8.9 SLEW=FAST UNUSED=TRUE
Executing : def_port {mem_a[5]} LOC=R2 VCCIO=1.5 IOSTANDARD=SSTL15_I DRIVE=8.9 SLEW=FAST UNUSED=TRUE successfully
Executing : def_port {mem_a[6]} LOC=W2 VCCIO=1.5 IOSTANDARD=SSTL15_I DRIVE=8.9 SLEW=FAST UNUSED=TRUE
Executing : def_port {mem_a[6]} LOC=W2 VCCIO=1.5 IOSTANDARD=SSTL15_I DRIVE=8.9 SLEW=FAST UNUSED=TRUE successfully
Executing : def_port {mem_a[7]} LOC=Y2 VCCIO=1.5 IOSTANDARD=SSTL15_I DRIVE=8.9 SLEW=FAST UNUSED=TRUE
Executing : def_port {mem_a[7]} LOC=Y2 VCCIO=1.5 IOSTANDARD=SSTL15_I DRIVE=8.9 SLEW=FAST UNUSED=TRUE successfully
Executing : def_port {mem_a[8]} LOC=W1 VCCIO=1.5 IOSTANDARD=SSTL15_I DRIVE=8.9 SLEW=FAST UNUSED=TRUE
Executing : def_port {mem_a[8]} LOC=W1 VCCIO=1.5 IOSTANDARD=SSTL15_I DRIVE=8.9 SLEW=FAST UNUSED=TRUE successfully
Executing : def_port {mem_a[9]} LOC=Y1 VCCIO=1.5 IOSTANDARD=SSTL15_I DRIVE=8.9 SLEW=FAST UNUSED=TRUE
Executing : def_port {mem_a[9]} LOC=Y1 VCCIO=1.5 IOSTANDARD=SSTL15_I DRIVE=8.9 SLEW=FAST UNUSED=TRUE successfully
Executing : def_port {mem_a[10]} LOC=U3 VCCIO=1.5 IOSTANDARD=SSTL15_I DRIVE=8.9 SLEW=FAST UNUSED=TRUE
Executing : def_port {mem_a[10]} LOC=U3 VCCIO=1.5 IOSTANDARD=SSTL15_I DRIVE=8.9 SLEW=FAST UNUSED=TRUE successfully
Executing : def_port {mem_a[11]} LOC=AA1 VCCIO=1.5 IOSTANDARD=SSTL15_I DRIVE=8.9 SLEW=FAST UNUSED=TRUE
Executing : def_port {mem_a[11]} LOC=AA1 VCCIO=1.5 IOSTANDARD=SSTL15_I DRIVE=8.9 SLEW=FAST UNUSED=TRUE successfully
Executing : def_port {mem_a[12]} LOC=AB1 VCCIO=1.5 IOSTANDARD=SSTL15_I DRIVE=8.9 SLEW=FAST UNUSED=TRUE
Executing : def_port {mem_a[12]} LOC=AB1 VCCIO=1.5 IOSTANDARD=SSTL15_I DRIVE=8.9 SLEW=FAST UNUSED=TRUE successfully
Executing : def_port {mem_a[13]} LOC=AB3 VCCIO=1.5 IOSTANDARD=SSTL15_I DRIVE=8.9 SLEW=FAST UNUSED=TRUE
Executing : def_port {mem_a[13]} LOC=AB3 VCCIO=1.5 IOSTANDARD=SSTL15_I DRIVE=8.9 SLEW=FAST UNUSED=TRUE successfully
Executing : def_port {mem_a[14]} LOC=AB2 VCCIO=1.5 IOSTANDARD=SSTL15_I DRIVE=8.9 SLEW=FAST UNUSED=TRUE
Executing : def_port {mem_a[14]} LOC=AB2 VCCIO=1.5 IOSTANDARD=SSTL15_I DRIVE=8.9 SLEW=FAST UNUSED=TRUE successfully
Executing : def_port {mem_ba[0]} LOC=AA3 VCCIO=1.5 IOSTANDARD=SSTL15_I DRIVE=8.9 SLEW=FAST UNUSED=TRUE
Executing : def_port {mem_ba[0]} LOC=AA3 VCCIO=1.5 IOSTANDARD=SSTL15_I DRIVE=8.9 SLEW=FAST UNUSED=TRUE successfully
Executing : def_port {mem_ba[1]} LOC=AA5 VCCIO=1.5 IOSTANDARD=SSTL15_I DRIVE=8.9 SLEW=FAST UNUSED=TRUE
Executing : def_port {mem_ba[1]} LOC=AA5 VCCIO=1.5 IOSTANDARD=SSTL15_I DRIVE=8.9 SLEW=FAST UNUSED=TRUE successfully
Executing : def_port {mem_ba[2]} LOC=AB5 VCCIO=1.5 IOSTANDARD=SSTL15_I DRIVE=8.9 SLEW=FAST UNUSED=TRUE
Executing : def_port {mem_ba[2]} LOC=AB5 VCCIO=1.5 IOSTANDARD=SSTL15_I DRIVE=8.9 SLEW=FAST UNUSED=TRUE successfully
Executing : def_port {mem_cas_n} LOC=U6 VCCIO=1.5 IOSTANDARD=SSTL15_I DRIVE=8.9 SLEW=FAST UNUSED=TRUE
Executing : def_port {mem_cas_n} LOC=U6 VCCIO=1.5 IOSTANDARD=SSTL15_I DRIVE=8.9 SLEW=FAST UNUSED=TRUE successfully
Executing : def_port {mem_ck} LOC=Y4 VCCIO=1.5 IOSTANDARD=SSTL15D_I DRIVE=8.9 SLEW=FAST UNUSED=TRUE
Executing : def_port {mem_ck} LOC=Y4 VCCIO=1.5 IOSTANDARD=SSTL15D_I DRIVE=8.9 SLEW=FAST UNUSED=TRUE successfully
Executing : def_port {mem_ck_n} LOC=AA4 VCCIO=1.5 IOSTANDARD=SSTL15D_I DRIVE=8.9 SLEW=FAST UNUSED=TRUE
Executing : def_port {mem_ck_n} LOC=AA4 VCCIO=1.5 IOSTANDARD=SSTL15D_I DRIVE=8.9 SLEW=FAST UNUSED=TRUE successfully
Executing : def_port {mem_cke} LOC=W4 VCCIO=1.5 IOSTANDARD=SSTL15_I DRIVE=8.9 SLEW=FAST UNUSED=TRUE
Executing : def_port {mem_cke} LOC=W4 VCCIO=1.5 IOSTANDARD=SSTL15_I DRIVE=8.9 SLEW=FAST UNUSED=TRUE successfully
Executing : def_port {mem_cs_n} LOC=V5 VCCIO=1.5 IOSTANDARD=SSTL15_I DRIVE=8.9 SLEW=FAST UNUSED=TRUE
Executing : def_port {mem_cs_n} LOC=V5 VCCIO=1.5 IOSTANDARD=SSTL15_I DRIVE=8.9 SLEW=FAST UNUSED=TRUE successfully
Executing : def_port {mem_dm[0]} LOC=N5 VCCIO=1.5 IOSTANDARD=SSTL15_I DRIVE=8.9 SLEW=FAST UNUSED=TRUE
Executing : def_port {mem_dm[0]} LOC=N5 VCCIO=1.5 IOSTANDARD=SSTL15_I DRIVE=8.9 SLEW=FAST UNUSED=TRUE successfully
Executing : def_port {mem_dm[1]} LOC=L5 VCCIO=1.5 IOSTANDARD=SSTL15_I DRIVE=8.9 SLEW=FAST UNUSED=TRUE
Executing : def_port {mem_dm[1]} LOC=L5 VCCIO=1.5 IOSTANDARD=SSTL15_I DRIVE=8.9 SLEW=FAST UNUSED=TRUE successfully
Executing : def_port {mem_odt} LOC=R6 VCCIO=1.5 IOSTANDARD=SSTL15_I DRIVE=8.9 SLEW=FAST UNUSED=TRUE
Executing : def_port {mem_odt} LOC=R6 VCCIO=1.5 IOSTANDARD=SSTL15_I DRIVE=8.9 SLEW=FAST UNUSED=TRUE successfully
Executing : def_port {mem_ras_n} LOC=W5 VCCIO=1.5 IOSTANDARD=SSTL15_I DRIVE=8.9 SLEW=FAST UNUSED=TRUE
Executing : def_port {mem_ras_n} LOC=W5 VCCIO=1.5 IOSTANDARD=SSTL15_I DRIVE=8.9 SLEW=FAST UNUSED=TRUE successfully
Executing : def_port {mem_rst_n} LOC=T3 VCCIO=1.5 IOSTANDARD=SSTL15_I DRIVE=8.9 SLEW=FAST UNUSED=TRUE
Executing : def_port {mem_rst_n} LOC=T3 VCCIO=1.5 IOSTANDARD=SSTL15_I DRIVE=8.9 SLEW=FAST UNUSED=TRUE successfully
Executing : def_port {mem_we_n} LOC=W6 VCCIO=1.5 IOSTANDARD=SSTL15_I DRIVE=8.9 SLEW=FAST UNUSED=TRUE
Executing : def_port {mem_we_n} LOC=W6 VCCIO=1.5 IOSTANDARD=SSTL15_I DRIVE=8.9 SLEW=FAST UNUSED=TRUE successfully
Executing : def_port {board_rst_n} LOC=M15 VCCIO=1.8 IOSTANDARD=LVCMOS18 UNUSED=TRUE
C: ConstraintEditor-2002: [C:/Users/DELL/Desktop/4.28_ROI_V2.1/04_camera_pcie_capture_40pin_fmc/project/device_map/image_pcie_capture.pcf(line number: 63)] | Port board_rst_n has been placed at location M15, whose type is share pin.
Executing : def_port {board_rst_n} LOC=M15 VCCIO=1.8 IOSTANDARD=LVCMOS18 UNUSED=TRUE successfully
Executing : def_port {cmos1_pclk} LOC=T18 VCCIO=3.3 IOSTANDARD=LVCMOS33 NONE=TRUE
C: ConstraintEditor-2002: [C:/Users/DELL/Desktop/4.28_ROI_V2.1/04_camera_pcie_capture_40pin_fmc/project/device_map/image_pcie_capture.pcf(line number: 64)] | Port cmos1_pclk has been placed at location T18, whose type is share pin.
Executing : def_port {cmos1_pclk} LOC=T18 VCCIO=3.3 IOSTANDARD=LVCMOS33 NONE=TRUE successfully
Executing : def_port {cmos1_vsync} LOC=W17 VCCIO=3.3 IOSTANDARD=LVCMOS33 NONE=TRUE
C: ConstraintEditor-2002: [C:/Users/DELL/Desktop/4.28_ROI_V2.1/04_camera_pcie_capture_40pin_fmc/project/device_map/image_pcie_capture.pcf(line number: 65)] | Port cmos1_vsync has been placed at location W17, whose type is share pin.
Executing : def_port {cmos1_vsync} LOC=W17 VCCIO=3.3 IOSTANDARD=LVCMOS33 NONE=TRUE successfully
Executing : def_port {cmos2_data[0]} LOC=U17 VCCIO=3.3 IOSTANDARD=LVCMOS33 NONE=TRUE
C: ConstraintEditor-2002: [C:/Users/DELL/Desktop/4.28_ROI_V2.1/04_camera_pcie_capture_40pin_fmc/project/device_map/image_pcie_capture.pcf(line number: 66)] | Port cmos2_data[0] has been placed at location U17, whose type is share pin.
Executing : def_port {cmos2_data[0]} LOC=U17 VCCIO=3.3 IOSTANDARD=LVCMOS33 NONE=TRUE successfully
Executing : def_port {cmos2_data[1]} LOC=V20 VCCIO=3.3 IOSTANDARD=LVCMOS33 NONE=TRUE
Executing : def_port {cmos2_data[1]} LOC=V20 VCCIO=3.3 IOSTANDARD=LVCMOS33 NONE=TRUE successfully
Executing : def_port {cmos2_data[2]} LOC=R16 VCCIO=3.3 IOSTANDARD=LVCMOS33 NONE=TRUE
C: ConstraintEditor-2002: [C:/Users/DELL/Desktop/4.28_ROI_V2.1/04_camera_pcie_capture_40pin_fmc/project/device_map/image_pcie_capture.pcf(line number: 68)] | Port cmos2_data[2] has been placed at location R16, whose type is share pin.
Executing : def_port {cmos2_data[2]} LOC=R16 VCCIO=3.3 IOSTANDARD=LVCMOS33 NONE=TRUE successfully
Executing : def_port {cmos2_data[3]} LOC=P15 VCCIO=3.3 IOSTANDARD=LVCMOS33 NONE=TRUE
C: ConstraintEditor-2002: [C:/Users/DELL/Desktop/4.28_ROI_V2.1/04_camera_pcie_capture_40pin_fmc/project/device_map/image_pcie_capture.pcf(line number: 69)] | Port cmos2_data[3] has been placed at location P15, whose type is share pin.
Executing : def_port {cmos2_data[3]} LOC=P15 VCCIO=3.3 IOSTANDARD=LVCMOS33 NONE=TRUE successfully
Executing : def_port {cmos2_data[4]} LOC=W19 VCCIO=3.3 IOSTANDARD=LVCMOS33 NONE=TRUE
Executing : def_port {cmos2_data[4]} LOC=W19 VCCIO=3.3 IOSTANDARD=LVCMOS33 NONE=TRUE successfully
Executing : def_port {cmos2_data[5]} LOC=W20 VCCIO=3.3 IOSTANDARD=LVCMOS33 NONE=TRUE
Executing : def_port {cmos2_data[5]} LOC=W20 VCCIO=3.3 IOSTANDARD=LVCMOS33 NONE=TRUE successfully
Executing : def_port {cmos2_data[6]} LOC=P17 VCCIO=3.3 IOSTANDARD=LVCMOS18 NONE=TRUE
C: ConstraintEditor-2002: [C:/Users/DELL/Desktop/4.28_ROI_V2.1/04_camera_pcie_capture_40pin_fmc/project/device_map/image_pcie_capture.pcf(line number: 72)] | Port cmos2_data[6] has been placed at location P17, whose type is share pin.
Executing : def_port {cmos2_data[6]} LOC=P17 VCCIO=3.3 IOSTANDARD=LVCMOS18 NONE=TRUE successfully
Executing : def_port {cmos2_data[7]} LOC=AB18 VCCIO=3.3 IOSTANDARD=LVCMOS33 NONE=TRUE
C: ConstraintEditor-2002: [C:/Users/DELL/Desktop/4.28_ROI_V2.1/04_camera_pcie_capture_40pin_fmc/project/device_map/image_pcie_capture.pcf(line number: 73)] | Port cmos2_data[7] has been placed at location AB18, whose type is share pin.
Executing : def_port {cmos2_data[7]} LOC=AB18 VCCIO=3.3 IOSTANDARD=LVCMOS33 NONE=TRUE successfully
Executing : def_port {cmos2_href} LOC=U18 VCCIO=3.3 IOSTANDARD=LVCMOS33 NONE=TRUE
C: ConstraintEditor-2002: [C:/Users/DELL/Desktop/4.28_ROI_V2.1/04_camera_pcie_capture_40pin_fmc/project/device_map/image_pcie_capture.pcf(line number: 74)] | Port cmos2_href has been placed at location U18, whose type is share pin.
Executing : def_port {cmos2_href} LOC=U18 VCCIO=3.3 IOSTANDARD=LVCMOS33 NONE=TRUE successfully
Executing : def_port {cmos2_pclk} LOC=P16 VCCIO=3.3 IOSTANDARD=LVCMOS33 NONE=TRUE
C: ConstraintEditor-2002: [C:/Users/DELL/Desktop/4.28_ROI_V2.1/04_camera_pcie_capture_40pin_fmc/project/device_map/image_pcie_capture.pcf(line number: 75)] | Port cmos2_pclk has been placed at location P16, whose type is share pin.
Executing : def_port {cmos2_pclk} LOC=P16 VCCIO=3.3 IOSTANDARD=LVCMOS33 NONE=TRUE successfully
Executing : def_port {cmos2_vsync} LOC=R17 VCCIO=3.3 IOSTANDARD=LVCMOS33 NONE=TRUE
C: ConstraintEditor-2002: [C:/Users/DELL/Desktop/4.28_ROI_V2.1/04_camera_pcie_capture_40pin_fmc/project/device_map/image_pcie_capture.pcf(line number: 76)] | Port cmos2_vsync has been placed at location R17, whose type is share pin.
Executing : def_port {cmos2_vsync} LOC=R17 VCCIO=3.3 IOSTANDARD=LVCMOS33 NONE=TRUE successfully
Executing : def_port {cmos3_pclk} LOC=C18 VCCIO=3.3 IOSTANDARD=LVCMOS33 NONE=TRUE
Executing : def_port {cmos3_pclk} LOC=C18 VCCIO=3.3 IOSTANDARD=LVCMOS33 NONE=TRUE successfully
Executing : def_port {cmos3_vsync} LOC=A15 VCCIO=3.3 IOSTANDARD=LVCMOS33 NONE=TRUE
Executing : def_port {cmos3_vsync} LOC=A15 VCCIO=3.3 IOSTANDARD=LVCMOS33 NONE=TRUE successfully
Executing : def_port {free_clk} LOC=V4 VCCIO=1.5 IOSTANDARD=LVCMOS15 UNUSED=TRUE
Executing : def_port {free_clk} LOC=V4 VCCIO=1.5 IOSTANDARD=LVCMOS15 UNUSED=TRUE successfully
Executing : def_port {perst_n} LOC=M16 VCCIO=1.8 IOSTANDARD=LVCMOS18 NONE=TRUE
C: ConstraintEditor-2002: [C:/Users/DELL/Desktop/4.28_ROI_V2.1/04_camera_pcie_capture_40pin_fmc/project/device_map/image_pcie_capture.pcf(line number: 80)] | Port perst_n has been placed at location M16, whose type is share pin.
Executing : def_port {perst_n} LOC=M16 VCCIO=1.8 IOSTANDARD=LVCMOS18 NONE=TRUE successfully
Executing : def_port {ref_clk_n} LOC=E6
Executing : def_port {ref_clk_n} LOC=E6 successfully
Executing : def_port {ref_clk_p} LOC=F6
Executing : def_port {ref_clk_p} LOC=F6 successfully
Executing : def_inst_site {I_ips_ddr_top/u_ddrphy_top/ddrphy_reset_ctrl/ddrphy_ioclk_gate[0]/opit_0_inv} CLMA_285_54 FF3
Executing : def_inst_site {I_ips_ddr_top/u_ddrphy_top/ddrphy_reset_ctrl/ddrphy_ioclk_gate[0]/opit_0_inv} CLMA_285_54 FF3 successfully
Executing : def_inst_site {I_ips_ddr_top/u_ddrphy_top/ddrphy_reset_ctrl/ddrphy_ioclk_gate[1]/opit_0_inv} CLMA_285_360 FF3
Executing : def_inst_site {I_ips_ddr_top/u_ddrphy_top/ddrphy_reset_ctrl/ddrphy_ioclk_gate[1]/opit_0_inv} CLMA_285_360 FF3 successfully
Executing : def_inst_site {u_ips2l_pcie_wrap/U_IPS2L_PCIE_TOP/U_IPS2L_HSSTLP_PCIE_SOFT_PHY/x2.GTP_HSST_2LANE_TOP/U_GTP_HSSTLP_WRAPPER/CHANNEL0_ENABLE.U_GTP_HSSTLP_LANE0/gophsst} HSSTLP_364_918 U0_HSSTLP_LANE
Executing : def_inst_site {u_ips2l_pcie_wrap/U_IPS2L_PCIE_TOP/U_IPS2L_HSSTLP_PCIE_SOFT_PHY/x2.GTP_HSST_2LANE_TOP/U_GTP_HSSTLP_WRAPPER/CHANNEL0_ENABLE.U_GTP_HSSTLP_LANE0/gophsst} HSSTLP_364_918 U0_HSSTLP_LANE successfully
Executing : def_inst_site {u_ips2l_pcie_wrap/U_IPS2L_PCIE_TOP/U_IPS2L_HSSTLP_PCIE_SOFT_PHY/x2.GTP_HSST_2LANE_TOP/U_GTP_HSSTLP_WRAPPER/CHANNEL1_ENABLE.U_GTP_HSSTLP_LANE1/gophsst} HSSTLP_364_918 U1_HSSTLP_LANE
Executing : def_inst_site {u_ips2l_pcie_wrap/U_IPS2L_PCIE_TOP/U_IPS2L_HSSTLP_PCIE_SOFT_PHY/x2.GTP_HSST_2LANE_TOP/U_GTP_HSSTLP_WRAPPER/CHANNEL1_ENABLE.U_GTP_HSSTLP_LANE1/gophsst} HSSTLP_364_918 U1_HSSTLP_LANE successfully
Executing : def_inst_site {u_ips2l_pcie_wrap/U_IPS2L_PCIE_TOP/U_IPS2L_HSSTLP_PCIE_SOFT_PHY/x2.GTP_HSST_2LANE_TOP/U_GTP_HSSTLP_WRAPPER/PLL0_ENABLE.U_GTP_HSSTLP_PLL0/gophsst} HSSTLP_364_918 U0_HSSTLP_PLL
Executing : def_inst_site {u_ips2l_pcie_wrap/U_IPS2L_PCIE_TOP/U_IPS2L_HSSTLP_PCIE_SOFT_PHY/x2.GTP_HSST_2LANE_TOP/U_GTP_HSSTLP_WRAPPER/PLL0_ENABLE.U_GTP_HSSTLP_PLL0/gophsst} HSSTLP_364_918 U0_HSSTLP_PLL successfully
W: ConstraintEditor-4019: Port Bus 'cmos1_data' unspecified I/O constraint.
W: ConstraintEditor-4019: Port Bus 'cmos3_data' unspecified I/O constraint.
W: ConstraintEditor-4019: Port Bus 'rxn' unspecified I/O constraint.
W: ConstraintEditor-4019: Port Bus 'rxp' unspecified I/O constraint.
W: ConstraintEditor-4019: Port Bus 'txn' unspecified I/O constraint.
W: ConstraintEditor-4019: Port Bus 'txp' unspecified I/O constraint.
W: ConstraintEditor-4019: Port 'cmos1_href' unspecified I/O constraint.
W: ConstraintEditor-4019: Port 'cmos3_href' unspecified I/O constraint.
W: ConstraintEditor-4019: Port 'cmos_init_done[2]' unspecified I/O constraint.
W: ConstraintEditor-4019: Port 'uart_rxd' unspecified I/O constraint.
W: ConstraintEditor-4019: Port 'uart_txd' unspecified I/O constraint.
Constraint check end.
I: Column Clock Check open.
Read Column Clock Map.

Placement started.
Phase 1 Pre global placement started.
Mapping instance GRS_INST/grs_ccs to CCS_87_316.
Mapping instance u_ips2l_pcie_wrap/U_IPS2L_PCIE_TOP/U_IPS2L_PCIE_HARD_CTRL/u_gtp_pcie/gateop to PCIE_315_918.
Mapping instance I_ips_ddr_top/u_ddrphy_top/ddrphy_gpll/u_gpll/gpll_inst to GPLL_367_463.
Mapping instance I_ips_ddr_top/u_ddrphy_top/ddrphy_slice_top/i_dqs_bank[0].u_ddrphy_ioclkdiv/ddrphy_ioclk_div_inst to DDRPHY_IOCLK_DIV_368_310.
Mapping instance I_ips_ddr_top/u_ddrphy_top/ddrphy_slice_top/i_dqs_bank[0].ddrphy_ppll/u_ppll/ppll_inst to PPLL_367_307.
Mapping instance I_ips_ddr_top/u_ddrphy_top/ddrphy_slice_top/i_ca_group[0].u_ddc_ca/ddc_inst to DDR_PHY_369_465.
Mapping instance I_ips_ddr_top/u_ddrphy_top/ddrphy_slice_top/i_ca_group[1].u_ddc_ca/ddc_inst to DDR_PHY_369_463.
Mapping instance I_ips_ddr_top/u_ddrphy_top/ddrphy_slice_top/i_ca_group[2].u_ddc_ca/ddc_inst to DDR_PHY_369_309.
Mapping instance I_ips_ddr_top/u_ddrphy_top/ddrphy_slice_top/i_dqs_bank[1].u_ddrphy_ioclkdiv/ddrphy_ioclk_div_inst to DDRPHY_IOCLK_DIV_368_616.
Mapping instance I_ips_ddr_top/u_ddrphy_top/ddrphy_slice_top/i_dqs_bank[1].ddrphy_ppll/u_ppll/ppll_inst to PPLL_367_613.
Mapping instance I_ips_ddr_top/u_ddrphy_top/ddrphy_slice_top/i_dqs_group[0].ddrphy_data_slice/u_ddc_dq/ddc_inst_PHY to DDR_PHY_369_613.
Mapping instance I_ips_ddr_top/u_ddrphy_top/ddrphy_slice_top/i_dqs_group[1].ddrphy_data_slice/u_ddc_dq/ddc_inst_PHY to DDR_PHY_369_615.
Phase 1.1 1st GP placement started.
Design Utilization : 14%.
First map gop timing takes 3.02 sec
Worst slack after clock region global placement is -3040
Wirelength after clock region global placement is 302013 and checksum is 74DE452FF45E9C9.
1st GP placement takes 12.92 sec.

Phase 1.2 Clock placement started.
Mapping instance I_ips_ddr_top/u_ddrphy_top/ddrphy_slice_top/i_dqs_bank[0].u_clkbufr/goprclk to RCKB_363_456.
Mapping instance I_ips_ddr_top/u_ddrphy_top/ddrphy_slice_top/i_dqs_bank[1].u_clkbufr/goprclk to RCKB_363_762.
Mapping instance I_ips_ddr_top/u_ddrphy_top/u_clkbufm/clkbufm_inst to MRCKB_361_456.
C: Place-2028: REGION_CLOCK: the driver cmos2_pclk_ibuf/opit_1 fixed at IOLHR_16_318 is unreasonable. Sub-optimal placement for a clock source and a clock buffer.
Mapping instance cmos2_8_16bit/u_GTP_IOCLKDIV/iockdiv_inst to RCKB_9_150.
C: Place-2028: REGION_CLOCK: the driver cmos1_pclk_ibuf/opit_1 fixed at IOLHR_16_360 is unreasonable. Sub-optimal placement for a clock source and a clock buffer.
Mapping instance cmos1_8_16bit/u_GTP_IOCLKDIV/iockdiv_inst to RCKB_9_151.
Mapping instance cmos2_8_16bit_fmc/U_CLKBUFG/gopclkbufg to USCM_215_669.
Mapping instance cmos2_8_16bit_fmc/u_GTP_IOCLKDIV/iockdiv_inst to RCKB_9_1068.
Mapping instance clkbufg_0/gopclkbufg to USCM_215_624.
Mapping instance I_ips_ddr_top/u_ddrphy_top/u_sysclk_bufg/gopclkbufg to USCM_215_576.
Mapping instance u_ips2l_pcie_wrap/U_IPS2L_PCIE_TOP/U_IPS2L_HSSTLP_PCIE_SOFT_PHY/u_clkbufg/gopclkbufg to USCM_215_627.
Mapping instance clkbufg_1/gopclkbufg to USCM_215_630.
Mapping instance I_ips_ddr_top/u_ddrphy_top/rst_clk_gpll/u_gpll/gpll_inst to GPLL_7_463.
Mapping instance I_ips_ddr_top/u_ddrphy_top/u_rst_clk_bufg/gopclkbufg to USCM_215_579.
Mapping instance pll_inst/u_gpll/gpll_inst to GPLL_7_157.
Mapping instance clkbufg_3/gopclkbufg to USCM_215_582.
C: Place-2028: GLOBAL_CLOCK: the driver cmos2_pclk_ibuf/opit_1 fixed at IOLHR_16_318 is unreasonable. Sub-optimal placement for a clock source and a clock buffer.
Mapping instance clkbufg_2/gopclkbufg to USCM_215_585.
C: Place-2028: GLOBAL_CLOCK: the driver cmos1_pclk_ibuf/opit_1 fixed at IOLHR_16_360 is unreasonable. Sub-optimal placement for a clock source and a clock buffer.
Mapping instance clkbufg_4/gopclkbufg to USCM_215_588.
Mapping instance clkbufg_5/gopclkbufg to USCM_215_633.
Clock placement takes 0.52 sec.

Wirelength after Pre Global Placement is 302013 and checksum is 74DE452FF45E9C9.
Pre global placement takes 14.55 sec.

Phase 2 Global placement started.
Phase 2.1 Fixed placement started.
Placed fixed group with base inst I_ips_ddr_top/u_ddrphy_top/ddrphy_slice_top/i_dqs_group[0].ddrphy_data_slice/dq_loop[0].u_iobuf_dq/opit_1 on IOLHR_364_624.
Placed fixed group with base inst I_ips_ddr_top/u_ddrphy_top/ddrphy_slice_top/i_dqs_group[0].ddrphy_data_slice/dq_loop[1].u_iobuf_dq/opit_1 on IOLHR_364_630.
Placed fixed group with base inst I_ips_ddr_top/u_ddrphy_top/ddrphy_slice_top/i_dqs_group[0].ddrphy_data_slice/dq_loop[2].u_iobuf_dq/opit_1 on IOLHR_364_636.
Placed fixed group with base inst I_ips_ddr_top/u_ddrphy_top/ddrphy_slice_top/i_dqs_group[0].ddrphy_data_slice/dq_loop[3].u_iobuf_dq/opit_1 on IOLHR_364_642.
Placed fixed group with base inst I_ips_ddr_top/u_ddrphy_top/ddrphy_slice_top/i_dqs_group[0].ddrphy_data_slice/dq_loop[4].u_iobuf_dq/opit_1 on IOLHR_364_648.
Placed fixed group with base inst I_ips_ddr_top/u_ddrphy_top/ddrphy_slice_top/i_dqs_group[0].ddrphy_data_slice/dq_loop[5].u_iobuf_dq/opit_1 on IOLHR_364_666.
Placed fixed group with base inst I_ips_ddr_top/u_ddrphy_top/ddrphy_slice_top/i_dqs_group[0].ddrphy_data_slice/dq_loop[6].u_iobuf_dq/opit_1 on IOLHR_364_672.
Placed fixed group with base inst I_ips_ddr_top/u_ddrphy_top/ddrphy_slice_top/i_dqs_group[0].ddrphy_data_slice/dq_loop[7].u_iobuf_dq/opit_1 on IOLHR_364_684.
Placed fixed group with base inst I_ips_ddr_top/u_ddrphy_top/ddrphy_slice_top/i_dqs_group[0].ddrphy_data_slice/genblk1.u_iobufco_dqs/opit_2 on IOLHR_364_660.
Placed fixed group with base inst I_ips_ddr_top/u_ddrphy_top/ddrphy_slice_top/i_dqs_group[0].ddrphy_data_slice/u_outbuft_dm/opit_1 on IOLHR_364_618.
Placed fixed group with base inst I_ips_ddr_top/u_ddrphy_top/ddrphy_slice_top/i_dqs_group[1].ddrphy_data_slice/dq_loop[0].u_iobuf_dq/opit_1 on IOLHR_364_702.
Placed fixed group with base inst I_ips_ddr_top/u_ddrphy_top/ddrphy_slice_top/i_dqs_group[1].ddrphy_data_slice/dq_loop[1].u_iobuf_dq/opit_1 on IOLHR_364_708.
Placed fixed group with base inst I_ips_ddr_top/u_ddrphy_top/ddrphy_slice_top/i_dqs_group[1].ddrphy_data_slice/dq_loop[2].u_iobuf_dq/opit_1 on IOLHR_364_714.
Placed fixed group with base inst I_ips_ddr_top/u_ddrphy_top/ddrphy_slice_top/i_dqs_group[1].ddrphy_data_slice/dq_loop[3].u_iobuf_dq/opit_1 on IOLHR_364_720.
Placed fixed group with base inst I_ips_ddr_top/u_ddrphy_top/ddrphy_slice_top/i_dqs_group[1].ddrphy_data_slice/dq_loop[4].u_iobuf_dq/opit_1 on IOLHR_364_738.
Placed fixed group with base inst I_ips_ddr_top/u_ddrphy_top/ddrphy_slice_top/i_dqs_group[1].ddrphy_data_slice/dq_loop[5].u_iobuf_dq/opit_1 on IOLHR_364_744.
Placed fixed group with base inst I_ips_ddr_top/u_ddrphy_top/ddrphy_slice_top/i_dqs_group[1].ddrphy_data_slice/dq_loop[6].u_iobuf_dq/opit_1 on IOLHR_364_750.
Placed fixed group with base inst I_ips_ddr_top/u_ddrphy_top/ddrphy_slice_top/i_dqs_group[1].ddrphy_data_slice/dq_loop[7].u_iobuf_dq/opit_1 on IOLHR_364_756.
Placed fixed group with base inst I_ips_ddr_top/u_ddrphy_top/ddrphy_slice_top/i_dqs_group[1].ddrphy_data_slice/genblk1.u_iobufco_dqs/opit_2 on IOLHR_364_732.
Placed fixed group with base inst I_ips_ddr_top/u_ddrphy_top/ddrphy_slice_top/i_dqs_group[1].ddrphy_data_slice/u_outbuft_dm/opit_1 on IOLHR_364_696.
Placed fixed group with base inst I_ips_ddr_top/u_ddrphy_top/ddrphy_slice_top/i_mem_addr_0[0].u_outbuft_addr0/opit_1 on IOLHR_364_600.
Placed fixed group with base inst I_ips_ddr_top/u_ddrphy_top/ddrphy_slice_top/i_mem_addr_0[1].u_outbuft_addr0/opit_1 on IOLHR_364_594.
Placed fixed group with base inst I_ips_ddr_top/u_ddrphy_top/ddrphy_slice_top/i_mem_addr_0[2].u_outbuft_addr0/opit_1 on IOLHR_364_588.
Placed fixed group with base inst I_ips_ddr_top/u_ddrphy_top/ddrphy_slice_top/i_mem_addr_0[3].u_outbuft_addr0/opit_1 on IOLHR_364_582.
Placed fixed group with base inst I_ips_ddr_top/u_ddrphy_top/ddrphy_slice_top/i_mem_addr_0[4].u_outbuft_addr0/opit_1 on IOLHR_364_576.
Placed fixed group with base inst I_ips_ddr_top/u_ddrphy_top/ddrphy_slice_top/i_mem_addr_0[5].u_outbuft_addr0/opit_1 on IOLHR_364_570.
Placed fixed group with base inst I_ips_ddr_top/u_ddrphy_top/ddrphy_slice_top/i_mem_addr_0[6].u_outbuft_addr0/opit_1 on IOLHR_364_564.
Placed fixed group with base inst I_ips_ddr_top/u_ddrphy_top/ddrphy_slice_top/i_mem_addr_0[7].u_outbuft_addr0/opit_1 on IOLHR_364_558.
Placed fixed group with base inst I_ips_ddr_top/u_ddrphy_top/ddrphy_slice_top/i_mem_addr_0[8].u_outbuft_addr0/opit_1 on IOLHR_364_552.
Placed fixed group with base inst I_ips_ddr_top/u_ddrphy_top/ddrphy_slice_top/i_mem_addr_0[9].u_outbuft_addr0/opit_1 on IOLHR_364_546.
Placed fixed group with base inst I_ips_ddr_top/u_ddrphy_top/ddrphy_slice_top/i_mem_addr_0[10].u_outbuft_addr0/opit_1 on IOLHR_364_540.
Placed fixed group with base inst I_ips_ddr_top/u_ddrphy_top/ddrphy_slice_top/i_mem_addr_0[11].u_outbuft_addr0/opit_1 on IOLHR_364_528.
Placed fixed group with base inst I_ips_ddr_top/u_ddrphy_top/ddrphy_slice_top/i_mem_addr_0[12].u_outbuft_addr0/opit_1 on IOLHR_364_522.
Placed fixed group with base inst I_ips_ddr_top/u_ddrphy_top/ddrphy_slice_top/i_mem_addr_0[13].u_outbuft_addr0/opit_1 on IOLHR_364_516.
Placed fixed group with base inst I_ips_ddr_top/u_ddrphy_top/ddrphy_slice_top/i_mem_addr_0[14].u_outbuft_addr0/opit_1 on IOLHR_364_510.
Placed fixed group with base inst I_ips_ddr_top/u_ddrphy_top/ddrphy_slice_top/k_mem_ba[0].u_outbuft_ba/opit_1 on IOLHR_364_498.
Placed fixed group with base inst I_ips_ddr_top/u_ddrphy_top/ddrphy_slice_top/k_mem_ba[1].u_outbuft_ba/opit_1 on IOLHR_364_492.
Placed fixed group with base inst I_ips_ddr_top/u_ddrphy_top/ddrphy_slice_top/k_mem_ba[2].u_outbuft_ba/opit_1 on IOLHR_364_486.
Placed fixed group with base inst I_ips_ddr_top/u_ddrphy_top/ddrphy_slice_top/u_outbuft_casn/opit_1 on IOLHR_364_414.
Placed fixed group with base inst I_ips_ddr_top/u_ddrphy_top/ddrphy_slice_top/u_outbuft_cke/opit_1 on IOLHR_364_462.
Placed fixed group with base inst I_ips_ddr_top/u_ddrphy_top/ddrphy_slice_top/u_outbuft_csn/opit_1 on IOLHR_364_408.
Placed fixed group with base inst I_ips_ddr_top/u_ddrphy_top/ddrphy_slice_top/u_outbuft_odt/opit_1 on IOLHR_364_402.
Placed fixed group with base inst I_ips_ddr_top/u_ddrphy_top/ddrphy_slice_top/u_outbuft_rasn/opit_1 on IOLHR_364_420.
Placed fixed group with base inst I_ips_ddr_top/u_ddrphy_top/ddrphy_slice_top/u_outbuft_wen/opit_1 on IOLHR_364_426.
Placed fixed group with base inst I_ips_ddr_top/u_ddrphy_top/ddrphy_slice_top/u_outbuftco_ck/opit_3 on IOLHR_364_480.
Placed fixed group with base inst board_rst_n_ibuf/opit_1 on IOLHR_16_624.
Placed fixed group with base inst cmos1_pclk_ibuf/opit_1 on IOLHR_16_360.
Placed fixed group with base inst cmos1_reset_obuf/opit_1 on IOLHR_16_438.
Placed fixed group with base inst cmos1_scl_iobuf/opit_1 on IOLHR_16_372.
Placed fixed group with base inst cmos1_vsync_ibuf/opit_1 on IOLHR_16_408.
Placed fixed group with base inst cmos2_data_ibuf[0]/opit_1 on IOLHR_16_390.
Placed fixed group with base inst cmos2_data_ibuf[1]/opit_1 on IOLHR_16_474.
Placed fixed group with base inst cmos2_data_ibuf[2]/opit_1 on IOLHR_16_336.
Placed fixed group with base inst cmos2_data_ibuf[3]/opit_1 on IOLHR_16_342.
Placed fixed group with base inst cmos2_data_ibuf[4]/opit_1 on IOLHR_16_468.
Placed fixed group with base inst cmos2_data_ibuf[5]/opit_1 on IOLHR_16_462.
Placed fixed group with base inst cmos2_data_ibuf[6]/opit_1 on IOLHR_16_348.
Placed fixed group with base inst cmos2_data_ibuf[7]/opit_1 on IOLHR_16_396.
Placed fixed group with base inst cmos2_href_ibuf/opit_1 on IOLHR_16_384.
Placed fixed group with base inst cmos2_pclk_ibuf/opit_1 on IOLHR_16_318.
Placed fixed group with base inst cmos2_reset_obuf/opit_1 on IOLHR_16_510.
Placed fixed group with base inst cmos2_scl_iobuf/opit_1 on IOLHR_16_480.
Placed fixed group with base inst cmos2_vsync_ibuf/opit_1 on IOLHR_16_312.
Placed fixed group with base inst cmos3_pclk_ibuf/opit_1 on IOLHR_16_1062.
Placed fixed group with base inst cmos3_reset_obuf/opit_1 on IOLHR_16_1122.
Placed fixed group with base inst cmos3_scl_iobuf/opit_1 on IOLHR_16_1170.
Placed fixed group with base inst cmos3_vsync_ibuf/opit_1 on IOLHR_16_1116.
Placed fixed group with base inst cmos_init_done_obuf[0]/opit_1 on IOLHR_16_612.
Placed fixed group with base inst cmos_init_done_obuf[1]/opit_1 on IOLHR_16_912.
Placed fixed group with base inst coms1_reg_config.u1.i2c_sdat_tri/opit_1 on IOLHR_16_378.
Placed fixed group with base inst coms2_reg_config.u1.i2c_sdat_tri/opit_1 on IOLHR_16_354.
Placed fixed group with base inst coms3_reg_config.u1.i2c_sdat_tri/opit_1 on IOLHR_16_1200.
Placed fixed group with base inst free_clk_ibuf/opit_1 on IOLHR_364_468.
Placed fixed group with base inst mem_rst_n_obuf/opit_1 on IOLHR_364_606.
Placed fixed group with base inst perst_n_ibuf/opit_1 on IOLHR_16_618.
Placed fixed group with base inst u_ips2l_pcie_wrap/U_IPS2L_PCIE_TOP/U_IPS2L_HSSTLP_PCIE_SOFT_PHY/x2.GTP_HSST_2LANE_TOP/U_GTP_HSSTLP_WRAPPER/CHANNEL0_ENABLE.U_GTP_HSSTLP_LANE0/gophsst on HSSTLP_364_918.
Placed fixed instance I_ips_ddr_top/u_ddrphy_top/ddrphy_reset_ctrl/ddrphy_ioclk_gate[0]/opit_0_inv on CLMA_285_54.
Placed fixed instance I_ips_ddr_top/u_ddrphy_top/ddrphy_reset_ctrl/ddrphy_ioclk_gate[1]/opit_0_inv on CLMA_285_360.
Placed fixed instance u_ips2l_pcie_wrap/U_IPS2L_PCIE_TOP/U_IPS2L_HSSTLP_PCIE_SOFT_PHY/x2.GTP_HSST_2LANE_TOP/U_GTP_HSSTLP_WRAPPER/PLL0_ENABLE.U_GTP_HSSTLP_PLL0/gophsst on HSSTLP_364_918.
Placed fixed instance GRS_INST/grs_ccs on CCS_87_316.
Placed fixed instance I_ips_ddr_top/u_ddrphy_top/ddrphy_gpll/u_gpll/gpll_inst on GPLL_367_463.
Placed fixed instance I_ips_ddr_top/u_ddrphy_top/ddrphy_slice_top/i_ca_group[0].u_ddc_ca/ddc_inst on DDR_PHY_369_465.
Placed fixed instance I_ips_ddr_top/u_ddrphy_top/ddrphy_slice_top/i_ca_group[1].u_ddc_ca/ddc_inst on DDR_PHY_369_463.
Placed fixed instance I_ips_ddr_top/u_ddrphy_top/ddrphy_slice_top/i_ca_group[2].u_ddc_ca/ddc_inst on DDR_PHY_369_309.
Placed fixed instance I_ips_ddr_top/u_ddrphy_top/ddrphy_slice_top/i_dqs_bank[0].ddrphy_ppll/u_ppll/ppll_inst on PPLL_367_307.
Placed fixed instance I_ips_ddr_top/u_ddrphy_top/ddrphy_slice_top/i_dqs_bank[0].u_clkbufr/goprclk on RCKB_363_456.
Placed fixed instance I_ips_ddr_top/u_ddrphy_top/ddrphy_slice_top/i_dqs_bank[0].u_ddrphy_ioclkdiv/ddrphy_ioclk_div_inst on DDRPHY_IOCLK_DIV_368_310.
Placed fixed instance I_ips_ddr_top/u_ddrphy_top/ddrphy_slice_top/i_dqs_bank[1].ddrphy_ppll/u_ppll/ppll_inst on PPLL_367_613.
Placed fixed instance I_ips_ddr_top/u_ddrphy_top/ddrphy_slice_top/i_dqs_bank[1].u_clkbufr/goprclk on RCKB_363_762.
Placed fixed instance I_ips_ddr_top/u_ddrphy_top/ddrphy_slice_top/i_dqs_bank[1].u_ddrphy_ioclkdiv/ddrphy_ioclk_div_inst on DDRPHY_IOCLK_DIV_368_616.
Placed fixed instance I_ips_ddr_top/u_ddrphy_top/ddrphy_slice_top/i_dqs_group[0].ddrphy_data_slice/u_ddc_dq/ddc_inst_PHY on DDR_PHY_369_613.
Placed fixed instance I_ips_ddr_top/u_ddrphy_top/ddrphy_slice_top/i_dqs_group[1].ddrphy_data_slice/u_ddc_dq/ddc_inst_PHY on DDR_PHY_369_615.
Placed fixed instance I_ips_ddr_top/u_ddrphy_top/rst_clk_gpll/u_gpll/gpll_inst on GPLL_7_463.
Placed fixed instance I_ips_ddr_top/u_ddrphy_top/u_clkbufm/clkbufm_inst on MRCKB_361_456.
Placed fixed instance I_ips_ddr_top/u_ddrphy_top/u_rst_clk_bufg/gopclkbufg on USCM_215_579.
Placed fixed instance I_ips_ddr_top/u_ddrphy_top/u_sysclk_bufg/gopclkbufg on USCM_215_576.
Placed fixed instance clkbufg_0/gopclkbufg on USCM_215_624.
Placed fixed instance clkbufg_1/gopclkbufg on USCM_215_630.
Placed fixed instance clkbufg_2/gopclkbufg on USCM_215_585.
Placed fixed instance clkbufg_3/gopclkbufg on USCM_215_582.
Placed fixed instance clkbufg_4/gopclkbufg on USCM_215_588.
Placed fixed instance clkbufg_5/gopclkbufg on USCM_215_633.
Placed fixed instance cmos1_8_16bit/u_GTP_IOCLKDIV/iockdiv_inst on RCKB_9_151.
Placed fixed instance cmos2_8_16bit/u_GTP_IOCLKDIV/iockdiv_inst on RCKB_9_150.
Placed fixed instance cmos2_8_16bit_fmc/U_CLKBUFG/gopclkbufg on USCM_215_669.
Placed fixed instance cmos2_8_16bit_fmc/u_GTP_IOCLKDIV/iockdiv_inst on RCKB_9_1068.
Placed fixed instance pll_inst/u_gpll/gpll_inst on GPLL_7_157.
Placed fixed instance ref_clk_n_ibuf_hsst on SPAD_363_922.
Placed fixed instance ref_clk_p_ibuf_hsst on SPAD_363_921.
Placed fixed instance u_ips2l_pcie_wrap/U_IPS2L_PCIE_TOP/U_IPS2L_HSSTLP_PCIE_SOFT_PHY/u_clkbufg/gopclkbufg on USCM_215_627.
Placed fixed instance u_ips2l_pcie_wrap/U_IPS2L_PCIE_TOP/U_IPS2L_PCIE_HARD_CTRL/u_gtp_pcie/gateop on PCIE_315_918.
Placed fixed instance BKCL_auto_0 on BKCL_1_952.
Placed fixed instance BKCL_auto_1 on BKCL_1_646.
Placed fixed instance BKCL_auto_2 on BKCL_1_340.
Placed fixed instance BKCL_auto_3 on BKCL_373_646.
Placed fixed instance BKCL_auto_4 on BKCL_373_340.
Fixed placement takes 0.47 sec.

Phase 2.2 Process placement started.
I: The IO driver of I_ips_ddr_top/u_ddrphy_top/rst_clk_gpll/u_gpll/gpll_inst(CLKIN1) is not constraint at pllpad, its clock path will pass through SRB.
I: The IO driver of pll_inst/u_gpll/gpll_inst(CLKIN1) is not constraint at pllpad, its clock path will pass through SRB.
Process placement takes 0.02 sec.

Phase 2.3 IO placement started.
IO placement takes 0.14 sec.

Phase 2.4 2nd GP placement started.
Run super clustering :
	Initial slack -3429.
	5 iterations finished.
	Final slack -2111.
Super clustering done.
Design Utilization : 14%.
Worst slack after global placement is 1278
2nd GP placement takes 20.80 sec.

Wirelength after global placement is 171662 and checksum is 8234C03E9A166D3E.
Global placement takes 21.45 sec.

Phase 3 Post global placement started.
Packing LUT6D started.
I: LUT6D pack result: There are 4074 LUT6 in collection, pack success:167
Packing LUT6D takes 2.91 sec.
Phase 3.1 Macro cell placement started.
I: Process macros using "Greedy".
Wirelength after macro cell placement is 193258 and checksum is 75F5B96FDB899D68.
Macro cell placement takes 0.14 sec.

Phase 3.2 3rd GP placement started.
Run super clustering :
	Initial slack -3722.
	2 iterations finished.
	Final slack -3458.
Super clustering done.
Design Utilization : 13%.
Worst slack after post global placement is 643
3rd GP placement takes 8.00 sec.

Wirelength after post global placement is 150046 and checksum is 74604D0F74498BE4.
Packing LUT6D started.
I: LUT6D pack result: There are 3740 LUT6 in collection, pack success:6
Packing LUT6D takes 3.25 sec.
Post global placement takes 14.36 sec.

Phase 4 Legalization started.
The average distance in LP is 1.288118.
Wirelength after legalization is 189486 and checksum is 46DAE32F38DBE095.
Legalization takes 2.78 sec.

Phase 5 Timing-driven detailed placement started.
Phase 5.1 Replication placement started.
Worst slack before Replication Place is 785.
Replication placement takes 0.73 sec.

Wirelength after replication placement is 189486 and checksum is 46DAE32F38DBE095.
Phase 5.2 Swapping placement started.
Worst slack before detailed placement is 785, TNS before detailed placement is 0. 
Cost at Swap iteration 0 : 785, wslk 1386, tns 0, takes 0.09 sec.
Cost at DP iteration 0 : 1386, wslk 1390, tns 0, takes 0.00 sec.
Worst slack after detailed placement is 1390, TNS after detailed placement is 0. 
Swapping placement takes 0.72 sec.

Wirelength after detailed placement is 189660 and checksum is 5A64078B7DC32817.
Timing-driven detailed placement takes 1.48 sec.

Worst slack is 1392, TNS after placement is 0.
Placement done.
Total placement takes 61.72 sec.
Finished placement.

Routing started.
E: Memory alloc failed for size 352000. Please clean up the memory and run again.
Program Error Out.
E: Flow-0013: The input DB 'C:/Users/DELL/Desktop/4.28_ROI_V2.1/04_camera_pcie_capture_40pin_fmc/project/device_map/image_pcie_capture_map.adf' should be of phase 'DEVMAP'.
Program Error Out.
