[Info] [2025-8-13 14:04:15] /***************************Start Configuration***************************/
[Info] [2025-8-13 14:04:15] Path: C:/pango/PDS_2022.2-SP6.4/bin
[Info] [2025-8-13 14:04:15] Version: 146967
[Info] [2025-8-13 14:04:16] Current Path: D:/Desktop/work_material/RK_learning/RK3568_MES2L50H/05-work_material/03_FPGA_Project/01_img_pcie_capture/project
[Info] [2025-8-13 14:04:16] PDS Dir Path: D:/Desktop/work_material/RK_learning/RK3568_MES2L50H/05-work_material/03_FPGA_Project/01_img_pcie_capture/project
[Info] [2025-8-13 14:04:20] Configuration is not connect with server. connect first then scan chain.
[Debug] [2025-8-13 14:04:20] Client Local host name:LAPTOP-EA3TT0M1
[Debug] [2025-8-13 14:04:20] Client Local Address:192.168.1.18
[Debug] [2025-8-13 14:04:20] Server Address:127.0.0.1, Port:65420
[Debug] [2025-8-13 14:04:20] Log::Print : Connecting to server[127.0.0.1 : 65420].
[Info] [2025-8-13 14:04:20] Connect OK, Server: 127.0.0.1  Port: 65420
[Debug] [2025-8-13 14:04:20] Finish.
[Info] [2025-8-13 14:04:20] Connect server succeeded
[Debug] [2025-8-13 14:04:20] Send RPC:1
[Debug] [2025-8-13 14:04:20] Send cmd [check version information:40004] OK
[Debug] [2025-8-13 14:04:20] Log::Print : Connect to server[127.0.0.1 : 65420] successfully.
[Debug] [2025-8-13 14:04:21] Send RPC:2
[Debug] [2025-8-13 14:04:21] Send cmd [get_cable_paras:40010] OK
[Debug] [2025-8-13 14:04:21] Begin to send initialize chain cmd...
[Debug] [2025-8-13 14:04:21] Send RPC:3
[Debug] [2025-8-13 14:04:21] Send cmd [Open config cable:20001] OK
[Debug] [2025-8-13 14:04:21] End to send initialize chain cmd.
[Debug] [2025-8-13 14:04:21] COMMAND[check version information] execute successfully, takes 0.8 secs.
[Debug] [2025-8-13 14:04:21] Log::Print : COMMAND[check version information] execute successfully, takes 0.8 secs.
[Debug] [2025-8-13 14:04:22] COMMAND[get_cable_paras] execute successfully, takes 1.5 secs.
[Debug] [2025-8-13 14:04:22] Log::Print : The cable List : 

[Debug] [2025-8-13 14:04:22] Log::Print : COMMAND[get_cable_paras] execute successfully, takes 1.5 secs.
[Error] [2025-8-13 14:04:22] fail to exec Open config cable cmd...
[Error] [2025-8-13 14:04:22] MsgOut: JtagServer-0306: No devices detected while scanning the JTAG chain, failed detecting JTAG device chain.
[Warn] [2025-8-13 14:04:22] MsgOut: Please check the device power, cable connection situation and whether put the chip in the right way or not.
   If these do not work, try to restart the software.
[Error] [2025-8-13 14:04:22] MsgOut: Configuration-0008: The command 'Open config cable' execute fail.
[Debug] [2025-8-13 14:04:28] Begin to send initialize chain cmd...
[Debug] [2025-8-13 14:04:28] Send RPC:4
[Debug] [2025-8-13 14:04:28] Send cmd [Open config cable:20001] OK
[Debug] [2025-8-13 14:04:28] End to send initialize chain cmd.
[Error] [2025-8-13 14:04:28] fail to exec Open config cable cmd...
[Error] [2025-8-13 14:04:28] MsgOut: JtagServer-0306: No devices detected while scanning the JTAG chain, failed detecting JTAG device chain.
[Warn] [2025-8-13 14:04:28] MsgOut: Please check the device power, cable connection situation and whether put the chip in the right way or not.
   If these do not work, try to restart the software.
[Error] [2025-8-13 14:04:28] MsgOut: Configuration-0008: The command 'Open config cable' execute fail.
[Info] [2025-8-13 14:04:31] Disconnect from Server: 127.0.0.1  Port: 65420
[Warn] [2025-8-13 14:04:31] Server is disconnected
[Debug] [2025-8-13 14:04:31] end to connect server
[Debug] [2025-8-13 14:04:31] Log::Print : Server is disconnect
[Debug] [2025-8-13 14:04:31] Client Local host name:LAPTOP-EA3TT0M1
[Debug] [2025-8-13 14:04:31] Client Local Address:192.168.1.18
[Debug] [2025-8-13 14:04:31] Server Address:127.0.0.1, Port:65420
[Debug] [2025-8-13 14:04:31] Log::Print : Connecting to server[127.0.0.1 : 65420].
[Info] [2025-8-13 14:04:31] Connect OK, Server: 127.0.0.1  Port: 65420
[Debug] [2025-8-13 14:04:31] Finish.
[Info] [2025-8-13 14:04:31] Connect server succeeded
[Debug] [2025-8-13 14:04:31] Send RPC:5
[Debug] [2025-8-13 14:04:31] Send cmd [check version information:40004] OK
[Debug] [2025-8-13 14:04:31] Send RPC:6
[Debug] [2025-8-13 14:04:31] Send cmd [get_cable_paras:40010] OK
[Debug] [2025-8-13 14:04:31] COMMAND[check version information] execute successfully, takes 0.0 secs.
[Debug] [2025-8-13 14:04:31] Log::Print : Connect to server[127.0.0.1 : 65420] successfully.
[Debug] [2025-8-13 14:04:31] Log::Print : COMMAND[check version information] execute successfully, takes 0.0 secs.
[Debug] [2025-8-13 14:04:33] COMMAND[get_cable_paras] execute successfully, takes 1.6 secs.
[Debug] [2025-8-13 14:04:33] Log::Print : The cable List : 

[Debug] [2025-8-13 14:04:33] Log::Print : COMMAND[get_cable_paras] execute successfully, takes 1.6 secs.
[Info] [2025-8-13 14:04:57] Disconnect from Server: 127.0.0.1  Port: 65420
[Warn] [2025-8-13 14:04:57] Server is disconnected
[Debug] [2025-8-13 14:04:57] end to connect server
[Debug] [2025-8-13 14:04:57] Log::Print : Server is disconnect
[Debug] [2025-8-13 14:04:58] Client Local host name:LAPTOP-EA3TT0M1
[Debug] [2025-8-13 14:04:58] Client Local Address:192.168.1.18
[Debug] [2025-8-13 14:04:58] Server Address:127.0.0.1, Port:65420
[Debug] [2025-8-13 14:04:58] Log::Print : Connecting to server[127.0.0.1 : 65420].
[Info] [2025-8-13 14:04:58] Connect OK, Server: 127.0.0.1  Port: 65420
[Debug] [2025-8-13 14:04:58] Finish.
[Info] [2025-8-13 14:04:58] Connect server succeeded
[Debug] [2025-8-13 14:04:58] Send RPC:7
[Debug] [2025-8-13 14:04:58] Send cmd [check version information:40004] OK
[Debug] [2025-8-13 14:04:58] Send RPC:8
[Debug] [2025-8-13 14:04:58] Send cmd [get_cable_paras:40010] OK
[Debug] [2025-8-13 14:04:58] COMMAND[check version information] execute successfully, takes 0.0 secs.
[Debug] [2025-8-13 14:04:58] Log::Print : Connect to server[127.0.0.1 : 65420] successfully.
[Debug] [2025-8-13 14:04:58] Log::Print : COMMAND[check version information] execute successfully, takes 0.0 secs.
[Debug] [2025-8-13 14:05:00] COMMAND[get_cable_paras] execute successfully, takes 2.2 secs.
[Debug] [2025-8-13 14:05:00] Log::Print : The cable List : 
Cable index 0:USB Cable II/fffffffffffffffe 

[Debug] [2025-8-13 14:05:00] Log::Print : COMMAND[get_cable_paras] execute successfully, takes 2.2 secs.
[Info] [2025-8-13 14:05:02] Disconnect from Server: 127.0.0.1  Port: 65420
[Warn] [2025-8-13 14:05:02] Server is disconnected
[Debug] [2025-8-13 14:05:02] end to connect server
[Debug] [2025-8-13 14:05:02] Log::Print : Server is disconnect
[Debug] [2025-8-13 14:05:02] Client Local host name:LAPTOP-EA3TT0M1
[Debug] [2025-8-13 14:05:02] Client Local Address:192.168.1.18
[Debug] [2025-8-13 14:05:02] Server Address:127.0.0.1, Port:65420
[Debug] [2025-8-13 14:05:02] Log::Print : Connecting to server[127.0.0.1 : 65420].
[Info] [2025-8-13 14:05:02] Connect OK, Server: 127.0.0.1  Port: 65420
[Debug] [2025-8-13 14:05:02] Finish.
[Info] [2025-8-13 14:05:02] Connect server succeeded
[Debug] [2025-8-13 14:05:02] Send RPC:9
[Debug] [2025-8-13 14:05:02] Send cmd [check version information:40004] OK
[Debug] [2025-8-13 14:05:02] Send RPC:10
[Debug] [2025-8-13 14:05:02] Send cmd [get_cable_paras:40010] OK
[Debug] [2025-8-13 14:05:02] COMMAND[check version information] execute successfully, takes 0.0 secs.
[Debug] [2025-8-13 14:05:02] Log::Print : Connect to server[127.0.0.1 : 65420] successfully.
[Debug] [2025-8-13 14:05:02] Log::Print : COMMAND[check version information] execute successfully, takes 0.0 secs.
[Debug] [2025-8-13 14:05:04] COMMAND[get_cable_paras] execute successfully, takes 1.4 secs.
[Debug] [2025-8-13 14:05:04] Log::Print : The cable List : 
Cable index 0:USB Cable II/fffffffffffffffe 

[Debug] [2025-8-13 14:05:04] Log::Print : COMMAND[get_cable_paras] execute successfully, takes 1.4 secs.
[Debug] [2025-8-13 14:05:05] Send RPC:11
[Debug] [2025-8-13 14:05:05] Send cmd [set_cable_paras:40011] OK
[Debug] [2025-8-13 14:05:06] COMMAND[set_cable_paras] execute successfully, takes 0.7 secs.
[Debug] [2025-8-13 14:05:06] Log::Print : COMMAND[set_cable_paras] execute successfully, takes 0.7 secs.
[Debug] [2025-8-13 14:05:06] Begin to send initialize chain cmd...
[Debug] [2025-8-13 14:05:06] Send RPC:12
[Debug] [2025-8-13 14:05:06] Send cmd [Open config cable:20001] OK
[Debug] [2025-8-13 14:05:06] End to send initialize chain cmd.
[Debug] [2025-8-13 14:05:07] begin the exec of open cable cmd...
[Debug] [2025-8-13 14:05:07] Begin to deal with chain from server...
[Debug] [2025-8-13 14:05:07] Begin to set user chain...
[Debug] [2025-8-13 14:05:07] End to set user chain.
[Debug] [2025-8-13 14:05:07] Begin to update graphic item and tree item ...
[Debug] [2025-8-13 14:05:07] End to update graphic item and tree item ...
[Debug] [2025-8-13 14:05:07] Log::Print : PANGO USB CABLE II cable driver: D2XX DLL
[Debug] [2025-8-13 14:05:07] Log::Print : PG2L50H
[Debug] [2025-8-13 14:05:07] Log::Print : This device configure situation (done bit): 1
[Info] [2025-8-13 14:05:08] set OpenLastPath: D:/Desktop/work_material/RK_learning/RK3568_MES2L50H/05-work_material/03_FPGA_Project/01_img_pcie_capture/project/generate_bitstream/image_pcie_capture.sbit
[Debug] [2025-8-13 14:05:08] begin to get device info from CFG file...
[Debug] [2025-8-13 14:05:08] end to get device info from CFG file...
[Debug] [2025-8-13 14:05:08] Begin to update graphic item and tree item ...
[Debug] [2025-8-13 14:05:08] End to update graphic item and tree item ...
[Debug] [2025-8-13 14:05:08] Begin to update graphic item and tree item ...
[Debug] [2025-8-13 14:05:08] End to update graphic item and tree item ...
[Debug] [2025-8-13 14:05:08] End to deal wiht chain from server.
[Debug] [2025-8-13 14:05:08] end the exec of open cable cmd.
[Debug] [2025-8-13 14:05:08] COMMAND[Open config cable] execute successfully, takes 1.5 secs.
[Debug] [2025-8-13 14:05:08] Log::Print : COMMAND[Open config cable] execute successfully, takes 1.5 secs.
[Debug] [2025-8-13 14:05:09] Begin to send programming cmd...
[Debug] [2025-8-13 14:05:09] Send RPC:13
[Debug] [2025-8-13 14:05:09] Begin to send program data.
[Debug] [2025-8-13 14:05:09] End to send program data.
[Debug] [2025-8-13 14:05:09] Send cmd [Program:20002] OK
[Debug] [2025-8-13 14:05:09] The value of Progress is 6
[Debug] [2025-8-13 14:05:09] The value of Progress is 10
[Debug] [2025-8-13 14:05:09] The value of Progress is 15
[Debug] [2025-8-13 14:05:09] The value of Progress is 20
[Debug] [2025-8-13 14:05:09] The value of Progress is 25
[Debug] [2025-8-13 14:05:09] The value of Progress is 30
[Debug] [2025-8-13 14:05:09] The value of Progress is 35
[Debug] [2025-8-13 14:05:09] The value of Progress is 40
[Debug] [2025-8-13 14:05:09] The value of Progress is 45
[Debug] [2025-8-13 14:05:09] The value of Progress is 50
[Debug] [2025-8-13 14:05:09] The value of Progress is 55
[Debug] [2025-8-13 14:05:09] The value of Progress is 60
[Debug] [2025-8-13 14:05:09] The value of Progress is 65
[Debug] [2025-8-13 14:05:10] The value of Progress is 70
[Debug] [2025-8-13 14:05:10] The value of Progress is 75
[Debug] [2025-8-13 14:05:10] The value of Progress is 80
[Debug] [2025-8-13 14:05:10] The value of Progress is 85
[Debug] [2025-8-13 14:05:10] The value of Progress is 90
[Debug] [2025-8-13 14:05:10] The value of Progress is 95
[Debug] [2025-8-13 14:05:10] The value of Progress is 100
[Debug] [2025-8-13 14:05:10] COMMAND[Program] execute successfully, takes 1.5 secs.
[Debug] [2025-8-13 14:05:10] End to send programming cmd.
[Debug] [2025-8-13 14:05:10] Log::Print : The done bit is 1
[Debug] [2025-8-13 14:05:10] Log::Print : COMMAND[Program] execute successfully, takes 1.5 secs.
[Debug] [2025-8-13 14:05:18] Begin to send programming cmd...
[Debug] [2025-8-13 14:05:18] Send RPC:14
[Debug] [2025-8-13 14:05:18] Begin to send program data.
[Debug] [2025-8-13 14:05:18] End to send program data.
[Debug] [2025-8-13 14:05:18] Send cmd [Program:20002] OK
[Debug] [2025-8-13 14:05:18] The value of Progress is 6
[Debug] [2025-8-13 14:05:18] The value of Progress is 10
[Debug] [2025-8-13 14:05:18] The value of Progress is 15
[Debug] [2025-8-13 14:05:18] The value of Progress is 20
[Debug] [2025-8-13 14:05:18] The value of Progress is 25
[Debug] [2025-8-13 14:05:18] The value of Progress is 30
[Debug] [2025-8-13 14:05:18] The value of Progress is 35
[Debug] [2025-8-13 14:05:18] The value of Progress is 40
[Debug] [2025-8-13 14:05:18] The value of Progress is 45
[Debug] [2025-8-13 14:05:18] The value of Progress is 50
[Debug] [2025-8-13 14:05:18] The value of Progress is 55
[Debug] [2025-8-13 14:05:18] The value of Progress is 60
[Debug] [2025-8-13 14:05:19] The value of Progress is 65
[Debug] [2025-8-13 14:05:19] The value of Progress is 70
[Debug] [2025-8-13 14:05:19] The value of Progress is 75
[Debug] [2025-8-13 14:05:19] The value of Progress is 80
[Debug] [2025-8-13 14:05:19] The value of Progress is 85
[Debug] [2025-8-13 14:05:19] The value of Progress is 90
[Debug] [2025-8-13 14:05:19] The value of Progress is 95
[Debug] [2025-8-13 14:05:19] The value of Progress is 100
[Debug] [2025-8-13 14:05:19] COMMAND[Program] execute successfully, takes 1.5 secs.
[Debug] [2025-8-13 14:05:19] End to send programming cmd.
[Debug] [2025-8-13 14:05:19] Log::Print : The done bit is 1
[Debug] [2025-8-13 14:05:19] Log::Print : COMMAND[Program] execute successfully, takes 1.5 secs.
[Info] [2025-8-13 14:06:26] /***************************End Configration***************************/
[Info] [2025-8-13 14:06:29] /***************************Start Configuration***************************/
[Info] [2025-8-13 14:06:29] Path: C:/pango/PDS_2022.2-SP6.4/bin
[Info] [2025-8-13 14:06:29] Version: 146967
[Info] [2025-8-13 14:06:30] Current Path: D:/Desktop/work_material/RK_learning/RK3568_MES2L50H/05-work_material/03_FPGA_Project/01_img_pcie_capture/project
[Info] [2025-8-13 14:06:30] PDS Dir Path: D:/Desktop/work_material/RK_learning/RK3568_MES2L50H/05-work_material/03_FPGA_Project/01_img_pcie_capture/project
[Info] [2025-8-13 14:06:32] Configuration is not connect with server. connect first then scan chain.
[Debug] [2025-8-13 14:06:32] Client Local host name:LAPTOP-EA3TT0M1
[Debug] [2025-8-13 14:06:32] Client Local Address:192.168.1.11
[Debug] [2025-8-13 14:06:32] Client Local Address:192.168.1.18
[Debug] [2025-8-13 14:06:32] Server Address:127.0.0.1, Port:65420
[Debug] [2025-8-13 14:06:32] Log::Print : Connecting to server[127.0.0.1 : 65420].
[Info] [2025-8-13 14:06:33] Connect OK, Server: 127.0.0.1  Port: 65420
[Debug] [2025-8-13 14:06:33] Finish.
[Info] [2025-8-13 14:06:33] Connect server succeeded
[Debug] [2025-8-13 14:06:33] Send RPC:1
[Debug] [2025-8-13 14:06:33] Send cmd [check version information:40004] OK
[Debug] [2025-8-13 14:06:33] Log::Print : Connect to server[127.0.0.1 : 65420] successfully.
[Debug] [2025-8-13 14:06:33] Send RPC:2
[Debug] [2025-8-13 14:06:33] Send cmd [get_cable_paras:40010] OK
[Debug] [2025-8-13 14:06:33] Begin to send initialize chain cmd...
[Debug] [2025-8-13 14:06:33] Send RPC:3
[Debug] [2025-8-13 14:06:33] Send cmd [Open config cable:20001] OK
[Debug] [2025-8-13 14:06:33] End to send initialize chain cmd.
[Debug] [2025-8-13 14:06:33] COMMAND[check version information] execute successfully, takes 0.3 secs.
[Debug] [2025-8-13 14:06:33] Log::Print : COMMAND[check version information] execute successfully, takes 0.3 secs.
[Debug] [2025-8-13 14:06:34] COMMAND[get_cable_paras] execute successfully, takes 1.2 secs.
[Debug] [2025-8-13 14:06:34] Log::Print : The cable List : 
Cable index 0:USB Cable II/fffffffffffffffe 

[Debug] [2025-8-13 14:06:34] Log::Print : COMMAND[get_cable_paras] execute successfully, takes 1.2 secs.
[Debug] [2025-8-13 14:06:35] begin the exec of open cable cmd...
[Debug] [2025-8-13 14:06:35] Begin to deal with chain from server...
[Debug] [2025-8-13 14:06:35] Begin to set user chain...
[Debug] [2025-8-13 14:06:35] End to set user chain.
[Debug] [2025-8-13 14:06:35] Begin to update graphic item and tree item ...
[Debug] [2025-8-13 14:06:35] End to update graphic item and tree item ...
[Debug] [2025-8-13 14:06:35] Log::Print : PANGO USB CABLE II cable driver: D2XX DLL
[Debug] [2025-8-13 14:06:35] Log::Print : PG2L50H
[Debug] [2025-8-13 14:06:35] Log::Print : This device configure situation (done bit): 1
[Info] [2025-8-13 14:06:35] set OpenLastPath: D:/Desktop/work_material/RK_learning/RK3568_MES2L50H/05-work_material/03_FPGA_Project/01_img_pcie_capture/project/generate_bitstream/image_pcie_capture.sbit
[Debug] [2025-8-13 14:06:35] begin to get device info from CFG file...
[Debug] [2025-8-13 14:06:35] end to get device info from CFG file...
[Debug] [2025-8-13 14:06:35] Begin to update graphic item and tree item ...
[Debug] [2025-8-13 14:06:35] End to update graphic item and tree item ...
[Debug] [2025-8-13 14:06:35] Begin to update graphic item and tree item ...
[Debug] [2025-8-13 14:06:35] End to update graphic item and tree item ...
[Debug] [2025-8-13 14:06:35] End to deal wiht chain from server.
[Debug] [2025-8-13 14:06:35] end the exec of open cable cmd.
[Debug] [2025-8-13 14:06:35] COMMAND[Open config cable] execute successfully, takes 2.4 secs.
[Debug] [2025-8-13 14:06:35] Log::Print : COMMAND[Open config cable] execute successfully, takes 2.4 secs.
[Debug] [2025-8-13 14:06:36] Begin to send programming cmd...
[Debug] [2025-8-13 14:06:36] Send RPC:4
[Debug] [2025-8-13 14:06:36] Begin to send program data.
[Debug] [2025-8-13 14:06:36] End to send program data.
[Debug] [2025-8-13 14:06:36] Send cmd [Program:20002] OK
[Debug] [2025-8-13 14:06:37] The value of Progress is 6
[Debug] [2025-8-13 14:06:37] The value of Progress is 10
[Debug] [2025-8-13 14:06:37] The value of Progress is 15
[Debug] [2025-8-13 14:06:37] The value of Progress is 20
[Debug] [2025-8-13 14:06:37] The value of Progress is 25
[Debug] [2025-8-13 14:06:37] The value of Progress is 30
[Debug] [2025-8-13 14:06:37] The value of Progress is 35
[Debug] [2025-8-13 14:06:37] The value of Progress is 40
[Debug] [2025-8-13 14:06:37] The value of Progress is 45
[Debug] [2025-8-13 14:06:37] The value of Progress is 50
[Debug] [2025-8-13 14:06:38] The value of Progress is 55
[Debug] [2025-8-13 14:06:38] The value of Progress is 60
[Debug] [2025-8-13 14:06:38] The value of Progress is 65
[Debug] [2025-8-13 14:06:38] The value of Progress is 70
[Debug] [2025-8-13 14:06:38] The value of Progress is 75
[Debug] [2025-8-13 14:06:38] The value of Progress is 80
[Debug] [2025-8-13 14:06:38] The value of Progress is 85
[Debug] [2025-8-13 14:06:38] The value of Progress is 90
[Debug] [2025-8-13 14:06:38] The value of Progress is 95
[Debug] [2025-8-13 14:06:38] The value of Progress is 100
[Debug] [2025-8-13 14:06:38] COMMAND[Program] execute successfully, takes 2.0 secs.
[Debug] [2025-8-13 14:06:38] End to send programming cmd.
[Debug] [2025-8-13 14:06:38] Log::Print : The done bit is 1
[Debug] [2025-8-13 14:06:38] Log::Print : COMMAND[Program] execute successfully, takes 2.0 secs.
[Info] [2025-8-13 14:13:49] /***************************End Configration***************************/
[Info] [2025-8-13 14:13:50] /***************************Start Configuration***************************/
[Info] [2025-8-13 14:13:50] Path: C:/pango/PDS_2022.2-SP6.4/bin
[Info] [2025-8-13 14:13:50] Version: 146967
[Info] [2025-8-13 14:13:51] Current Path: D:/Desktop/work_material/RK_learning/RK3568_MES2L50H/05-work_material/03_FPGA_Project/01_img_pcie_capture/project
[Info] [2025-8-13 14:13:51] PDS Dir Path: D:/Desktop/work_material/RK_learning/RK3568_MES2L50H/05-work_material/03_FPGA_Project/01_img_pcie_capture/project
[Info] [2025-8-13 14:13:53] Configuration is not connect with server. connect first then scan chain.
[Debug] [2025-8-13 14:13:53] Client Local host name:LAPTOP-EA3TT0M1
[Debug] [2025-8-13 14:13:53] Client Local Address:192.168.1.11
[Debug] [2025-8-13 14:13:53] Client Local Address:192.168.1.18
[Debug] [2025-8-13 14:13:53] Server Address:127.0.0.1, Port:65420
[Debug] [2025-8-13 14:13:53] Log::Print : Connecting to server[127.0.0.1 : 65420].
[Info] [2025-8-13 14:13:53] Connect OK, Server: 127.0.0.1  Port: 65420
[Debug] [2025-8-13 14:13:53] Finish.
[Info] [2025-8-13 14:13:53] Connect server succeeded
[Debug] [2025-8-13 14:13:53] Send RPC:1
[Debug] [2025-8-13 14:13:53] Send cmd [check version information:40004] OK
[Debug] [2025-8-13 14:13:53] Log::Print : Connect to server[127.0.0.1 : 65420] successfully.
[Debug] [2025-8-13 14:13:54] Send RPC:2
[Debug] [2025-8-13 14:13:54] Send cmd [get_cable_paras:40010] OK
[Debug] [2025-8-13 14:13:54] Begin to send initialize chain cmd...
[Debug] [2025-8-13 14:13:54] Send RPC:3
[Debug] [2025-8-13 14:13:54] Send cmd [Open config cable:20001] OK
[Debug] [2025-8-13 14:13:54] End to send initialize chain cmd.
[Debug] [2025-8-13 14:13:54] COMMAND[check version information] execute successfully, takes 0.3 secs.
[Debug] [2025-8-13 14:13:54] Log::Print : COMMAND[check version information] execute successfully, takes 0.3 secs.
[Debug] [2025-8-13 14:13:55] COMMAND[get_cable_paras] execute successfully, takes 1.2 secs.
[Debug] [2025-8-13 14:13:55] Log::Print : The cable List : 
Cable index 0:USB Cable II/fffffffffffffffe 

[Debug] [2025-8-13 14:13:55] Log::Print : COMMAND[get_cable_paras] execute successfully, takes 1.2 secs.
[Debug] [2025-8-13 14:13:55] begin the exec of open cable cmd...
[Debug] [2025-8-13 14:13:55] Begin to deal with chain from server...
[Debug] [2025-8-13 14:13:55] Begin to set user chain...
[Debug] [2025-8-13 14:13:55] End to set user chain.
[Debug] [2025-8-13 14:13:55] Begin to update graphic item and tree item ...
[Debug] [2025-8-13 14:13:55] End to update graphic item and tree item ...
[Debug] [2025-8-13 14:13:55] Log::Print : PANGO USB CABLE II cable driver: D2XX DLL
[Debug] [2025-8-13 14:13:55] Log::Print : PG2L50H
[Debug] [2025-8-13 14:13:55] Log::Print : This device configure situation (done bit): 1
[Info] [2025-8-13 14:13:56] set OpenLastPath: D:/Desktop/work_material/RK_learning/RK3568_MES2L50H/05-work_material/03_FPGA_Project/01_img_pcie_capture/project/generate_bitstream/image_pcie_capture.sbit
[Debug] [2025-8-13 14:13:56] begin to get device info from CFG file...
[Debug] [2025-8-13 14:13:56] end to get device info from CFG file...
[Debug] [2025-8-13 14:13:56] Begin to update graphic item and tree item ...
[Debug] [2025-8-13 14:13:56] End to update graphic item and tree item ...
[Debug] [2025-8-13 14:13:56] Begin to update graphic item and tree item ...
[Debug] [2025-8-13 14:13:56] End to update graphic item and tree item ...
[Debug] [2025-8-13 14:13:56] End to deal wiht chain from server.
[Debug] [2025-8-13 14:13:56] end the exec of open cable cmd.
[Debug] [2025-8-13 14:13:56] COMMAND[Open config cable] execute successfully, takes 2.5 secs.
[Debug] [2025-8-13 14:13:56] Log::Print : COMMAND[Open config cable] execute successfully, takes 2.5 secs.
[Debug] [2025-8-13 14:13:57] Begin to send programming cmd...
[Debug] [2025-8-13 14:13:57] Send RPC:4
[Debug] [2025-8-13 14:13:57] Begin to send program data.
[Debug] [2025-8-13 14:13:57] End to send program data.
[Debug] [2025-8-13 14:13:57] Send cmd [Program:20002] OK
[Debug] [2025-8-13 14:13:57] The value of Progress is 6
[Debug] [2025-8-13 14:13:57] The value of Progress is 10
[Debug] [2025-8-13 14:13:58] The value of Progress is 15
[Debug] [2025-8-13 14:13:58] The value of Progress is 20
[Debug] [2025-8-13 14:13:58] The value of Progress is 25
[Debug] [2025-8-13 14:13:58] The value of Progress is 30
[Debug] [2025-8-13 14:13:58] The value of Progress is 35
[Debug] [2025-8-13 14:13:58] The value of Progress is 40
[Debug] [2025-8-13 14:13:58] The value of Progress is 45
[Debug] [2025-8-13 14:13:58] The value of Progress is 50
[Debug] [2025-8-13 14:13:58] The value of Progress is 55
[Debug] [2025-8-13 14:13:58] The value of Progress is 60
[Debug] [2025-8-13 14:13:58] The value of Progress is 65
[Debug] [2025-8-13 14:13:58] The value of Progress is 70
[Debug] [2025-8-13 14:13:59] The value of Progress is 75
[Debug] [2025-8-13 14:13:59] The value of Progress is 80
[Debug] [2025-8-13 14:13:59] The value of Progress is 85
[Debug] [2025-8-13 14:13:59] The value of Progress is 90
[Debug] [2025-8-13 14:13:59] The value of Progress is 95
[Debug] [2025-8-13 14:13:59] The value of Progress is 100
[Debug] [2025-8-13 14:13:59] COMMAND[Program] execute successfully, takes 2.0 secs.
[Debug] [2025-8-13 14:13:59] End to send programming cmd.
[Debug] [2025-8-13 14:13:59] Log::Print : The done bit is 1
[Debug] [2025-8-13 14:13:59] Log::Print : COMMAND[Program] execute successfully, takes 2.0 secs.
[Info] [2025-8-13 14:14:04] /***************************End Configration***************************/
[Info] [2025-8-13 15:25:02] /***************************Start Configuration***************************/
[Info] [2025-8-13 15:25:02] Path: C:/pango/PDS_2022.2-SP6.4/bin
[Info] [2025-8-13 15:25:02] Version: 146967
[Info] [2025-8-13 15:25:03] Current Path: D:/Desktop/work_material/RK_learning/RK3568_MES2L50H/05-work_material/03_FPGA_Project/01_img_pcie_capture/project
[Info] [2025-8-13 15:25:03] PDS Dir Path: D:/Desktop/work_material/RK_learning/RK3568_MES2L50H/05-work_material/03_FPGA_Project/01_img_pcie_capture/project
[Info] [2025-8-13 15:25:04] Configuration is not connect with server. connect first then scan chain.
[Debug] [2025-8-13 15:25:04] Client Local host name:LAPTOP-EA3TT0M1
[Debug] [2025-8-13 15:25:04] Client Local Address:192.168.1.11
[Debug] [2025-8-13 15:25:04] Client Local Address:192.168.1.18
[Debug] [2025-8-13 15:25:04] Server Address:127.0.0.1, Port:65420
[Debug] [2025-8-13 15:25:04] Log::Print : Connecting to server[127.0.0.1 : 65420].
[Info] [2025-8-13 15:25:04] Connect OK, Server: 127.0.0.1  Port: 65420
[Debug] [2025-8-13 15:25:04] Finish.
[Info] [2025-8-13 15:25:04] Connect server succeeded
[Debug] [2025-8-13 15:25:04] Send RPC:1
[Debug] [2025-8-13 15:25:04] Send cmd [check version information:40004] OK
[Debug] [2025-8-13 15:25:04] Log::Print : Connect to server[127.0.0.1 : 65420] successfully.
[Debug] [2025-8-13 15:25:05] Send RPC:2
[Debug] [2025-8-13 15:25:05] Send cmd [get_cable_paras:40010] OK
[Debug] [2025-8-13 15:25:05] Begin to send initialize chain cmd...
[Debug] [2025-8-13 15:25:05] Send RPC:3
[Debug] [2025-8-13 15:25:05] Send cmd [Open config cable:20001] OK
[Debug] [2025-8-13 15:25:05] End to send initialize chain cmd.
[Debug] [2025-8-13 15:25:05] COMMAND[check version information] execute successfully, takes 0.3 secs.
[Debug] [2025-8-13 15:25:05] Log::Print : COMMAND[check version information] execute successfully, takes 0.3 secs.
[Debug] [2025-8-13 15:25:06] COMMAND[get_cable_paras] execute successfully, takes 1.2 secs.
[Debug] [2025-8-13 15:25:06] Log::Print : The cable List : 
Cable index 0:USB Cable II/fffffffffffffffe 

[Debug] [2025-8-13 15:25:06] Log::Print : COMMAND[get_cable_paras] execute successfully, takes 1.2 secs.
[Debug] [2025-8-13 15:25:06] begin the exec of open cable cmd...
[Debug] [2025-8-13 15:25:06] Begin to deal with chain from server...
[Debug] [2025-8-13 15:25:06] Begin to set user chain...
[Debug] [2025-8-13 15:25:06] End to set user chain.
[Debug] [2025-8-13 15:25:06] Begin to update graphic item and tree item ...
[Debug] [2025-8-13 15:25:06] End to update graphic item and tree item ...
[Debug] [2025-8-13 15:25:06] Log::Print : PANGO USB CABLE II cable driver: D2XX DLL
[Debug] [2025-8-13 15:25:06] Log::Print : PG2L50H
[Debug] [2025-8-13 15:25:06] Log::Print : This device configure situation (done bit): 1
[Info] [2025-8-13 15:25:07] set OpenLastPath: D:/Desktop/work_material/RK_learning/RK3568_MES2L50H/05-work_material/03_FPGA_Project/01_img_pcie_capture/project/generate_bitstream/image_pcie_capture.sbit
[Debug] [2025-8-13 15:25:07] begin to get device info from CFG file...
[Debug] [2025-8-13 15:25:07] end to get device info from CFG file...
[Debug] [2025-8-13 15:25:07] Begin to update graphic item and tree item ...
[Debug] [2025-8-13 15:25:07] End to update graphic item and tree item ...
[Debug] [2025-8-13 15:25:07] Begin to update graphic item and tree item ...
[Debug] [2025-8-13 15:25:07] End to update graphic item and tree item ...
[Debug] [2025-8-13 15:25:07] End to deal wiht chain from server.
[Debug] [2025-8-13 15:25:07] end the exec of open cable cmd.
[Debug] [2025-8-13 15:25:07] COMMAND[Open config cable] execute successfully, takes 2.6 secs.
[Debug] [2025-8-13 15:25:07] Log::Print : COMMAND[Open config cable] execute successfully, takes 2.6 secs.
[Debug] [2025-8-13 15:25:12] Begin to Converte file.
[Debug] [2025-8-13 15:25:20] begin to parse sfc file.
[Debug] [2025-8-13 15:25:20] begin to get device info from CFG file...
[Debug] [2025-8-13 15:25:20] end to get device info from CFG file...
[Debug] [2025-8-13 15:25:20] begin to get device info from CFG file...
[Debug] [2025-8-13 15:25:20] end to get device info from CFG file...
[Debug] [2025-8-13 15:25:20] end to parse sfc file.
[Debug] [2025-8-13 15:25:20] Log::Print : The Start Address of bit file D:/Desktop/work_material/RK_learning/RK3568_MES2L50H/05-work_material/03_FPGA_Project/01_img_pcie_capture/project/generate_bitstream/image_pcie_capture.sbit: 0x0
[Debug] [2025-8-13 15:25:20] End to Converte file.
[Debug] [2025-8-13 15:25:22] Begin to send scan outer flash cmd...
[Debug] [2025-8-13 15:25:22] Send RPC:4
[Debug] [2025-8-13 15:25:22] Send cmd [Scan Outer SPI Flash:20300] OK
[Debug] [2025-8-13 15:25:22] End to send scan outer flash cmd.
[Debug] [2025-8-13 15:25:22] begin to exec scan jtag flash cmd...
[Debug] [2025-8-13 15:25:22] Begin to initialize JtagFlash for selected FPGA Device...
[Debug] [2025-8-13 15:25:22] Begin to update graphic item and tree item ...
[Debug] [2025-8-13 15:25:22] End to update graphic item and tree item ...
[Info] [2025-8-13 15:25:23] set OpenLastPath: D:/Desktop/work_material/RK_learning/RK3568_MES2L50H/05-work_material/03_FPGA_Project/01_img_pcie_capture/project/generate_bitstream/image_pcie_capture.sfc
[Debug] [2025-8-13 15:25:23] begin to check SFC File and Flash Device Read Mode.
[Debug] [2025-8-13 15:25:23] end to check SFC File and Flash Device Read Mode.
[Debug] [2025-8-13 15:25:23] Begin to update graphic item and tree item ...
[Debug] [2025-8-13 15:25:23] End to update graphic item and tree item ...
[Debug] [2025-8-13 15:25:23] End to initialize OuterFlash for selected FPGA Device...
[Debug] [2025-8-13 15:25:23] end to exec scan jtag flash cmd...
[Debug] [2025-8-13 15:25:23] COMMAND[Scan Outer SPI Flash] execute successfully, takes 1.2 secs.
[Debug] [2025-8-13 15:25:23] Log::Print : COMMAND[Scan Outer SPI Flash] execute successfully, takes 1.2 secs.
[Debug] [2025-8-13 15:25:24] begin to send promgram jtag flash cmd.
[Debug] [2025-8-13 15:25:24] begin to send jtag flash erase cmd
[Debug] [2025-8-13 15:25:24] Send RPC:5
[Debug] [2025-8-13 15:25:24] Begin to send embed flash erase data.
[Debug] [2025-8-13 15:25:24] Begin to send flash erase data.
[Debug] [2025-8-13 15:25:24] End to send flash erase data.
[Debug] [2025-8-13 15:25:24] End to send embed flash erase data.
[Debug] [2025-8-13 15:25:24] Send cmd [Erase Outer Flash:20302] OK
[Debug] [2025-8-13 15:25:24] Log::Print : The start address of operating flash is 0x0.
[Debug] [2025-8-13 15:25:24] The value of Progress is 1
[Debug] [2025-8-13 15:25:25] The value of Progress is 6
[Debug] [2025-8-13 15:25:26] The value of Progress is 12
[Debug] [2025-8-13 15:25:26] The value of Progress is 15
[Debug] [2025-8-13 15:25:27] The value of Progress is 21
[Debug] [2025-8-13 15:25:28] The value of Progress is 27
[Debug] [2025-8-13 15:25:28] The value of Progress is 30
[Debug] [2025-8-13 15:25:29] The value of Progress is 36
[Debug] [2025-8-13 15:25:29] The value of Progress is 42
[Debug] [2025-8-13 15:25:30] The value of Progress is 45
[Debug] [2025-8-13 15:25:31] The value of Progress is 51
[Debug] [2025-8-13 15:25:31] The value of Progress is 57
[Debug] [2025-8-13 15:25:32] The value of Progress is 60
[Debug] [2025-8-13 15:25:33] The value of Progress is 66
[Debug] [2025-8-13 15:25:33] The value of Progress is 72
[Debug] [2025-8-13 15:25:34] The value of Progress is 75
[Debug] [2025-8-13 15:25:34] The value of Progress is 81
[Debug] [2025-8-13 15:25:35] The value of Progress is 87
[Debug] [2025-8-13 15:25:35] The value of Progress is 90
[Debug] [2025-8-13 15:25:36] The value of Progress is 96
[Debug] [2025-8-13 15:25:36] The value of Progress is 100
[Debug] [2025-8-13 15:25:36] COMMAND[Erase Outer Flash] execute finish, takes 12.1 secs.
[Debug] [2025-8-13 15:25:36] end to send jtag flash erase cmd.
[Debug] [2025-8-13 15:25:36] Send RPC:6
[Debug] [2025-8-13 15:25:36] Begin to send jtag flash program data.
[Debug] [2025-8-13 15:25:36] Begin to send flash program data.
[Debug] [2025-8-13 15:25:36] End to send flash program data.
[Debug] [2025-8-13 15:25:36] End to send embed flash program data.
[Debug] [2025-8-13 15:25:36] Send cmd [Program Outer Flash:20301] OK
[Debug] [2025-8-13 15:25:36] Log::Print : COMMAND[Erase Outer Flash] execute finish, takes 12.1 secs.
[Debug] [2025-8-13 15:25:36] Log::Print : The start address of operating flash is 0x0.
[Debug] [2025-8-13 15:25:36] The value of Progress is 1
[Debug] [2025-8-13 15:25:38] The value of Progress is 6
[Debug] [2025-8-13 15:25:40] The value of Progress is 10
[Debug] [2025-8-13 15:25:41] The value of Progress is 15
[Debug] [2025-8-13 15:25:43] The value of Progress is 20
[Debug] [2025-8-13 15:25:44] The value of Progress is 25
[Debug] [2025-8-13 15:25:46] The value of Progress is 30
[Debug] [2025-8-13 15:25:48] The value of Progress is 35
[Debug] [2025-8-13 15:25:49] The value of Progress is 40
[Debug] [2025-8-13 15:25:51] The value of Progress is 45
[Debug] [2025-8-13 15:25:53] The value of Progress is 50
[Debug] [2025-8-13 15:25:54] The value of Progress is 55
[Debug] [2025-8-13 15:25:56] The value of Progress is 60
[Debug] [2025-8-13 15:25:58] The value of Progress is 65
[Debug] [2025-8-13 15:25:59] The value of Progress is 70
[Debug] [2025-8-13 15:26:01] The value of Progress is 75
[Debug] [2025-8-13 15:26:03] The value of Progress is 80
[Debug] [2025-8-13 15:26:04] The value of Progress is 85
[Debug] [2025-8-13 15:26:06] The value of Progress is 90
[Debug] [2025-8-13 15:26:08] The value of Progress is 95
[Debug] [2025-8-13 15:26:09] The value of Progress is 100
[Debug] [2025-8-13 15:26:10] COMMAND[Program Outer Flash] execute finish, takes 33.6 secs.
[Debug] [2025-8-13 15:26:10] begin to send jtag flash verify cmd
[Debug] [2025-8-13 15:26:10] Send RPC:7
[Debug] [2025-8-13 15:26:10] Begin to send embed flash verify data.
[Debug] [2025-8-13 15:26:10] Begin to send flash verify data.
[Debug] [2025-8-13 15:26:10] End to send flash verify data.
[Debug] [2025-8-13 15:26:10] End to send embed flash verify data.
[Debug] [2025-8-13 15:26:10] Send cmd [Verify Outer Flash:20303] OK
[Debug] [2025-8-13 15:26:10] Log::Print : COMMAND[Program Outer Flash] execute finish, takes 33.6 secs.
[Debug] [2025-8-13 15:26:10] Log::Print : The start address of operating flash is 0x0.
[Debug] [2025-8-13 15:26:10] The value of Progress is 1
[Debug] [2025-8-13 15:26:10] The value of Progress is 6
[Debug] [2025-8-13 15:26:10] The value of Progress is 10
[Debug] [2025-8-13 15:26:10] The value of Progress is 15
[Debug] [2025-8-13 15:26:10] The value of Progress is 20
[Debug] [2025-8-13 15:26:10] The value of Progress is 25
[Debug] [2025-8-13 15:26:10] The value of Progress is 30
[Debug] [2025-8-13 15:26:11] The value of Progress is 35
[Debug] [2025-8-13 15:26:11] The value of Progress is 40
[Debug] [2025-8-13 15:26:11] The value of Progress is 45
[Debug] [2025-8-13 15:26:11] The value of Progress is 50
[Debug] [2025-8-13 15:26:11] The value of Progress is 55
[Debug] [2025-8-13 15:26:11] The value of Progress is 60
[Debug] [2025-8-13 15:26:11] The value of Progress is 65
[Debug] [2025-8-13 15:26:11] The value of Progress is 70
[Debug] [2025-8-13 15:26:11] The value of Progress is 75
[Debug] [2025-8-13 15:26:11] The value of Progress is 80
[Debug] [2025-8-13 15:26:12] The value of Progress is 85
[Debug] [2025-8-13 15:26:12] The value of Progress is 90
[Debug] [2025-8-13 15:26:12] The value of Progress is 95
[Debug] [2025-8-13 15:26:12] The value of Progress is 100
[Debug] [2025-8-13 15:26:12] COMMAND[Verify Outer Flash] execute successfully, takes 2.5 secs.
[Debug] [2025-8-13 15:26:12] end to send jtag flash verify cmd
[Debug] [2025-8-13 15:26:12] end to send jtag flash program cmd.
[Debug] [2025-8-13 15:26:12] Log::Print : COMMAND[Verify Outer Flash] execute successfully, takes 2.5 secs.
[Debug] [2025-8-13 15:34:32] Begin to Converte file.
[Debug] [2025-8-13 15:34:32] End to Converte file.
[Debug] [2025-8-13 15:34:35] begin to parse sfc file.
[Debug] [2025-8-13 15:34:35] begin to get device info from CFG file...
[Debug] [2025-8-13 15:34:35] end to get device info from CFG file...
[Debug] [2025-8-13 15:34:35] begin to get device info from CFG file...
[Debug] [2025-8-13 15:34:35] end to get device info from CFG file...
[Debug] [2025-8-13 15:34:35] end to parse sfc file.
[Debug] [2025-8-13 15:34:35] Log::Print : The Start Address of bit file D:/Desktop/work_material/RK_learning/RK3568_MES2L50H/05-work_material/03_FPGA_Project/01_img_pcie_capture/project/generate_bitstream/image_pcie_capture.sbit: 0x0
[Debug] [2025-8-13 15:34:50] begin to send promgram jtag flash cmd.
[Debug] [2025-8-13 15:34:50] begin to send jtag flash erase cmd
[Debug] [2025-8-13 15:34:50] Send RPC:8
[Debug] [2025-8-13 15:34:50] Begin to send embed flash erase data.
[Debug] [2025-8-13 15:34:50] Begin to send flash erase data.
[Debug] [2025-8-13 15:34:50] End to send flash erase data.
[Debug] [2025-8-13 15:34:50] End to send embed flash erase data.
[Debug] [2025-8-13 15:34:50] Send cmd [Erase Outer Flash:20302] OK
[Debug] [2025-8-13 15:34:50] Log::Print : The start address of operating flash is 0x0.
[Debug] [2025-8-13 15:34:50] The value of Progress is 1
[Debug] [2025-8-13 15:34:51] The value of Progress is 6
[Debug] [2025-8-13 15:34:52] The value of Progress is 12
[Debug] [2025-8-13 15:34:52] The value of Progress is 15
[Debug] [2025-8-13 15:34:53] The value of Progress is 21
[Debug] [2025-8-13 15:34:53] The value of Progress is 27
[Debug] [2025-8-13 15:34:54] The value of Progress is 30
[Debug] [2025-8-13 15:34:54] The value of Progress is 36
[Debug] [2025-8-13 15:34:55] The value of Progress is 42
[Debug] [2025-8-13 15:34:56] The value of Progress is 45
[Debug] [2025-8-13 15:34:56] The value of Progress is 51
[Debug] [2025-8-13 15:34:57] The value of Progress is 57
[Debug] [2025-8-13 15:34:57] The value of Progress is 60
[Debug] [2025-8-13 15:34:58] The value of Progress is 66
[Debug] [2025-8-13 15:34:59] The value of Progress is 72
[Debug] [2025-8-13 15:34:59] The value of Progress is 75
[Debug] [2025-8-13 15:35:00] The value of Progress is 81
[Debug] [2025-8-13 15:35:00] The value of Progress is 87
[Debug] [2025-8-13 15:35:01] The value of Progress is 90
[Debug] [2025-8-13 15:35:01] The value of Progress is 96
[Debug] [2025-8-13 15:35:01] The value of Progress is 100
[Debug] [2025-8-13 15:35:02] COMMAND[Erase Outer Flash] execute finish, takes 11.9 secs.
[Debug] [2025-8-13 15:35:02] end to send jtag flash erase cmd.
[Debug] [2025-8-13 15:35:02] Send RPC:9
[Debug] [2025-8-13 15:35:02] Begin to send jtag flash program data.
[Debug] [2025-8-13 15:35:02] Begin to send flash program data.
[Debug] [2025-8-13 15:35:02] End to send flash program data.
[Debug] [2025-8-13 15:35:02] End to send embed flash program data.
[Debug] [2025-8-13 15:35:02] Send cmd [Program Outer Flash:20301] OK
[Debug] [2025-8-13 15:35:02] Log::Print : COMMAND[Erase Outer Flash] execute finish, takes 11.9 secs.
[Debug] [2025-8-13 15:35:02] Log::Print : The start address of operating flash is 0x0.
[Debug] [2025-8-13 15:35:02] The value of Progress is 1
[Debug] [2025-8-13 15:35:04] The value of Progress is 6
[Debug] [2025-8-13 15:35:05] The value of Progress is 10
[Debug] [2025-8-13 15:35:07] The value of Progress is 15
[Debug] [2025-8-13 15:35:08] The value of Progress is 20
[Debug] [2025-8-13 15:35:10] The value of Progress is 25
[Debug] [2025-8-13 15:35:12] The value of Progress is 30
[Debug] [2025-8-13 15:35:13] The value of Progress is 35
[Debug] [2025-8-13 15:35:15] The value of Progress is 40
[Debug] [2025-8-13 15:35:17] The value of Progress is 45
[Debug] [2025-8-13 15:35:18] The value of Progress is 50
[Debug] [2025-8-13 15:35:20] The value of Progress is 55
[Debug] [2025-8-13 15:35:22] The value of Progress is 60
[Debug] [2025-8-13 15:35:23] The value of Progress is 65
[Debug] [2025-8-13 15:35:25] The value of Progress is 70
[Debug] [2025-8-13 15:35:27] The value of Progress is 75
[Debug] [2025-8-13 15:35:29] The value of Progress is 80
[Debug] [2025-8-13 15:35:30] The value of Progress is 85
[Debug] [2025-8-13 15:35:32] The value of Progress is 90
[Debug] [2025-8-13 15:35:34] The value of Progress is 95
[Debug] [2025-8-13 15:35:35] The value of Progress is 100
[Debug] [2025-8-13 15:35:35] COMMAND[Program Outer Flash] execute finish, takes 33.6 secs.
[Debug] [2025-8-13 15:35:35] begin to send jtag flash verify cmd
[Debug] [2025-8-13 15:35:35] Send RPC:10
[Debug] [2025-8-13 15:35:35] Begin to send embed flash verify data.
[Debug] [2025-8-13 15:35:35] Begin to send flash verify data.
[Debug] [2025-8-13 15:35:35] End to send flash verify data.
[Debug] [2025-8-13 15:35:35] End to send embed flash verify data.
[Debug] [2025-8-13 15:35:35] Send cmd [Verify Outer Flash:20303] OK
[Debug] [2025-8-13 15:35:35] Log::Print : COMMAND[Program Outer Flash] execute finish, takes 33.6 secs.
[Debug] [2025-8-13 15:35:35] Log::Print : The start address of operating flash is 0x0.
[Debug] [2025-8-13 15:35:35] The value of Progress is 1
[Debug] [2025-8-13 15:35:36] The value of Progress is 6
[Debug] [2025-8-13 15:35:36] The value of Progress is 10
[Debug] [2025-8-13 15:35:36] The value of Progress is 15
[Debug] [2025-8-13 15:35:36] The value of Progress is 20
[Debug] [2025-8-13 15:35:36] The value of Progress is 25
[Debug] [2025-8-13 15:35:36] The value of Progress is 30
[Debug] [2025-8-13 15:35:36] The value of Progress is 35
[Debug] [2025-8-13 15:35:36] The value of Progress is 40
[Debug] [2025-8-13 15:35:36] The value of Progress is 45
[Debug] [2025-8-13 15:35:36] The value of Progress is 50
[Debug] [2025-8-13 15:35:37] The value of Progress is 55
[Debug] [2025-8-13 15:35:37] The value of Progress is 60
[Debug] [2025-8-13 15:35:37] The value of Progress is 65
[Debug] [2025-8-13 15:35:37] The value of Progress is 70
[Debug] [2025-8-13 15:35:37] The value of Progress is 75
[Debug] [2025-8-13 15:35:37] The value of Progress is 80
[Debug] [2025-8-13 15:35:37] The value of Progress is 85
[Debug] [2025-8-13 15:35:37] The value of Progress is 90
[Debug] [2025-8-13 15:35:37] The value of Progress is 95
[Debug] [2025-8-13 15:35:38] The value of Progress is 100
[Debug] [2025-8-13 15:35:38] COMMAND[Verify Outer Flash] execute successfully, takes 2.5 secs.
[Debug] [2025-8-13 15:35:38] end to send jtag flash verify cmd
[Debug] [2025-8-13 15:35:38] end to send jtag flash program cmd.
[Debug] [2025-8-13 15:35:38] Log::Print : COMMAND[Verify Outer Flash] execute successfully, takes 2.5 secs.
[Debug] [2025-8-13 15:47:23] begin to send promgram jtag flash cmd.
[Debug] [2025-8-13 15:47:23] begin to send jtag flash erase cmd
[Debug] [2025-8-13 15:47:23] Send RPC:11
[Debug] [2025-8-13 15:47:23] Begin to send embed flash erase data.
[Debug] [2025-8-13 15:47:23] Begin to send flash erase data.
[Debug] [2025-8-13 15:47:23] End to send flash erase data.
[Debug] [2025-8-13 15:47:23] End to send embed flash erase data.
[Debug] [2025-8-13 15:47:23] Send cmd [Erase Outer Flash:20302] OK
[Debug] [2025-8-13 15:47:23] Log::Print : The start address of operating flash is 0x0.
[Debug] [2025-8-13 15:47:23] The value of Progress is 1
[Debug] [2025-8-13 15:47:24] The value of Progress is 6
[Debug] [2025-8-13 15:47:25] The value of Progress is 12
[Debug] [2025-8-13 15:47:25] The value of Progress is 15
[Debug] [2025-8-13 15:47:26] The value of Progress is 21
[Debug] [2025-8-13 15:47:27] The value of Progress is 27
[Debug] [2025-8-13 15:47:27] The value of Progress is 30
[Debug] [2025-8-13 15:47:28] The value of Progress is 36
[Debug] [2025-8-13 15:47:28] The value of Progress is 42
[Debug] [2025-8-13 15:47:29] The value of Progress is 45
[Debug] [2025-8-13 15:47:29] The value of Progress is 51
[Debug] [2025-8-13 15:47:30] The value of Progress is 57
[Debug] [2025-8-13 15:47:30] The value of Progress is 60
[Debug] [2025-8-13 15:47:31] The value of Progress is 66
[Debug] [2025-8-13 15:47:32] The value of Progress is 72
[Debug] [2025-8-13 15:47:32] The value of Progress is 75
[Debug] [2025-8-13 15:47:33] The value of Progress is 81
[Debug] [2025-8-13 15:47:33] The value of Progress is 87
[Debug] [2025-8-13 15:47:34] The value of Progress is 90
[Debug] [2025-8-13 15:47:34] The value of Progress is 96
[Debug] [2025-8-13 15:47:34] The value of Progress is 100
[Debug] [2025-8-13 15:47:34] COMMAND[Erase Outer Flash] execute finish, takes 11.8 secs.
[Debug] [2025-8-13 15:47:34] end to send jtag flash erase cmd.
[Debug] [2025-8-13 15:47:34] Send RPC:12
[Debug] [2025-8-13 15:47:34] Begin to send jtag flash program data.
[Debug] [2025-8-13 15:47:34] Begin to send flash program data.
[Debug] [2025-8-13 15:47:34] End to send flash program data.
[Debug] [2025-8-13 15:47:34] End to send embed flash program data.
[Debug] [2025-8-13 15:47:34] Send cmd [Program Outer Flash:20301] OK
[Debug] [2025-8-13 15:47:35] Log::Print : COMMAND[Erase Outer Flash] execute finish, takes 11.8 secs.
[Debug] [2025-8-13 15:47:35] Log::Print : The start address of operating flash is 0x0.
[Debug] [2025-8-13 15:47:35] The value of Progress is 1
[Debug] [2025-8-13 15:47:37] The value of Progress is 6
[Debug] [2025-8-13 15:47:38] The value of Progress is 10
[Debug] [2025-8-13 15:47:40] The value of Progress is 15
[Debug] [2025-8-13 15:47:41] The value of Progress is 20
[Debug] [2025-8-13 15:47:43] The value of Progress is 25
[Debug] [2025-8-13 15:47:45] The value of Progress is 30
[Debug] [2025-8-13 15:47:46] The value of Progress is 35
[Debug] [2025-8-13 15:47:48] The value of Progress is 40
[Debug] [2025-8-13 15:47:50] The value of Progress is 45
[Debug] [2025-8-13 15:47:51] The value of Progress is 50
[Debug] [2025-8-13 15:47:53] The value of Progress is 55
[Debug] [2025-8-13 15:47:55] The value of Progress is 60
[Debug] [2025-8-13 15:47:56] The value of Progress is 65
[Debug] [2025-8-13 15:47:58] The value of Progress is 70
[Debug] [2025-8-13 15:48:00] The value of Progress is 75
[Debug] [2025-8-13 15:48:01] The value of Progress is 80
[Debug] [2025-8-13 15:48:03] The value of Progress is 85
[Debug] [2025-8-13 15:48:05] The value of Progress is 90
[Debug] [2025-8-13 15:48:06] The value of Progress is 95
[Debug] [2025-8-13 15:48:08] The value of Progress is 100
[Debug] [2025-8-13 15:48:08] COMMAND[Program Outer Flash] execute finish, takes 33.4 secs.
[Debug] [2025-8-13 15:48:08] begin to send jtag flash verify cmd
[Debug] [2025-8-13 15:48:08] Send RPC:13
[Debug] [2025-8-13 15:48:08] Begin to send embed flash verify data.
[Debug] [2025-8-13 15:48:08] Begin to send flash verify data.
[Debug] [2025-8-13 15:48:08] End to send flash verify data.
[Debug] [2025-8-13 15:48:08] End to send embed flash verify data.
[Debug] [2025-8-13 15:48:08] Send cmd [Verify Outer Flash:20303] OK
[Debug] [2025-8-13 15:48:08] Log::Print : COMMAND[Program Outer Flash] execute finish, takes 33.4 secs.
[Debug] [2025-8-13 15:48:08] Log::Print : The start address of operating flash is 0x0.
[Debug] [2025-8-13 15:48:08] The value of Progress is 1
[Debug] [2025-8-13 15:48:08] The value of Progress is 6
[Debug] [2025-8-13 15:48:08] The value of Progress is 10
[Debug] [2025-8-13 15:48:08] The value of Progress is 15
[Debug] [2025-8-13 15:48:08] The value of Progress is 20
[Debug] [2025-8-13 15:48:09] The value of Progress is 25
[Debug] [2025-8-13 15:48:09] The value of Progress is 30
[Debug] [2025-8-13 15:48:09] The value of Progress is 35
[Debug] [2025-8-13 15:48:09] The value of Progress is 40
[Debug] [2025-8-13 15:48:09] The value of Progress is 45
[Debug] [2025-8-13 15:48:09] The value of Progress is 50
[Debug] [2025-8-13 15:48:09] The value of Progress is 55
[Debug] [2025-8-13 15:48:09] The value of Progress is 60
[Debug] [2025-8-13 15:48:09] The value of Progress is 65
[Debug] [2025-8-13 15:48:10] The value of Progress is 70
[Debug] [2025-8-13 15:48:10] The value of Progress is 75
[Debug] [2025-8-13 15:48:10] The value of Progress is 80
[Debug] [2025-8-13 15:48:10] The value of Progress is 85
[Debug] [2025-8-13 15:48:10] The value of Progress is 90
[Debug] [2025-8-13 15:48:10] The value of Progress is 95
[Debug] [2025-8-13 15:48:10] The value of Progress is 100
[Debug] [2025-8-13 15:48:10] COMMAND[Verify Outer Flash] execute successfully, takes 2.5 secs.
[Debug] [2025-8-13 15:48:10] end to send jtag flash verify cmd
[Debug] [2025-8-13 15:48:10] end to send jtag flash program cmd.
[Debug] [2025-8-13 15:48:10] Log::Print : COMMAND[Verify Outer Flash] execute successfully, takes 2.5 secs.
[Debug] [2025-8-13 16:26:19] Begin to send programming cmd...
[Debug] [2025-8-13 16:26:19] Send RPC:14
[Debug] [2025-8-13 16:26:19] Begin to send program data.
[Debug] [2025-8-13 16:26:19] End to send program data.
[Debug] [2025-8-13 16:26:19] Send cmd [Program:20002] OK
[Debug] [2025-8-13 16:26:20] The value of Progress is 6
[Debug] [2025-8-13 16:26:20] The value of Progress is 10
[Debug] [2025-8-13 16:26:20] The value of Progress is 15
[Debug] [2025-8-13 16:26:20] The value of Progress is 20
[Debug] [2025-8-13 16:26:20] The value of Progress is 25
[Debug] [2025-8-13 16:26:20] The value of Progress is 30
[Debug] [2025-8-13 16:26:20] The value of Progress is 35
[Debug] [2025-8-13 16:26:21] The value of Progress is 40
[Debug] [2025-8-13 16:26:21] The value of Progress is 45
[Debug] [2025-8-13 16:26:21] The value of Progress is 50
[Debug] [2025-8-13 16:26:21] The value of Progress is 55
[Debug] [2025-8-13 16:26:21] The value of Progress is 60
[Debug] [2025-8-13 16:26:21] The value of Progress is 65
[Debug] [2025-8-13 16:26:21] The value of Progress is 70
[Debug] [2025-8-13 16:26:21] The value of Progress is 75
[Debug] [2025-8-13 16:26:21] The value of Progress is 80
[Debug] [2025-8-13 16:26:21] The value of Progress is 85
[Debug] [2025-8-13 16:26:21] The value of Progress is 90
[Debug] [2025-8-13 16:26:22] The value of Progress is 95
[Debug] [2025-8-13 16:26:22] The value of Progress is 100
[Debug] [2025-8-13 16:26:22] COMMAND[Program] execute successfully, takes 2.7 secs.
[Debug] [2025-8-13 16:26:22] End to send programming cmd.
[Debug] [2025-8-13 16:26:22] Log::Print : The done bit is 1
[Debug] [2025-8-13 16:26:22] Log::Print : COMMAND[Program] execute successfully, takes 2.7 secs.
[Debug] [2025-8-13 16:26:28] begin to send promgram jtag flash cmd.
[Debug] [2025-8-13 16:26:28] begin to send jtag flash erase cmd
[Debug] [2025-8-13 16:26:28] Send RPC:15
[Debug] [2025-8-13 16:26:28] Begin to send embed flash erase data.
[Debug] [2025-8-13 16:26:28] Begin to send flash erase data.
[Debug] [2025-8-13 16:26:28] End to send flash erase data.
[Debug] [2025-8-13 16:26:28] End to send embed flash erase data.
[Debug] [2025-8-13 16:26:28] Send cmd [Erase Outer Flash:20302] OK
[Debug] [2025-8-13 16:26:28] Log::Print : The start address of operating flash is 0x0.
[Debug] [2025-8-13 16:26:29] The value of Progress is 1
[Debug] [2025-8-13 16:26:30] The value of Progress is 6
[Debug] [2025-8-13 16:26:30] The value of Progress is 12
[Debug] [2025-8-13 16:26:31] The value of Progress is 15
[Debug] [2025-8-13 16:26:31] The value of Progress is 21
[Debug] [2025-8-13 16:26:32] The value of Progress is 27
[Debug] [2025-8-13 16:26:33] The value of Progress is 30
[Debug] [2025-8-13 16:26:33] The value of Progress is 36
[Debug] [2025-8-13 16:26:34] The value of Progress is 42
[Debug] [2025-8-13 16:26:34] The value of Progress is 45
[Debug] [2025-8-13 16:26:35] The value of Progress is 51
[Debug] [2025-8-13 16:26:36] The value of Progress is 57
[Debug] [2025-8-13 16:26:36] The value of Progress is 60
[Debug] [2025-8-13 16:26:37] The value of Progress is 66
[Debug] [2025-8-13 16:26:37] The value of Progress is 72
[Debug] [2025-8-13 16:26:38] The value of Progress is 75
[Debug] [2025-8-13 16:26:39] The value of Progress is 81
[Debug] [2025-8-13 16:26:39] The value of Progress is 87
[Debug] [2025-8-13 16:26:40] The value of Progress is 90
[Debug] [2025-8-13 16:26:40] The value of Progress is 96
[Debug] [2025-8-13 16:26:40] The value of Progress is 100
[Debug] [2025-8-13 16:26:40] COMMAND[Erase Outer Flash] execute finish, takes 12.0 secs.
[Debug] [2025-8-13 16:26:40] end to send jtag flash erase cmd.
[Debug] [2025-8-13 16:26:40] Send RPC:16
[Debug] [2025-8-13 16:26:40] Begin to send jtag flash program data.
[Debug] [2025-8-13 16:26:40] Begin to send flash program data.
[Debug] [2025-8-13 16:26:40] End to send flash program data.
[Debug] [2025-8-13 16:26:40] End to send embed flash program data.
[Debug] [2025-8-13 16:26:40] Send cmd [Program Outer Flash:20301] OK
[Debug] [2025-8-13 16:26:40] Log::Print : COMMAND[Erase Outer Flash] execute finish, takes 12.0 secs.
[Debug] [2025-8-13 16:26:40] Log::Print : The start address of operating flash is 0x0.
[Debug] [2025-8-13 16:26:41] The value of Progress is 1
[Debug] [2025-8-13 16:26:43] The value of Progress is 6
[Debug] [2025-8-13 16:26:44] The value of Progress is 10
[Debug] [2025-8-13 16:26:46] The value of Progress is 15
[Debug] [2025-8-13 16:26:47] The value of Progress is 20
[Debug] [2025-8-13 16:26:49] The value of Progress is 25
[Debug] [2025-8-13 16:26:51] The value of Progress is 30
[Debug] [2025-8-13 16:26:52] The value of Progress is 35
[Debug] [2025-8-13 16:26:54] The value of Progress is 40
[Debug] [2025-8-13 16:26:55] The value of Progress is 45
[Debug] [2025-8-13 16:26:57] The value of Progress is 50
[Debug] [2025-8-13 16:26:59] The value of Progress is 55
[Debug] [2025-8-13 16:27:00] The value of Progress is 60
[Debug] [2025-8-13 16:27:02] The value of Progress is 65
[Debug] [2025-8-13 16:27:04] The value of Progress is 70
[Debug] [2025-8-13 16:27:05] The value of Progress is 75
[Debug] [2025-8-13 16:27:07] The value of Progress is 80
[Debug] [2025-8-13 16:27:09] The value of Progress is 85
[Debug] [2025-8-13 16:27:12] The value of Progress is 90
[Debug] [2025-8-13 16:27:14] The value of Progress is 95
[Debug] [2025-8-13 16:27:14] The value of Progress is 100
[Debug] [2025-8-13 16:27:14] COMMAND[Program Outer Flash] execute finish, takes 33.9 secs.
[Debug] [2025-8-13 16:27:14] begin to send jtag flash verify cmd
[Debug] [2025-8-13 16:27:14] Send RPC:17
[Debug] [2025-8-13 16:27:14] Begin to send embed flash verify data.
[Debug] [2025-8-13 16:27:14] Begin to send flash verify data.
[Debug] [2025-8-13 16:27:14] End to send flash verify data.
[Debug] [2025-8-13 16:27:14] End to send embed flash verify data.
[Debug] [2025-8-13 16:27:14] Send cmd [Verify Outer Flash:20303] OK
[Debug] [2025-8-13 16:27:15] Log::Print : COMMAND[Program Outer Flash] execute finish, takes 33.9 secs.
[Debug] [2025-8-13 16:27:15] Log::Print : The start address of operating flash is 0x0.
[Debug] [2025-8-13 16:27:15] The value of Progress is 1
[Debug] [2025-8-13 16:27:15] The value of Progress is 6
[Debug] [2025-8-13 16:27:15] The value of Progress is 10
[Debug] [2025-8-13 16:27:15] The value of Progress is 15
[Debug] [2025-8-13 16:27:15] The value of Progress is 20
[Debug] [2025-8-13 16:27:15] The value of Progress is 25
[Debug] [2025-8-13 16:27:15] The value of Progress is 30
[Debug] [2025-8-13 16:27:15] The value of Progress is 35
[Debug] [2025-8-13 16:27:15] The value of Progress is 40
[Debug] [2025-8-13 16:27:15] The value of Progress is 45
[Debug] [2025-8-13 16:27:16] The value of Progress is 50
[Debug] [2025-8-13 16:27:16] The value of Progress is 55
[Debug] [2025-8-13 16:27:16] The value of Progress is 60
[Debug] [2025-8-13 16:27:16] The value of Progress is 65
[Debug] [2025-8-13 16:27:16] The value of Progress is 70
[Debug] [2025-8-13 16:27:16] The value of Progress is 75
[Debug] [2025-8-13 16:27:16] The value of Progress is 80
[Debug] [2025-8-13 16:27:16] The value of Progress is 85
[Debug] [2025-8-13 16:27:16] The value of Progress is 90
[Debug] [2025-8-13 16:27:16] The value of Progress is 95
[Debug] [2025-8-13 16:27:17] The value of Progress is 100
[Debug] [2025-8-13 16:27:17] COMMAND[Verify Outer Flash] execute successfully, takes 2.5 secs.
[Debug] [2025-8-13 16:27:17] end to send jtag flash verify cmd
[Debug] [2025-8-13 16:27:17] end to send jtag flash program cmd.
[Debug] [2025-8-13 16:27:17] Log::Print : COMMAND[Verify Outer Flash] execute successfully, takes 2.5 secs.
[Debug] [2025-8-13 16:51:11] Begin to Converte file.
[Debug] [2025-8-13 16:51:11] End to Converte file.
[Debug] [2025-8-13 16:51:14] begin to parse sfc file.
[Debug] [2025-8-13 16:51:14] begin to get device info from CFG file...
[Debug] [2025-8-13 16:51:14] end to get device info from CFG file...
[Debug] [2025-8-13 16:51:14] begin to get device info from CFG file...
[Debug] [2025-8-13 16:51:14] end to get device info from CFG file...
[Debug] [2025-8-13 16:51:14] end to parse sfc file.
[Debug] [2025-8-13 16:51:14] Log::Print : The Start Address of bit file D:/Desktop/work_material/RK_learning/RK3568_MES2L50H/05-work_material/03_FPGA_Project/01_img_pcie_capture/project/generate_bitstream/image_pcie_capture.sbit: 0x0
[Debug] [2025-8-13 16:51:19] begin to send promgram jtag flash cmd.
[Debug] [2025-8-13 16:51:19] begin to send jtag flash erase cmd
[Debug] [2025-8-13 16:51:19] Send RPC:18
[Debug] [2025-8-13 16:51:19] Begin to send embed flash erase data.
[Debug] [2025-8-13 16:51:19] Begin to send flash erase data.
[Debug] [2025-8-13 16:51:19] End to send flash erase data.
[Debug] [2025-8-13 16:51:19] End to send embed flash erase data.
[Debug] [2025-8-13 16:51:19] Send cmd [Erase Outer Flash:20302] OK
[Debug] [2025-8-13 16:51:19] Log::Print : The start address of operating flash is 0x0.
[Debug] [2025-8-13 16:51:19] The value of Progress is 1
[Debug] [2025-8-13 16:51:20] The value of Progress is 6
[Debug] [2025-8-13 16:51:21] The value of Progress is 12
[Debug] [2025-8-13 16:51:21] The value of Progress is 15
[Debug] [2025-8-13 16:51:22] The value of Progress is 21
[Debug] [2025-8-13 16:51:23] The value of Progress is 27
[Debug] [2025-8-13 16:51:23] The value of Progress is 30
[Debug] [2025-8-13 16:51:24] The value of Progress is 36
[Debug] [2025-8-13 16:51:25] The value of Progress is 42
[Debug] [2025-8-13 16:51:25] The value of Progress is 45
[Debug] [2025-8-13 16:51:26] The value of Progress is 51
[Debug] [2025-8-13 16:51:26] The value of Progress is 57
[Debug] [2025-8-13 16:51:27] The value of Progress is 60
[Debug] [2025-8-13 16:51:27] The value of Progress is 66
[Debug] [2025-8-13 16:51:28] The value of Progress is 72
[Debug] [2025-8-13 16:51:28] The value of Progress is 75
[Debug] [2025-8-13 16:51:29] The value of Progress is 81
[Debug] [2025-8-13 16:51:30] The value of Progress is 87
[Debug] [2025-8-13 16:51:30] The value of Progress is 90
[Debug] [2025-8-13 16:51:31] The value of Progress is 96
[Debug] [2025-8-13 16:51:31] The value of Progress is 100
[Debug] [2025-8-13 16:51:31] COMMAND[Erase Outer Flash] execute finish, takes 12.3 secs.
[Debug] [2025-8-13 16:51:31] end to send jtag flash erase cmd.
[Debug] [2025-8-13 16:51:31] Send RPC:19
[Debug] [2025-8-13 16:51:31] Begin to send jtag flash program data.
[Debug] [2025-8-13 16:51:31] Begin to send flash program data.
[Debug] [2025-8-13 16:51:31] End to send flash program data.
[Debug] [2025-8-13 16:51:31] End to send embed flash program data.
[Debug] [2025-8-13 16:51:31] Send cmd [Program Outer Flash:20301] OK
[Debug] [2025-8-13 16:51:31] Log::Print : COMMAND[Erase Outer Flash] execute finish, takes 12.3 secs.
[Debug] [2025-8-13 16:51:31] Log::Print : The start address of operating flash is 0x0.
[Debug] [2025-8-13 16:51:31] The value of Progress is 1
[Debug] [2025-8-13 16:51:33] The value of Progress is 6
[Debug] [2025-8-13 16:51:35] The value of Progress is 10
[Debug] [2025-8-13 16:51:36] The value of Progress is 15
[Debug] [2025-8-13 16:51:38] The value of Progress is 20
[Debug] [2025-8-13 16:51:40] The value of Progress is 25
[Debug] [2025-8-13 16:51:41] The value of Progress is 30
[Debug] [2025-8-13 16:51:43] The value of Progress is 35
[Debug] [2025-8-13 16:51:45] The value of Progress is 40
[Debug] [2025-8-13 16:51:46] The value of Progress is 45
[Debug] [2025-8-13 16:51:48] The value of Progress is 50
[Debug] [2025-8-13 16:51:50] The value of Progress is 55
[Debug] [2025-8-13 16:51:51] The value of Progress is 60
[Debug] [2025-8-13 16:51:53] The value of Progress is 65
[Debug] [2025-8-13 16:51:55] The value of Progress is 70
[Debug] [2025-8-13 16:51:56] The value of Progress is 75
[Debug] [2025-8-13 16:51:58] The value of Progress is 80
[Debug] [2025-8-13 16:52:00] The value of Progress is 85
[Debug] [2025-8-13 16:52:01] The value of Progress is 90
[Debug] [2025-8-13 16:52:03] The value of Progress is 95
[Debug] [2025-8-13 16:52:05] The value of Progress is 100
[Debug] [2025-8-13 16:52:05] COMMAND[Program Outer Flash] execute finish, takes 33.7 secs.
[Debug] [2025-8-13 16:52:05] begin to send jtag flash verify cmd
[Debug] [2025-8-13 16:52:05] Send RPC:20
[Debug] [2025-8-13 16:52:05] Begin to send embed flash verify data.
[Debug] [2025-8-13 16:52:05] Begin to send flash verify data.
[Debug] [2025-8-13 16:52:05] End to send flash verify data.
[Debug] [2025-8-13 16:52:05] End to send embed flash verify data.
[Debug] [2025-8-13 16:52:05] Send cmd [Verify Outer Flash:20303] OK
[Debug] [2025-8-13 16:52:05] Log::Print : COMMAND[Program Outer Flash] execute finish, takes 33.7 secs.
[Debug] [2025-8-13 16:52:05] Log::Print : The start address of operating flash is 0x0.
[Debug] [2025-8-13 16:52:05] The value of Progress is 1
[Debug] [2025-8-13 16:52:05] The value of Progress is 6
[Debug] [2025-8-13 16:52:05] The value of Progress is 10
[Debug] [2025-8-13 16:52:05] The value of Progress is 15
[Debug] [2025-8-13 16:52:06] The value of Progress is 20
[Debug] [2025-8-13 16:52:06] The value of Progress is 25
[Debug] [2025-8-13 16:52:06] The value of Progress is 30
[Debug] [2025-8-13 16:52:06] The value of Progress is 35
[Debug] [2025-8-13 16:52:06] The value of Progress is 40
[Debug] [2025-8-13 16:52:06] The value of Progress is 45
[Debug] [2025-8-13 16:52:06] The value of Progress is 50
[Debug] [2025-8-13 16:52:06] The value of Progress is 55
[Debug] [2025-8-13 16:52:06] The value of Progress is 60
[Debug] [2025-8-13 16:52:07] The value of Progress is 65
[Debug] [2025-8-13 16:52:07] The value of Progress is 70
[Debug] [2025-8-13 16:52:07] The value of Progress is 75
[Debug] [2025-8-13 16:52:07] The value of Progress is 80
[Debug] [2025-8-13 16:52:07] The value of Progress is 85
[Debug] [2025-8-13 16:52:07] The value of Progress is 90
[Debug] [2025-8-13 16:52:07] The value of Progress is 95
[Debug] [2025-8-13 16:52:07] The value of Progress is 100
[Debug] [2025-8-13 16:52:07] COMMAND[Verify Outer Flash] execute successfully, takes 2.5 secs.
[Debug] [2025-8-13 16:52:07] end to send jtag flash verify cmd
[Debug] [2025-8-13 16:52:07] end to send jtag flash program cmd.
[Debug] [2025-8-13 16:52:07] Log::Print : COMMAND[Verify Outer Flash] execute successfully, takes 2.5 secs.
[Debug] [2025-8-13 16:52:47] begin to send promgram jtag flash cmd.
[Debug] [2025-8-13 16:52:47] begin to send jtag flash erase cmd
[Debug] [2025-8-13 16:52:47] Send RPC:21
[Debug] [2025-8-13 16:52:47] Begin to send embed flash erase data.
[Debug] [2025-8-13 16:52:47] Begin to send flash erase data.
[Debug] [2025-8-13 16:52:47] End to send flash erase data.
[Debug] [2025-8-13 16:52:47] End to send embed flash erase data.
[Debug] [2025-8-13 16:52:47] Send cmd [Erase Outer Flash:20302] OK
[Debug] [2025-8-13 16:52:47] Log::Print : The start address of operating flash is 0x0.
[Debug] [2025-8-13 16:52:47] The value of Progress is 1
[Debug] [2025-8-13 16:52:48] The value of Progress is 6
[Debug] [2025-8-13 16:52:49] The value of Progress is 12
[Debug] [2025-8-13 16:52:49] The value of Progress is 15
[Debug] [2025-8-13 16:52:50] The value of Progress is 21
[Debug] [2025-8-13 16:52:51] The value of Progress is 27
[Debug] [2025-8-13 16:52:51] The value of Progress is 30
[Debug] [2025-8-13 16:52:52] The value of Progress is 36
[Debug] [2025-8-13 16:52:53] The value of Progress is 42
[Debug] [2025-8-13 16:52:53] The value of Progress is 45
[Debug] [2025-8-13 16:52:54] The value of Progress is 51
[Debug] [2025-8-13 16:52:54] The value of Progress is 57
[Debug] [2025-8-13 16:52:55] The value of Progress is 60
[Debug] [2025-8-13 16:52:55] The value of Progress is 66
[Debug] [2025-8-13 16:52:56] The value of Progress is 72
[Debug] [2025-8-13 16:52:56] The value of Progress is 75
[Debug] [2025-8-13 16:52:57] The value of Progress is 81
[Debug] [2025-8-13 16:52:58] The value of Progress is 87
[Debug] [2025-8-13 16:52:58] The value of Progress is 90
[Debug] [2025-8-13 16:52:59] The value of Progress is 96
[Debug] [2025-8-13 16:52:59] The value of Progress is 100
[Debug] [2025-8-13 16:52:59] COMMAND[Erase Outer Flash] execute finish, takes 11.8 secs.
[Debug] [2025-8-13 16:52:59] end to send jtag flash erase cmd.
[Debug] [2025-8-13 16:52:59] Send RPC:22
[Debug] [2025-8-13 16:52:59] Begin to send jtag flash program data.
[Debug] [2025-8-13 16:52:59] Begin to send flash program data.
[Debug] [2025-8-13 16:52:59] End to send flash program data.
[Debug] [2025-8-13 16:52:59] End to send embed flash program data.
[Debug] [2025-8-13 16:52:59] Send cmd [Program Outer Flash:20301] OK
[Debug] [2025-8-13 16:52:59] Log::Print : COMMAND[Erase Outer Flash] execute finish, takes 11.8 secs.
[Debug] [2025-8-13 16:52:59] Log::Print : The start address of operating flash is 0x0.
[Debug] [2025-8-13 16:52:59] The value of Progress is 1
[Debug] [2025-8-13 16:53:01] The value of Progress is 6
[Debug] [2025-8-13 16:53:03] The value of Progress is 10
[Debug] [2025-8-13 16:53:04] The value of Progress is 15
[Debug] [2025-8-13 16:53:06] The value of Progress is 20
[Debug] [2025-8-13 16:53:07] The value of Progress is 25
[Debug] [2025-8-13 16:53:09] The value of Progress is 30
[Debug] [2025-8-13 16:53:11] The value of Progress is 35
[Debug] [2025-8-13 16:53:12] The value of Progress is 40
[Debug] [2025-8-13 16:53:14] The value of Progress is 45
[Debug] [2025-8-13 16:53:16] The value of Progress is 50
[Debug] [2025-8-13 16:53:17] The value of Progress is 55
[Debug] [2025-8-13 16:53:19] The value of Progress is 60
[Debug] [2025-8-13 16:53:21] The value of Progress is 65
[Debug] [2025-8-13 16:53:22] The value of Progress is 70
[Debug] [2025-8-13 16:53:24] The value of Progress is 75
[Debug] [2025-8-13 16:53:26] The value of Progress is 80
[Debug] [2025-8-13 16:53:27] The value of Progress is 85
[Debug] [2025-8-13 16:53:29] The value of Progress is 90
[Debug] [2025-8-13 16:53:31] The value of Progress is 95
[Debug] [2025-8-13 16:53:32] The value of Progress is 100
[Debug] [2025-8-13 16:53:32] COMMAND[Program Outer Flash] execute finish, takes 33.4 secs.
[Debug] [2025-8-13 16:53:32] begin to send jtag flash verify cmd
[Debug] [2025-8-13 16:53:32] Send RPC:23
[Debug] [2025-8-13 16:53:32] Begin to send embed flash verify data.
[Debug] [2025-8-13 16:53:32] Begin to send flash verify data.
[Debug] [2025-8-13 16:53:32] End to send flash verify data.
[Debug] [2025-8-13 16:53:32] End to send embed flash verify data.
[Debug] [2025-8-13 16:53:32] Send cmd [Verify Outer Flash:20303] OK
[Debug] [2025-8-13 16:53:32] Log::Print : COMMAND[Program Outer Flash] execute finish, takes 33.4 secs.
[Debug] [2025-8-13 16:53:32] Log::Print : The start address of operating flash is 0x0.
[Debug] [2025-8-13 16:53:33] The value of Progress is 1
[Debug] [2025-8-13 16:53:33] The value of Progress is 6
[Debug] [2025-8-13 16:53:33] The value of Progress is 10
[Debug] [2025-8-13 16:53:33] The value of Progress is 15
[Debug] [2025-8-13 16:53:33] The value of Progress is 20
[Debug] [2025-8-13 16:53:33] The value of Progress is 25
[Debug] [2025-8-13 16:53:33] The value of Progress is 30
[Debug] [2025-8-13 16:53:33] The value of Progress is 35
[Debug] [2025-8-13 16:53:33] The value of Progress is 40
[Debug] [2025-8-13 16:53:34] The value of Progress is 45
[Debug] [2025-8-13 16:53:34] The value of Progress is 50
[Debug] [2025-8-13 16:53:34] The value of Progress is 55
[Debug] [2025-8-13 16:53:34] The value of Progress is 60
[Debug] [2025-8-13 16:53:34] The value of Progress is 65
[Debug] [2025-8-13 16:53:34] The value of Progress is 70
[Debug] [2025-8-13 16:53:34] The value of Progress is 75
[Debug] [2025-8-13 16:53:34] The value of Progress is 80
[Debug] [2025-8-13 16:53:34] The value of Progress is 85
[Debug] [2025-8-13 16:53:35] The value of Progress is 90
[Debug] [2025-8-13 16:53:35] The value of Progress is 95
[Debug] [2025-8-13 16:53:35] The value of Progress is 100
[Debug] [2025-8-13 16:53:35] COMMAND[Verify Outer Flash] execute successfully, takes 2.5 secs.
[Debug] [2025-8-13 16:53:35] end to send jtag flash verify cmd
[Debug] [2025-8-13 16:53:35] end to send jtag flash program cmd.
[Debug] [2025-8-13 16:53:35] Log::Print : COMMAND[Verify Outer Flash] execute successfully, takes 2.5 secs.
[Info] [2025-8-13 17:08:03] /***************************End Configration***************************/
[Info] [2025-8-13 17:08:04] /***************************Start Configuration***************************/
[Info] [2025-8-13 17:08:04] Path: C:/pango/PDS_2022.2-SP6.4/bin
[Info] [2025-8-13 17:08:04] Version: 146967
[Info] [2025-8-13 17:08:05] Current Path: D:/Desktop/work_material/RK_learning/RK3568_MES2L50H/05-work_material/03_FPGA_Project/01_img_pcie_capture/project
[Info] [2025-8-13 17:08:05] PDS Dir Path: D:/Desktop/work_material/RK_learning/RK3568_MES2L50H/05-work_material/03_FPGA_Project/01_img_pcie_capture/project
[Info] [2025-8-13 17:08:07] Configuration is not connect with server. connect first then scan chain.
[Debug] [2025-8-13 17:08:07] Client Local host name:LAPTOP-EA3TT0M1
[Debug] [2025-8-13 17:08:07] Client Local Address:192.168.1.11
[Debug] [2025-8-13 17:08:07] Client Local Address:192.168.1.18
[Debug] [2025-8-13 17:08:07] Server Address:127.0.0.1, Port:65420
[Debug] [2025-8-13 17:08:07] Log::Print : Connecting to server[127.0.0.1 : 65420].
[Info] [2025-8-13 17:08:07] Connect OK, Server: 127.0.0.1  Port: 65420
[Debug] [2025-8-13 17:08:07] Finish.
[Info] [2025-8-13 17:08:07] Connect server succeeded
[Debug] [2025-8-13 17:08:07] Send RPC:1
[Debug] [2025-8-13 17:08:07] Send cmd [check version information:40004] OK
[Debug] [2025-8-13 17:08:07] Send RPC:2
[Debug] [2025-8-13 17:08:07] Send cmd [get_cable_paras:40010] OK
[Debug] [2025-8-13 17:08:07] Begin to send initialize chain cmd...
[Debug] [2025-8-13 17:08:07] Send RPC:3
[Debug] [2025-8-13 17:08:07] Send cmd [Open config cable:20001] OK
[Debug] [2025-8-13 17:08:07] End to send initialize chain cmd.
[Debug] [2025-8-13 17:08:07] COMMAND[check version information] execute successfully, takes 0.0 secs.
[Debug] [2025-8-13 17:08:07] Log::Print : Connect to server[127.0.0.1 : 65420] successfully.
[Debug] [2025-8-13 17:08:07] Log::Print : COMMAND[check version information] execute successfully, takes 0.0 secs.
[Debug] [2025-8-13 17:08:08] COMMAND[get_cable_paras] execute successfully, takes 1.2 secs.
[Debug] [2025-8-13 17:08:08] Log::Print : The cable List : 
Cable index 0:USB Cable II/fffffffffffffffe 

[Debug] [2025-8-13 17:08:08] Log::Print : COMMAND[get_cable_paras] execute successfully, takes 1.2 secs.
[Debug] [2025-8-13 17:08:08] begin the exec of open cable cmd...
[Debug] [2025-8-13 17:08:08] Begin to deal with chain from server...
[Debug] [2025-8-13 17:08:08] Begin to set user chain...
[Debug] [2025-8-13 17:08:08] End to set user chain.
[Debug] [2025-8-13 17:08:08] Begin to update graphic item and tree item ...
[Debug] [2025-8-13 17:08:08] End to update graphic item and tree item ...
[Debug] [2025-8-13 17:08:08] Log::Print : PANGO USB CABLE II cable driver: D2XX DLL
[Debug] [2025-8-13 17:08:08] Log::Print : PG2L50H
[Debug] [2025-8-13 17:08:08] Log::Print : This device configure situation (done bit): 1
[Info] [2025-8-13 17:08:09] set OpenLastPath: D:/Desktop/work_material/RK_learning/RK3568_MES2L50H/05-work_material/03_FPGA_Project/01_img_pcie_capture/project/generate_bitstream/image_pcie_capture.sbit
[Debug] [2025-8-13 17:08:09] begin to get device info from CFG file...
[Debug] [2025-8-13 17:08:09] end to get device info from CFG file...
[Debug] [2025-8-13 17:08:09] Begin to update graphic item and tree item ...
[Debug] [2025-8-13 17:08:09] End to update graphic item and tree item ...
[Debug] [2025-8-13 17:08:09] Begin to update graphic item and tree item ...
[Debug] [2025-8-13 17:08:09] End to update graphic item and tree item ...
[Debug] [2025-8-13 17:08:09] End to deal wiht chain from server.
[Debug] [2025-8-13 17:08:09] end the exec of open cable cmd.
[Debug] [2025-8-13 17:08:09] COMMAND[Open config cable] execute successfully, takes 2.4 secs.
[Debug] [2025-8-13 17:08:09] Log::Print : COMMAND[Open config cable] execute successfully, takes 2.4 secs.
[Debug] [2025-8-13 17:08:11] Begin to send scan outer flash cmd...
[Debug] [2025-8-13 17:08:11] Send RPC:4
[Debug] [2025-8-13 17:08:11] Send cmd [Scan Outer SPI Flash:20300] OK
[Debug] [2025-8-13 17:08:11] End to send scan outer flash cmd.
[Debug] [2025-8-13 17:08:12] begin to exec scan jtag flash cmd...
[Debug] [2025-8-13 17:08:12] Begin to initialize JtagFlash for selected FPGA Device...
[Debug] [2025-8-13 17:08:12] Begin to update graphic item and tree item ...
[Debug] [2025-8-13 17:08:12] End to update graphic item and tree item ...
[Info] [2025-8-13 17:08:12] set OpenLastPath: D:/Desktop/work_material/RK_learning/RK3568_MES2L50H/05-work_material/03_FPGA_Project/01_img_pcie_capture/project/generate_bitstream/image_pcie_capture.sfc
[Debug] [2025-8-13 17:08:12] begin to check SFC File and Flash Device Read Mode.
[Debug] [2025-8-13 17:08:12] end to check SFC File and Flash Device Read Mode.
[Debug] [2025-8-13 17:08:12] Begin to update graphic item and tree item ...
[Debug] [2025-8-13 17:08:12] End to update graphic item and tree item ...
[Debug] [2025-8-13 17:08:12] End to initialize OuterFlash for selected FPGA Device...
[Debug] [2025-8-13 17:08:12] end to exec scan jtag flash cmd...
[Debug] [2025-8-13 17:08:12] COMMAND[Scan Outer SPI Flash] execute successfully, takes 1.2 secs.
[Debug] [2025-8-13 17:08:12] Log::Print : COMMAND[Scan Outer SPI Flash] execute successfully, takes 1.2 secs.
[Debug] [2025-8-13 17:08:14] begin to send promgram jtag flash cmd.
[Debug] [2025-8-13 17:08:14] begin to send jtag flash erase cmd
[Debug] [2025-8-13 17:08:14] Send RPC:5
[Debug] [2025-8-13 17:08:14] Begin to send embed flash erase data.
[Debug] [2025-8-13 17:08:14] Begin to send flash erase data.
[Debug] [2025-8-13 17:08:14] End to send flash erase data.
[Debug] [2025-8-13 17:08:14] End to send embed flash erase data.
[Debug] [2025-8-13 17:08:14] Send cmd [Erase Outer Flash:20302] OK
[Debug] [2025-8-13 17:08:14] Log::Print : The start address of operating flash is 0x0.
[Debug] [2025-8-13 17:08:14] The value of Progress is 1
[Debug] [2025-8-13 17:08:15] The value of Progress is 6
[Debug] [2025-8-13 17:08:15] The value of Progress is 12
[Debug] [2025-8-13 17:08:16] The value of Progress is 15
[Debug] [2025-8-13 17:08:17] The value of Progress is 21
[Debug] [2025-8-13 17:08:17] The value of Progress is 27
[Debug] [2025-8-13 17:08:17] The value of Progress is 30
[Debug] [2025-8-13 17:08:18] The value of Progress is 36
[Debug] [2025-8-13 17:08:18] Begin to send abort process cmd.
[Debug] [2025-8-13 17:08:18] Begin to flush aborting cmd. 
[Debug] [2025-8-13 17:08:18] End to flush aborting cmd. 
[Debug] [2025-8-13 17:08:18] End to send abort process cmd.
[Debug] [2025-8-13 17:08:18] end to send jtag flash erase cmd.
[Error] [2025-8-13 17:08:18] Flash Erasing failed before programming.
[Error] [2025-8-13 17:08:18] MsgOut: Configuration-0005: Try to abort Erasing.
[Debug] [2025-8-13 17:08:18] The value of Progress is 100
[Error] [2025-8-13 17:08:19] fail to exec Erase Outer Flash cmd...
[Error] [2025-8-13 17:08:19] MsgOut: JtagServer-0365: Current operation is canceled by the user.
[Error] [2025-8-13 17:08:19] MsgOut: Configuration-0008: The command 'Erase Outer Flash' execute fail.
[Debug] [2025-8-13 17:08:20] Begin to Converte file.
[Debug] [2025-8-13 17:08:32] begin to parse sfc file.
[Debug] [2025-8-13 17:08:32] begin to get device info from CFG file...
[Debug] [2025-8-13 17:08:32] end to get device info from CFG file...
[Debug] [2025-8-13 17:08:32] begin to get device info from CFG file...
[Debug] [2025-8-13 17:08:32] end to get device info from CFG file...
[Debug] [2025-8-13 17:08:32] end to parse sfc file.
[Debug] [2025-8-13 17:08:32] Log::Print : The Start Address of bit file D:/Desktop/work_material/RK_learning/RK3568_MES2L50H/05-work_material/03_FPGA_Project/01_img_pcie_capture/project/generate_bitstream/image_pcie_capture.sbit: 0x0
[Debug] [2025-8-13 17:08:33] End to Converte file.
[Debug] [2025-8-13 17:08:34] begin to send promgram jtag flash cmd.
[Debug] [2025-8-13 17:08:34] begin to send jtag flash erase cmd
[Debug] [2025-8-13 17:08:34] Send RPC:6
[Debug] [2025-8-13 17:08:34] Begin to send embed flash erase data.
[Debug] [2025-8-13 17:08:34] Begin to send flash erase data.
[Debug] [2025-8-13 17:08:34] End to send flash erase data.
[Debug] [2025-8-13 17:08:34] End to send embed flash erase data.
[Debug] [2025-8-13 17:08:34] Send cmd [Erase Outer Flash:20302] OK
[Debug] [2025-8-13 17:08:34] Log::Print : The start address of operating flash is 0x0.
[Debug] [2025-8-13 17:08:34] The value of Progress is 1
[Debug] [2025-8-13 17:08:35] The value of Progress is 6
[Debug] [2025-8-13 17:08:36] The value of Progress is 12
[Debug] [2025-8-13 17:08:37] The value of Progress is 15
[Debug] [2025-8-13 17:08:37] The value of Progress is 21
[Debug] [2025-8-13 17:08:38] The value of Progress is 27
[Debug] [2025-8-13 17:08:39] The value of Progress is 30
[Debug] [2025-8-13 17:08:39] The value of Progress is 36
[Debug] [2025-8-13 17:08:40] The value of Progress is 42
[Debug] [2025-8-13 17:08:41] The value of Progress is 45
[Debug] [2025-8-13 17:08:42] The value of Progress is 51
[Debug] [2025-8-13 17:08:42] The value of Progress is 57
[Debug] [2025-8-13 17:08:42] The value of Progress is 60
[Debug] [2025-8-13 17:08:43] The value of Progress is 66
[Debug] [2025-8-13 17:08:44] The value of Progress is 72
[Debug] [2025-8-13 17:08:44] The value of Progress is 75
[Debug] [2025-8-13 17:08:45] The value of Progress is 81
[Debug] [2025-8-13 17:08:45] The value of Progress is 87
[Debug] [2025-8-13 17:08:46] The value of Progress is 90
[Debug] [2025-8-13 17:08:46] The value of Progress is 96
[Debug] [2025-8-13 17:08:46] The value of Progress is 100
[Debug] [2025-8-13 17:08:47] COMMAND[Erase Outer Flash] execute finish, takes 12.6 secs.
[Debug] [2025-8-13 17:08:47] end to send jtag flash erase cmd.
[Debug] [2025-8-13 17:08:47] Send RPC:7
[Debug] [2025-8-13 17:08:47] Begin to send jtag flash program data.
[Debug] [2025-8-13 17:08:47] Begin to send flash program data.
[Debug] [2025-8-13 17:08:47] End to send flash program data.
[Debug] [2025-8-13 17:08:47] End to send embed flash program data.
[Debug] [2025-8-13 17:08:47] Send cmd [Program Outer Flash:20301] OK
[Debug] [2025-8-13 17:08:47] Log::Print : COMMAND[Erase Outer Flash] execute finish, takes 12.6 secs.
[Debug] [2025-8-13 17:08:47] Log::Print : The start address of operating flash is 0x0.
[Debug] [2025-8-13 17:08:47] The value of Progress is 1
[Debug] [2025-8-13 17:08:49] The value of Progress is 6
[Debug] [2025-8-13 17:08:50] The value of Progress is 10
[Debug] [2025-8-13 17:08:52] The value of Progress is 15
[Debug] [2025-8-13 17:08:53] The value of Progress is 20
[Debug] [2025-8-13 17:08:55] The value of Progress is 25
[Debug] [2025-8-13 17:08:57] The value of Progress is 30
[Debug] [2025-8-13 17:08:58] The value of Progress is 35
[Debug] [2025-8-13 17:09:00] The value of Progress is 40
[Debug] [2025-8-13 17:09:02] The value of Progress is 45
[Debug] [2025-8-13 17:09:03] The value of Progress is 50
[Debug] [2025-8-13 17:09:05] The value of Progress is 55
[Debug] [2025-8-13 17:09:07] The value of Progress is 60
[Debug] [2025-8-13 17:09:08] The value of Progress is 65
[Debug] [2025-8-13 17:09:10] The value of Progress is 70
[Debug] [2025-8-13 17:09:12] The value of Progress is 75
[Debug] [2025-8-13 17:09:13] The value of Progress is 80
[Debug] [2025-8-13 17:09:15] The value of Progress is 85
[Debug] [2025-8-13 17:09:17] The value of Progress is 90
[Debug] [2025-8-13 17:09:18] The value of Progress is 95
[Debug] [2025-8-13 17:09:20] The value of Progress is 100
[Debug] [2025-8-13 17:09:20] COMMAND[Program Outer Flash] execute finish, takes 33.6 secs.
[Debug] [2025-8-13 17:09:20] begin to send jtag flash verify cmd
[Debug] [2025-8-13 17:09:20] Send RPC:8
[Debug] [2025-8-13 17:09:20] Begin to send embed flash verify data.
[Debug] [2025-8-13 17:09:20] Begin to send flash verify data.
[Debug] [2025-8-13 17:09:20] End to send flash verify data.
[Debug] [2025-8-13 17:09:20] End to send embed flash verify data.
[Debug] [2025-8-13 17:09:20] Send cmd [Verify Outer Flash:20303] OK
[Debug] [2025-8-13 17:09:20] Log::Print : COMMAND[Program Outer Flash] execute finish, takes 33.6 secs.
[Debug] [2025-8-13 17:09:20] Log::Print : The start address of operating flash is 0x0.
[Debug] [2025-8-13 17:09:20] The value of Progress is 1
[Debug] [2025-8-13 17:09:20] The value of Progress is 6
[Debug] [2025-8-13 17:09:21] The value of Progress is 10
[Debug] [2025-8-13 17:09:21] The value of Progress is 15
[Debug] [2025-8-13 17:09:21] The value of Progress is 20
[Debug] [2025-8-13 17:09:21] The value of Progress is 25
[Debug] [2025-8-13 17:09:21] The value of Progress is 30
[Debug] [2025-8-13 17:09:21] The value of Progress is 35
[Debug] [2025-8-13 17:09:21] The value of Progress is 40
[Debug] [2025-8-13 17:09:21] The value of Progress is 45
[Debug] [2025-8-13 17:09:21] The value of Progress is 50
[Debug] [2025-8-13 17:09:22] The value of Progress is 55
[Debug] [2025-8-13 17:09:22] The value of Progress is 60
[Debug] [2025-8-13 17:09:22] The value of Progress is 65
[Debug] [2025-8-13 17:09:22] The value of Progress is 70
[Debug] [2025-8-13 17:09:22] The value of Progress is 75
[Debug] [2025-8-13 17:09:22] The value of Progress is 80
[Debug] [2025-8-13 17:09:22] The value of Progress is 85
[Debug] [2025-8-13 17:09:22] The value of Progress is 90
[Debug] [2025-8-13 17:09:22] The value of Progress is 95
[Debug] [2025-8-13 17:09:22] The value of Progress is 100
[Debug] [2025-8-13 17:09:23] COMMAND[Verify Outer Flash] execute successfully, takes 2.5 secs.
[Debug] [2025-8-13 17:09:23] end to send jtag flash verify cmd
[Debug] [2025-8-13 17:09:23] end to send jtag flash program cmd.
[Debug] [2025-8-13 17:09:23] Log::Print : COMMAND[Verify Outer Flash] execute successfully, takes 2.5 secs.
[Debug] [2025-8-13 17:13:33] Begin to send programming cmd...
[Debug] [2025-8-13 17:13:33] Send RPC:9
[Debug] [2025-8-13 17:13:33] Begin to send program data.
[Debug] [2025-8-13 17:13:33] End to send program data.
[Debug] [2025-8-13 17:13:33] Send cmd [Program:20002] OK
[Debug] [2025-8-13 17:13:34] The value of Progress is 6
[Debug] [2025-8-13 17:13:34] The value of Progress is 10
[Debug] [2025-8-13 17:13:34] The value of Progress is 15
[Debug] [2025-8-13 17:13:34] The value of Progress is 20
[Debug] [2025-8-13 17:13:34] The value of Progress is 25
[Debug] [2025-8-13 17:13:34] The value of Progress is 30
[Debug] [2025-8-13 17:13:34] The value of Progress is 35
[Debug] [2025-8-13 17:13:34] The value of Progress is 40
[Debug] [2025-8-13 17:13:34] The value of Progress is 45
[Debug] [2025-8-13 17:13:34] The value of Progress is 50
[Debug] [2025-8-13 17:13:34] The value of Progress is 55
[Debug] [2025-8-13 17:13:35] The value of Progress is 60
[Debug] [2025-8-13 17:13:35] The value of Progress is 65
[Debug] [2025-8-13 17:13:35] The value of Progress is 70
[Debug] [2025-8-13 17:13:35] The value of Progress is 75
[Debug] [2025-8-13 17:13:35] The value of Progress is 80
[Debug] [2025-8-13 17:13:35] The value of Progress is 85
[Debug] [2025-8-13 17:13:35] The value of Progress is 90
[Debug] [2025-8-13 17:13:35] The value of Progress is 95
[Debug] [2025-8-13 17:13:35] The value of Progress is 100
[Debug] [2025-8-13 17:13:36] COMMAND[Program] execute successfully, takes 2.2 secs.
[Debug] [2025-8-13 17:13:36] End to send programming cmd.
[Debug] [2025-8-13 17:13:36] Log::Print : The done bit is 1
[Debug] [2025-8-13 17:13:36] Log::Print : COMMAND[Program] execute successfully, takes 2.2 secs.
[Debug] [2025-8-13 17:13:42] begin to send promgram jtag flash cmd.
[Debug] [2025-8-13 17:13:42] begin to send jtag flash erase cmd
[Debug] [2025-8-13 17:13:42] Send RPC:10
[Debug] [2025-8-13 17:13:42] Begin to send embed flash erase data.
[Debug] [2025-8-13 17:13:42] Begin to send flash erase data.
[Debug] [2025-8-13 17:13:42] End to send flash erase data.
[Debug] [2025-8-13 17:13:42] End to send embed flash erase data.
[Debug] [2025-8-13 17:13:42] Send cmd [Erase Outer Flash:20302] OK
[Debug] [2025-8-13 17:13:42] Log::Print : The start address of operating flash is 0x0.
[Debug] [2025-8-13 17:13:42] The value of Progress is 1
[Debug] [2025-8-13 17:13:43] The value of Progress is 6
[Debug] [2025-8-13 17:13:44] The value of Progress is 12
[Debug] [2025-8-13 17:13:44] The value of Progress is 15
[Debug] [2025-8-13 17:13:45] The value of Progress is 21
[Debug] [2025-8-13 17:13:46] The value of Progress is 27
[Debug] [2025-8-13 17:13:46] The value of Progress is 30
[Debug] [2025-8-13 17:13:47] The value of Progress is 36
[Debug] [2025-8-13 17:13:47] The value of Progress is 42
[Debug] [2025-8-13 17:13:48] The value of Progress is 45
[Debug] [2025-8-13 17:13:48] The value of Progress is 51
[Debug] [2025-8-13 17:13:49] The value of Progress is 57
[Debug] [2025-8-13 17:13:49] The value of Progress is 60
[Debug] [2025-8-13 17:13:50] The value of Progress is 66
[Debug] [2025-8-13 17:13:51] The value of Progress is 72
[Debug] [2025-8-13 17:13:51] The value of Progress is 75
[Debug] [2025-8-13 17:13:52] The value of Progress is 81
[Debug] [2025-8-13 17:13:53] The value of Progress is 87
[Debug] [2025-8-13 17:13:53] The value of Progress is 90
[Debug] [2025-8-13 17:13:53] The value of Progress is 96
[Debug] [2025-8-13 17:13:53] The value of Progress is 100
[Debug] [2025-8-13 17:13:54] COMMAND[Erase Outer Flash] execute finish, takes 11.6 secs.
[Debug] [2025-8-13 17:13:54] end to send jtag flash erase cmd.
[Debug] [2025-8-13 17:13:54] Send RPC:11
[Debug] [2025-8-13 17:13:54] Begin to send jtag flash program data.
[Debug] [2025-8-13 17:13:54] Begin to send flash program data.
[Debug] [2025-8-13 17:13:54] End to send flash program data.
[Debug] [2025-8-13 17:13:54] End to send embed flash program data.
[Debug] [2025-8-13 17:13:54] Send cmd [Program Outer Flash:20301] OK
[Debug] [2025-8-13 17:13:54] Log::Print : COMMAND[Erase Outer Flash] execute finish, takes 11.6 secs.
[Debug] [2025-8-13 17:13:54] Log::Print : The start address of operating flash is 0x0.
[Debug] [2025-8-13 17:13:54] The value of Progress is 1
[Debug] [2025-8-13 17:13:56] The value of Progress is 6
[Debug] [2025-8-13 17:13:57] The value of Progress is 10
[Debug] [2025-8-13 17:13:59] The value of Progress is 15
[Debug] [2025-8-13 17:14:00] The value of Progress is 20
[Debug] [2025-8-13 17:14:02] The value of Progress is 25
[Debug] [2025-8-13 17:14:04] The value of Progress is 30
[Debug] [2025-8-13 17:14:05] The value of Progress is 35
[Debug] [2025-8-13 17:14:07] The value of Progress is 40
[Debug] [2025-8-13 17:14:09] The value of Progress is 45
[Debug] [2025-8-13 17:14:10] The value of Progress is 50
[Debug] [2025-8-13 17:14:12] The value of Progress is 55
[Debug] [2025-8-13 17:14:14] The value of Progress is 60
[Debug] [2025-8-13 17:14:15] The value of Progress is 65
[Debug] [2025-8-13 17:14:17] The value of Progress is 70
[Debug] [2025-8-13 17:14:19] The value of Progress is 75
[Debug] [2025-8-13 17:14:20] The value of Progress is 80
[Debug] [2025-8-13 17:14:22] The value of Progress is 85
[Debug] [2025-8-13 17:14:24] The value of Progress is 90
[Debug] [2025-8-13 17:14:25] The value of Progress is 95
[Debug] [2025-8-13 17:14:27] The value of Progress is 100
[Debug] [2025-8-13 17:14:27] COMMAND[Program Outer Flash] execute finish, takes 33.5 secs.
[Debug] [2025-8-13 17:14:27] begin to send jtag flash verify cmd
[Debug] [2025-8-13 17:14:27] Send RPC:12
[Debug] [2025-8-13 17:14:27] Begin to send embed flash verify data.
[Debug] [2025-8-13 17:14:27] Begin to send flash verify data.
[Debug] [2025-8-13 17:14:27] End to send flash verify data.
[Debug] [2025-8-13 17:14:27] End to send embed flash verify data.
[Debug] [2025-8-13 17:14:27] Send cmd [Verify Outer Flash:20303] OK
[Debug] [2025-8-13 17:14:27] Log::Print : COMMAND[Program Outer Flash] execute finish, takes 33.5 secs.
[Debug] [2025-8-13 17:14:27] Log::Print : The start address of operating flash is 0x0.
[Debug] [2025-8-13 17:14:27] The value of Progress is 1
[Debug] [2025-8-13 17:14:27] The value of Progress is 6
[Debug] [2025-8-13 17:14:27] The value of Progress is 10
[Debug] [2025-8-13 17:14:28] The value of Progress is 15
[Debug] [2025-8-13 17:14:28] The value of Progress is 20
[Debug] [2025-8-13 17:14:28] The value of Progress is 25
[Debug] [2025-8-13 17:14:28] The value of Progress is 30
[Debug] [2025-8-13 17:14:28] The value of Progress is 35
[Debug] [2025-8-13 17:14:28] The value of Progress is 40
[Debug] [2025-8-13 17:14:28] The value of Progress is 45
[Debug] [2025-8-13 17:14:28] The value of Progress is 50
[Debug] [2025-8-13 17:14:28] The value of Progress is 55
[Debug] [2025-8-13 17:14:29] The value of Progress is 60
[Debug] [2025-8-13 17:14:29] The value of Progress is 65
[Debug] [2025-8-13 17:14:29] The value of Progress is 70
[Debug] [2025-8-13 17:14:29] The value of Progress is 75
[Debug] [2025-8-13 17:14:29] The value of Progress is 80
[Debug] [2025-8-13 17:14:29] The value of Progress is 85
[Debug] [2025-8-13 17:14:29] The value of Progress is 90
[Debug] [2025-8-13 17:14:29] The value of Progress is 95
[Debug] [2025-8-13 17:14:29] The value of Progress is 100
[Debug] [2025-8-13 17:14:30] COMMAND[Verify Outer Flash] execute successfully, takes 2.5 secs.
[Debug] [2025-8-13 17:14:30] end to send jtag flash verify cmd
[Debug] [2025-8-13 17:14:30] end to send jtag flash program cmd.
[Debug] [2025-8-13 17:14:30] Log::Print : COMMAND[Verify Outer Flash] execute successfully, takes 2.5 secs.
[Debug] [2025-8-13 17:15:56] begin to send promgram jtag flash cmd.
[Debug] [2025-8-13 17:15:56] begin to send jtag flash erase cmd
[Debug] [2025-8-13 17:15:56] Send RPC:13
[Debug] [2025-8-13 17:15:56] Begin to send embed flash erase data.
[Debug] [2025-8-13 17:15:56] Begin to send flash erase data.
[Debug] [2025-8-13 17:15:56] End to send flash erase data.
[Debug] [2025-8-13 17:15:56] End to send embed flash erase data.
[Debug] [2025-8-13 17:15:56] Send cmd [Erase Outer Flash:20302] OK
[Debug] [2025-8-13 17:15:56] Log::Print : The start address of operating flash is 0x0.
[Debug] [2025-8-13 17:15:56] The value of Progress is 1
[Debug] [2025-8-13 17:15:57] The value of Progress is 6
[Debug] [2025-8-13 17:15:58] The value of Progress is 12
[Debug] [2025-8-13 17:15:59] The value of Progress is 15
[Debug] [2025-8-13 17:15:59] The value of Progress is 21
[Debug] [2025-8-13 17:16:00] The value of Progress is 27
[Debug] [2025-8-13 17:16:00] The value of Progress is 30
[Debug] [2025-8-13 17:16:01] The value of Progress is 36
[Debug] [2025-8-13 17:16:02] The value of Progress is 42
[Debug] [2025-8-13 17:16:02] The value of Progress is 45
[Debug] [2025-8-13 17:16:03] The value of Progress is 51
[Debug] [2025-8-13 17:16:03] The value of Progress is 57
[Debug] [2025-8-13 17:16:04] The value of Progress is 60
[Debug] [2025-8-13 17:16:04] The value of Progress is 66
[Debug] [2025-8-13 17:16:05] The value of Progress is 72
[Debug] [2025-8-13 17:16:05] The value of Progress is 75
[Debug] [2025-8-13 17:16:06] The value of Progress is 81
[Debug] [2025-8-13 17:16:07] The value of Progress is 87
[Debug] [2025-8-13 17:16:07] The value of Progress is 90
[Debug] [2025-8-13 17:16:08] The value of Progress is 96
[Debug] [2025-8-13 17:16:08] The value of Progress is 100
[Debug] [2025-8-13 17:16:08] COMMAND[Erase Outer Flash] execute finish, takes 12.1 secs.
[Debug] [2025-8-13 17:16:08] end to send jtag flash erase cmd.
[Debug] [2025-8-13 17:16:08] Send RPC:14
[Debug] [2025-8-13 17:16:08] Begin to send jtag flash program data.
[Debug] [2025-8-13 17:16:08] Begin to send flash program data.
[Debug] [2025-8-13 17:16:08] End to send flash program data.
[Debug] [2025-8-13 17:16:08] End to send embed flash program data.
[Debug] [2025-8-13 17:16:08] Send cmd [Program Outer Flash:20301] OK
[Debug] [2025-8-13 17:16:08] Log::Print : COMMAND[Erase Outer Flash] execute finish, takes 12.1 secs.
[Debug] [2025-8-13 17:16:08] Log::Print : The start address of operating flash is 0x0.
[Debug] [2025-8-13 17:16:08] The value of Progress is 1
[Debug] [2025-8-13 17:16:10] The value of Progress is 6
[Debug] [2025-8-13 17:16:12] The value of Progress is 10
[Debug] [2025-8-13 17:16:13] The value of Progress is 15
[Debug] [2025-8-13 17:16:15] The value of Progress is 20
[Debug] [2025-8-13 17:16:17] The value of Progress is 25
[Debug] [2025-8-13 17:16:18] The value of Progress is 30
[Debug] [2025-8-13 17:16:20] The value of Progress is 35
[Debug] [2025-8-13 17:16:22] The value of Progress is 40
[Debug] [2025-8-13 17:16:23] The value of Progress is 45
[Debug] [2025-8-13 17:16:25] The value of Progress is 50
[Debug] [2025-8-13 17:16:27] The value of Progress is 55
[Debug] [2025-8-13 17:16:29] The value of Progress is 60
[Debug] [2025-8-13 17:16:30] The value of Progress is 65
[Debug] [2025-8-13 17:16:32] The value of Progress is 70
[Debug] [2025-8-13 17:16:34] The value of Progress is 75
[Debug] [2025-8-13 17:16:35] The value of Progress is 80
[Debug] [2025-8-13 17:16:37] The value of Progress is 85
[Debug] [2025-8-13 17:16:39] The value of Progress is 90
[Debug] [2025-8-13 17:16:40] The value of Progress is 95
[Debug] [2025-8-13 17:16:42] The value of Progress is 100
[Debug] [2025-8-13 17:16:42] COMMAND[Program Outer Flash] execute finish, takes 33.8 secs.
[Debug] [2025-8-13 17:16:42] begin to send jtag flash verify cmd
[Debug] [2025-8-13 17:16:42] Send RPC:15
[Debug] [2025-8-13 17:16:42] Begin to send embed flash verify data.
[Debug] [2025-8-13 17:16:42] Begin to send flash verify data.
[Debug] [2025-8-13 17:16:42] End to send flash verify data.
[Debug] [2025-8-13 17:16:42] End to send embed flash verify data.
[Debug] [2025-8-13 17:16:42] Send cmd [Verify Outer Flash:20303] OK
[Debug] [2025-8-13 17:16:42] Log::Print : COMMAND[Program Outer Flash] execute finish, takes 33.8 secs.
[Debug] [2025-8-13 17:16:42] Log::Print : The start address of operating flash is 0x0.
[Debug] [2025-8-13 17:16:42] The value of Progress is 1
[Debug] [2025-8-13 17:16:42] The value of Progress is 6
[Debug] [2025-8-13 17:16:42] The value of Progress is 10
[Debug] [2025-8-13 17:16:43] The value of Progress is 15
[Debug] [2025-8-13 17:16:43] The value of Progress is 20
[Debug] [2025-8-13 17:16:43] The value of Progress is 25
[Debug] [2025-8-13 17:16:43] The value of Progress is 30
[Debug] [2025-8-13 17:16:43] The value of Progress is 35
[Debug] [2025-8-13 17:16:43] The value of Progress is 40
[Debug] [2025-8-13 17:16:43] The value of Progress is 45
[Debug] [2025-8-13 17:16:43] The value of Progress is 50
[Debug] [2025-8-13 17:16:43] The value of Progress is 55
[Debug] [2025-8-13 17:16:43] The value of Progress is 60
[Debug] [2025-8-13 17:16:44] The value of Progress is 65
[Debug] [2025-8-13 17:16:44] The value of Progress is 70
[Debug] [2025-8-13 17:16:44] The value of Progress is 75
[Debug] [2025-8-13 17:16:44] The value of Progress is 80
[Debug] [2025-8-13 17:16:44] The value of Progress is 85
[Debug] [2025-8-13 17:16:44] The value of Progress is 90
[Debug] [2025-8-13 17:16:44] The value of Progress is 95
[Debug] [2025-8-13 17:16:44] The value of Progress is 100
[Debug] [2025-8-13 17:16:45] COMMAND[Verify Outer Flash] execute successfully, takes 2.5 secs.
[Debug] [2025-8-13 17:16:45] end to send jtag flash verify cmd
[Debug] [2025-8-13 17:16:45] end to send jtag flash program cmd.
[Debug] [2025-8-13 17:16:45] Log::Print : COMMAND[Verify Outer Flash] execute successfully, takes 2.5 secs.
[Debug] [2025-8-13 17:22:19] Begin to Converte file.
[Debug] [2025-8-13 17:22:19] End to Converte file.
[Debug] [2025-8-13 17:22:22] begin to parse sfc file.
[Debug] [2025-8-13 17:22:22] begin to get device info from CFG file...
[Debug] [2025-8-13 17:22:22] end to get device info from CFG file...
[Debug] [2025-8-13 17:22:22] begin to get device info from CFG file...
[Debug] [2025-8-13 17:22:22] end to get device info from CFG file...
[Debug] [2025-8-13 17:22:22] end to parse sfc file.
[Debug] [2025-8-13 17:22:22] Log::Print : The Start Address of bit file D:/Desktop/work_material/RK_learning/RK3568_MES2L50H/05-work_material/03_FPGA_Project/01_img_pcie_capture/project/generate_bitstream/image_pcie_capture.sbit: 0x0
[Debug] [2025-8-13 17:22:25] begin to send promgram jtag flash cmd.
[Debug] [2025-8-13 17:22:25] begin to send jtag flash erase cmd
[Debug] [2025-8-13 17:22:25] Send RPC:16
[Debug] [2025-8-13 17:22:25] Begin to send embed flash erase data.
[Debug] [2025-8-13 17:22:25] Begin to send flash erase data.
[Debug] [2025-8-13 17:22:25] End to send flash erase data.
[Debug] [2025-8-13 17:22:25] End to send embed flash erase data.
[Debug] [2025-8-13 17:22:25] Send cmd [Erase Outer Flash:20302] OK
[Debug] [2025-8-13 17:22:25] Log::Print : The start address of operating flash is 0x0.
[Debug] [2025-8-13 17:22:26] The value of Progress is 1
[Debug] [2025-8-13 17:22:27] The value of Progress is 6
[Debug] [2025-8-13 17:22:27] The value of Progress is 12
[Debug] [2025-8-13 17:22:28] The value of Progress is 15
[Debug] [2025-8-13 17:22:28] The value of Progress is 21
[Debug] [2025-8-13 17:22:29] The value of Progress is 27
[Debug] [2025-8-13 17:22:30] The value of Progress is 30
[Debug] [2025-8-13 17:22:30] The value of Progress is 36
[Debug] [2025-8-13 17:22:31] The value of Progress is 42
[Debug] [2025-8-13 17:22:31] The value of Progress is 45
[Debug] [2025-8-13 17:22:32] The value of Progress is 51
[Debug] [2025-8-13 17:22:33] The value of Progress is 57
[Debug] [2025-8-13 17:22:33] The value of Progress is 60
[Debug] [2025-8-13 17:22:34] The value of Progress is 66
[Debug] [2025-8-13 17:22:34] The value of Progress is 72
[Debug] [2025-8-13 17:22:35] The value of Progress is 75
[Debug] [2025-8-13 17:22:35] The value of Progress is 81
[Debug] [2025-8-13 17:22:36] The value of Progress is 87
[Debug] [2025-8-13 17:22:36] The value of Progress is 90
[Debug] [2025-8-13 17:22:37] The value of Progress is 96
[Debug] [2025-8-13 17:22:37] The value of Progress is 100
[Debug] [2025-8-13 17:22:37] COMMAND[Erase Outer Flash] execute finish, takes 11.8 secs.
[Debug] [2025-8-13 17:22:37] end to send jtag flash erase cmd.
[Debug] [2025-8-13 17:22:37] Send RPC:17
[Debug] [2025-8-13 17:22:37] Begin to send jtag flash program data.
[Debug] [2025-8-13 17:22:37] Begin to send flash program data.
[Debug] [2025-8-13 17:22:37] End to send flash program data.
[Debug] [2025-8-13 17:22:37] End to send embed flash program data.
[Debug] [2025-8-13 17:22:37] Send cmd [Program Outer Flash:20301] OK
[Debug] [2025-8-13 17:22:37] Log::Print : COMMAND[Erase Outer Flash] execute finish, takes 11.8 secs.
[Debug] [2025-8-13 17:22:37] Log::Print : The start address of operating flash is 0x0.
[Debug] [2025-8-13 17:22:37] The value of Progress is 1
[Debug] [2025-8-13 17:22:39] The value of Progress is 6
[Debug] [2025-8-13 17:22:41] The value of Progress is 10
[Debug] [2025-8-13 17:22:42] The value of Progress is 15
[Debug] [2025-8-13 17:22:44] The value of Progress is 20
[Debug] [2025-8-13 17:22:46] The value of Progress is 25
[Debug] [2025-8-13 17:22:47] The value of Progress is 30
[Debug] [2025-8-13 17:22:49] The value of Progress is 35
[Debug] [2025-8-13 17:22:51] The value of Progress is 40
[Debug] [2025-8-13 17:22:52] The value of Progress is 45
[Debug] [2025-8-13 17:22:54] The value of Progress is 50
[Debug] [2025-8-13 17:22:56] The value of Progress is 55
[Debug] [2025-8-13 17:22:57] The value of Progress is 60
[Debug] [2025-8-13 17:22:59] The value of Progress is 65
[Debug] [2025-8-13 17:23:01] The value of Progress is 70
[Debug] [2025-8-13 17:23:02] The value of Progress is 75
[Debug] [2025-8-13 17:23:04] The value of Progress is 80
[Debug] [2025-8-13 17:23:06] The value of Progress is 85
[Debug] [2025-8-13 17:23:07] The value of Progress is 90
[Debug] [2025-8-13 17:23:09] The value of Progress is 95
[Debug] [2025-8-13 17:23:11] The value of Progress is 100
[Debug] [2025-8-13 17:23:11] COMMAND[Program Outer Flash] execute finish, takes 33.6 secs.
[Debug] [2025-8-13 17:23:11] begin to send jtag flash verify cmd
[Debug] [2025-8-13 17:23:11] Send RPC:18
[Debug] [2025-8-13 17:23:11] Begin to send embed flash verify data.
[Debug] [2025-8-13 17:23:11] Begin to send flash verify data.
[Debug] [2025-8-13 17:23:11] End to send flash verify data.
[Debug] [2025-8-13 17:23:11] End to send embed flash verify data.
[Debug] [2025-8-13 17:23:11] Send cmd [Verify Outer Flash:20303] OK
[Debug] [2025-8-13 17:23:11] Log::Print : COMMAND[Program Outer Flash] execute finish, takes 33.6 secs.
[Debug] [2025-8-13 17:23:11] Log::Print : The start address of operating flash is 0x0.
[Debug] [2025-8-13 17:23:11] The value of Progress is 1
[Debug] [2025-8-13 17:23:11] The value of Progress is 6
[Debug] [2025-8-13 17:23:11] The value of Progress is 10
[Debug] [2025-8-13 17:23:11] The value of Progress is 15
[Debug] [2025-8-13 17:23:11] The value of Progress is 20
[Debug] [2025-8-13 17:23:12] The value of Progress is 25
[Debug] [2025-8-13 17:23:12] The value of Progress is 30
[Debug] [2025-8-13 17:23:12] The value of Progress is 35
[Debug] [2025-8-13 17:23:12] The value of Progress is 40
[Debug] [2025-8-13 17:23:12] The value of Progress is 45
[Debug] [2025-8-13 17:23:12] The value of Progress is 50
[Debug] [2025-8-13 17:23:12] The value of Progress is 55
[Debug] [2025-8-13 17:23:12] The value of Progress is 60
[Debug] [2025-8-13 17:23:12] The value of Progress is 65
[Debug] [2025-8-13 17:23:12] The value of Progress is 70
[Debug] [2025-8-13 17:23:13] The value of Progress is 75
[Debug] [2025-8-13 17:23:13] The value of Progress is 80
[Debug] [2025-8-13 17:23:13] The value of Progress is 85
[Debug] [2025-8-13 17:23:13] The value of Progress is 90
[Debug] [2025-8-13 17:23:13] The value of Progress is 95
[Debug] [2025-8-13 17:23:13] The value of Progress is 100
[Debug] [2025-8-13 17:23:13] COMMAND[Verify Outer Flash] execute successfully, takes 2.5 secs.
[Debug] [2025-8-13 17:23:13] end to send jtag flash verify cmd
[Debug] [2025-8-13 17:23:13] end to send jtag flash program cmd.
[Debug] [2025-8-13 17:23:13] Log::Print : COMMAND[Verify Outer Flash] execute successfully, takes 2.5 secs.
[Debug] [2025-8-13 17:32:36] Begin to Converte file.
[Debug] [2025-8-13 17:32:36] End to Converte file.
[Debug] [2025-8-13 17:32:38] begin to parse sfc file.
[Debug] [2025-8-13 17:32:38] begin to get device info from CFG file...
[Debug] [2025-8-13 17:32:38] end to get device info from CFG file...
[Debug] [2025-8-13 17:32:38] begin to get device info from CFG file...
[Debug] [2025-8-13 17:32:38] end to get device info from CFG file...
[Debug] [2025-8-13 17:32:38] end to parse sfc file.
[Debug] [2025-8-13 17:32:38] Log::Print : The Start Address of bit file D:/Desktop/work_material/RK_learning/RK3568_MES2L50H/05-work_material/03_FPGA_Project/01_img_pcie_capture/project/generate_bitstream/image_pcie_capture.sbit: 0x0
[Debug] [2025-8-13 17:32:40] begin to send promgram jtag flash cmd.
[Debug] [2025-8-13 17:32:40] begin to send jtag flash erase cmd
[Debug] [2025-8-13 17:32:40] Send RPC:19
[Debug] [2025-8-13 17:32:40] Begin to send embed flash erase data.
[Debug] [2025-8-13 17:32:40] Begin to send flash erase data.
[Debug] [2025-8-13 17:32:40] End to send flash erase data.
[Debug] [2025-8-13 17:32:40] End to send embed flash erase data.
[Debug] [2025-8-13 17:32:40] Send cmd [Erase Outer Flash:20302] OK
[Debug] [2025-8-13 17:32:40] Log::Print : The start address of operating flash is 0x0.
[Debug] [2025-8-13 17:32:41] The value of Progress is 1
[Debug] [2025-8-13 17:32:42] The value of Progress is 6
[Debug] [2025-8-13 17:32:42] The value of Progress is 12
[Debug] [2025-8-13 17:32:43] The value of Progress is 15
[Debug] [2025-8-13 17:32:44] The value of Progress is 21
[Debug] [2025-8-13 17:32:44] The value of Progress is 27
[Debug] [2025-8-13 17:32:45] The value of Progress is 30
[Debug] [2025-8-13 17:32:45] The value of Progress is 36
[Debug] [2025-8-13 17:32:46] The value of Progress is 42
[Debug] [2025-8-13 17:32:47] The value of Progress is 45
[Debug] [2025-8-13 17:32:47] The value of Progress is 51
[Debug] [2025-8-13 17:32:48] The value of Progress is 57
[Debug] [2025-8-13 17:32:48] The value of Progress is 60
[Debug] [2025-8-13 17:32:49] The value of Progress is 66
[Debug] [2025-8-13 17:32:50] The value of Progress is 72
[Debug] [2025-8-13 17:32:50] The value of Progress is 75
[Debug] [2025-8-13 17:32:51] The value of Progress is 81
[Debug] [2025-8-13 17:32:51] The value of Progress is 87
[Debug] [2025-8-13 17:32:52] The value of Progress is 90
[Debug] [2025-8-13 17:32:52] The value of Progress is 96
[Debug] [2025-8-13 17:32:52] The value of Progress is 100
[Debug] [2025-8-13 17:32:53] COMMAND[Erase Outer Flash] execute finish, takes 12.1 secs.
[Debug] [2025-8-13 17:32:53] end to send jtag flash erase cmd.
[Debug] [2025-8-13 17:32:53] Send RPC:20
[Debug] [2025-8-13 17:32:53] Begin to send jtag flash program data.
[Debug] [2025-8-13 17:32:53] Begin to send flash program data.
[Debug] [2025-8-13 17:32:53] End to send flash program data.
[Debug] [2025-8-13 17:32:53] End to send embed flash program data.
[Debug] [2025-8-13 17:32:53] Send cmd [Program Outer Flash:20301] OK
[Debug] [2025-8-13 17:32:53] Log::Print : COMMAND[Erase Outer Flash] execute finish, takes 12.1 secs.
[Debug] [2025-8-13 17:32:53] Log::Print : The start address of operating flash is 0x0.
[Debug] [2025-8-13 17:32:53] The value of Progress is 1
[Debug] [2025-8-13 17:32:55] The value of Progress is 6
[Debug] [2025-8-13 17:32:56] The value of Progress is 10
[Debug] [2025-8-13 17:32:58] The value of Progress is 15
[Debug] [2025-8-13 17:32:59] The value of Progress is 20
[Debug] [2025-8-13 17:33:01] The value of Progress is 25
[Debug] [2025-8-13 17:33:03] The value of Progress is 30
[Debug] [2025-8-13 17:33:04] The value of Progress is 35
[Debug] [2025-8-13 17:33:06] The value of Progress is 40
[Debug] [2025-8-13 17:33:08] The value of Progress is 45
[Debug] [2025-8-13 17:33:09] The value of Progress is 50
[Debug] [2025-8-13 17:33:11] The value of Progress is 55
[Debug] [2025-8-13 17:33:13] The value of Progress is 60
[Debug] [2025-8-13 17:33:14] The value of Progress is 65
[Debug] [2025-8-13 17:33:16] The value of Progress is 70
[Debug] [2025-8-13 17:33:18] The value of Progress is 75
[Debug] [2025-8-13 17:33:19] The value of Progress is 80
[Debug] [2025-8-13 17:33:21] The value of Progress is 85
[Debug] [2025-8-13 17:33:23] The value of Progress is 90
[Debug] [2025-8-13 17:33:24] The value of Progress is 95
[Debug] [2025-8-13 17:33:26] The value of Progress is 100
[Debug] [2025-8-13 17:33:26] COMMAND[Program Outer Flash] execute finish, takes 33.6 secs.
[Debug] [2025-8-13 17:33:26] begin to send jtag flash verify cmd
[Debug] [2025-8-13 17:33:26] Send RPC:21
[Debug] [2025-8-13 17:33:26] Begin to send embed flash verify data.
[Debug] [2025-8-13 17:33:26] Begin to send flash verify data.
[Debug] [2025-8-13 17:33:26] End to send flash verify data.
[Debug] [2025-8-13 17:33:26] End to send embed flash verify data.
[Debug] [2025-8-13 17:33:26] Send cmd [Verify Outer Flash:20303] OK
[Debug] [2025-8-13 17:33:26] Log::Print : COMMAND[Program Outer Flash] execute finish, takes 33.6 secs.
[Debug] [2025-8-13 17:33:26] Log::Print : The start address of operating flash is 0x0.
[Debug] [2025-8-13 17:33:26] The value of Progress is 1
[Debug] [2025-8-13 17:33:26] The value of Progress is 6
[Debug] [2025-8-13 17:33:27] The value of Progress is 10
[Debug] [2025-8-13 17:33:27] The value of Progress is 15
[Debug] [2025-8-13 17:33:27] The value of Progress is 20
[Debug] [2025-8-13 17:33:27] The value of Progress is 25
[Debug] [2025-8-13 17:33:27] The value of Progress is 30
[Debug] [2025-8-13 17:33:27] The value of Progress is 35
[Debug] [2025-8-13 17:33:27] The value of Progress is 40
[Debug] [2025-8-13 17:33:27] The value of Progress is 45
[Debug] [2025-8-13 17:33:27] The value of Progress is 50
[Debug] [2025-8-13 17:33:27] The value of Progress is 55
[Debug] [2025-8-13 17:33:28] The value of Progress is 60
[Debug] [2025-8-13 17:33:28] The value of Progress is 65
[Debug] [2025-8-13 17:33:28] The value of Progress is 70
[Debug] [2025-8-13 17:33:28] The value of Progress is 75
[Debug] [2025-8-13 17:33:28] The value of Progress is 80
[Debug] [2025-8-13 17:33:28] The value of Progress is 85
[Debug] [2025-8-13 17:33:28] The value of Progress is 90
[Debug] [2025-8-13 17:33:28] The value of Progress is 95
[Debug] [2025-8-13 17:33:28] The value of Progress is 100
[Debug] [2025-8-13 17:33:29] COMMAND[Verify Outer Flash] execute successfully, takes 2.5 secs.
[Debug] [2025-8-13 17:33:29] end to send jtag flash verify cmd
[Debug] [2025-8-13 17:33:29] end to send jtag flash program cmd.
[Debug] [2025-8-13 17:33:29] Log::Print : COMMAND[Verify Outer Flash] execute successfully, takes 2.5 secs.
[Debug] [2025-8-13 17:48:51] Begin to Converte file.
[Debug] [2025-8-13 17:48:51] End to Converte file.
[Debug] [2025-8-13 17:48:56] begin to parse sfc file.
[Debug] [2025-8-13 17:48:56] begin to get device info from CFG file...
[Debug] [2025-8-13 17:48:56] end to get device info from CFG file...
[Debug] [2025-8-13 17:48:56] begin to get device info from CFG file...
[Debug] [2025-8-13 17:48:56] end to get device info from CFG file...
[Debug] [2025-8-13 17:48:56] end to parse sfc file.
[Debug] [2025-8-13 17:48:56] Log::Print : The Start Address of bit file D:/Desktop/work_material/RK_learning/RK3568_MES2L50H/05-work_material/03_FPGA_Project/01_img_pcie_capture/project/generate_bitstream/image_pcie_capture.sbit: 0x0
[Debug] [2025-8-13 17:49:00] Begin to Converte file.
[Debug] [2025-8-13 17:49:00] End to Converte file.
[Debug] [2025-8-13 17:49:15] begin to parse sfc file.
[Debug] [2025-8-13 17:49:15] begin to get device info from CFG file...
[Debug] [2025-8-13 17:49:15] end to get device info from CFG file...
[Debug] [2025-8-13 17:49:15] begin to get device info from CFG file...
[Debug] [2025-8-13 17:49:15] end to get device info from CFG file...
[Debug] [2025-8-13 17:49:15] end to parse sfc file.
[Debug] [2025-8-13 17:49:16] Log::Print : The Start Address of bit file D:/Desktop/work_material/RK_learning/RK3568_MES2L50H/05-work_material/03_FPGA_Project/01_img_pcie_capture/project/generate_bitstream/image_pcie_capture.sbit: 0x0
[Debug] [2025-8-13 17:49:18] begin to send promgram jtag flash cmd.
[Debug] [2025-8-13 17:49:18] begin to send jtag flash erase cmd
[Debug] [2025-8-13 17:49:18] Send RPC:22
[Debug] [2025-8-13 17:49:18] Begin to send embed flash erase data.
[Debug] [2025-8-13 17:49:18] Begin to send flash erase data.
[Debug] [2025-8-13 17:49:18] End to send flash erase data.
[Debug] [2025-8-13 17:49:18] End to send embed flash erase data.
[Debug] [2025-8-13 17:49:18] Send cmd [Erase Outer Flash:20302] OK
[Debug] [2025-8-13 17:49:18] Log::Print : The start address of operating flash is 0x0.
[Debug] [2025-8-13 17:49:18] The value of Progress is 1
[Debug] [2025-8-13 17:49:19] The value of Progress is 6
[Debug] [2025-8-13 17:49:20] The value of Progress is 12
[Debug] [2025-8-13 17:49:20] The value of Progress is 15
[Debug] [2025-8-13 17:49:21] The value of Progress is 21
[Debug] [2025-8-13 17:49:22] The value of Progress is 27
[Debug] [2025-8-13 17:49:22] The value of Progress is 30
[Debug] [2025-8-13 17:49:23] The value of Progress is 36
[Debug] [2025-8-13 17:49:23] The value of Progress is 42
[Debug] [2025-8-13 17:49:24] The value of Progress is 45
[Debug] [2025-8-13 17:49:24] The value of Progress is 51
[Debug] [2025-8-13 17:49:25] The value of Progress is 57
[Debug] [2025-8-13 17:49:25] The value of Progress is 60
[Debug] [2025-8-13 17:49:26] The value of Progress is 66
[Debug] [2025-8-13 17:49:27] The value of Progress is 72
[Debug] [2025-8-13 17:49:27] The value of Progress is 75
[Debug] [2025-8-13 17:49:28] The value of Progress is 81
[Debug] [2025-8-13 17:49:28] The value of Progress is 87
[Debug] [2025-8-13 17:49:29] The value of Progress is 90
[Debug] [2025-8-13 17:49:29] The value of Progress is 96
[Debug] [2025-8-13 17:49:29] The value of Progress is 100
[Debug] [2025-8-13 17:49:30] COMMAND[Erase Outer Flash] execute finish, takes 11.8 secs.
[Debug] [2025-8-13 17:49:30] end to send jtag flash erase cmd.
[Debug] [2025-8-13 17:49:30] Send RPC:23
[Debug] [2025-8-13 17:49:30] Begin to send jtag flash program data.
[Debug] [2025-8-13 17:49:30] Begin to send flash program data.
[Debug] [2025-8-13 17:49:30] End to send flash program data.
[Debug] [2025-8-13 17:49:30] End to send embed flash program data.
[Debug] [2025-8-13 17:49:30] Send cmd [Program Outer Flash:20301] OK
[Debug] [2025-8-13 17:49:30] Log::Print : COMMAND[Erase Outer Flash] execute finish, takes 11.8 secs.
[Debug] [2025-8-13 17:49:30] Log::Print : The start address of operating flash is 0x0.
[Debug] [2025-8-13 17:49:30] The value of Progress is 1
[Debug] [2025-8-13 17:49:32] The value of Progress is 6
[Debug] [2025-8-13 17:49:33] The value of Progress is 10
[Debug] [2025-8-13 17:49:35] The value of Progress is 15
[Debug] [2025-8-13 17:49:36] The value of Progress is 20
[Debug] [2025-8-13 17:49:38] The value of Progress is 25
[Debug] [2025-8-13 17:49:40] The value of Progress is 30
[Debug] [2025-8-13 17:49:41] The value of Progress is 35
[Debug] [2025-8-13 17:49:43] The value of Progress is 40
[Debug] [2025-8-13 17:49:45] The value of Progress is 45
[Debug] [2025-8-13 17:49:46] The value of Progress is 50
[Debug] [2025-8-13 17:49:48] The value of Progress is 55
[Debug] [2025-8-13 17:49:50] The value of Progress is 60
[Debug] [2025-8-13 17:49:51] The value of Progress is 65
[Debug] [2025-8-13 17:49:53] The value of Progress is 70
[Debug] [2025-8-13 17:49:55] The value of Progress is 75
[Debug] [2025-8-13 17:49:56] The value of Progress is 80
[Debug] [2025-8-13 17:49:58] The value of Progress is 85
[Debug] [2025-8-13 17:50:00] The value of Progress is 90
[Debug] [2025-8-13 17:50:01] The value of Progress is 95
[Debug] [2025-8-13 17:50:03] The value of Progress is 100
[Debug] [2025-8-13 17:50:03] COMMAND[Program Outer Flash] execute finish, takes 33.7 secs.
[Debug] [2025-8-13 17:50:03] begin to send jtag flash verify cmd
[Debug] [2025-8-13 17:50:03] Send RPC:24
[Debug] [2025-8-13 17:50:03] Begin to send embed flash verify data.
[Debug] [2025-8-13 17:50:03] Begin to send flash verify data.
[Debug] [2025-8-13 17:50:03] End to send flash verify data.
[Debug] [2025-8-13 17:50:03] End to send embed flash verify data.
[Debug] [2025-8-13 17:50:03] Send cmd [Verify Outer Flash:20303] OK
[Debug] [2025-8-13 17:50:03] Log::Print : COMMAND[Program Outer Flash] execute finish, takes 33.7 secs.
[Debug] [2025-8-13 17:50:03] Log::Print : The start address of operating flash is 0x0.
[Debug] [2025-8-13 17:50:03] The value of Progress is 1
[Debug] [2025-8-13 17:50:04] The value of Progress is 6
[Debug] [2025-8-13 17:50:04] The value of Progress is 10
[Debug] [2025-8-13 17:50:04] The value of Progress is 15
[Debug] [2025-8-13 17:50:04] The value of Progress is 20
[Debug] [2025-8-13 17:50:04] The value of Progress is 25
[Debug] [2025-8-13 17:50:04] The value of Progress is 30
[Debug] [2025-8-13 17:50:04] The value of Progress is 35
[Debug] [2025-8-13 17:50:04] The value of Progress is 40
[Debug] [2025-8-13 17:50:04] The value of Progress is 45
[Debug] [2025-8-13 17:50:05] The value of Progress is 50
[Debug] [2025-8-13 17:50:05] The value of Progress is 55
[Debug] [2025-8-13 17:50:05] The value of Progress is 60
[Debug] [2025-8-13 17:50:05] The value of Progress is 65
[Debug] [2025-8-13 17:50:05] The value of Progress is 70
[Debug] [2025-8-13 17:50:05] The value of Progress is 75
[Debug] [2025-8-13 17:50:05] The value of Progress is 80
[Debug] [2025-8-13 17:50:05] The value of Progress is 85
[Debug] [2025-8-13 17:50:05] The value of Progress is 90
[Debug] [2025-8-13 17:50:05] The value of Progress is 95
[Debug] [2025-8-13 17:50:06] The value of Progress is 100
[Debug] [2025-8-13 17:50:06] COMMAND[Verify Outer Flash] execute successfully, takes 2.5 secs.
[Debug] [2025-8-13 17:50:06] end to send jtag flash verify cmd
[Debug] [2025-8-13 17:50:06] end to send jtag flash program cmd.
[Debug] [2025-8-13 17:50:06] Log::Print : COMMAND[Verify Outer Flash] execute successfully, takes 2.5 secs.
[Info] [2025-8-13 17:50:11] /***************************End Configration***************************/
[Info] [2025-8-13 17:50:39] /***************************Start Configuration***************************/
[Info] [2025-8-13 17:50:39] Path: C:/pango/PDS_2022.2-SP6.4/bin
[Info] [2025-8-13 17:50:39] Version: 146967
[Info] [2025-8-13 17:50:40] Current Path: D:/Desktop/work_material/RK_learning/RK3568_MES2L50H/05-work_material/03_FPGA_Project/01_img_pcie_capture/project
[Info] [2025-8-13 17:50:40] PDS Dir Path: D:/Desktop/work_material/RK_learning/RK3568_MES2L50H/05-work_material/03_FPGA_Project/01_img_pcie_capture/project
[Info] [2025-8-13 17:50:41] Configuration is not connect with server. connect first then scan chain.
[Debug] [2025-8-13 17:50:41] Client Local host name:LAPTOP-EA3TT0M1
[Debug] [2025-8-13 17:50:41] Client Local Address:192.168.1.11
[Debug] [2025-8-13 17:50:41] Client Local Address:192.168.1.18
[Debug] [2025-8-13 17:50:41] Server Address:127.0.0.1, Port:65420
[Debug] [2025-8-13 17:50:41] Log::Print : Connecting to server[127.0.0.1 : 65420].
[Info] [2025-8-13 17:50:41] Connect OK, Server: 127.0.0.1  Port: 65420
[Debug] [2025-8-13 17:50:41] Finish.
[Info] [2025-8-13 17:50:41] Connect server succeeded
[Debug] [2025-8-13 17:50:41] Send RPC:1
[Debug] [2025-8-13 17:50:41] Send cmd [check version information:40004] OK
[Debug] [2025-8-13 17:50:41] Send RPC:2
[Debug] [2025-8-13 17:50:41] Send cmd [get_cable_paras:40010] OK
[Debug] [2025-8-13 17:50:41] Begin to send initialize chain cmd...
[Debug] [2025-8-13 17:50:41] Send RPC:3
[Debug] [2025-8-13 17:50:41] Send cmd [Open config cable:20001] OK
[Debug] [2025-8-13 17:50:41] End to send initialize chain cmd.
[Debug] [2025-8-13 17:50:41] COMMAND[check version information] execute successfully, takes 0.0 secs.
[Debug] [2025-8-13 17:50:41] Log::Print : Connect to server[127.0.0.1 : 65420] successfully.
[Debug] [2025-8-13 17:50:41] Log::Print : COMMAND[check version information] execute successfully, takes 0.0 secs.
[Debug] [2025-8-13 17:50:43] COMMAND[get_cable_paras] execute successfully, takes 1.2 secs.
[Debug] [2025-8-13 17:50:43] Log::Print : The cable List : 
Cable index 0:USB Cable II/fffffffffffffffe 

[Debug] [2025-8-13 17:50:43] Log::Print : COMMAND[get_cable_paras] execute successfully, takes 1.2 secs.
[Debug] [2025-8-13 17:50:43] begin the exec of open cable cmd...
[Debug] [2025-8-13 17:50:43] Begin to deal with chain from server...
[Debug] [2025-8-13 17:50:43] Begin to set user chain...
[Debug] [2025-8-13 17:50:43] End to set user chain.
[Debug] [2025-8-13 17:50:43] Begin to update graphic item and tree item ...
[Debug] [2025-8-13 17:50:43] End to update graphic item and tree item ...
[Debug] [2025-8-13 17:50:43] Log::Print : PANGO USB CABLE II cable driver: D2XX DLL
[Debug] [2025-8-13 17:50:43] Log::Print : PG2L50H
[Debug] [2025-8-13 17:50:43] Log::Print : This device configure situation (done bit): 1
[Info] [2025-8-13 17:50:44] set OpenLastPath: D:/Desktop/work_material/RK_learning/RK3568_MES2L50H/05-work_material/03_FPGA_Project/01_img_pcie_capture/project/generate_bitstream/image_pcie_capture.sbit
[Debug] [2025-8-13 17:50:44] begin to get device info from CFG file...
[Debug] [2025-8-13 17:50:44] end to get device info from CFG file...
[Debug] [2025-8-13 17:50:44] Begin to update graphic item and tree item ...
[Debug] [2025-8-13 17:50:44] End to update graphic item and tree item ...
[Debug] [2025-8-13 17:50:44] Begin to update graphic item and tree item ...
[Debug] [2025-8-13 17:50:44] End to update graphic item and tree item ...
[Debug] [2025-8-13 17:50:44] End to deal wiht chain from server.
[Debug] [2025-8-13 17:50:44] end the exec of open cable cmd.
[Debug] [2025-8-13 17:50:44] COMMAND[Open config cable] execute successfully, takes 2.3 secs.
[Debug] [2025-8-13 17:50:44] Log::Print : COMMAND[Open config cable] execute successfully, takes 2.3 secs.
[Debug] [2025-8-13 17:50:47] Begin to send scan outer flash cmd...
[Debug] [2025-8-13 17:50:47] Send RPC:4
[Debug] [2025-8-13 17:50:47] Send cmd [Scan Outer SPI Flash:20300] OK
[Debug] [2025-8-13 17:50:47] End to send scan outer flash cmd.
[Debug] [2025-8-13 17:50:48] begin to exec scan jtag flash cmd...
[Debug] [2025-8-13 17:50:48] Begin to initialize JtagFlash for selected FPGA Device...
[Debug] [2025-8-13 17:50:48] Begin to update graphic item and tree item ...
[Debug] [2025-8-13 17:50:48] End to update graphic item and tree item ...
[Info] [2025-8-13 17:50:49] set OpenLastPath: D:/Desktop/work_material/RK_learning/RK3568_MES2L50H/05-work_material/03_FPGA_Project/01_img_pcie_capture/project/generate_bitstream/image_pcie_capture.sfc
[Debug] [2025-8-13 17:50:49] begin to check SFC File and Flash Device Read Mode.
[Debug] [2025-8-13 17:50:49] end to check SFC File and Flash Device Read Mode.
[Debug] [2025-8-13 17:50:49] Begin to update graphic item and tree item ...
[Debug] [2025-8-13 17:50:49] End to update graphic item and tree item ...
[Debug] [2025-8-13 17:50:49] End to initialize OuterFlash for selected FPGA Device...
[Debug] [2025-8-13 17:50:49] end to exec scan jtag flash cmd...
[Debug] [2025-8-13 17:50:49] COMMAND[Scan Outer SPI Flash] execute successfully, takes 1.7 secs.
[Debug] [2025-8-13 17:50:49] Log::Print : COMMAND[Scan Outer SPI Flash] execute successfully, takes 1.7 secs.
[Debug] [2025-8-13 17:50:50] Begin to Converte file.
[Debug] [2025-8-13 17:50:57] begin to parse sfc file.
[Debug] [2025-8-13 17:50:57] begin to get device info from CFG file...
[Debug] [2025-8-13 17:50:57] end to get device info from CFG file...
[Debug] [2025-8-13 17:50:57] begin to get device info from CFG file...
[Debug] [2025-8-13 17:50:57] end to get device info from CFG file...
[Debug] [2025-8-13 17:50:57] end to parse sfc file.
[Debug] [2025-8-13 17:50:57] Log::Print : The Start Address of bit file D:/Desktop/work_material/RK_learning/RK3568_MES2L50H/05-work_material/03_FPGA_Project/01_img_pcie_capture/project/generate_bitstream/image_pcie_capture.sbit: 0x0
[Debug] [2025-8-13 17:50:57] End to Converte file.
[Debug] [2025-8-13 17:51:00] Begin to send scan outer flash cmd...
[Debug] [2025-8-13 17:51:00] Send RPC:5
[Debug] [2025-8-13 17:51:00] Send cmd [Scan Outer SPI Flash:20300] OK
[Debug] [2025-8-13 17:51:00] End to send scan outer flash cmd.
[Debug] [2025-8-13 17:51:00] begin to exec scan jtag flash cmd...
[Debug] [2025-8-13 17:51:00] Begin to initialize JtagFlash for selected FPGA Device...
[Debug] [2025-8-13 17:51:00] Begin to update graphic item and tree item ...
[Debug] [2025-8-13 17:51:00] End to update graphic item and tree item ...
[Info] [2025-8-13 17:51:01] set OpenLastPath: D:/Desktop/work_material/RK_learning/RK3568_MES2L50H/05-work_material/03_FPGA_Project/01_img_pcie_capture/project/generate_bitstream/image_pcie_capture.sfc
[Debug] [2025-8-13 17:51:01] begin to check SFC File and Flash Device Read Mode.
[Debug] [2025-8-13 17:51:01] end to check SFC File and Flash Device Read Mode.
[Debug] [2025-8-13 17:51:01] Begin to update graphic item and tree item ...
[Debug] [2025-8-13 17:51:01] End to update graphic item and tree item ...
[Debug] [2025-8-13 17:51:01] End to initialize OuterFlash for selected FPGA Device...
[Debug] [2025-8-13 17:51:01] end to exec scan jtag flash cmd...
[Debug] [2025-8-13 17:51:01] COMMAND[Scan Outer SPI Flash] execute successfully, takes 1.3 secs.
[Debug] [2025-8-13 17:51:01] Log::Print : COMMAND[Scan Outer SPI Flash] execute successfully, takes 1.3 secs.
[Debug] [2025-8-13 17:51:03] begin to send promgram jtag flash cmd.
[Debug] [2025-8-13 17:51:03] begin to send jtag flash erase cmd
[Debug] [2025-8-13 17:51:03] Send RPC:6
[Debug] [2025-8-13 17:51:03] Begin to send embed flash erase data.
[Debug] [2025-8-13 17:51:03] Begin to send flash erase data.
[Debug] [2025-8-13 17:51:03] End to send flash erase data.
[Debug] [2025-8-13 17:51:03] End to send embed flash erase data.
[Debug] [2025-8-13 17:51:03] Send cmd [Erase Outer Flash:20302] OK
[Debug] [2025-8-13 17:51:03] Log::Print : The start address of operating flash is 0x0.
[Debug] [2025-8-13 17:51:03] The value of Progress is 1
[Debug] [2025-8-13 17:51:04] The value of Progress is 6
[Debug] [2025-8-13 17:51:05] The value of Progress is 12
[Debug] [2025-8-13 17:51:05] The value of Progress is 15
[Debug] [2025-8-13 17:51:06] The value of Progress is 21
[Debug] [2025-8-13 17:51:07] The value of Progress is 27
[Debug] [2025-8-13 17:51:07] The value of Progress is 30
[Debug] [2025-8-13 17:51:08] The value of Progress is 36
[Debug] [2025-8-13 17:51:09] The value of Progress is 42
[Debug] [2025-8-13 17:51:09] The value of Progress is 45
[Error] [2025-8-13 17:51:12] fail to exec Erase Outer Flash cmd...
[Debug] [2025-8-13 17:51:12] end to send jtag flash erase cmd.
[Error] [2025-8-13 17:51:12] Flash Erasing failed before programming.
[Error] [2025-8-13 17:51:12] MsgOut: Configuration-0008: The command 'Erase Outer Flash' execute fail.
[Debug] [2025-8-13 17:51:16] begin to send promgram jtag flash cmd.
[Debug] [2025-8-13 17:51:16] begin to send jtag flash erase cmd
[Debug] [2025-8-13 17:51:16] Send RPC:7
[Debug] [2025-8-13 17:51:16] Begin to send embed flash erase data.
[Debug] [2025-8-13 17:51:16] Begin to send flash erase data.
[Debug] [2025-8-13 17:51:16] End to send flash erase data.
[Debug] [2025-8-13 17:51:16] End to send embed flash erase data.
[Debug] [2025-8-13 17:51:16] Send cmd [Erase Outer Flash:20302] OK
[Debug] [2025-8-13 17:51:16] Log::Print : The start address of operating flash is 0x0.
[Debug] [2025-8-13 17:51:16] The value of Progress is 1
[Debug] [2025-8-13 17:51:17] The value of Progress is 6
[Debug] [2025-8-13 17:51:18] The value of Progress is 12
[Debug] [2025-8-13 17:51:19] The value of Progress is 15
[Debug] [2025-8-13 17:51:19] The value of Progress is 21
[Debug] [2025-8-13 17:51:20] The value of Progress is 27
[Debug] [2025-8-13 17:51:21] The value of Progress is 30
[Debug] [2025-8-13 17:51:21] The value of Progress is 36
[Debug] [2025-8-13 17:51:22] The value of Progress is 42
[Debug] [2025-8-13 17:51:22] The value of Progress is 45
[Debug] [2025-8-13 17:51:23] The value of Progress is 51
[Debug] [2025-8-13 17:51:24] The value of Progress is 57
[Debug] [2025-8-13 17:51:24] The value of Progress is 60
[Debug] [2025-8-13 17:51:25] The value of Progress is 66
[Debug] [2025-8-13 17:51:26] The value of Progress is 72
[Debug] [2025-8-13 17:51:26] The value of Progress is 75
[Debug] [2025-8-13 17:51:27] The value of Progress is 81
[Debug] [2025-8-13 17:51:27] The value of Progress is 87
[Debug] [2025-8-13 17:51:28] The value of Progress is 90
[Debug] [2025-8-13 17:51:28] The value of Progress is 96
[Debug] [2025-8-13 17:51:28] The value of Progress is 100
[Debug] [2025-8-13 17:51:29] COMMAND[Erase Outer Flash] execute finish, takes 12.5 secs.
[Debug] [2025-8-13 17:51:29] end to send jtag flash erase cmd.
[Debug] [2025-8-13 17:51:29] Send RPC:8
[Debug] [2025-8-13 17:51:29] Begin to send jtag flash program data.
[Debug] [2025-8-13 17:51:29] Begin to send flash program data.
[Debug] [2025-8-13 17:51:29] End to send flash program data.
[Debug] [2025-8-13 17:51:29] End to send embed flash program data.
[Debug] [2025-8-13 17:51:29] Send cmd [Program Outer Flash:20301] OK
[Debug] [2025-8-13 17:51:29] Log::Print : COMMAND[Erase Outer Flash] execute finish, takes 12.5 secs.
[Debug] [2025-8-13 17:51:29] Log::Print : The start address of operating flash is 0x0.
[Debug] [2025-8-13 17:51:29] The value of Progress is 1
[Debug] [2025-8-13 17:51:31] The value of Progress is 6
[Debug] [2025-8-13 17:51:33] The value of Progress is 10
[Debug] [2025-8-13 17:51:34] The value of Progress is 15
[Debug] [2025-8-13 17:51:36] The value of Progress is 20
[Debug] [2025-8-13 17:51:38] The value of Progress is 25
[Debug] [2025-8-13 17:51:40] The value of Progress is 30
[Debug] [2025-8-13 17:51:42] The value of Progress is 35
[Debug] [2025-8-13 17:51:43] The value of Progress is 40
[Debug] [2025-8-13 17:51:45] The value of Progress is 45
[Debug] [2025-8-13 17:51:47] The value of Progress is 50
[Debug] [2025-8-13 17:51:49] The value of Progress is 55
[Debug] [2025-8-13 17:51:51] The value of Progress is 60
[Debug] [2025-8-13 17:51:53] The value of Progress is 65
[Debug] [2025-8-13 17:51:55] The value of Progress is 70
[Debug] [2025-8-13 17:51:57] The value of Progress is 75
[Debug] [2025-8-13 17:51:58] The value of Progress is 80
[Debug] [2025-8-13 17:52:00] The value of Progress is 85
[Debug] [2025-8-13 17:52:02] The value of Progress is 90
[Debug] [2025-8-13 17:52:04] The value of Progress is 95
[Debug] [2025-8-13 17:52:06] The value of Progress is 100
[Debug] [2025-8-13 17:52:06] COMMAND[Program Outer Flash] execute finish, takes 37.3 secs.
[Debug] [2025-8-13 17:52:06] begin to send jtag flash verify cmd
[Debug] [2025-8-13 17:52:06] Send RPC:9
[Debug] [2025-8-13 17:52:06] Begin to send embed flash verify data.
[Debug] [2025-8-13 17:52:06] Begin to send flash verify data.
[Debug] [2025-8-13 17:52:06] End to send flash verify data.
[Debug] [2025-8-13 17:52:06] End to send embed flash verify data.
[Debug] [2025-8-13 17:52:06] Send cmd [Verify Outer Flash:20303] OK
[Debug] [2025-8-13 17:52:06] Log::Print : COMMAND[Program Outer Flash] execute finish, takes 37.3 secs.
[Debug] [2025-8-13 17:52:06] Log::Print : The start address of operating flash is 0x0.
[Debug] [2025-8-13 17:52:06] The value of Progress is 1
[Debug] [2025-8-13 17:52:06] The value of Progress is 6
[Debug] [2025-8-13 17:52:06] The value of Progress is 10
[Debug] [2025-8-13 17:52:06] The value of Progress is 15
[Debug] [2025-8-13 17:52:06] The value of Progress is 20
[Debug] [2025-8-13 17:52:07] The value of Progress is 25
[Debug] [2025-8-13 17:52:07] The value of Progress is 30
[Debug] [2025-8-13 17:52:07] The value of Progress is 35
[Debug] [2025-8-13 17:52:07] The value of Progress is 40
[Debug] [2025-8-13 17:52:07] The value of Progress is 45
[Debug] [2025-8-13 17:52:07] The value of Progress is 50
[Debug] [2025-8-13 17:52:07] The value of Progress is 55
[Debug] [2025-8-13 17:52:07] The value of Progress is 60
[Debug] [2025-8-13 17:52:07] The value of Progress is 65
[Debug] [2025-8-13 17:52:08] The value of Progress is 70
[Debug] [2025-8-13 17:52:08] The value of Progress is 75
[Debug] [2025-8-13 17:52:08] The value of Progress is 80
[Debug] [2025-8-13 17:52:08] The value of Progress is 85
[Debug] [2025-8-13 17:52:08] The value of Progress is 90
[Debug] [2025-8-13 17:52:08] The value of Progress is 95
[Debug] [2025-8-13 17:52:08] The value of Progress is 100
[Debug] [2025-8-13 17:52:08] COMMAND[Verify Outer Flash] execute successfully, takes 2.5 secs.
[Debug] [2025-8-13 17:52:08] end to send jtag flash verify cmd
[Debug] [2025-8-13 17:52:08] end to send jtag flash program cmd.
[Debug] [2025-8-13 17:52:08] Log::Print : COMMAND[Verify Outer Flash] execute successfully, takes 2.5 secs.
[Debug] [2025-8-13 18:20:29] Begin to Converte file.
[Debug] [2025-8-13 18:20:29] End to Converte file.
[Debug] [2025-8-13 18:20:31] begin to parse sfc file.
[Debug] [2025-8-13 18:20:31] begin to get device info from CFG file...
[Debug] [2025-8-13 18:20:31] end to get device info from CFG file...
[Debug] [2025-8-13 18:20:31] begin to get device info from CFG file...
[Debug] [2025-8-13 18:20:31] end to get device info from CFG file...
[Debug] [2025-8-13 18:20:31] end to parse sfc file.
[Debug] [2025-8-13 18:20:31] Log::Print : The Start Address of bit file D:/Desktop/work_material/RK_learning/RK3568_MES2L50H/05-work_material/03_FPGA_Project/01_img_pcie_capture/project/generate_bitstream/image_pcie_capture.sbit: 0x0
[Debug] [2025-8-13 18:20:33] begin to send promgram jtag flash cmd.
[Debug] [2025-8-13 18:20:33] begin to send jtag flash erase cmd
[Debug] [2025-8-13 18:20:33] Send RPC:10
[Debug] [2025-8-13 18:20:33] Begin to send embed flash erase data.
[Debug] [2025-8-13 18:20:33] Begin to send flash erase data.
[Debug] [2025-8-13 18:20:33] End to send flash erase data.
[Debug] [2025-8-13 18:20:33] End to send embed flash erase data.
[Debug] [2025-8-13 18:20:33] Send cmd [Erase Outer Flash:20302] OK
[Debug] [2025-8-13 18:20:33] Log::Print : The start address of operating flash is 0x0.
[Debug] [2025-8-13 18:20:33] The value of Progress is 1
[Debug] [2025-8-13 18:20:34] The value of Progress is 6
[Debug] [2025-8-13 18:20:35] The value of Progress is 12
[Debug] [2025-8-13 18:20:35] The value of Progress is 15
[Debug] [2025-8-13 18:20:36] The value of Progress is 21
[Debug] [2025-8-13 18:20:37] The value of Progress is 27
[Debug] [2025-8-13 18:20:37] The value of Progress is 30
[Debug] [2025-8-13 18:20:38] The value of Progress is 36
[Debug] [2025-8-13 18:20:38] The value of Progress is 42
[Debug] [2025-8-13 18:20:39] The value of Progress is 45
[Debug] [2025-8-13 18:20:39] The value of Progress is 51
[Debug] [2025-8-13 18:20:40] The value of Progress is 57
[Debug] [2025-8-13 18:20:40] The value of Progress is 60
[Debug] [2025-8-13 18:20:41] The value of Progress is 66
[Debug] [2025-8-13 18:20:42] The value of Progress is 72
[Debug] [2025-8-13 18:20:42] The value of Progress is 75
[Debug] [2025-8-13 18:20:43] The value of Progress is 81
[Debug] [2025-8-13 18:20:43] The value of Progress is 87
[Debug] [2025-8-13 18:20:44] The value of Progress is 90
[Debug] [2025-8-13 18:20:45] The value of Progress is 96
[Debug] [2025-8-13 18:20:45] The value of Progress is 100
[Debug] [2025-8-13 18:20:45] COMMAND[Erase Outer Flash] execute finish, takes 11.5 secs.
[Debug] [2025-8-13 18:20:45] end to send jtag flash erase cmd.
[Debug] [2025-8-13 18:20:45] Send RPC:11
[Debug] [2025-8-13 18:20:45] Begin to send jtag flash program data.
[Debug] [2025-8-13 18:20:45] Begin to send flash program data.
[Debug] [2025-8-13 18:20:45] End to send flash program data.
[Debug] [2025-8-13 18:20:45] End to send embed flash program data.
[Debug] [2025-8-13 18:20:45] Send cmd [Program Outer Flash:20301] OK
[Debug] [2025-8-13 18:20:45] Log::Print : COMMAND[Erase Outer Flash] execute finish, takes 11.5 secs.
[Debug] [2025-8-13 18:20:45] Log::Print : The start address of operating flash is 0x0.
[Debug] [2025-8-13 18:20:45] The value of Progress is 1
[Debug] [2025-8-13 18:20:47] The value of Progress is 6
[Debug] [2025-8-13 18:20:49] The value of Progress is 10
[Debug] [2025-8-13 18:20:51] The value of Progress is 15
[Debug] [2025-8-13 18:20:53] The value of Progress is 20
[Debug] [2025-8-13 18:20:54] The value of Progress is 25
[Debug] [2025-8-13 18:20:56] The value of Progress is 30
[Debug] [2025-8-13 18:20:58] The value of Progress is 35
[Debug] [2025-8-13 18:21:00] The value of Progress is 40
[Debug] [2025-8-13 18:21:02] The value of Progress is 45
[Debug] [2025-8-13 18:21:04] The value of Progress is 50
[Debug] [2025-8-13 18:21:06] The value of Progress is 55
[Debug] [2025-8-13 18:21:07] The value of Progress is 60
[Debug] [2025-8-13 18:21:09] The value of Progress is 65
[Debug] [2025-8-13 18:21:11] The value of Progress is 70
[Debug] [2025-8-13 18:21:13] The value of Progress is 75
[Debug] [2025-8-13 18:21:15] The value of Progress is 80
[Debug] [2025-8-13 18:21:17] The value of Progress is 85
[Debug] [2025-8-13 18:21:18] The value of Progress is 90
[Debug] [2025-8-13 18:21:20] The value of Progress is 95
[Debug] [2025-8-13 18:21:22] The value of Progress is 100
[Debug] [2025-8-13 18:21:22] COMMAND[Program Outer Flash] execute finish, takes 37.6 secs.
[Debug] [2025-8-13 18:21:22] begin to send jtag flash verify cmd
[Debug] [2025-8-13 18:21:22] Send RPC:12
[Debug] [2025-8-13 18:21:22] Begin to send embed flash verify data.
[Debug] [2025-8-13 18:21:22] Begin to send flash verify data.
[Debug] [2025-8-13 18:21:22] End to send flash verify data.
[Debug] [2025-8-13 18:21:22] End to send embed flash verify data.
[Debug] [2025-8-13 18:21:22] Send cmd [Verify Outer Flash:20303] OK
[Debug] [2025-8-13 18:21:22] Log::Print : COMMAND[Program Outer Flash] execute finish, takes 37.6 secs.
[Debug] [2025-8-13 18:21:22] Log::Print : The start address of operating flash is 0x0.
[Debug] [2025-8-13 18:21:22] The value of Progress is 1
[Debug] [2025-8-13 18:21:23] The value of Progress is 6
[Debug] [2025-8-13 18:21:23] The value of Progress is 10
[Debug] [2025-8-13 18:21:23] The value of Progress is 15
[Debug] [2025-8-13 18:21:23] The value of Progress is 20
[Debug] [2025-8-13 18:21:23] The value of Progress is 25
[Debug] [2025-8-13 18:21:23] The value of Progress is 30
[Debug] [2025-8-13 18:21:23] The value of Progress is 35
[Debug] [2025-8-13 18:21:23] The value of Progress is 40
[Debug] [2025-8-13 18:21:23] The value of Progress is 45
[Debug] [2025-8-13 18:21:24] The value of Progress is 50
[Debug] [2025-8-13 18:21:24] The value of Progress is 55
[Debug] [2025-8-13 18:21:24] The value of Progress is 60
[Debug] [2025-8-13 18:21:24] The value of Progress is 65
[Debug] [2025-8-13 18:21:24] The value of Progress is 70
[Debug] [2025-8-13 18:21:24] The value of Progress is 75
[Debug] [2025-8-13 18:21:24] The value of Progress is 80
[Debug] [2025-8-13 18:21:24] The value of Progress is 85
[Debug] [2025-8-13 18:21:24] The value of Progress is 90
[Debug] [2025-8-13 18:21:24] The value of Progress is 95
[Debug] [2025-8-13 18:21:25] The value of Progress is 100
[Debug] [2025-8-13 18:21:25] COMMAND[Verify Outer Flash] execute successfully, takes 2.5 secs.
[Debug] [2025-8-13 18:21:25] end to send jtag flash verify cmd
[Debug] [2025-8-13 18:21:25] end to send jtag flash program cmd.
[Debug] [2025-8-13 18:21:25] Log::Print : COMMAND[Verify Outer Flash] execute successfully, takes 2.5 secs.
[Info] [2025-8-13 18:21:44] /***************************End Configration***************************/
[Info] [2025-8-13 18:27:42] /***************************Start Configuration***************************/
[Info] [2025-8-13 18:27:42] Path: C:/pango/PDS_2022.2-SP6.4/bin
[Info] [2025-8-13 18:27:42] Version: 146967
[Info] [2025-8-13 18:27:43] Current Path: D:/Desktop/work_material/RK_learning/RK3568_MES2L50H/05-work_material/03_FPGA_Project/01_img_pcie_capture/project
[Info] [2025-8-13 18:27:43] PDS Dir Path: D:/Desktop/work_material/RK_learning/RK3568_MES2L50H/05-work_material/03_FPGA_Project/01_img_pcie_capture/project
[Info] [2025-8-13 18:27:54] Configuration is not connect with server. connect first then scan chain.
[Debug] [2025-8-13 18:27:54] Client Local host name:LAPTOP-EA3TT0M1
[Debug] [2025-8-13 18:27:54] Client Local Address:192.168.1.11
[Debug] [2025-8-13 18:27:54] Client Local Address:192.168.1.18
[Debug] [2025-8-13 18:27:54] Server Address:127.0.0.1, Port:65420
[Debug] [2025-8-13 18:27:55] Log::Print : Connecting to server[127.0.0.1 : 65420].
[Info] [2025-8-13 18:27:55] Connect OK, Server: 127.0.0.1  Port: 65420
[Debug] [2025-8-13 18:27:55] Finish.
[Info] [2025-8-13 18:27:55] Connect server succeeded
[Debug] [2025-8-13 18:27:55] Send RPC:1
[Debug] [2025-8-13 18:27:55] Send cmd [check version information:40004] OK
[Debug] [2025-8-13 18:27:55] Log::Print : Connect to server[127.0.0.1 : 65420] successfully.
[Debug] [2025-8-13 18:27:55] Send RPC:2
[Debug] [2025-8-13 18:27:55] Send cmd [get_cable_paras:40010] OK
[Debug] [2025-8-13 18:27:55] Begin to send initialize chain cmd...
[Debug] [2025-8-13 18:27:55] Send RPC:3
[Debug] [2025-8-13 18:27:55] Send cmd [Open config cable:20001] OK
[Debug] [2025-8-13 18:27:55] End to send initialize chain cmd.
[Debug] [2025-8-13 18:27:55] COMMAND[check version information] execute successfully, takes 0.2 secs.
[Debug] [2025-8-13 18:27:55] Log::Print : COMMAND[check version information] execute successfully, takes 0.2 secs.
[Debug] [2025-8-13 18:27:56] COMMAND[get_cable_paras] execute successfully, takes 1.1 secs.
[Debug] [2025-8-13 18:27:56] Log::Print : The cable List : 
Cable index 0:USB Cable II/fffffffffffffffe 

[Debug] [2025-8-13 18:27:56] Log::Print : COMMAND[get_cable_paras] execute successfully, takes 1.1 secs.
[Debug] [2025-8-13 18:27:57] begin the exec of open cable cmd...
[Debug] [2025-8-13 18:27:57] Begin to deal with chain from server...
[Debug] [2025-8-13 18:27:57] Begin to set user chain...
[Debug] [2025-8-13 18:27:57] End to set user chain.
[Debug] [2025-8-13 18:27:57] Begin to update graphic item and tree item ...
[Debug] [2025-8-13 18:27:57] End to update graphic item and tree item ...
[Debug] [2025-8-13 18:27:57] Log::Print : PANGO USB CABLE II cable driver: D2XX DLL
[Debug] [2025-8-13 18:27:57] Log::Print : PG2L50H
[Debug] [2025-8-13 18:27:57] Log::Print : This device configure situation (done bit): 1
[Info] [2025-8-13 18:27:57] set OpenLastPath: D:/Desktop/work_material/RK_learning/RK3568_MES2L50H/05-work_material/03_FPGA_Project/01_img_pcie_capture/project/generate_bitstream/image_pcie_capture.sbit
[Debug] [2025-8-13 18:27:57] begin to get device info from CFG file...
[Debug] [2025-8-13 18:27:57] end to get device info from CFG file...
[Debug] [2025-8-13 18:27:57] Begin to update graphic item and tree item ...
[Debug] [2025-8-13 18:27:57] End to update graphic item and tree item ...
[Debug] [2025-8-13 18:27:57] Begin to update graphic item and tree item ...
[Debug] [2025-8-13 18:27:57] End to update graphic item and tree item ...
[Debug] [2025-8-13 18:27:57] End to deal wiht chain from server.
[Debug] [2025-8-13 18:27:57] end the exec of open cable cmd.
[Debug] [2025-8-13 18:27:57] COMMAND[Open config cable] execute successfully, takes 2.3 secs.
[Debug] [2025-8-13 18:27:57] Log::Print : COMMAND[Open config cable] execute successfully, takes 2.3 secs.
[Debug] [2025-8-13 18:28:00] Begin to send scan outer flash cmd...
[Debug] [2025-8-13 18:28:00] Send RPC:4
[Debug] [2025-8-13 18:28:00] Send cmd [Scan Outer SPI Flash:20300] OK
[Debug] [2025-8-13 18:28:00] End to send scan outer flash cmd.
[Debug] [2025-8-13 18:28:00] begin to exec scan jtag flash cmd...
[Debug] [2025-8-13 18:28:00] Begin to initialize JtagFlash for selected FPGA Device...
[Debug] [2025-8-13 18:28:00] Begin to update graphic item and tree item ...
[Debug] [2025-8-13 18:28:00] End to update graphic item and tree item ...
[Debug] [2025-8-13 18:28:01] selected file name is empty and ignore.
[Debug] [2025-8-13 18:28:01] End to initialize OuterFlash for selected FPGA Device...
[Debug] [2025-8-13 18:28:01] end to exec scan jtag flash cmd...
[Debug] [2025-8-13 18:28:01] COMMAND[Scan Outer SPI Flash] execute successfully, takes 1.3 secs.
[Debug] [2025-8-13 18:28:01] Log::Print : COMMAND[Scan Outer SPI Flash] execute successfully, takes 1.3 secs.
[Debug] [2025-8-13 18:28:03] Begin to Converte file.
[Debug] [2025-8-13 18:28:09] begin to parse sfc file.
[Debug] [2025-8-13 18:28:09] begin to get device info from CFG file...
[Debug] [2025-8-13 18:28:09] end to get device info from CFG file...
[Debug] [2025-8-13 18:28:09] begin to get device info from CFG file...
[Debug] [2025-8-13 18:28:09] end to get device info from CFG file...
[Debug] [2025-8-13 18:28:09] end to parse sfc file.
[Debug] [2025-8-13 18:28:09] Log::Print : The Start Address of bit file D:/Desktop/work_material/RK_learning/RK3568_MES2L50H/05-work_material/03_FPGA_Project/01_img_pcie_capture/project/generate_bitstream/image_pcie_capture.sbit: 0x0
[Debug] [2025-8-13 18:28:10] End to Converte file.
[Debug] [2025-8-13 18:28:14] Begin to send scan outer flash cmd...
[Debug] [2025-8-13 18:28:14] Send RPC:5
[Debug] [2025-8-13 18:28:14] Send cmd [Scan Outer SPI Flash:20300] OK
[Debug] [2025-8-13 18:28:14] End to send scan outer flash cmd.
[Debug] [2025-8-13 18:28:14] begin to exec scan jtag flash cmd...
[Debug] [2025-8-13 18:28:14] Begin to initialize JtagFlash for selected FPGA Device...
[Debug] [2025-8-13 18:28:14] Begin to update graphic item and tree item ...
[Debug] [2025-8-13 18:28:14] End to update graphic item and tree item ...
[Info] [2025-8-13 18:28:15] set OpenLastPath: D:/Desktop/work_material/RK_learning/RK3568_MES2L50H/05-work_material/03_FPGA_Project/01_img_pcie_capture/project/generate_bitstream/image_pcie_capture.sfc
[Debug] [2025-8-13 18:28:15] begin to check SFC File and Flash Device Read Mode.
[Debug] [2025-8-13 18:28:15] end to check SFC File and Flash Device Read Mode.
[Debug] [2025-8-13 18:28:15] Begin to update graphic item and tree item ...
[Debug] [2025-8-13 18:28:15] End to update graphic item and tree item ...
[Debug] [2025-8-13 18:28:15] End to initialize OuterFlash for selected FPGA Device...
[Debug] [2025-8-13 18:28:15] end to exec scan jtag flash cmd...
[Debug] [2025-8-13 18:28:15] COMMAND[Scan Outer SPI Flash] execute successfully, takes 1.1 secs.
[Debug] [2025-8-13 18:28:15] Log::Print : COMMAND[Scan Outer SPI Flash] execute successfully, takes 1.1 secs.
[Debug] [2025-8-13 18:28:16] begin to send promgram jtag flash cmd.
[Debug] [2025-8-13 18:28:16] begin to send jtag flash erase cmd
[Debug] [2025-8-13 18:28:16] Send RPC:6
[Debug] [2025-8-13 18:28:16] Begin to send embed flash erase data.
[Debug] [2025-8-13 18:28:16] Begin to send flash erase data.
[Debug] [2025-8-13 18:28:16] End to send flash erase data.
[Debug] [2025-8-13 18:28:16] End to send embed flash erase data.
[Debug] [2025-8-13 18:28:16] Send cmd [Erase Outer Flash:20302] OK
[Debug] [2025-8-13 18:28:16] Log::Print : The start address of operating flash is 0x0.
[Debug] [2025-8-13 18:28:16] The value of Progress is 1
[Debug] [2025-8-13 18:28:17] The value of Progress is 6
[Debug] [2025-8-13 18:28:17] The value of Progress is 12
[Debug] [2025-8-13 18:28:18] The value of Progress is 15
[Debug] [2025-8-13 18:28:19] The value of Progress is 21
[Debug] [2025-8-13 18:28:19] The value of Progress is 27
[Debug] [2025-8-13 18:28:20] The value of Progress is 30
[Debug] [2025-8-13 18:28:20] The value of Progress is 36
[Debug] [2025-8-13 18:28:21] The value of Progress is 42
[Debug] [2025-8-13 18:28:21] The value of Progress is 45
[Debug] [2025-8-13 18:28:22] The value of Progress is 51
[Debug] [2025-8-13 18:28:23] The value of Progress is 57
[Debug] [2025-8-13 18:28:23] The value of Progress is 60
[Debug] [2025-8-13 18:28:24] The value of Progress is 66
[Debug] [2025-8-13 18:28:24] The value of Progress is 72
[Debug] [2025-8-13 18:28:24] The value of Progress is 75
[Debug] [2025-8-13 18:28:25] The value of Progress is 81
[Debug] [2025-8-13 18:28:26] The value of Progress is 87
[Debug] [2025-8-13 18:28:26] The value of Progress is 90
[Debug] [2025-8-13 18:28:27] The value of Progress is 96
[Debug] [2025-8-13 18:28:27] The value of Progress is 100
[Debug] [2025-8-13 18:28:27] COMMAND[Erase Outer Flash] execute finish, takes 11.5 secs.
[Debug] [2025-8-13 18:28:27] end to send jtag flash erase cmd.
[Debug] [2025-8-13 18:28:27] Send RPC:7
[Debug] [2025-8-13 18:28:27] Begin to send jtag flash program data.
[Debug] [2025-8-13 18:28:27] Begin to send flash program data.
[Debug] [2025-8-13 18:28:27] End to send flash program data.
[Debug] [2025-8-13 18:28:27] End to send embed flash program data.
[Debug] [2025-8-13 18:28:27] Send cmd [Program Outer Flash:20301] OK
[Debug] [2025-8-13 18:28:27] Log::Print : COMMAND[Erase Outer Flash] execute finish, takes 11.5 secs.
[Debug] [2025-8-13 18:28:27] Log::Print : The start address of operating flash is 0x0.
[Debug] [2025-8-13 18:28:27] The value of Progress is 1
[Debug] [2025-8-13 18:28:29] The value of Progress is 6
[Debug] [2025-8-13 18:28:31] The value of Progress is 10
[Debug] [2025-8-13 18:28:32] The value of Progress is 15
[Debug] [2025-8-13 18:28:34] The value of Progress is 20
[Debug] [2025-8-13 18:28:36] The value of Progress is 25
[Debug] [2025-8-13 18:28:37] The value of Progress is 30
[Debug] [2025-8-13 18:28:39] The value of Progress is 35
[Debug] [2025-8-13 18:28:41] The value of Progress is 40
[Debug] [2025-8-13 18:28:42] The value of Progress is 45
[Debug] [2025-8-13 18:28:44] The value of Progress is 50
[Debug] [2025-8-13 18:28:45] The value of Progress is 55
[Debug] [2025-8-13 18:28:47] The value of Progress is 60
[Debug] [2025-8-13 18:28:49] The value of Progress is 65
[Debug] [2025-8-13 18:28:50] The value of Progress is 70
[Debug] [2025-8-13 18:28:52] The value of Progress is 75
[Debug] [2025-8-13 18:28:54] The value of Progress is 80
[Debug] [2025-8-13 18:28:55] The value of Progress is 85
[Debug] [2025-8-13 18:28:57] The value of Progress is 90
[Debug] [2025-8-13 18:28:59] The value of Progress is 95
[Debug] [2025-8-13 18:29:00] The value of Progress is 100
[Debug] [2025-8-13 18:29:01] COMMAND[Program Outer Flash] execute finish, takes 33.6 secs.
[Debug] [2025-8-13 18:29:01] begin to send jtag flash verify cmd
[Debug] [2025-8-13 18:29:01] Send RPC:8
[Debug] [2025-8-13 18:29:01] Begin to send embed flash verify data.
[Debug] [2025-8-13 18:29:01] Begin to send flash verify data.
[Debug] [2025-8-13 18:29:01] End to send flash verify data.
[Debug] [2025-8-13 18:29:01] End to send embed flash verify data.
[Debug] [2025-8-13 18:29:01] Send cmd [Verify Outer Flash:20303] OK
[Debug] [2025-8-13 18:29:01] Log::Print : COMMAND[Program Outer Flash] execute finish, takes 33.6 secs.
[Debug] [2025-8-13 18:29:01] Log::Print : The start address of operating flash is 0x0.
[Debug] [2025-8-13 18:29:01] The value of Progress is 1
[Debug] [2025-8-13 18:29:01] The value of Progress is 6
[Debug] [2025-8-13 18:29:01] The value of Progress is 10
[Debug] [2025-8-13 18:29:01] The value of Progress is 15
[Debug] [2025-8-13 18:29:01] The value of Progress is 20
[Debug] [2025-8-13 18:29:01] The value of Progress is 25
[Debug] [2025-8-13 18:29:01] The value of Progress is 30
[Debug] [2025-8-13 18:29:02] The value of Progress is 35
[Debug] [2025-8-13 18:29:02] The value of Progress is 40
[Debug] [2025-8-13 18:29:02] The value of Progress is 45
[Debug] [2025-8-13 18:29:02] The value of Progress is 50
[Debug] [2025-8-13 18:29:02] The value of Progress is 55
[Debug] [2025-8-13 18:29:02] The value of Progress is 60
[Debug] [2025-8-13 18:29:02] The value of Progress is 65
[Debug] [2025-8-13 18:29:02] The value of Progress is 70
[Debug] [2025-8-13 18:29:02] The value of Progress is 75
[Debug] [2025-8-13 18:29:03] The value of Progress is 80
[Debug] [2025-8-13 18:29:03] The value of Progress is 85
[Debug] [2025-8-13 18:29:03] The value of Progress is 90
[Debug] [2025-8-13 18:29:03] The value of Progress is 95
[Debug] [2025-8-13 18:29:03] The value of Progress is 100
[Debug] [2025-8-13 18:29:03] COMMAND[Verify Outer Flash] execute successfully, takes 2.5 secs.
[Debug] [2025-8-13 18:29:03] end to send jtag flash verify cmd
[Debug] [2025-8-13 18:29:03] end to send jtag flash program cmd.
[Debug] [2025-8-13 18:29:03] Log::Print : COMMAND[Verify Outer Flash] execute successfully, takes 2.5 secs.
[Debug] [2025-8-13 18:34:33] Begin to Converte file.
[Debug] [2025-8-13 18:34:33] End to Converte file.
[Debug] [2025-8-13 18:34:34] begin to parse sfc file.
[Debug] [2025-8-13 18:34:34] begin to get device info from CFG file...
[Debug] [2025-8-13 18:34:34] end to get device info from CFG file...
[Debug] [2025-8-13 18:34:34] begin to get device info from CFG file...
[Debug] [2025-8-13 18:34:34] end to get device info from CFG file...
[Debug] [2025-8-13 18:34:34] end to parse sfc file.
[Debug] [2025-8-13 18:34:34] Log::Print : The Start Address of bit file D:/Desktop/work_material/RK_learning/RK3568_MES2L50H/05-work_material/03_FPGA_Project/01_img_pcie_capture/project/generate_bitstream/image_pcie_capture.sbit: 0x0
[Debug] [2025-8-13 18:34:36] begin to send promgram jtag flash cmd.
[Debug] [2025-8-13 18:34:36] begin to send jtag flash erase cmd
[Debug] [2025-8-13 18:34:36] Send RPC:9
[Debug] [2025-8-13 18:34:36] Begin to send embed flash erase data.
[Debug] [2025-8-13 18:34:36] Begin to send flash erase data.
[Debug] [2025-8-13 18:34:36] End to send flash erase data.
[Debug] [2025-8-13 18:34:36] End to send embed flash erase data.
[Debug] [2025-8-13 18:34:36] Send cmd [Erase Outer Flash:20302] OK
[Debug] [2025-8-13 18:34:36] Log::Print : The start address of operating flash is 0x0.
[Debug] [2025-8-13 18:34:36] The value of Progress is 1
[Debug] [2025-8-13 18:34:37] The value of Progress is 6
[Debug] [2025-8-13 18:34:38] The value of Progress is 12
[Debug] [2025-8-13 18:34:39] The value of Progress is 15
[Debug] [2025-8-13 18:34:39] The value of Progress is 21
[Debug] [2025-8-13 18:34:40] The value of Progress is 27
[Debug] [2025-8-13 18:34:40] The value of Progress is 30
[Debug] [2025-8-13 18:34:41] The value of Progress is 36
[Debug] [2025-8-13 18:34:42] The value of Progress is 42
[Debug] [2025-8-13 18:34:42] The value of Progress is 45
[Debug] [2025-8-13 18:34:43] The value of Progress is 51
[Debug] [2025-8-13 18:34:43] The value of Progress is 57
[Debug] [2025-8-13 18:34:44] The value of Progress is 60
[Debug] [2025-8-13 18:34:44] The value of Progress is 66
[Debug] [2025-8-13 18:34:45] The value of Progress is 72
[Debug] [2025-8-13 18:34:45] The value of Progress is 75
[Debug] [2025-8-13 18:34:46] The value of Progress is 81
[Debug] [2025-8-13 18:34:47] The value of Progress is 87
[Debug] [2025-8-13 18:34:47] The value of Progress is 90
[Debug] [2025-8-13 18:34:48] The value of Progress is 96
[Debug] [2025-8-13 18:34:48] The value of Progress is 100
[Debug] [2025-8-13 18:34:48] COMMAND[Erase Outer Flash] execute finish, takes 11.8 secs.
[Debug] [2025-8-13 18:34:48] end to send jtag flash erase cmd.
[Debug] [2025-8-13 18:34:48] Send RPC:10
[Debug] [2025-8-13 18:34:48] Begin to send jtag flash program data.
[Debug] [2025-8-13 18:34:48] Begin to send flash program data.
[Debug] [2025-8-13 18:34:48] End to send flash program data.
[Debug] [2025-8-13 18:34:48] End to send embed flash program data.
[Debug] [2025-8-13 18:34:48] Send cmd [Program Outer Flash:20301] OK
[Debug] [2025-8-13 18:34:48] Log::Print : COMMAND[Erase Outer Flash] execute finish, takes 11.8 secs.
[Debug] [2025-8-13 18:34:48] Log::Print : The start address of operating flash is 0x0.
[Debug] [2025-8-13 18:34:48] The value of Progress is 1
[Debug] [2025-8-13 18:34:50] The value of Progress is 6
[Debug] [2025-8-13 18:34:52] The value of Progress is 10
[Debug] [2025-8-13 18:34:53] The value of Progress is 15
[Debug] [2025-8-13 18:34:55] The value of Progress is 20
[Debug] [2025-8-13 18:34:57] The value of Progress is 25
[Debug] [2025-8-13 18:34:58] The value of Progress is 30
[Debug] [2025-8-13 18:35:00] The value of Progress is 35
[Debug] [2025-8-13 18:35:02] The value of Progress is 40
[Debug] [2025-8-13 18:35:03] The value of Progress is 45
[Debug] [2025-8-13 18:35:05] The value of Progress is 50
[Debug] [2025-8-13 18:35:07] The value of Progress is 55
[Debug] [2025-8-13 18:35:08] The value of Progress is 60
[Debug] [2025-8-13 18:35:10] The value of Progress is 65
[Debug] [2025-8-13 18:35:12] The value of Progress is 70
[Debug] [2025-8-13 18:35:13] The value of Progress is 75
[Debug] [2025-8-13 18:35:15] The value of Progress is 80
[Debug] [2025-8-13 18:35:17] The value of Progress is 85
[Debug] [2025-8-13 18:35:18] The value of Progress is 90
[Debug] [2025-8-13 18:35:20] The value of Progress is 95
[Debug] [2025-8-13 18:35:22] The value of Progress is 100
[Debug] [2025-8-13 18:35:22] COMMAND[Program Outer Flash] execute finish, takes 33.8 secs.
[Debug] [2025-8-13 18:35:22] begin to send jtag flash verify cmd
[Debug] [2025-8-13 18:35:22] Send RPC:11
[Debug] [2025-8-13 18:35:22] Begin to send embed flash verify data.
[Debug] [2025-8-13 18:35:22] Begin to send flash verify data.
[Debug] [2025-8-13 18:35:22] End to send flash verify data.
[Debug] [2025-8-13 18:35:22] End to send embed flash verify data.
[Debug] [2025-8-13 18:35:22] Send cmd [Verify Outer Flash:20303] OK
[Debug] [2025-8-13 18:35:22] Log::Print : COMMAND[Program Outer Flash] execute finish, takes 33.8 secs.
[Debug] [2025-8-13 18:35:22] Log::Print : The start address of operating flash is 0x0.
[Debug] [2025-8-13 18:35:22] The value of Progress is 1
[Debug] [2025-8-13 18:35:22] The value of Progress is 6
[Debug] [2025-8-13 18:35:22] The value of Progress is 10
[Debug] [2025-8-13 18:35:22] The value of Progress is 15
[Debug] [2025-8-13 18:35:22] The value of Progress is 20
[Debug] [2025-8-13 18:35:23] The value of Progress is 25
[Debug] [2025-8-13 18:35:23] The value of Progress is 30
[Debug] [2025-8-13 18:35:23] The value of Progress is 35
[Debug] [2025-8-13 18:35:23] The value of Progress is 40
[Debug] [2025-8-13 18:35:23] The value of Progress is 45
[Debug] [2025-8-13 18:35:23] The value of Progress is 50
[Debug] [2025-8-13 18:35:23] The value of Progress is 55
[Debug] [2025-8-13 18:35:23] The value of Progress is 60
[Debug] [2025-8-13 18:35:23] The value of Progress is 65
[Debug] [2025-8-13 18:35:24] The value of Progress is 70
[Debug] [2025-8-13 18:35:24] The value of Progress is 75
[Debug] [2025-8-13 18:35:24] The value of Progress is 80
[Debug] [2025-8-13 18:35:24] The value of Progress is 85
[Debug] [2025-8-13 18:35:24] The value of Progress is 90
[Debug] [2025-8-13 18:35:24] The value of Progress is 95
[Debug] [2025-8-13 18:35:24] The value of Progress is 100
[Debug] [2025-8-13 18:35:24] COMMAND[Verify Outer Flash] execute successfully, takes 2.5 secs.
[Debug] [2025-8-13 18:35:24] end to send jtag flash verify cmd
[Debug] [2025-8-13 18:35:24] end to send jtag flash program cmd.
[Debug] [2025-8-13 18:35:24] Log::Print : COMMAND[Verify Outer Flash] execute successfully, takes 2.5 secs.
[Debug] [2025-8-13 18:40:52] Begin to Converte file.
[Debug] [2025-8-13 18:40:52] End to Converte file.
[Debug] [2025-8-13 18:41:01] begin to parse sfc file.
[Debug] [2025-8-13 18:41:01] begin to get device info from CFG file...
[Debug] [2025-8-13 18:41:01] end to get device info from CFG file...
[Debug] [2025-8-13 18:41:01] begin to get device info from CFG file...
[Debug] [2025-8-13 18:41:01] end to get device info from CFG file...
[Debug] [2025-8-13 18:41:01] end to parse sfc file.
[Debug] [2025-8-13 18:41:01] Log::Print : The Start Address of bit file D:/Desktop/work_material/RK_learning/RK3568_MES2L50H/05-work_material/03_FPGA_Project/01_img_pcie_capture/project/generate_bitstream/image_pcie_capture.sbit: 0x0
[Debug] [2025-8-13 18:41:04] Begin to send scan outer flash cmd...
[Debug] [2025-8-13 18:41:04] Send RPC:12
[Debug] [2025-8-13 18:41:04] Send cmd [Scan Outer SPI Flash:20300] OK
[Debug] [2025-8-13 18:41:04] End to send scan outer flash cmd.
[Debug] [2025-8-13 18:41:04] begin to exec scan jtag flash cmd...
[Debug] [2025-8-13 18:41:04] Begin to initialize JtagFlash for selected FPGA Device...
[Debug] [2025-8-13 18:41:04] Begin to update graphic item and tree item ...
[Debug] [2025-8-13 18:41:04] End to update graphic item and tree item ...
[Info] [2025-8-13 18:41:07] set OpenLastPath: D:/Desktop/work_material/RK_learning/RK3568_MES2L50H/05-work_material/03_FPGA_Project/01_img_pcie_capture/project/generate_bitstream/image_pcie_capture.sfc
[Debug] [2025-8-13 18:41:07] begin to check SFC File and Flash Device Read Mode.
[Debug] [2025-8-13 18:41:07] end to check SFC File and Flash Device Read Mode.
[Debug] [2025-8-13 18:41:07] Begin to update graphic item and tree item ...
[Debug] [2025-8-13 18:41:07] End to update graphic item and tree item ...
[Debug] [2025-8-13 18:41:07] End to initialize OuterFlash for selected FPGA Device...
[Debug] [2025-8-13 18:41:07] end to exec scan jtag flash cmd...
[Debug] [2025-8-13 18:41:07] COMMAND[Scan Outer SPI Flash] execute successfully, takes 3.1 secs.
[Debug] [2025-8-13 18:41:07] Log::Print : COMMAND[Scan Outer SPI Flash] execute successfully, takes 3.1 secs.
[Debug] [2025-8-13 18:41:08] begin to send promgram jtag flash cmd.
[Debug] [2025-8-13 18:41:08] begin to send jtag flash erase cmd
[Debug] [2025-8-13 18:41:08] Send RPC:13
[Debug] [2025-8-13 18:41:08] Begin to send embed flash erase data.
[Debug] [2025-8-13 18:41:08] Begin to send flash erase data.
[Debug] [2025-8-13 18:41:08] End to send flash erase data.
[Debug] [2025-8-13 18:41:08] End to send embed flash erase data.
[Debug] [2025-8-13 18:41:08] Send cmd [Erase Outer Flash:20302] OK
[Debug] [2025-8-13 18:41:08] Log::Print : The start address of operating flash is 0x0.
[Debug] [2025-8-13 18:41:09] The value of Progress is 1
[Debug] [2025-8-13 18:41:10] The value of Progress is 6
[Debug] [2025-8-13 18:41:10] The value of Progress is 12
[Debug] [2025-8-13 18:41:11] The value of Progress is 15
[Debug] [2025-8-13 18:41:11] The value of Progress is 21
[Debug] [2025-8-13 18:41:12] The value of Progress is 27
[Debug] [2025-8-13 18:41:12] The value of Progress is 30
[Debug] [2025-8-13 18:41:13] The value of Progress is 36
[Debug] [2025-8-13 18:41:14] The value of Progress is 42
[Debug] [2025-8-13 18:41:14] The value of Progress is 45
[Debug] [2025-8-13 18:41:15] The value of Progress is 51
[Debug] [2025-8-13 18:41:16] The value of Progress is 57
[Debug] [2025-8-13 18:41:16] The value of Progress is 60
[Debug] [2025-8-13 18:41:17] The value of Progress is 66
[Debug] [2025-8-13 18:41:17] The value of Progress is 72
[Debug] [2025-8-13 18:41:17] The value of Progress is 75
[Debug] [2025-8-13 18:41:18] The value of Progress is 81
[Debug] [2025-8-13 18:41:19] The value of Progress is 87
[Debug] [2025-8-13 18:41:19] The value of Progress is 90
[Debug] [2025-8-13 18:41:20] The value of Progress is 96
[Debug] [2025-8-13 18:41:20] The value of Progress is 100
[Debug] [2025-8-13 18:41:20] COMMAND[Erase Outer Flash] execute finish, takes 12.0 secs.
[Debug] [2025-8-13 18:41:20] end to send jtag flash erase cmd.
[Debug] [2025-8-13 18:41:20] Send RPC:14
[Debug] [2025-8-13 18:41:20] Begin to send jtag flash program data.
[Debug] [2025-8-13 18:41:20] Begin to send flash program data.
[Debug] [2025-8-13 18:41:20] End to send flash program data.
[Debug] [2025-8-13 18:41:20] End to send embed flash program data.
[Debug] [2025-8-13 18:41:20] Send cmd [Program Outer Flash:20301] OK
[Debug] [2025-8-13 18:41:20] Log::Print : COMMAND[Erase Outer Flash] execute finish, takes 12.0 secs.
[Debug] [2025-8-13 18:41:20] Log::Print : The start address of operating flash is 0x0.
[Debug] [2025-8-13 18:41:21] The value of Progress is 1
[Debug] [2025-8-13 18:41:23] The value of Progress is 6
[Debug] [2025-8-13 18:41:24] The value of Progress is 10
[Debug] [2025-8-13 18:41:26] The value of Progress is 15
[Debug] [2025-8-13 18:41:27] The value of Progress is 20
[Debug] [2025-8-13 18:41:29] The value of Progress is 25
[Debug] [2025-8-13 18:41:31] The value of Progress is 30
[Debug] [2025-8-13 18:41:32] The value of Progress is 35
[Debug] [2025-8-13 18:41:34] The value of Progress is 40
[Debug] [2025-8-13 18:41:36] The value of Progress is 45
[Debug] [2025-8-13 18:41:37] The value of Progress is 50
[Debug] [2025-8-13 18:41:39] The value of Progress is 55
[Debug] [2025-8-13 18:41:41] The value of Progress is 60
[Debug] [2025-8-13 18:41:42] The value of Progress is 65
[Debug] [2025-8-13 18:41:44] The value of Progress is 70
[Debug] [2025-8-13 18:41:46] The value of Progress is 75
[Debug] [2025-8-13 18:41:47] The value of Progress is 80
[Debug] [2025-8-13 18:41:49] The value of Progress is 85
[Debug] [2025-8-13 18:41:51] The value of Progress is 90
[Debug] [2025-8-13 18:41:52] The value of Progress is 95
[Debug] [2025-8-13 18:41:54] The value of Progress is 100
[Debug] [2025-8-13 18:41:54] COMMAND[Program Outer Flash] execute finish, takes 33.7 secs.
[Debug] [2025-8-13 18:41:54] begin to send jtag flash verify cmd
[Debug] [2025-8-13 18:41:54] Send RPC:15
[Debug] [2025-8-13 18:41:54] Begin to send embed flash verify data.
[Debug] [2025-8-13 18:41:54] Begin to send flash verify data.
[Debug] [2025-8-13 18:41:54] End to send flash verify data.
[Debug] [2025-8-13 18:41:54] End to send embed flash verify data.
[Debug] [2025-8-13 18:41:54] Send cmd [Verify Outer Flash:20303] OK
[Debug] [2025-8-13 18:41:54] Log::Print : COMMAND[Program Outer Flash] execute finish, takes 33.7 secs.
[Debug] [2025-8-13 18:41:54] Log::Print : The start address of operating flash is 0x0.
[Debug] [2025-8-13 18:41:54] The value of Progress is 1
[Debug] [2025-8-13 18:41:54] The value of Progress is 6
[Debug] [2025-8-13 18:41:55] The value of Progress is 10
[Debug] [2025-8-13 18:41:55] The value of Progress is 15
[Debug] [2025-8-13 18:41:55] The value of Progress is 20
[Debug] [2025-8-13 18:41:55] The value of Progress is 25
[Debug] [2025-8-13 18:41:55] The value of Progress is 30
[Debug] [2025-8-13 18:41:55] The value of Progress is 35
[Debug] [2025-8-13 18:41:55] The value of Progress is 40
[Debug] [2025-8-13 18:41:55] The value of Progress is 45
[Debug] [2025-8-13 18:41:55] The value of Progress is 50
[Debug] [2025-8-13 18:41:55] The value of Progress is 55
[Debug] [2025-8-13 18:41:56] The value of Progress is 60
[Debug] [2025-8-13 18:41:56] The value of Progress is 65
[Debug] [2025-8-13 18:41:56] The value of Progress is 70
[Debug] [2025-8-13 18:41:56] The value of Progress is 75
[Debug] [2025-8-13 18:41:56] The value of Progress is 80
[Debug] [2025-8-13 18:41:56] The value of Progress is 85
[Debug] [2025-8-13 18:41:56] The value of Progress is 90
[Debug] [2025-8-13 18:41:56] The value of Progress is 95
[Debug] [2025-8-13 18:41:56] The value of Progress is 100
[Debug] [2025-8-13 18:41:57] COMMAND[Verify Outer Flash] execute successfully, takes 2.5 secs.
[Debug] [2025-8-13 18:41:57] end to send jtag flash verify cmd
[Debug] [2025-8-13 18:41:57] end to send jtag flash program cmd.
[Debug] [2025-8-13 18:41:57] Log::Print : COMMAND[Verify Outer Flash] execute successfully, takes 2.5 secs.
[Debug] [2025-8-13 18:43:56] Begin to Converte file.
[Debug] [2025-8-13 18:43:56] End to Converte file.
[Debug] [2025-8-13 18:43:57] begin to parse sfc file.
[Debug] [2025-8-13 18:43:57] begin to get device info from CFG file...
[Debug] [2025-8-13 18:43:57] end to get device info from CFG file...
[Debug] [2025-8-13 18:43:57] begin to get device info from CFG file...
[Debug] [2025-8-13 18:43:57] end to get device info from CFG file...
[Debug] [2025-8-13 18:43:57] end to parse sfc file.
[Debug] [2025-8-13 18:43:57] Log::Print : The Start Address of bit file D:/Desktop/work_material/RK_learning/RK3568_MES2L50H/05-work_material/03_FPGA_Project/01_img_pcie_capture/project/generate_bitstream/image_pcie_capture.sbit: 0x0
[Debug] [2025-8-13 18:43:59] begin to send promgram jtag flash cmd.
[Debug] [2025-8-13 18:43:59] begin to send jtag flash erase cmd
[Debug] [2025-8-13 18:43:59] Send RPC:16
[Debug] [2025-8-13 18:43:59] Begin to send embed flash erase data.
[Debug] [2025-8-13 18:43:59] Begin to send flash erase data.
[Debug] [2025-8-13 18:43:59] End to send flash erase data.
[Debug] [2025-8-13 18:43:59] End to send embed flash erase data.
[Debug] [2025-8-13 18:43:59] Send cmd [Erase Outer Flash:20302] OK
[Debug] [2025-8-13 18:43:59] Log::Print : The start address of operating flash is 0x0.
[Debug] [2025-8-13 18:43:59] The value of Progress is 1
[Debug] [2025-8-13 18:44:01] The value of Progress is 6
[Debug] [2025-8-13 18:44:01] The value of Progress is 10
[Debug] [2025-8-13 18:44:02] The value of Progress is 16
[Debug] [2025-8-13 18:44:02] The value of Progress is 20
[Debug] [2025-8-13 18:44:03] The value of Progress is 26
[Debug] [2025-8-13 18:44:03] The value of Progress is 30
[Debug] [2025-8-13 18:44:04] The value of Progress is 36
[Debug] [2025-8-13 18:44:04] The value of Progress is 40
[Debug] [2025-8-13 18:44:05] The value of Progress is 46
[Debug] [2025-8-13 18:44:05] The value of Progress is 50
[Debug] [2025-8-13 18:44:06] The value of Progress is 56
[Debug] [2025-8-13 18:44:06] The value of Progress is 60
[Debug] [2025-8-13 18:44:07] The value of Progress is 66
[Debug] [2025-8-13 18:44:07] The value of Progress is 70
[Debug] [2025-8-13 18:44:08] The value of Progress is 76
[Debug] [2025-8-13 18:44:08] The value of Progress is 80
[Debug] [2025-8-13 18:44:09] The value of Progress is 86
[Debug] [2025-8-13 18:44:09] The value of Progress is 90
[Debug] [2025-8-13 18:44:10] The value of Progress is 96
[Debug] [2025-8-13 18:44:10] The value of Progress is 100
[Debug] [2025-8-13 18:44:10] COMMAND[Erase Outer Flash] execute finish, takes 10.7 secs.
[Debug] [2025-8-13 18:44:10] end to send jtag flash erase cmd.
[Debug] [2025-8-13 18:44:10] Send RPC:17
[Debug] [2025-8-13 18:44:10] Begin to send jtag flash program data.
[Debug] [2025-8-13 18:44:10] Begin to send flash program data.
[Debug] [2025-8-13 18:44:10] End to send flash program data.
[Debug] [2025-8-13 18:44:10] End to send embed flash program data.
[Debug] [2025-8-13 18:44:10] Send cmd [Program Outer Flash:20301] OK
[Debug] [2025-8-13 18:44:10] Log::Print : COMMAND[Erase Outer Flash] execute finish, takes 10.7 secs.
[Debug] [2025-8-13 18:44:10] Log::Print : The start address of operating flash is 0x0.
[Debug] [2025-8-13 18:44:10] The value of Progress is 1
[Debug] [2025-8-13 18:44:12] The value of Progress is 6
[Debug] [2025-8-13 18:44:13] The value of Progress is 10
[Debug] [2025-8-13 18:44:15] The value of Progress is 15
[Debug] [2025-8-13 18:44:16] The value of Progress is 20
[Debug] [2025-8-13 18:44:18] The value of Progress is 25
[Debug] [2025-8-13 18:44:19] The value of Progress is 30
[Debug] [2025-8-13 18:44:21] The value of Progress is 35
[Debug] [2025-8-13 18:44:22] The value of Progress is 40
[Debug] [2025-8-13 18:44:24] The value of Progress is 45
[Debug] [2025-8-13 18:44:25] The value of Progress is 50
[Debug] [2025-8-13 18:44:27] The value of Progress is 55
[Debug] [2025-8-13 18:44:29] The value of Progress is 60
[Debug] [2025-8-13 18:44:30] The value of Progress is 65
[Debug] [2025-8-13 18:44:32] The value of Progress is 70
[Debug] [2025-8-13 18:44:33] The value of Progress is 75
[Debug] [2025-8-13 18:44:35] The value of Progress is 80
[Debug] [2025-8-13 18:44:36] The value of Progress is 85
[Debug] [2025-8-13 18:44:38] The value of Progress is 90
[Debug] [2025-8-13 18:44:39] The value of Progress is 95
[Debug] [2025-8-13 18:44:41] The value of Progress is 100
[Debug] [2025-8-13 18:44:41] COMMAND[Program Outer Flash] execute finish, takes 31.1 secs.
[Debug] [2025-8-13 18:44:41] begin to send jtag flash verify cmd
[Debug] [2025-8-13 18:44:41] Send RPC:18
[Debug] [2025-8-13 18:44:41] Begin to send embed flash verify data.
[Debug] [2025-8-13 18:44:41] Begin to send flash verify data.
[Debug] [2025-8-13 18:44:41] End to send flash verify data.
[Debug] [2025-8-13 18:44:41] End to send embed flash verify data.
[Debug] [2025-8-13 18:44:41] Send cmd [Verify Outer Flash:20303] OK
[Debug] [2025-8-13 18:44:41] Log::Print : COMMAND[Program Outer Flash] execute finish, takes 31.1 secs.
[Debug] [2025-8-13 18:44:41] Log::Print : The start address of operating flash is 0x0.
[Debug] [2025-8-13 18:44:41] The value of Progress is 1
[Debug] [2025-8-13 18:44:41] The value of Progress is 6
[Debug] [2025-8-13 18:44:41] The value of Progress is 10
[Debug] [2025-8-13 18:44:42] The value of Progress is 15
[Debug] [2025-8-13 18:44:42] The value of Progress is 20
[Debug] [2025-8-13 18:44:42] The value of Progress is 25
[Debug] [2025-8-13 18:44:42] The value of Progress is 30
[Debug] [2025-8-13 18:44:42] The value of Progress is 35
[Debug] [2025-8-13 18:44:42] The value of Progress is 40
[Debug] [2025-8-13 18:44:42] The value of Progress is 45
[Debug] [2025-8-13 18:44:42] The value of Progress is 50
[Debug] [2025-8-13 18:44:42] The value of Progress is 55
[Debug] [2025-8-13 18:44:42] The value of Progress is 60
[Debug] [2025-8-13 18:44:43] The value of Progress is 65
[Debug] [2025-8-13 18:44:43] The value of Progress is 70
[Debug] [2025-8-13 18:44:43] The value of Progress is 75
[Debug] [2025-8-13 18:44:43] The value of Progress is 80
[Debug] [2025-8-13 18:44:43] The value of Progress is 85
[Debug] [2025-8-13 18:44:43] The value of Progress is 90
[Debug] [2025-8-13 18:44:43] The value of Progress is 95
[Debug] [2025-8-13 18:44:43] The value of Progress is 100
[Debug] [2025-8-13 18:44:43] COMMAND[Verify Outer Flash] execute successfully, takes 2.3 secs.
[Debug] [2025-8-13 18:44:43] end to send jtag flash verify cmd
[Debug] [2025-8-13 18:44:43] end to send jtag flash program cmd.
[Debug] [2025-8-13 18:44:43] Log::Print : COMMAND[Verify Outer Flash] execute successfully, takes 2.3 secs.
[Debug] [2025-8-13 19:06:10] Begin to Converte file.
[Debug] [2025-8-13 19:06:10] End to Converte file.
[Debug] [2025-8-13 19:06:14] begin to parse sfc file.
[Debug] [2025-8-13 19:06:14] begin to get device info from CFG file...
[Debug] [2025-8-13 19:06:14] end to get device info from CFG file...
[Debug] [2025-8-13 19:06:14] begin to get device info from CFG file...
[Debug] [2025-8-13 19:06:14] end to get device info from CFG file...
[Debug] [2025-8-13 19:06:14] end to parse sfc file.
[Debug] [2025-8-13 19:06:14] Log::Print : The Start Address of bit file D:/Desktop/work_material/RK_learning/RK3568_MES2L50H/05-work_material/03_FPGA_Project/01_img_pcie_capture/project/generate_bitstream/image_pcie_capture.sbit: 0x0
[Debug] [2025-8-13 19:06:17] begin to send promgram jtag flash cmd.
[Debug] [2025-8-13 19:06:17] begin to send jtag flash erase cmd
[Debug] [2025-8-13 19:06:17] Send RPC:19
[Debug] [2025-8-13 19:06:17] Begin to send embed flash erase data.
[Debug] [2025-8-13 19:06:17] Begin to send flash erase data.
[Debug] [2025-8-13 19:06:17] End to send flash erase data.
[Debug] [2025-8-13 19:06:17] End to send embed flash erase data.
[Debug] [2025-8-13 19:06:17] Send cmd [Erase Outer Flash:20302] OK
[Debug] [2025-8-13 19:06:17] Log::Print : The start address of operating flash is 0x0.
[Debug] [2025-8-13 19:06:17] The value of Progress is 1
[Debug] [2025-8-13 19:06:18] The value of Progress is 6
[Debug] [2025-8-13 19:06:18] The value of Progress is 10
[Debug] [2025-8-13 19:06:19] The value of Progress is 17
[Debug] [2025-8-13 19:06:19] The value of Progress is 20
[Debug] [2025-8-13 19:06:20] The value of Progress is 27
[Debug] [2025-8-13 19:06:21] The value of Progress is 31
[Debug] [2025-8-13 19:06:21] The value of Progress is 37
[Debug] [2025-8-13 19:06:22] The value of Progress is 41
[Debug] [2025-8-13 19:06:22] The value of Progress is 48
[Debug] [2025-8-13 19:06:23] The value of Progress is 51
[Debug] [2025-8-13 19:06:23] The value of Progress is 55
[Debug] [2025-8-13 19:06:24] The value of Progress is 62
[Debug] [2025-8-13 19:06:24] The value of Progress is 65
[Debug] [2025-8-13 19:06:25] The value of Progress is 72
[Debug] [2025-8-13 19:06:25] The value of Progress is 75
[Debug] [2025-8-13 19:06:26] The value of Progress is 82
[Debug] [2025-8-13 19:06:26] The value of Progress is 86
[Debug] [2025-8-13 19:06:27] The value of Progress is 93
[Debug] [2025-8-13 19:06:27] The value of Progress is 96
[Debug] [2025-8-13 19:06:27] The value of Progress is 100
[Debug] [2025-8-13 19:06:27] COMMAND[Erase Outer Flash] execute finish, takes 10.2 secs.
[Debug] [2025-8-13 19:06:27] end to send jtag flash erase cmd.
[Debug] [2025-8-13 19:06:27] Send RPC:20
[Debug] [2025-8-13 19:06:27] Begin to send jtag flash program data.
[Debug] [2025-8-13 19:06:27] Begin to send flash program data.
[Debug] [2025-8-13 19:06:27] End to send flash program data.
[Debug] [2025-8-13 19:06:27] End to send embed flash program data.
[Debug] [2025-8-13 19:06:27] Send cmd [Program Outer Flash:20301] OK
[Debug] [2025-8-13 19:06:27] Log::Print : COMMAND[Erase Outer Flash] execute finish, takes 10.2 secs.
[Debug] [2025-8-13 19:06:27] Log::Print : The start address of operating flash is 0x0.
[Debug] [2025-8-13 19:06:27] The value of Progress is 1
[Debug] [2025-8-13 19:06:29] The value of Progress is 6
[Debug] [2025-8-13 19:06:30] The value of Progress is 10
[Debug] [2025-8-13 19:06:32] The value of Progress is 15
[Debug] [2025-8-13 19:06:33] The value of Progress is 20
[Debug] [2025-8-13 19:06:35] The value of Progress is 25
[Debug] [2025-8-13 19:06:36] The value of Progress is 30
[Debug] [2025-8-13 19:06:37] The value of Progress is 35
[Debug] [2025-8-13 19:06:39] The value of Progress is 40
[Debug] [2025-8-13 19:06:40] The value of Progress is 45
[Debug] [2025-8-13 19:06:42] The value of Progress is 50
[Debug] [2025-8-13 19:06:43] The value of Progress is 55
[Debug] [2025-8-13 19:06:45] The value of Progress is 60
[Debug] [2025-8-13 19:06:46] The value of Progress is 65
[Debug] [2025-8-13 19:06:48] The value of Progress is 70
[Debug] [2025-8-13 19:06:49] The value of Progress is 75
[Debug] [2025-8-13 19:06:50] The value of Progress is 80
[Debug] [2025-8-13 19:06:52] The value of Progress is 85
[Debug] [2025-8-13 19:06:53] The value of Progress is 90
[Debug] [2025-8-13 19:06:55] The value of Progress is 95
[Debug] [2025-8-13 19:06:56] The value of Progress is 100
[Debug] [2025-8-13 19:06:56] COMMAND[Program Outer Flash] execute finish, takes 29.3 secs.
[Debug] [2025-8-13 19:06:56] begin to send jtag flash verify cmd
[Debug] [2025-8-13 19:06:56] Send RPC:21
[Debug] [2025-8-13 19:06:56] Begin to send embed flash verify data.
[Debug] [2025-8-13 19:06:56] Begin to send flash verify data.
[Debug] [2025-8-13 19:06:56] End to send flash verify data.
[Debug] [2025-8-13 19:06:56] End to send embed flash verify data.
[Debug] [2025-8-13 19:06:56] Send cmd [Verify Outer Flash:20303] OK
[Debug] [2025-8-13 19:06:56] Log::Print : COMMAND[Program Outer Flash] execute finish, takes 29.3 secs.
[Debug] [2025-8-13 19:06:56] Log::Print : The start address of operating flash is 0x0.
[Debug] [2025-8-13 19:06:57] The value of Progress is 1
[Debug] [2025-8-13 19:06:57] The value of Progress is 6
[Debug] [2025-8-13 19:06:57] The value of Progress is 10
[Debug] [2025-8-13 19:06:57] The value of Progress is 15
[Debug] [2025-8-13 19:06:57] The value of Progress is 20
[Debug] [2025-8-13 19:06:57] The value of Progress is 25
[Debug] [2025-8-13 19:06:57] The value of Progress is 30
[Debug] [2025-8-13 19:06:57] The value of Progress is 35
[Debug] [2025-8-13 19:06:57] The value of Progress is 40
[Debug] [2025-8-13 19:06:57] The value of Progress is 45
[Debug] [2025-8-13 19:06:58] The value of Progress is 50
[Debug] [2025-8-13 19:06:58] The value of Progress is 55
[Debug] [2025-8-13 19:06:58] The value of Progress is 60
[Debug] [2025-8-13 19:06:58] The value of Progress is 65
[Debug] [2025-8-13 19:06:58] The value of Progress is 70
[Debug] [2025-8-13 19:06:58] The value of Progress is 75
[Debug] [2025-8-13 19:06:58] The value of Progress is 80
[Debug] [2025-8-13 19:06:58] The value of Progress is 85
[Debug] [2025-8-13 19:06:58] The value of Progress is 90
[Debug] [2025-8-13 19:06:58] The value of Progress is 95
[Debug] [2025-8-13 19:06:58] The value of Progress is 100
[Debug] [2025-8-13 19:06:59] COMMAND[Verify Outer Flash] execute successfully, takes 2.3 secs.
[Debug] [2025-8-13 19:06:59] end to send jtag flash verify cmd
[Debug] [2025-8-13 19:06:59] end to send jtag flash program cmd.
[Debug] [2025-8-13 19:06:59] Log::Print : COMMAND[Verify Outer Flash] execute successfully, takes 2.3 secs.
[Debug] [2025-8-13 20:03:20] Begin to Converte file.
[Debug] [2025-8-13 20:03:20] End to Converte file.
[Debug] [2025-8-13 20:03:21] begin to parse sfc file.
[Debug] [2025-8-13 20:03:21] begin to get device info from CFG file...
[Debug] [2025-8-13 20:03:21] end to get device info from CFG file...
[Debug] [2025-8-13 20:03:21] begin to get device info from CFG file...
[Debug] [2025-8-13 20:03:21] end to get device info from CFG file...
[Debug] [2025-8-13 20:03:21] end to parse sfc file.
[Debug] [2025-8-13 20:03:21] Log::Print : The Start Address of bit file D:/Desktop/work_material/RK_learning/RK3568_MES2L50H/05-work_material/03_FPGA_Project/01_img_pcie_capture/project/generate_bitstream/image_pcie_capture.sbit: 0x0
[Debug] [2025-8-13 20:03:24] begin to send promgram jtag flash cmd.
[Debug] [2025-8-13 20:03:24] begin to send jtag flash erase cmd
[Debug] [2025-8-13 20:03:24] Send RPC:22
[Debug] [2025-8-13 20:03:24] Begin to send embed flash erase data.
[Debug] [2025-8-13 20:03:24] Begin to send flash erase data.
[Debug] [2025-8-13 20:03:24] End to send flash erase data.
[Debug] [2025-8-13 20:03:24] End to send embed flash erase data.
[Debug] [2025-8-13 20:03:24] Send cmd [Erase Outer Flash:20302] OK
[Debug] [2025-8-13 20:03:24] Log::Print : The start address of operating flash is 0x0.
[Error] [2025-8-13 20:03:28] fail to exec Erase Outer Flash cmd...
[Debug] [2025-8-13 20:03:28] end to send jtag flash erase cmd.
[Error] [2025-8-13 20:03:28] Flash Erasing failed before programming.
[Error] [2025-8-13 20:03:28] MsgOut: JtagServer-0306: No devices detected while scanning the JTAG chain, failed detecting JTAG device chain.
[Error] [2025-8-13 20:03:28] MsgOut: Configuration-0008: The command 'Erase Outer Flash' execute fail.
[Debug] [2025-8-13 20:03:31] begin to send promgram jtag flash cmd.
[Debug] [2025-8-13 20:03:31] begin to send jtag flash erase cmd
[Debug] [2025-8-13 20:03:31] Send RPC:23
[Debug] [2025-8-13 20:03:31] Begin to send embed flash erase data.
[Debug] [2025-8-13 20:03:31] Begin to send flash erase data.
[Debug] [2025-8-13 20:03:31] End to send flash erase data.
[Debug] [2025-8-13 20:03:31] End to send embed flash erase data.
[Debug] [2025-8-13 20:03:31] Send cmd [Erase Outer Flash:20302] OK
[Debug] [2025-8-13 20:03:31] Log::Print : The start address of operating flash is 0x0.
[Debug] [2025-8-13 20:03:31] The value of Progress is 1
[Debug] [2025-8-13 20:03:33] The value of Progress is 6
[Debug] [2025-8-13 20:03:33] The value of Progress is 10
[Debug] [2025-8-13 20:03:34] The value of Progress is 17
[Debug] [2025-8-13 20:03:34] The value of Progress is 20
[Debug] [2025-8-13 20:03:35] The value of Progress is 27
[Debug] [2025-8-13 20:03:35] The value of Progress is 31
[Debug] [2025-8-13 20:03:36] The value of Progress is 37
[Debug] [2025-8-13 20:03:36] The value of Progress is 41
[Debug] [2025-8-13 20:03:37] The value of Progress is 48
[Debug] [2025-8-13 20:03:37] The value of Progress is 51
[Debug] [2025-8-13 20:03:38] The value of Progress is 55
[Debug] [2025-8-13 20:03:38] The value of Progress is 62
[Debug] [2025-8-13 20:03:39] The value of Progress is 65
[Debug] [2025-8-13 20:03:40] The value of Progress is 72
[Debug] [2025-8-13 20:03:40] The value of Progress is 75
[Debug] [2025-8-13 20:03:41] The value of Progress is 82
[Debug] [2025-8-13 20:03:41] The value of Progress is 86
[Debug] [2025-8-13 20:03:42] The value of Progress is 93
[Debug] [2025-8-13 20:03:42] The value of Progress is 96
[Debug] [2025-8-13 20:03:42] The value of Progress is 100
[Debug] [2025-8-13 20:03:42] COMMAND[Erase Outer Flash] execute finish, takes 11.0 secs.
[Debug] [2025-8-13 20:03:42] end to send jtag flash erase cmd.
[Debug] [2025-8-13 20:03:42] Send RPC:24
[Debug] [2025-8-13 20:03:42] Begin to send jtag flash program data.
[Debug] [2025-8-13 20:03:42] Begin to send flash program data.
[Debug] [2025-8-13 20:03:42] End to send flash program data.
[Debug] [2025-8-13 20:03:42] End to send embed flash program data.
[Debug] [2025-8-13 20:03:42] Send cmd [Program Outer Flash:20301] OK
[Debug] [2025-8-13 20:03:42] Log::Print : COMMAND[Erase Outer Flash] execute finish, takes 11.0 secs.
[Debug] [2025-8-13 20:03:42] Log::Print : The start address of operating flash is 0x0.
[Debug] [2025-8-13 20:03:42] The value of Progress is 1
[Debug] [2025-8-13 20:03:44] The value of Progress is 6
[Debug] [2025-8-13 20:03:45] The value of Progress is 10
[Debug] [2025-8-13 20:03:47] The value of Progress is 15
[Debug] [2025-8-13 20:03:48] The value of Progress is 20
[Debug] [2025-8-13 20:03:50] The value of Progress is 25
[Debug] [2025-8-13 20:03:51] The value of Progress is 30
[Debug] [2025-8-13 20:03:53] The value of Progress is 35
[Debug] [2025-8-13 20:03:54] The value of Progress is 40
[Debug] [2025-8-13 20:03:55] The value of Progress is 45
[Debug] [2025-8-13 20:03:57] The value of Progress is 50
[Debug] [2025-8-13 20:03:58] The value of Progress is 55
[Debug] [2025-8-13 20:04:00] The value of Progress is 60
[Debug] [2025-8-13 20:04:01] The value of Progress is 65
[Debug] [2025-8-13 20:04:03] The value of Progress is 70
[Debug] [2025-8-13 20:04:04] The value of Progress is 75
[Debug] [2025-8-13 20:04:06] The value of Progress is 80
[Debug] [2025-8-13 20:04:07] The value of Progress is 85
[Debug] [2025-8-13 20:04:09] The value of Progress is 90
[Debug] [2025-8-13 20:04:10] The value of Progress is 95
[Debug] [2025-8-13 20:04:11] The value of Progress is 100
[Debug] [2025-8-13 20:04:12] COMMAND[Program Outer Flash] execute finish, takes 29.4 secs.
[Debug] [2025-8-13 20:04:12] begin to send jtag flash verify cmd
[Debug] [2025-8-13 20:04:12] Send RPC:25
[Debug] [2025-8-13 20:04:12] Begin to send embed flash verify data.
[Debug] [2025-8-13 20:04:12] Begin to send flash verify data.
[Debug] [2025-8-13 20:04:12] End to send flash verify data.
[Debug] [2025-8-13 20:04:12] End to send embed flash verify data.
[Debug] [2025-8-13 20:04:12] Send cmd [Verify Outer Flash:20303] OK
[Debug] [2025-8-13 20:04:12] Log::Print : COMMAND[Program Outer Flash] execute finish, takes 29.4 secs.
[Debug] [2025-8-13 20:04:12] Log::Print : The start address of operating flash is 0x0.
[Debug] [2025-8-13 20:04:12] The value of Progress is 1
[Debug] [2025-8-13 20:04:12] The value of Progress is 6
[Debug] [2025-8-13 20:04:12] The value of Progress is 10
[Debug] [2025-8-13 20:04:12] The value of Progress is 15
[Debug] [2025-8-13 20:04:12] The value of Progress is 20
[Debug] [2025-8-13 20:04:12] The value of Progress is 25
[Debug] [2025-8-13 20:04:12] The value of Progress is 30
[Debug] [2025-8-13 20:04:12] The value of Progress is 35
[Debug] [2025-8-13 20:04:13] The value of Progress is 40
[Debug] [2025-8-13 20:04:13] The value of Progress is 45
[Debug] [2025-8-13 20:04:13] The value of Progress is 50
[Debug] [2025-8-13 20:04:13] The value of Progress is 55
[Debug] [2025-8-13 20:04:13] The value of Progress is 60
[Debug] [2025-8-13 20:04:13] The value of Progress is 65
[Debug] [2025-8-13 20:04:13] The value of Progress is 70
[Debug] [2025-8-13 20:04:13] The value of Progress is 75
[Debug] [2025-8-13 20:04:13] The value of Progress is 80
[Debug] [2025-8-13 20:04:13] The value of Progress is 85
[Debug] [2025-8-13 20:04:14] The value of Progress is 90
[Debug] [2025-8-13 20:04:14] The value of Progress is 95
[Debug] [2025-8-13 20:04:14] The value of Progress is 100
[Debug] [2025-8-13 20:04:14] COMMAND[Verify Outer Flash] execute successfully, takes 2.3 secs.
[Debug] [2025-8-13 20:04:14] end to send jtag flash verify cmd
[Debug] [2025-8-13 20:04:14] end to send jtag flash program cmd.
[Debug] [2025-8-13 20:04:14] Log::Print : COMMAND[Verify Outer Flash] execute successfully, takes 2.3 secs.
[Debug] [2025-8-13 20:11:45] Begin to Converte file.
[Debug] [2025-8-13 20:11:45] End to Converte file.
[Debug] [2025-8-13 20:11:46] begin to parse sfc file.
[Debug] [2025-8-13 20:11:46] begin to get device info from CFG file...
[Debug] [2025-8-13 20:11:46] end to get device info from CFG file...
[Debug] [2025-8-13 20:11:46] begin to get device info from CFG file...
[Debug] [2025-8-13 20:11:46] end to get device info from CFG file...
[Debug] [2025-8-13 20:11:46] end to parse sfc file.
[Debug] [2025-8-13 20:11:46] Log::Print : The Start Address of bit file D:/Desktop/work_material/RK_learning/RK3568_MES2L50H/05-work_material/03_FPGA_Project/01_img_pcie_capture/project/generate_bitstream/image_pcie_capture.sbit: 0x0
[Debug] [2025-8-13 20:11:48] begin to send promgram jtag flash cmd.
[Debug] [2025-8-13 20:11:48] begin to send jtag flash erase cmd
[Debug] [2025-8-13 20:11:48] Send RPC:26
[Debug] [2025-8-13 20:11:48] Begin to send embed flash erase data.
[Debug] [2025-8-13 20:11:48] Begin to send flash erase data.
[Debug] [2025-8-13 20:11:48] End to send flash erase data.
[Debug] [2025-8-13 20:11:48] End to send embed flash erase data.
[Debug] [2025-8-13 20:11:48] Send cmd [Erase Outer Flash:20302] OK
[Debug] [2025-8-13 20:11:48] Log::Print : The start address of operating flash is 0x0.
[Debug] [2025-8-13 20:11:48] The value of Progress is 1
[Debug] [2025-8-13 20:11:50] The value of Progress is 6
[Debug] [2025-8-13 20:11:50] The value of Progress is 10
[Debug] [2025-8-13 20:11:51] The value of Progress is 16
[Debug] [2025-8-13 20:11:51] The value of Progress is 20
[Debug] [2025-8-13 20:11:52] The value of Progress is 26
[Debug] [2025-8-13 20:11:52] The value of Progress is 30
[Debug] [2025-8-13 20:11:53] The value of Progress is 36
[Debug] [2025-8-13 20:11:53] The value of Progress is 40
[Debug] [2025-8-13 20:11:54] The value of Progress is 46
[Debug] [2025-8-13 20:11:54] The value of Progress is 50
[Debug] [2025-8-13 20:11:55] The value of Progress is 56
[Debug] [2025-8-13 20:11:55] The value of Progress is 60
[Debug] [2025-8-13 20:11:56] The value of Progress is 66
[Debug] [2025-8-13 20:11:57] The value of Progress is 70
[Debug] [2025-8-13 20:11:57] The value of Progress is 76
[Debug] [2025-8-13 20:11:57] The value of Progress is 80
[Debug] [2025-8-13 20:11:58] The value of Progress is 86
[Debug] [2025-8-13 20:11:58] The value of Progress is 90
[Debug] [2025-8-13 20:11:59] The value of Progress is 96
[Debug] [2025-8-13 20:11:59] The value of Progress is 100
[Debug] [2025-8-13 20:11:59] COMMAND[Erase Outer Flash] execute finish, takes 11.0 secs.
[Debug] [2025-8-13 20:11:59] end to send jtag flash erase cmd.
[Debug] [2025-8-13 20:11:59] Send RPC:27
[Debug] [2025-8-13 20:11:59] Begin to send jtag flash program data.
[Debug] [2025-8-13 20:11:59] Begin to send flash program data.
[Debug] [2025-8-13 20:11:59] End to send flash program data.
[Debug] [2025-8-13 20:11:59] End to send embed flash program data.
[Debug] [2025-8-13 20:11:59] Send cmd [Program Outer Flash:20301] OK
[Debug] [2025-8-13 20:11:59] Log::Print : COMMAND[Erase Outer Flash] execute finish, takes 11.0 secs.
[Debug] [2025-8-13 20:11:59] Log::Print : The start address of operating flash is 0x0.
[Debug] [2025-8-13 20:11:59] The value of Progress is 1
[Debug] [2025-8-13 20:12:01] The value of Progress is 6
[Debug] [2025-8-13 20:12:02] The value of Progress is 10
[Debug] [2025-8-13 20:12:04] The value of Progress is 15
[Debug] [2025-8-13 20:12:06] The value of Progress is 20
[Debug] [2025-8-13 20:12:07] The value of Progress is 25
[Debug] [2025-8-13 20:12:09] The value of Progress is 30
[Debug] [2025-8-13 20:12:10] The value of Progress is 35
[Debug] [2025-8-13 20:12:12] The value of Progress is 40
[Debug] [2025-8-13 20:12:13] The value of Progress is 45
[Debug] [2025-8-13 20:12:15] The value of Progress is 50
[Debug] [2025-8-13 20:12:16] The value of Progress is 55
[Debug] [2025-8-13 20:12:18] The value of Progress is 60
[Debug] [2025-8-13 20:12:19] The value of Progress is 65
[Debug] [2025-8-13 20:12:21] The value of Progress is 70
[Debug] [2025-8-13 20:12:22] The value of Progress is 75
[Debug] [2025-8-13 20:12:24] The value of Progress is 80
[Debug] [2025-8-13 20:12:25] The value of Progress is 85
[Debug] [2025-8-13 20:12:27] The value of Progress is 90
[Debug] [2025-8-13 20:12:28] The value of Progress is 95
[Debug] [2025-8-13 20:12:30] The value of Progress is 100
[Debug] [2025-8-13 20:12:30] COMMAND[Program Outer Flash] execute finish, takes 30.6 secs.
[Debug] [2025-8-13 20:12:30] begin to send jtag flash verify cmd
[Debug] [2025-8-13 20:12:30] Send RPC:28
[Debug] [2025-8-13 20:12:30] Begin to send embed flash verify data.
[Debug] [2025-8-13 20:12:30] Begin to send flash verify data.
[Debug] [2025-8-13 20:12:30] End to send flash verify data.
[Debug] [2025-8-13 20:12:30] End to send embed flash verify data.
[Debug] [2025-8-13 20:12:30] Send cmd [Verify Outer Flash:20303] OK
[Debug] [2025-8-13 20:12:30] Log::Print : COMMAND[Program Outer Flash] execute finish, takes 30.6 secs.
[Debug] [2025-8-13 20:12:30] Log::Print : The start address of operating flash is 0x0.
[Debug] [2025-8-13 20:12:30] The value of Progress is 1
[Debug] [2025-8-13 20:12:30] The value of Progress is 6
[Debug] [2025-8-13 20:12:30] The value of Progress is 10
[Debug] [2025-8-13 20:12:30] The value of Progress is 15
[Debug] [2025-8-13 20:12:30] The value of Progress is 20
[Debug] [2025-8-13 20:12:31] The value of Progress is 25
[Debug] [2025-8-13 20:12:31] The value of Progress is 30
[Debug] [2025-8-13 20:12:31] The value of Progress is 35
[Debug] [2025-8-13 20:12:31] The value of Progress is 40
[Debug] [2025-8-13 20:12:31] The value of Progress is 45
[Debug] [2025-8-13 20:12:31] The value of Progress is 50
[Debug] [2025-8-13 20:12:31] The value of Progress is 55
[Debug] [2025-8-13 20:12:31] The value of Progress is 60
[Debug] [2025-8-13 20:12:31] The value of Progress is 65
[Debug] [2025-8-13 20:12:31] The value of Progress is 70
[Debug] [2025-8-13 20:12:31] The value of Progress is 75
[Debug] [2025-8-13 20:12:32] The value of Progress is 80
[Debug] [2025-8-13 20:12:32] The value of Progress is 85
[Debug] [2025-8-13 20:12:32] The value of Progress is 90
[Debug] [2025-8-13 20:12:32] The value of Progress is 95
[Debug] [2025-8-13 20:12:32] The value of Progress is 100
[Debug] [2025-8-13 20:12:32] COMMAND[Verify Outer Flash] execute successfully, takes 2.3 secs.
[Debug] [2025-8-13 20:12:32] end to send jtag flash verify cmd
[Debug] [2025-8-13 20:12:32] end to send jtag flash program cmd.
[Debug] [2025-8-13 20:12:32] Log::Print : COMMAND[Verify Outer Flash] execute successfully, takes 2.3 secs.
[Debug] [2025-8-13 20:22:59] Begin to Converte file.
[Debug] [2025-8-13 20:22:59] End to Converte file.
[Debug] [2025-8-13 20:23:01] begin to parse sfc file.
[Debug] [2025-8-13 20:23:01] begin to get device info from CFG file...
[Debug] [2025-8-13 20:23:01] end to get device info from CFG file...
[Debug] [2025-8-13 20:23:01] begin to get device info from CFG file...
[Debug] [2025-8-13 20:23:01] end to get device info from CFG file...
[Debug] [2025-8-13 20:23:01] end to parse sfc file.
[Debug] [2025-8-13 20:23:01] Log::Print : The Start Address of bit file D:/Desktop/work_material/RK_learning/RK3568_MES2L50H/05-work_material/03_FPGA_Project/01_img_pcie_capture/project/generate_bitstream/image_pcie_capture.sbit: 0x0
[Debug] [2025-8-13 20:23:03] begin to send promgram jtag flash cmd.
[Debug] [2025-8-13 20:23:03] begin to send jtag flash erase cmd
[Debug] [2025-8-13 20:23:03] Send RPC:29
[Debug] [2025-8-13 20:23:03] Begin to send embed flash erase data.
[Debug] [2025-8-13 20:23:03] Begin to send flash erase data.
[Debug] [2025-8-13 20:23:03] End to send flash erase data.
[Debug] [2025-8-13 20:23:03] End to send embed flash erase data.
[Debug] [2025-8-13 20:23:03] Send cmd [Erase Outer Flash:20302] OK
[Debug] [2025-8-13 20:23:03] Log::Print : The start address of operating flash is 0x0.
[Debug] [2025-8-13 20:23:03] The value of Progress is 1
[Debug] [2025-8-13 20:23:04] The value of Progress is 6
[Debug] [2025-8-13 20:23:05] The value of Progress is 10
[Debug] [2025-8-13 20:23:05] The value of Progress is 16
[Debug] [2025-8-13 20:23:06] The value of Progress is 20
[Debug] [2025-8-13 20:23:07] The value of Progress is 26
[Debug] [2025-8-13 20:23:07] The value of Progress is 30
[Debug] [2025-8-13 20:23:07] The value of Progress is 36
[Debug] [2025-8-13 20:23:08] The value of Progress is 40
[Debug] [2025-8-13 20:23:08] The value of Progress is 46
[Debug] [2025-8-13 20:23:09] The value of Progress is 50
[Debug] [2025-8-13 20:23:10] The value of Progress is 56
[Debug] [2025-8-13 20:23:10] The value of Progress is 60
[Debug] [2025-8-13 20:23:11] The value of Progress is 66
[Debug] [2025-8-13 20:23:11] The value of Progress is 70
[Debug] [2025-8-13 20:23:12] The value of Progress is 76
[Debug] [2025-8-13 20:23:12] The value of Progress is 80
[Debug] [2025-8-13 20:23:13] The value of Progress is 86
[Debug] [2025-8-13 20:23:13] The value of Progress is 90
[Debug] [2025-8-13 20:23:13] The value of Progress is 96
[Debug] [2025-8-13 20:23:13] The value of Progress is 100
[Debug] [2025-8-13 20:23:13] COMMAND[Erase Outer Flash] execute finish, takes 10.3 secs.
[Debug] [2025-8-13 20:23:13] end to send jtag flash erase cmd.
[Debug] [2025-8-13 20:23:13] Send RPC:30
[Debug] [2025-8-13 20:23:13] Begin to send jtag flash program data.
[Debug] [2025-8-13 20:23:13] Begin to send flash program data.
[Debug] [2025-8-13 20:23:13] End to send flash program data.
[Debug] [2025-8-13 20:23:13] End to send embed flash program data.
[Debug] [2025-8-13 20:23:13] Send cmd [Program Outer Flash:20301] OK
[Debug] [2025-8-13 20:23:14] Log::Print : COMMAND[Erase Outer Flash] execute finish, takes 10.3 secs.
[Debug] [2025-8-13 20:23:14] Log::Print : The start address of operating flash is 0x0.
[Debug] [2025-8-13 20:23:14] The value of Progress is 1
[Debug] [2025-8-13 20:23:16] The value of Progress is 6
[Debug] [2025-8-13 20:23:17] The value of Progress is 10
[Debug] [2025-8-13 20:23:18] The value of Progress is 15
[Debug] [2025-8-13 20:23:20] The value of Progress is 20
[Debug] [2025-8-13 20:23:21] The value of Progress is 25
[Debug] [2025-8-13 20:23:23] The value of Progress is 30
[Debug] [2025-8-13 20:23:24] The value of Progress is 35
[Debug] [2025-8-13 20:23:26] The value of Progress is 40
[Debug] [2025-8-13 20:23:27] The value of Progress is 45
[Debug] [2025-8-13 20:23:29] The value of Progress is 50
[Debug] [2025-8-13 20:23:31] The value of Progress is 55
[Debug] [2025-8-13 20:23:32] The value of Progress is 60
[Debug] [2025-8-13 20:23:34] The value of Progress is 65
[Debug] [2025-8-13 20:23:35] The value of Progress is 70
[Debug] [2025-8-13 20:23:37] The value of Progress is 75
[Debug] [2025-8-13 20:23:38] The value of Progress is 80
[Debug] [2025-8-13 20:23:40] The value of Progress is 85
[Debug] [2025-8-13 20:23:41] The value of Progress is 90
[Debug] [2025-8-13 20:23:43] The value of Progress is 95
[Debug] [2025-8-13 20:23:44] The value of Progress is 100
[Debug] [2025-8-13 20:23:45] COMMAND[Program Outer Flash] execute finish, takes 31.0 secs.
[Debug] [2025-8-13 20:23:45] begin to send jtag flash verify cmd
[Debug] [2025-8-13 20:23:45] Send RPC:31
[Debug] [2025-8-13 20:23:45] Begin to send embed flash verify data.
[Debug] [2025-8-13 20:23:45] Begin to send flash verify data.
[Debug] [2025-8-13 20:23:45] End to send flash verify data.
[Debug] [2025-8-13 20:23:45] End to send embed flash verify data.
[Debug] [2025-8-13 20:23:45] Send cmd [Verify Outer Flash:20303] OK
[Debug] [2025-8-13 20:23:45] Log::Print : COMMAND[Program Outer Flash] execute finish, takes 31.0 secs.
[Debug] [2025-8-13 20:23:45] Log::Print : The start address of operating flash is 0x0.
[Debug] [2025-8-13 20:23:45] The value of Progress is 1
[Debug] [2025-8-13 20:23:45] The value of Progress is 6
[Debug] [2025-8-13 20:23:45] The value of Progress is 10
[Debug] [2025-8-13 20:23:45] The value of Progress is 15
[Debug] [2025-8-13 20:23:45] The value of Progress is 20
[Debug] [2025-8-13 20:23:45] The value of Progress is 25
[Debug] [2025-8-13 20:23:45] The value of Progress is 30
[Debug] [2025-8-13 20:23:45] The value of Progress is 35
[Debug] [2025-8-13 20:23:45] The value of Progress is 40
[Debug] [2025-8-13 20:23:46] The value of Progress is 45
[Debug] [2025-8-13 20:23:46] The value of Progress is 50
[Debug] [2025-8-13 20:23:46] The value of Progress is 55
[Debug] [2025-8-13 20:23:46] The value of Progress is 60
[Debug] [2025-8-13 20:23:46] The value of Progress is 65
[Debug] [2025-8-13 20:23:46] The value of Progress is 70
[Debug] [2025-8-13 20:23:46] The value of Progress is 75
[Debug] [2025-8-13 20:23:46] The value of Progress is 80
[Debug] [2025-8-13 20:23:46] The value of Progress is 85
[Debug] [2025-8-13 20:23:46] The value of Progress is 90
[Debug] [2025-8-13 20:23:47] The value of Progress is 95
[Debug] [2025-8-13 20:23:47] The value of Progress is 100
[Debug] [2025-8-13 20:23:47] COMMAND[Verify Outer Flash] execute successfully, takes 2.3 secs.
[Debug] [2025-8-13 20:23:47] end to send jtag flash verify cmd
[Debug] [2025-8-13 20:23:47] end to send jtag flash program cmd.
[Debug] [2025-8-13 20:23:47] Log::Print : COMMAND[Verify Outer Flash] execute successfully, takes 2.3 secs.
[Info] [2025-8-13 22:16:02] /***************************Start Configuration***************************/
[Info] [2025-8-13 22:16:02] Path: C:/pango/PDS_2022.2-SP6.4/bin
[Info] [2025-8-13 22:16:02] Version: 146967
[Info] [2025-8-13 22:16:03] Current Path: D:/Desktop/work_material/RK_learning/RK3568_MES2L50H/05-work_material/03_FPGA_Project/02_img_pcie_capture/project
[Info] [2025-8-13 22:16:03] PDS Dir Path: D:/Desktop/work_material/RK_learning/RK3568_MES2L50H/05-work_material/03_FPGA_Project/02_img_pcie_capture/project
[Info] [2025-8-13 22:16:04] Configuration is not connect with server. connect first then scan chain.
[Debug] [2025-8-13 22:16:04] Client Local host name:LAPTOP-EA3TT0M1
[Debug] [2025-8-13 22:16:04] Client Local Address:192.168.1.18
[Debug] [2025-8-13 22:16:04] Server Address:127.0.0.1, Port:65420
[Debug] [2025-8-13 22:16:04] Log::Print : Connecting to server[127.0.0.1 : 65420].
[Info] [2025-8-13 22:16:05] Connect OK, Server: 127.0.0.1  Port: 65420
[Debug] [2025-8-13 22:16:05] Finish.
[Info] [2025-8-13 22:16:05] Connect server succeeded
[Debug] [2025-8-13 22:16:05] Send RPC:1
[Debug] [2025-8-13 22:16:05] Send cmd [check version information:40004] OK
[Debug] [2025-8-13 22:16:05] Log::Print : Connect to server[127.0.0.1 : 65420] successfully.
[Debug] [2025-8-13 22:16:05] Send RPC:2
[Debug] [2025-8-13 22:16:05] Send cmd [get_cable_paras:40010] OK
[Debug] [2025-8-13 22:16:05] Begin to send initialize chain cmd...
[Debug] [2025-8-13 22:16:05] Send RPC:3
[Debug] [2025-8-13 22:16:05] Send cmd [Open config cable:20001] OK
[Debug] [2025-8-13 22:16:05] End to send initialize chain cmd.
[Debug] [2025-8-13 22:16:05] COMMAND[check version information] execute successfully, takes 0.5 secs.
[Debug] [2025-8-13 22:16:05] Log::Print : COMMAND[check version information] execute successfully, takes 0.5 secs.
[Debug] [2025-8-13 22:16:06] COMMAND[get_cable_paras] execute successfully, takes 1.3 secs.
[Debug] [2025-8-13 22:16:06] Log::Print : The cable List : 
Cable index 0:USB Cable II/fffffffffffffffe 

[Debug] [2025-8-13 22:16:06] Log::Print : COMMAND[get_cable_paras] execute successfully, takes 1.3 secs.
[Debug] [2025-8-13 22:16:07] begin the exec of open cable cmd...
[Debug] [2025-8-13 22:16:07] Begin to deal with chain from server...
[Debug] [2025-8-13 22:16:07] Begin to set user chain...
[Debug] [2025-8-13 22:16:07] End to set user chain.
[Debug] [2025-8-13 22:16:07] Begin to update graphic item and tree item ...
[Debug] [2025-8-13 22:16:07] End to update graphic item and tree item ...
[Debug] [2025-8-13 22:16:07] Log::Print : PANGO USB CABLE II cable driver: D2XX DLL
[Debug] [2025-8-13 22:16:07] Log::Print : PG2L50H
[Debug] [2025-8-13 22:16:07] Log::Print : This device configure situation (done bit): 0
[Info] [2025-8-13 22:16:08] set OpenLastPath: D:/Desktop/work_material/RK_learning/RK3568_MES2L50H/05-work_material/03_FPGA_Project/02_img_pcie_capture/project/generate_bitstream/image_pcie_capture.sbit
[Debug] [2025-8-13 22:16:08] begin to get device info from CFG file...
[Debug] [2025-8-13 22:16:08] end to get device info from CFG file...
[Debug] [2025-8-13 22:16:08] Begin to update graphic item and tree item ...
[Debug] [2025-8-13 22:16:08] End to update graphic item and tree item ...
[Debug] [2025-8-13 22:16:08] Begin to update graphic item and tree item ...
[Debug] [2025-8-13 22:16:08] End to update graphic item and tree item ...
[Debug] [2025-8-13 22:16:08] End to deal wiht chain from server.
[Debug] [2025-8-13 22:16:08] end the exec of open cable cmd.
[Debug] [2025-8-13 22:16:08] COMMAND[Open config cable] execute successfully, takes 2.8 secs.
[Debug] [2025-8-13 22:16:08] Log::Print : COMMAND[Open config cable] execute successfully, takes 2.8 secs.
[Debug] [2025-8-13 22:16:10] Begin to Converte file.
[Debug] [2025-8-13 22:16:18] begin to parse sfc file.
[Debug] [2025-8-13 22:16:18] begin to get device info from CFG file...
[Debug] [2025-8-13 22:16:18] end to get device info from CFG file...
[Debug] [2025-8-13 22:16:18] begin to get device info from CFG file...
[Debug] [2025-8-13 22:16:18] end to get device info from CFG file...
[Debug] [2025-8-13 22:16:18] end to parse sfc file.
[Debug] [2025-8-13 22:16:18] Log::Print : The Start Address of bit file D:/Desktop/work_material/RK_learning/RK3568_MES2L50H/05-work_material/03_FPGA_Project/02_img_pcie_capture/project/generate_bitstream/image_pcie_capture.sbit: 0x0
[Debug] [2025-8-13 22:16:19] End to Converte file.
[Debug] [2025-8-13 22:16:20] Begin to send scan outer flash cmd...
[Debug] [2025-8-13 22:16:20] Send RPC:4
[Debug] [2025-8-13 22:16:20] Send cmd [Scan Outer SPI Flash:20300] OK
[Debug] [2025-8-13 22:16:20] End to send scan outer flash cmd.
[Debug] [2025-8-13 22:16:21] begin to exec scan jtag flash cmd...
[Debug] [2025-8-13 22:16:21] Begin to initialize JtagFlash for selected FPGA Device...
[Debug] [2025-8-13 22:16:21] Begin to update graphic item and tree item ...
[Debug] [2025-8-13 22:16:21] End to update graphic item and tree item ...
[Info] [2025-8-13 22:16:22] set OpenLastPath: D:/Desktop/work_material/RK_learning/RK3568_MES2L50H/05-work_material/03_FPGA_Project/02_img_pcie_capture/project/generate_bitstream/image_pcie_capture.sfc
[Debug] [2025-8-13 22:16:22] begin to check SFC File and Flash Device Read Mode.
[Debug] [2025-8-13 22:16:22] end to check SFC File and Flash Device Read Mode.
[Debug] [2025-8-13 22:16:22] Begin to update graphic item and tree item ...
[Debug] [2025-8-13 22:16:22] End to update graphic item and tree item ...
[Debug] [2025-8-13 22:16:22] End to initialize OuterFlash for selected FPGA Device...
[Debug] [2025-8-13 22:16:22] end to exec scan jtag flash cmd...
[Debug] [2025-8-13 22:16:22] COMMAND[Scan Outer SPI Flash] execute successfully, takes 1.2 secs.
[Debug] [2025-8-13 22:16:22] Log::Print : COMMAND[Scan Outer SPI Flash] execute successfully, takes 1.2 secs.
[Debug] [2025-8-13 22:16:23] begin to send promgram jtag flash cmd.
[Debug] [2025-8-13 22:16:23] begin to send jtag flash erase cmd
[Debug] [2025-8-13 22:16:23] Send RPC:5
[Debug] [2025-8-13 22:16:23] Begin to send embed flash erase data.
[Debug] [2025-8-13 22:16:23] Begin to send flash erase data.
[Debug] [2025-8-13 22:16:23] End to send flash erase data.
[Debug] [2025-8-13 22:16:23] End to send embed flash erase data.
[Debug] [2025-8-13 22:16:23] Send cmd [Erase Outer Flash:20302] OK
[Debug] [2025-8-13 22:16:23] Log::Print : The start address of operating flash is 0x0.
[Debug] [2025-8-13 22:16:23] The value of Progress is 1
[Debug] [2025-8-13 22:16:24] The value of Progress is 6
[Debug] [2025-8-13 22:16:24] The value of Progress is 10
[Debug] [2025-8-13 22:16:25] The value of Progress is 17
[Debug] [2025-8-13 22:16:25] The value of Progress is 20
[Debug] [2025-8-13 22:16:26] The value of Progress is 27
[Debug] [2025-8-13 22:16:26] The value of Progress is 31
[Debug] [2025-8-13 22:16:27] The value of Progress is 37
[Debug] [2025-8-13 22:16:28] The value of Progress is 41
[Debug] [2025-8-13 22:16:28] The value of Progress is 48
[Debug] [2025-8-13 22:16:29] The value of Progress is 51
[Debug] [2025-8-13 22:16:29] The value of Progress is 55
[Debug] [2025-8-13 22:16:30] The value of Progress is 62
[Debug] [2025-8-13 22:16:30] The value of Progress is 65
[Debug] [2025-8-13 22:16:31] The value of Progress is 72
[Debug] [2025-8-13 22:16:31] The value of Progress is 75
[Debug] [2025-8-13 22:16:32] The value of Progress is 82
[Debug] [2025-8-13 22:16:32] The value of Progress is 86
[Debug] [2025-8-13 22:16:33] The value of Progress is 93
[Debug] [2025-8-13 22:16:33] The value of Progress is 96
[Debug] [2025-8-13 22:16:33] The value of Progress is 100
[Debug] [2025-8-13 22:16:33] COMMAND[Erase Outer Flash] execute finish, takes 10.8 secs.
[Debug] [2025-8-13 22:16:33] end to send jtag flash erase cmd.
[Debug] [2025-8-13 22:16:33] Send RPC:6
[Debug] [2025-8-13 22:16:33] Begin to send jtag flash program data.
[Debug] [2025-8-13 22:16:33] Begin to send flash program data.
[Debug] [2025-8-13 22:16:33] End to send flash program data.
[Debug] [2025-8-13 22:16:33] End to send embed flash program data.
[Debug] [2025-8-13 22:16:33] Send cmd [Program Outer Flash:20301] OK
[Debug] [2025-8-13 22:16:33] Log::Print : COMMAND[Erase Outer Flash] execute finish, takes 10.8 secs.
[Debug] [2025-8-13 22:16:33] Log::Print : The start address of operating flash is 0x0.
[Debug] [2025-8-13 22:16:34] The value of Progress is 1
[Debug] [2025-8-13 22:16:35] The value of Progress is 6
[Debug] [2025-8-13 22:16:37] The value of Progress is 10
[Debug] [2025-8-13 22:16:38] The value of Progress is 15
[Debug] [2025-8-13 22:16:40] The value of Progress is 20
[Debug] [2025-8-13 22:16:41] The value of Progress is 25
[Debug] [2025-8-13 22:16:43] The value of Progress is 30
[Debug] [2025-8-13 22:16:44] The value of Progress is 35
[Debug] [2025-8-13 22:16:46] The value of Progress is 40
[Debug] [2025-8-13 22:16:47] The value of Progress is 45
[Debug] [2025-8-13 22:16:49] The value of Progress is 50
[Debug] [2025-8-13 22:16:50] The value of Progress is 55
[Debug] [2025-8-13 22:16:52] The value of Progress is 60
[Debug] [2025-8-13 22:16:53] The value of Progress is 65
[Debug] [2025-8-13 22:16:55] The value of Progress is 70
[Debug] [2025-8-13 22:16:56] The value of Progress is 75
[Debug] [2025-8-13 22:16:58] The value of Progress is 80
[Debug] [2025-8-13 22:16:59] The value of Progress is 85
[Debug] [2025-8-13 22:17:01] The value of Progress is 90
[Debug] [2025-8-13 22:17:02] The value of Progress is 95
[Debug] [2025-8-13 22:17:04] The value of Progress is 100
[Debug] [2025-8-13 22:17:04] COMMAND[Program Outer Flash] execute finish, takes 30.7 secs.
[Debug] [2025-8-13 22:17:04] begin to send jtag flash verify cmd
[Debug] [2025-8-13 22:17:04] Send RPC:7
[Debug] [2025-8-13 22:17:04] Begin to send embed flash verify data.
[Debug] [2025-8-13 22:17:04] Begin to send flash verify data.
[Debug] [2025-8-13 22:17:04] End to send flash verify data.
[Debug] [2025-8-13 22:17:04] End to send embed flash verify data.
[Debug] [2025-8-13 22:17:04] Send cmd [Verify Outer Flash:20303] OK
[Debug] [2025-8-13 22:17:04] Log::Print : COMMAND[Program Outer Flash] execute finish, takes 30.7 secs.
[Debug] [2025-8-13 22:17:04] Log::Print : The start address of operating flash is 0x0.
[Debug] [2025-8-13 22:17:04] The value of Progress is 1
[Debug] [2025-8-13 22:17:04] The value of Progress is 6
[Debug] [2025-8-13 22:17:04] The value of Progress is 10
[Debug] [2025-8-13 22:17:05] The value of Progress is 15
[Debug] [2025-8-13 22:17:05] The value of Progress is 20
[Debug] [2025-8-13 22:17:05] The value of Progress is 25
[Debug] [2025-8-13 22:17:05] The value of Progress is 30
[Debug] [2025-8-13 22:17:05] The value of Progress is 35
[Debug] [2025-8-13 22:17:05] The value of Progress is 40
[Debug] [2025-8-13 22:17:05] The value of Progress is 45
[Debug] [2025-8-13 22:17:05] The value of Progress is 50
[Debug] [2025-8-13 22:17:05] The value of Progress is 55
[Debug] [2025-8-13 22:17:05] The value of Progress is 60
[Debug] [2025-8-13 22:17:05] The value of Progress is 65
[Debug] [2025-8-13 22:17:06] The value of Progress is 70
[Debug] [2025-8-13 22:17:06] The value of Progress is 75
[Debug] [2025-8-13 22:17:06] The value of Progress is 80
[Debug] [2025-8-13 22:17:06] The value of Progress is 85
[Debug] [2025-8-13 22:17:06] The value of Progress is 90
[Debug] [2025-8-13 22:17:06] The value of Progress is 95
[Debug] [2025-8-13 22:17:06] The value of Progress is 100
[Debug] [2025-8-13 22:17:06] COMMAND[Verify Outer Flash] execute successfully, takes 2.2 secs.
[Debug] [2025-8-13 22:17:06] end to send jtag flash verify cmd
[Debug] [2025-8-13 22:17:06] end to send jtag flash program cmd.
[Debug] [2025-8-13 22:17:06] Log::Print : COMMAND[Verify Outer Flash] execute successfully, takes 2.2 secs.
[Debug] [2025-8-13 22:24:22] Begin to Converte file.
[Debug] [2025-8-13 22:24:22] End to Converte file.
[Debug] [2025-8-13 22:24:23] begin to parse sfc file.
[Debug] [2025-8-13 22:24:23] begin to get device info from CFG file...
[Debug] [2025-8-13 22:24:23] end to get device info from CFG file...
[Debug] [2025-8-13 22:24:23] begin to get device info from CFG file...
[Debug] [2025-8-13 22:24:23] end to get device info from CFG file...
[Debug] [2025-8-13 22:24:23] end to parse sfc file.
[Debug] [2025-8-13 22:24:23] Log::Print : The Start Address of bit file D:/Desktop/work_material/RK_learning/RK3568_MES2L50H/05-work_material/03_FPGA_Project/02_img_pcie_capture/project/generate_bitstream/image_pcie_capture.sbit: 0x0
[Debug] [2025-8-13 22:24:29] begin to send promgram jtag flash cmd.
[Debug] [2025-8-13 22:24:29] begin to send jtag flash erase cmd
[Debug] [2025-8-13 22:24:29] Send RPC:8
[Debug] [2025-8-13 22:24:29] Begin to send embed flash erase data.
[Debug] [2025-8-13 22:24:29] Begin to send flash erase data.
[Debug] [2025-8-13 22:24:29] End to send flash erase data.
[Debug] [2025-8-13 22:24:29] End to send embed flash erase data.
[Debug] [2025-8-13 22:24:29] Send cmd [Erase Outer Flash:20302] OK
[Debug] [2025-8-13 22:24:29] Log::Print : The start address of operating flash is 0x0.
[Debug] [2025-8-13 22:24:29] The value of Progress is 1
[Debug] [2025-8-13 22:24:30] The value of Progress is 7
[Debug] [2025-8-13 22:24:31] The value of Progress is 10
[Debug] [2025-8-13 22:24:31] The value of Progress is 17
[Debug] [2025-8-13 22:24:31] The value of Progress is 21
[Debug] [2025-8-13 22:24:32] The value of Progress is 25
[Debug] [2025-8-13 22:24:33] The value of Progress is 32
[Debug] [2025-8-13 22:24:33] The value of Progress is 35
[Debug] [2025-8-13 22:24:34] The value of Progress is 42
[Debug] [2025-8-13 22:24:34] The value of Progress is 46
[Debug] [2025-8-13 22:24:34] The value of Progress is 50
[Debug] [2025-8-13 22:24:35] The value of Progress is 57
[Debug] [2025-8-13 22:24:36] The value of Progress is 60
[Debug] [2025-8-13 22:24:36] The value of Progress is 67
[Debug] [2025-8-13 22:24:37] The value of Progress is 71
[Debug] [2025-8-13 22:24:37] The value of Progress is 75
[Debug] [2025-8-13 22:24:38] The value of Progress is 82
[Debug] [2025-8-13 22:24:38] The value of Progress is 85
[Debug] [2025-8-13 22:24:39] The value of Progress is 92
[Debug] [2025-8-13 22:24:39] The value of Progress is 96
[Debug] [2025-8-13 22:24:39] The value of Progress is 100
[Debug] [2025-8-13 22:24:39] COMMAND[Erase Outer Flash] execute finish, takes 10.2 secs.
[Debug] [2025-8-13 22:24:39] end to send jtag flash erase cmd.
[Debug] [2025-8-13 22:24:39] Send RPC:9
[Debug] [2025-8-13 22:24:39] Begin to send jtag flash program data.
[Debug] [2025-8-13 22:24:39] Begin to send flash program data.
[Debug] [2025-8-13 22:24:39] End to send flash program data.
[Debug] [2025-8-13 22:24:39] End to send embed flash program data.
[Debug] [2025-8-13 22:24:39] Send cmd [Program Outer Flash:20301] OK
[Debug] [2025-8-13 22:24:39] Log::Print : COMMAND[Erase Outer Flash] execute finish, takes 10.2 secs.
[Debug] [2025-8-13 22:24:39] Log::Print : The start address of operating flash is 0x0.
[Debug] [2025-8-13 22:24:39] The value of Progress is 1
[Debug] [2025-8-13 22:24:41] The value of Progress is 6
[Debug] [2025-8-13 22:24:42] The value of Progress is 10
[Debug] [2025-8-13 22:24:44] The value of Progress is 15
[Debug] [2025-8-13 22:24:45] The value of Progress is 20
[Debug] [2025-8-13 22:24:46] The value of Progress is 25
[Debug] [2025-8-13 22:24:48] The value of Progress is 30
[Debug] [2025-8-13 22:24:49] The value of Progress is 35
[Debug] [2025-8-13 22:24:51] The value of Progress is 40
[Debug] [2025-8-13 22:24:52] The value of Progress is 45
[Debug] [2025-8-13 22:24:54] The value of Progress is 50
[Debug] [2025-8-13 22:24:55] The value of Progress is 55
[Debug] [2025-8-13 22:24:56] The value of Progress is 60
[Debug] [2025-8-13 22:24:58] The value of Progress is 65
[Debug] [2025-8-13 22:24:59] The value of Progress is 70
[Debug] [2025-8-13 22:25:01] The value of Progress is 75
[Debug] [2025-8-13 22:25:02] The value of Progress is 80
[Debug] [2025-8-13 22:25:03] The value of Progress is 85
[Debug] [2025-8-13 22:25:05] The value of Progress is 90
[Debug] [2025-8-13 22:25:06] The value of Progress is 95
[Debug] [2025-8-13 22:25:08] The value of Progress is 100
[Debug] [2025-8-13 22:25:08] COMMAND[Program Outer Flash] execute finish, takes 28.7 secs.
[Debug] [2025-8-13 22:25:08] begin to send jtag flash verify cmd
[Debug] [2025-8-13 22:25:08] Send RPC:10
[Debug] [2025-8-13 22:25:08] Begin to send embed flash verify data.
[Debug] [2025-8-13 22:25:08] Begin to send flash verify data.
[Debug] [2025-8-13 22:25:08] End to send flash verify data.
[Debug] [2025-8-13 22:25:08] End to send embed flash verify data.
[Debug] [2025-8-13 22:25:08] Send cmd [Verify Outer Flash:20303] OK
[Debug] [2025-8-13 22:25:08] Log::Print : COMMAND[Program Outer Flash] execute finish, takes 28.7 secs.
[Debug] [2025-8-13 22:25:08] Log::Print : The start address of operating flash is 0x0.
[Debug] [2025-8-13 22:25:08] The value of Progress is 1
[Debug] [2025-8-13 22:25:08] The value of Progress is 6
[Debug] [2025-8-13 22:25:08] The value of Progress is 10
[Debug] [2025-8-13 22:25:08] The value of Progress is 15
[Debug] [2025-8-13 22:25:08] The value of Progress is 20
[Debug] [2025-8-13 22:25:08] The value of Progress is 25
[Debug] [2025-8-13 22:25:09] The value of Progress is 30
[Debug] [2025-8-13 22:25:09] The value of Progress is 35
[Debug] [2025-8-13 22:25:09] The value of Progress is 40
[Debug] [2025-8-13 22:25:09] The value of Progress is 45
[Debug] [2025-8-13 22:25:09] The value of Progress is 50
[Debug] [2025-8-13 22:25:09] The value of Progress is 55
[Debug] [2025-8-13 22:25:09] The value of Progress is 60
[Debug] [2025-8-13 22:25:09] The value of Progress is 65
[Debug] [2025-8-13 22:25:09] The value of Progress is 70
[Debug] [2025-8-13 22:25:09] The value of Progress is 75
[Debug] [2025-8-13 22:25:09] The value of Progress is 80
[Debug] [2025-8-13 22:25:10] The value of Progress is 85
[Debug] [2025-8-13 22:25:10] The value of Progress is 90
[Debug] [2025-8-13 22:25:10] The value of Progress is 95
[Debug] [2025-8-13 22:25:10] The value of Progress is 100
[Debug] [2025-8-13 22:25:10] COMMAND[Verify Outer Flash] execute successfully, takes 2.2 secs.
[Debug] [2025-8-13 22:25:10] end to send jtag flash verify cmd
[Debug] [2025-8-13 22:25:10] end to send jtag flash program cmd.
[Debug] [2025-8-13 22:25:10] Log::Print : COMMAND[Verify Outer Flash] execute successfully, takes 2.2 secs.
[Debug] [2025-8-13 22:53:51] Begin to Converte file.
[Debug] [2025-8-13 22:53:51] End to Converte file.
[Debug] [2025-8-13 22:53:52] begin to parse sfc file.
[Debug] [2025-8-13 22:53:52] begin to get device info from CFG file...
[Debug] [2025-8-13 22:53:52] end to get device info from CFG file...
[Debug] [2025-8-13 22:53:52] begin to get device info from CFG file...
[Debug] [2025-8-13 22:53:52] end to get device info from CFG file...
[Debug] [2025-8-13 22:53:52] end to parse sfc file.
[Debug] [2025-8-13 22:53:52] Log::Print : The Start Address of bit file D:/Desktop/work_material/RK_learning/RK3568_MES2L50H/05-work_material/03_FPGA_Project/02_img_pcie_capture/project/generate_bitstream/image_pcie_capture.sbit: 0x0
[Debug] [2025-8-13 22:53:56] begin to send promgram jtag flash cmd.
[Debug] [2025-8-13 22:53:56] begin to send jtag flash erase cmd
[Debug] [2025-8-13 22:53:56] Send RPC:11
[Debug] [2025-8-13 22:53:56] Begin to send embed flash erase data.
[Debug] [2025-8-13 22:53:56] Begin to send flash erase data.
[Debug] [2025-8-13 22:53:56] End to send flash erase data.
[Debug] [2025-8-13 22:53:56] End to send embed flash erase data.
[Debug] [2025-8-13 22:53:56] Send cmd [Erase Outer Flash:20302] OK
[Debug] [2025-8-13 22:53:56] Log::Print : The start address of operating flash is 0x0.
[Debug] [2025-8-13 22:53:56] The value of Progress is 1
[Debug] [2025-8-13 22:53:57] The value of Progress is 7
[Debug] [2025-8-13 22:53:57] The value of Progress is 10
[Debug] [2025-8-13 22:53:58] The value of Progress is 17
[Debug] [2025-8-13 22:53:58] The value of Progress is 21
[Debug] [2025-8-13 22:53:59] The value of Progress is 25
[Debug] [2025-8-13 22:53:59] Begin to send abort process cmd.
[Debug] [2025-8-13 22:53:59] Begin to flush aborting cmd. 
[Debug] [2025-8-13 22:53:59] End to flush aborting cmd. 
[Debug] [2025-8-13 22:53:59] End to send abort process cmd.
[Debug] [2025-8-13 22:53:59] end to send jtag flash erase cmd.
[Error] [2025-8-13 22:53:59] Flash Erasing failed before programming.
[Error] [2025-8-13 22:53:59] MsgOut: Configuration-0005: Try to abort Erasing.
[Debug] [2025-8-13 22:53:59] The value of Progress is 100
[Error] [2025-8-13 22:53:59] fail to exec Erase Outer Flash cmd...
[Error] [2025-8-13 22:53:59] MsgOut: JtagServer-0365: Current operation is canceled by the user.
[Error] [2025-8-13 22:53:59] MsgOut: Configuration-0008: The command 'Erase Outer Flash' execute fail.
[Info] [2025-8-13 22:54:00] /***************************End Configration***************************/
[Info] [2025-8-13 23:39:29] /***************************Start Configuration***************************/
[Info] [2025-8-13 23:39:29] Path: C:/pango/PDS_2022.2-SP6.4/bin
[Info] [2025-8-13 23:39:29] Version: 146967
[Info] [2025-8-13 23:39:30] Current Path: D:/Desktop/work_material/RK_learning/RK3568_MES2L50H/05-work_material/03_FPGA_Project/02_img_pcie_capture/project
[Info] [2025-8-13 23:39:30] PDS Dir Path: D:/Desktop/work_material/RK_learning/RK3568_MES2L50H/05-work_material/03_FPGA_Project/02_img_pcie_capture/project
[Debug] [2025-8-13 23:39:35] Begin to Converte file.
[Debug] [2025-8-13 23:39:43] begin to parse sfc file.
[Debug] [2025-8-13 23:39:43] begin to get device info from CFG file...
[Debug] [2025-8-13 23:39:43] end to get device info from CFG file...
[Debug] [2025-8-13 23:39:43] begin to get device info from CFG file...
[Debug] [2025-8-13 23:39:43] end to get device info from CFG file...
[Debug] [2025-8-13 23:39:43] end to parse sfc file.
[Debug] [2025-8-13 23:39:43] Log::Print : The Start Address of bit file D:/Desktop/work_material/RK_learning/RK3568_MES2L50H/05-work_material/03_FPGA_Project/02_img_pcie_capture/project/generate_bitstream/image_pcie_capture.sbit: 0x0
[Debug] [2025-8-13 23:39:44] End to Converte file.
[Info] [2025-8-13 23:39:45] /***************************End Configration***************************/
[Info] [2025-8-13 23:39:47] /***************************Start Configuration***************************/
[Info] [2025-8-13 23:39:47] Path: C:/pango/PDS_2022.2-SP6.4/bin
[Info] [2025-8-13 23:39:47] Version: 146967
[Info] [2025-8-13 23:39:48] Current Path: D:/Desktop/work_material/RK_learning/RK3568_MES2L50H/05-work_material/03_FPGA_Project/02_img_pcie_capture/project
[Info] [2025-8-13 23:39:48] PDS Dir Path: D:/Desktop/work_material/RK_learning/RK3568_MES2L50H/05-work_material/03_FPGA_Project/02_img_pcie_capture/project
[Info] [2025-8-13 23:43:18] /***************************End Configration***************************/
[Info] [2025-8-13 23:43:19] /***************************Start Configuration***************************/
[Info] [2025-8-13 23:43:19] Path: C:/pango/PDS_2022.2-SP6.4/bin
[Info] [2025-8-13 23:43:19] Version: 146967
[Info] [2025-8-13 23:43:20] Current Path: D:/Desktop/work_material/RK_learning/RK3568_MES2L50H/05-work_material/03_FPGA_Project/02_img_pcie_capture/project
[Info] [2025-8-13 23:43:20] PDS Dir Path: D:/Desktop/work_material/RK_learning/RK3568_MES2L50H/05-work_material/03_FPGA_Project/02_img_pcie_capture/project
[Debug] [2025-8-13 23:43:23] Begin to Converte file.
[Debug] [2025-8-13 23:43:31] begin to parse sfc file.
[Debug] [2025-8-13 23:43:31] begin to get device info from CFG file...
[Debug] [2025-8-13 23:43:31] end to get device info from CFG file...
[Debug] [2025-8-13 23:43:31] begin to get device info from CFG file...
[Debug] [2025-8-13 23:43:31] end to get device info from CFG file...
[Debug] [2025-8-13 23:43:31] end to parse sfc file.
[Debug] [2025-8-13 23:43:31] Log::Print : The Start Address of bit file D:/Desktop/work_material/RK_learning/RK3568_MES2L50H/05-work_material/03_FPGA_Project/02_img_pcie_capture/project/generate_bitstream/image_pcie_capture.sbit: 0x0
[Debug] [2025-8-13 23:43:31] End to Converte file.
[Info] [2025-8-13 23:43:33] Configuration is not connect with server. connect first then scan chain.
[Debug] [2025-8-13 23:43:33] Client Local host name:LAPTOP-EA3TT0M1
[Debug] [2025-8-13 23:43:33] Client Local Address:192.168.1.11
[Debug] [2025-8-13 23:43:33] Client Local Address:192.168.1.18
[Debug] [2025-8-13 23:43:33] Server Address:127.0.0.1, Port:65420
[Debug] [2025-8-13 23:43:33] Log::Print : Connecting to server[127.0.0.1 : 65420].
[Info] [2025-8-13 23:43:33] Connect OK, Server: 127.0.0.1  Port: 65420
[Debug] [2025-8-13 23:43:33] Finish.
[Info] [2025-8-13 23:43:33] Connect server succeeded
[Debug] [2025-8-13 23:43:33] Send RPC:1
[Debug] [2025-8-13 23:43:33] Send cmd [check version information:40004] OK
[Debug] [2025-8-13 23:43:33] Send RPC:2
[Debug] [2025-8-13 23:43:33] Send cmd [get_cable_paras:40010] OK
[Debug] [2025-8-13 23:43:33] Begin to send initialize chain cmd...
[Debug] [2025-8-13 23:43:33] Send RPC:3
[Debug] [2025-8-13 23:43:33] Send cmd [Open config cable:20001] OK
[Debug] [2025-8-13 23:43:33] End to send initialize chain cmd.
[Debug] [2025-8-13 23:43:33] COMMAND[check version information] execute successfully, takes 0.0 secs.
[Debug] [2025-8-13 23:43:33] Log::Print : Connect to server[127.0.0.1 : 65420] successfully.
[Debug] [2025-8-13 23:43:33] Log::Print : COMMAND[check version information] execute successfully, takes 0.0 secs.
[Debug] [2025-8-13 23:43:35] COMMAND[get_cable_paras] execute successfully, takes 1.3 secs.
[Debug] [2025-8-13 23:43:35] Log::Print : The cable List : 
Cable index 0:USB Cable II/fffffffffffffffe 

[Debug] [2025-8-13 23:43:35] Log::Print : COMMAND[get_cable_paras] execute successfully, takes 1.3 secs.
[Debug] [2025-8-13 23:43:35] begin the exec of open cable cmd...
[Debug] [2025-8-13 23:43:35] Begin to deal with chain from server...
[Debug] [2025-8-13 23:43:35] Begin to set user chain...
[Debug] [2025-8-13 23:43:35] End to set user chain.
[Debug] [2025-8-13 23:43:35] Begin to update graphic item and tree item ...
[Debug] [2025-8-13 23:43:35] End to update graphic item and tree item ...
[Debug] [2025-8-13 23:43:35] Log::Print : PANGO USB CABLE II cable driver: D2XX DLL
[Debug] [2025-8-13 23:43:35] Log::Print : PG2L50H
[Debug] [2025-8-13 23:43:35] Log::Print : This device configure situation (done bit): 1
[Info] [2025-8-13 23:43:36] set OpenLastPath: D:/Desktop/work_material/RK_learning/RK3568_MES2L50H/05-work_material/03_FPGA_Project/02_img_pcie_capture/project/generate_bitstream/image_pcie_capture.sbit
[Debug] [2025-8-13 23:43:36] begin to get device info from CFG file...
[Debug] [2025-8-13 23:43:36] end to get device info from CFG file...
[Debug] [2025-8-13 23:43:36] Begin to update graphic item and tree item ...
[Debug] [2025-8-13 23:43:36] End to update graphic item and tree item ...
[Debug] [2025-8-13 23:43:36] Begin to update graphic item and tree item ...
[Debug] [2025-8-13 23:43:36] End to update graphic item and tree item ...
[Debug] [2025-8-13 23:43:36] End to deal wiht chain from server.
[Debug] [2025-8-13 23:43:36] end the exec of open cable cmd.
[Debug] [2025-8-13 23:43:36] COMMAND[Open config cable] execute successfully, takes 2.4 secs.
[Debug] [2025-8-13 23:43:36] Log::Print : COMMAND[Open config cable] execute successfully, takes 2.4 secs.
[Debug] [2025-8-13 23:43:37] Begin to send scan outer flash cmd...
[Debug] [2025-8-13 23:43:37] Send RPC:4
[Debug] [2025-8-13 23:43:37] Send cmd [Scan Outer SPI Flash:20300] OK
[Debug] [2025-8-13 23:43:37] End to send scan outer flash cmd.
[Debug] [2025-8-13 23:43:38] begin to exec scan jtag flash cmd...
[Debug] [2025-8-13 23:43:38] Begin to initialize JtagFlash for selected FPGA Device...
[Debug] [2025-8-13 23:43:38] Begin to update graphic item and tree item ...
[Debug] [2025-8-13 23:43:38] End to update graphic item and tree item ...
[Info] [2025-8-13 23:43:38] set OpenLastPath: D:/Desktop/work_material/RK_learning/RK3568_MES2L50H/05-work_material/03_FPGA_Project/02_img_pcie_capture/project/generate_bitstream/image_pcie_capture.sfc
[Debug] [2025-8-13 23:43:38] begin to check SFC File and Flash Device Read Mode.
[Debug] [2025-8-13 23:43:38] end to check SFC File and Flash Device Read Mode.
[Debug] [2025-8-13 23:43:38] Begin to update graphic item and tree item ...
[Debug] [2025-8-13 23:43:38] End to update graphic item and tree item ...
[Debug] [2025-8-13 23:43:38] End to initialize OuterFlash for selected FPGA Device...
[Debug] [2025-8-13 23:43:38] end to exec scan jtag flash cmd...
[Debug] [2025-8-13 23:43:38] COMMAND[Scan Outer SPI Flash] execute successfully, takes 1.1 secs.
[Debug] [2025-8-13 23:43:38] Log::Print : COMMAND[Scan Outer SPI Flash] execute successfully, takes 1.1 secs.
[Debug] [2025-8-13 23:43:39] begin to send jtag flash erase cmd
[Debug] [2025-8-13 23:43:39] Send RPC:5
[Debug] [2025-8-13 23:43:39] Begin to send embed flash erase data.
[Debug] [2025-8-13 23:43:39] Begin to send flash erase data.
[Debug] [2025-8-13 23:43:39] End to send flash erase data.
[Debug] [2025-8-13 23:43:39] End to send embed flash erase data.
[Debug] [2025-8-13 23:43:39] Send cmd [Erase Outer Flash:20302] OK
[Debug] [2025-8-13 23:43:39] Log::Print : The start address of operating flash is 0x0.
[Debug] [2025-8-13 23:43:39] The value of Progress is 1
[Debug] [2025-8-13 23:43:40] Begin to send abort process cmd.
[Debug] [2025-8-13 23:43:40] Begin to flush aborting cmd. 
[Debug] [2025-8-13 23:43:40] End to flush aborting cmd. 
[Debug] [2025-8-13 23:43:40] End to send abort process cmd.
[Debug] [2025-8-13 23:43:40] end to send jtag flash erase cmd.
[Error] [2025-8-13 23:43:40] MsgOut: Configuration-0005: Try to abort Erasing.
[Debug] [2025-8-13 23:43:40] The value of Progress is 100
[Error] [2025-8-13 23:43:41] fail to exec Erase Outer Flash cmd...
[Error] [2025-8-13 23:43:41] MsgOut: JtagServer-0365: Current operation is canceled by the user.
[Error] [2025-8-13 23:43:41] MsgOut: Configuration-0008: The command 'Erase Outer Flash' execute fail.
[Debug] [2025-8-13 23:43:41] begin to send promgram jtag flash cmd.
[Debug] [2025-8-13 23:43:41] begin to send jtag flash erase cmd
[Debug] [2025-8-13 23:43:41] Send RPC:6
[Debug] [2025-8-13 23:43:41] Begin to send embed flash erase data.
[Debug] [2025-8-13 23:43:41] Begin to send flash erase data.
[Debug] [2025-8-13 23:43:41] End to send flash erase data.
[Debug] [2025-8-13 23:43:41] End to send embed flash erase data.
[Debug] [2025-8-13 23:43:41] Send cmd [Erase Outer Flash:20302] OK
[Debug] [2025-8-13 23:43:41] Log::Print : The start address of operating flash is 0x0.
[Debug] [2025-8-13 23:43:41] The value of Progress is 1
[Debug] [2025-8-13 23:43:42] The value of Progress is 6
[Debug] [2025-8-13 23:43:42] The value of Progress is 10
[Debug] [2025-8-13 23:43:43] The value of Progress is 17
[Debug] [2025-8-13 23:43:44] The value of Progress is 20
[Debug] [2025-8-13 23:43:44] The value of Progress is 27
[Debug] [2025-8-13 23:43:45] The value of Progress is 31
[Debug] [2025-8-13 23:43:45] The value of Progress is 37
[Debug] [2025-8-13 23:43:46] The value of Progress is 41
[Debug] [2025-8-13 23:43:46] The value of Progress is 48
[Debug] [2025-8-13 23:43:47] The value of Progress is 51
[Debug] [2025-8-13 23:43:47] The value of Progress is 55
[Debug] [2025-8-13 23:43:48] The value of Progress is 62
[Debug] [2025-8-13 23:43:48] The value of Progress is 65
[Debug] [2025-8-13 23:43:49] The value of Progress is 72
[Debug] [2025-8-13 23:43:49] The value of Progress is 75
[Debug] [2025-8-13 23:43:50] The value of Progress is 82
[Debug] [2025-8-13 23:43:50] The value of Progress is 86
[Debug] [2025-8-13 23:43:51] The value of Progress is 93
[Debug] [2025-8-13 23:43:51] The value of Progress is 96
[Debug] [2025-8-13 23:43:51] The value of Progress is 100
[Debug] [2025-8-13 23:43:51] COMMAND[Erase Outer Flash] execute finish, takes 10.5 secs.
[Debug] [2025-8-13 23:43:51] end to send jtag flash erase cmd.
[Debug] [2025-8-13 23:43:51] Send RPC:7
[Debug] [2025-8-13 23:43:51] Begin to send jtag flash program data.
[Debug] [2025-8-13 23:43:51] Begin to send flash program data.
[Debug] [2025-8-13 23:43:51] End to send flash program data.
[Debug] [2025-8-13 23:43:51] End to send embed flash program data.
[Debug] [2025-8-13 23:43:51] Send cmd [Program Outer Flash:20301] OK
[Debug] [2025-8-13 23:43:51] Log::Print : COMMAND[Erase Outer Flash] execute finish, takes 10.5 secs.
[Debug] [2025-8-13 23:43:51] Log::Print : The start address of operating flash is 0x0.
[Debug] [2025-8-13 23:43:52] The value of Progress is 1
[Debug] [2025-8-13 23:43:53] The value of Progress is 6
[Debug] [2025-8-13 23:43:54] The value of Progress is 10
[Debug] [2025-8-13 23:43:56] The value of Progress is 15
[Debug] [2025-8-13 23:43:57] The value of Progress is 20
[Debug] [2025-8-13 23:43:59] The value of Progress is 25
[Debug] [2025-8-13 23:44:00] The value of Progress is 30
[Debug] [2025-8-13 23:44:02] The value of Progress is 35
[Debug] [2025-8-13 23:44:03] The value of Progress is 40
[Debug] [2025-8-13 23:44:05] The value of Progress is 45
[Debug] [2025-8-13 23:44:06] The value of Progress is 50
[Debug] [2025-8-13 23:44:08] The value of Progress is 55
[Debug] [2025-8-13 23:44:09] The value of Progress is 60
[Debug] [2025-8-13 23:44:11] The value of Progress is 65
[Debug] [2025-8-13 23:44:12] The value of Progress is 70
[Debug] [2025-8-13 23:44:13] The value of Progress is 75
[Debug] [2025-8-13 23:44:15] The value of Progress is 80
[Debug] [2025-8-13 23:44:16] The value of Progress is 85
[Debug] [2025-8-13 23:44:18] The value of Progress is 90
[Debug] [2025-8-13 23:44:19] The value of Progress is 95
[Debug] [2025-8-13 23:44:21] The value of Progress is 100
[Debug] [2025-8-13 23:44:21] COMMAND[Program Outer Flash] execute finish, takes 29.8 secs.
[Debug] [2025-8-13 23:44:21] begin to send jtag flash verify cmd
[Debug] [2025-8-13 23:44:21] Send RPC:8
[Debug] [2025-8-13 23:44:21] Begin to send embed flash verify data.
[Debug] [2025-8-13 23:44:21] Begin to send flash verify data.
[Debug] [2025-8-13 23:44:21] End to send flash verify data.
[Debug] [2025-8-13 23:44:21] End to send embed flash verify data.
[Debug] [2025-8-13 23:44:21] Send cmd [Verify Outer Flash:20303] OK
[Debug] [2025-8-13 23:44:21] Log::Print : COMMAND[Program Outer Flash] execute finish, takes 29.8 secs.
[Debug] [2025-8-13 23:44:21] Log::Print : The start address of operating flash is 0x0.
[Debug] [2025-8-13 23:44:21] The value of Progress is 1
[Debug] [2025-8-13 23:44:21] The value of Progress is 6
[Debug] [2025-8-13 23:44:21] The value of Progress is 10
[Debug] [2025-8-13 23:44:22] The value of Progress is 15
[Debug] [2025-8-13 23:44:22] The value of Progress is 20
[Debug] [2025-8-13 23:44:22] The value of Progress is 25
[Debug] [2025-8-13 23:44:22] The value of Progress is 30
[Debug] [2025-8-13 23:44:22] The value of Progress is 35
[Debug] [2025-8-13 23:44:22] The value of Progress is 40
[Debug] [2025-8-13 23:44:22] The value of Progress is 45
[Debug] [2025-8-13 23:44:22] The value of Progress is 50
[Debug] [2025-8-13 23:44:22] The value of Progress is 55
[Debug] [2025-8-13 23:44:22] The value of Progress is 60
[Debug] [2025-8-13 23:44:22] The value of Progress is 65
[Debug] [2025-8-13 23:44:23] The value of Progress is 70
[Debug] [2025-8-13 23:44:23] The value of Progress is 75
[Debug] [2025-8-13 23:44:23] The value of Progress is 80
[Debug] [2025-8-13 23:44:23] The value of Progress is 85
[Debug] [2025-8-13 23:44:23] The value of Progress is 90
[Debug] [2025-8-13 23:44:23] The value of Progress is 95
[Debug] [2025-8-13 23:44:23] The value of Progress is 100
[Debug] [2025-8-13 23:44:23] COMMAND[Verify Outer Flash] execute successfully, takes 2.3 secs.
[Debug] [2025-8-13 23:44:23] end to send jtag flash verify cmd
[Debug] [2025-8-13 23:44:23] end to send jtag flash program cmd.
[Debug] [2025-8-13 23:44:23] Log::Print : COMMAND[Verify Outer Flash] execute successfully, takes 2.3 secs.
[Info] [2025-8-13 23:55:31] /***************************End Configration***************************/
[Info] [2025-8-13 23:55:32] /***************************Start Configuration***************************/
[Info] [2025-8-13 23:55:32] Path: C:/pango/PDS_2022.2-SP6.4/bin
[Info] [2025-8-13 23:55:32] Version: 146967
[Info] [2025-8-13 23:55:33] Current Path: D:/Desktop/work_material/RK_learning/RK3568_MES2L50H/05-work_material/03_FPGA_Project/02_img_pcie_capture/project
[Info] [2025-8-13 23:55:33] PDS Dir Path: D:/Desktop/work_material/RK_learning/RK3568_MES2L50H/05-work_material/03_FPGA_Project/02_img_pcie_capture/project
[Debug] [2025-8-13 23:55:36] Begin to Converte file.
[Debug] [2025-8-13 23:55:42] begin to parse sfc file.
[Debug] [2025-8-13 23:55:42] begin to get device info from CFG file...
[Debug] [2025-8-13 23:55:42] end to get device info from CFG file...
[Debug] [2025-8-13 23:55:42] begin to get device info from CFG file...
[Debug] [2025-8-13 23:55:42] end to get device info from CFG file...
[Debug] [2025-8-13 23:55:42] end to parse sfc file.
[Debug] [2025-8-13 23:55:42] Log::Print : The Start Address of bit file D:/Desktop/work_material/RK_learning/RK3568_MES2L50H/05-work_material/03_FPGA_Project/02_img_pcie_capture/project/generate_bitstream/image_pcie_capture.sbit: 0x0
[Debug] [2025-8-13 23:55:43] End to Converte file.
[Info] [2025-8-13 23:55:45] Configuration is not connect with server. connect first then scan chain.
[Debug] [2025-8-13 23:55:45] Client Local host name:LAPTOP-EA3TT0M1
[Debug] [2025-8-13 23:55:45] Client Local Address:192.168.1.11
[Debug] [2025-8-13 23:55:45] Client Local Address:192.168.1.18
[Debug] [2025-8-13 23:55:45] Server Address:127.0.0.1, Port:65420
[Debug] [2025-8-13 23:55:45] Log::Print : Connecting to server[127.0.0.1 : 65420].
[Info] [2025-8-13 23:55:45] Connect OK, Server: 127.0.0.1  Port: 65420
[Debug] [2025-8-13 23:55:45] Finish.
[Info] [2025-8-13 23:55:45] Connect server succeeded
[Debug] [2025-8-13 23:55:45] Send RPC:1
[Debug] [2025-8-13 23:55:45] Send cmd [check version information:40004] OK
[Debug] [2025-8-13 23:55:45] Log::Print : Connect to server[127.0.0.1 : 65420] successfully.
[Debug] [2025-8-13 23:55:45] Send RPC:2
[Debug] [2025-8-13 23:55:45] Send cmd [get_cable_paras:40010] OK
[Debug] [2025-8-13 23:55:45] Begin to send initialize chain cmd...
[Debug] [2025-8-13 23:55:45] Send RPC:3
[Debug] [2025-8-13 23:55:45] Send cmd [Open config cable:20001] OK
[Debug] [2025-8-13 23:55:45] End to send initialize chain cmd.
[Debug] [2025-8-13 23:55:45] COMMAND[check version information] execute successfully, takes 0.0 secs.
[Debug] [2025-8-13 23:55:45] Log::Print : COMMAND[check version information] execute successfully, takes 0.0 secs.
[Debug] [2025-8-13 23:55:46] COMMAND[get_cable_paras] execute successfully, takes 1.2 secs.
[Debug] [2025-8-13 23:55:46] Log::Print : The cable List : 
Cable index 0:USB Cable II/fffffffffffffffe 

[Debug] [2025-8-13 23:55:46] Log::Print : COMMAND[get_cable_paras] execute successfully, takes 1.2 secs.
[Debug] [2025-8-13 23:55:46] begin the exec of open cable cmd...
[Debug] [2025-8-13 23:55:46] Begin to deal with chain from server...
[Debug] [2025-8-13 23:55:46] Begin to set user chain...
[Debug] [2025-8-13 23:55:46] End to set user chain.
[Debug] [2025-8-13 23:55:46] Begin to update graphic item and tree item ...
[Debug] [2025-8-13 23:55:46] End to update graphic item and tree item ...
[Debug] [2025-8-13 23:55:46] Log::Print : PANGO USB CABLE II cable driver: D2XX DLL
[Debug] [2025-8-13 23:55:46] Log::Print : PG2L50H
[Debug] [2025-8-13 23:55:46] Log::Print : This device configure situation (done bit): 1
[Info] [2025-8-13 23:55:47] set OpenLastPath: D:/Desktop/work_material/RK_learning/RK3568_MES2L50H/05-work_material/03_FPGA_Project/02_img_pcie_capture/project/generate_bitstream/image_pcie_capture.sbit
[Debug] [2025-8-13 23:55:47] begin to get device info from CFG file...
[Debug] [2025-8-13 23:55:47] end to get device info from CFG file...
[Debug] [2025-8-13 23:55:47] Begin to update graphic item and tree item ...
[Debug] [2025-8-13 23:55:47] End to update graphic item and tree item ...
[Debug] [2025-8-13 23:55:47] Begin to update graphic item and tree item ...
[Debug] [2025-8-13 23:55:47] End to update graphic item and tree item ...
[Debug] [2025-8-13 23:55:47] End to deal wiht chain from server.
[Debug] [2025-8-13 23:55:47] end the exec of open cable cmd.
[Debug] [2025-8-13 23:55:47] COMMAND[Open config cable] execute successfully, takes 2.5 secs.
[Debug] [2025-8-13 23:55:47] Log::Print : COMMAND[Open config cable] execute successfully, takes 2.5 secs.
[Debug] [2025-8-13 23:55:49] Begin to send scan outer flash cmd...
[Debug] [2025-8-13 23:55:49] Send RPC:4
[Debug] [2025-8-13 23:55:49] Send cmd [Scan Outer SPI Flash:20300] OK
[Debug] [2025-8-13 23:55:49] End to send scan outer flash cmd.
[Debug] [2025-8-13 23:55:49] begin to exec scan jtag flash cmd...
[Debug] [2025-8-13 23:55:49] Begin to initialize JtagFlash for selected FPGA Device...
[Debug] [2025-8-13 23:55:49] Begin to update graphic item and tree item ...
[Debug] [2025-8-13 23:55:49] End to update graphic item and tree item ...
[Info] [2025-8-13 23:55:50] set OpenLastPath: D:/Desktop/work_material/RK_learning/RK3568_MES2L50H/05-work_material/03_FPGA_Project/02_img_pcie_capture/project/generate_bitstream/image_pcie_capture.sfc
[Debug] [2025-8-13 23:55:50] begin to check SFC File and Flash Device Read Mode.
[Debug] [2025-8-13 23:55:50] end to check SFC File and Flash Device Read Mode.
[Debug] [2025-8-13 23:55:50] Begin to update graphic item and tree item ...
[Debug] [2025-8-13 23:55:50] End to update graphic item and tree item ...
[Debug] [2025-8-13 23:55:50] End to initialize OuterFlash for selected FPGA Device...
[Debug] [2025-8-13 23:55:50] end to exec scan jtag flash cmd...
[Debug] [2025-8-13 23:55:50] COMMAND[Scan Outer SPI Flash] execute successfully, takes 1.3 secs.
[Debug] [2025-8-13 23:55:50] Log::Print : COMMAND[Scan Outer SPI Flash] execute successfully, takes 1.3 secs.
[Debug] [2025-8-13 23:55:51] begin to send promgram jtag flash cmd.
[Debug] [2025-8-13 23:55:51] begin to send jtag flash erase cmd
[Debug] [2025-8-13 23:55:51] Send RPC:5
[Debug] [2025-8-13 23:55:51] Begin to send embed flash erase data.
[Debug] [2025-8-13 23:55:51] Begin to send flash erase data.
[Debug] [2025-8-13 23:55:51] End to send flash erase data.
[Debug] [2025-8-13 23:55:51] End to send embed flash erase data.
[Debug] [2025-8-13 23:55:51] Send cmd [Erase Outer Flash:20302] OK
[Debug] [2025-8-13 23:55:51] Log::Print : The start address of operating flash is 0x0.
[Debug] [2025-8-13 23:55:51] The value of Progress is 1
[Debug] [2025-8-13 23:55:52] The value of Progress is 7
[Debug] [2025-8-13 23:55:53] The value of Progress is 10
[Debug] [2025-8-13 23:55:53] The value of Progress is 17
[Debug] [2025-8-13 23:55:54] The value of Progress is 21
[Debug] [2025-8-13 23:55:54] The value of Progress is 25
[Debug] [2025-8-13 23:55:55] The value of Progress is 32
[Debug] [2025-8-13 23:55:55] The value of Progress is 35
[Debug] [2025-8-13 23:55:56] The value of Progress is 42
[Debug] [2025-8-13 23:55:56] The value of Progress is 46
[Debug] [2025-8-13 23:55:56] The value of Progress is 50
[Debug] [2025-8-13 23:55:57] The value of Progress is 57
[Debug] [2025-8-13 23:55:57] The value of Progress is 60
[Debug] [2025-8-13 23:55:58] The value of Progress is 67
[Debug] [2025-8-13 23:55:58] The value of Progress is 71
[Debug] [2025-8-13 23:55:59] The value of Progress is 75
[Debug] [2025-8-13 23:55:59] The value of Progress is 82
[Debug] [2025-8-13 23:56:00] The value of Progress is 85
[Debug] [2025-8-13 23:56:00] The value of Progress is 92
[Debug] [2025-8-13 23:56:01] The value of Progress is 96
[Debug] [2025-8-13 23:56:01] The value of Progress is 100
[Debug] [2025-8-13 23:56:01] COMMAND[Erase Outer Flash] execute finish, takes 9.5 secs.
[Debug] [2025-8-13 23:56:01] end to send jtag flash erase cmd.
[Debug] [2025-8-13 23:56:01] Send RPC:6
[Debug] [2025-8-13 23:56:01] Begin to send jtag flash program data.
[Debug] [2025-8-13 23:56:01] Begin to send flash program data.
[Debug] [2025-8-13 23:56:01] End to send flash program data.
[Debug] [2025-8-13 23:56:01] End to send embed flash program data.
[Debug] [2025-8-13 23:56:01] Send cmd [Program Outer Flash:20301] OK
[Debug] [2025-8-13 23:56:01] Log::Print : COMMAND[Erase Outer Flash] execute finish, takes 9.5 secs.
[Debug] [2025-8-13 23:56:01] Log::Print : The start address of operating flash is 0x0.
[Debug] [2025-8-13 23:56:01] The value of Progress is 1
[Debug] [2025-8-13 23:56:03] The value of Progress is 6
[Debug] [2025-8-13 23:56:04] The value of Progress is 10
[Debug] [2025-8-13 23:56:05] The value of Progress is 15
[Debug] [2025-8-13 23:56:07] The value of Progress is 20
[Debug] [2025-8-13 23:56:08] The value of Progress is 25
[Debug] [2025-8-13 23:56:09] The value of Progress is 30
[Debug] [2025-8-13 23:56:11] The value of Progress is 35
[Debug] [2025-8-13 23:56:12] The value of Progress is 40
[Debug] [2025-8-13 23:56:14] The value of Progress is 45
[Debug] [2025-8-13 23:56:15] The value of Progress is 50
[Debug] [2025-8-13 23:56:16] The value of Progress is 55
[Debug] [2025-8-13 23:56:18] The value of Progress is 60
[Debug] [2025-8-13 23:56:19] The value of Progress is 65
[Debug] [2025-8-13 23:56:21] The value of Progress is 70
[Debug] [2025-8-13 23:56:22] The value of Progress is 75
[Debug] [2025-8-13 23:56:24] The value of Progress is 80
[Debug] [2025-8-13 23:56:25] The value of Progress is 85
[Debug] [2025-8-13 23:56:26] The value of Progress is 90
[Debug] [2025-8-13 23:56:28] The value of Progress is 95
[Debug] [2025-8-13 23:56:29] The value of Progress is 100
[Debug] [2025-8-13 23:56:29] COMMAND[Program Outer Flash] execute finish, takes 28.6 secs.
[Debug] [2025-8-13 23:56:29] begin to send jtag flash verify cmd
[Debug] [2025-8-13 23:56:29] Send RPC:7
[Debug] [2025-8-13 23:56:29] Begin to send embed flash verify data.
[Debug] [2025-8-13 23:56:29] Begin to send flash verify data.
[Debug] [2025-8-13 23:56:29] End to send flash verify data.
[Debug] [2025-8-13 23:56:29] End to send embed flash verify data.
[Debug] [2025-8-13 23:56:29] Send cmd [Verify Outer Flash:20303] OK
[Debug] [2025-8-13 23:56:29] Log::Print : COMMAND[Program Outer Flash] execute finish, takes 28.6 secs.
[Debug] [2025-8-13 23:56:29] Log::Print : The start address of operating flash is 0x0.
[Debug] [2025-8-13 23:56:30] The value of Progress is 1
[Debug] [2025-8-13 23:56:30] The value of Progress is 6
[Debug] [2025-8-13 23:56:30] The value of Progress is 10
[Debug] [2025-8-13 23:56:30] The value of Progress is 15
[Debug] [2025-8-13 23:56:30] The value of Progress is 20
[Debug] [2025-8-13 23:56:30] The value of Progress is 25
[Debug] [2025-8-13 23:56:30] The value of Progress is 30
[Debug] [2025-8-13 23:56:30] The value of Progress is 35
[Debug] [2025-8-13 23:56:30] The value of Progress is 40
[Debug] [2025-8-13 23:56:30] The value of Progress is 45
[Debug] [2025-8-13 23:56:30] The value of Progress is 50
[Debug] [2025-8-13 23:56:31] The value of Progress is 55
[Debug] [2025-8-13 23:56:31] The value of Progress is 60
[Debug] [2025-8-13 23:56:31] The value of Progress is 65
[Debug] [2025-8-13 23:56:31] The value of Progress is 70
[Debug] [2025-8-13 23:56:31] The value of Progress is 75
[Debug] [2025-8-13 23:56:31] The value of Progress is 80
[Debug] [2025-8-13 23:56:31] The value of Progress is 85
[Debug] [2025-8-13 23:56:31] The value of Progress is 90
[Debug] [2025-8-13 23:56:31] The value of Progress is 95
[Debug] [2025-8-13 23:56:31] The value of Progress is 100
[Debug] [2025-8-13 23:56:32] COMMAND[Verify Outer Flash] execute successfully, takes 2.2 secs.
[Debug] [2025-8-13 23:56:32] end to send jtag flash verify cmd
[Debug] [2025-8-13 23:56:32] end to send jtag flash program cmd.
[Debug] [2025-8-13 23:56:32] Log::Print : COMMAND[Verify Outer Flash] execute successfully, takes 2.2 secs.
[Info] [2025-8-14 00:07:09] /***************************End Configration***************************/
[Info] [2025-8-14 00:07:30] /***************************Start Configuration***************************/
[Info] [2025-8-14 00:07:30] Path: C:/pango/PDS_2022.2-SP6.4/bin
[Info] [2025-8-14 00:07:30] Version: 146967
[Info] [2025-8-14 00:07:31] Current Path: D:/Desktop/work_material/RK_learning/RK3568_MES2L50H/05-work_material/03_FPGA_Project/02_img_pcie_capture/project
[Info] [2025-8-14 00:07:31] PDS Dir Path: D:/Desktop/work_material/RK_learning/RK3568_MES2L50H/05-work_material/03_FPGA_Project/02_img_pcie_capture/project
[Info] [2025-8-14 00:07:33] Configuration is not connect with server. connect first then scan chain.
[Debug] [2025-8-14 00:07:33] Client Local host name:LAPTOP-EA3TT0M1
[Debug] [2025-8-14 00:07:33] Client Local Address:192.168.1.11
[Debug] [2025-8-14 00:07:33] Client Local Address:192.168.1.18
[Debug] [2025-8-14 00:07:33] Server Address:127.0.0.1, Port:65420
[Debug] [2025-8-14 00:07:33] Log::Print : Connecting to server[127.0.0.1 : 65420].
[Info] [2025-8-14 00:07:33] Connect OK, Server: 127.0.0.1  Port: 65420
[Debug] [2025-8-14 00:07:33] Finish.
[Info] [2025-8-14 00:07:33] Connect server succeeded
[Debug] [2025-8-14 00:07:33] Send RPC:1
[Debug] [2025-8-14 00:07:33] Send cmd [check version information:40004] OK
[Debug] [2025-8-14 00:07:33] Send RPC:2
[Debug] [2025-8-14 00:07:33] Send cmd [get_cable_paras:40010] OK
[Debug] [2025-8-14 00:07:33] Begin to send initialize chain cmd...
[Debug] [2025-8-14 00:07:33] Send RPC:3
[Debug] [2025-8-14 00:07:33] Send cmd [Open config cable:20001] OK
[Debug] [2025-8-14 00:07:33] End to send initialize chain cmd.
[Debug] [2025-8-14 00:07:33] COMMAND[check version information] execute successfully, takes 0.0 secs.
[Debug] [2025-8-14 00:07:33] Log::Print : Connect to server[127.0.0.1 : 65420] successfully.
[Debug] [2025-8-14 00:07:33] Log::Print : COMMAND[check version information] execute successfully, takes 0.0 secs.
[Debug] [2025-8-14 00:07:34] COMMAND[get_cable_paras] execute successfully, takes 1.2 secs.
[Debug] [2025-8-14 00:07:34] Log::Print : The cable List : 
Cable index 0:USB Cable II/fffffffffffffffe 

[Debug] [2025-8-14 00:07:34] Log::Print : COMMAND[get_cable_paras] execute successfully, takes 1.2 secs.
[Debug] [2025-8-14 00:07:35] begin the exec of open cable cmd...
[Debug] [2025-8-14 00:07:35] Begin to deal with chain from server...
[Debug] [2025-8-14 00:07:35] Begin to set user chain...
[Debug] [2025-8-14 00:07:35] End to set user chain.
[Debug] [2025-8-14 00:07:35] Begin to update graphic item and tree item ...
[Debug] [2025-8-14 00:07:35] End to update graphic item and tree item ...
[Debug] [2025-8-14 00:07:35] Log::Print : PANGO USB CABLE II cable driver: D2XX DLL
[Debug] [2025-8-14 00:07:35] Log::Print : PG2L50H
[Debug] [2025-8-14 00:07:35] Log::Print : This device configure situation (done bit): 1
[Info] [2025-8-14 00:07:36] set OpenLastPath: D:/Desktop/work_material/RK_learning/RK3568_MES2L50H/05-work_material/03_FPGA_Project/02_img_pcie_capture/project/generate_bitstream/image_pcie_capture.sbit
[Debug] [2025-8-14 00:07:36] begin to get device info from CFG file...
[Debug] [2025-8-14 00:07:36] end to get device info from CFG file...
[Debug] [2025-8-14 00:07:36] Begin to update graphic item and tree item ...
[Debug] [2025-8-14 00:07:36] End to update graphic item and tree item ...
[Debug] [2025-8-14 00:07:36] Begin to update graphic item and tree item ...
[Debug] [2025-8-14 00:07:36] End to update graphic item and tree item ...
[Debug] [2025-8-14 00:07:36] End to deal wiht chain from server.
[Debug] [2025-8-14 00:07:36] end the exec of open cable cmd.
[Debug] [2025-8-14 00:07:36] COMMAND[Open config cable] execute successfully, takes 2.7 secs.
[Debug] [2025-8-14 00:07:36] Log::Print : COMMAND[Open config cable] execute successfully, takes 2.7 secs.
[Debug] [2025-8-14 00:07:39] Begin to Converte file.
[Debug] [2025-8-14 00:08:00] begin to parse sfc file.
[Debug] [2025-8-14 00:08:00] begin to get device info from CFG file...
[Debug] [2025-8-14 00:08:00] end to get device info from CFG file...
[Debug] [2025-8-14 00:08:00] begin to get device info from CFG file...
[Debug] [2025-8-14 00:08:00] end to get device info from CFG file...
[Debug] [2025-8-14 00:08:00] end to parse sfc file.
[Debug] [2025-8-14 00:08:00] Log::Print : The Start Address of bit file D:/Desktop/work_material/RK_learning/RK3568_MES2L50H/05-work_material/03_FPGA_Project/02_img_pcie_capture/project/generate_bitstream/image_pcie_capture.sbit: 0x0
[Debug] [2025-8-14 00:08:01] End to Converte file.
[Debug] [2025-8-14 00:08:03] Begin to send scan outer flash cmd...
[Debug] [2025-8-14 00:08:03] Send RPC:4
[Debug] [2025-8-14 00:08:03] Send cmd [Scan Outer SPI Flash:20300] OK
[Debug] [2025-8-14 00:08:03] End to send scan outer flash cmd.
[Debug] [2025-8-14 00:08:04] begin to exec scan jtag flash cmd...
[Debug] [2025-8-14 00:08:04] Begin to initialize JtagFlash for selected FPGA Device...
[Debug] [2025-8-14 00:08:04] Begin to update graphic item and tree item ...
[Debug] [2025-8-14 00:08:04] End to update graphic item and tree item ...
[Info] [2025-8-14 00:08:05] set OpenLastPath: D:/Desktop/work_material/RK_learning/RK3568_MES2L50H/05-work_material/03_FPGA_Project/02_img_pcie_capture/project/generate_bitstream/image_pcie_capture_5g.sfc
[Debug] [2025-8-14 00:08:05] begin to check SFC File and Flash Device Read Mode.
[Debug] [2025-8-14 00:08:05] end to check SFC File and Flash Device Read Mode.
[Debug] [2025-8-14 00:08:05] Begin to update graphic item and tree item ...
[Debug] [2025-8-14 00:08:05] End to update graphic item and tree item ...
[Debug] [2025-8-14 00:08:05] End to initialize OuterFlash for selected FPGA Device...
[Debug] [2025-8-14 00:08:05] end to exec scan jtag flash cmd...
[Debug] [2025-8-14 00:08:05] COMMAND[Scan Outer SPI Flash] execute successfully, takes 2.3 secs.
[Debug] [2025-8-14 00:08:05] Log::Print : COMMAND[Scan Outer SPI Flash] execute successfully, takes 2.3 secs.
[Debug] [2025-8-14 00:08:07] begin to send promgram jtag flash cmd.
[Debug] [2025-8-14 00:08:07] begin to send jtag flash erase cmd
[Debug] [2025-8-14 00:08:07] Send RPC:5
[Debug] [2025-8-14 00:08:07] Begin to send embed flash erase data.
[Debug] [2025-8-14 00:08:07] Begin to send flash erase data.
[Debug] [2025-8-14 00:08:07] End to send flash erase data.
[Debug] [2025-8-14 00:08:07] End to send embed flash erase data.
[Debug] [2025-8-14 00:08:07] Send cmd [Erase Outer Flash:20302] OK
[Debug] [2025-8-14 00:08:07] Log::Print : The start address of operating flash is 0x0.
[Debug] [2025-8-14 00:08:07] The value of Progress is 1
[Debug] [2025-8-14 00:08:08] The value of Progress is 6
[Debug] [2025-8-14 00:08:08] The value of Progress is 10
[Debug] [2025-8-14 00:08:09] The value of Progress is 17
[Debug] [2025-8-14 00:08:09] The value of Progress is 20
[Debug] [2025-8-14 00:08:10] The value of Progress is 27
[Debug] [2025-8-14 00:08:10] The value of Progress is 31
[Debug] [2025-8-14 00:08:11] The value of Progress is 37
[Debug] [2025-8-14 00:08:11] The value of Progress is 41
[Debug] [2025-8-14 00:08:12] The value of Progress is 48
[Debug] [2025-8-14 00:08:12] The value of Progress is 51
[Debug] [2025-8-14 00:08:13] The value of Progress is 55
[Debug] [2025-8-14 00:08:13] The value of Progress is 62
[Debug] [2025-8-14 00:08:14] The value of Progress is 65
[Debug] [2025-8-14 00:08:14] The value of Progress is 72
[Debug] [2025-8-14 00:08:15] The value of Progress is 75
[Debug] [2025-8-14 00:08:15] The value of Progress is 82
[Debug] [2025-8-14 00:08:16] The value of Progress is 86
[Debug] [2025-8-14 00:08:16] The value of Progress is 93
[Debug] [2025-8-14 00:08:17] The value of Progress is 96
[Debug] [2025-8-14 00:08:17] The value of Progress is 100
[Debug] [2025-8-14 00:08:17] COMMAND[Erase Outer Flash] execute finish, takes 10.0 secs.
[Debug] [2025-8-14 00:08:17] end to send jtag flash erase cmd.
[Debug] [2025-8-14 00:08:17] Send RPC:6
[Debug] [2025-8-14 00:08:17] Begin to send jtag flash program data.
[Debug] [2025-8-14 00:08:17] Begin to send flash program data.
[Debug] [2025-8-14 00:08:17] End to send flash program data.
[Debug] [2025-8-14 00:08:17] End to send embed flash program data.
[Debug] [2025-8-14 00:08:17] Send cmd [Program Outer Flash:20301] OK
[Debug] [2025-8-14 00:08:17] Log::Print : COMMAND[Erase Outer Flash] execute finish, takes 10.0 secs.
[Debug] [2025-8-14 00:08:17] Log::Print : The start address of operating flash is 0x0.
[Debug] [2025-8-14 00:08:17] The value of Progress is 1
[Debug] [2025-8-14 00:08:19] The value of Progress is 6
[Debug] [2025-8-14 00:08:20] The value of Progress is 10
[Debug] [2025-8-14 00:08:21] The value of Progress is 15
[Debug] [2025-8-14 00:08:23] The value of Progress is 20
[Debug] [2025-8-14 00:08:24] The value of Progress is 25
[Debug] [2025-8-14 00:08:26] The value of Progress is 30
[Debug] [2025-8-14 00:08:27] The value of Progress is 35
[Debug] [2025-8-14 00:08:29] The value of Progress is 40
[Debug] [2025-8-14 00:08:30] The value of Progress is 45
[Debug] [2025-8-14 00:08:32] The value of Progress is 50
[Debug] [2025-8-14 00:08:33] The value of Progress is 55
[Debug] [2025-8-14 00:08:34] The value of Progress is 60
[Debug] [2025-8-14 00:08:36] The value of Progress is 65
[Debug] [2025-8-14 00:08:37] The value of Progress is 70
[Debug] [2025-8-14 00:08:39] The value of Progress is 75
[Debug] [2025-8-14 00:08:40] The value of Progress is 80
[Debug] [2025-8-14 00:08:42] The value of Progress is 85
[Debug] [2025-8-14 00:08:43] The value of Progress is 90
[Debug] [2025-8-14 00:08:45] The value of Progress is 95
[Debug] [2025-8-14 00:08:46] The value of Progress is 100
[Debug] [2025-8-14 00:08:46] COMMAND[Program Outer Flash] execute finish, takes 29.8 secs.
[Debug] [2025-8-14 00:08:46] begin to send jtag flash verify cmd
[Debug] [2025-8-14 00:08:46] Send RPC:7
[Debug] [2025-8-14 00:08:46] Begin to send embed flash verify data.
[Debug] [2025-8-14 00:08:46] Begin to send flash verify data.
[Debug] [2025-8-14 00:08:46] End to send flash verify data.
[Debug] [2025-8-14 00:08:46] End to send embed flash verify data.
[Debug] [2025-8-14 00:08:46] Send cmd [Verify Outer Flash:20303] OK
[Debug] [2025-8-14 00:08:46] Log::Print : COMMAND[Program Outer Flash] execute finish, takes 29.8 secs.
[Debug] [2025-8-14 00:08:46] Log::Print : The start address of operating flash is 0x0.
[Debug] [2025-8-14 00:08:47] The value of Progress is 1
[Debug] [2025-8-14 00:08:47] The value of Progress is 6
[Debug] [2025-8-14 00:08:47] The value of Progress is 10
[Debug] [2025-8-14 00:08:47] The value of Progress is 15
[Debug] [2025-8-14 00:08:47] The value of Progress is 20
[Debug] [2025-8-14 00:08:47] The value of Progress is 25
[Debug] [2025-8-14 00:08:47] The value of Progress is 30
[Debug] [2025-8-14 00:08:47] The value of Progress is 35
[Debug] [2025-8-14 00:08:47] The value of Progress is 40
[Debug] [2025-8-14 00:08:47] The value of Progress is 45
[Debug] [2025-8-14 00:08:48] The value of Progress is 50
[Debug] [2025-8-14 00:08:48] The value of Progress is 55
[Debug] [2025-8-14 00:08:48] The value of Progress is 60
[Debug] [2025-8-14 00:08:48] The value of Progress is 65
[Debug] [2025-8-14 00:08:48] The value of Progress is 70
[Debug] [2025-8-14 00:08:48] The value of Progress is 75
[Debug] [2025-8-14 00:08:48] The value of Progress is 80
[Debug] [2025-8-14 00:08:48] The value of Progress is 85
[Debug] [2025-8-14 00:08:48] The value of Progress is 90
[Debug] [2025-8-14 00:08:48] The value of Progress is 95
[Debug] [2025-8-14 00:08:48] The value of Progress is 100
[Debug] [2025-8-14 00:08:49] COMMAND[Verify Outer Flash] execute successfully, takes 2.3 secs.
[Debug] [2025-8-14 00:08:49] end to send jtag flash verify cmd
[Debug] [2025-8-14 00:08:49] end to send jtag flash program cmd.
[Debug] [2025-8-14 00:08:49] Log::Print : COMMAND[Verify Outer Flash] execute successfully, takes 2.3 secs.
[Info] [2025-8-14 00:19:16] /***************************End Configration***************************/
[Info] [2025-8-15 17:45:01] /***************************Start Configuration***************************/
[Info] [2025-8-15 17:45:01] Path: C:/pango/PDS_2022.2-SP6.4/bin
[Info] [2025-8-15 17:45:01] Version: 146967
[Info] [2025-8-15 17:45:02] Current Path: D:/Desktop/work_material/RK_learning/RK3568_MES2L50H/05-work_material/04_doc/allll/02_FPGA_demo/02_img_pcie_capture/project
[Info] [2025-8-15 17:45:02] PDS Dir Path: D:/Desktop/work_material/RK_learning/RK3568_MES2L50H/05-work_material/04_doc/allll/02_FPGA_demo/02_img_pcie_capture/project
[Debug] [2025-8-15 17:45:05] Begin to Converte file.
[Debug] [2025-8-15 17:45:12] begin to parse sfc file.
[Debug] [2025-8-15 17:45:12] begin to get device info from CFG file...
[Debug] [2025-8-15 17:45:12] end to get device info from CFG file...
[Debug] [2025-8-15 17:45:12] begin to get device info from CFG file...
[Debug] [2025-8-15 17:45:12] end to get device info from CFG file...
[Debug] [2025-8-15 17:45:12] end to parse sfc file.
[Debug] [2025-8-15 17:45:12] Log::Print : The Start Address of bit file D:/Desktop/work_material/RK_learning/RK3568_MES2L50H/05-work_material/04_doc/allll/02_FPGA_demo/02_img_pcie_capture/project/generate_bitstream/image_pcie_capture.sbit: 0x0
[Debug] [2025-8-15 17:45:13] End to Converte file.
[Info] [2025-8-15 17:45:15] Configuration is not connect with server. connect first then scan chain.
[Debug] [2025-8-15 17:45:15] Client Local host name:LAPTOP-EA3TT0M1
[Debug] [2025-8-15 17:45:15] Client Local Address:192.168.1.11
[Debug] [2025-8-15 17:45:15] Client Local Address:192.168.1.8
[Debug] [2025-8-15 17:45:15] Server Address:127.0.0.1, Port:65420
[Debug] [2025-8-15 17:45:15] Log::Print : Connecting to server[127.0.0.1 : 65420].
[Info] [2025-8-15 17:45:15] Connect OK, Server: 127.0.0.1  Port: 65420
[Debug] [2025-8-15 17:45:15] Finish.
[Info] [2025-8-15 17:45:15] Connect server succeeded
[Debug] [2025-8-15 17:45:15] Send RPC:1
[Debug] [2025-8-15 17:45:15] Send cmd [check version information:40004] OK
[Debug] [2025-8-15 17:45:15] Log::Print : Connect to server[127.0.0.1 : 65420] successfully.
[Debug] [2025-8-15 17:45:16] Send RPC:2
[Debug] [2025-8-15 17:45:16] Send cmd [get_cable_paras:40010] OK
[Debug] [2025-8-15 17:45:16] Begin to send initialize chain cmd...
[Debug] [2025-8-15 17:45:16] Send RPC:3
[Debug] [2025-8-15 17:45:16] Send cmd [Open config cable:20001] OK
[Debug] [2025-8-15 17:45:16] End to send initialize chain cmd.
[Debug] [2025-8-15 17:45:16] COMMAND[check version information] execute successfully, takes 0.4 secs.
[Debug] [2025-8-15 17:45:16] Log::Print : COMMAND[check version information] execute successfully, takes 0.4 secs.
[Debug] [2025-8-15 17:45:17] COMMAND[get_cable_paras] execute successfully, takes 1.2 secs.
[Debug] [2025-8-15 17:45:17] Log::Print : The cable List : 
Cable index 0:USB Cable II/fffffffffffffffe 

[Debug] [2025-8-15 17:45:17] Log::Print : COMMAND[get_cable_paras] execute successfully, takes 1.2 secs.
[Debug] [2025-8-15 17:45:17] begin the exec of open cable cmd...
[Debug] [2025-8-15 17:45:17] Begin to deal with chain from server...
[Debug] [2025-8-15 17:45:17] Begin to set user chain...
[Debug] [2025-8-15 17:45:17] End to set user chain.
[Debug] [2025-8-15 17:45:17] Begin to update graphic item and tree item ...
[Debug] [2025-8-15 17:45:17] End to update graphic item and tree item ...
[Debug] [2025-8-15 17:45:18] Log::Print : PANGO USB CABLE II cable driver: D2XX DLL
[Debug] [2025-8-15 17:45:18] Log::Print : PG2L50H
[Debug] [2025-8-15 17:45:18] Log::Print : This device configure situation (done bit): 1
[Info] [2025-8-15 17:45:19] set OpenLastPath: D:/Desktop/work_material/RK_learning/RK3568_MES2L50H/05-work_material/04_doc/allll/02_FPGA_demo/02_img_pcie_capture/project/generate_bitstream/image_pcie_capture.sbit
[Debug] [2025-8-15 17:45:19] begin to get device info from CFG file...
[Debug] [2025-8-15 17:45:19] end to get device info from CFG file...
[Debug] [2025-8-15 17:45:19] Begin to update graphic item and tree item ...
[Debug] [2025-8-15 17:45:19] End to update graphic item and tree item ...
[Debug] [2025-8-15 17:45:19] Begin to update graphic item and tree item ...
[Debug] [2025-8-15 17:45:19] End to update graphic item and tree item ...
[Debug] [2025-8-15 17:45:19] End to deal wiht chain from server.
[Debug] [2025-8-15 17:45:19] end the exec of open cable cmd.
[Debug] [2025-8-15 17:45:19] COMMAND[Open config cable] execute successfully, takes 2.9 secs.
[Debug] [2025-8-15 17:45:19] Log::Print : COMMAND[Open config cable] execute successfully, takes 2.9 secs.
[Debug] [2025-8-15 17:45:20] Begin to send scan outer flash cmd...
[Debug] [2025-8-15 17:45:20] Send RPC:4
[Debug] [2025-8-15 17:45:20] Send cmd [Scan Outer SPI Flash:20300] OK
[Debug] [2025-8-15 17:45:20] End to send scan outer flash cmd.
[Debug] [2025-8-15 17:45:21] begin to exec scan jtag flash cmd...
[Debug] [2025-8-15 17:45:21] Begin to initialize JtagFlash for selected FPGA Device...
[Debug] [2025-8-15 17:45:21] Begin to update graphic item and tree item ...
[Debug] [2025-8-15 17:45:21] End to update graphic item and tree item ...
[Info] [2025-8-15 17:45:32] set OpenLastPath: D:/Desktop/work_material/RK_learning/RK3568_MES2L50H/05-work_material/04_doc/allll/02_FPGA_demo/02_img_pcie_capture/project/generate_bitstream/image_pcie_capture.sfc
[Debug] [2025-8-15 17:45:32] begin to check SFC File and Flash Device Read Mode.
[Debug] [2025-8-15 17:45:32] end to check SFC File and Flash Device Read Mode.
[Debug] [2025-8-15 17:45:32] Begin to update graphic item and tree item ...
[Debug] [2025-8-15 17:45:32] End to update graphic item and tree item ...
[Debug] [2025-8-15 17:45:32] End to initialize OuterFlash for selected FPGA Device...
[Debug] [2025-8-15 17:45:32] end to exec scan jtag flash cmd...
[Debug] [2025-8-15 17:45:32] COMMAND[Scan Outer SPI Flash] execute successfully, takes 11.5 secs.
[Debug] [2025-8-15 17:45:32] Log::Print : COMMAND[Scan Outer SPI Flash] execute successfully, takes 11.5 secs.
[Debug] [2025-8-15 17:45:33] begin to send promgram jtag flash cmd.
[Debug] [2025-8-15 17:45:33] begin to send jtag flash erase cmd
[Debug] [2025-8-15 17:45:33] Send RPC:5
[Debug] [2025-8-15 17:45:33] Begin to send embed flash erase data.
[Debug] [2025-8-15 17:45:33] Begin to send flash erase data.
[Debug] [2025-8-15 17:45:33] End to send flash erase data.
[Debug] [2025-8-15 17:45:33] End to send embed flash erase data.
[Debug] [2025-8-15 17:45:33] Send cmd [Erase Outer Flash:20302] OK
[Debug] [2025-8-15 17:45:33] Log::Print : The start address of operating flash is 0x0.
[Debug] [2025-8-15 17:45:33] The value of Progress is 1
[Debug] [2025-8-15 17:45:34] The value of Progress is 7
[Debug] [2025-8-15 17:45:35] The value of Progress is 10
[Debug] [2025-8-15 17:45:35] The value of Progress is 17
[Debug] [2025-8-15 17:45:36] The value of Progress is 21
[Debug] [2025-8-15 17:45:36] The value of Progress is 25
[Debug] [2025-8-15 17:45:37] The value of Progress is 32
[Debug] [2025-8-15 17:45:37] The value of Progress is 35
[Debug] [2025-8-15 17:45:38] The value of Progress is 42
[Debug] [2025-8-15 17:45:38] The value of Progress is 46
[Debug] [2025-8-15 17:45:39] The value of Progress is 50
[Debug] [2025-8-15 17:45:39] The value of Progress is 57
[Debug] [2025-8-15 17:45:40] The value of Progress is 60
[Debug] [2025-8-15 17:45:40] The value of Progress is 67
[Debug] [2025-8-15 17:45:41] The value of Progress is 71
[Debug] [2025-8-15 17:45:41] The value of Progress is 75
[Debug] [2025-8-15 17:45:42] The value of Progress is 82
[Debug] [2025-8-15 17:45:42] The value of Progress is 85
[Debug] [2025-8-15 17:45:43] The value of Progress is 92
[Debug] [2025-8-15 17:45:43] The value of Progress is 96
[Debug] [2025-8-15 17:45:43] The value of Progress is 100
[Debug] [2025-8-15 17:45:43] COMMAND[Erase Outer Flash] execute finish, takes 10.0 secs.
[Debug] [2025-8-15 17:45:43] end to send jtag flash erase cmd.
[Debug] [2025-8-15 17:45:43] Send RPC:6
[Debug] [2025-8-15 17:45:43] Begin to send jtag flash program data.
[Debug] [2025-8-15 17:45:43] Begin to send flash program data.
[Debug] [2025-8-15 17:45:43] End to send flash program data.
[Debug] [2025-8-15 17:45:43] End to send embed flash program data.
[Debug] [2025-8-15 17:45:43] Send cmd [Program Outer Flash:20301] OK
[Debug] [2025-8-15 17:45:43] Log::Print : COMMAND[Erase Outer Flash] execute finish, takes 10.0 secs.
[Debug] [2025-8-15 17:45:43] Log::Print : The start address of operating flash is 0x0.
[Debug] [2025-8-15 17:45:43] The value of Progress is 1
[Debug] [2025-8-15 17:45:45] The value of Progress is 6
[Debug] [2025-8-15 17:45:46] The value of Progress is 10
[Debug] [2025-8-15 17:45:47] The value of Progress is 15
[Debug] [2025-8-15 17:45:49] The value of Progress is 20
[Debug] [2025-8-15 17:45:50] The value of Progress is 25
[Debug] [2025-8-15 17:45:52] The value of Progress is 30
[Debug] [2025-8-15 17:45:53] The value of Progress is 35
[Debug] [2025-8-15 17:45:54] The value of Progress is 40
[Debug] [2025-8-15 17:45:56] The value of Progress is 45
[Debug] [2025-8-15 17:45:57] The value of Progress is 50
[Debug] [2025-8-15 17:45:59] The value of Progress is 55
[Debug] [2025-8-15 17:46:00] The value of Progress is 60
[Debug] [2025-8-15 17:46:01] The value of Progress is 65
[Debug] [2025-8-15 17:46:03] The value of Progress is 70
[Debug] [2025-8-15 17:46:04] The value of Progress is 75
[Debug] [2025-8-15 17:46:06] The value of Progress is 80
[Debug] [2025-8-15 17:46:07] The value of Progress is 85
[Debug] [2025-8-15 17:46:08] The value of Progress is 90
[Debug] [2025-8-15 17:46:10] The value of Progress is 95
[Debug] [2025-8-15 17:46:11] The value of Progress is 100
[Debug] [2025-8-15 17:46:11] COMMAND[Program Outer Flash] execute finish, takes 28.4 secs.
[Debug] [2025-8-15 17:46:11] begin to send jtag flash verify cmd
[Debug] [2025-8-15 17:46:11] Send RPC:7
[Debug] [2025-8-15 17:46:11] Begin to send embed flash verify data.
[Debug] [2025-8-15 17:46:11] Begin to send flash verify data.
[Debug] [2025-8-15 17:46:11] End to send flash verify data.
[Debug] [2025-8-15 17:46:11] End to send embed flash verify data.
[Debug] [2025-8-15 17:46:11] Send cmd [Verify Outer Flash:20303] OK
[Debug] [2025-8-15 17:46:12] Log::Print : COMMAND[Program Outer Flash] execute finish, takes 28.4 secs.
[Debug] [2025-8-15 17:46:12] Log::Print : The start address of operating flash is 0x0.
[Debug] [2025-8-15 17:46:12] The value of Progress is 1
[Debug] [2025-8-15 17:46:12] The value of Progress is 6
[Debug] [2025-8-15 17:46:12] The value of Progress is 10
[Debug] [2025-8-15 17:46:12] The value of Progress is 15
[Debug] [2025-8-15 17:46:12] The value of Progress is 20
[Debug] [2025-8-15 17:46:12] The value of Progress is 25
[Debug] [2025-8-15 17:46:12] The value of Progress is 30
[Debug] [2025-8-15 17:46:12] The value of Progress is 35
[Debug] [2025-8-15 17:46:12] The value of Progress is 40
[Debug] [2025-8-15 17:46:12] The value of Progress is 45
[Debug] [2025-8-15 17:46:13] The value of Progress is 50
[Debug] [2025-8-15 17:46:13] The value of Progress is 55
[Debug] [2025-8-15 17:46:13] The value of Progress is 60
[Debug] [2025-8-15 17:46:13] The value of Progress is 65
[Debug] [2025-8-15 17:46:13] The value of Progress is 70
[Debug] [2025-8-15 17:46:13] The value of Progress is 75
[Debug] [2025-8-15 17:46:13] The value of Progress is 80
[Debug] [2025-8-15 17:46:13] The value of Progress is 85
[Debug] [2025-8-15 17:46:13] The value of Progress is 90
[Debug] [2025-8-15 17:46:13] The value of Progress is 95
[Debug] [2025-8-15 17:46:13] The value of Progress is 100
[Debug] [2025-8-15 17:46:14] COMMAND[Verify Outer Flash] execute successfully, takes 2.2 secs.
[Debug] [2025-8-15 17:46:14] end to send jtag flash verify cmd
[Debug] [2025-8-15 17:46:14] end to send jtag flash program cmd.
[Debug] [2025-8-15 17:46:14] Log::Print : COMMAND[Verify Outer Flash] execute successfully, takes 2.2 secs.
[Info] [2025-8-15 18:55:36] /***************************End Configration***************************/
[Info] [2025-10-16 16:24:05] /***************************Start Configuration***************************/
[Info] [2025-10-16 16:24:05] Path: C:/pango/PDS_2022.2-SP6.4/bin
[Info] [2025-10-16 16:24:05] Version: 146967
[Info] [2025-10-16 16:24:06] Current Path: D:/Desktop/video_class/camera_demo/FPGA_project/03_camera_pcie_capture_fmc/project
[Info] [2025-10-16 16:24:06] PDS Dir Path: D:/Desktop/video_class/camera_demo/FPGA_project/03_camera_pcie_capture_fmc/project
[Debug] [2025-10-16 16:24:09] Begin to Converte file.
[Debug] [2025-10-16 16:24:24] begin to parse sfc file.
[Debug] [2025-10-16 16:24:24] begin to get device info from CFG file...
[Debug] [2025-10-16 16:24:24] end to get device info from CFG file...
[Debug] [2025-10-16 16:24:24] begin to get device info from CFG file...
[Debug] [2025-10-16 16:24:24] end to get device info from CFG file...
[Debug] [2025-10-16 16:24:24] end to parse sfc file.
[Debug] [2025-10-16 16:24:24] Log::Print : The Start Address of bit file D:/Desktop/video_class/camera_demo/FPGA_project/03_camera_pcie_capture_fmc/project/generate_bitstream/image_pcie_capture.sbit: 0x0
[Debug] [2025-10-16 16:24:25] End to Converte file.
[Info] [2025-10-16 16:24:26] Configuration is not connect with server. connect first then scan chain.
[Debug] [2025-10-16 16:24:26] Client Local host name:LAPTOP-EA3TT0M1
[Debug] [2025-10-16 16:24:26] Client Local Address:192.168.1.105
[Debug] [2025-10-16 16:24:26] Client Local Address:10.104.21.106
[Debug] [2025-10-16 16:24:26] Server Address:127.0.0.1, Port:65420
[Debug] [2025-10-16 16:24:27] Log::Print : Connecting to server[127.0.0.1 : 65420].
[Info] [2025-10-16 16:24:27] Connect OK, Server: 127.0.0.1  Port: 65420
[Debug] [2025-10-16 16:24:27] Finish.
[Info] [2025-10-16 16:24:27] Connect server succeeded
[Debug] [2025-10-16 16:24:27] Send RPC:1
[Debug] [2025-10-16 16:24:27] Send cmd [check version information:40004] OK
[Debug] [2025-10-16 16:24:27] Log::Print : Connect to server[127.0.0.1 : 65420] successfully.
[Debug] [2025-10-16 16:24:28] Send RPC:2
[Debug] [2025-10-16 16:24:28] Send cmd [get_cable_paras:40010] OK
[Debug] [2025-10-16 16:24:28] Begin to send initialize chain cmd...
[Debug] [2025-10-16 16:24:28] Send RPC:3
[Debug] [2025-10-16 16:24:28] Send cmd [Open config cable:20001] OK
[Debug] [2025-10-16 16:24:28] End to send initialize chain cmd.
[Debug] [2025-10-16 16:24:28] COMMAND[check version information] execute successfully, takes 0.6 secs.
[Debug] [2025-10-16 16:24:28] Log::Print : COMMAND[check version information] execute successfully, takes 0.6 secs.
[Debug] [2025-10-16 16:24:29] COMMAND[get_cable_paras] execute successfully, takes 1.3 secs.
[Debug] [2025-10-16 16:24:29] Log::Print : The cable List : 
Cable index 0:USB Cable II/fffffffffffffffe 

[Debug] [2025-10-16 16:24:29] Log::Print : COMMAND[get_cable_paras] execute successfully, takes 1.3 secs.
[Debug] [2025-10-16 16:24:29] begin the exec of open cable cmd...
[Debug] [2025-10-16 16:24:29] Begin to deal with chain from server...
[Debug] [2025-10-16 16:24:29] Begin to set user chain...
[Debug] [2025-10-16 16:24:29] End to set user chain.
[Debug] [2025-10-16 16:24:29] Begin to update graphic item and tree item ...
[Debug] [2025-10-16 16:24:29] End to update graphic item and tree item ...
[Debug] [2025-10-16 16:24:29] Log::Print : PANGO USB CABLE II cable driver: D2XX DLL
[Debug] [2025-10-16 16:24:29] Log::Print : PG2L50H
[Debug] [2025-10-16 16:24:29] Log::Print : This device configure situation (done bit): 1
[Info] [2025-10-16 16:24:30] set OpenLastPath: D:/Desktop/video_class/camera_demo/FPGA_project/03_camera_pcie_capture_fmc/project/generate_bitstream/image_pcie_capture.sbit
[Debug] [2025-10-16 16:24:30] begin to get device info from CFG file...
[Debug] [2025-10-16 16:24:30] end to get device info from CFG file...
[Debug] [2025-10-16 16:24:30] Begin to update graphic item and tree item ...
[Debug] [2025-10-16 16:24:30] End to update graphic item and tree item ...
[Debug] [2025-10-16 16:24:30] Begin to update graphic item and tree item ...
[Debug] [2025-10-16 16:24:30] End to update graphic item and tree item ...
[Debug] [2025-10-16 16:24:30] End to deal wiht chain from server.
[Debug] [2025-10-16 16:24:30] end the exec of open cable cmd.
[Debug] [2025-10-16 16:24:30] COMMAND[Open config cable] execute successfully, takes 2.4 secs.
[Debug] [2025-10-16 16:24:30] Log::Print : COMMAND[Open config cable] execute successfully, takes 2.4 secs.
[Debug] [2025-10-16 16:24:32] Begin to send scan outer flash cmd...
[Debug] [2025-10-16 16:24:32] Send RPC:4
[Debug] [2025-10-16 16:24:32] Send cmd [Scan Outer SPI Flash:20300] OK
[Debug] [2025-10-16 16:24:32] End to send scan outer flash cmd.
[Debug] [2025-10-16 16:24:32] begin to exec scan jtag flash cmd...
[Debug] [2025-10-16 16:24:32] Begin to initialize JtagFlash for selected FPGA Device...
[Debug] [2025-10-16 16:24:32] Begin to update graphic item and tree item ...
[Debug] [2025-10-16 16:24:32] End to update graphic item and tree item ...
[Info] [2025-10-16 16:24:33] set OpenLastPath: D:/Desktop/video_class/camera_demo/FPGA_project/03_camera_pcie_capture_fmc/project/generate_bitstream/image_pcie_capture.sfc
[Debug] [2025-10-16 16:24:33] begin to check SFC File and Flash Device Read Mode.
[Debug] [2025-10-16 16:24:33] end to check SFC File and Flash Device Read Mode.
[Debug] [2025-10-16 16:24:33] Begin to update graphic item and tree item ...
[Debug] [2025-10-16 16:24:33] End to update graphic item and tree item ...
[Debug] [2025-10-16 16:24:33] End to initialize OuterFlash for selected FPGA Device...
[Debug] [2025-10-16 16:24:33] end to exec scan jtag flash cmd...
[Debug] [2025-10-16 16:24:33] COMMAND[Scan Outer SPI Flash] execute successfully, takes 1.4 secs.
[Debug] [2025-10-16 16:24:33] Log::Print : COMMAND[Scan Outer SPI Flash] execute successfully, takes 1.4 secs.
[Debug] [2025-10-16 16:24:34] begin to send promgram jtag flash cmd.
[Debug] [2025-10-16 16:24:34] begin to send jtag flash erase cmd
[Debug] [2025-10-16 16:24:34] Send RPC:5
[Debug] [2025-10-16 16:24:34] Begin to send embed flash erase data.
[Debug] [2025-10-16 16:24:34] Begin to send flash erase data.
[Debug] [2025-10-16 16:24:34] End to send flash erase data.
[Debug] [2025-10-16 16:24:34] End to send embed flash erase data.
[Debug] [2025-10-16 16:24:34] Send cmd [Erase Outer Flash:20302] OK
[Debug] [2025-10-16 16:24:34] Log::Print : The start address of operating flash is 0x0.
[Debug] [2025-10-16 16:24:35] The value of Progress is 1
[Debug] [2025-10-16 16:24:36] The value of Progress is 6
[Debug] [2025-10-16 16:24:36] The value of Progress is 10
[Debug] [2025-10-16 16:24:37] The value of Progress is 16
[Debug] [2025-10-16 16:24:37] The value of Progress is 20
[Debug] [2025-10-16 16:24:38] The value of Progress is 26
[Debug] [2025-10-16 16:24:38] The value of Progress is 30
[Debug] [2025-10-16 16:24:39] The value of Progress is 36
[Debug] [2025-10-16 16:24:39] The value of Progress is 40
[Debug] [2025-10-16 16:24:40] The value of Progress is 46
[Debug] [2025-10-16 16:24:40] The value of Progress is 50
[Debug] [2025-10-16 16:24:41] The value of Progress is 56
[Debug] [2025-10-16 16:24:41] The value of Progress is 60
[Debug] [2025-10-16 16:24:42] The value of Progress is 66
[Debug] [2025-10-16 16:24:42] The value of Progress is 70
[Debug] [2025-10-16 16:24:43] The value of Progress is 76
[Debug] [2025-10-16 16:24:43] The value of Progress is 80
[Debug] [2025-10-16 16:24:44] The value of Progress is 86
[Debug] [2025-10-16 16:24:44] The value of Progress is 90
[Debug] [2025-10-16 16:24:45] The value of Progress is 96
[Debug] [2025-10-16 16:24:45] The value of Progress is 100
[Debug] [2025-10-16 16:24:45] COMMAND[Erase Outer Flash] execute finish, takes 10.5 secs.
[Debug] [2025-10-16 16:24:45] end to send jtag flash erase cmd.
[Debug] [2025-10-16 16:24:45] Send RPC:6
[Debug] [2025-10-16 16:24:45] Begin to send jtag flash program data.
[Debug] [2025-10-16 16:24:45] Begin to send flash program data.
[Debug] [2025-10-16 16:24:45] End to send flash program data.
[Debug] [2025-10-16 16:24:45] End to send embed flash program data.
[Debug] [2025-10-16 16:24:45] Send cmd [Program Outer Flash:20301] OK
[Debug] [2025-10-16 16:24:45] Log::Print : COMMAND[Erase Outer Flash] execute finish, takes 10.5 secs.
[Debug] [2025-10-16 16:24:45] Log::Print : The start address of operating flash is 0x0.
[Debug] [2025-10-16 16:24:45] The value of Progress is 1
[Debug] [2025-10-16 16:24:47] The value of Progress is 6
[Debug] [2025-10-16 16:24:48] The value of Progress is 10
[Debug] [2025-10-16 16:24:50] The value of Progress is 15
[Debug] [2025-10-16 16:24:51] The value of Progress is 20
[Debug] [2025-10-16 16:24:53] The value of Progress is 25
[Debug] [2025-10-16 16:24:54] The value of Progress is 30
[Debug] [2025-10-16 16:24:56] The value of Progress is 35
[Debug] [2025-10-16 16:24:57] The value of Progress is 40
[Debug] [2025-10-16 16:24:59] The value of Progress is 45
[Debug] [2025-10-16 16:25:00] The value of Progress is 50
[Debug] [2025-10-16 16:25:02] The value of Progress is 55
[Debug] [2025-10-16 16:25:03] The value of Progress is 60
[Debug] [2025-10-16 16:25:05] The value of Progress is 65
[Debug] [2025-10-16 16:25:06] The value of Progress is 70
[Debug] [2025-10-16 16:25:08] The value of Progress is 75
[Debug] [2025-10-16 16:25:10] The value of Progress is 80
[Debug] [2025-10-16 16:25:11] The value of Progress is 85
[Debug] [2025-10-16 16:25:13] The value of Progress is 90
[Debug] [2025-10-16 16:25:14] The value of Progress is 95
[Debug] [2025-10-16 16:25:16] The value of Progress is 100
[Debug] [2025-10-16 16:25:16] COMMAND[Program Outer Flash] execute finish, takes 30.7 secs.
[Debug] [2025-10-16 16:25:16] begin to send jtag flash verify cmd
[Debug] [2025-10-16 16:25:16] Send RPC:7
[Debug] [2025-10-16 16:25:16] Begin to send embed flash verify data.
[Debug] [2025-10-16 16:25:16] Begin to send flash verify data.
[Debug] [2025-10-16 16:25:16] End to send flash verify data.
[Debug] [2025-10-16 16:25:16] End to send embed flash verify data.
[Debug] [2025-10-16 16:25:16] Send cmd [Verify Outer Flash:20303] OK
[Debug] [2025-10-16 16:25:16] Log::Print : COMMAND[Program Outer Flash] execute finish, takes 30.7 secs.
[Debug] [2025-10-16 16:25:16] Log::Print : The start address of operating flash is 0x0.
[Debug] [2025-10-16 16:25:16] The value of Progress is 1
[Debug] [2025-10-16 16:25:16] The value of Progress is 6
[Debug] [2025-10-16 16:25:16] The value of Progress is 10
[Debug] [2025-10-16 16:25:16] The value of Progress is 15
[Debug] [2025-10-16 16:25:16] The value of Progress is 20
[Debug] [2025-10-16 16:25:16] The value of Progress is 25
[Debug] [2025-10-16 16:25:17] The value of Progress is 30
[Debug] [2025-10-16 16:25:17] The value of Progress is 35
[Debug] [2025-10-16 16:25:17] The value of Progress is 40
[Debug] [2025-10-16 16:25:17] The value of Progress is 45
[Debug] [2025-10-16 16:25:17] The value of Progress is 50
[Debug] [2025-10-16 16:25:17] The value of Progress is 55
[Debug] [2025-10-16 16:25:17] The value of Progress is 60
[Debug] [2025-10-16 16:25:17] The value of Progress is 65
[Debug] [2025-10-16 16:25:17] The value of Progress is 70
[Debug] [2025-10-16 16:25:17] The value of Progress is 75
[Debug] [2025-10-16 16:25:17] The value of Progress is 80
[Debug] [2025-10-16 16:25:18] The value of Progress is 85
[Debug] [2025-10-16 16:25:18] The value of Progress is 90
[Debug] [2025-10-16 16:25:18] The value of Progress is 95
[Debug] [2025-10-16 16:25:18] The value of Progress is 100
[Debug] [2025-10-16 16:25:18] COMMAND[Verify Outer Flash] execute successfully, takes 2.3 secs.
[Debug] [2025-10-16 16:25:18] end to send jtag flash verify cmd
[Debug] [2025-10-16 16:25:18] end to send jtag flash program cmd.
[Debug] [2025-10-16 16:25:18] Log::Print : COMMAND[Verify Outer Flash] execute successfully, takes 2.3 secs.
[Debug] [2025-10-16 16:32:30] Begin to Converte file.
[Debug] [2025-10-16 16:32:30] End to Converte file.
[Debug] [2025-10-16 16:32:33] begin to parse sfc file.
[Debug] [2025-10-16 16:32:33] begin to get device info from CFG file...
[Debug] [2025-10-16 16:32:33] end to get device info from CFG file...
[Debug] [2025-10-16 16:32:33] begin to get device info from CFG file...
[Debug] [2025-10-16 16:32:33] end to get device info from CFG file...
[Debug] [2025-10-16 16:32:33] end to parse sfc file.
[Debug] [2025-10-16 16:32:33] Log::Print : The Start Address of bit file D:/Desktop/video_class/camera_demo/FPGA_project/03_camera_pcie_capture_fmc/project/generate_bitstream/image_pcie_capture.sbit: 0x0
[Debug] [2025-10-16 16:32:36] Begin to send scan outer flash cmd...
[Debug] [2025-10-16 16:32:36] Send RPC:8
[Debug] [2025-10-16 16:32:36] Send cmd [Scan Outer SPI Flash:20300] OK
[Debug] [2025-10-16 16:32:36] End to send scan outer flash cmd.
[Debug] [2025-10-16 16:32:36] begin to exec scan jtag flash cmd...
[Debug] [2025-10-16 16:32:36] Begin to initialize JtagFlash for selected FPGA Device...
[Debug] [2025-10-16 16:32:36] Begin to update graphic item and tree item ...
[Debug] [2025-10-16 16:32:36] End to update graphic item and tree item ...
[Info] [2025-10-16 16:32:39] set OpenLastPath: D:/Desktop/video_class/camera_demo/FPGA_project/03_camera_pcie_capture_fmc/project/generate_bitstream/image_pcie_capture.sfc
[Debug] [2025-10-16 16:32:39] begin to check SFC File and Flash Device Read Mode.
[Debug] [2025-10-16 16:32:39] end to check SFC File and Flash Device Read Mode.
[Debug] [2025-10-16 16:32:39] Begin to update graphic item and tree item ...
[Debug] [2025-10-16 16:32:39] End to update graphic item and tree item ...
[Debug] [2025-10-16 16:32:39] End to initialize OuterFlash for selected FPGA Device...
[Debug] [2025-10-16 16:32:39] end to exec scan jtag flash cmd...
[Debug] [2025-10-16 16:32:39] COMMAND[Scan Outer SPI Flash] execute successfully, takes 3.6 secs.
[Debug] [2025-10-16 16:32:39] Log::Print : COMMAND[Scan Outer SPI Flash] execute successfully, takes 3.6 secs.
[Debug] [2025-10-16 16:32:41] begin to send promgram jtag flash cmd.
[Debug] [2025-10-16 16:32:41] begin to send jtag flash erase cmd
[Debug] [2025-10-16 16:32:41] Send RPC:9
[Debug] [2025-10-16 16:32:41] Begin to send embed flash erase data.
[Debug] [2025-10-16 16:32:41] Begin to send flash erase data.
[Debug] [2025-10-16 16:32:41] End to send flash erase data.
[Debug] [2025-10-16 16:32:41] End to send embed flash erase data.
[Debug] [2025-10-16 16:32:41] Send cmd [Erase Outer Flash:20302] OK
[Debug] [2025-10-16 16:32:41] Log::Print : The start address of operating flash is 0x0.
[Debug] [2025-10-16 16:32:41] The value of Progress is 1
[Debug] [2025-10-16 16:32:43] The value of Progress is 6
[Debug] [2025-10-16 16:32:43] The value of Progress is 12
[Debug] [2025-10-16 16:32:44] The value of Progress is 16
[Debug] [2025-10-16 16:32:44] The value of Progress is 22
[Debug] [2025-10-16 16:32:45] The value of Progress is 25
[Debug] [2025-10-16 16:32:45] The value of Progress is 32
[Debug] [2025-10-16 16:32:45] The value of Progress is 35
[Debug] [2025-10-16 16:32:46] The value of Progress is 41
[Debug] [2025-10-16 16:32:47] The value of Progress is 45
[Debug] [2025-10-16 16:32:47] The value of Progress is 51
[Debug] [2025-10-16 16:32:48] The value of Progress is 58
[Debug] [2025-10-16 16:32:48] The value of Progress is 61
[Debug] [2025-10-16 16:32:49] The value of Progress is 67
[Debug] [2025-10-16 16:32:49] The value of Progress is 70
[Debug] [2025-10-16 16:32:50] The value of Progress is 77
[Debug] [2025-10-16 16:32:50] The value of Progress is 80
[Debug] [2025-10-16 16:32:51] The value of Progress is 87
[Debug] [2025-10-16 16:32:51] The value of Progress is 90
[Debug] [2025-10-16 16:32:52] The value of Progress is 96
[Debug] [2025-10-16 16:32:52] The value of Progress is 100
[Debug] [2025-10-16 16:32:52] COMMAND[Erase Outer Flash] execute finish, takes 10.8 secs.
[Debug] [2025-10-16 16:32:52] end to send jtag flash erase cmd.
[Debug] [2025-10-16 16:32:52] Send RPC:10
[Debug] [2025-10-16 16:32:52] Begin to send jtag flash program data.
[Debug] [2025-10-16 16:32:52] Begin to send flash program data.
[Debug] [2025-10-16 16:32:52] End to send flash program data.
[Debug] [2025-10-16 16:32:52] End to send embed flash program data.
[Debug] [2025-10-16 16:32:52] Send cmd [Program Outer Flash:20301] OK
[Debug] [2025-10-16 16:32:52] Log::Print : COMMAND[Erase Outer Flash] execute finish, takes 10.8 secs.
[Debug] [2025-10-16 16:32:52] Log::Print : The start address of operating flash is 0x0.
[Debug] [2025-10-16 16:32:52] The value of Progress is 1
[Debug] [2025-10-16 16:32:54] The value of Progress is 6
[Debug] [2025-10-16 16:32:55] The value of Progress is 10
[Debug] [2025-10-16 16:32:57] The value of Progress is 15
[Debug] [2025-10-16 16:32:58] The value of Progress is 20
[Debug] [2025-10-16 16:33:00] The value of Progress is 25
[Debug] [2025-10-16 16:33:02] The value of Progress is 30
[Debug] [2025-10-16 16:33:03] The value of Progress is 35
[Debug] [2025-10-16 16:33:05] The value of Progress is 40
[Debug] [2025-10-16 16:33:06] The value of Progress is 45
[Debug] [2025-10-16 16:33:08] The value of Progress is 50
[Debug] [2025-10-16 16:33:09] The value of Progress is 55
[Debug] [2025-10-16 16:33:11] The value of Progress is 60
[Debug] [2025-10-16 16:33:12] The value of Progress is 65
[Debug] [2025-10-16 16:33:14] The value of Progress is 70
[Debug] [2025-10-16 16:33:16] The value of Progress is 75
[Debug] [2025-10-16 16:33:17] The value of Progress is 80
[Debug] [2025-10-16 16:33:19] The value of Progress is 85
[Debug] [2025-10-16 16:33:20] The value of Progress is 90
[Debug] [2025-10-16 16:33:22] The value of Progress is 95
[Debug] [2025-10-16 16:33:23] The value of Progress is 100
[Debug] [2025-10-16 16:33:24] COMMAND[Program Outer Flash] execute finish, takes 31.5 secs.
[Debug] [2025-10-16 16:33:24] begin to send jtag flash verify cmd
[Debug] [2025-10-16 16:33:24] Send RPC:11
[Debug] [2025-10-16 16:33:24] Begin to send embed flash verify data.
[Debug] [2025-10-16 16:33:24] Begin to send flash verify data.
[Debug] [2025-10-16 16:33:24] End to send flash verify data.
[Debug] [2025-10-16 16:33:24] End to send embed flash verify data.
[Debug] [2025-10-16 16:33:24] Send cmd [Verify Outer Flash:20303] OK
[Debug] [2025-10-16 16:33:24] Log::Print : COMMAND[Program Outer Flash] execute finish, takes 31.5 secs.
[Debug] [2025-10-16 16:33:24] Log::Print : The start address of operating flash is 0x0.
[Debug] [2025-10-16 16:33:24] The value of Progress is 1
[Debug] [2025-10-16 16:33:24] The value of Progress is 6
[Debug] [2025-10-16 16:33:24] The value of Progress is 10
[Debug] [2025-10-16 16:33:24] The value of Progress is 15
[Debug] [2025-10-16 16:33:24] The value of Progress is 20
[Debug] [2025-10-16 16:33:24] The value of Progress is 25
[Debug] [2025-10-16 16:33:24] The value of Progress is 30
[Debug] [2025-10-16 16:33:24] The value of Progress is 35
[Debug] [2025-10-16 16:33:25] The value of Progress is 40
[Debug] [2025-10-16 16:33:25] The value of Progress is 45
[Debug] [2025-10-16 16:33:25] The value of Progress is 50
[Debug] [2025-10-16 16:33:25] The value of Progress is 55
[Debug] [2025-10-16 16:33:25] The value of Progress is 60
[Debug] [2025-10-16 16:33:25] The value of Progress is 65
[Debug] [2025-10-16 16:33:25] The value of Progress is 70
[Debug] [2025-10-16 16:33:25] The value of Progress is 75
[Debug] [2025-10-16 16:33:25] The value of Progress is 80
[Debug] [2025-10-16 16:33:25] The value of Progress is 85
[Debug] [2025-10-16 16:33:25] The value of Progress is 90
[Debug] [2025-10-16 16:33:26] The value of Progress is 95
[Debug] [2025-10-16 16:33:26] The value of Progress is 100
[Debug] [2025-10-16 16:33:26] COMMAND[Verify Outer Flash] execute successfully, takes 2.2 secs.
[Debug] [2025-10-16 16:33:26] end to send jtag flash verify cmd
[Debug] [2025-10-16 16:33:26] end to send jtag flash program cmd.
[Debug] [2025-10-16 16:33:26] Log::Print : COMMAND[Verify Outer Flash] execute successfully, takes 2.2 secs.
[Info] [2025-10-16 16:47:35] /***************************End Configration***************************/
[Info] [2025-10-16 17:22:13] /***************************Start Configuration***************************/
[Info] [2025-10-16 17:22:13] Path: C:/pango/PDS_2022.2-SP6.4/bin
[Info] [2025-10-16 17:22:13] Version: 146967
[Info] [2025-10-16 17:22:14] Current Path: D:/Desktop/video_class/camera_demo/FPGA_project/04_camera_pcie_capture_40pin/project
[Info] [2025-10-16 17:22:14] PDS Dir Path: D:/Desktop/video_class/camera_demo/FPGA_project/04_camera_pcie_capture_40pin/project
[Info] [2025-10-16 17:22:21] Configuration is not connect with server. connect first then scan chain.
[Debug] [2025-10-16 17:22:21] Client Local host name:LAPTOP-EA3TT0M1
[Debug] [2025-10-16 17:22:21] Client Local Address:10.104.21.106
[Debug] [2025-10-16 17:22:21] Server Address:127.0.0.1, Port:65420
[Debug] [2025-10-16 17:22:21] Log::Print : Connecting to server[127.0.0.1 : 65420].
[Info] [2025-10-16 17:22:21] Connect OK, Server: 127.0.0.1  Port: 65420
[Debug] [2025-10-16 17:22:21] Finish.
[Info] [2025-10-16 17:22:21] Connect server succeeded
[Debug] [2025-10-16 17:22:21] Send RPC:1
[Debug] [2025-10-16 17:22:21] Send cmd [check version information:40004] OK
[Debug] [2025-10-16 17:22:21] Log::Print : Connect to server[127.0.0.1 : 65420] successfully.
[Debug] [2025-10-16 17:22:22] Send RPC:2
[Debug] [2025-10-16 17:22:22] Send cmd [get_cable_paras:40010] OK
[Debug] [2025-10-16 17:22:22] Begin to send initialize chain cmd...
[Debug] [2025-10-16 17:22:22] Send RPC:3
[Debug] [2025-10-16 17:22:22] Send cmd [Open config cable:20001] OK
[Debug] [2025-10-16 17:22:22] End to send initialize chain cmd.
[Debug] [2025-10-16 17:22:22] COMMAND[check version information] execute successfully, takes 0.5 secs.
[Debug] [2025-10-16 17:22:22] Log::Print : COMMAND[check version information] execute successfully, takes 0.5 secs.
[Debug] [2025-10-16 17:22:23] COMMAND[get_cable_paras] execute successfully, takes 1.2 secs.
[Debug] [2025-10-16 17:22:23] Log::Print : The cable List : 
Cable index 0:USB Cable II/fffffffffffffffe 

[Debug] [2025-10-16 17:22:23] Log::Print : COMMAND[get_cable_paras] execute successfully, takes 1.2 secs.
[Debug] [2025-10-16 17:22:24] begin the exec of open cable cmd...
[Debug] [2025-10-16 17:22:24] Begin to deal with chain from server...
[Debug] [2025-10-16 17:22:24] Begin to set user chain...
[Debug] [2025-10-16 17:22:24] End to set user chain.
[Debug] [2025-10-16 17:22:24] Begin to update graphic item and tree item ...
[Debug] [2025-10-16 17:22:24] End to update graphic item and tree item ...
[Debug] [2025-10-16 17:22:24] Log::Print : PANGO USB CABLE II cable driver: D2XX DLL
[Debug] [2025-10-16 17:22:24] Log::Print : PG2L50H
[Debug] [2025-10-16 17:22:24] Log::Print : This device configure situation (done bit): 1
[Info] [2025-10-16 17:22:25] set OpenLastPath: D:/Desktop/video_class/camera_demo/FPGA_project/04_camera_pcie_capture_40pin/project/generate_bitstream/image_pcie_capture.sbit
[Debug] [2025-10-16 17:22:25] begin to get device info from CFG file...
[Debug] [2025-10-16 17:22:25] end to get device info from CFG file...
[Debug] [2025-10-16 17:22:25] Begin to update graphic item and tree item ...
[Debug] [2025-10-16 17:22:25] End to update graphic item and tree item ...
[Debug] [2025-10-16 17:22:25] Begin to update graphic item and tree item ...
[Debug] [2025-10-16 17:22:25] End to update graphic item and tree item ...
[Debug] [2025-10-16 17:22:25] End to deal wiht chain from server.
[Debug] [2025-10-16 17:22:25] end the exec of open cable cmd.
[Debug] [2025-10-16 17:22:25] COMMAND[Open config cable] execute successfully, takes 2.8 secs.
[Debug] [2025-10-16 17:22:25] Log::Print : COMMAND[Open config cable] execute successfully, takes 2.8 secs.
[Debug] [2025-10-16 17:22:28] Begin to Converte file.
[Debug] [2025-10-16 17:22:34] begin to parse sfc file.
[Debug] [2025-10-16 17:22:34] begin to get device info from CFG file...
[Debug] [2025-10-16 17:22:34] end to get device info from CFG file...
[Debug] [2025-10-16 17:22:34] begin to get device info from CFG file...
[Debug] [2025-10-16 17:22:34] end to get device info from CFG file...
[Debug] [2025-10-16 17:22:34] end to parse sfc file.
[Debug] [2025-10-16 17:22:34] Log::Print : The Start Address of bit file D:/Desktop/video_class/camera_demo/FPGA_project/04_camera_pcie_capture_40pin/project/generate_bitstream/image_pcie_capture.sbit: 0x0
[Debug] [2025-10-16 17:22:36] End to Converte file.
[Debug] [2025-10-16 17:23:12] Begin to Converte file.
[Debug] [2025-10-16 17:23:12] End to Converte file.
[Debug] [2025-10-16 17:23:59] Begin to operate flash.
[Debug] [2025-10-16 17:23:59] End to operate flash.
[Debug] [2025-10-16 17:24:03] Begin to Converte file.
[Debug] [2025-10-16 17:24:03] End to Converte file.
[Debug] [2025-10-16 17:24:05] begin to parse sfc file.
[Debug] [2025-10-16 17:24:05] begin to get device info from CFG file...
[Debug] [2025-10-16 17:24:05] end to get device info from CFG file...
[Debug] [2025-10-16 17:24:05] begin to get device info from CFG file...
[Debug] [2025-10-16 17:24:05] end to get device info from CFG file...
[Debug] [2025-10-16 17:24:05] end to parse sfc file.
[Debug] [2025-10-16 17:24:05] Log::Print : The Start Address of bit file D:/Desktop/video_class/camera_demo/FPGA_project/04_camera_pcie_capture_40pin/project/generate_bitstream/image_pcie_capture.sbit: 0x0
[Debug] [2025-10-16 17:24:07] Begin to send scan outer flash cmd...
[Debug] [2025-10-16 17:24:07] Send RPC:4
[Debug] [2025-10-16 17:24:07] Send cmd [Scan Outer SPI Flash:20300] OK
[Debug] [2025-10-16 17:24:07] End to send scan outer flash cmd.
[Debug] [2025-10-16 17:24:08] begin to exec scan jtag flash cmd...
[Debug] [2025-10-16 17:24:08] Begin to initialize JtagFlash for selected FPGA Device...
[Debug] [2025-10-16 17:24:08] Begin to update graphic item and tree item ...
[Debug] [2025-10-16 17:24:08] End to update graphic item and tree item ...
[Info] [2025-10-16 17:24:09] set OpenLastPath: D:/Desktop/video_class/camera_demo/FPGA_project/04_camera_pcie_capture_40pin/project/generate_bitstream/image_pcie_capture.sfc
[Debug] [2025-10-16 17:24:09] begin to check SFC File and Flash Device Read Mode.
[Debug] [2025-10-16 17:24:09] end to check SFC File and Flash Device Read Mode.
[Debug] [2025-10-16 17:24:09] Begin to update graphic item and tree item ...
[Debug] [2025-10-16 17:24:09] End to update graphic item and tree item ...
[Debug] [2025-10-16 17:24:09] End to initialize OuterFlash for selected FPGA Device...
[Debug] [2025-10-16 17:24:09] end to exec scan jtag flash cmd...
[Debug] [2025-10-16 17:24:09] COMMAND[Scan Outer SPI Flash] execute successfully, takes 1.2 secs.
[Debug] [2025-10-16 17:24:09] Log::Print : COMMAND[Scan Outer SPI Flash] execute successfully, takes 1.2 secs.
[Debug] [2025-10-16 17:24:10] begin to send promgram jtag flash cmd.
[Debug] [2025-10-16 17:24:10] begin to send jtag flash erase cmd
[Debug] [2025-10-16 17:24:10] Send RPC:5
[Debug] [2025-10-16 17:24:10] Begin to send embed flash erase data.
[Debug] [2025-10-16 17:24:10] Begin to send flash erase data.
[Debug] [2025-10-16 17:24:10] End to send flash erase data.
[Debug] [2025-10-16 17:24:10] End to send embed flash erase data.
[Debug] [2025-10-16 17:24:10] Send cmd [Erase Outer Flash:20302] OK
[Debug] [2025-10-16 17:24:10] Log::Print : The start address of operating flash is 0x0.
[Debug] [2025-10-16 17:24:10] The value of Progress is 1
[Debug] [2025-10-16 17:24:11] The value of Progress is 7
[Debug] [2025-10-16 17:24:11] The value of Progress is 10
[Debug] [2025-10-16 17:24:12] The value of Progress is 17
[Debug] [2025-10-16 17:24:12] The value of Progress is 21
[Debug] [2025-10-16 17:24:13] The value of Progress is 25
[Debug] [2025-10-16 17:24:13] The value of Progress is 32
[Debug] [2025-10-16 17:24:14] The value of Progress is 35
[Debug] [2025-10-16 17:24:14] The value of Progress is 42
[Debug] [2025-10-16 17:24:15] The value of Progress is 46
[Debug] [2025-10-16 17:24:15] The value of Progress is 50
[Debug] [2025-10-16 17:24:16] The value of Progress is 57
[Debug] [2025-10-16 17:24:16] The value of Progress is 60
[Debug] [2025-10-16 17:24:17] The value of Progress is 67
[Debug] [2025-10-16 17:24:17] The value of Progress is 71
[Debug] [2025-10-16 17:24:17] The value of Progress is 75
[Debug] [2025-10-16 17:24:18] The value of Progress is 82
[Debug] [2025-10-16 17:24:18] The value of Progress is 85
[Debug] [2025-10-16 17:24:19] The value of Progress is 92
[Debug] [2025-10-16 17:24:19] The value of Progress is 96
[Debug] [2025-10-16 17:24:19] The value of Progress is 100
[Debug] [2025-10-16 17:24:19] COMMAND[Erase Outer Flash] execute finish, takes 9.7 secs.
[Debug] [2025-10-16 17:24:19] end to send jtag flash erase cmd.
[Debug] [2025-10-16 17:24:19] Send RPC:6
[Debug] [2025-10-16 17:24:19] Begin to send jtag flash program data.
[Debug] [2025-10-16 17:24:19] Begin to send flash program data.
[Debug] [2025-10-16 17:24:19] End to send flash program data.
[Debug] [2025-10-16 17:24:19] End to send embed flash program data.
[Debug] [2025-10-16 17:24:19] Send cmd [Program Outer Flash:20301] OK
[Debug] [2025-10-16 17:24:19] Log::Print : COMMAND[Erase Outer Flash] execute finish, takes 9.7 secs.
[Debug] [2025-10-16 17:24:19] Log::Print : The start address of operating flash is 0x0.
[Debug] [2025-10-16 17:24:20] The value of Progress is 1
[Debug] [2025-10-16 17:24:21] The value of Progress is 6
[Debug] [2025-10-16 17:24:22] The value of Progress is 10
[Debug] [2025-10-16 17:24:24] The value of Progress is 15
[Debug] [2025-10-16 17:24:25] The value of Progress is 20
[Debug] [2025-10-16 17:24:27] The value of Progress is 25
[Debug] [2025-10-16 17:24:28] The value of Progress is 30
[Debug] [2025-10-16 17:24:30] The value of Progress is 35
[Debug] [2025-10-16 17:24:31] The value of Progress is 40
[Debug] [2025-10-16 17:24:33] The value of Progress is 45
[Debug] [2025-10-16 17:24:34] The value of Progress is 50
[Debug] [2025-10-16 17:24:35] The value of Progress is 55
[Debug] [2025-10-16 17:24:37] The value of Progress is 60
[Debug] [2025-10-16 17:24:38] The value of Progress is 65
[Debug] [2025-10-16 17:24:40] The value of Progress is 70
[Debug] [2025-10-16 17:24:41] The value of Progress is 75
[Debug] [2025-10-16 17:24:42] The value of Progress is 80
[Debug] [2025-10-16 17:24:44] The value of Progress is 85
[Debug] [2025-10-16 17:24:45] The value of Progress is 90
[Debug] [2025-10-16 17:24:47] The value of Progress is 95
[Debug] [2025-10-16 17:24:48] The value of Progress is 100
[Debug] [2025-10-16 17:24:48] COMMAND[Program Outer Flash] execute finish, takes 28.9 secs.
[Debug] [2025-10-16 17:24:48] begin to send jtag flash verify cmd
[Debug] [2025-10-16 17:24:48] Send RPC:7
[Debug] [2025-10-16 17:24:48] Begin to send embed flash verify data.
[Debug] [2025-10-16 17:24:48] Begin to send flash verify data.
[Debug] [2025-10-16 17:24:48] End to send flash verify data.
[Debug] [2025-10-16 17:24:48] End to send embed flash verify data.
[Debug] [2025-10-16 17:24:48] Send cmd [Verify Outer Flash:20303] OK
[Debug] [2025-10-16 17:24:48] Log::Print : COMMAND[Program Outer Flash] execute finish, takes 28.9 secs.
[Debug] [2025-10-16 17:24:48] Log::Print : The start address of operating flash is 0x0.
[Debug] [2025-10-16 17:24:48] The value of Progress is 1
[Debug] [2025-10-16 17:24:49] The value of Progress is 6
[Debug] [2025-10-16 17:24:49] The value of Progress is 10
[Debug] [2025-10-16 17:24:49] The value of Progress is 15
[Debug] [2025-10-16 17:24:49] The value of Progress is 20
[Debug] [2025-10-16 17:24:49] The value of Progress is 25
[Debug] [2025-10-16 17:24:49] The value of Progress is 30
[Debug] [2025-10-16 17:24:49] The value of Progress is 35
[Debug] [2025-10-16 17:24:49] The value of Progress is 40
[Debug] [2025-10-16 17:24:49] The value of Progress is 45
[Debug] [2025-10-16 17:24:49] The value of Progress is 50
[Debug] [2025-10-16 17:24:49] The value of Progress is 55
[Debug] [2025-10-16 17:24:50] The value of Progress is 60
[Debug] [2025-10-16 17:24:50] The value of Progress is 65
[Debug] [2025-10-16 17:24:50] The value of Progress is 70
[Debug] [2025-10-16 17:24:50] The value of Progress is 75
[Debug] [2025-10-16 17:24:50] The value of Progress is 80
[Debug] [2025-10-16 17:24:50] The value of Progress is 85
[Debug] [2025-10-16 17:24:50] The value of Progress is 90
[Debug] [2025-10-16 17:24:50] The value of Progress is 95
[Debug] [2025-10-16 17:24:50] The value of Progress is 100
[Debug] [2025-10-16 17:24:51] COMMAND[Verify Outer Flash] execute successfully, takes 2.2 secs.
[Debug] [2025-10-16 17:24:51] end to send jtag flash verify cmd
[Debug] [2025-10-16 17:24:51] end to send jtag flash program cmd.
[Debug] [2025-10-16 17:24:51] Log::Print : COMMAND[Verify Outer Flash] execute successfully, takes 2.2 secs.
[Debug] [2025-10-16 18:14:05] Begin to Converte file.
[Debug] [2025-10-16 18:14:05] End to Converte file.
[Debug] [2025-10-16 18:14:09] begin to parse sfc file.
[Debug] [2025-10-16 18:14:09] begin to get device info from CFG file...
[Debug] [2025-10-16 18:14:09] end to get device info from CFG file...
[Debug] [2025-10-16 18:14:09] begin to get device info from CFG file...
[Debug] [2025-10-16 18:14:09] end to get device info from CFG file...
[Debug] [2025-10-16 18:14:09] end to parse sfc file.
[Debug] [2025-10-16 18:14:09] Log::Print : The Start Address of bit file D:/Desktop/video_class/camera_demo/FPGA_project/04_camera_pcie_capture_40pin/project/generate_bitstream/image_pcie_capture.sbit: 0x0
[Debug] [2025-10-16 18:14:12] begin to send promgram jtag flash cmd.
[Debug] [2025-10-16 18:14:12] begin to send jtag flash erase cmd
[Debug] [2025-10-16 18:14:12] Send RPC:8
[Debug] [2025-10-16 18:14:12] Begin to send embed flash erase data.
[Debug] [2025-10-16 18:14:12] Begin to send flash erase data.
[Debug] [2025-10-16 18:14:12] End to send flash erase data.
[Debug] [2025-10-16 18:14:12] End to send embed flash erase data.
[Debug] [2025-10-16 18:14:12] Send cmd [Erase Outer Flash:20302] OK
[Debug] [2025-10-16 18:14:12] Log::Print : The start address of operating flash is 0x0.
[Debug] [2025-10-16 18:14:12] The value of Progress is 1
[Debug] [2025-10-16 18:14:14] The value of Progress is 7
[Debug] [2025-10-16 18:14:14] The value of Progress is 10
[Debug] [2025-10-16 18:14:15] The value of Progress is 17
[Debug] [2025-10-16 18:14:15] The value of Progress is 21
[Debug] [2025-10-16 18:14:15] The value of Progress is 25
[Debug] [2025-10-16 18:14:16] The value of Progress is 32
[Debug] [2025-10-16 18:14:16] The value of Progress is 35
[Debug] [2025-10-16 18:14:17] The value of Progress is 42
[Debug] [2025-10-16 18:14:18] The value of Progress is 46
[Debug] [2025-10-16 18:14:18] The value of Progress is 50
[Debug] [2025-10-16 18:14:19] The value of Progress is 57
[Debug] [2025-10-16 18:14:19] The value of Progress is 60
[Debug] [2025-10-16 18:14:20] The value of Progress is 67
[Debug] [2025-10-16 18:14:20] The value of Progress is 71
[Debug] [2025-10-16 18:14:20] The value of Progress is 75
[Debug] [2025-10-16 18:14:21] The value of Progress is 82
[Debug] [2025-10-16 18:14:21] The value of Progress is 85
[Debug] [2025-10-16 18:14:22] The value of Progress is 92
[Debug] [2025-10-16 18:14:22] The value of Progress is 96
[Debug] [2025-10-16 18:14:22] The value of Progress is 100
[Debug] [2025-10-16 18:14:22] COMMAND[Erase Outer Flash] execute finish, takes 10.3 secs.
[Debug] [2025-10-16 18:14:22] end to send jtag flash erase cmd.
[Debug] [2025-10-16 18:14:22] Send RPC:9
[Debug] [2025-10-16 18:14:22] Begin to send jtag flash program data.
[Debug] [2025-10-16 18:14:22] Begin to send flash program data.
[Debug] [2025-10-16 18:14:22] End to send flash program data.
[Debug] [2025-10-16 18:14:22] End to send embed flash program data.
[Debug] [2025-10-16 18:14:22] Send cmd [Program Outer Flash:20301] OK
[Debug] [2025-10-16 18:14:22] Log::Print : COMMAND[Erase Outer Flash] execute finish, takes 10.3 secs.
[Debug] [2025-10-16 18:14:22] Log::Print : The start address of operating flash is 0x0.
[Debug] [2025-10-16 18:14:23] The value of Progress is 1
[Debug] [2025-10-16 18:14:24] The value of Progress is 6
[Debug] [2025-10-16 18:14:25] The value of Progress is 10
[Debug] [2025-10-16 18:14:27] The value of Progress is 15
[Debug] [2025-10-16 18:14:28] The value of Progress is 20
[Debug] [2025-10-16 18:14:30] The value of Progress is 25
[Debug] [2025-10-16 18:14:31] The value of Progress is 30
[Debug] [2025-10-16 18:14:33] The value of Progress is 35
[Debug] [2025-10-16 18:14:34] The value of Progress is 40
[Debug] [2025-10-16 18:14:35] The value of Progress is 45
[Debug] [2025-10-16 18:14:37] The value of Progress is 50
[Debug] [2025-10-16 18:14:38] The value of Progress is 55
[Debug] [2025-10-16 18:14:40] The value of Progress is 60
[Debug] [2025-10-16 18:14:41] The value of Progress is 65
[Debug] [2025-10-16 18:14:42] The value of Progress is 70
[Debug] [2025-10-16 18:14:44] The value of Progress is 75
[Debug] [2025-10-16 18:14:45] The value of Progress is 80
[Debug] [2025-10-16 18:14:47] The value of Progress is 85
[Debug] [2025-10-16 18:14:48] The value of Progress is 90
[Debug] [2025-10-16 18:14:50] The value of Progress is 95
[Debug] [2025-10-16 18:14:51] The value of Progress is 100
[Debug] [2025-10-16 18:14:51] COMMAND[Program Outer Flash] execute finish, takes 28.9 secs.
[Debug] [2025-10-16 18:14:51] begin to send jtag flash verify cmd
[Debug] [2025-10-16 18:14:51] Send RPC:10
[Debug] [2025-10-16 18:14:51] Begin to send embed flash verify data.
[Debug] [2025-10-16 18:14:51] Begin to send flash verify data.
[Debug] [2025-10-16 18:14:51] End to send flash verify data.
[Debug] [2025-10-16 18:14:51] End to send embed flash verify data.
[Debug] [2025-10-16 18:14:51] Send cmd [Verify Outer Flash:20303] OK
[Debug] [2025-10-16 18:14:51] Log::Print : COMMAND[Program Outer Flash] execute finish, takes 28.9 secs.
[Debug] [2025-10-16 18:14:51] Log::Print : The start address of operating flash is 0x0.
[Debug] [2025-10-16 18:14:51] The value of Progress is 1
[Debug] [2025-10-16 18:14:52] The value of Progress is 6
[Debug] [2025-10-16 18:14:52] The value of Progress is 10
[Debug] [2025-10-16 18:14:52] The value of Progress is 15
[Debug] [2025-10-16 18:14:52] The value of Progress is 20
[Debug] [2025-10-16 18:14:52] The value of Progress is 25
[Debug] [2025-10-16 18:14:52] The value of Progress is 30
[Debug] [2025-10-16 18:14:52] The value of Progress is 35
[Debug] [2025-10-16 18:14:52] The value of Progress is 40
[Debug] [2025-10-16 18:14:52] The value of Progress is 45
[Debug] [2025-10-16 18:14:52] The value of Progress is 50
[Debug] [2025-10-16 18:14:53] The value of Progress is 55
[Debug] [2025-10-16 18:14:53] The value of Progress is 60
[Debug] [2025-10-16 18:14:53] The value of Progress is 65
[Debug] [2025-10-16 18:14:53] The value of Progress is 70
[Debug] [2025-10-16 18:14:53] The value of Progress is 75
[Debug] [2025-10-16 18:14:53] The value of Progress is 80
[Debug] [2025-10-16 18:14:53] The value of Progress is 85
[Debug] [2025-10-16 18:14:53] The value of Progress is 90
[Debug] [2025-10-16 18:14:53] The value of Progress is 95
[Debug] [2025-10-16 18:14:53] The value of Progress is 100
[Debug] [2025-10-16 18:14:54] COMMAND[Verify Outer Flash] execute successfully, takes 2.3 secs.
[Debug] [2025-10-16 18:14:54] end to send jtag flash verify cmd
[Debug] [2025-10-16 18:14:54] end to send jtag flash program cmd.
[Debug] [2025-10-16 18:14:54] Log::Print : COMMAND[Verify Outer Flash] execute successfully, takes 2.3 secs.
[Error] [2025-10-16 21:06:26] Server close connect
[Info] [2025-10-16 21:06:26] Disconnect from Server: 127.0.0.1  Port: 65420
[Warn] [2025-10-16 21:06:26] Server is disconnected
[Debug] [2025-10-16 21:06:26] end to connect server
[Debug] [2025-10-16 21:06:26] Server close connect process finish
[Debug] [2025-10-16 21:06:26] Begin to delete graphic item and tree item ...
[Debug] [2025-10-16 21:06:26] Begin to remove all device in BS mode...
[Debug] [2025-10-16 21:06:26] begin remove user device...
[Debug] [2025-10-16 21:06:26] begin remove user device...
[Debug] [2025-10-16 21:06:26] end remove user device.
[Debug] [2025-10-16 21:06:26] Begin to update graphic item and tree item ...
[Debug] [2025-10-16 21:06:26] End to update graphic item and tree item ...
[Debug] [2025-10-16 21:06:26] end remove user device.
[Debug] [2025-10-16 21:06:26] End to remove devices in BS mode...
[Debug] [2025-10-16 21:06:26] Begin to update graphic item and tree item ...
[Debug] [2025-10-16 21:06:26] End to update graphic item and tree item ...
[Debug] [2025-10-16 21:06:26] End to delete graphic item and tree item ...
[Error] [2025-10-16 21:06:27] MsgOut: CdtCommon-0402: Fail to connect to server. 
[Debug] [2025-10-16 21:06:27] Log::Print : Server is disconnect
[Info] [2025-10-17 11:11:44] /***************************Start Configuration***************************/
[Info] [2025-10-17 11:11:44] Path: C:/pango/PDS_2022.2-SP6.4/bin
[Info] [2025-10-17 11:11:44] Version: 146967
[Info] [2025-10-17 11:11:45] Current Path: D:/Desktop/video_class/camera_demo/FPGA_project/04_camera_pcie_capture_40pin/project
[Info] [2025-10-17 11:11:45] PDS Dir Path: D:/Desktop/video_class/camera_demo/FPGA_project/04_camera_pcie_capture_40pin/project
[Info] [2025-10-17 11:11:47] Configuration is not connect with server. connect first then scan chain.
[Debug] [2025-10-17 11:11:47] Client Local host name:LAPTOP-EA3TT0M1
[Debug] [2025-10-17 11:11:47] Client Local Address:192.168.1.105
[Debug] [2025-10-17 11:11:47] Client Local Address:10.104.21.106
[Debug] [2025-10-17 11:11:47] Server Address:127.0.0.1, Port:65420
[Debug] [2025-10-17 11:11:47] Log::Print : Connecting to server[127.0.0.1 : 65420].
[Info] [2025-10-17 11:11:47] Connect OK, Server: 127.0.0.1  Port: 65420
[Debug] [2025-10-17 11:11:47] Finish.
[Info] [2025-10-17 11:11:47] Connect server succeeded
[Debug] [2025-10-17 11:11:47] Send RPC:1
[Debug] [2025-10-17 11:11:47] Send cmd [check version information:40004] OK
[Debug] [2025-10-17 11:11:47] Send RPC:2
[Debug] [2025-10-17 11:11:47] Send cmd [get_cable_paras:40010] OK
[Debug] [2025-10-17 11:11:47] Begin to send initialize chain cmd...
[Debug] [2025-10-17 11:11:47] Send RPC:3
[Debug] [2025-10-17 11:11:47] Send cmd [Open config cable:20001] OK
[Debug] [2025-10-17 11:11:47] End to send initialize chain cmd.
[Debug] [2025-10-17 11:11:47] COMMAND[check version information] execute successfully, takes 0.0 secs.
[Debug] [2025-10-17 11:11:47] Log::Print : Connect to server[127.0.0.1 : 65420] successfully.
[Debug] [2025-10-17 11:11:47] Log::Print : COMMAND[check version information] execute successfully, takes 0.0 secs.
[Debug] [2025-10-17 11:11:48] COMMAND[get_cable_paras] execute successfully, takes 1.3 secs.
[Debug] [2025-10-17 11:11:48] Log::Print : The cable List : 
Cable index 0:USB Cable II/fffffffffffffffe 

[Debug] [2025-10-17 11:11:48] Log::Print : COMMAND[get_cable_paras] execute successfully, takes 1.3 secs.
[Debug] [2025-10-17 11:11:48] begin the exec of open cable cmd...
[Debug] [2025-10-17 11:11:48] Begin to deal with chain from server...
[Debug] [2025-10-17 11:11:48] Begin to set user chain...
[Debug] [2025-10-17 11:11:48] End to set user chain.
[Debug] [2025-10-17 11:11:48] Begin to update graphic item and tree item ...
[Debug] [2025-10-17 11:11:48] End to update graphic item and tree item ...
[Debug] [2025-10-17 11:11:48] Log::Print : PANGO USB CABLE II cable driver: D2XX DLL
[Debug] [2025-10-17 11:11:48] Log::Print : PG2L50H
[Debug] [2025-10-17 11:11:48] Log::Print : This device configure situation (done bit): 1
[Info] [2025-10-17 11:11:50] set OpenLastPath: D:/Desktop/video_class/camera_demo/FPGA_project/04_camera_pcie_capture_40pin/project/generate_bitstream/image_pcie_capture.sbit
[Debug] [2025-10-17 11:11:50] begin to get device info from CFG file...
[Debug] [2025-10-17 11:11:50] end to get device info from CFG file...
[Debug] [2025-10-17 11:11:50] Begin to update graphic item and tree item ...
[Debug] [2025-10-17 11:11:50] End to update graphic item and tree item ...
[Debug] [2025-10-17 11:11:50] Begin to update graphic item and tree item ...
[Debug] [2025-10-17 11:11:50] End to update graphic item and tree item ...
[Debug] [2025-10-17 11:11:50] End to deal wiht chain from server.
[Debug] [2025-10-17 11:11:50] end the exec of open cable cmd.
[Debug] [2025-10-17 11:11:50] COMMAND[Open config cable] execute successfully, takes 2.9 secs.
[Debug] [2025-10-17 11:11:50] Log::Print : COMMAND[Open config cable] execute successfully, takes 2.9 secs.
[Debug] [2025-10-17 11:11:51] Begin to Converte file.
[Debug] [2025-10-17 11:11:58] begin to parse sfc file.
[Debug] [2025-10-17 11:11:58] begin to get device info from CFG file...
[Debug] [2025-10-17 11:11:58] end to get device info from CFG file...
[Debug] [2025-10-17 11:11:58] begin to get device info from CFG file...
[Debug] [2025-10-17 11:11:58] end to get device info from CFG file...
[Debug] [2025-10-17 11:11:58] end to parse sfc file.
[Debug] [2025-10-17 11:11:58] Log::Print : The Start Address of bit file D:/Desktop/video_class/camera_demo/FPGA_project/04_camera_pcie_capture_40pin/project/generate_bitstream/image_pcie_capture.sbit: 0x0
[Debug] [2025-10-17 11:11:58] End to Converte file.
[Debug] [2025-10-17 11:12:01] Begin to send scan outer flash cmd...
[Debug] [2025-10-17 11:12:01] Send RPC:4
[Debug] [2025-10-17 11:12:01] Send cmd [Scan Outer SPI Flash:20300] OK
[Debug] [2025-10-17 11:12:01] End to send scan outer flash cmd.
[Debug] [2025-10-17 11:12:01] begin to exec scan jtag flash cmd...
[Debug] [2025-10-17 11:12:01] Begin to initialize JtagFlash for selected FPGA Device...
[Debug] [2025-10-17 11:12:01] Begin to update graphic item and tree item ...
[Debug] [2025-10-17 11:12:01] End to update graphic item and tree item ...
[Info] [2025-10-17 11:12:03] set OpenLastPath: D:/Desktop/video_class/camera_demo/FPGA_project/04_camera_pcie_capture_40pin/project/generate_bitstream/image_pcie_capture.sfc
[Debug] [2025-10-17 11:12:03] begin to check SFC File and Flash Device Read Mode.
[Debug] [2025-10-17 11:12:03] end to check SFC File and Flash Device Read Mode.
[Debug] [2025-10-17 11:12:03] Begin to update graphic item and tree item ...
[Debug] [2025-10-17 11:12:03] End to update graphic item and tree item ...
[Debug] [2025-10-17 11:12:03] End to initialize OuterFlash for selected FPGA Device...
[Debug] [2025-10-17 11:12:03] end to exec scan jtag flash cmd...
[Debug] [2025-10-17 11:12:03] COMMAND[Scan Outer SPI Flash] execute successfully, takes 1.9 secs.
[Debug] [2025-10-17 11:12:03] Log::Print : COMMAND[Scan Outer SPI Flash] execute successfully, takes 1.9 secs.
[Debug] [2025-10-17 11:12:04] begin to send promgram jtag flash cmd.
[Debug] [2025-10-17 11:12:04] begin to send jtag flash erase cmd
[Debug] [2025-10-17 11:12:04] Send RPC:5
[Debug] [2025-10-17 11:12:04] Begin to send embed flash erase data.
[Debug] [2025-10-17 11:12:04] Begin to send flash erase data.
[Debug] [2025-10-17 11:12:04] End to send flash erase data.
[Debug] [2025-10-17 11:12:04] End to send embed flash erase data.
[Debug] [2025-10-17 11:12:04] Send cmd [Erase Outer Flash:20302] OK
[Debug] [2025-10-17 11:12:04] Log::Print : The start address of operating flash is 0x0.
[Debug] [2025-10-17 11:12:04] The value of Progress is 1
[Debug] [2025-10-17 11:12:05] The value of Progress is 6
[Debug] [2025-10-17 11:12:06] The value of Progress is 10
[Debug] [2025-10-17 11:12:06] The value of Progress is 16
[Debug] [2025-10-17 11:12:07] The value of Progress is 20
[Debug] [2025-10-17 11:12:07] The value of Progress is 26
[Debug] [2025-10-17 11:12:08] The value of Progress is 30
[Debug] [2025-10-17 11:12:08] The value of Progress is 36
[Debug] [2025-10-17 11:12:09] The value of Progress is 40
[Debug] [2025-10-17 11:12:09] The value of Progress is 46
[Debug] [2025-10-17 11:12:10] The value of Progress is 50
[Debug] [2025-10-17 11:12:10] The value of Progress is 56
[Debug] [2025-10-17 11:12:11] The value of Progress is 60
[Debug] [2025-10-17 11:12:11] The value of Progress is 66
[Debug] [2025-10-17 11:12:12] The value of Progress is 70
[Debug] [2025-10-17 11:12:12] The value of Progress is 76
[Debug] [2025-10-17 11:12:13] The value of Progress is 80
[Debug] [2025-10-17 11:12:13] The value of Progress is 86
[Debug] [2025-10-17 11:12:14] The value of Progress is 90
[Debug] [2025-10-17 11:12:14] The value of Progress is 96
[Debug] [2025-10-17 11:12:14] The value of Progress is 100
[Debug] [2025-10-17 11:12:14] COMMAND[Erase Outer Flash] execute finish, takes 10.3 secs.
[Debug] [2025-10-17 11:12:14] end to send jtag flash erase cmd.
[Debug] [2025-10-17 11:12:14] Send RPC:6
[Debug] [2025-10-17 11:12:14] Begin to send jtag flash program data.
[Debug] [2025-10-17 11:12:14] Begin to send flash program data.
[Debug] [2025-10-17 11:12:14] End to send flash program data.
[Debug] [2025-10-17 11:12:14] End to send embed flash program data.
[Debug] [2025-10-17 11:12:14] Send cmd [Program Outer Flash:20301] OK
[Debug] [2025-10-17 11:12:14] Log::Print : COMMAND[Erase Outer Flash] execute finish, takes 10.3 secs.
[Debug] [2025-10-17 11:12:14] Log::Print : The start address of operating flash is 0x0.
[Debug] [2025-10-17 11:12:15] The value of Progress is 1
[Debug] [2025-10-17 11:12:16] The value of Progress is 6
[Debug] [2025-10-17 11:12:18] The value of Progress is 10
[Debug] [2025-10-17 11:12:19] The value of Progress is 15
[Debug] [2025-10-17 11:12:21] The value of Progress is 20
[Debug] [2025-10-17 11:12:22] The value of Progress is 25
[Debug] [2025-10-17 11:12:24] The value of Progress is 30
[Debug] [2025-10-17 11:12:25] The value of Progress is 35
[Debug] [2025-10-17 11:12:27] The value of Progress is 40
[Debug] [2025-10-17 11:12:28] The value of Progress is 45
[Debug] [2025-10-17 11:12:30] The value of Progress is 50
[Debug] [2025-10-17 11:12:32] The value of Progress is 55
[Debug] [2025-10-17 11:12:33] The value of Progress is 60
[Debug] [2025-10-17 11:12:35] The value of Progress is 65
[Debug] [2025-10-17 11:12:36] The value of Progress is 70
[Debug] [2025-10-17 11:12:38] The value of Progress is 75
[Debug] [2025-10-17 11:12:39] The value of Progress is 80
[Debug] [2025-10-17 11:12:41] The value of Progress is 85
[Debug] [2025-10-17 11:12:43] The value of Progress is 90
[Debug] [2025-10-17 11:12:44] The value of Progress is 95
[Debug] [2025-10-17 11:12:46] The value of Progress is 100
[Debug] [2025-10-17 11:12:46] COMMAND[Program Outer Flash] execute finish, takes 31.5 secs.
[Debug] [2025-10-17 11:12:46] begin to send jtag flash verify cmd
[Debug] [2025-10-17 11:12:46] Send RPC:7
[Debug] [2025-10-17 11:12:46] Begin to send embed flash verify data.
[Debug] [2025-10-17 11:12:46] Begin to send flash verify data.
[Debug] [2025-10-17 11:12:46] End to send flash verify data.
[Debug] [2025-10-17 11:12:46] End to send embed flash verify data.
[Debug] [2025-10-17 11:12:46] Send cmd [Verify Outer Flash:20303] OK
[Debug] [2025-10-17 11:12:46] Log::Print : COMMAND[Program Outer Flash] execute finish, takes 31.5 secs.
[Debug] [2025-10-17 11:12:46] Log::Print : The start address of operating flash is 0x0.
[Debug] [2025-10-17 11:12:46] The value of Progress is 1
[Debug] [2025-10-17 11:12:46] The value of Progress is 6
[Debug] [2025-10-17 11:12:46] The value of Progress is 10
[Debug] [2025-10-17 11:12:46] The value of Progress is 15
[Debug] [2025-10-17 11:12:47] The value of Progress is 20
[Debug] [2025-10-17 11:12:47] The value of Progress is 25
[Debug] [2025-10-17 11:12:47] The value of Progress is 30
[Debug] [2025-10-17 11:12:47] The value of Progress is 35
[Debug] [2025-10-17 11:12:47] The value of Progress is 40
[Debug] [2025-10-17 11:12:47] The value of Progress is 45
[Debug] [2025-10-17 11:12:47] The value of Progress is 50
[Debug] [2025-10-17 11:12:47] The value of Progress is 55
[Debug] [2025-10-17 11:12:47] The value of Progress is 60
[Debug] [2025-10-17 11:12:47] The value of Progress is 65
[Debug] [2025-10-17 11:12:47] The value of Progress is 70
[Debug] [2025-10-17 11:12:48] The value of Progress is 75
[Debug] [2025-10-17 11:12:48] The value of Progress is 80
[Debug] [2025-10-17 11:12:48] The value of Progress is 85
[Debug] [2025-10-17 11:12:48] The value of Progress is 90
[Debug] [2025-10-17 11:12:48] The value of Progress is 95
[Debug] [2025-10-17 11:12:48] The value of Progress is 100
[Debug] [2025-10-17 11:12:48] COMMAND[Verify Outer Flash] execute successfully, takes 2.3 secs.
[Debug] [2025-10-17 11:12:48] end to send jtag flash verify cmd
[Debug] [2025-10-17 11:12:48] end to send jtag flash program cmd.
[Debug] [2025-10-17 11:12:48] Log::Print : COMMAND[Verify Outer Flash] execute successfully, takes 2.3 secs.
[Info] [2025-10-17 11:15:26] /***************************End Configration***************************/
[Info] [2025-10-17 11:19:00] /***************************Start Configuration***************************/
[Info] [2025-10-17 11:19:00] Path: C:/pango/PDS_2022.2-SP6.4/bin
[Info] [2025-10-17 11:19:00] Version: 146967
[Info] [2025-10-17 11:19:01] Current Path: D:/Desktop/video_class/camera_demo/FPGA_project/04_camera_pcie_capture_40pin/project
[Info] [2025-10-17 11:19:01] PDS Dir Path: D:/Desktop/video_class/camera_demo/FPGA_project/04_camera_pcie_capture_40pin/project
[Debug] [2025-10-17 11:19:03] Begin to Converte file.
[Debug] [2025-10-17 11:19:10] begin to parse sfc file.
[Debug] [2025-10-17 11:19:10] begin to get device info from CFG file...
[Debug] [2025-10-17 11:19:10] end to get device info from CFG file...
[Debug] [2025-10-17 11:19:10] begin to get device info from CFG file...
[Debug] [2025-10-17 11:19:10] end to get device info from CFG file...
[Debug] [2025-10-17 11:19:10] end to parse sfc file.
[Debug] [2025-10-17 11:19:10] Log::Print : The Start Address of bit file D:/Desktop/video_class/camera_demo/FPGA_project/04_camera_pcie_capture_40pin/project/generate_bitstream/image_pcie_capture.sbit: 0x0
[Debug] [2025-10-17 11:19:10] End to Converte file.
[Info] [2025-10-17 11:19:12] Configuration is not connect with server. connect first then scan chain.
[Debug] [2025-10-17 11:19:12] Client Local host name:LAPTOP-EA3TT0M1
[Debug] [2025-10-17 11:19:12] Client Local Address:192.168.1.105
[Debug] [2025-10-17 11:19:12] Client Local Address:10.104.21.106
[Debug] [2025-10-17 11:19:12] Server Address:127.0.0.1, Port:65420
[Debug] [2025-10-17 11:19:12] Log::Print : Connecting to server[127.0.0.1 : 65420].
[Info] [2025-10-17 11:19:12] Connect OK, Server: 127.0.0.1  Port: 65420
[Debug] [2025-10-17 11:19:12] Finish.
[Info] [2025-10-17 11:19:12] Connect server succeeded
[Debug] [2025-10-17 11:19:12] Send RPC:1
[Debug] [2025-10-17 11:19:12] Send cmd [check version information:40004] OK
[Debug] [2025-10-17 11:19:12] Send RPC:2
[Debug] [2025-10-17 11:19:12] Send cmd [get_cable_paras:40010] OK
[Debug] [2025-10-17 11:19:12] Begin to send initialize chain cmd...
[Debug] [2025-10-17 11:19:12] Send RPC:3
[Debug] [2025-10-17 11:19:12] Send cmd [Open config cable:20001] OK
[Debug] [2025-10-17 11:19:12] End to send initialize chain cmd.
[Debug] [2025-10-17 11:19:12] COMMAND[check version information] execute successfully, takes 0.0 secs.
[Debug] [2025-10-17 11:19:12] Log::Print : Connect to server[127.0.0.1 : 65420] successfully.
[Debug] [2025-10-17 11:19:12] Log::Print : COMMAND[check version information] execute successfully, takes 0.0 secs.
[Debug] [2025-10-17 11:19:13] COMMAND[get_cable_paras] execute successfully, takes 1.3 secs.
[Debug] [2025-10-17 11:19:13] Log::Print : The cable List : 
Cable index 0:USB Cable II/fffffffffffffffe 

[Debug] [2025-10-17 11:19:13] Log::Print : COMMAND[get_cable_paras] execute successfully, takes 1.3 secs.
[Debug] [2025-10-17 11:19:14] begin the exec of open cable cmd...
[Debug] [2025-10-17 11:19:14] Begin to deal with chain from server...
[Debug] [2025-10-17 11:19:14] Begin to set user chain...
[Debug] [2025-10-17 11:19:14] End to set user chain.
[Debug] [2025-10-17 11:19:14] Begin to update graphic item and tree item ...
[Debug] [2025-10-17 11:19:14] End to update graphic item and tree item ...
[Debug] [2025-10-17 11:19:14] Log::Print : PANGO USB CABLE II cable driver: D2XX DLL
[Debug] [2025-10-17 11:19:14] Log::Print : PG2L50H
[Debug] [2025-10-17 11:19:14] Log::Print : This device configure situation (done bit): 1
[Info] [2025-10-17 11:19:15] set OpenLastPath: D:/Desktop/video_class/camera_demo/FPGA_project/04_camera_pcie_capture_40pin/project/generate_bitstream/image_pcie_capture.sbit
[Debug] [2025-10-17 11:19:15] begin to get device info from CFG file...
[Debug] [2025-10-17 11:19:15] end to get device info from CFG file...
[Debug] [2025-10-17 11:19:15] Begin to update graphic item and tree item ...
[Debug] [2025-10-17 11:19:15] End to update graphic item and tree item ...
[Debug] [2025-10-17 11:19:15] Begin to update graphic item and tree item ...
[Debug] [2025-10-17 11:19:15] End to update graphic item and tree item ...
[Debug] [2025-10-17 11:19:15] End to deal wiht chain from server.
[Debug] [2025-10-17 11:19:15] end the exec of open cable cmd.
[Debug] [2025-10-17 11:19:15] COMMAND[Open config cable] execute successfully, takes 2.8 secs.
[Debug] [2025-10-17 11:19:15] Log::Print : COMMAND[Open config cable] execute successfully, takes 2.8 secs.
[Debug] [2025-10-17 11:19:16] Begin to send scan outer flash cmd...
[Debug] [2025-10-17 11:19:16] Send RPC:4
[Debug] [2025-10-17 11:19:16] Send cmd [Scan Outer SPI Flash:20300] OK
[Debug] [2025-10-17 11:19:16] End to send scan outer flash cmd.
[Debug] [2025-10-17 11:19:16] begin to exec scan jtag flash cmd...
[Debug] [2025-10-17 11:19:16] Begin to initialize JtagFlash for selected FPGA Device...
[Debug] [2025-10-17 11:19:16] Begin to update graphic item and tree item ...
[Debug] [2025-10-17 11:19:16] End to update graphic item and tree item ...
[Info] [2025-10-17 11:19:18] set OpenLastPath: D:/Desktop/video_class/camera_demo/FPGA_project/04_camera_pcie_capture_40pin/project/generate_bitstream/image_pcie_capture.sfc
[Debug] [2025-10-17 11:19:18] begin to check SFC File and Flash Device Read Mode.
[Debug] [2025-10-17 11:19:18] end to check SFC File and Flash Device Read Mode.
[Debug] [2025-10-17 11:19:18] Begin to update graphic item and tree item ...
[Debug] [2025-10-17 11:19:18] End to update graphic item and tree item ...
[Debug] [2025-10-17 11:19:18] End to initialize OuterFlash for selected FPGA Device...
[Debug] [2025-10-17 11:19:18] end to exec scan jtag flash cmd...
[Debug] [2025-10-17 11:19:18] COMMAND[Scan Outer SPI Flash] execute successfully, takes 1.4 secs.
[Debug] [2025-10-17 11:19:18] Log::Print : COMMAND[Scan Outer SPI Flash] execute successfully, takes 1.4 secs.
[Debug] [2025-10-17 11:19:19] begin to send promgram jtag flash cmd.
[Debug] [2025-10-17 11:19:19] begin to send jtag flash erase cmd
[Debug] [2025-10-17 11:19:19] Send RPC:5
[Debug] [2025-10-17 11:19:19] Begin to send embed flash erase data.
[Debug] [2025-10-17 11:19:19] Begin to send flash erase data.
[Debug] [2025-10-17 11:19:19] End to send flash erase data.
[Debug] [2025-10-17 11:19:19] End to send embed flash erase data.
[Debug] [2025-10-17 11:19:19] Send cmd [Erase Outer Flash:20302] OK
[Debug] [2025-10-17 11:19:19] Log::Print : The start address of operating flash is 0x0.
[Debug] [2025-10-17 11:19:19] The value of Progress is 1
[Debug] [2025-10-17 11:19:20] The value of Progress is 6
[Debug] [2025-10-17 11:19:20] The value of Progress is 10
[Debug] [2025-10-17 11:19:21] The value of Progress is 16
[Debug] [2025-10-17 11:19:21] The value of Progress is 20
[Debug] [2025-10-17 11:19:22] The value of Progress is 26
[Debug] [2025-10-17 11:19:22] The value of Progress is 30
[Debug] [2025-10-17 11:19:23] The value of Progress is 36
[Debug] [2025-10-17 11:19:23] The value of Progress is 40
[Debug] [2025-10-17 11:19:24] The value of Progress is 46
[Debug] [2025-10-17 11:19:24] The value of Progress is 50
[Debug] [2025-10-17 11:19:25] The value of Progress is 56
[Debug] [2025-10-17 11:19:25] The value of Progress is 60
[Debug] [2025-10-17 11:19:26] The value of Progress is 66
[Debug] [2025-10-17 11:19:26] The value of Progress is 70
[Debug] [2025-10-17 11:19:27] The value of Progress is 76
[Debug] [2025-10-17 11:19:27] The value of Progress is 80
[Debug] [2025-10-17 11:19:28] The value of Progress is 86
[Debug] [2025-10-17 11:19:28] The value of Progress is 90
[Debug] [2025-10-17 11:19:29] The value of Progress is 96
[Debug] [2025-10-17 11:19:29] The value of Progress is 100
[Debug] [2025-10-17 11:19:29] COMMAND[Erase Outer Flash] execute finish, takes 10.3 secs.
[Debug] [2025-10-17 11:19:29] end to send jtag flash erase cmd.
[Debug] [2025-10-17 11:19:29] Send RPC:6
[Debug] [2025-10-17 11:19:29] Begin to send jtag flash program data.
[Debug] [2025-10-17 11:19:29] Begin to send flash program data.
[Debug] [2025-10-17 11:19:29] End to send flash program data.
[Debug] [2025-10-17 11:19:29] End to send embed flash program data.
[Debug] [2025-10-17 11:19:29] Send cmd [Program Outer Flash:20301] OK
[Debug] [2025-10-17 11:19:29] Log::Print : COMMAND[Erase Outer Flash] execute finish, takes 10.3 secs.
[Debug] [2025-10-17 11:19:29] Log::Print : The start address of operating flash is 0x0.
[Debug] [2025-10-17 11:19:29] The value of Progress is 1
[Debug] [2025-10-17 11:19:31] The value of Progress is 6
[Debug] [2025-10-17 11:19:32] The value of Progress is 10
[Debug] [2025-10-17 11:19:34] The value of Progress is 15
[Debug] [2025-10-17 11:19:35] The value of Progress is 20
[Debug] [2025-10-17 11:19:37] The value of Progress is 25
[Debug] [2025-10-17 11:19:38] The value of Progress is 30
[Debug] [2025-10-17 11:19:40] The value of Progress is 35
[Debug] [2025-10-17 11:19:41] The value of Progress is 40
[Debug] [2025-10-17 11:19:43] The value of Progress is 45
[Debug] [2025-10-17 11:19:44] The value of Progress is 50
[Debug] [2025-10-17 11:19:46] The value of Progress is 55
[Debug] [2025-10-17 11:19:48] The value of Progress is 60
[Debug] [2025-10-17 11:19:49] The value of Progress is 65
[Debug] [2025-10-17 11:19:51] The value of Progress is 70
[Debug] [2025-10-17 11:19:52] The value of Progress is 75
[Debug] [2025-10-17 11:19:54] The value of Progress is 80
[Debug] [2025-10-17 11:19:55] The value of Progress is 85
[Debug] [2025-10-17 11:19:57] The value of Progress is 90
[Debug] [2025-10-17 11:19:58] The value of Progress is 95
[Debug] [2025-10-17 11:20:00] The value of Progress is 100
[Debug] [2025-10-17 11:20:00] COMMAND[Program Outer Flash] execute finish, takes 31.2 secs.
[Debug] [2025-10-17 11:20:00] begin to send jtag flash verify cmd
[Debug] [2025-10-17 11:20:00] Send RPC:7
[Debug] [2025-10-17 11:20:00] Begin to send embed flash verify data.
[Debug] [2025-10-17 11:20:00] Begin to send flash verify data.
[Debug] [2025-10-17 11:20:00] End to send flash verify data.
[Debug] [2025-10-17 11:20:00] End to send embed flash verify data.
[Debug] [2025-10-17 11:20:00] Send cmd [Verify Outer Flash:20303] OK
[Debug] [2025-10-17 11:20:00] Log::Print : COMMAND[Program Outer Flash] execute finish, takes 31.2 secs.
[Debug] [2025-10-17 11:20:00] Log::Print : The start address of operating flash is 0x0.
[Debug] [2025-10-17 11:20:00] The value of Progress is 1
[Debug] [2025-10-17 11:20:00] The value of Progress is 6
[Debug] [2025-10-17 11:20:01] The value of Progress is 10
[Debug] [2025-10-17 11:20:01] The value of Progress is 15
[Debug] [2025-10-17 11:20:01] The value of Progress is 20
[Debug] [2025-10-17 11:20:01] The value of Progress is 25
[Debug] [2025-10-17 11:20:01] The value of Progress is 30
[Debug] [2025-10-17 11:20:01] The value of Progress is 35
[Debug] [2025-10-17 11:20:01] The value of Progress is 40
[Debug] [2025-10-17 11:20:01] The value of Progress is 45
[Debug] [2025-10-17 11:20:01] The value of Progress is 50
[Debug] [2025-10-17 11:20:01] The value of Progress is 55
[Debug] [2025-10-17 11:20:02] The value of Progress is 60
[Debug] [2025-10-17 11:20:02] The value of Progress is 65
[Debug] [2025-10-17 11:20:02] The value of Progress is 70
[Debug] [2025-10-17 11:20:02] The value of Progress is 75
[Debug] [2025-10-17 11:20:02] The value of Progress is 80
[Debug] [2025-10-17 11:20:02] The value of Progress is 85
[Debug] [2025-10-17 11:20:02] The value of Progress is 90
[Debug] [2025-10-17 11:20:02] The value of Progress is 95
[Debug] [2025-10-17 11:20:02] The value of Progress is 100
[Debug] [2025-10-17 11:20:02] COMMAND[Verify Outer Flash] execute successfully, takes 2.3 secs.
[Debug] [2025-10-17 11:20:02] end to send jtag flash verify cmd
[Debug] [2025-10-17 11:20:02] end to send jtag flash program cmd.
[Debug] [2025-10-17 11:20:02] Log::Print : COMMAND[Verify Outer Flash] execute successfully, takes 2.3 secs.
[Info] [2025-10-17 11:25:22] /***************************End Configration***************************/
[Info] [2025-10-17 11:42:39] /***************************Start Configuration***************************/
[Info] [2025-10-17 11:42:39] Path: C:/pango/PDS_2022.2-SP6.4/bin
[Info] [2025-10-17 11:42:39] Version: 146967
[Info] [2025-10-17 11:42:40] Current Path: D:/Desktop/video_class/camera_demo/FPGA_project/04_camera_pcie_capture_40pin/project
[Info] [2025-10-17 11:42:40] PDS Dir Path: D:/Desktop/video_class/camera_demo/FPGA_project/04_camera_pcie_capture_40pin/project
[Info] [2025-10-17 11:42:42] Configuration is not connect with server. connect first then scan chain.
[Debug] [2025-10-17 11:42:42] Client Local host name:LAPTOP-EA3TT0M1
[Debug] [2025-10-17 11:42:42] Client Local Address:10.104.21.106
[Debug] [2025-10-17 11:42:42] Server Address:127.0.0.1, Port:65420
[Debug] [2025-10-17 11:42:42] Log::Print : Connecting to server[127.0.0.1 : 65420].
[Info] [2025-10-17 11:42:42] Connect OK, Server: 127.0.0.1  Port: 65420
[Debug] [2025-10-17 11:42:42] Finish.
[Info] [2025-10-17 11:42:42] Connect server succeeded
[Debug] [2025-10-17 11:42:42] Send RPC:1
[Debug] [2025-10-17 11:42:42] Send cmd [check version information:40004] OK
[Debug] [2025-10-17 11:42:42] Log::Print : Connect to server[127.0.0.1 : 65420] successfully.
[Debug] [2025-10-17 11:42:43] Send RPC:2
[Debug] [2025-10-17 11:42:43] Send cmd [get_cable_paras:40010] OK
[Debug] [2025-10-17 11:42:43] Begin to send initialize chain cmd...
[Debug] [2025-10-17 11:42:43] Send RPC:3
[Debug] [2025-10-17 11:42:43] Send cmd [Open config cable:20001] OK
[Debug] [2025-10-17 11:42:43] End to send initialize chain cmd.
[Debug] [2025-10-17 11:42:43] COMMAND[check version information] execute successfully, takes 0.4 secs.
[Debug] [2025-10-17 11:42:43] Log::Print : COMMAND[check version information] execute successfully, takes 0.4 secs.
[Debug] [2025-10-17 11:42:44] COMMAND[get_cable_paras] execute successfully, takes 1.3 secs.
[Debug] [2025-10-17 11:42:44] Log::Print : The cable List : 
Cable index 0:USB Cable II/fffffffffffffffe 

[Debug] [2025-10-17 11:42:44] Log::Print : COMMAND[get_cable_paras] execute successfully, takes 1.3 secs.
[Error] [2025-10-17 11:42:49] fail to exec Open config cable cmd...
[Debug] [2025-10-17 11:42:49] Log::Print : PANGO USB CABLE II cable driver: D2XX DLL
[Error] [2025-10-17 11:42:49] MsgOut: JtagServer-0306: No devices detected while scanning the JTAG chain, failed detecting JTAG device chain.
[Warn] [2025-10-17 11:42:49] MsgOut: Please check the device power, cable connection situation and whether put the chip in the right way or not.
   If these do not work, try to restart the software.
[Error] [2025-10-17 11:42:49] MsgOut: Configuration-0008: The command 'Open config cable' execute fail.
[Info] [2025-10-17 11:42:57] Disconnect from Server: 127.0.0.1  Port: 65420
[Warn] [2025-10-17 11:42:57] Server is disconnected
[Debug] [2025-10-17 11:42:57] end to connect server
[Debug] [2025-10-17 11:42:57] Log::Print : Server is disconnect
[Debug] [2025-10-17 11:42:57] Client Local host name:LAPTOP-EA3TT0M1
[Debug] [2025-10-17 11:42:57] Client Local Address:192.168.1.105
[Debug] [2025-10-17 11:42:57] Client Local Address:10.104.21.106
[Debug] [2025-10-17 11:42:57] Server Address:127.0.0.1, Port:65420
[Debug] [2025-10-17 11:42:57] Log::Print : Connecting to server[127.0.0.1 : 65420].
[Info] [2025-10-17 11:42:57] Connect OK, Server: 127.0.0.1  Port: 65420
[Debug] [2025-10-17 11:42:57] Finish.
[Info] [2025-10-17 11:42:57] Connect server succeeded
[Debug] [2025-10-17 11:42:57] Send RPC:4
[Debug] [2025-10-17 11:42:57] Send cmd [check version information:40004] OK
[Debug] [2025-10-17 11:42:57] Send RPC:5
[Debug] [2025-10-17 11:42:57] Send cmd [get_cable_paras:40010] OK
[Debug] [2025-10-17 11:42:57] COMMAND[check version information] execute successfully, takes 0.0 secs.
[Debug] [2025-10-17 11:42:57] Log::Print : Connect to server[127.0.0.1 : 65420] successfully.
[Debug] [2025-10-17 11:42:57] Log::Print : COMMAND[check version information] execute successfully, takes 0.0 secs.
[Debug] [2025-10-17 11:42:59] COMMAND[get_cable_paras] execute successfully, takes 1.4 secs.
[Debug] [2025-10-17 11:42:59] Log::Print : The cable List : 
Cable index 0:USB Cable II/fffffffffffffffe 

[Debug] [2025-10-17 11:42:59] Log::Print : COMMAND[get_cable_paras] execute successfully, takes 1.4 secs.
[Debug] [2025-10-17 11:43:01] Send RPC:6
[Debug] [2025-10-17 11:43:01] Send cmd [set_cable_paras:40011] OK
[Debug] [2025-10-17 11:43:01] COMMAND[set_cable_paras] execute successfully, takes 0.9 secs.
[Debug] [2025-10-17 11:43:01] Log::Print : COMMAND[set_cable_paras] execute successfully, takes 0.9 secs.
[Debug] [2025-10-17 11:43:02] Begin to send initialize chain cmd...
[Debug] [2025-10-17 11:43:02] Send RPC:7
[Debug] [2025-10-17 11:43:02] Send cmd [Open config cable:20001] OK
[Debug] [2025-10-17 11:43:02] End to send initialize chain cmd.
[Debug] [2025-10-17 11:43:02] begin the exec of open cable cmd...
[Debug] [2025-10-17 11:43:02] Begin to deal with chain from server...
[Debug] [2025-10-17 11:43:02] Begin to set user chain...
[Debug] [2025-10-17 11:43:02] End to set user chain.
[Debug] [2025-10-17 11:43:02] Begin to update graphic item and tree item ...
[Debug] [2025-10-17 11:43:02] End to update graphic item and tree item ...
[Debug] [2025-10-17 11:43:02] Log::Print : PANGO USB CABLE II cable driver: D2XX DLL
[Debug] [2025-10-17 11:43:02] Log::Print : PG2L50H
[Debug] [2025-10-17 11:43:02] Log::Print : This device configure situation (done bit): 1
[Info] [2025-10-17 11:43:04] set OpenLastPath: D:/Desktop/video_class/camera_demo/FPGA_project/04_camera_pcie_capture_40pin/project/generate_bitstream/image_pcie_capture.sbit
[Debug] [2025-10-17 11:43:04] begin to get device info from CFG file...
[Debug] [2025-10-17 11:43:04] end to get device info from CFG file...
[Debug] [2025-10-17 11:43:04] Begin to update graphic item and tree item ...
[Debug] [2025-10-17 11:43:04] End to update graphic item and tree item ...
[Debug] [2025-10-17 11:43:04] Begin to update graphic item and tree item ...
[Debug] [2025-10-17 11:43:04] End to update graphic item and tree item ...
[Debug] [2025-10-17 11:43:04] End to deal wiht chain from server.
[Debug] [2025-10-17 11:43:04] end the exec of open cable cmd.
[Debug] [2025-10-17 11:43:04] COMMAND[Open config cable] execute successfully, takes 1.7 secs.
[Debug] [2025-10-17 11:43:04] Log::Print : COMMAND[Open config cable] execute successfully, takes 1.7 secs.
[Debug] [2025-10-17 11:43:06] Begin to Converte file.
[Debug] [2025-10-17 11:43:13] begin to parse sfc file.
[Debug] [2025-10-17 11:43:13] begin to get device info from CFG file...
[Debug] [2025-10-17 11:43:13] end to get device info from CFG file...
[Debug] [2025-10-17 11:43:13] begin to get device info from CFG file...
[Debug] [2025-10-17 11:43:13] end to get device info from CFG file...
[Debug] [2025-10-17 11:43:13] end to parse sfc file.
[Debug] [2025-10-17 11:43:13] Log::Print : The Start Address of bit file D:/Desktop/video_class/camera_demo/FPGA_project/04_camera_pcie_capture_40pin/project/generate_bitstream/image_pcie_capture.sbit: 0x0
[Debug] [2025-10-17 11:43:14] End to Converte file.
[Debug] [2025-10-17 11:43:15] Begin to send scan outer flash cmd...
[Debug] [2025-10-17 11:43:15] Send RPC:8
[Debug] [2025-10-17 11:43:15] Send cmd [Scan Outer SPI Flash:20300] OK
[Debug] [2025-10-17 11:43:15] End to send scan outer flash cmd.
[Debug] [2025-10-17 11:43:16] begin to exec scan jtag flash cmd...
[Debug] [2025-10-17 11:43:16] Begin to initialize JtagFlash for selected FPGA Device...
[Debug] [2025-10-17 11:43:16] Begin to update graphic item and tree item ...
[Debug] [2025-10-17 11:43:16] End to update graphic item and tree item ...
[Info] [2025-10-17 11:43:17] set OpenLastPath: D:/Desktop/video_class/camera_demo/FPGA_project/04_camera_pcie_capture_40pin/project/generate_bitstream/image_pcie_capture.sfc
[Debug] [2025-10-17 11:43:17] begin to check SFC File and Flash Device Read Mode.
[Debug] [2025-10-17 11:43:17] end to check SFC File and Flash Device Read Mode.
[Debug] [2025-10-17 11:43:17] Begin to update graphic item and tree item ...
[Debug] [2025-10-17 11:43:17] End to update graphic item and tree item ...
[Debug] [2025-10-17 11:43:17] End to initialize OuterFlash for selected FPGA Device...
[Debug] [2025-10-17 11:43:17] end to exec scan jtag flash cmd...
[Debug] [2025-10-17 11:43:17] COMMAND[Scan Outer SPI Flash] execute successfully, takes 1.6 secs.
[Debug] [2025-10-17 11:43:17] Log::Print : COMMAND[Scan Outer SPI Flash] execute successfully, takes 1.6 secs.
[Debug] [2025-10-17 11:43:19] begin to send promgram jtag flash cmd.
[Debug] [2025-10-17 11:43:19] begin to send jtag flash erase cmd
[Debug] [2025-10-17 11:43:19] Send RPC:9
[Debug] [2025-10-17 11:43:19] Begin to send embed flash erase data.
[Debug] [2025-10-17 11:43:19] Begin to send flash erase data.
[Debug] [2025-10-17 11:43:19] End to send flash erase data.
[Debug] [2025-10-17 11:43:19] End to send embed flash erase data.
[Debug] [2025-10-17 11:43:19] Send cmd [Erase Outer Flash:20302] OK
[Debug] [2025-10-17 11:43:19] Log::Print : The start address of operating flash is 0x0.
[Debug] [2025-10-17 11:43:19] The value of Progress is 1
[Debug] [2025-10-17 11:43:20] The value of Progress is 7
[Debug] [2025-10-17 11:43:20] The value of Progress is 10
[Debug] [2025-10-17 11:43:21] The value of Progress is 17
[Debug] [2025-10-17 11:43:21] The value of Progress is 21
[Debug] [2025-10-17 11:43:21] The value of Progress is 25
[Debug] [2025-10-17 11:43:22] The value of Progress is 32
[Debug] [2025-10-17 11:43:22] The value of Progress is 35
[Debug] [2025-10-17 11:43:23] The value of Progress is 42
[Debug] [2025-10-17 11:43:23] The value of Progress is 46
[Debug] [2025-10-17 11:43:24] The value of Progress is 50
[Debug] [2025-10-17 11:43:25] The value of Progress is 57
[Debug] [2025-10-17 11:43:25] The value of Progress is 60
[Debug] [2025-10-17 11:43:26] The value of Progress is 67
[Debug] [2025-10-17 11:43:26] The value of Progress is 71
[Debug] [2025-10-17 11:43:26] The value of Progress is 75
[Debug] [2025-10-17 11:43:27] The value of Progress is 82
[Debug] [2025-10-17 11:43:27] The value of Progress is 85
[Debug] [2025-10-17 11:43:28] The value of Progress is 92
[Debug] [2025-10-17 11:43:28] The value of Progress is 96
[Debug] [2025-10-17 11:43:28] The value of Progress is 100
[Debug] [2025-10-17 11:43:28] COMMAND[Erase Outer Flash] execute finish, takes 9.9 secs.
[Debug] [2025-10-17 11:43:28] end to send jtag flash erase cmd.
[Debug] [2025-10-17 11:43:28] Send RPC:10
[Debug] [2025-10-17 11:43:28] Begin to send jtag flash program data.
[Debug] [2025-10-17 11:43:28] Begin to send flash program data.
[Debug] [2025-10-17 11:43:28] End to send flash program data.
[Debug] [2025-10-17 11:43:28] End to send embed flash program data.
[Debug] [2025-10-17 11:43:28] Send cmd [Program Outer Flash:20301] OK
[Debug] [2025-10-17 11:43:28] Log::Print : COMMAND[Erase Outer Flash] execute finish, takes 9.9 secs.
[Debug] [2025-10-17 11:43:28] Log::Print : The start address of operating flash is 0x0.
[Debug] [2025-10-17 11:43:29] The value of Progress is 1
[Debug] [2025-10-17 11:43:30] The value of Progress is 6
[Debug] [2025-10-17 11:43:31] The value of Progress is 10
[Debug] [2025-10-17 11:43:33] The value of Progress is 15
[Debug] [2025-10-17 11:43:34] The value of Progress is 20
[Debug] [2025-10-17 11:43:36] The value of Progress is 25
[Debug] [2025-10-17 11:43:37] The value of Progress is 30
[Debug] [2025-10-17 11:43:39] The value of Progress is 35
[Debug] [2025-10-17 11:43:40] The value of Progress is 40
[Debug] [2025-10-17 11:43:41] The value of Progress is 45
[Debug] [2025-10-17 11:43:43] The value of Progress is 50
[Debug] [2025-10-17 11:43:44] The value of Progress is 55
[Debug] [2025-10-17 11:43:46] The value of Progress is 60
[Debug] [2025-10-17 11:43:47] The value of Progress is 65
[Debug] [2025-10-17 11:43:49] The value of Progress is 70
[Debug] [2025-10-17 11:43:50] The value of Progress is 75
[Debug] [2025-10-17 11:43:51] The value of Progress is 80
[Debug] [2025-10-17 11:43:53] The value of Progress is 85
[Debug] [2025-10-17 11:43:54] The value of Progress is 90
[Debug] [2025-10-17 11:43:56] The value of Progress is 95
[Debug] [2025-10-17 11:43:57] The value of Progress is 100
[Debug] [2025-10-17 11:43:57] COMMAND[Program Outer Flash] execute finish, takes 28.9 secs.
[Debug] [2025-10-17 11:43:57] begin to send jtag flash verify cmd
[Debug] [2025-10-17 11:43:57] Send RPC:11
[Debug] [2025-10-17 11:43:57] Begin to send embed flash verify data.
[Debug] [2025-10-17 11:43:57] Begin to send flash verify data.
[Debug] [2025-10-17 11:43:57] End to send flash verify data.
[Debug] [2025-10-17 11:43:57] End to send embed flash verify data.
[Debug] [2025-10-17 11:43:57] Send cmd [Verify Outer Flash:20303] OK
[Debug] [2025-10-17 11:43:57] Log::Print : COMMAND[Program Outer Flash] execute finish, takes 28.9 secs.
[Debug] [2025-10-17 11:43:57] Log::Print : The start address of operating flash is 0x0.
[Debug] [2025-10-17 11:43:57] The value of Progress is 1
[Debug] [2025-10-17 11:43:58] The value of Progress is 6
[Debug] [2025-10-17 11:43:58] The value of Progress is 10
[Debug] [2025-10-17 11:43:58] The value of Progress is 15
[Debug] [2025-10-17 11:43:58] The value of Progress is 20
[Debug] [2025-10-17 11:43:58] The value of Progress is 25
[Debug] [2025-10-17 11:43:58] The value of Progress is 30
[Debug] [2025-10-17 11:43:58] The value of Progress is 35
[Debug] [2025-10-17 11:43:58] The value of Progress is 40
[Debug] [2025-10-17 11:43:58] The value of Progress is 45
[Debug] [2025-10-17 11:43:58] The value of Progress is 50
[Debug] [2025-10-17 11:43:59] The value of Progress is 55
[Debug] [2025-10-17 11:43:59] The value of Progress is 60
[Debug] [2025-10-17 11:43:59] The value of Progress is 65
[Debug] [2025-10-17 11:43:59] The value of Progress is 70
[Debug] [2025-10-17 11:43:59] The value of Progress is 75
[Debug] [2025-10-17 11:43:59] The value of Progress is 80
[Debug] [2025-10-17 11:43:59] The value of Progress is 85
[Debug] [2025-10-17 11:43:59] The value of Progress is 90
[Debug] [2025-10-17 11:43:59] The value of Progress is 95
[Debug] [2025-10-17 11:43:59] The value of Progress is 100
[Debug] [2025-10-17 11:44:00] COMMAND[Verify Outer Flash] execute successfully, takes 2.3 secs.
[Debug] [2025-10-17 11:44:00] end to send jtag flash verify cmd
[Debug] [2025-10-17 11:44:00] end to send jtag flash program cmd.
[Debug] [2025-10-17 11:44:00] Log::Print : COMMAND[Verify Outer Flash] execute successfully, takes 2.3 secs.
[Debug] [2025-10-17 11:52:57] Begin to Converte file.
[Debug] [2025-10-17 11:52:57] End to Converte file.
[Debug] [2025-10-17 11:52:59] begin to parse sfc file.
[Debug] [2025-10-17 11:52:59] begin to get device info from CFG file...
[Debug] [2025-10-17 11:52:59] end to get device info from CFG file...
[Debug] [2025-10-17 11:52:59] begin to get device info from CFG file...
[Debug] [2025-10-17 11:52:59] end to get device info from CFG file...
[Debug] [2025-10-17 11:52:59] end to parse sfc file.
[Debug] [2025-10-17 11:52:59] Log::Print : The Start Address of bit file D:/Desktop/video_class/camera_demo/FPGA_project/04_camera_pcie_capture_40pin/project/generate_bitstream/image_pcie_capture.sbit: 0x0
[Debug] [2025-10-17 11:53:01] begin to send promgram jtag flash cmd.
[Debug] [2025-10-17 11:53:01] begin to send jtag flash erase cmd
[Debug] [2025-10-17 11:53:01] Send RPC:12
[Debug] [2025-10-17 11:53:01] Begin to send embed flash erase data.
[Debug] [2025-10-17 11:53:01] Begin to send flash erase data.
[Debug] [2025-10-17 11:53:01] End to send flash erase data.
[Debug] [2025-10-17 11:53:01] End to send embed flash erase data.
[Debug] [2025-10-17 11:53:01] Send cmd [Erase Outer Flash:20302] OK
[Debug] [2025-10-17 11:53:01] Log::Print : The start address of operating flash is 0x0.
[Debug] [2025-10-17 11:53:02] The value of Progress is 1
[Debug] [2025-10-17 11:53:03] The value of Progress is 6
[Debug] [2025-10-17 11:53:03] The value of Progress is 10
[Debug] [2025-10-17 11:53:04] The value of Progress is 16
[Debug] [2025-10-17 11:53:04] The value of Progress is 20
[Debug] [2025-10-17 11:53:05] The value of Progress is 26
[Debug] [2025-10-17 11:53:05] The value of Progress is 30
[Debug] [2025-10-17 11:53:06] The value of Progress is 36
[Debug] [2025-10-17 11:53:06] The value of Progress is 40
[Debug] [2025-10-17 11:53:07] The value of Progress is 46
[Debug] [2025-10-17 11:53:07] The value of Progress is 50
[Debug] [2025-10-17 11:53:08] The value of Progress is 56
[Debug] [2025-10-17 11:53:08] The value of Progress is 60
[Debug] [2025-10-17 11:53:09] The value of Progress is 66
[Debug] [2025-10-17 11:53:09] The value of Progress is 70
[Debug] [2025-10-17 11:53:10] The value of Progress is 76
[Debug] [2025-10-17 11:53:10] The value of Progress is 80
[Debug] [2025-10-17 11:53:11] The value of Progress is 86
[Debug] [2025-10-17 11:53:11] The value of Progress is 90
[Debug] [2025-10-17 11:53:12] The value of Progress is 96
[Debug] [2025-10-17 11:53:12] The value of Progress is 100
[Debug] [2025-10-17 11:53:12] COMMAND[Erase Outer Flash] execute finish, takes 10.5 secs.
[Debug] [2025-10-17 11:53:12] end to send jtag flash erase cmd.
[Debug] [2025-10-17 11:53:12] Send RPC:13
[Debug] [2025-10-17 11:53:12] Begin to send jtag flash program data.
[Debug] [2025-10-17 11:53:12] Begin to send flash program data.
[Debug] [2025-10-17 11:53:12] End to send flash program data.
[Debug] [2025-10-17 11:53:12] End to send embed flash program data.
[Debug] [2025-10-17 11:53:12] Send cmd [Program Outer Flash:20301] OK
[Debug] [2025-10-17 11:53:12] Log::Print : COMMAND[Erase Outer Flash] execute finish, takes 10.5 secs.
[Debug] [2025-10-17 11:53:12] Log::Print : The start address of operating flash is 0x0.
[Debug] [2025-10-17 11:53:12] The value of Progress is 1
[Debug] [2025-10-17 11:53:14] The value of Progress is 6
[Debug] [2025-10-17 11:53:15] The value of Progress is 10
[Debug] [2025-10-17 11:53:17] The value of Progress is 15
[Debug] [2025-10-17 11:53:18] The value of Progress is 20
[Debug] [2025-10-17 11:53:20] The value of Progress is 25
[Debug] [2025-10-17 11:53:21] The value of Progress is 30
[Debug] [2025-10-17 11:53:23] The value of Progress is 35
[Debug] [2025-10-17 11:53:24] The value of Progress is 40
[Debug] [2025-10-17 11:53:26] The value of Progress is 45
[Debug] [2025-10-17 11:53:28] The value of Progress is 50
[Debug] [2025-10-17 11:53:29] The value of Progress is 55
[Debug] [2025-10-17 11:53:31] The value of Progress is 60
[Debug] [2025-10-17 11:53:32] The value of Progress is 65
[Debug] [2025-10-17 11:53:34] The value of Progress is 70
[Debug] [2025-10-17 11:53:35] The value of Progress is 75
[Debug] [2025-10-17 11:53:37] The value of Progress is 80
[Debug] [2025-10-17 11:53:38] The value of Progress is 85
[Debug] [2025-10-17 11:53:40] The value of Progress is 90
[Debug] [2025-10-17 11:53:41] The value of Progress is 95
[Debug] [2025-10-17 11:53:43] The value of Progress is 100
[Debug] [2025-10-17 11:53:43] COMMAND[Program Outer Flash] execute finish, takes 31.0 secs.
[Debug] [2025-10-17 11:53:43] begin to send jtag flash verify cmd
[Debug] [2025-10-17 11:53:43] Send RPC:14
[Debug] [2025-10-17 11:53:43] Begin to send embed flash verify data.
[Debug] [2025-10-17 11:53:43] Begin to send flash verify data.
[Debug] [2025-10-17 11:53:43] End to send flash verify data.
[Debug] [2025-10-17 11:53:43] End to send embed flash verify data.
[Debug] [2025-10-17 11:53:43] Send cmd [Verify Outer Flash:20303] OK
[Debug] [2025-10-17 11:53:43] Log::Print : COMMAND[Program Outer Flash] execute finish, takes 31.0 secs.
[Debug] [2025-10-17 11:53:43] Log::Print : The start address of operating flash is 0x0.
[Debug] [2025-10-17 11:53:43] The value of Progress is 1
[Debug] [2025-10-17 11:53:43] The value of Progress is 6
[Debug] [2025-10-17 11:53:43] The value of Progress is 10
[Debug] [2025-10-17 11:53:43] The value of Progress is 15
[Debug] [2025-10-17 11:53:44] The value of Progress is 20
[Debug] [2025-10-17 11:53:44] The value of Progress is 25
[Debug] [2025-10-17 11:53:44] The value of Progress is 30
[Debug] [2025-10-17 11:53:44] The value of Progress is 35
[Debug] [2025-10-17 11:53:44] The value of Progress is 40
[Debug] [2025-10-17 11:53:44] The value of Progress is 45
[Debug] [2025-10-17 11:53:44] The value of Progress is 50
[Debug] [2025-10-17 11:53:44] The value of Progress is 55
[Debug] [2025-10-17 11:53:44] The value of Progress is 60
[Debug] [2025-10-17 11:53:44] The value of Progress is 65
[Debug] [2025-10-17 11:53:44] The value of Progress is 70
[Debug] [2025-10-17 11:53:45] The value of Progress is 75
[Debug] [2025-10-17 11:53:45] The value of Progress is 80
[Debug] [2025-10-17 11:53:45] The value of Progress is 85
[Debug] [2025-10-17 11:53:45] The value of Progress is 90
[Debug] [2025-10-17 11:53:45] The value of Progress is 95
[Debug] [2025-10-17 11:53:45] The value of Progress is 100
[Debug] [2025-10-17 11:53:45] COMMAND[Verify Outer Flash] execute successfully, takes 2.2 secs.
[Debug] [2025-10-17 11:53:45] end to send jtag flash verify cmd
[Debug] [2025-10-17 11:53:45] end to send jtag flash program cmd.
[Debug] [2025-10-17 11:53:45] Log::Print : COMMAND[Verify Outer Flash] execute successfully, takes 2.2 secs.
[Info] [2025-10-17 12:02:35] /***************************End Configration***************************/
[Info] [2025-10-17 12:02:37] /***************************Start Configuration***************************/
[Info] [2025-10-17 12:02:37] Path: C:/pango/PDS_2022.2-SP6.4/bin
[Info] [2025-10-17 12:02:37] Version: 146967
[Info] [2025-10-17 12:02:38] Current Path: D:/Desktop/video_class/camera_demo/FPGA_project/04_camera_pcie_capture_40pin/project
[Info] [2025-10-17 12:02:38] PDS Dir Path: D:/Desktop/video_class/camera_demo/FPGA_project/04_camera_pcie_capture_40pin/project
[Info] [2025-10-17 12:02:39] Configuration is not connect with server. connect first then scan chain.
[Debug] [2025-10-17 12:02:39] Client Local host name:LAPTOP-EA3TT0M1
[Debug] [2025-10-17 12:02:39] Client Local Address:192.168.1.105
[Debug] [2025-10-17 12:02:39] Client Local Address:10.104.21.106
[Debug] [2025-10-17 12:02:39] Server Address:127.0.0.1, Port:65420
[Debug] [2025-10-17 12:02:39] Log::Print : Connecting to server[127.0.0.1 : 65420].
[Info] [2025-10-17 12:02:40] Connect OK, Server: 127.0.0.1  Port: 65420
[Debug] [2025-10-17 12:02:40] Finish.
[Info] [2025-10-17 12:02:40] Connect server succeeded
[Debug] [2025-10-17 12:02:40] Send RPC:1
[Debug] [2025-10-17 12:02:40] Send cmd [check version information:40004] OK
[Debug] [2025-10-17 12:02:40] Log::Print : Connect to server[127.0.0.1 : 65420] successfully.
[Debug] [2025-10-17 12:02:40] Send RPC:2
[Debug] [2025-10-17 12:02:40] Send cmd [get_cable_paras:40010] OK
[Debug] [2025-10-17 12:02:40] Begin to send initialize chain cmd...
[Debug] [2025-10-17 12:02:40] Send RPC:3
[Debug] [2025-10-17 12:02:40] Send cmd [Open config cable:20001] OK
[Debug] [2025-10-17 12:02:40] End to send initialize chain cmd.
[Debug] [2025-10-17 12:02:40] COMMAND[check version information] execute successfully, takes 0.4 secs.
[Debug] [2025-10-17 12:02:40] Log::Print : COMMAND[check version information] execute successfully, takes 0.4 secs.
[Debug] [2025-10-17 12:02:42] COMMAND[get_cable_paras] execute successfully, takes 1.3 secs.
[Debug] [2025-10-17 12:02:42] Log::Print : The cable List : 
Cable index 0:USB Cable II/fffffffffffffffe 

[Debug] [2025-10-17 12:02:42] Log::Print : COMMAND[get_cable_paras] execute successfully, takes 1.3 secs.
[Debug] [2025-10-17 12:02:42] begin the exec of open cable cmd...
[Debug] [2025-10-17 12:02:42] Begin to deal with chain from server...
[Debug] [2025-10-17 12:02:42] Begin to set user chain...
[Debug] [2025-10-17 12:02:42] End to set user chain.
[Debug] [2025-10-17 12:02:42] Begin to update graphic item and tree item ...
[Debug] [2025-10-17 12:02:42] End to update graphic item and tree item ...
[Debug] [2025-10-17 12:02:42] Log::Print : PANGO USB CABLE II cable driver: D2XX DLL
[Debug] [2025-10-17 12:02:42] Log::Print : PG2L50H
[Debug] [2025-10-17 12:02:42] Log::Print : This device configure situation (done bit): 1
[Info] [2025-10-17 12:02:43] set OpenLastPath: D:/Desktop/video_class/camera_demo/FPGA_project/04_camera_pcie_capture_40pin/project/generate_bitstream/image_pcie_capture.sbit
[Debug] [2025-10-17 12:02:43] begin to get device info from CFG file...
[Debug] [2025-10-17 12:02:43] end to get device info from CFG file...
[Debug] [2025-10-17 12:02:43] Begin to update graphic item and tree item ...
[Debug] [2025-10-17 12:02:43] End to update graphic item and tree item ...
[Debug] [2025-10-17 12:02:43] Begin to update graphic item and tree item ...
[Debug] [2025-10-17 12:02:43] End to update graphic item and tree item ...
[Debug] [2025-10-17 12:02:43] End to deal wiht chain from server.
[Debug] [2025-10-17 12:02:43] end the exec of open cable cmd.
[Debug] [2025-10-17 12:02:43] COMMAND[Open config cable] execute successfully, takes 2.7 secs.
[Debug] [2025-10-17 12:02:43] Log::Print : COMMAND[Open config cable] execute successfully, takes 2.7 secs.
[Debug] [2025-10-17 12:02:46] Begin to Converte file.
[Debug] [2025-10-17 12:02:53] begin to parse sfc file.
[Debug] [2025-10-17 12:02:53] begin to get device info from CFG file...
[Debug] [2025-10-17 12:02:53] end to get device info from CFG file...
[Debug] [2025-10-17 12:02:53] begin to get device info from CFG file...
[Debug] [2025-10-17 12:02:53] end to get device info from CFG file...
[Debug] [2025-10-17 12:02:53] end to parse sfc file.
[Debug] [2025-10-17 12:02:53] Log::Print : The Start Address of bit file D:/Desktop/video_class/camera_demo/FPGA_project/04_camera_pcie_capture_40pin/project/generate_bitstream/image_pcie_capture.sbit: 0x0
[Debug] [2025-10-17 12:02:54] End to Converte file.
[Debug] [2025-10-17 12:02:56] Begin to send scan outer flash cmd...
[Debug] [2025-10-17 12:02:56] Send RPC:4
[Debug] [2025-10-17 12:02:56] Send cmd [Scan Outer SPI Flash:20300] OK
[Debug] [2025-10-17 12:02:56] End to send scan outer flash cmd.
[Debug] [2025-10-17 12:02:57] begin to exec scan jtag flash cmd...
[Debug] [2025-10-17 12:02:57] Begin to initialize JtagFlash for selected FPGA Device...
[Debug] [2025-10-17 12:02:57] Begin to update graphic item and tree item ...
[Debug] [2025-10-17 12:02:57] End to update graphic item and tree item ...
[Info] [2025-10-17 12:02:57] set OpenLastPath: D:/Desktop/video_class/camera_demo/FPGA_project/04_camera_pcie_capture_40pin/project/generate_bitstream/image_pcie_capture.sfc
[Debug] [2025-10-17 12:02:57] begin to check SFC File and Flash Device Read Mode.
[Debug] [2025-10-17 12:02:57] end to check SFC File and Flash Device Read Mode.
[Debug] [2025-10-17 12:02:57] Begin to update graphic item and tree item ...
[Debug] [2025-10-17 12:02:57] End to update graphic item and tree item ...
[Debug] [2025-10-17 12:02:57] End to initialize OuterFlash for selected FPGA Device...
[Debug] [2025-10-17 12:02:57] end to exec scan jtag flash cmd...
[Debug] [2025-10-17 12:02:57] COMMAND[Scan Outer SPI Flash] execute successfully, takes 1.2 secs.
[Debug] [2025-10-17 12:02:57] Log::Print : COMMAND[Scan Outer SPI Flash] execute successfully, takes 1.2 secs.
[Debug] [2025-10-17 12:02:58] begin to send promgram jtag flash cmd.
[Debug] [2025-10-17 12:02:58] begin to send jtag flash erase cmd
[Debug] [2025-10-17 12:02:58] Send RPC:5
[Debug] [2025-10-17 12:02:58] Begin to send embed flash erase data.
[Debug] [2025-10-17 12:02:58] Begin to send flash erase data.
[Debug] [2025-10-17 12:02:58] End to send flash erase data.
[Debug] [2025-10-17 12:02:58] End to send embed flash erase data.
[Debug] [2025-10-17 12:02:58] Send cmd [Erase Outer Flash:20302] OK
[Debug] [2025-10-17 12:02:58] Log::Print : The start address of operating flash is 0x0.
[Debug] [2025-10-17 12:02:59] The value of Progress is 1
[Debug] [2025-10-17 12:03:00] The value of Progress is 6
[Debug] [2025-10-17 12:03:00] The value of Progress is 10
[Debug] [2025-10-17 12:03:01] The value of Progress is 16
[Debug] [2025-10-17 12:03:01] The value of Progress is 20
[Debug] [2025-10-17 12:03:02] The value of Progress is 26
[Debug] [2025-10-17 12:03:02] The value of Progress is 30
[Debug] [2025-10-17 12:03:03] The value of Progress is 36
[Debug] [2025-10-17 12:03:03] The value of Progress is 40
[Debug] [2025-10-17 12:03:04] The value of Progress is 46
[Debug] [2025-10-17 12:03:04] The value of Progress is 50
[Debug] [2025-10-17 12:03:05] The value of Progress is 56
[Debug] [2025-10-17 12:03:05] The value of Progress is 60
[Debug] [2025-10-17 12:03:06] The value of Progress is 66
[Debug] [2025-10-17 12:03:06] The value of Progress is 70
[Debug] [2025-10-17 12:03:07] The value of Progress is 76
[Debug] [2025-10-17 12:03:07] The value of Progress is 80
[Debug] [2025-10-17 12:03:08] The value of Progress is 86
[Debug] [2025-10-17 12:03:08] The value of Progress is 90
[Debug] [2025-10-17 12:03:09] The value of Progress is 96
[Debug] [2025-10-17 12:03:09] The value of Progress is 100
[Debug] [2025-10-17 12:03:09] COMMAND[Erase Outer Flash] execute finish, takes 10.2 secs.
[Debug] [2025-10-17 12:03:09] end to send jtag flash erase cmd.
[Debug] [2025-10-17 12:03:09] Send RPC:6
[Debug] [2025-10-17 12:03:09] Begin to send jtag flash program data.
[Debug] [2025-10-17 12:03:09] Begin to send flash program data.
[Debug] [2025-10-17 12:03:09] End to send flash program data.
[Debug] [2025-10-17 12:03:09] End to send embed flash program data.
[Debug] [2025-10-17 12:03:09] Send cmd [Program Outer Flash:20301] OK
[Debug] [2025-10-17 12:03:09] Log::Print : COMMAND[Erase Outer Flash] execute finish, takes 10.2 secs.
[Debug] [2025-10-17 12:03:09] Log::Print : The start address of operating flash is 0x0.
[Debug] [2025-10-17 12:03:09] The value of Progress is 1
[Debug] [2025-10-17 12:03:11] The value of Progress is 6
[Debug] [2025-10-17 12:03:12] The value of Progress is 10
[Debug] [2025-10-17 12:03:13] The value of Progress is 15
[Debug] [2025-10-17 12:03:15] The value of Progress is 20
[Debug] [2025-10-17 12:03:16] The value of Progress is 25
[Debug] [2025-10-17 12:03:18] The value of Progress is 30
[Debug] [2025-10-17 12:03:20] The value of Progress is 35
[Debug] [2025-10-17 12:03:21] The value of Progress is 40
[Debug] [2025-10-17 12:03:23] The value of Progress is 45
[Debug] [2025-10-17 12:03:24] The value of Progress is 50
[Debug] [2025-10-17 12:03:26] The value of Progress is 55
[Debug] [2025-10-17 12:03:27] The value of Progress is 60
[Debug] [2025-10-17 12:03:29] The value of Progress is 65
[Debug] [2025-10-17 12:03:30] The value of Progress is 70
[Debug] [2025-10-17 12:03:32] The value of Progress is 75
[Debug] [2025-10-17 12:03:33] The value of Progress is 80
[Debug] [2025-10-17 12:03:35] The value of Progress is 85
[Debug] [2025-10-17 12:03:36] The value of Progress is 90
[Debug] [2025-10-17 12:03:38] The value of Progress is 95
[Debug] [2025-10-17 12:03:39] The value of Progress is 100
[Debug] [2025-10-17 12:03:40] COMMAND[Program Outer Flash] execute finish, takes 31.0 secs.
[Debug] [2025-10-17 12:03:40] begin to send jtag flash verify cmd
[Debug] [2025-10-17 12:03:40] Send RPC:7
[Debug] [2025-10-17 12:03:40] Begin to send embed flash verify data.
[Debug] [2025-10-17 12:03:40] Begin to send flash verify data.
[Debug] [2025-10-17 12:03:40] End to send flash verify data.
[Debug] [2025-10-17 12:03:40] End to send embed flash verify data.
[Debug] [2025-10-17 12:03:40] Send cmd [Verify Outer Flash:20303] OK
[Debug] [2025-10-17 12:03:40] Log::Print : COMMAND[Program Outer Flash] execute finish, takes 31.0 secs.
[Debug] [2025-10-17 12:03:40] Log::Print : The start address of operating flash is 0x0.
[Debug] [2025-10-17 12:03:40] The value of Progress is 1
[Debug] [2025-10-17 12:03:40] The value of Progress is 6
[Debug] [2025-10-17 12:03:40] The value of Progress is 10
[Debug] [2025-10-17 12:03:40] The value of Progress is 15
[Debug] [2025-10-17 12:03:40] The value of Progress is 20
[Debug] [2025-10-17 12:03:40] The value of Progress is 25
[Debug] [2025-10-17 12:03:40] The value of Progress is 30
[Debug] [2025-10-17 12:03:41] The value of Progress is 35
[Debug] [2025-10-17 12:03:41] The value of Progress is 40
[Debug] [2025-10-17 12:03:41] The value of Progress is 45
[Debug] [2025-10-17 12:03:41] The value of Progress is 50
[Debug] [2025-10-17 12:03:41] The value of Progress is 55
[Debug] [2025-10-17 12:03:41] The value of Progress is 60
[Debug] [2025-10-17 12:03:41] The value of Progress is 65
[Debug] [2025-10-17 12:03:41] The value of Progress is 70
[Debug] [2025-10-17 12:03:41] The value of Progress is 75
[Debug] [2025-10-17 12:03:41] The value of Progress is 80
[Debug] [2025-10-17 12:03:41] The value of Progress is 85
[Debug] [2025-10-17 12:03:42] The value of Progress is 90
[Debug] [2025-10-17 12:03:42] The value of Progress is 95
[Debug] [2025-10-17 12:03:42] The value of Progress is 100
[Debug] [2025-10-17 12:03:42] COMMAND[Verify Outer Flash] execute successfully, takes 2.2 secs.
[Debug] [2025-10-17 12:03:42] end to send jtag flash verify cmd
[Debug] [2025-10-17 12:03:42] end to send jtag flash program cmd.
[Debug] [2025-10-17 12:03:42] Log::Print : COMMAND[Verify Outer Flash] execute successfully, takes 2.2 secs.
[Debug] [2025-10-17 12:22:20] Begin to Converte file.
[Debug] [2025-10-17 12:22:20] End to Converte file.
[Debug] [2025-10-17 12:22:21] begin to parse sfc file.
[Debug] [2025-10-17 12:22:21] begin to get device info from CFG file...
[Debug] [2025-10-17 12:22:21] end to get device info from CFG file...
[Debug] [2025-10-17 12:22:21] begin to get device info from CFG file...
[Debug] [2025-10-17 12:22:21] end to get device info from CFG file...
[Debug] [2025-10-17 12:22:21] end to parse sfc file.
[Debug] [2025-10-17 12:22:21] Log::Print : The Start Address of bit file D:/Desktop/video_class/camera_demo/FPGA_project/04_camera_pcie_capture_40pin/project/generate_bitstream/image_pcie_capture.sbit: 0x0
[Debug] [2025-10-17 12:22:26] Begin to send scan outer flash cmd...
[Debug] [2025-10-17 12:22:26] Send RPC:8
[Debug] [2025-10-17 12:22:26] Send cmd [Scan Outer SPI Flash:20300] OK
[Debug] [2025-10-17 12:22:26] End to send scan outer flash cmd.
[Debug] [2025-10-17 12:22:26] begin to exec scan jtag flash cmd...
[Debug] [2025-10-17 12:22:26] Begin to initialize JtagFlash for selected FPGA Device...
[Debug] [2025-10-17 12:22:26] Begin to update graphic item and tree item ...
[Debug] [2025-10-17 12:22:26] End to update graphic item and tree item ...
[Info] [2025-10-17 12:22:27] set OpenLastPath: D:/Desktop/video_class/camera_demo/FPGA_project/04_camera_pcie_capture_40pin/project/generate_bitstream/image_pcie_capture.sfc
[Debug] [2025-10-17 12:22:27] begin to check SFC File and Flash Device Read Mode.
[Debug] [2025-10-17 12:22:27] end to check SFC File and Flash Device Read Mode.
[Debug] [2025-10-17 12:22:27] Begin to update graphic item and tree item ...
[Debug] [2025-10-17 12:22:27] End to update graphic item and tree item ...
[Debug] [2025-10-17 12:22:27] End to initialize OuterFlash for selected FPGA Device...
[Debug] [2025-10-17 12:22:27] end to exec scan jtag flash cmd...
[Debug] [2025-10-17 12:22:27] COMMAND[Scan Outer SPI Flash] execute successfully, takes 1.4 secs.
[Debug] [2025-10-17 12:22:27] Log::Print : COMMAND[Scan Outer SPI Flash] execute successfully, takes 1.4 secs.
[Debug] [2025-10-17 12:22:28] begin to send promgram jtag flash cmd.
[Debug] [2025-10-17 12:22:28] begin to send jtag flash erase cmd
[Debug] [2025-10-17 12:22:28] Send RPC:9
[Debug] [2025-10-17 12:22:28] Begin to send embed flash erase data.
[Debug] [2025-10-17 12:22:28] Begin to send flash erase data.
[Debug] [2025-10-17 12:22:28] End to send flash erase data.
[Debug] [2025-10-17 12:22:28] End to send embed flash erase data.
[Debug] [2025-10-17 12:22:28] Send cmd [Erase Outer Flash:20302] OK
[Debug] [2025-10-17 12:22:28] Log::Print : The start address of operating flash is 0x0.
[Debug] [2025-10-17 12:22:28] The value of Progress is 1
[Debug] [2025-10-17 12:22:30] The value of Progress is 6
[Debug] [2025-10-17 12:22:30] The value of Progress is 10
[Debug] [2025-10-17 12:22:31] The value of Progress is 16
[Debug] [2025-10-17 12:22:31] The value of Progress is 20
[Debug] [2025-10-17 12:22:32] The value of Progress is 26
[Debug] [2025-10-17 12:22:32] The value of Progress is 30
[Debug] [2025-10-17 12:22:33] The value of Progress is 36
[Debug] [2025-10-17 12:22:33] The value of Progress is 40
[Debug] [2025-10-17 12:22:34] The value of Progress is 46
[Debug] [2025-10-17 12:22:34] The value of Progress is 50
[Debug] [2025-10-17 12:22:35] The value of Progress is 56
[Debug] [2025-10-17 12:22:35] The value of Progress is 60
[Debug] [2025-10-17 12:22:36] The value of Progress is 66
[Debug] [2025-10-17 12:22:36] The value of Progress is 70
[Debug] [2025-10-17 12:22:37] The value of Progress is 76
[Debug] [2025-10-17 12:22:37] The value of Progress is 80
[Debug] [2025-10-17 12:22:38] The value of Progress is 86
[Debug] [2025-10-17 12:22:38] The value of Progress is 90
[Debug] [2025-10-17 12:22:39] The value of Progress is 96
[Debug] [2025-10-17 12:22:39] The value of Progress is 100
[Debug] [2025-10-17 12:22:39] COMMAND[Erase Outer Flash] execute finish, takes 10.7 secs.
[Debug] [2025-10-17 12:22:39] end to send jtag flash erase cmd.
[Debug] [2025-10-17 12:22:39] Send RPC:10
[Debug] [2025-10-17 12:22:39] Begin to send jtag flash program data.
[Debug] [2025-10-17 12:22:39] Begin to send flash program data.
[Debug] [2025-10-17 12:22:39] End to send flash program data.
[Debug] [2025-10-17 12:22:39] End to send embed flash program data.
[Debug] [2025-10-17 12:22:39] Send cmd [Program Outer Flash:20301] OK
[Debug] [2025-10-17 12:22:39] Log::Print : COMMAND[Erase Outer Flash] execute finish, takes 10.7 secs.
[Debug] [2025-10-17 12:22:39] Log::Print : The start address of operating flash is 0x0.
[Debug] [2025-10-17 12:22:39] The value of Progress is 1
[Debug] [2025-10-17 12:22:41] The value of Progress is 6
[Debug] [2025-10-17 12:22:42] The value of Progress is 10
[Debug] [2025-10-17 12:22:44] The value of Progress is 15
[Debug] [2025-10-17 12:22:45] The value of Progress is 20
[Debug] [2025-10-17 12:22:47] The value of Progress is 25
[Debug] [2025-10-17 12:22:48] The value of Progress is 30
[Debug] [2025-10-17 12:22:50] The value of Progress is 35
[Debug] [2025-10-17 12:22:51] The value of Progress is 40
[Debug] [2025-10-17 12:22:53] The value of Progress is 45
[Debug] [2025-10-17 12:22:54] The value of Progress is 50
[Debug] [2025-10-17 12:22:56] The value of Progress is 55
[Debug] [2025-10-17 12:22:57] The value of Progress is 60
[Debug] [2025-10-17 12:22:59] The value of Progress is 65
[Debug] [2025-10-17 12:23:00] The value of Progress is 70
[Debug] [2025-10-17 12:23:02] The value of Progress is 75
[Debug] [2025-10-17 12:23:03] The value of Progress is 80
[Debug] [2025-10-17 12:23:05] The value of Progress is 85
[Debug] [2025-10-17 12:23:06] The value of Progress is 90
[Debug] [2025-10-17 12:23:08] The value of Progress is 95
[Debug] [2025-10-17 12:23:09] The value of Progress is 100
[Debug] [2025-10-17 12:23:10] COMMAND[Program Outer Flash] execute finish, takes 30.7 secs.
[Debug] [2025-10-17 12:23:10] begin to send jtag flash verify cmd
[Debug] [2025-10-17 12:23:10] Send RPC:11
[Debug] [2025-10-17 12:23:10] Begin to send embed flash verify data.
[Debug] [2025-10-17 12:23:10] Begin to send flash verify data.
[Debug] [2025-10-17 12:23:10] End to send flash verify data.
[Debug] [2025-10-17 12:23:10] End to send embed flash verify data.
[Debug] [2025-10-17 12:23:10] Send cmd [Verify Outer Flash:20303] OK
[Debug] [2025-10-17 12:23:10] Log::Print : COMMAND[Program Outer Flash] execute finish, takes 30.7 secs.
[Debug] [2025-10-17 12:23:10] Log::Print : The start address of operating flash is 0x0.
[Debug] [2025-10-17 12:23:10] The value of Progress is 1
[Debug] [2025-10-17 12:23:10] The value of Progress is 6
[Debug] [2025-10-17 12:23:10] The value of Progress is 10
[Debug] [2025-10-17 12:23:10] The value of Progress is 15
[Debug] [2025-10-17 12:23:10] The value of Progress is 20
[Debug] [2025-10-17 12:23:10] The value of Progress is 25
[Debug] [2025-10-17 12:23:10] The value of Progress is 30
[Debug] [2025-10-17 12:23:11] The value of Progress is 35
[Debug] [2025-10-17 12:23:11] The value of Progress is 40
[Debug] [2025-10-17 12:23:11] The value of Progress is 45
[Debug] [2025-10-17 12:23:11] The value of Progress is 50
[Debug] [2025-10-17 12:23:11] The value of Progress is 55
[Debug] [2025-10-17 12:23:11] The value of Progress is 60
[Debug] [2025-10-17 12:23:11] The value of Progress is 65
[Debug] [2025-10-17 12:23:11] The value of Progress is 70
[Debug] [2025-10-17 12:23:11] The value of Progress is 75
[Debug] [2025-10-17 12:23:11] The value of Progress is 80
[Debug] [2025-10-17 12:23:12] The value of Progress is 85
[Debug] [2025-10-17 12:23:12] The value of Progress is 90
[Debug] [2025-10-17 12:23:12] The value of Progress is 95
[Debug] [2025-10-17 12:23:12] The value of Progress is 100
[Debug] [2025-10-17 12:23:12] COMMAND[Verify Outer Flash] execute successfully, takes 2.3 secs.
[Debug] [2025-10-17 12:23:12] end to send jtag flash verify cmd
[Debug] [2025-10-17 12:23:12] end to send jtag flash program cmd.
[Debug] [2025-10-17 12:23:12] Log::Print : COMMAND[Verify Outer Flash] execute successfully, takes 2.3 secs.
[Debug] [2025-10-17 12:33:17] Begin to Converte file.
[Debug] [2025-10-17 12:33:17] End to Converte file.
[Debug] [2025-10-17 12:33:20] begin to parse sfc file.
[Debug] [2025-10-17 12:33:20] begin to get device info from CFG file...
[Debug] [2025-10-17 12:33:20] end to get device info from CFG file...
[Debug] [2025-10-17 12:33:20] begin to get device info from CFG file...
[Debug] [2025-10-17 12:33:20] end to get device info from CFG file...
[Debug] [2025-10-17 12:33:20] end to parse sfc file.
[Debug] [2025-10-17 12:33:20] Log::Print : The Start Address of bit file D:/Desktop/video_class/camera_demo/FPGA_project/04_camera_pcie_capture_40pin/project/generate_bitstream/image_pcie_capture.sbit: 0x0
[Debug] [2025-10-17 12:33:23] Begin to send scan outer flash cmd...
[Debug] [2025-10-17 12:33:23] Send RPC:12
[Debug] [2025-10-17 12:33:23] Send cmd [Scan Outer SPI Flash:20300] OK
[Debug] [2025-10-17 12:33:23] End to send scan outer flash cmd.
[Debug] [2025-10-17 12:33:24] begin to exec scan jtag flash cmd...
[Debug] [2025-10-17 12:33:24] Begin to initialize JtagFlash for selected FPGA Device...
[Debug] [2025-10-17 12:33:24] Begin to update graphic item and tree item ...
[Debug] [2025-10-17 12:33:24] End to update graphic item and tree item ...
[Info] [2025-10-17 12:33:25] set OpenLastPath: D:/Desktop/video_class/camera_demo/FPGA_project/04_camera_pcie_capture_40pin/project/generate_bitstream/image_pcie_capture.sfc
[Debug] [2025-10-17 12:33:25] begin to check SFC File and Flash Device Read Mode.
[Debug] [2025-10-17 12:33:25] end to check SFC File and Flash Device Read Mode.
[Debug] [2025-10-17 12:33:25] Begin to update graphic item and tree item ...
[Debug] [2025-10-17 12:33:25] End to update graphic item and tree item ...
[Debug] [2025-10-17 12:33:25] End to initialize OuterFlash for selected FPGA Device...
[Debug] [2025-10-17 12:33:25] end to exec scan jtag flash cmd...
[Debug] [2025-10-17 12:33:25] COMMAND[Scan Outer SPI Flash] execute successfully, takes 2.3 secs.
[Debug] [2025-10-17 12:33:25] Log::Print : COMMAND[Scan Outer SPI Flash] execute successfully, takes 2.3 secs.
[Debug] [2025-10-17 12:33:28] begin to send promgram jtag flash cmd.
[Debug] [2025-10-17 12:33:28] begin to send jtag flash erase cmd
[Debug] [2025-10-17 12:33:28] Send RPC:13
[Debug] [2025-10-17 12:33:28] Begin to send embed flash erase data.
[Debug] [2025-10-17 12:33:28] Begin to send flash erase data.
[Debug] [2025-10-17 12:33:28] End to send flash erase data.
[Debug] [2025-10-17 12:33:28] End to send embed flash erase data.
[Debug] [2025-10-17 12:33:28] Send cmd [Erase Outer Flash:20302] OK
[Debug] [2025-10-17 12:33:28] Log::Print : The start address of operating flash is 0x0.
[Debug] [2025-10-17 12:33:28] The value of Progress is 1
[Debug] [2025-10-17 12:33:29] The value of Progress is 6
[Debug] [2025-10-17 12:33:29] The value of Progress is 10
[Debug] [2025-10-17 12:33:30] The value of Progress is 16
[Debug] [2025-10-17 12:33:30] The value of Progress is 20
[Debug] [2025-10-17 12:33:31] The value of Progress is 26
[Debug] [2025-10-17 12:33:31] The value of Progress is 30
[Debug] [2025-10-17 12:33:32] The value of Progress is 36
[Debug] [2025-10-17 12:33:32] The value of Progress is 40
[Debug] [2025-10-17 12:33:33] The value of Progress is 46
[Debug] [2025-10-17 12:33:33] The value of Progress is 50
[Debug] [2025-10-17 12:33:34] The value of Progress is 56
[Debug] [2025-10-17 12:33:34] The value of Progress is 60
[Debug] [2025-10-17 12:33:35] The value of Progress is 66
[Debug] [2025-10-17 12:33:35] The value of Progress is 70
[Debug] [2025-10-17 12:33:36] The value of Progress is 76
[Debug] [2025-10-17 12:33:36] The value of Progress is 80
[Debug] [2025-10-17 12:33:37] The value of Progress is 86
[Debug] [2025-10-17 12:33:37] The value of Progress is 90
[Debug] [2025-10-17 12:33:38] The value of Progress is 96
[Debug] [2025-10-17 12:33:38] The value of Progress is 100
[Debug] [2025-10-17 12:33:38] COMMAND[Erase Outer Flash] execute finish, takes 10.5 secs.
[Debug] [2025-10-17 12:33:38] end to send jtag flash erase cmd.
[Debug] [2025-10-17 12:33:38] Send RPC:14
[Debug] [2025-10-17 12:33:38] Begin to send jtag flash program data.
[Debug] [2025-10-17 12:33:38] Begin to send flash program data.
[Debug] [2025-10-17 12:33:38] End to send flash program data.
[Debug] [2025-10-17 12:33:38] End to send embed flash program data.
[Debug] [2025-10-17 12:33:38] Send cmd [Program Outer Flash:20301] OK
[Debug] [2025-10-17 12:33:38] Log::Print : COMMAND[Erase Outer Flash] execute finish, takes 10.5 secs.
[Debug] [2025-10-17 12:33:38] Log::Print : The start address of operating flash is 0x0.
[Debug] [2025-10-17 12:33:38] The value of Progress is 1
[Debug] [2025-10-17 12:33:40] The value of Progress is 6
[Debug] [2025-10-17 12:33:41] The value of Progress is 10
[Debug] [2025-10-17 12:33:43] The value of Progress is 15
[Debug] [2025-10-17 12:33:44] The value of Progress is 20
[Debug] [2025-10-17 12:33:46] The value of Progress is 25
[Debug] [2025-10-17 12:33:47] The value of Progress is 30
[Debug] [2025-10-17 12:33:49] The value of Progress is 35
[Debug] [2025-10-17 12:33:50] The value of Progress is 40
[Debug] [2025-10-17 12:33:52] The value of Progress is 45
[Debug] [2025-10-17 12:33:53] The value of Progress is 50
[Debug] [2025-10-17 12:33:55] The value of Progress is 55
[Debug] [2025-10-17 12:33:56] The value of Progress is 60
[Debug] [2025-10-17 12:33:58] The value of Progress is 65
[Debug] [2025-10-17 12:33:59] The value of Progress is 70
[Debug] [2025-10-17 12:34:01] The value of Progress is 75
[Debug] [2025-10-17 12:34:03] The value of Progress is 80
[Debug] [2025-10-17 12:34:04] The value of Progress is 85
[Debug] [2025-10-17 12:34:06] The value of Progress is 90
[Debug] [2025-10-17 12:34:07] The value of Progress is 95
[Debug] [2025-10-17 12:34:09] The value of Progress is 100
[Debug] [2025-10-17 12:34:09] COMMAND[Program Outer Flash] execute finish, takes 30.7 secs.
[Debug] [2025-10-17 12:34:09] begin to send jtag flash verify cmd
[Debug] [2025-10-17 12:34:09] Send RPC:15
[Debug] [2025-10-17 12:34:09] Begin to send embed flash verify data.
[Debug] [2025-10-17 12:34:09] Begin to send flash verify data.
[Debug] [2025-10-17 12:34:09] End to send flash verify data.
[Debug] [2025-10-17 12:34:09] End to send embed flash verify data.
[Debug] [2025-10-17 12:34:09] Send cmd [Verify Outer Flash:20303] OK
[Debug] [2025-10-17 12:34:09] Log::Print : COMMAND[Program Outer Flash] execute finish, takes 30.7 secs.
[Debug] [2025-10-17 12:34:09] Log::Print : The start address of operating flash is 0x0.
[Debug] [2025-10-17 12:34:09] The value of Progress is 1
[Debug] [2025-10-17 12:34:09] The value of Progress is 6
[Debug] [2025-10-17 12:34:09] The value of Progress is 10
[Debug] [2025-10-17 12:34:09] The value of Progress is 15
[Debug] [2025-10-17 12:34:09] The value of Progress is 20
[Debug] [2025-10-17 12:34:10] The value of Progress is 25
[Debug] [2025-10-17 12:34:10] The value of Progress is 30
[Debug] [2025-10-17 12:34:10] The value of Progress is 35
[Debug] [2025-10-17 12:34:10] The value of Progress is 40
[Debug] [2025-10-17 12:34:10] The value of Progress is 45
[Debug] [2025-10-17 12:34:10] The value of Progress is 50
[Debug] [2025-10-17 12:34:10] The value of Progress is 55
[Debug] [2025-10-17 12:34:10] The value of Progress is 60
[Debug] [2025-10-17 12:34:10] The value of Progress is 65
[Debug] [2025-10-17 12:34:10] The value of Progress is 70
[Debug] [2025-10-17 12:34:10] The value of Progress is 75
[Debug] [2025-10-17 12:34:11] The value of Progress is 80
[Debug] [2025-10-17 12:34:11] The value of Progress is 85
[Debug] [2025-10-17 12:34:11] The value of Progress is 90
[Debug] [2025-10-17 12:34:11] The value of Progress is 95
[Debug] [2025-10-17 12:34:11] The value of Progress is 100
[Debug] [2025-10-17 12:34:11] COMMAND[Verify Outer Flash] execute successfully, takes 2.3 secs.
[Debug] [2025-10-17 12:34:11] end to send jtag flash verify cmd
[Debug] [2025-10-17 12:34:11] end to send jtag flash program cmd.
[Debug] [2025-10-17 12:34:11] Log::Print : COMMAND[Verify Outer Flash] execute successfully, takes 2.3 secs.
[Debug] [2025-10-17 12:45:21] Begin to Converte file.
[Debug] [2025-10-17 12:45:21] End to Converte file.
[Debug] [2025-10-17 12:45:25] begin to parse sfc file.
[Debug] [2025-10-17 12:45:25] begin to get device info from CFG file...
[Debug] [2025-10-17 12:45:25] end to get device info from CFG file...
[Debug] [2025-10-17 12:45:25] begin to get device info from CFG file...
[Debug] [2025-10-17 12:45:25] end to get device info from CFG file...
[Debug] [2025-10-17 12:45:25] end to parse sfc file.
[Debug] [2025-10-17 12:45:25] Log::Print : The Start Address of bit file D:/Desktop/video_class/camera_demo/FPGA_project/04_camera_pcie_capture_40pin/project/generate_bitstream/image_pcie_capture.sbit: 0x0
[Debug] [2025-10-17 12:45:28] begin to send promgram jtag flash cmd.
[Debug] [2025-10-17 12:45:28] begin to send jtag flash erase cmd
[Debug] [2025-10-17 12:45:28] Send RPC:16
[Debug] [2025-10-17 12:45:28] Begin to send embed flash erase data.
[Debug] [2025-10-17 12:45:28] Begin to send flash erase data.
[Debug] [2025-10-17 12:45:28] End to send flash erase data.
[Debug] [2025-10-17 12:45:28] End to send embed flash erase data.
[Debug] [2025-10-17 12:45:28] Send cmd [Erase Outer Flash:20302] OK
[Debug] [2025-10-17 12:45:29] Log::Print : The start address of operating flash is 0x0.
[Debug] [2025-10-17 12:45:29] The value of Progress is 1
[Debug] [2025-10-17 12:45:30] The value of Progress is 6
[Debug] [2025-10-17 12:45:30] The value of Progress is 10
[Debug] [2025-10-17 12:45:31] The value of Progress is 16
[Debug] [2025-10-17 12:45:31] The value of Progress is 20
[Debug] [2025-10-17 12:45:32] The value of Progress is 26
[Debug] [2025-10-17 12:45:32] The value of Progress is 30
[Debug] [2025-10-17 12:45:33] The value of Progress is 36
[Debug] [2025-10-17 12:45:33] The value of Progress is 40
[Debug] [2025-10-17 12:45:34] The value of Progress is 46
[Debug] [2025-10-17 12:45:34] The value of Progress is 50
[Debug] [2025-10-17 12:45:35] The value of Progress is 56
[Debug] [2025-10-17 12:45:35] The value of Progress is 60
[Debug] [2025-10-17 12:45:36] The value of Progress is 66
[Debug] [2025-10-17 12:45:36] The value of Progress is 70
[Debug] [2025-10-17 12:45:37] The value of Progress is 76
[Debug] [2025-10-17 12:45:37] The value of Progress is 80
[Debug] [2025-10-17 12:45:38] The value of Progress is 86
[Debug] [2025-10-17 12:45:38] The value of Progress is 90
[Debug] [2025-10-17 12:45:39] The value of Progress is 96
[Debug] [2025-10-17 12:45:39] The value of Progress is 100
[Debug] [2025-10-17 12:45:39] COMMAND[Erase Outer Flash] execute finish, takes 10.4 secs.
[Debug] [2025-10-17 12:45:39] end to send jtag flash erase cmd.
[Debug] [2025-10-17 12:45:39] Send RPC:17
[Debug] [2025-10-17 12:45:39] Begin to send jtag flash program data.
[Debug] [2025-10-17 12:45:39] Begin to send flash program data.
[Debug] [2025-10-17 12:45:39] End to send flash program data.
[Debug] [2025-10-17 12:45:39] End to send embed flash program data.
[Debug] [2025-10-17 12:45:39] Send cmd [Program Outer Flash:20301] OK
[Debug] [2025-10-17 12:45:39] Log::Print : COMMAND[Erase Outer Flash] execute finish, takes 10.4 secs.
[Debug] [2025-10-17 12:45:39] Log::Print : The start address of operating flash is 0x0.
[Debug] [2025-10-17 12:45:39] The value of Progress is 1
[Debug] [2025-10-17 12:45:41] The value of Progress is 6
[Debug] [2025-10-17 12:45:42] The value of Progress is 10
[Debug] [2025-10-17 12:45:44] The value of Progress is 15
[Debug] [2025-10-17 12:45:45] The value of Progress is 20
[Debug] [2025-10-17 12:45:47] The value of Progress is 25
[Debug] [2025-10-17 12:45:48] The value of Progress is 30
[Debug] [2025-10-17 12:45:50] The value of Progress is 35
[Debug] [2025-10-17 12:45:51] The value of Progress is 40
[Debug] [2025-10-17 12:45:53] The value of Progress is 45
[Debug] [2025-10-17 12:45:54] The value of Progress is 50
[Debug] [2025-10-17 12:45:56] The value of Progress is 55
[Debug] [2025-10-17 12:45:57] The value of Progress is 60
[Debug] [2025-10-17 12:45:59] The value of Progress is 65
[Debug] [2025-10-17 12:46:00] The value of Progress is 70
[Debug] [2025-10-17 12:46:02] The value of Progress is 75
[Debug] [2025-10-17 12:46:03] The value of Progress is 80
[Debug] [2025-10-17 12:46:05] The value of Progress is 85
[Debug] [2025-10-17 12:46:06] The value of Progress is 90
[Debug] [2025-10-17 12:46:08] The value of Progress is 95
[Debug] [2025-10-17 12:46:09] The value of Progress is 100
[Debug] [2025-10-17 12:46:09] COMMAND[Program Outer Flash] execute finish, takes 30.4 secs.
[Debug] [2025-10-17 12:46:09] begin to send jtag flash verify cmd
[Debug] [2025-10-17 12:46:09] Send RPC:18
[Debug] [2025-10-17 12:46:09] Begin to send embed flash verify data.
[Debug] [2025-10-17 12:46:09] Begin to send flash verify data.
[Debug] [2025-10-17 12:46:09] End to send flash verify data.
[Debug] [2025-10-17 12:46:09] End to send embed flash verify data.
[Debug] [2025-10-17 12:46:09] Send cmd [Verify Outer Flash:20303] OK
[Debug] [2025-10-17 12:46:09] Log::Print : COMMAND[Program Outer Flash] execute finish, takes 30.4 secs.
[Debug] [2025-10-17 12:46:09] Log::Print : The start address of operating flash is 0x0.
[Debug] [2025-10-17 12:46:10] The value of Progress is 1
[Debug] [2025-10-17 12:46:10] The value of Progress is 6
[Debug] [2025-10-17 12:46:10] The value of Progress is 10
[Debug] [2025-10-17 12:46:10] The value of Progress is 15
[Debug] [2025-10-17 12:46:10] The value of Progress is 20
[Debug] [2025-10-17 12:46:10] The value of Progress is 25
[Debug] [2025-10-17 12:46:10] The value of Progress is 30
[Debug] [2025-10-17 12:46:10] The value of Progress is 35
[Debug] [2025-10-17 12:46:10] The value of Progress is 40
[Debug] [2025-10-17 12:46:10] The value of Progress is 45
[Debug] [2025-10-17 12:46:10] The value of Progress is 50
[Debug] [2025-10-17 12:46:11] The value of Progress is 55
[Debug] [2025-10-17 12:46:11] The value of Progress is 60
[Debug] [2025-10-17 12:46:11] The value of Progress is 65
[Debug] [2025-10-17 12:46:11] The value of Progress is 70
[Debug] [2025-10-17 12:46:11] The value of Progress is 75
[Debug] [2025-10-17 12:46:11] The value of Progress is 80
[Debug] [2025-10-17 12:46:11] The value of Progress is 85
[Debug] [2025-10-17 12:46:11] The value of Progress is 90
[Debug] [2025-10-17 12:46:11] The value of Progress is 95
[Debug] [2025-10-17 12:46:11] The value of Progress is 100
[Debug] [2025-10-17 12:46:12] COMMAND[Verify Outer Flash] execute successfully, takes 2.3 secs.
[Debug] [2025-10-17 12:46:12] end to send jtag flash verify cmd
[Debug] [2025-10-17 12:46:12] end to send jtag flash program cmd.
[Debug] [2025-10-17 12:46:12] Log::Print : COMMAND[Verify Outer Flash] execute successfully, takes 2.3 secs.
[Error] [2025-10-17 12:50:48] Server close connect
[Info] [2025-10-17 12:50:48] Disconnect from Server: 127.0.0.1  Port: 65420
[Warn] [2025-10-17 12:50:48] Server is disconnected
[Debug] [2025-10-17 12:50:48] end to connect server
[Debug] [2025-10-17 12:50:48] Server close connect process finish
[Debug] [2025-10-17 12:50:48] Begin to delete graphic item and tree item ...
[Debug] [2025-10-17 12:50:48] Begin to remove all device in BS mode...
[Debug] [2025-10-17 12:50:48] begin remove user device...
[Debug] [2025-10-17 12:50:48] begin remove user device...
[Debug] [2025-10-17 12:50:48] end remove user device.
[Debug] [2025-10-17 12:50:48] Begin to update graphic item and tree item ...
[Debug] [2025-10-17 12:50:48] End to update graphic item and tree item ...
[Debug] [2025-10-17 12:50:48] end remove user device.
[Debug] [2025-10-17 12:50:48] End to remove devices in BS mode...
[Debug] [2025-10-17 12:50:48] Begin to update graphic item and tree item ...
[Debug] [2025-10-17 12:50:48] End to update graphic item and tree item ...
[Debug] [2025-10-17 12:50:48] End to delete graphic item and tree item ...
[Error] [2025-10-17 12:50:49] MsgOut: CdtCommon-0402: Fail to connect to server. 
[Debug] [2025-10-17 12:50:49] Log::Print : Server is disconnect
[Info] [2025-10-18 18:33:59] /***************************Start Configuration***************************/
[Info] [2025-10-18 18:33:59] Path: C:/pango/PDS_2022.2-SP6.4/bin
[Info] [2025-10-18 18:33:59] Version: 146967
[Info] [2025-10-18 18:34:00] Current Path: D:/Desktop/video_class/camera_demo/FPGA_project/04_camera_pcie_capture_40pin_100k/project
[Info] [2025-10-18 18:34:00] PDS Dir Path: D:/Desktop/video_class/camera_demo/FPGA_project/04_camera_pcie_capture_40pin_100k/project
[Debug] [2025-10-18 18:34:02] Begin to Converte file.
[Debug] [2025-10-18 18:34:11] begin to parse sfc file.
[Debug] [2025-10-18 18:34:11] begin to get device info from CFG file...
[Debug] [2025-10-18 18:34:11] end to get device info from CFG file...
[Debug] [2025-10-18 18:34:11] begin to get device info from CFG file...
[Debug] [2025-10-18 18:34:11] end to get device info from CFG file...
[Debug] [2025-10-18 18:34:11] end to parse sfc file.
[Debug] [2025-10-18 18:34:11] Log::Print : The Start Address of bit file D:/Desktop/video_class/camera_demo/FPGA_project/04_camera_pcie_capture_40pin_100k/project/generate_bitstream/image_pcie_capture.sbit: 0x0
[Debug] [2025-10-18 18:34:12] End to Converte file.
[Info] [2025-10-18 18:34:12] /***************************End Configration***************************/
[Info] [2026-4-27 09:23:20] /***************************Start Configuration***************************/
[Info] [2026-4-27 09:23:20] Path: C:/pango/PDS_2022.2-SP6.4/bin
[Info] [2026-4-27 09:23:20] Version: 146967
[Info] [2026-4-27 09:23:21] Current Path: D:/Desktop/work_material/video_class/camera_demo/FPGA_project/08_HDMI_pcie_capture_40pin_100k/project
[Info] [2026-4-27 09:23:21] PDS Dir Path: D:/Desktop/work_material/video_class/camera_demo/FPGA_project/08_HDMI_pcie_capture_40pin_100k/project
[Debug] [2026-4-27 09:23:24] Begin to Converte file.
[Debug] [2026-4-27 09:23:33] begin to parse sfc file.
[Debug] [2026-4-27 09:23:33] begin to get device info from CFG file...
[Debug] [2026-4-27 09:23:33] end to get device info from CFG file...
[Debug] [2026-4-27 09:23:33] begin to get device info from CFG file...
[Debug] [2026-4-27 09:23:33] end to get device info from CFG file...
[Debug] [2026-4-27 09:23:33] end to parse sfc file.
[Debug] [2026-4-27 09:23:33] Log::Print : The Start Address of bit file D:/Desktop/work_material/video_class/camera_demo/FPGA_project/08_HDMI_pcie_capture_40pin_100k/project/generate_bitstream/image_pcie_capture.sbit: 0x0
[Debug] [2026-4-27 09:23:34] End to Converte file.
[Info] [2026-4-27 09:23:35] /***************************End Configration***************************/
[Info] [2026-6-12 10:55:24] /***************************Start Configuration***************************/
[Info] [2026-6-12 10:55:24] Path: F:/PDS_2022.2-SP6.4/bin
[Info] [2026-6-12 10:55:24] Version: 146967
[Info] [2026-6-12 10:55:25] Current Path: C:/Users/23694/Desktop/ziguang_project/08_HDMI_pcie_capture_40pin_100k/project
[Info] [2026-6-12 10:55:25] PDS Dir Path: C:/Users/23694/Desktop/ziguang_project/08_HDMI_pcie_capture_40pin_100k/project
[Info] [2026-6-12 10:55:27] Configuration is not connect with server. connect first then scan chain.
[Debug] [2026-6-12 10:55:27] Client Local host name:xufei
[Debug] [2026-6-12 10:55:27] Client Local Address:192.168.83.1
[Debug] [2026-6-12 10:55:27] Client Local Address:192.168.189.1
[Debug] [2026-6-12 10:55:27] Client Local Address:172.16.209.126
[Debug] [2026-6-12 10:55:27] Server Address:127.0.0.1, Port:65420
[Debug] [2026-6-12 10:55:28] Log::Print : Connecting to server[127.0.0.1 : 65420].
[Info] [2026-6-12 10:55:28] Connect OK, Server: 127.0.0.1  Port: 65420
[Debug] [2026-6-12 10:55:28] Finish.
[Info] [2026-6-12 10:55:28] Connect server succeeded
[Debug] [2026-6-12 10:55:28] Send RPC:1
[Debug] [2026-6-12 10:55:28] Send cmd [check version information:40004] OK
[Debug] [2026-6-12 10:55:28] Log::Print : Connect to server[127.0.0.1 : 65420] successfully.
[Debug] [2026-6-12 10:55:30] Send RPC:2
[Debug] [2026-6-12 10:55:30] Send cmd [get_cable_paras:40010] OK
[Debug] [2026-6-12 10:55:30] Begin to send initialize chain cmd...
[Debug] [2026-6-12 10:55:30] Send RPC:3
[Debug] [2026-6-12 10:55:30] Send cmd [Open config cable:20001] OK
[Debug] [2026-6-12 10:55:30] End to send initialize chain cmd.
[Debug] [2026-6-12 10:55:30] COMMAND[check version information] execute successfully, takes 2.2 secs.
[Debug] [2026-6-12 10:55:30] Log::Print : COMMAND[check version information] execute successfully, takes 2.2 secs.
[Debug] [2026-6-12 10:55:33] COMMAND[get_cable_paras] execute successfully, takes 2.9 secs.
[Debug] [2026-6-12 10:55:33] Log::Print : The cable List : 
Cable index 0:USB Cable II/fffffffffffffffe 

[Debug] [2026-6-12 10:55:33] Log::Print : COMMAND[get_cable_paras] execute successfully, takes 2.9 secs.
[Debug] [2026-6-12 10:55:34] begin the exec of open cable cmd...
[Debug] [2026-6-12 10:55:34] Begin to deal with chain from server...
[Debug] [2026-6-12 10:55:34] Begin to set user chain...
[Debug] [2026-6-12 10:55:34] End to set user chain.
[Debug] [2026-6-12 10:55:34] Begin to update graphic item and tree item ...
[Debug] [2026-6-12 10:55:34] End to update graphic item and tree item ...
[Debug] [2026-6-12 10:55:34] Log::Print : PANGO USB CABLE II cable driver: D2XX DLL
[Debug] [2026-6-12 10:55:34] Log::Print : PG2L100H
[Debug] [2026-6-12 10:55:34] Log::Print : This device configure situation (done bit): 1
[Info] [2026-6-12 10:55:35] set OpenLastPath: C:/Users/23694/Desktop/ziguang_project/08_HDMI_pcie_capture_40pin_100k/project/generate_bitstream/image_pcie_capture.sbit
[Debug] [2026-6-12 10:55:35] begin to get device info from CFG file...
[Debug] [2026-6-12 10:55:35] end to get device info from CFG file...
[Debug] [2026-6-12 10:55:36] Begin to update graphic item and tree item ...
[Debug] [2026-6-12 10:55:36] End to update graphic item and tree item ...
[Debug] [2026-6-12 10:55:36] Begin to update graphic item and tree item ...
[Debug] [2026-6-12 10:55:36] End to update graphic item and tree item ...
[Debug] [2026-6-12 10:55:36] End to deal wiht chain from server.
[Debug] [2026-6-12 10:55:36] end the exec of open cable cmd.
[Debug] [2026-6-12 10:55:36] COMMAND[Open config cable] execute successfully, takes 5.3 secs.
[Debug] [2026-6-12 10:55:36] Log::Print : COMMAND[Open config cable] execute successfully, takes 5.3 secs.
[Debug] [2026-6-12 10:55:41] Begin to send initialize chain cmd...
[Debug] [2026-6-12 10:55:41] Send RPC:4
[Debug] [2026-6-12 10:55:41] Send cmd [Open config cable:20001] OK
[Debug] [2026-6-12 10:55:41] End to send initialize chain cmd.
[Debug] [2026-6-12 10:55:42] begin the exec of open cable cmd...
[Debug] [2026-6-12 10:55:42] Begin to deal with chain from server...
[Debug] [2026-6-12 10:55:42] Begin to set user chain...
[Debug] [2026-6-12 10:55:42] End to set user chain.
[Debug] [2026-6-12 10:55:42] Begin to update graphic item and tree item ...
[Debug] [2026-6-12 10:55:42] End to update graphic item and tree item ...
[Debug] [2026-6-12 10:55:42] Log::Print : PANGO USB CABLE II cable driver: D2XX DLL
[Debug] [2026-6-12 10:55:42] Log::Print : PG2L100H
[Debug] [2026-6-12 10:55:42] Log::Print : This device configure situation (done bit): 1
[Debug] [2026-6-12 10:55:49] selected file name is empty and ignore.
[Debug] [2026-6-12 10:55:49] Begin to update graphic item and tree item ...
[Debug] [2026-6-12 10:55:49] End to update graphic item and tree item ...
[Debug] [2026-6-12 10:55:49] End to deal wiht chain from server.
[Debug] [2026-6-12 10:55:49] end the exec of open cable cmd.
[Debug] [2026-6-12 10:55:49] COMMAND[Open config cable] execute successfully, takes 7.8 secs.
[Debug] [2026-6-12 10:55:49] Log::Print : COMMAND[Open config cable] execute successfully, takes 7.8 secs.
[Info] [2026-6-12 10:55:50] /***************************End Configration***************************/
[Info] [2026-6-12 11:01:16] /***************************Start Configuration***************************/
[Info] [2026-6-12 11:01:16] Path: F:/PDS_2022.2-SP6.4/bin
[Info] [2026-6-12 11:01:16] Version: 146967
[Info] [2026-6-12 11:01:17] Current Path: C:/Users/23694/Desktop/ziguang_project/08_HDMI_pcie_capture_40pin_100k/project
[Info] [2026-6-12 11:01:17] PDS Dir Path: C:/Users/23694/Desktop/ziguang_project/08_HDMI_pcie_capture_40pin_100k/project
[Info] [2026-6-12 11:01:21] Configuration is not connect with server. connect first then scan chain.
[Debug] [2026-6-12 11:01:21] Client Local host name:xufei
[Debug] [2026-6-12 11:01:21] Client Local Address:192.168.83.1
[Debug] [2026-6-12 11:01:21] Client Local Address:192.168.189.1
[Debug] [2026-6-12 11:01:21] Client Local Address:172.16.209.126
[Debug] [2026-6-12 11:01:21] Server Address:127.0.0.1, Port:65420
[Debug] [2026-6-12 11:01:21] Log::Print : Connecting to server[127.0.0.1 : 65420].
[Info] [2026-6-12 11:01:22] Connect OK, Server: 127.0.0.1  Port: 65420
[Debug] [2026-6-12 11:01:22] Finish.
[Info] [2026-6-12 11:01:22] Connect server succeeded
[Debug] [2026-6-12 11:01:22] Send RPC:1
[Debug] [2026-6-12 11:01:22] Send cmd [check version information:40004] OK
[Debug] [2026-6-12 11:01:22] Log::Print : Connect to server[127.0.0.1 : 65420] successfully.
[Debug] [2026-6-12 11:01:24] Send RPC:2
[Debug] [2026-6-12 11:01:24] Send cmd [get_cable_paras:40010] OK
[Debug] [2026-6-12 11:01:24] Begin to send initialize chain cmd...
[Debug] [2026-6-12 11:01:24] Send RPC:3
[Debug] [2026-6-12 11:01:24] Send cmd [Open config cable:20001] OK
[Debug] [2026-6-12 11:01:24] End to send initialize chain cmd.
[Debug] [2026-6-12 11:01:24] COMMAND[check version information] execute successfully, takes 2.4 secs.
[Debug] [2026-6-12 11:01:24] Log::Print : COMMAND[check version information] execute successfully, takes 2.4 secs.
[Debug] [2026-6-12 11:01:27] COMMAND[get_cable_paras] execute successfully, takes 3.0 secs.
[Debug] [2026-6-12 11:01:27] Log::Print : The cable List : 
Cable index 0:USB Cable II/fffffffffffffffe 

[Debug] [2026-6-12 11:01:27] Log::Print : COMMAND[get_cable_paras] execute successfully, takes 3.0 secs.
[Debug] [2026-6-12 11:01:28] begin the exec of open cable cmd...
[Debug] [2026-6-12 11:01:28] Begin to deal with chain from server...
[Debug] [2026-6-12 11:01:28] Begin to set user chain...
[Debug] [2026-6-12 11:01:28] End to set user chain.
[Debug] [2026-6-12 11:01:28] Begin to update graphic item and tree item ...
[Debug] [2026-6-12 11:01:28] End to update graphic item and tree item ...
[Debug] [2026-6-12 11:01:28] Log::Print : PANGO USB CABLE II cable driver: D2XX DLL
[Debug] [2026-6-12 11:01:28] Log::Print : PG2L100H
[Debug] [2026-6-12 11:01:28] Log::Print : This device configure situation (done bit): 1
[Info] [2026-6-12 11:01:30] set OpenLastPath: C:/Users/23694/Desktop/ziguang_project/08_HDMI_pcie_capture_40pin_100k/project/generate_bitstream/image_pcie_capture.sbit
[Debug] [2026-6-12 11:01:30] begin to get device info from CFG file...
[Debug] [2026-6-12 11:01:30] end to get device info from CFG file...
[Debug] [2026-6-12 11:01:30] Begin to update graphic item and tree item ...
[Debug] [2026-6-12 11:01:30] End to update graphic item and tree item ...
[Debug] [2026-6-12 11:01:30] Begin to update graphic item and tree item ...
[Debug] [2026-6-12 11:01:30] End to update graphic item and tree item ...
[Debug] [2026-6-12 11:01:30] End to deal wiht chain from server.
[Debug] [2026-6-12 11:01:30] end the exec of open cable cmd.
[Debug] [2026-6-12 11:01:30] COMMAND[Open config cable] execute successfully, takes 5.4 secs.
[Debug] [2026-6-12 11:01:30] Log::Print : COMMAND[Open config cable] execute successfully, takes 5.4 secs.
[Debug] [2026-6-12 11:01:31] Begin to Converte file.
[Debug] [2026-6-12 11:01:38] begin to parse sfc file.
[Debug] [2026-6-12 11:01:38] begin to get device info from CFG file...
[Debug] [2026-6-12 11:01:38] end to get device info from CFG file...
[Debug] [2026-6-12 11:01:38] begin to get device info from CFG file...
[Debug] [2026-6-12 11:01:38] end to get device info from CFG file...
[Debug] [2026-6-12 11:01:38] end to parse sfc file.
[Debug] [2026-6-12 11:01:38] Log::Print : The Start Address of bit file C:/Users/23694/Desktop/ziguang_project/08_HDMI_pcie_capture_40pin_100k/project/generate_bitstream/image_pcie_capture.sbit: 0x0
[Debug] [2026-6-12 11:01:39] End to Converte file.
[Debug] [2026-6-12 11:01:40] Begin to send scan outer flash cmd...
[Debug] [2026-6-12 11:01:40] Send RPC:4
[Debug] [2026-6-12 11:01:40] Send cmd [Scan Outer SPI Flash:20300] OK
[Debug] [2026-6-12 11:01:40] End to send scan outer flash cmd.
[Debug] [2026-6-12 11:01:41] begin to exec scan jtag flash cmd...
[Debug] [2026-6-12 11:01:41] Begin to initialize JtagFlash for selected FPGA Device...
[Debug] [2026-6-12 11:01:41] Begin to update graphic item and tree item ...
[Debug] [2026-6-12 11:01:41] End to update graphic item and tree item ...
[Info] [2026-6-12 11:01:42] set OpenLastPath: C:/Users/23694/Desktop/ziguang_project/08_HDMI_pcie_capture_40pin_100k/project/generate_bitstream/image_pcie_capture.sfc
[Debug] [2026-6-12 11:01:42] begin to check SFC File and Flash Device Read Mode.
[Debug] [2026-6-12 11:01:42] end to check SFC File and Flash Device Read Mode.
[Debug] [2026-6-12 11:01:42] Begin to update graphic item and tree item ...
[Debug] [2026-6-12 11:01:42] End to update graphic item and tree item ...
[Debug] [2026-6-12 11:01:42] End to initialize OuterFlash for selected FPGA Device...
[Debug] [2026-6-12 11:01:42] end to exec scan jtag flash cmd...
[Debug] [2026-6-12 11:01:42] COMMAND[Scan Outer SPI Flash] execute successfully, takes 1.8 secs.
[Debug] [2026-6-12 11:01:42] Log::Print : COMMAND[Scan Outer SPI Flash] execute successfully, takes 1.8 secs.
[Debug] [2026-6-12 11:01:43] begin to send promgram jtag flash cmd.
[Debug] [2026-6-12 11:01:43] begin to send jtag flash erase cmd
[Debug] [2026-6-12 11:01:43] Send RPC:5
[Debug] [2026-6-12 11:01:43] Begin to send embed flash erase data.
[Debug] [2026-6-12 11:01:43] Begin to send flash erase data.
[Debug] [2026-6-12 11:01:43] End to send flash erase data.
[Debug] [2026-6-12 11:01:43] End to send embed flash erase data.
[Debug] [2026-6-12 11:01:43] Send cmd [Erase Outer Flash:20302] OK
[Debug] [2026-6-12 11:01:43] Log::Print : The start address of operating flash is 0x0.
[Debug] [2026-6-12 11:01:43] The value of Progress is 1
[Debug] [2026-6-12 11:01:45] The value of Progress is 6
[Debug] [2026-6-12 11:01:46] The value of Progress is 11
[Debug] [2026-6-12 11:01:46] The value of Progress is 15
[Debug] [2026-6-12 11:01:47] The value of Progress is 20
[Debug] [2026-6-12 11:01:48] The value of Progress is 25
[Debug] [2026-6-12 11:01:49] The value of Progress is 31
[Debug] [2026-6-12 11:01:50] The value of Progress is 36
[Debug] [2026-6-12 11:01:51] The value of Progress is 40
[Debug] [2026-6-12 11:01:52] The value of Progress is 45
[Debug] [2026-6-12 11:01:53] The value of Progress is 50
[Debug] [2026-6-12 11:01:54] The value of Progress is 56
[Debug] [2026-6-12 11:01:55] The value of Progress is 61
[Debug] [2026-6-12 11:01:55] The value of Progress is 65
[Debug] [2026-6-12 11:01:56] The value of Progress is 70
[Debug] [2026-6-12 11:01:57] The value of Progress is 75
[Debug] [2026-6-12 11:01:58] The value of Progress is 81
[Debug] [2026-6-12 11:01:59] The value of Progress is 86
[Debug] [2026-6-12 11:02:00] The value of Progress is 90
[Debug] [2026-6-12 11:02:01] The value of Progress is 95
[Debug] [2026-6-12 11:02:01] The value of Progress is 100
[Debug] [2026-6-12 11:02:01] COMMAND[Erase Outer Flash] execute finish, takes 18.0 secs.
[Debug] [2026-6-12 11:02:01] end to send jtag flash erase cmd.
[Debug] [2026-6-12 11:02:01] Send RPC:6
[Debug] [2026-6-12 11:02:01] Begin to send jtag flash program data.
[Debug] [2026-6-12 11:02:01] Begin to send flash program data.
[Debug] [2026-6-12 11:02:01] End to send flash program data.
[Debug] [2026-6-12 11:02:01] End to send embed flash program data.
[Debug] [2026-6-12 11:02:01] Send cmd [Program Outer Flash:20301] OK
[Debug] [2026-6-12 11:02:01] Log::Print : COMMAND[Erase Outer Flash] execute finish, takes 18.0 secs.
[Debug] [2026-6-12 11:02:01] Log::Print : The start address of operating flash is 0x0.
[Debug] [2026-6-12 11:02:01] The value of Progress is 1
[Debug] [2026-6-12 11:02:04] The value of Progress is 6
[Debug] [2026-6-12 11:02:06] The value of Progress is 10
[Debug] [2026-6-12 11:02:08] The value of Progress is 15
[Debug] [2026-6-12 11:02:10] The value of Progress is 20
[Debug] [2026-6-12 11:02:13] The value of Progress is 25
[Debug] [2026-6-12 11:02:15] The value of Progress is 30
[Debug] [2026-6-12 11:02:17] The value of Progress is 35
[Debug] [2026-6-12 11:02:20] The value of Progress is 40
[Debug] [2026-6-12 11:02:22] The value of Progress is 45
[Debug] [2026-6-12 11:02:24] The value of Progress is 50
[Debug] [2026-6-12 11:02:26] The value of Progress is 55
[Debug] [2026-6-12 11:02:29] The value of Progress is 60
[Debug] [2026-6-12 11:02:31] The value of Progress is 65
[Debug] [2026-6-12 11:02:33] The value of Progress is 70
[Debug] [2026-6-12 11:02:36] The value of Progress is 75
[Debug] [2026-6-12 11:02:38] The value of Progress is 80
[Debug] [2026-6-12 11:02:41] The value of Progress is 85
[Debug] [2026-6-12 11:02:43] The value of Progress is 90
[Debug] [2026-6-12 11:02:45] The value of Progress is 95
[Debug] [2026-6-12 11:02:48] The value of Progress is 100
[Debug] [2026-6-12 11:02:48] COMMAND[Program Outer Flash] execute finish, takes 46.8 secs.
[Debug] [2026-6-12 11:02:48] begin to send jtag flash verify cmd
[Debug] [2026-6-12 11:02:48] Send RPC:7
[Debug] [2026-6-12 11:02:48] Begin to send embed flash verify data.
[Debug] [2026-6-12 11:02:48] Begin to send flash verify data.
[Debug] [2026-6-12 11:02:48] End to send flash verify data.
[Debug] [2026-6-12 11:02:48] End to send embed flash verify data.
[Debug] [2026-6-12 11:02:48] Send cmd [Verify Outer Flash:20303] OK
[Debug] [2026-6-12 11:02:48] Log::Print : COMMAND[Program Outer Flash] execute finish, takes 46.8 secs.
[Debug] [2026-6-12 11:02:48] Log::Print : The start address of operating flash is 0x0.
[Debug] [2026-6-12 11:02:48] The value of Progress is 1
[Debug] [2026-6-12 11:02:48] The value of Progress is 6
[Debug] [2026-6-12 11:02:48] The value of Progress is 10
[Debug] [2026-6-12 11:02:49] The value of Progress is 15
[Debug] [2026-6-12 11:02:49] The value of Progress is 20
[Debug] [2026-6-12 11:02:49] The value of Progress is 25
[Debug] [2026-6-12 11:02:49] The value of Progress is 30
[Debug] [2026-6-12 11:02:49] The value of Progress is 35
[Debug] [2026-6-12 11:02:49] The value of Progress is 40
[Debug] [2026-6-12 11:02:49] The value of Progress is 45
[Debug] [2026-6-12 11:02:50] The value of Progress is 50
[Debug] [2026-6-12 11:02:50] The value of Progress is 55
[Debug] [2026-6-12 11:02:50] The value of Progress is 60
[Debug] [2026-6-12 11:02:50] The value of Progress is 65
[Debug] [2026-6-12 11:02:50] The value of Progress is 70
[Debug] [2026-6-12 11:02:50] The value of Progress is 75
[Debug] [2026-6-12 11:02:50] The value of Progress is 80
[Debug] [2026-6-12 11:02:51] The value of Progress is 85
[Debug] [2026-6-12 11:02:51] The value of Progress is 90
[Debug] [2026-6-12 11:02:51] The value of Progress is 95
[Debug] [2026-6-12 11:02:51] The value of Progress is 100
[Debug] [2026-6-12 11:02:51] COMMAND[Verify Outer Flash] execute successfully, takes 3.2 secs.
[Debug] [2026-6-12 11:02:51] end to send jtag flash verify cmd
[Debug] [2026-6-12 11:02:51] end to send jtag flash program cmd.
[Debug] [2026-6-12 11:02:51] Log::Print : COMMAND[Verify Outer Flash] execute successfully, takes 3.2 secs.
[Info] [2026-6-12 11:29:42] /***************************End Configration***************************/
[Info] [2026-6-12 20:02:26] /***************************Start Configuration***************************/
[Info] [2026-6-12 20:02:26] Path: F:/PDS_2022.2-SP6.4/bin
[Info] [2026-6-12 20:02:26] Version: 146967
[Info] [2026-6-12 20:02:27] Current Path: C:/Users/23694/Desktop/ziguang_project/08_HDMI_pcie_capture_40pin_100k/project
[Info] [2026-6-12 20:02:27] PDS Dir Path: C:/Users/23694/Desktop/ziguang_project/08_HDMI_pcie_capture_40pin_100k/project
[Info] [2026-6-12 20:02:29] Configuration is not connect with server. connect first then scan chain.
[Debug] [2026-6-12 20:02:30] Client Local host name:xufei
[Debug] [2026-6-12 20:02:30] Client Local Address:192.168.83.1
[Debug] [2026-6-12 20:02:30] Client Local Address:192.168.189.1
[Debug] [2026-6-12 20:02:30] Client Local Address:172.16.209.126
[Debug] [2026-6-12 20:02:30] Server Address:127.0.0.1, Port:65420
[Debug] [2026-6-12 20:02:30] Log::Print : Connecting to server[127.0.0.1 : 65420].
[Info] [2026-6-12 20:02:30] Connect OK, Server: 127.0.0.1  Port: 65420
[Debug] [2026-6-12 20:02:30] Finish.
[Info] [2026-6-12 20:02:30] Connect server succeeded
[Debug] [2026-6-12 20:02:30] Send RPC:1
[Debug] [2026-6-12 20:02:30] Send cmd [check version information:40004] OK
[Debug] [2026-6-12 20:02:30] Log::Print : Connect to server[127.0.0.1 : 65420] successfully.
[Debug] [2026-6-12 20:02:33] Send RPC:2
[Debug] [2026-6-12 20:02:33] Send cmd [get_cable_paras:40010] OK
[Debug] [2026-6-12 20:02:33] Begin to send initialize chain cmd...
[Debug] [2026-6-12 20:02:33] Send RPC:3
[Debug] [2026-6-12 20:02:33] Send cmd [Open config cable:20001] OK
[Debug] [2026-6-12 20:02:33] End to send initialize chain cmd.
[Debug] [2026-6-12 20:02:33] COMMAND[check version information] execute successfully, takes 3.3 secs.
[Debug] [2026-6-12 20:02:33] Log::Print : COMMAND[check version information] execute successfully, takes 3.3 secs.
[Debug] [2026-6-12 20:02:37] COMMAND[get_cable_paras] execute successfully, takes 3.8 secs.
[Debug] [2026-6-12 20:02:37] Log::Print : The cable List : 
Cable index 0:USB Cable II/fffffffffffffffe 

[Debug] [2026-6-12 20:02:37] Log::Print : COMMAND[get_cable_paras] execute successfully, takes 3.8 secs.
[Debug] [2026-6-12 20:02:38] begin the exec of open cable cmd...
[Debug] [2026-6-12 20:02:38] Begin to deal with chain from server...
[Debug] [2026-6-12 20:02:38] Begin to set user chain...
[Debug] [2026-6-12 20:02:38] End to set user chain.
[Debug] [2026-6-12 20:02:38] Begin to update graphic item and tree item ...
[Debug] [2026-6-12 20:02:38] End to update graphic item and tree item ...
[Debug] [2026-6-12 20:02:38] Log::Print : PANGO USB CABLE II cable driver: D2XX DLL
[Debug] [2026-6-12 20:02:38] Log::Print : PG2L100H
[Debug] [2026-6-12 20:02:38] Log::Print : This device configure situation (done bit): 1
[Info] [2026-6-12 20:02:47] set OpenLastPath: C:/Users/23694/Desktop/ziguang_project/08_HDMI_pcie_capture_40pin_100k/project/generate_bitstream/image_pcie_capture.sbit
[Debug] [2026-6-12 20:02:47] begin to get device info from CFG file...
[Debug] [2026-6-12 20:02:47] end to get device info from CFG file...
[Debug] [2026-6-12 20:02:47] Begin to update graphic item and tree item ...
[Debug] [2026-6-12 20:02:47] End to update graphic item and tree item ...
[Debug] [2026-6-12 20:02:47] Begin to update graphic item and tree item ...
[Debug] [2026-6-12 20:02:47] End to update graphic item and tree item ...
[Debug] [2026-6-12 20:02:47] End to deal wiht chain from server.
[Debug] [2026-6-12 20:02:47] end the exec of open cable cmd.
[Debug] [2026-6-12 20:02:47] COMMAND[Open config cable] execute successfully, takes 13.7 secs.
[Debug] [2026-6-12 20:02:47] Log::Print : COMMAND[Open config cable] execute successfully, takes 13.7 secs.
[Debug] [2026-6-12 20:02:51] Begin to send scan outer flash cmd...
[Debug] [2026-6-12 20:02:51] Send RPC:4
[Debug] [2026-6-12 20:02:51] Send cmd [Scan Outer SPI Flash:20300] OK
[Debug] [2026-6-12 20:02:51] End to send scan outer flash cmd.
[Debug] [2026-6-12 20:02:51] begin to exec scan jtag flash cmd...
[Debug] [2026-6-12 20:02:51] Begin to initialize JtagFlash for selected FPGA Device...
[Debug] [2026-6-12 20:02:51] Begin to update graphic item and tree item ...
[Debug] [2026-6-12 20:02:51] End to update graphic item and tree item ...
[Info] [2026-6-12 20:02:54] set OpenLastPath: C:/Users/23694/Desktop/ziguang_project/08_HDMI_pcie_capture_40pin_100k/project/generate_bitstream/image_pcie_capture.sfc
[Debug] [2026-6-12 20:02:54] begin to check SFC File and Flash Device Read Mode.
[Debug] [2026-6-12 20:02:54] end to check SFC File and Flash Device Read Mode.
[Debug] [2026-6-12 20:02:54] Begin to update graphic item and tree item ...
[Debug] [2026-6-12 20:02:54] End to update graphic item and tree item ...
[Debug] [2026-6-12 20:02:54] End to initialize OuterFlash for selected FPGA Device...
[Debug] [2026-6-12 20:02:54] end to exec scan jtag flash cmd...
[Debug] [2026-6-12 20:02:54] COMMAND[Scan Outer SPI Flash] execute successfully, takes 2.7 secs.
[Debug] [2026-6-12 20:02:54] Log::Print : COMMAND[Scan Outer SPI Flash] execute successfully, takes 2.7 secs.
[Debug] [2026-6-12 20:02:55] begin to send promgram jtag flash cmd.
[Debug] [2026-6-12 20:02:55] begin to send jtag flash erase cmd
[Debug] [2026-6-12 20:02:55] Send RPC:5
[Debug] [2026-6-12 20:02:55] Begin to send embed flash erase data.
[Debug] [2026-6-12 20:02:55] Begin to send flash erase data.
[Debug] [2026-6-12 20:02:55] End to send flash erase data.
[Debug] [2026-6-12 20:02:55] End to send embed flash erase data.
[Debug] [2026-6-12 20:02:55] Send cmd [Erase Outer Flash:20302] OK
[Debug] [2026-6-12 20:02:55] Log::Print : The start address of operating flash is 0x0.
[Debug] [2026-6-12 20:02:55] The value of Progress is 1
[Debug] [2026-6-12 20:02:57] The value of Progress is 6
[Debug] [2026-6-12 20:02:57] The value of Progress is 11
[Debug] [2026-6-12 20:02:58] The value of Progress is 15
[Debug] [2026-6-12 20:02:59] The value of Progress is 20
[Debug] [2026-6-12 20:03:00] The value of Progress is 25
[Debug] [2026-6-12 20:03:01] The value of Progress is 31
[Debug] [2026-6-12 20:03:02] The value of Progress is 36
[Debug] [2026-6-12 20:03:03] The value of Progress is 40
[Debug] [2026-6-12 20:03:04] The value of Progress is 45
[Debug] [2026-6-12 20:03:05] The value of Progress is 50
[Debug] [2026-6-12 20:03:06] The value of Progress is 56
[Debug] [2026-6-12 20:03:07] The value of Progress is 61
[Debug] [2026-6-12 20:03:08] The value of Progress is 65
[Debug] [2026-6-12 20:03:08] The value of Progress is 70
[Debug] [2026-6-12 20:03:09] The value of Progress is 75
[Debug] [2026-6-12 20:03:10] The value of Progress is 81
[Debug] [2026-6-12 20:03:11] The value of Progress is 86
[Debug] [2026-6-12 20:03:12] The value of Progress is 90
[Debug] [2026-6-12 20:03:13] The value of Progress is 95
[Debug] [2026-6-12 20:03:13] The value of Progress is 100
[Debug] [2026-6-12 20:03:13] COMMAND[Erase Outer Flash] execute finish, takes 17.9 secs.
[Debug] [2026-6-12 20:03:13] end to send jtag flash erase cmd.
[Debug] [2026-6-12 20:03:13] Send RPC:6
[Debug] [2026-6-12 20:03:13] Begin to send jtag flash program data.
[Debug] [2026-6-12 20:03:13] Begin to send flash program data.
[Debug] [2026-6-12 20:03:13] End to send flash program data.
[Debug] [2026-6-12 20:03:13] End to send embed flash program data.
[Debug] [2026-6-12 20:03:13] Send cmd [Program Outer Flash:20301] OK
[Debug] [2026-6-12 20:03:13] Log::Print : COMMAND[Erase Outer Flash] execute finish, takes 17.9 secs.
[Debug] [2026-6-12 20:03:13] Log::Print : The start address of operating flash is 0x0.
[Debug] [2026-6-12 20:03:13] The value of Progress is 1
[Debug] [2026-6-12 20:03:16] The value of Progress is 6
[Debug] [2026-6-12 20:03:18] The value of Progress is 10
[Debug] [2026-6-12 20:03:20] The value of Progress is 15
[Debug] [2026-6-12 20:03:22] The value of Progress is 20
[Debug] [2026-6-12 20:03:25] The value of Progress is 25
[Debug] [2026-6-12 20:03:27] The value of Progress is 30
[Debug] [2026-6-12 20:03:30] The value of Progress is 35
[Debug] [2026-6-12 20:03:32] The value of Progress is 40
[Debug] [2026-6-12 20:03:35] The value of Progress is 45
[Debug] [2026-6-12 20:03:37] The value of Progress is 50
[Debug] [2026-6-12 20:03:40] The value of Progress is 55
[Debug] [2026-6-12 20:03:42] The value of Progress is 60
[Debug] [2026-6-12 20:03:45] The value of Progress is 65
[Debug] [2026-6-12 20:03:47] The value of Progress is 70
[Debug] [2026-6-12 20:03:49] The value of Progress is 75
[Debug] [2026-6-12 20:03:52] The value of Progress is 80
[Debug] [2026-6-12 20:03:54] The value of Progress is 85
[Debug] [2026-6-12 20:03:57] The value of Progress is 90
[Debug] [2026-6-12 20:03:59] The value of Progress is 95
[Debug] [2026-6-12 20:04:02] The value of Progress is 100
[Debug] [2026-6-12 20:04:02] COMMAND[Program Outer Flash] execute finish, takes 48.8 secs.
[Debug] [2026-6-12 20:04:02] begin to send jtag flash verify cmd
[Debug] [2026-6-12 20:04:02] Send RPC:7
[Debug] [2026-6-12 20:04:02] Begin to send embed flash verify data.
[Debug] [2026-6-12 20:04:02] Begin to send flash verify data.
[Debug] [2026-6-12 20:04:02] End to send flash verify data.
[Debug] [2026-6-12 20:04:02] End to send embed flash verify data.
[Debug] [2026-6-12 20:04:02] Send cmd [Verify Outer Flash:20303] OK
[Debug] [2026-6-12 20:04:02] Log::Print : COMMAND[Program Outer Flash] execute finish, takes 48.8 secs.
[Debug] [2026-6-12 20:04:02] Log::Print : The start address of operating flash is 0x0.
[Debug] [2026-6-12 20:04:02] The value of Progress is 1
[Debug] [2026-6-12 20:04:02] The value of Progress is 6
[Debug] [2026-6-12 20:04:02] The value of Progress is 10
[Debug] [2026-6-12 20:04:02] The value of Progress is 15
[Debug] [2026-6-12 20:04:03] The value of Progress is 20
[Debug] [2026-6-12 20:04:03] The value of Progress is 25
[Debug] [2026-6-12 20:04:03] The value of Progress is 30
[Debug] [2026-6-12 20:04:03] The value of Progress is 35
[Debug] [2026-6-12 20:04:03] The value of Progress is 40
[Debug] [2026-6-12 20:04:03] The value of Progress is 45
[Debug] [2026-6-12 20:04:03] The value of Progress is 50
[Debug] [2026-6-12 20:04:04] The value of Progress is 55
[Debug] [2026-6-12 20:04:04] The value of Progress is 60
[Debug] [2026-6-12 20:04:04] The value of Progress is 65
[Debug] [2026-6-12 20:04:04] The value of Progress is 70
[Debug] [2026-6-12 20:04:04] The value of Progress is 75
[Debug] [2026-6-12 20:04:04] The value of Progress is 80
[Debug] [2026-6-12 20:04:04] The value of Progress is 85
[Debug] [2026-6-12 20:04:05] The value of Progress is 90
[Debug] [2026-6-12 20:04:05] The value of Progress is 95
[Debug] [2026-6-12 20:04:05] The value of Progress is 100
[Debug] [2026-6-12 20:04:05] COMMAND[Verify Outer Flash] execute successfully, takes 3.2 secs.
[Debug] [2026-6-12 20:04:05] end to send jtag flash verify cmd
[Debug] [2026-6-12 20:04:05] end to send jtag flash program cmd.
[Debug] [2026-6-12 20:04:05] Log::Print : COMMAND[Verify Outer Flash] execute successfully, takes 3.2 secs.
[Info] [2026-6-12 20:56:56] /***************************End Configration***************************/
[Info] [2026-6-15 15:20:30] /***************************Start Configuration***************************/
[Info] [2026-6-15 15:20:30] Path: F:/PDS_2022.2-SP6.4/bin
[Info] [2026-6-15 15:20:30] Version: 146967
[Info] [2026-6-15 15:20:31] Current Path: C:/Users/23694/Desktop/ziguang_project/08_HDMI_pcie_capture_40pin_100k/project
[Info] [2026-6-15 15:20:31] PDS Dir Path: C:/Users/23694/Desktop/ziguang_project/08_HDMI_pcie_capture_40pin_100k/project
[Info] [2026-6-15 15:20:35] Configuration is not connect with server. connect first then scan chain.
[Debug] [2026-6-15 15:20:35] Client Local host name:xufei
[Debug] [2026-6-15 15:20:35] Client Local Address:192.168.83.1
[Debug] [2026-6-15 15:20:35] Client Local Address:192.168.189.1
[Debug] [2026-6-15 15:20:35] Client Local Address:172.16.209.126
[Debug] [2026-6-15 15:20:35] Server Address:127.0.0.1, Port:65420
[Debug] [2026-6-15 15:20:35] Log::Print : Connecting to server[127.0.0.1 : 65420].
[Info] [2026-6-15 15:20:35] Connect OK, Server: 127.0.0.1  Port: 65420
[Debug] [2026-6-15 15:20:35] Finish.
[Info] [2026-6-15 15:20:35] Connect server succeeded
[Debug] [2026-6-15 15:20:35] Send RPC:1
[Debug] [2026-6-15 15:20:35] Send cmd [check version information:40004] OK
[Debug] [2026-6-15 15:20:35] Log::Print : Connect to server[127.0.0.1 : 65420] successfully.
[Debug] [2026-6-15 15:20:40] Send RPC:2
[Debug] [2026-6-15 15:20:40] Send cmd [get_cable_paras:40010] OK
[Debug] [2026-6-15 15:20:40] Begin to send initialize chain cmd...
[Debug] [2026-6-15 15:20:40] Send RPC:3
[Debug] [2026-6-15 15:20:40] Send cmd [Open config cable:20001] OK
[Debug] [2026-6-15 15:20:40] End to send initialize chain cmd.
[Debug] [2026-6-15 15:20:40] COMMAND[check version information] execute successfully, takes 5.1 secs.
[Debug] [2026-6-15 15:20:40] Log::Print : COMMAND[check version information] execute successfully, takes 5.1 secs.
[Debug] [2026-6-15 15:20:46] COMMAND[get_cable_paras] execute successfully, takes 5.7 secs.
[Debug] [2026-6-15 15:20:46] Log::Print : The cable List : 

[Debug] [2026-6-15 15:20:46] Log::Print : COMMAND[get_cable_paras] execute successfully, takes 5.7 secs.
[Error] [2026-6-15 15:20:46] fail to exec Open config cable cmd...
[Error] [2026-6-15 15:20:46] MsgOut: JtagServer-0306: No devices detected while scanning the JTAG chain, failed detecting JTAG device chain.
[Warn] [2026-6-15 15:20:46] MsgOut: Please check the device power, cable connection situation and whether put the chip in the right way or not.
   If these do not work, try to restart the software.
[Error] [2026-6-15 15:20:46] MsgOut: Configuration-0008: The command 'Open config cable' execute fail.
[Debug] [2026-6-15 15:20:48] Begin to send initialize chain cmd...
[Debug] [2026-6-15 15:20:48] Send RPC:4
[Debug] [2026-6-15 15:20:48] Send cmd [Open config cable:20001] OK
[Debug] [2026-6-15 15:20:48] End to send initialize chain cmd.
[Error] [2026-6-15 15:20:48] fail to exec Open config cable cmd...
[Error] [2026-6-15 15:20:48] MsgOut: JtagServer-0306: No devices detected while scanning the JTAG chain, failed detecting JTAG device chain.
[Warn] [2026-6-15 15:20:48] MsgOut: Please check the device power, cable connection situation and whether put the chip in the right way or not.
   If these do not work, try to restart the software.
[Error] [2026-6-15 15:20:48] MsgOut: Configuration-0008: The command 'Open config cable' execute fail.
[Debug] [2026-6-15 15:20:49] Begin to send initialize chain cmd...
[Debug] [2026-6-15 15:20:49] Send RPC:5
[Debug] [2026-6-15 15:20:49] Send cmd [Open config cable:20001] OK
[Debug] [2026-6-15 15:20:49] End to send initialize chain cmd.
[Error] [2026-6-15 15:20:49] fail to exec Open config cable cmd...
[Error] [2026-6-15 15:20:49] MsgOut: JtagServer-0306: No devices detected while scanning the JTAG chain, failed detecting JTAG device chain.
[Warn] [2026-6-15 15:20:49] MsgOut: Please check the device power, cable connection situation and whether put the chip in the right way or not.
   If these do not work, try to restart the software.
[Error] [2026-6-15 15:20:49] MsgOut: Configuration-0008: The command 'Open config cable' execute fail.
[Debug] [2026-6-15 15:20:50] Begin to send initialize chain cmd...
[Debug] [2026-6-15 15:20:50] Send RPC:6
[Debug] [2026-6-15 15:20:50] Send cmd [Open config cable:20001] OK
[Debug] [2026-6-15 15:20:50] End to send initialize chain cmd.
[Error] [2026-6-15 15:20:50] fail to exec Open config cable cmd...
[Error] [2026-6-15 15:20:50] MsgOut: JtagServer-0306: No devices detected while scanning the JTAG chain, failed detecting JTAG device chain.
[Warn] [2026-6-15 15:20:50] MsgOut: Please check the device power, cable connection situation and whether put the chip in the right way or not.
   If these do not work, try to restart the software.
[Error] [2026-6-15 15:20:50] MsgOut: Configuration-0008: The command 'Open config cable' execute fail.
[Debug] [2026-6-15 15:20:51] Begin to send initialize chain cmd...
[Debug] [2026-6-15 15:20:51] Send RPC:7
[Debug] [2026-6-15 15:20:51] Send cmd [Open config cable:20001] OK
[Debug] [2026-6-15 15:20:51] End to send initialize chain cmd.
[Error] [2026-6-15 15:20:51] fail to exec Open config cable cmd...
[Error] [2026-6-15 15:20:51] MsgOut: JtagServer-0306: No devices detected while scanning the JTAG chain, failed detecting JTAG device chain.
[Warn] [2026-6-15 15:20:51] MsgOut: Please check the device power, cable connection situation and whether put the chip in the right way or not.
   If these do not work, try to restart the software.
[Error] [2026-6-15 15:20:51] MsgOut: Configuration-0008: The command 'Open config cable' execute fail.
[Debug] [2026-6-15 15:20:51] Begin to send initialize chain cmd...
[Debug] [2026-6-15 15:20:51] Send RPC:8
[Debug] [2026-6-15 15:20:51] Send cmd [Open config cable:20001] OK
[Debug] [2026-6-15 15:20:51] End to send initialize chain cmd.
[Error] [2026-6-15 15:20:51] fail to exec Open config cable cmd...
[Error] [2026-6-15 15:20:51] MsgOut: JtagServer-0306: No devices detected while scanning the JTAG chain, failed detecting JTAG device chain.
[Warn] [2026-6-15 15:20:51] MsgOut: Please check the device power, cable connection situation and whether put the chip in the right way or not.
   If these do not work, try to restart the software.
[Error] [2026-6-15 15:20:51] MsgOut: Configuration-0008: The command 'Open config cable' execute fail.
[Debug] [2026-6-15 15:20:52] Begin to send initialize chain cmd...
[Debug] [2026-6-15 15:20:52] Send RPC:9
[Debug] [2026-6-15 15:20:52] Send cmd [Open config cable:20001] OK
[Debug] [2026-6-15 15:20:52] End to send initialize chain cmd.
[Error] [2026-6-15 15:20:52] fail to exec Open config cable cmd...
[Error] [2026-6-15 15:20:52] MsgOut: JtagServer-0306: No devices detected while scanning the JTAG chain, failed detecting JTAG device chain.
[Warn] [2026-6-15 15:20:52] MsgOut: Please check the device power, cable connection situation and whether put the chip in the right way or not.
   If these do not work, try to restart the software.
[Error] [2026-6-15 15:20:52] MsgOut: Configuration-0008: The command 'Open config cable' execute fail.
[Debug] [2026-6-15 15:20:52] Begin to send initialize chain cmd...
[Debug] [2026-6-15 15:20:52] Send RPC:10
[Debug] [2026-6-15 15:20:52] Send cmd [Open config cable:20001] OK
[Debug] [2026-6-15 15:20:52] End to send initialize chain cmd.
[Error] [2026-6-15 15:20:52] fail to exec Open config cable cmd...
[Error] [2026-6-15 15:20:52] MsgOut: JtagServer-0306: No devices detected while scanning the JTAG chain, failed detecting JTAG device chain.
[Warn] [2026-6-15 15:20:52] MsgOut: Please check the device power, cable connection situation and whether put the chip in the right way or not.
   If these do not work, try to restart the software.
[Error] [2026-6-15 15:20:52] MsgOut: Configuration-0008: The command 'Open config cable' execute fail.
[Debug] [2026-6-15 15:20:52] Begin to send initialize chain cmd...
[Debug] [2026-6-15 15:20:52] Send RPC:11
[Debug] [2026-6-15 15:20:52] Send cmd [Open config cable:20001] OK
[Debug] [2026-6-15 15:20:52] End to send initialize chain cmd.
[Error] [2026-6-15 15:20:52] fail to exec Open config cable cmd...
[Error] [2026-6-15 15:20:52] MsgOut: JtagServer-0306: No devices detected while scanning the JTAG chain, failed detecting JTAG device chain.
[Warn] [2026-6-15 15:20:52] MsgOut: Please check the device power, cable connection situation and whether put the chip in the right way or not.
   If these do not work, try to restart the software.
[Error] [2026-6-15 15:20:52] MsgOut: Configuration-0008: The command 'Open config cable' execute fail.
[Info] [2026-6-15 15:20:53] /***************************End Configration***************************/
[Info] [2026-6-15 15:20:55] /***************************Start Configuration***************************/
[Info] [2026-6-15 15:20:55] Path: F:/PDS_2022.2-SP6.4/bin
[Info] [2026-6-15 15:20:55] Version: 146967
[Info] [2026-6-15 15:20:56] Current Path: C:/Users/23694/Desktop/ziguang_project/08_HDMI_pcie_capture_40pin_100k/project
[Info] [2026-6-15 15:20:56] PDS Dir Path: C:/Users/23694/Desktop/ziguang_project/08_HDMI_pcie_capture_40pin_100k/project
[Info] [2026-6-15 15:20:58] Configuration is not connect with server. connect first then scan chain.
[Debug] [2026-6-15 15:20:58] Client Local host name:xufei
[Debug] [2026-6-15 15:20:58] Client Local Address:192.168.83.1
[Debug] [2026-6-15 15:20:58] Client Local Address:192.168.189.1
[Debug] [2026-6-15 15:20:58] Client Local Address:172.16.209.126
[Debug] [2026-6-15 15:20:58] Server Address:127.0.0.1, Port:65420
[Debug] [2026-6-15 15:20:58] Log::Print : Connecting to server[127.0.0.1 : 65420].
[Info] [2026-6-15 15:20:59] Connect OK, Server: 127.0.0.1  Port: 65420
[Debug] [2026-6-15 15:20:59] Finish.
[Info] [2026-6-15 15:20:59] Connect server succeeded
[Debug] [2026-6-15 15:20:59] Send RPC:1
[Debug] [2026-6-15 15:20:59] Send cmd [check version information:40004] OK
[Debug] [2026-6-15 15:20:59] Log::Print : Connect to server[127.0.0.1 : 65420] successfully.
[Debug] [2026-6-15 15:21:01] Send RPC:2
[Debug] [2026-6-15 15:21:01] Send cmd [get_cable_paras:40010] OK
[Debug] [2026-6-15 15:21:01] Begin to send initialize chain cmd...
[Debug] [2026-6-15 15:21:01] Send RPC:3
[Debug] [2026-6-15 15:21:01] Send cmd [Open config cable:20001] OK
[Debug] [2026-6-15 15:21:01] End to send initialize chain cmd.
[Debug] [2026-6-15 15:21:01] COMMAND[check version information] execute successfully, takes 2.4 secs.
[Debug] [2026-6-15 15:21:01] Log::Print : COMMAND[check version information] execute successfully, takes 2.4 secs.
[Debug] [2026-6-15 15:21:04] COMMAND[get_cable_paras] execute successfully, takes 3.6 secs.
[Debug] [2026-6-15 15:21:04] Log::Print : The cable List : 
Cable index 0:USB Cable II/fffffffffffffffe 

[Debug] [2026-6-15 15:21:04] Log::Print : COMMAND[get_cable_paras] execute successfully, takes 3.6 secs.
[Debug] [2026-6-15 15:21:05] begin the exec of open cable cmd...
[Debug] [2026-6-15 15:21:05] Begin to deal with chain from server...
[Debug] [2026-6-15 15:21:05] Begin to set user chain...
[Debug] [2026-6-15 15:21:05] End to set user chain.
[Debug] [2026-6-15 15:21:05] Begin to update graphic item and tree item ...
[Debug] [2026-6-15 15:21:05] End to update graphic item and tree item ...
[Debug] [2026-6-15 15:21:05] Log::Print : PANGO USB CABLE II cable driver: D2XX DLL
[Debug] [2026-6-15 15:21:05] Log::Print : PG2L100H
[Debug] [2026-6-15 15:21:05] Log::Print : This device configure situation (done bit): 1
[Info] [2026-6-15 15:21:07] set OpenLastPath: C:/Users/23694/Desktop/ziguang_project/08_HDMI_pcie_capture_40pin_100k/project/generate_bitstream/image_pcie_capture.sbit
[Debug] [2026-6-15 15:21:07] begin to get device info from CFG file...
[Debug] [2026-6-15 15:21:07] end to get device info from CFG file...
[Debug] [2026-6-15 15:21:07] Begin to update graphic item and tree item ...
[Debug] [2026-6-15 15:21:07] End to update graphic item and tree item ...
[Debug] [2026-6-15 15:21:07] Begin to update graphic item and tree item ...
[Debug] [2026-6-15 15:21:07] End to update graphic item and tree item ...
[Debug] [2026-6-15 15:21:07] End to deal wiht chain from server.
[Debug] [2026-6-15 15:21:07] end the exec of open cable cmd.
[Debug] [2026-6-15 15:21:07] COMMAND[Open config cable] execute successfully, takes 6.1 secs.
[Debug] [2026-6-15 15:21:07] Log::Print : COMMAND[Open config cable] execute successfully, takes 6.1 secs.
[Debug] [2026-6-15 15:21:10] Begin to send scan outer flash cmd...
[Debug] [2026-6-15 15:21:10] Send RPC:4
[Debug] [2026-6-15 15:21:10] Send cmd [Scan Outer SPI Flash:20300] OK
[Debug] [2026-6-15 15:21:10] End to send scan outer flash cmd.
[Debug] [2026-6-15 15:21:10] begin to exec scan jtag flash cmd...
[Debug] [2026-6-15 15:21:10] Begin to initialize JtagFlash for selected FPGA Device...
[Debug] [2026-6-15 15:21:10] Begin to update graphic item and tree item ...
[Debug] [2026-6-15 15:21:10] End to update graphic item and tree item ...
[Info] [2026-6-15 15:21:12] set OpenLastPath: C:/Users/23694/Desktop/ziguang_project/08_HDMI_pcie_capture_40pin_100k/project/generate_bitstream/image_pcie_capture.sfc
[Debug] [2026-6-15 15:21:12] begin to check SFC File and Flash Device Read Mode.
[Debug] [2026-6-15 15:21:12] end to check SFC File and Flash Device Read Mode.
[Debug] [2026-6-15 15:21:12] Begin to update graphic item and tree item ...
[Debug] [2026-6-15 15:21:12] End to update graphic item and tree item ...
[Debug] [2026-6-15 15:21:12] End to initialize OuterFlash for selected FPGA Device...
[Debug] [2026-6-15 15:21:12] end to exec scan jtag flash cmd...
[Debug] [2026-6-15 15:21:12] COMMAND[Scan Outer SPI Flash] execute successfully, takes 2.1 secs.
[Debug] [2026-6-15 15:21:12] Log::Print : COMMAND[Scan Outer SPI Flash] execute successfully, takes 2.1 secs.
[Debug] [2026-6-15 15:21:14] begin to send promgram jtag flash cmd.
[Debug] [2026-6-15 15:21:14] begin to send jtag flash erase cmd
[Debug] [2026-6-15 15:21:14] Send RPC:5
[Debug] [2026-6-15 15:21:14] Begin to send embed flash erase data.
[Debug] [2026-6-15 15:21:14] Begin to send flash erase data.
[Debug] [2026-6-15 15:21:14] End to send flash erase data.
[Debug] [2026-6-15 15:21:14] End to send embed flash erase data.
[Debug] [2026-6-15 15:21:14] Send cmd [Erase Outer Flash:20302] OK
[Debug] [2026-6-15 15:21:14] Log::Print : The start address of operating flash is 0x0.
[Debug] [2026-6-15 15:21:14] The value of Progress is 1
[Debug] [2026-6-15 15:21:16] The value of Progress is 6
[Debug] [2026-6-15 15:21:16] The value of Progress is 11
[Debug] [2026-6-15 15:21:17] The value of Progress is 15
[Debug] [2026-6-15 15:21:18] The value of Progress is 20
[Debug] [2026-6-15 15:21:19] The value of Progress is 25
[Debug] [2026-6-15 15:21:20] The value of Progress is 31
[Debug] [2026-6-15 15:21:21] The value of Progress is 36
[Debug] [2026-6-15 15:21:22] The value of Progress is 40
[Debug] [2026-6-15 15:21:23] The value of Progress is 45
[Debug] [2026-6-15 15:21:24] The value of Progress is 50
[Debug] [2026-6-15 15:21:25] The value of Progress is 56
[Debug] [2026-6-15 15:21:26] The value of Progress is 61
[Debug] [2026-6-15 15:21:27] The value of Progress is 65
[Debug] [2026-6-15 15:21:27] The value of Progress is 70
[Debug] [2026-6-15 15:21:28] The value of Progress is 75
[Debug] [2026-6-15 15:21:29] The value of Progress is 81
[Debug] [2026-6-15 15:21:30] The value of Progress is 86
[Debug] [2026-6-15 15:21:31] The value of Progress is 90
[Debug] [2026-6-15 15:21:31] The value of Progress is 95
[Debug] [2026-6-15 15:21:32] The value of Progress is 100
[Debug] [2026-6-15 15:21:32] COMMAND[Erase Outer Flash] execute finish, takes 17.9 secs.
[Debug] [2026-6-15 15:21:32] end to send jtag flash erase cmd.
[Debug] [2026-6-15 15:21:32] Send RPC:6
[Debug] [2026-6-15 15:21:32] Begin to send jtag flash program data.
[Debug] [2026-6-15 15:21:32] Begin to send flash program data.
[Debug] [2026-6-15 15:21:32] End to send flash program data.
[Debug] [2026-6-15 15:21:32] End to send embed flash program data.
[Debug] [2026-6-15 15:21:32] Send cmd [Program Outer Flash:20301] OK
[Debug] [2026-6-15 15:21:32] Log::Print : COMMAND[Erase Outer Flash] execute finish, takes 17.9 secs.
[Debug] [2026-6-15 15:21:32] Log::Print : The start address of operating flash is 0x0.
[Debug] [2026-6-15 15:21:32] The value of Progress is 1
[Debug] [2026-6-15 15:21:35] The value of Progress is 6
[Debug] [2026-6-15 15:21:37] The value of Progress is 10
[Debug] [2026-6-15 15:21:39] The value of Progress is 15
[Debug] [2026-6-15 15:21:41] The value of Progress is 20
[Debug] [2026-6-15 15:21:44] The value of Progress is 25
[Debug] [2026-6-15 15:21:46] The value of Progress is 30
[Debug] [2026-6-15 15:21:48] The value of Progress is 35
[Debug] [2026-6-15 15:21:50] The value of Progress is 40
[Debug] [2026-6-15 15:21:53] The value of Progress is 45
[Debug] [2026-6-15 15:21:55] The value of Progress is 50
[Debug] [2026-6-15 15:21:57] The value of Progress is 55
[Debug] [2026-6-15 15:22:00] The value of Progress is 60
[Debug] [2026-6-15 15:22:02] The value of Progress is 65
[Debug] [2026-6-15 15:22:04] The value of Progress is 70
[Debug] [2026-6-15 15:22:07] The value of Progress is 75
[Debug] [2026-6-15 15:22:09] The value of Progress is 80
[Debug] [2026-6-15 15:22:11] The value of Progress is 85
[Debug] [2026-6-15 15:22:14] The value of Progress is 90
[Debug] [2026-6-15 15:22:16] The value of Progress is 95
[Debug] [2026-6-15 15:22:18] The value of Progress is 100
[Debug] [2026-6-15 15:22:19] COMMAND[Program Outer Flash] execute finish, takes 46.6 secs.
[Debug] [2026-6-15 15:22:19] begin to send jtag flash verify cmd
[Debug] [2026-6-15 15:22:19] Send RPC:7
[Debug] [2026-6-15 15:22:19] Begin to send embed flash verify data.
[Debug] [2026-6-15 15:22:19] Begin to send flash verify data.
[Debug] [2026-6-15 15:22:19] End to send flash verify data.
[Debug] [2026-6-15 15:22:19] End to send embed flash verify data.
[Debug] [2026-6-15 15:22:19] Send cmd [Verify Outer Flash:20303] OK
[Debug] [2026-6-15 15:22:19] Log::Print : COMMAND[Program Outer Flash] execute finish, takes 46.6 secs.
[Debug] [2026-6-15 15:22:19] Log::Print : The start address of operating flash is 0x0.
[Debug] [2026-6-15 15:22:19] The value of Progress is 1
[Debug] [2026-6-15 15:22:19] The value of Progress is 6
[Debug] [2026-6-15 15:22:19] The value of Progress is 10
[Debug] [2026-6-15 15:22:19] The value of Progress is 15
[Debug] [2026-6-15 15:22:19] The value of Progress is 20
[Debug] [2026-6-15 15:22:19] The value of Progress is 25
[Debug] [2026-6-15 15:22:20] The value of Progress is 30
[Debug] [2026-6-15 15:22:20] The value of Progress is 35
[Debug] [2026-6-15 15:22:20] The value of Progress is 40
[Debug] [2026-6-15 15:22:20] The value of Progress is 45
[Debug] [2026-6-15 15:22:20] The value of Progress is 50
[Debug] [2026-6-15 15:22:20] The value of Progress is 55
[Debug] [2026-6-15 15:22:20] The value of Progress is 60
[Debug] [2026-6-15 15:22:21] The value of Progress is 65
[Debug] [2026-6-15 15:22:21] The value of Progress is 70
[Debug] [2026-6-15 15:22:21] The value of Progress is 75
[Debug] [2026-6-15 15:22:21] The value of Progress is 80
[Debug] [2026-6-15 15:22:21] The value of Progress is 85
[Debug] [2026-6-15 15:22:21] The value of Progress is 90
[Debug] [2026-6-15 15:22:21] The value of Progress is 95
[Debug] [2026-6-15 15:22:22] The value of Progress is 100
[Debug] [2026-6-15 15:22:22] COMMAND[Verify Outer Flash] execute successfully, takes 3.2 secs.
[Debug] [2026-6-15 15:22:22] end to send jtag flash verify cmd
[Debug] [2026-6-15 15:22:22] end to send jtag flash program cmd.
[Debug] [2026-6-15 15:22:22] Log::Print : COMMAND[Verify Outer Flash] execute successfully, takes 3.2 secs.
[Info] [2026-6-16 20:41:27] /***************************Start Configuration***************************/
[Info] [2026-6-16 20:41:27] Path: F:/PDS_2022.2-SP6.4/bin
[Info] [2026-6-16 20:41:27] Version: 146967
[Info] [2026-6-16 20:41:28] Current Path: C:/Users/23694/Desktop/ziguang_project/02_pcie_image_test_1080p/08_HDMI_pcie_capture_40pin_100k/project
[Info] [2026-6-16 20:41:28] PDS Dir Path: C:/Users/23694/Desktop/ziguang_project/02_pcie_image_test_1080p/08_HDMI_pcie_capture_40pin_100k/project
[Info] [2026-6-16 20:41:35] Configuration is not connect with server. connect first then scan chain.
[Debug] [2026-6-16 20:41:35] Client Local host name:xufei
[Debug] [2026-6-16 20:41:35] Client Local Address:192.168.83.1
[Debug] [2026-6-16 20:41:35] Client Local Address:192.168.189.1
[Debug] [2026-6-16 20:41:35] Client Local Address:172.16.209.126
[Debug] [2026-6-16 20:41:35] Server Address:127.0.0.1, Port:65420
[Debug] [2026-6-16 20:41:35] Log::Print : Connecting to server[127.0.0.1 : 65420].
[Info] [2026-6-16 20:41:35] Connect OK, Server: 127.0.0.1  Port: 65420
[Debug] [2026-6-16 20:41:35] Finish.
[Info] [2026-6-16 20:41:35] Connect server succeeded
[Debug] [2026-6-16 20:41:35] Send RPC:1
[Debug] [2026-6-16 20:41:35] Send cmd [check version information:40004] OK
[Debug] [2026-6-16 20:41:35] Log::Print : Connect to server[127.0.0.1 : 65420] successfully.
[Debug] [2026-6-16 20:41:39] Send RPC:2
[Debug] [2026-6-16 20:41:39] Send cmd [get_cable_paras:40010] OK
[Debug] [2026-6-16 20:41:39] Begin to send initialize chain cmd...
[Debug] [2026-6-16 20:41:39] Send RPC:3
[Debug] [2026-6-16 20:41:39] Send cmd [Open config cable:20001] OK
[Debug] [2026-6-16 20:41:39] End to send initialize chain cmd.
[Debug] [2026-6-16 20:41:39] COMMAND[check version information] execute successfully, takes 3.4 secs.
[Debug] [2026-6-16 20:41:39] Log::Print : COMMAND[check version information] execute successfully, takes 3.4 secs.
[Debug] [2026-6-16 20:41:42] COMMAND[get_cable_paras] execute successfully, takes 3.6 secs.
[Debug] [2026-6-16 20:41:42] Log::Print : The cable List : 
Cable index 0:USB Cable II/fffffffffffffffe 

[Debug] [2026-6-16 20:41:42] Log::Print : COMMAND[get_cable_paras] execute successfully, takes 3.6 secs.
[Debug] [2026-6-16 20:41:43] begin the exec of open cable cmd...
[Debug] [2026-6-16 20:41:43] Begin to deal with chain from server...
[Debug] [2026-6-16 20:41:43] Begin to set user chain...
[Debug] [2026-6-16 20:41:43] End to set user chain.
[Debug] [2026-6-16 20:41:43] Begin to update graphic item and tree item ...
[Debug] [2026-6-16 20:41:43] End to update graphic item and tree item ...
[Debug] [2026-6-16 20:41:43] Log::Print : PANGO USB CABLE II cable driver: D2XX DLL
[Debug] [2026-6-16 20:41:43] Log::Print : PG2L100H
[Debug] [2026-6-16 20:41:43] Log::Print : This device configure situation (done bit): 1
[Info] [2026-6-16 20:41:47] set OpenLastPath: C:/Users/23694/Desktop/ziguang_project/02_pcie_image_test_1080p/08_HDMI_pcie_capture_40pin_100k/project/generate_bitstream/image_pcie_capture.sbit
[Debug] [2026-6-16 20:41:47] begin to get device info from CFG file...
[Debug] [2026-6-16 20:41:47] end to get device info from CFG file...
[Debug] [2026-6-16 20:41:47] Begin to update graphic item and tree item ...
[Debug] [2026-6-16 20:41:47] End to update graphic item and tree item ...
[Debug] [2026-6-16 20:41:47] Begin to update graphic item and tree item ...
[Debug] [2026-6-16 20:41:47] End to update graphic item and tree item ...
[Debug] [2026-6-16 20:41:47] End to deal wiht chain from server.
[Debug] [2026-6-16 20:41:47] end the exec of open cable cmd.
[Debug] [2026-6-16 20:41:47] COMMAND[Open config cable] execute successfully, takes 8.5 secs.
[Debug] [2026-6-16 20:41:47] Log::Print : COMMAND[Open config cable] execute successfully, takes 8.5 secs.
[Debug] [2026-6-16 20:41:49] Begin to Converte file.
[Debug] [2026-6-16 20:41:57] begin to parse sfc file.
[Debug] [2026-6-16 20:41:57] begin to get device info from CFG file...
[Debug] [2026-6-16 20:41:57] end to get device info from CFG file...
[Debug] [2026-6-16 20:41:57] begin to get device info from CFG file...
[Debug] [2026-6-16 20:41:57] end to get device info from CFG file...
[Debug] [2026-6-16 20:41:57] end to parse sfc file.
[Debug] [2026-6-16 20:41:57] Log::Print : The Start Address of bit file C:/Users/23694/Desktop/ziguang_project/02_pcie_image_test_1080p/08_HDMI_pcie_capture_40pin_100k/project/generate_bitstream/image_pcie_capture.sbit: 0x0
[Debug] [2026-6-16 20:41:58] End to Converte file.
[Debug] [2026-6-16 20:42:01] Begin to send scan outer flash cmd...
[Debug] [2026-6-16 20:42:01] Send RPC:4
[Debug] [2026-6-16 20:42:01] Send cmd [Scan Outer SPI Flash:20300] OK
[Debug] [2026-6-16 20:42:01] End to send scan outer flash cmd.
[Debug] [2026-6-16 20:42:01] begin to exec scan jtag flash cmd...
[Debug] [2026-6-16 20:42:01] Begin to initialize JtagFlash for selected FPGA Device...
[Debug] [2026-6-16 20:42:01] Begin to update graphic item and tree item ...
[Debug] [2026-6-16 20:42:01] End to update graphic item and tree item ...
[Info] [2026-6-16 20:42:03] set OpenLastPath: C:/Users/23694/Desktop/ziguang_project/02_pcie_image_test_1080p/08_HDMI_pcie_capture_40pin_100k/project/generate_bitstream/image_pcie_capture.sfc
[Debug] [2026-6-16 20:42:03] begin to check SFC File and Flash Device Read Mode.
[Debug] [2026-6-16 20:42:03] end to check SFC File and Flash Device Read Mode.
[Debug] [2026-6-16 20:42:03] Begin to update graphic item and tree item ...
[Debug] [2026-6-16 20:42:03] End to update graphic item and tree item ...
[Debug] [2026-6-16 20:42:03] End to initialize OuterFlash for selected FPGA Device...
[Debug] [2026-6-16 20:42:03] end to exec scan jtag flash cmd...
[Debug] [2026-6-16 20:42:03] COMMAND[Scan Outer SPI Flash] execute successfully, takes 1.9 secs.
[Debug] [2026-6-16 20:42:03] Log::Print : COMMAND[Scan Outer SPI Flash] execute successfully, takes 1.9 secs.
[Debug] [2026-6-16 20:42:04] begin to send promgram jtag flash cmd.
[Debug] [2026-6-16 20:42:04] begin to send jtag flash erase cmd
[Debug] [2026-6-16 20:42:04] Send RPC:5
[Debug] [2026-6-16 20:42:04] Begin to send embed flash erase data.
[Debug] [2026-6-16 20:42:04] Begin to send flash erase data.
[Debug] [2026-6-16 20:42:04] End to send flash erase data.
[Debug] [2026-6-16 20:42:04] End to send embed flash erase data.
[Debug] [2026-6-16 20:42:04] Send cmd [Erase Outer Flash:20302] OK
[Debug] [2026-6-16 20:42:04] Log::Print : The start address of operating flash is 0x0.
[Debug] [2026-6-16 20:42:04] The value of Progress is 1
[Debug] [2026-6-16 20:42:06] The value of Progress is 7
[Debug] [2026-6-16 20:42:06] The value of Progress is 12
[Debug] [2026-6-16 20:42:07] The value of Progress is 17
[Debug] [2026-6-16 20:42:08] The value of Progress is 21
[Debug] [2026-6-16 20:42:09] The value of Progress is 26
[Debug] [2026-6-16 20:42:10] The value of Progress is 31
[Debug] [2026-6-16 20:42:11] The value of Progress is 36
[Debug] [2026-6-16 20:42:12] The value of Progress is 41
[Debug] [2026-6-16 20:42:12] The value of Progress is 46
[Debug] [2026-6-16 20:42:13] The value of Progress is 51
[Debug] [2026-6-16 20:42:14] The value of Progress is 56
[Debug] [2026-6-16 20:42:15] The value of Progress is 60
[Debug] [2026-6-16 20:42:16] The value of Progress is 65
[Debug] [2026-6-16 20:42:17] The value of Progress is 70
[Debug] [2026-6-16 20:42:17] The value of Progress is 75
[Debug] [2026-6-16 20:42:18] The value of Progress is 80
[Debug] [2026-6-16 20:42:19] The value of Progress is 85
[Debug] [2026-6-16 20:42:20] The value of Progress is 90
[Debug] [2026-6-16 20:42:20] The value of Progress is 95
[Debug] [2026-6-16 20:42:21] The value of Progress is 100
[Debug] [2026-6-16 20:42:21] COMMAND[Erase Outer Flash] execute finish, takes 16.9 secs.
[Debug] [2026-6-16 20:42:21] end to send jtag flash erase cmd.
[Debug] [2026-6-16 20:42:21] Send RPC:6
[Debug] [2026-6-16 20:42:21] Begin to send jtag flash program data.
[Debug] [2026-6-16 20:42:21] Begin to send flash program data.
[Debug] [2026-6-16 20:42:21] End to send flash program data.
[Debug] [2026-6-16 20:42:21] End to send embed flash program data.
[Debug] [2026-6-16 20:42:21] Send cmd [Program Outer Flash:20301] OK
[Debug] [2026-6-16 20:42:21] Log::Print : COMMAND[Erase Outer Flash] execute finish, takes 16.9 secs.
[Debug] [2026-6-16 20:42:21] Log::Print : The start address of operating flash is 0x0.
[Debug] [2026-6-16 20:42:21] The value of Progress is 1
[Debug] [2026-6-16 20:42:24] The value of Progress is 6
[Debug] [2026-6-16 20:42:25] The value of Progress is 10
[Debug] [2026-6-16 20:42:27] The value of Progress is 15
[Debug] [2026-6-16 20:42:30] The value of Progress is 20
[Debug] [2026-6-16 20:42:32] The value of Progress is 25
[Debug] [2026-6-16 20:42:34] The value of Progress is 30
[Debug] [2026-6-16 20:42:36] The value of Progress is 35
[Debug] [2026-6-16 20:42:38] The value of Progress is 40
[Debug] [2026-6-16 20:42:40] The value of Progress is 45
[Debug] [2026-6-16 20:42:43] The value of Progress is 50
[Debug] [2026-6-16 20:42:45] The value of Progress is 55
[Debug] [2026-6-16 20:42:47] The value of Progress is 60
[Debug] [2026-6-16 20:42:49] The value of Progress is 65
[Debug] [2026-6-16 20:42:51] The value of Progress is 70
[Debug] [2026-6-16 20:42:53] The value of Progress is 75
[Debug] [2026-6-16 20:42:56] The value of Progress is 80
[Debug] [2026-6-16 20:42:58] The value of Progress is 85
[Debug] [2026-6-16 20:43:00] The value of Progress is 90
[Debug] [2026-6-16 20:43:02] The value of Progress is 95
[Debug] [2026-6-16 20:43:04] The value of Progress is 100
[Debug] [2026-6-16 20:43:04] COMMAND[Program Outer Flash] execute finish, takes 43.6 secs.
[Debug] [2026-6-16 20:43:04] begin to send jtag flash verify cmd
[Debug] [2026-6-16 20:43:04] Send RPC:7
[Debug] [2026-6-16 20:43:04] Begin to send embed flash verify data.
[Debug] [2026-6-16 20:43:04] Begin to send flash verify data.
[Debug] [2026-6-16 20:43:04] End to send flash verify data.
[Debug] [2026-6-16 20:43:04] End to send embed flash verify data.
[Debug] [2026-6-16 20:43:04] Send cmd [Verify Outer Flash:20303] OK
[Debug] [2026-6-16 20:43:04] Log::Print : COMMAND[Program Outer Flash] execute finish, takes 43.6 secs.
[Debug] [2026-6-16 20:43:04] Log::Print : The start address of operating flash is 0x0.
[Debug] [2026-6-16 20:43:05] The value of Progress is 1
[Debug] [2026-6-16 20:43:05] The value of Progress is 6
[Debug] [2026-6-16 20:43:05] The value of Progress is 10
[Debug] [2026-6-16 20:43:05] The value of Progress is 15
[Debug] [2026-6-16 20:43:05] The value of Progress is 20
[Debug] [2026-6-16 20:43:05] The value of Progress is 25
[Debug] [2026-6-16 20:43:05] The value of Progress is 30
[Debug] [2026-6-16 20:43:06] The value of Progress is 35
[Debug] [2026-6-16 20:43:06] The value of Progress is 40
[Debug] [2026-6-16 20:43:06] The value of Progress is 45
[Debug] [2026-6-16 20:43:06] The value of Progress is 50
[Debug] [2026-6-16 20:43:06] The value of Progress is 55
[Debug] [2026-6-16 20:43:06] The value of Progress is 60
[Debug] [2026-6-16 20:43:06] The value of Progress is 65
[Debug] [2026-6-16 20:43:06] The value of Progress is 70
[Debug] [2026-6-16 20:43:07] The value of Progress is 75
[Debug] [2026-6-16 20:43:07] The value of Progress is 80
[Debug] [2026-6-16 20:43:07] The value of Progress is 85
[Debug] [2026-6-16 20:43:07] The value of Progress is 90
[Debug] [2026-6-16 20:43:07] The value of Progress is 95
[Debug] [2026-6-16 20:43:07] The value of Progress is 100
[Debug] [2026-6-16 20:43:07] COMMAND[Verify Outer Flash] execute successfully, takes 3.0 secs.
[Debug] [2026-6-16 20:43:07] end to send jtag flash verify cmd
[Debug] [2026-6-16 20:43:07] end to send jtag flash program cmd.
[Debug] [2026-6-16 20:43:07] Log::Print : COMMAND[Verify Outer Flash] execute successfully, takes 3.0 secs.
[Info] [2026-6-16 21:10:07] /***************************End Configration***************************/
[Info] [2026-6-17 10:15:37] /***************************Start Configuration***************************/
[Info] [2026-6-17 10:15:37] Path: F:/PDS_2022.2-SP6.4/bin
[Info] [2026-6-17 10:15:37] Version: 146967
[Info] [2026-6-17 10:15:38] Current Path: C:/Users/23694/Desktop/ziguang_project/02_pcie_image_test_1080p/08_HDMI_pcie_capture_40pin_100k/project
[Info] [2026-6-17 10:15:38] PDS Dir Path: C:/Users/23694/Desktop/ziguang_project/02_pcie_image_test_1080p/08_HDMI_pcie_capture_40pin_100k/project
[Info] [2026-6-17 10:16:31] Configuration is not connect with server. connect first then scan chain.
[Debug] [2026-6-17 10:16:32] Client Local host name:xufei
[Debug] [2026-6-17 10:16:32] Client Local Address:192.168.83.1
[Debug] [2026-6-17 10:16:32] Client Local Address:192.168.189.1
[Debug] [2026-6-17 10:16:32] Client Local Address:172.16.209.126
[Debug] [2026-6-17 10:16:32] Server Address:127.0.0.1, Port:65420
[Debug] [2026-6-17 10:16:32] Log::Print : Connecting to server[127.0.0.1 : 65420].
[Info] [2026-6-17 10:16:32] Connect OK, Server: 127.0.0.1  Port: 65420
[Debug] [2026-6-17 10:16:32] Finish.
[Info] [2026-6-17 10:16:32] Connect server succeeded
[Debug] [2026-6-17 10:16:32] Send RPC:1
[Debug] [2026-6-17 10:16:32] Send cmd [check version information:40004] OK
[Debug] [2026-6-17 10:16:32] Log::Print : Connect to server[127.0.0.1 : 65420] successfully.
[Debug] [2026-6-17 10:16:35] Send RPC:2
[Debug] [2026-6-17 10:16:35] Send cmd [get_cable_paras:40010] OK
[Debug] [2026-6-17 10:16:35] Begin to send initialize chain cmd...
[Debug] [2026-6-17 10:16:35] Send RPC:3
[Debug] [2026-6-17 10:16:35] Send cmd [Open config cable:20001] OK
[Debug] [2026-6-17 10:16:35] End to send initialize chain cmd.
[Debug] [2026-6-17 10:16:35] COMMAND[check version information] execute successfully, takes 2.6 secs.
[Debug] [2026-6-17 10:16:35] Log::Print : COMMAND[check version information] execute successfully, takes 2.6 secs.
[Debug] [2026-6-17 10:16:38] COMMAND[get_cable_paras] execute successfully, takes 3.0 secs.
[Debug] [2026-6-17 10:16:38] Log::Print : The cable List : 
Cable index 0:USB Cable II/fffffffffffffffe 

[Debug] [2026-6-17 10:16:38] Log::Print : COMMAND[get_cable_paras] execute successfully, takes 3.0 secs.
[Debug] [2026-6-17 10:16:38] begin the exec of open cable cmd...
[Debug] [2026-6-17 10:16:38] Begin to deal with chain from server...
[Debug] [2026-6-17 10:16:38] Begin to set user chain...
[Debug] [2026-6-17 10:16:38] End to set user chain.
[Debug] [2026-6-17 10:16:38] Begin to update graphic item and tree item ...
[Debug] [2026-6-17 10:16:38] End to update graphic item and tree item ...
[Debug] [2026-6-17 10:16:38] Log::Print : PANGO USB CABLE II cable driver: D2XX DLL
[Debug] [2026-6-17 10:16:38] Log::Print : PG2L100H
[Debug] [2026-6-17 10:16:38] Log::Print : This device configure situation (done bit): 1
[Info] [2026-6-17 10:16:47] set OpenLastPath: C:/Users/23694/Desktop/ziguang_project/02_pcie_image_test_1080p/08_HDMI_pcie_capture_40pin_100k/project/generate_bitstream/image_pcie_capture.sbit
[Debug] [2026-6-17 10:16:47] begin to get device info from CFG file...
[Debug] [2026-6-17 10:16:47] end to get device info from CFG file...
[Debug] [2026-6-17 10:16:47] Begin to update graphic item and tree item ...
[Debug] [2026-6-17 10:16:47] End to update graphic item and tree item ...
[Debug] [2026-6-17 10:16:47] Begin to update graphic item and tree item ...
[Debug] [2026-6-17 10:16:47] End to update graphic item and tree item ...
[Debug] [2026-6-17 10:16:47] End to deal wiht chain from server.
[Debug] [2026-6-17 10:16:47] end the exec of open cable cmd.
[Debug] [2026-6-17 10:16:47] COMMAND[Open config cable] execute successfully, takes 12.6 secs.
[Debug] [2026-6-17 10:16:47] Log::Print : COMMAND[Open config cable] execute successfully, takes 12.6 secs.
[Debug] [2026-6-17 10:16:50] Begin to operate flash.
[Debug] [2026-6-17 10:16:50] End to operate flash.
[Debug] [2026-6-17 10:16:59] Begin to Converte file.
[Debug] [2026-6-17 10:17:08] begin to parse sfc file.
[Debug] [2026-6-17 10:17:08] begin to get device info from CFG file...
[Debug] [2026-6-17 10:17:08] end to get device info from CFG file...
[Debug] [2026-6-17 10:17:08] begin to get device info from CFG file...
[Debug] [2026-6-17 10:17:08] end to get device info from CFG file...
[Debug] [2026-6-17 10:17:08] end to parse sfc file.
[Debug] [2026-6-17 10:17:08] Log::Print : The Start Address of bit file C:/Users/23694/Desktop/ziguang_project/02_pcie_image_test_1080p/08_HDMI_pcie_capture_40pin_100k/project/generate_bitstream/image_pcie_capture.sbit: 0x0
[Debug] [2026-6-17 10:17:09] End to Converte file.
[Debug] [2026-6-17 10:17:11] Begin to send scan outer flash cmd...
[Debug] [2026-6-17 10:17:11] Send RPC:4
[Debug] [2026-6-17 10:17:11] Send cmd [Scan Outer SPI Flash:20300] OK
[Debug] [2026-6-17 10:17:11] End to send scan outer flash cmd.
[Debug] [2026-6-17 10:17:11] begin to exec scan jtag flash cmd...
[Debug] [2026-6-17 10:17:11] Begin to initialize JtagFlash for selected FPGA Device...
[Debug] [2026-6-17 10:17:11] Begin to update graphic item and tree item ...
[Debug] [2026-6-17 10:17:11] End to update graphic item and tree item ...
[Info] [2026-6-17 10:17:13] set OpenLastPath: C:/Users/23694/Desktop/ziguang_project/02_pcie_image_test_1080p/08_HDMI_pcie_capture_40pin_100k/project/generate_bitstream/image_pcie_capture.sfc
[Debug] [2026-6-17 10:17:13] begin to check SFC File and Flash Device Read Mode.
[Debug] [2026-6-17 10:17:13] end to check SFC File and Flash Device Read Mode.
[Debug] [2026-6-17 10:17:13] Begin to update graphic item and tree item ...
[Debug] [2026-6-17 10:17:13] End to update graphic item and tree item ...
[Debug] [2026-6-17 10:17:13] End to initialize OuterFlash for selected FPGA Device...
[Debug] [2026-6-17 10:17:13] end to exec scan jtag flash cmd...
[Debug] [2026-6-17 10:17:13] COMMAND[Scan Outer SPI Flash] execute successfully, takes 2.2 secs.
[Debug] [2026-6-17 10:17:13] Log::Print : COMMAND[Scan Outer SPI Flash] execute successfully, takes 2.2 secs.
[Debug] [2026-6-17 10:17:14] begin to send promgram jtag flash cmd.
[Debug] [2026-6-17 10:17:14] begin to send jtag flash erase cmd
[Debug] [2026-6-17 10:17:14] Send RPC:5
[Debug] [2026-6-17 10:17:14] Begin to send embed flash erase data.
[Debug] [2026-6-17 10:17:14] Begin to send flash erase data.
[Debug] [2026-6-17 10:17:14] End to send flash erase data.
[Debug] [2026-6-17 10:17:14] End to send embed flash erase data.
[Debug] [2026-6-17 10:17:14] Send cmd [Erase Outer Flash:20302] OK
[Debug] [2026-6-17 10:17:14] Log::Print : The start address of operating flash is 0x0.
[Debug] [2026-6-17 10:17:14] The value of Progress is 1
[Debug] [2026-6-17 10:17:16] The value of Progress is 6
[Debug] [2026-6-17 10:17:17] The value of Progress is 11
[Debug] [2026-6-17 10:17:17] The value of Progress is 15
[Debug] [2026-6-17 10:17:18] The value of Progress is 20
[Debug] [2026-6-17 10:17:19] The value of Progress is 26
[Debug] [2026-6-17 10:17:20] The value of Progress is 31
[Debug] [2026-6-17 10:17:21] The value of Progress is 35
[Debug] [2026-6-17 10:17:22] The value of Progress is 40
[Debug] [2026-6-17 10:17:23] The value of Progress is 46
[Debug] [2026-6-17 10:17:24] The value of Progress is 51
[Debug] [2026-6-17 10:17:25] The value of Progress is 55
[Debug] [2026-6-17 10:17:26] The value of Progress is 60
[Debug] [2026-6-17 10:17:27] The value of Progress is 66
[Debug] [2026-6-17 10:17:28] The value of Progress is 71
[Debug] [2026-6-17 10:17:28] The value of Progress is 75
[Debug] [2026-6-17 10:17:29] The value of Progress is 80
[Debug] [2026-6-17 10:17:30] The value of Progress is 86
[Debug] [2026-6-17 10:17:31] The value of Progress is 91
[Debug] [2026-6-17 10:17:32] The value of Progress is 95
[Debug] [2026-6-17 10:17:32] The value of Progress is 100
[Debug] [2026-6-17 10:17:33] COMMAND[Erase Outer Flash] execute finish, takes 18.5 secs.
[Debug] [2026-6-17 10:17:33] end to send jtag flash erase cmd.
[Debug] [2026-6-17 10:17:33] Send RPC:6
[Debug] [2026-6-17 10:17:33] Begin to send jtag flash program data.
[Debug] [2026-6-17 10:17:33] Begin to send flash program data.
[Debug] [2026-6-17 10:17:33] End to send flash program data.
[Debug] [2026-6-17 10:17:33] End to send embed flash program data.
[Debug] [2026-6-17 10:17:33] Send cmd [Program Outer Flash:20301] OK
[Debug] [2026-6-17 10:17:33] Log::Print : COMMAND[Erase Outer Flash] execute finish, takes 18.5 secs.
[Debug] [2026-6-17 10:17:33] Log::Print : The start address of operating flash is 0x0.
[Debug] [2026-6-17 10:17:33] The value of Progress is 1
[Debug] [2026-6-17 10:17:36] The value of Progress is 6
[Debug] [2026-6-17 10:17:37] The value of Progress is 10
[Debug] [2026-6-17 10:17:40] The value of Progress is 15
[Debug] [2026-6-17 10:17:42] The value of Progress is 20
[Debug] [2026-6-17 10:17:45] The value of Progress is 25
[Debug] [2026-6-17 10:17:47] The value of Progress is 30
[Debug] [2026-6-17 10:17:49] The value of Progress is 35
[Debug] [2026-6-17 10:17:52] The value of Progress is 40
[Debug] [2026-6-17 10:17:54] The value of Progress is 45
[Debug] [2026-6-17 10:17:56] The value of Progress is 50
[Debug] [2026-6-17 10:17:58] The value of Progress is 55
[Debug] [2026-6-17 10:18:01] The value of Progress is 60
[Debug] [2026-6-17 10:18:03] The value of Progress is 65
[Debug] [2026-6-17 10:18:05] The value of Progress is 70
[Debug] [2026-6-17 10:18:08] The value of Progress is 75
[Debug] [2026-6-17 10:18:10] The value of Progress is 80
[Debug] [2026-6-17 10:18:13] The value of Progress is 85
[Debug] [2026-6-17 10:18:15] The value of Progress is 90
[Debug] [2026-6-17 10:18:18] The value of Progress is 95
[Debug] [2026-6-17 10:18:20] The value of Progress is 100
[Debug] [2026-6-17 10:18:20] COMMAND[Program Outer Flash] execute finish, takes 47.8 secs.
[Debug] [2026-6-17 10:18:20] begin to send jtag flash verify cmd
[Debug] [2026-6-17 10:18:20] Send RPC:7
[Debug] [2026-6-17 10:18:20] Begin to send embed flash verify data.
[Debug] [2026-6-17 10:18:20] Begin to send flash verify data.
[Debug] [2026-6-17 10:18:20] End to send flash verify data.
[Debug] [2026-6-17 10:18:20] End to send embed flash verify data.
[Debug] [2026-6-17 10:18:20] Send cmd [Verify Outer Flash:20303] OK
[Debug] [2026-6-17 10:18:20] Log::Print : COMMAND[Program Outer Flash] execute finish, takes 47.8 secs.
[Debug] [2026-6-17 10:18:20] Log::Print : The start address of operating flash is 0x0.
[Debug] [2026-6-17 10:18:21] The value of Progress is 1
[Debug] [2026-6-17 10:18:21] The value of Progress is 6
[Debug] [2026-6-17 10:18:21] The value of Progress is 10
[Debug] [2026-6-17 10:18:21] The value of Progress is 15
[Debug] [2026-6-17 10:18:21] The value of Progress is 20
[Debug] [2026-6-17 10:18:21] The value of Progress is 25
[Debug] [2026-6-17 10:18:21] The value of Progress is 30
[Debug] [2026-6-17 10:18:22] The value of Progress is 35
[Debug] [2026-6-17 10:18:22] The value of Progress is 40
[Debug] [2026-6-17 10:18:22] The value of Progress is 45
[Debug] [2026-6-17 10:18:22] The value of Progress is 50
[Debug] [2026-6-17 10:18:22] The value of Progress is 55
[Debug] [2026-6-17 10:18:22] The value of Progress is 60
[Debug] [2026-6-17 10:18:23] The value of Progress is 65
[Debug] [2026-6-17 10:18:23] The value of Progress is 70
[Debug] [2026-6-17 10:18:23] The value of Progress is 75
[Debug] [2026-6-17 10:18:23] The value of Progress is 80
[Debug] [2026-6-17 10:18:23] The value of Progress is 85
[Debug] [2026-6-17 10:18:23] The value of Progress is 90
[Debug] [2026-6-17 10:18:23] The value of Progress is 95
[Debug] [2026-6-17 10:18:24] The value of Progress is 100
[Debug] [2026-6-17 10:18:24] COMMAND[Verify Outer Flash] execute successfully, takes 3.2 secs.
[Debug] [2026-6-17 10:18:24] end to send jtag flash verify cmd
[Debug] [2026-6-17 10:18:24] end to send jtag flash program cmd.
[Debug] [2026-6-17 10:18:24] Log::Print : COMMAND[Verify Outer Flash] execute successfully, takes 3.2 secs.
[Info] [2026-6-17 10:44:55] /***************************End Configration***************************/
[Info] [2026-7-3 15:28:38] /***************************Start Configuration***************************/
[Info] [2026-7-3 15:28:38] Path: F:/PDS_2022.2-SP6.4/bin
[Info] [2026-7-3 15:28:38] Version: 146967
[Info] [2026-7-3 15:28:39] Current Path: C:/Users/DELL/02_pcie_image_test_1080p_v1/08_HDMI_pcie_capture_40pin_100k/project
[Info] [2026-7-3 15:28:39] PDS Dir Path: C:/Users/DELL/02_pcie_image_test_1080p_v1/08_HDMI_pcie_capture_40pin_100k/project
[Info] [2026-7-3 15:28:44] Configuration is not connect with server. connect first then scan chain.
[Debug] [2026-7-3 15:28:44] Client Local host name:DESKTOP-P0E5I2S
[Debug] [2026-7-3 15:28:44] Client Local Address:172.16.17.24
[Debug] [2026-7-3 15:28:44] Server Address:127.0.0.1, Port:65420
[Debug] [2026-7-3 15:28:44] Log::Print : Connecting to server[127.0.0.1 : 65420].
[Info] [2026-7-3 15:28:44] Connect OK, Server: 127.0.0.1  Port: 65420
[Debug] [2026-7-3 15:28:44] Finish.
[Info] [2026-7-3 15:28:44] Connect server succeeded
[Debug] [2026-7-3 15:28:44] Send RPC:1
[Debug] [2026-7-3 15:28:44] Send cmd [check version information:40004] OK
[Debug] [2026-7-3 15:28:44] Log::Print : Connect to server[127.0.0.1 : 65420] successfully.
[Debug] [2026-7-3 15:28:44] Send RPC:2
[Debug] [2026-7-3 15:28:44] Send cmd [get_cable_paras:40010] OK
[Debug] [2026-7-3 15:28:44] Begin to send initialize chain cmd...
[Debug] [2026-7-3 15:28:44] Send RPC:3
[Debug] [2026-7-3 15:28:44] Send cmd [Open config cable:20001] OK
[Debug] [2026-7-3 15:28:44] End to send initialize chain cmd.
[Debug] [2026-7-3 15:28:44] COMMAND[check version information] execute successfully, takes 0.0 secs.
[Debug] [2026-7-3 15:28:44] Log::Print : COMMAND[check version information] execute successfully, takes 0.0 secs.
[Debug] [2026-7-3 15:28:45] COMMAND[get_cable_paras] execute successfully, takes 0.8 secs.
[Debug] [2026-7-3 15:28:45] Log::Print : The cable List : 
Cable index 0:USB Cable II/fffffffffffffffe 

[Debug] [2026-7-3 15:28:45] Log::Print : COMMAND[get_cable_paras] execute successfully, takes 0.8 secs.
[Debug] [2026-7-3 15:28:46] begin the exec of open cable cmd...
[Debug] [2026-7-3 15:28:46] Begin to deal with chain from server...
[Debug] [2026-7-3 15:28:46] Begin to set user chain...
[Debug] [2026-7-3 15:28:46] End to set user chain.
[Debug] [2026-7-3 15:28:46] Begin to update graphic item and tree item ...
[Debug] [2026-7-3 15:28:46] End to update graphic item and tree item ...
[Debug] [2026-7-3 15:28:46] Log::Print : PANGO USB CABLE II cable driver: D2XX DLL
[Debug] [2026-7-3 15:28:46] Log::Print : PG2L100H
[Debug] [2026-7-3 15:28:46] Log::Print : This device configure situation (done bit): 1
[Info] [2026-7-3 15:28:51] set OpenLastPath: C:/Users/DELL/02_pcie_image_test_1080p_v1/08_HDMI_pcie_capture_40pin_100k/project/generate_bitstream/image_pcie_capture.sbit
[Debug] [2026-7-3 15:28:51] begin to get device info from CFG file...
[Debug] [2026-7-3 15:28:51] end to get device info from CFG file...
[Debug] [2026-7-3 15:28:51] Begin to update graphic item and tree item ...
[Debug] [2026-7-3 15:28:51] End to update graphic item and tree item ...
[Debug] [2026-7-3 15:28:51] Begin to update graphic item and tree item ...
[Debug] [2026-7-3 15:28:51] End to update graphic item and tree item ...
[Debug] [2026-7-3 15:28:51] End to deal wiht chain from server.
[Debug] [2026-7-3 15:28:51] end the exec of open cable cmd.
[Debug] [2026-7-3 15:28:51] COMMAND[Open config cable] execute successfully, takes 6.9 secs.
[Debug] [2026-7-3 15:28:51] Log::Print : COMMAND[Open config cable] execute successfully, takes 6.9 secs.
[Debug] [2026-7-3 15:28:54] Begin to Converte file.
[Debug] [2026-7-3 15:29:00] begin to parse sfc file.
[Debug] [2026-7-3 15:29:00] begin to get device info from CFG file...
[Debug] [2026-7-3 15:29:00] end to get device info from CFG file...
[Debug] [2026-7-3 15:29:00] begin to get device info from CFG file...
[Debug] [2026-7-3 15:29:00] end to get device info from CFG file...
[Debug] [2026-7-3 15:29:00] end to parse sfc file.
[Debug] [2026-7-3 15:29:00] Log::Print : The Start Address of bit file C:/Users/DELL/02_pcie_image_test_1080p_v1/08_HDMI_pcie_capture_40pin_100k/project/generate_bitstream/image_pcie_capture.sbit: 0x0
[Debug] [2026-7-3 15:29:01] End to Converte file.
[Debug] [2026-7-3 15:29:04] Begin to send scan outer flash cmd...
[Debug] [2026-7-3 15:29:04] Send RPC:4
[Debug] [2026-7-3 15:29:04] Send cmd [Scan Outer SPI Flash:20300] OK
[Debug] [2026-7-3 15:29:04] End to send scan outer flash cmd.
[Debug] [2026-7-3 15:29:04] begin to exec scan jtag flash cmd...
[Debug] [2026-7-3 15:29:04] Begin to initialize JtagFlash for selected FPGA Device...
[Debug] [2026-7-3 15:29:04] Begin to update graphic item and tree item ...
[Debug] [2026-7-3 15:29:04] End to update graphic item and tree item ...
[Info] [2026-7-3 15:29:06] set OpenLastPath: C:/Users/DELL/02_pcie_image_test_1080p_v1/08_HDMI_pcie_capture_40pin_100k/project/generate_bitstream/image_pcie_capture.sfc
[Debug] [2026-7-3 15:29:06] begin to check SFC File and Flash Device Read Mode.
[Debug] [2026-7-3 15:29:06] end to check SFC File and Flash Device Read Mode.
[Debug] [2026-7-3 15:29:06] Begin to update graphic item and tree item ...
[Debug] [2026-7-3 15:29:06] End to update graphic item and tree item ...
[Debug] [2026-7-3 15:29:06] End to initialize OuterFlash for selected FPGA Device...
[Debug] [2026-7-3 15:29:06] end to exec scan jtag flash cmd...
[Debug] [2026-7-3 15:29:06] COMMAND[Scan Outer SPI Flash] execute successfully, takes 2.2 secs.
[Debug] [2026-7-3 15:29:06] Log::Print : COMMAND[Scan Outer SPI Flash] execute successfully, takes 2.2 secs.
[Debug] [2026-7-3 15:29:08] begin to send promgram jtag flash cmd.
[Debug] [2026-7-3 15:29:08] begin to send jtag flash erase cmd
[Debug] [2026-7-3 15:29:08] Send RPC:5
[Debug] [2026-7-3 15:29:08] Begin to send embed flash erase data.
[Debug] [2026-7-3 15:29:08] Begin to send flash erase data.
[Debug] [2026-7-3 15:29:08] End to send flash erase data.
[Debug] [2026-7-3 15:29:08] End to send embed flash erase data.
[Debug] [2026-7-3 15:29:08] Send cmd [Erase Outer Flash:20302] OK
[Debug] [2026-7-3 15:29:08] Log::Print : The start address of operating flash is 0x0.
[Debug] [2026-7-3 15:29:08] The value of Progress is 1
[Debug] [2026-7-3 15:29:10] The value of Progress is 6
[Debug] [2026-7-3 15:29:11] The value of Progress is 11
[Debug] [2026-7-3 15:29:11] The value of Progress is 15
[Debug] [2026-7-3 15:29:12] The value of Progress is 20
[Debug] [2026-7-3 15:29:13] The value of Progress is 26
[Debug] [2026-7-3 15:29:14] The value of Progress is 31
[Debug] [2026-7-3 15:29:15] The value of Progress is 35
[Debug] [2026-7-3 15:29:16] The value of Progress is 40
[Debug] [2026-7-3 15:29:17] The value of Progress is 46
[Debug] [2026-7-3 15:29:18] The value of Progress is 51
[Debug] [2026-7-3 15:29:19] The value of Progress is 55
[Debug] [2026-7-3 15:29:20] The value of Progress is 60
[Debug] [2026-7-3 15:29:21] The value of Progress is 66
[Debug] [2026-7-3 15:29:22] The value of Progress is 71
[Debug] [2026-7-3 15:29:22] The value of Progress is 75
[Debug] [2026-7-3 15:29:23] The value of Progress is 80
[Debug] [2026-7-3 15:29:24] The value of Progress is 86
[Debug] [2026-7-3 15:29:25] The value of Progress is 91
[Debug] [2026-7-3 15:29:26] The value of Progress is 95
[Debug] [2026-7-3 15:29:26] The value of Progress is 100
[Debug] [2026-7-3 15:29:26] COMMAND[Erase Outer Flash] execute finish, takes 18.4 secs.
[Debug] [2026-7-3 15:29:26] end to send jtag flash erase cmd.
[Debug] [2026-7-3 15:29:26] Send RPC:6
[Debug] [2026-7-3 15:29:26] Begin to send jtag flash program data.
[Debug] [2026-7-3 15:29:26] Begin to send flash program data.
[Debug] [2026-7-3 15:29:26] End to send flash program data.
[Debug] [2026-7-3 15:29:26] End to send embed flash program data.
[Debug] [2026-7-3 15:29:26] Send cmd [Program Outer Flash:20301] OK
[Debug] [2026-7-3 15:29:26] Log::Print : COMMAND[Erase Outer Flash] execute finish, takes 18.4 secs.
[Debug] [2026-7-3 15:29:26] Log::Print : The start address of operating flash is 0x0.
[Debug] [2026-7-3 15:29:27] The value of Progress is 1
[Debug] [2026-7-3 15:29:29] The value of Progress is 6
[Debug] [2026-7-3 15:29:31] The value of Progress is 10
[Debug] [2026-7-3 15:29:33] The value of Progress is 15
[Debug] [2026-7-3 15:29:36] The value of Progress is 20
[Debug] [2026-7-3 15:29:38] The value of Progress is 25
[Debug] [2026-7-3 15:29:40] The value of Progress is 30
[Debug] [2026-7-3 15:29:42] The value of Progress is 35
[Debug] [2026-7-3 15:29:45] The value of Progress is 40
[Debug] [2026-7-3 15:29:47] The value of Progress is 45
[Debug] [2026-7-3 15:29:49] The value of Progress is 50
[Debug] [2026-7-3 15:29:52] The value of Progress is 55
[Debug] [2026-7-3 15:29:54] The value of Progress is 60
[Debug] [2026-7-3 15:29:56] The value of Progress is 65
[Debug] [2026-7-3 15:29:58] The value of Progress is 70
[Debug] [2026-7-3 15:30:01] The value of Progress is 75
[Debug] [2026-7-3 15:30:03] The value of Progress is 80
[Debug] [2026-7-3 15:30:05] The value of Progress is 85
[Debug] [2026-7-3 15:30:07] The value of Progress is 90
[Debug] [2026-7-3 15:30:10] The value of Progress is 95
[Debug] [2026-7-3 15:30:12] The value of Progress is 100
[Debug] [2026-7-3 15:30:12] COMMAND[Program Outer Flash] execute finish, takes 45.8 secs.
[Debug] [2026-7-3 15:30:12] begin to send jtag flash verify cmd
[Debug] [2026-7-3 15:30:12] Send RPC:7
[Debug] [2026-7-3 15:30:12] Begin to send embed flash verify data.
[Debug] [2026-7-3 15:30:12] Begin to send flash verify data.
[Debug] [2026-7-3 15:30:12] End to send flash verify data.
[Debug] [2026-7-3 15:30:12] End to send embed flash verify data.
[Debug] [2026-7-3 15:30:12] Send cmd [Verify Outer Flash:20303] OK
[Debug] [2026-7-3 15:30:12] Log::Print : COMMAND[Program Outer Flash] execute finish, takes 45.8 secs.
[Debug] [2026-7-3 15:30:12] Log::Print : The start address of operating flash is 0x0.
[Debug] [2026-7-3 15:30:12] The value of Progress is 1
[Debug] [2026-7-3 15:30:12] The value of Progress is 6
[Debug] [2026-7-3 15:30:13] The value of Progress is 10
[Debug] [2026-7-3 15:30:13] The value of Progress is 15
[Debug] [2026-7-3 15:30:13] The value of Progress is 20
[Debug] [2026-7-3 15:30:13] The value of Progress is 25
[Debug] [2026-7-3 15:30:13] The value of Progress is 30
[Debug] [2026-7-3 15:30:13] The value of Progress is 35
[Debug] [2026-7-3 15:30:13] The value of Progress is 40
[Debug] [2026-7-3 15:30:14] The value of Progress is 45
[Debug] [2026-7-3 15:30:14] The value of Progress is 50
[Debug] [2026-7-3 15:30:14] The value of Progress is 55
[Debug] [2026-7-3 15:30:14] The value of Progress is 60
[Debug] [2026-7-3 15:30:14] The value of Progress is 65
[Debug] [2026-7-3 15:30:14] The value of Progress is 70
[Debug] [2026-7-3 15:30:14] The value of Progress is 75
[Debug] [2026-7-3 15:30:15] The value of Progress is 80
[Debug] [2026-7-3 15:30:15] The value of Progress is 85
[Debug] [2026-7-3 15:30:15] The value of Progress is 90
[Debug] [2026-7-3 15:30:15] The value of Progress is 95
[Debug] [2026-7-3 15:30:15] The value of Progress is 100
[Debug] [2026-7-3 15:30:15] COMMAND[Verify Outer Flash] execute successfully, takes 3.3 secs.
[Debug] [2026-7-3 15:30:15] end to send jtag flash verify cmd
[Debug] [2026-7-3 15:30:15] end to send jtag flash program cmd.
[Debug] [2026-7-3 15:30:15] Log::Print : COMMAND[Verify Outer Flash] execute successfully, takes 3.3 secs.
[Info] [2026-7-3 15:33:24] /***************************End Configration***************************/
[Info] [2026-7-7 19:59:41] /***************************Start Configuration***************************/
[Info] [2026-7-7 19:59:41] Path: F:/PDS_2022.2-SP6.4/bin
[Info] [2026-7-7 19:59:41] Version: 146967
[Info] [2026-7-7 19:59:42] Current Path: C:/Users/DELL/02_pcie_image_test_1080p_v1/08_HDMI_pcie_capture_40pin_100k/project
[Info] [2026-7-7 19:59:42] PDS Dir Path: C:/Users/DELL/02_pcie_image_test_1080p_v1/08_HDMI_pcie_capture_40pin_100k/project
[Info] [2026-7-7 19:59:43] Configuration is not connect with server. connect first then scan chain.
[Debug] [2026-7-7 19:59:44] Client Local host name:DESKTOP-P0E5I2S
[Debug] [2026-7-7 19:59:44] Client Local Address:172.16.17.24
[Debug] [2026-7-7 19:59:44] Server Address:127.0.0.1, Port:65420
[Debug] [2026-7-7 19:59:44] Log::Print : Connecting to server[127.0.0.1 : 65420].
[Info] [2026-7-7 19:59:44] Connect OK, Server: 127.0.0.1  Port: 65420
[Debug] [2026-7-7 19:59:44] Finish.
[Info] [2026-7-7 19:59:44] Connect server succeeded
[Debug] [2026-7-7 19:59:44] Send RPC:1
[Debug] [2026-7-7 19:59:44] Send cmd [check version information:40004] OK
[Debug] [2026-7-7 19:59:44] Log::Print : Connect to server[127.0.0.1 : 65420] successfully.
[Debug] [2026-7-7 19:59:44] Send RPC:2
[Debug] [2026-7-7 19:59:44] Send cmd [get_cable_paras:40010] OK
[Debug] [2026-7-7 19:59:44] Begin to send initialize chain cmd...
[Debug] [2026-7-7 19:59:44] Send RPC:3
[Debug] [2026-7-7 19:59:44] Send cmd [Open config cable:20001] OK
[Debug] [2026-7-7 19:59:44] End to send initialize chain cmd.
[Debug] [2026-7-7 19:59:44] COMMAND[check version information] execute successfully, takes 0.0 secs.
[Debug] [2026-7-7 19:59:44] Log::Print : COMMAND[check version information] execute successfully, takes 0.0 secs.
[Debug] [2026-7-7 19:59:45] COMMAND[get_cable_paras] execute successfully, takes 0.7 secs.
[Debug] [2026-7-7 19:59:45] Log::Print : The cable List : 
Cable index 0:USB Cable II/fffffffffffffffe 

[Debug] [2026-7-7 19:59:45] Log::Print : COMMAND[get_cable_paras] execute successfully, takes 0.7 secs.
[Debug] [2026-7-7 19:59:45] begin the exec of open cable cmd...
[Debug] [2026-7-7 19:59:45] Begin to deal with chain from server...
[Debug] [2026-7-7 19:59:45] Begin to set user chain...
[Debug] [2026-7-7 19:59:45] End to set user chain.
[Debug] [2026-7-7 19:59:45] Begin to update graphic item and tree item ...
[Debug] [2026-7-7 19:59:45] End to update graphic item and tree item ...
[Debug] [2026-7-7 19:59:45] Log::Print : PANGO USB CABLE II cable driver: D2XX DLL
[Debug] [2026-7-7 19:59:45] Log::Print : PG2L100H
[Debug] [2026-7-7 19:59:45] Log::Print : This device configure situation (done bit): 1
[Info] [2026-7-7 19:59:48] set OpenLastPath: C:/Users/DELL/02_pcie_image_test_1080p_v1/08_HDMI_pcie_capture_40pin_100k/project/generate_bitstream/image_pcie_capture.sbit
[Debug] [2026-7-7 19:59:48] begin to get device info from CFG file...
[Debug] [2026-7-7 19:59:48] end to get device info from CFG file...
[Debug] [2026-7-7 19:59:48] Begin to update graphic item and tree item ...
[Debug] [2026-7-7 19:59:48] End to update graphic item and tree item ...
[Debug] [2026-7-7 19:59:48] Begin to update graphic item and tree item ...
[Debug] [2026-7-7 19:59:48] End to update graphic item and tree item ...
[Debug] [2026-7-7 19:59:48] End to deal wiht chain from server.
[Debug] [2026-7-7 19:59:48] end the exec of open cable cmd.
[Debug] [2026-7-7 19:59:48] COMMAND[Open config cable] execute successfully, takes 4.1 secs.
[Debug] [2026-7-7 19:59:48] Log::Print : COMMAND[Open config cable] execute successfully, takes 4.1 secs.
[Debug] [2026-7-7 19:59:54] Begin to send scan outer flash cmd...
[Debug] [2026-7-7 19:59:54] Send RPC:4
[Debug] [2026-7-7 19:59:54] Send cmd [Scan Outer SPI Flash:20300] OK
[Debug] [2026-7-7 19:59:54] End to send scan outer flash cmd.
[Debug] [2026-7-7 19:59:54] begin to exec scan jtag flash cmd...
[Debug] [2026-7-7 19:59:54] Begin to initialize JtagFlash for selected FPGA Device...
[Debug] [2026-7-7 19:59:54] Begin to update graphic item and tree item ...
[Debug] [2026-7-7 19:59:54] End to update graphic item and tree item ...
[Info] [2026-7-7 19:59:56] set OpenLastPath: C:/Users/DELL/02_pcie_image_test_1080p_v1/08_HDMI_pcie_capture_40pin_100k/project/generate_bitstream/image_pcie_capture.sfc
[Debug] [2026-7-7 19:59:56] begin to check SFC File and Flash Device Read Mode.
[Debug] [2026-7-7 19:59:56] end to check SFC File and Flash Device Read Mode.
[Debug] [2026-7-7 19:59:56] Begin to update graphic item and tree item ...
[Debug] [2026-7-7 19:59:56] End to update graphic item and tree item ...
[Debug] [2026-7-7 19:59:56] End to initialize OuterFlash for selected FPGA Device...
[Debug] [2026-7-7 19:59:56] end to exec scan jtag flash cmd...
[Debug] [2026-7-7 19:59:56] COMMAND[Scan Outer SPI Flash] execute successfully, takes 2.2 secs.
[Debug] [2026-7-7 19:59:56] Log::Print : COMMAND[Scan Outer SPI Flash] execute successfully, takes 2.2 secs.
[Debug] [2026-7-7 19:59:57] begin to send promgram jtag flash cmd.
[Debug] [2026-7-7 19:59:57] begin to send jtag flash erase cmd
[Debug] [2026-7-7 19:59:57] Send RPC:5
[Debug] [2026-7-7 19:59:57] Begin to send embed flash erase data.
[Debug] [2026-7-7 19:59:57] Begin to send flash erase data.
[Debug] [2026-7-7 19:59:57] End to send flash erase data.
[Debug] [2026-7-7 19:59:57] End to send embed flash erase data.
[Debug] [2026-7-7 19:59:57] Send cmd [Erase Outer Flash:20302] OK
[Debug] [2026-7-7 19:59:57] Log::Print : The start address of operating flash is 0x0.
[Debug] [2026-7-7 19:59:58] The value of Progress is 1
[Debug] [2026-7-7 19:59:59] The value of Progress is 6
[Debug] [2026-7-7 20:00:00] The value of Progress is 11
[Debug] [2026-7-7 20:00:01] The value of Progress is 15
[Debug] [2026-7-7 20:00:02] The value of Progress is 20
[Debug] [2026-7-7 20:00:03] The value of Progress is 26
[Debug] [2026-7-7 20:00:03] The value of Progress is 31
[Debug] [2026-7-7 20:00:04] The value of Progress is 35
[Debug] [2026-7-7 20:00:05] The value of Progress is 40
[Debug] [2026-7-7 20:00:06] The value of Progress is 46
[Debug] [2026-7-7 20:00:07] The value of Progress is 51
[Debug] [2026-7-7 20:00:08] The value of Progress is 55
[Debug] [2026-7-7 20:00:09] The value of Progress is 60
[Debug] [2026-7-7 20:00:10] The value of Progress is 66
[Debug] [2026-7-7 20:00:11] The value of Progress is 71
[Debug] [2026-7-7 20:00:12] The value of Progress is 75
[Debug] [2026-7-7 20:00:12] The value of Progress is 80
[Debug] [2026-7-7 20:00:13] The value of Progress is 86
[Debug] [2026-7-7 20:00:14] The value of Progress is 91
[Debug] [2026-7-7 20:00:15] The value of Progress is 95
[Debug] [2026-7-7 20:00:15] The value of Progress is 100
[Debug] [2026-7-7 20:00:15] COMMAND[Erase Outer Flash] execute finish, takes 18.0 secs.
[Debug] [2026-7-7 20:00:15] end to send jtag flash erase cmd.
[Debug] [2026-7-7 20:00:15] Send RPC:6
[Debug] [2026-7-7 20:00:15] Begin to send jtag flash program data.
[Debug] [2026-7-7 20:00:15] Begin to send flash program data.
[Debug] [2026-7-7 20:00:15] End to send flash program data.
[Debug] [2026-7-7 20:00:15] End to send embed flash program data.
[Debug] [2026-7-7 20:00:15] Send cmd [Program Outer Flash:20301] OK
[Debug] [2026-7-7 20:00:15] Log::Print : COMMAND[Erase Outer Flash] execute finish, takes 18.0 secs.
[Debug] [2026-7-7 20:00:15] Log::Print : The start address of operating flash is 0x0.
[Debug] [2026-7-7 20:00:16] The value of Progress is 1
[Debug] [2026-7-7 20:00:18] The value of Progress is 6
[Debug] [2026-7-7 20:00:20] The value of Progress is 10
[Debug] [2026-7-7 20:00:22] The value of Progress is 15
[Debug] [2026-7-7 20:00:25] The value of Progress is 20
[Debug] [2026-7-7 20:00:27] The value of Progress is 25
[Debug] [2026-7-7 20:00:29] The value of Progress is 30
[Debug] [2026-7-7 20:00:31] The value of Progress is 35
[Debug] [2026-7-7 20:00:34] The value of Progress is 40
[Debug] [2026-7-7 20:00:36] The value of Progress is 45
[Debug] [2026-7-7 20:00:38] The value of Progress is 50
[Debug] [2026-7-7 20:00:41] The value of Progress is 55
[Debug] [2026-7-7 20:00:43] The value of Progress is 60
[Debug] [2026-7-7 20:00:45] The value of Progress is 65
[Debug] [2026-7-7 20:00:47] The value of Progress is 70
[Debug] [2026-7-7 20:00:50] The value of Progress is 75
[Debug] [2026-7-7 20:00:52] The value of Progress is 80
[Debug] [2026-7-7 20:00:54] The value of Progress is 85
[Debug] [2026-7-7 20:00:56] The value of Progress is 90
[Debug] [2026-7-7 20:00:59] The value of Progress is 95
[Debug] [2026-7-7 20:01:01] The value of Progress is 100
[Debug] [2026-7-7 20:01:01] COMMAND[Program Outer Flash] execute finish, takes 45.8 secs.
[Debug] [2026-7-7 20:01:01] begin to send jtag flash verify cmd
[Debug] [2026-7-7 20:01:01] Send RPC:7
[Debug] [2026-7-7 20:01:01] Begin to send embed flash verify data.
[Debug] [2026-7-7 20:01:01] Begin to send flash verify data.
[Debug] [2026-7-7 20:01:01] End to send flash verify data.
[Debug] [2026-7-7 20:01:01] End to send embed flash verify data.
[Debug] [2026-7-7 20:01:01] Send cmd [Verify Outer Flash:20303] OK
[Debug] [2026-7-7 20:01:01] Log::Print : COMMAND[Program Outer Flash] execute finish, takes 45.8 secs.
[Debug] [2026-7-7 20:01:01] Log::Print : The start address of operating flash is 0x0.
[Debug] [2026-7-7 20:01:01] The value of Progress is 1
[Debug] [2026-7-7 20:01:02] The value of Progress is 6
[Debug] [2026-7-7 20:01:02] The value of Progress is 10
[Debug] [2026-7-7 20:01:02] The value of Progress is 15
[Debug] [2026-7-7 20:01:02] The value of Progress is 20
[Debug] [2026-7-7 20:01:02] The value of Progress is 25
[Debug] [2026-7-7 20:01:02] The value of Progress is 30
[Debug] [2026-7-7 20:01:02] The value of Progress is 35
[Debug] [2026-7-7 20:01:03] The value of Progress is 40
[Debug] [2026-7-7 20:01:03] The value of Progress is 45
[Debug] [2026-7-7 20:01:03] The value of Progress is 50
[Debug] [2026-7-7 20:01:03] The value of Progress is 55
[Debug] [2026-7-7 20:01:03] The value of Progress is 60
[Debug] [2026-7-7 20:01:03] The value of Progress is 65
[Debug] [2026-7-7 20:01:03] The value of Progress is 70
[Debug] [2026-7-7 20:01:04] The value of Progress is 75
[Debug] [2026-7-7 20:01:04] The value of Progress is 80
[Debug] [2026-7-7 20:01:04] The value of Progress is 85
[Debug] [2026-7-7 20:01:04] The value of Progress is 90
[Debug] [2026-7-7 20:01:04] The value of Progress is 95
[Debug] [2026-7-7 20:01:04] The value of Progress is 100
[Debug] [2026-7-7 20:01:05] COMMAND[Verify Outer Flash] execute successfully, takes 3.3 secs.
[Debug] [2026-7-7 20:01:05] end to send jtag flash verify cmd
[Debug] [2026-7-7 20:01:05] end to send jtag flash program cmd.
[Debug] [2026-7-7 20:01:05] Log::Print : COMMAND[Verify Outer Flash] execute successfully, takes 3.3 secs.
[Info] [2026-7-7 20:18:33] /***************************End Configration***************************/
