[Info] [2025-8-13 14:04:20] /***************************Start jtagserver***************************/
[Info] [2025-8-13 14:04:20] Path: C:/pango/PDS_2022.2-SP6.4/bin
[Info] [2025-8-13 14:04:20] Version: 146967
[Debug] [2025-8-13 14:04:21] Add a new user_thread, socket descriptor is 1056 user_thread id is 0000000000003724
[Debug] [2025-8-13 14:04:21] After adding, map size is : 1
[Debug] [2025-8-13 14:04:21] Add a new user_thread, socket descriptor is 932 user_thread id is 0000000000003724
[Debug] [2025-8-13 14:04:21] After adding, map size is : 2
[Debug] [2025-8-13 14:04:21] IP address of connecting client is : ::ffff:127.0.0.1
[Debug] [2025-8-13 14:04:21] IP address of connecting client is : ::ffff:127.0.0.1IP address of connecting client is : ::ffff:127.0.0.1
[Debug] [2025-8-13 14:04:21] Remove the header data from the client, index : 0
[Debug] [2025-8-13 14:04:21] _total_bytes_size : 160
[Debug] [2025-8-13 14:04:21] Remove the header data from the client, index : 0
[Debug] [2025-8-13 14:04:21] _total_bytes_size : 96
[Debug] [2025-8-13 14:04:21] cmd id :40010cmd name : get_cable_paras
[Debug] [2025-8-13 14:04:22] cmd operation get_cable_paras releases locker
[Debug] [2025-8-13 14:04:22] Remove the header data from the client, index : 0
[Debug] [2025-8-13 14:04:22] _total_bytes_size : 101
[Debug] [2025-8-13 14:04:22] cmd id :20001cmd name : Open config cable
[Error] [2025-8-13 14:04:22] Hardware handler is invalid
[Debug] [2025-8-13 14:04:22] cmd operation Open config cable releases locker
[Debug] [2025-8-13 14:04:28] Remove the header data from the client, index : 0
[Debug] [2025-8-13 14:04:28] _total_bytes_size : 101
[Debug] [2025-8-13 14:04:28] cmd id :20001cmd name : Open config cable
[Error] [2025-8-13 14:04:28] Hardware handler is invalid
[Debug] [2025-8-13 14:04:28] cmd operation Open config cable releases locker
[Debug] [2025-8-13 14:04:31] connection error happens : 1
[Debug] [2025-8-13 14:04:31] connection state changes : 6 , socket description 1056
[Debug] [2025-8-13 14:04:31] socket state is ListeningStateconnection error happens : 1
[Debug] [2025-8-13 14:04:31] connection state changes : 6 , socket description 932
[Warn] [2025-8-13 14:04:31] socket state is ListeningState
[Debug] [2025-8-13 14:04:31] connection state changes : 0 , socket description 1056
[Warn] [2025-8-13 14:04:31] socket state is UnconnectedState
[Warn] [2025-8-13 14:04:31] socket state is UnconnectedState
[Debug] [2025-8-13 14:04:31] connection state changes : 0 , socket description 932
[Warn] [2025-8-13 14:04:31] socket state is UnconnectedState
[Debug] [2025-8-13 14:04:31] socket descriptor 1056is about to delete
[Debug] [2025-8-13 14:04:31] socket descriptor 932is about to delete
[Debug] [2025-8-13 14:04:31] Add a new user_thread, socket descriptor is 1208 user_thread id is 0000000000003724
[Debug] [2025-8-13 14:04:31] After adding, map size is : 1
[Debug] [2025-8-13 14:04:31] IP address of connecting client is : ::ffff:127.0.0.1
[Debug] [2025-8-13 14:04:31] Add a new user_thread, socket descriptor is 1196 user_thread id is 0000000000003724
[Debug] [2025-8-13 14:04:31] After adding, map size is : 2
[Debug] [2025-8-13 14:04:31] IP address of connecting client is : ::ffff:127.0.0.1
[Debug] [2025-8-13 14:04:31] Remove the header data from the client, index : 0
[Debug] [2025-8-13 14:04:31] _total_bytes_size : 160
[Debug] [2025-8-13 14:04:31] Remove the header data from the client, index : 0
[Debug] [2025-8-13 14:04:31] _total_bytes_size : 96
[Debug] [2025-8-13 14:04:31] cmd id :40010cmd name : get_cable_paras
[Debug] [2025-8-13 14:04:33] cmd operation get_cable_paras releases locker
[Debug] [2025-8-13 14:04:57] connection error happens : 1
[Debug] [2025-8-13 14:04:57] connection error happens : 1
[Debug] [2025-8-13 14:04:57] connection state changes : 6 , socket description 1196
[Warn] [2025-8-13 14:04:57] socket state is ListeningState
[Debug] [2025-8-13 14:04:57] connection state changes : 0 , socket description 1196
[Warn] [2025-8-13 14:04:57] socket state is UnconnectedState
[Debug] [2025-8-13 14:04:57] socket descriptor 1196is about to deleteconnection state changes : 6 , socket description 1208
[Debug] [2025-8-13 14:04:57] socket descriptor 1196is about to deleteconnection state changes : 6 , socket description 1208
[Warn] [2025-8-13 14:04:57] socket state is ListeningState
[Debug] [2025-8-13 14:04:57] connection state changes : 0 , socket description 1208
[Warn] [2025-8-13 14:04:57] socket state is UnconnectedState
[Debug] [2025-8-13 14:04:57] socket descriptor 1208is about to delete
[Debug] [2025-8-13 14:04:58] Add a new user_thread, socket descriptor is 1112 user_thread id is 0000000000003724
[Debug] [2025-8-13 14:04:58] After adding, map size is : 1
[Debug] [2025-8-13 14:04:58] IP address of connecting client is : ::ffff:127.0.0.1
[Debug] [2025-8-13 14:04:58] Add a new user_thread, socket descriptor is 1248 user_thread id is 0000000000003724
[Debug] [2025-8-13 14:04:58] After adding, map size is : 2
[Debug] [2025-8-13 14:04:58] IP address of connecting client is : ::ffff:127.0.0.1
[Debug] [2025-8-13 14:04:58] Remove the header data from the client, index : 0
[Debug] [2025-8-13 14:04:58] _total_bytes_size : 160
[Debug] [2025-8-13 14:04:58] Remove the header data from the client, index : 0
[Debug] [2025-8-13 14:04:58] _total_bytes_size : 96
[Debug] [2025-8-13 14:04:58] cmd id :40010cmd name : get_cable_paras
[Debug] [2025-8-13 14:05:00] cmd operation get_cable_paras releases locker
[Debug] [2025-8-13 14:05:02] connection error happens : 1
[Debug] [2025-8-13 14:05:02] connection state changes : 6 , socket description 1112
[Warn] [2025-8-13 14:05:02] socket state is ListeningState
[Debug] [2025-8-13 14:05:02] connection state changes : 0 , socket description 1112
[Warn] [2025-8-13 14:05:02] socket state is UnconnectedState
[Debug] [2025-8-13 14:05:02] connection error happens : 1
[Debug] [2025-8-13 14:05:02] connection state changes : 6 , socket description 1248
[Warn] [2025-8-13 14:05:02] socket state is ListeningState
[Debug] [2025-8-13 14:05:02] connection state changes : 0 , socket description 1248
[Warn] [2025-8-13 14:05:02] socket state is UnconnectedState
[Debug] [2025-8-13 14:05:02] socket descriptor 1112is about to delete
[Debug] [2025-8-13 14:05:02] socket descriptor 1248is about to delete
[Debug] [2025-8-13 14:05:02] Add a new user_thread, socket descriptor is 1220 user_thread id is 0000000000003724
[Debug] [2025-8-13 14:05:02] After adding, map size is : 1
[Debug] [2025-8-13 14:05:02] IP address of connecting client is : ::ffff:127.0.0.1
[Debug] [2025-8-13 14:05:02] Add a new user_thread, socket descriptor is 1296 user_thread id is 0000000000003724
[Debug] [2025-8-13 14:05:02] After adding, map size is : 2
[Debug] [2025-8-13 14:05:02] IP address of connecting client is : ::ffff:127.0.0.1
[Debug] [2025-8-13 14:05:02] Remove the header data from the client, index : 0
[Debug] [2025-8-13 14:05:02] _total_bytes_size : 160
[Debug] [2025-8-13 14:05:02] Remove the header data from the client, index : 0
[Debug] [2025-8-13 14:05:02] _total_bytes_size : 96
[Debug] [2025-8-13 14:05:02] cmd id :40010cmd name : get_cable_paras
[Debug] [2025-8-13 14:05:04] cmd operation get_cable_paras releases locker
[Debug] [2025-8-13 14:05:05] Remove the header data from the client, index : 0
[Debug] [2025-8-13 14:05:05] _total_bytes_size : 332
[Debug] [2025-8-13 14:05:05] cmd id :40011cmd name : set_cable_paras
[Debug] [2025-8-13 14:05:06] cmd operation set_cable_paras releases locker
[Debug] [2025-8-13 14:05:06] Remove the header data from the client, index : 0
[Debug] [2025-8-13 14:05:06] _total_bytes_size : 101
[Debug] [2025-8-13 14:05:06] cmd id :20001cmd name : Open config cable
[Error] [2025-8-13 14:05:06] E:CM Error: Current cable list empty, try to update current available cable list!. In function cdt_cable_manager::CableManager::Obtain at line 924 in file g:\wf\2022.2\output_files\oem\FAB_Develop\branches\pds_2022.2\source\sw\cdt\cablemgr\CableManager.cpp compiled at Jan 31 2024.
[Debug] [2025-8-13 14:05:06] the idcode from the scanning is: 0x10601899
[Debug] [2025-8-13 14:05:06] the idcode from the scanning is: 0x0
[Debug] [2025-8-13 14:05:06] the idcode from the scanning is: 0x0
[Debug] [2025-8-13 14:05:06] the idcode from the scanning is: 0x0
[Debug] [2025-8-13 14:05:06] the idcode from the scanning is: 0x0
[Debug] [2025-8-13 14:05:07] cmd operation Open config cable releases locker
[Debug] [2025-8-13 14:05:09] Remove the header data from the client, index : 0
[Debug] [2025-8-13 14:05:09] _total_bytes_size : 3b8
[Debug] [2025-8-13 14:05:09] cmd id :4e22cmd name : Program
[Debug] [2025-8-13 14:05:09] the idcode from the scanning is: 0x10601899
[Debug] [2025-8-13 14:05:09] the idcode from the scanning is: 0x0
[Debug] [2025-8-13 14:05:09] the idcode from the scanning is: 0x0
[Debug] [2025-8-13 14:05:09] the idcode from the scanning is: 0x0
[Debug] [2025-8-13 14:05:09] the idcode from the scanning is: 0x0
[Debug] [2025-8-13 14:05:09] begin to read back config registerregAddr is 4
[Debug] [2025-8-13 14:05:09] progress bar is 6
[Debug] [2025-8-13 14:05:09] progress bar is 10
[Debug] [2025-8-13 14:05:09] progress bar is 15
[Debug] [2025-8-13 14:05:09] progress bar is 20
[Debug] [2025-8-13 14:05:09] progress bar is 25
[Debug] [2025-8-13 14:05:09] progress bar is 30
[Debug] [2025-8-13 14:05:09] progress bar is 35
[Debug] [2025-8-13 14:05:09] progress bar is 40
[Debug] [2025-8-13 14:05:09] progress bar is 45
[Debug] [2025-8-13 14:05:09] progress bar is 50
[Debug] [2025-8-13 14:05:09] progress bar is 55
[Debug] [2025-8-13 14:05:09] progress bar is 60
[Debug] [2025-8-13 14:05:09] progress bar is 65
[Debug] [2025-8-13 14:05:10] progress bar is 70
[Debug] [2025-8-13 14:05:10] progress bar is 75
[Debug] [2025-8-13 14:05:10] progress bar is 80
[Debug] [2025-8-13 14:05:10] progress bar is 85
[Debug] [2025-8-13 14:05:10] progress bar is 90
[Debug] [2025-8-13 14:05:10] progress bar is 95
[Debug] [2025-8-13 14:05:10] progress bar is 100
[Debug] [2025-8-13 14:05:10] the value in the status register is :1572000
[Debug] [2025-8-13 14:05:10] cmd operation Program releases locker
[Debug] [2025-8-13 14:05:18] Remove the header data from the client, index : 0
[Debug] [2025-8-13 14:05:18] _total_bytes_size : 952
[Debug] [2025-8-13 14:05:18] cmd id :20002cmd name : Program
[Debug] [2025-8-13 14:05:18] the idcode from the scanning is: 0x10601899
[Debug] [2025-8-13 14:05:18] the idcode from the scanning is: 0x0
[Debug] [2025-8-13 14:05:18] the idcode from the scanning is: 0x0
[Debug] [2025-8-13 14:05:18] the idcode from the scanning is: 0x0
[Debug] [2025-8-13 14:05:18] the idcode from the scanning is: 0x0
[Debug] [2025-8-13 14:05:18] begin to read back config registerregAddr is 4
[Debug] [2025-8-13 14:05:18] progress bar is 6
[Debug] [2025-8-13 14:05:18] progress bar is 10
[Debug] [2025-8-13 14:05:18] progress bar is 15
[Debug] [2025-8-13 14:05:18] progress bar is 20
[Debug] [2025-8-13 14:05:18] progress bar is 25
[Debug] [2025-8-13 14:05:18] progress bar is 30
[Debug] [2025-8-13 14:05:18] progress bar is 35
[Debug] [2025-8-13 14:05:18] progress bar is 40
[Debug] [2025-8-13 14:05:18] progress bar is 45
[Debug] [2025-8-13 14:05:18] progress bar is 50
[Debug] [2025-8-13 14:05:18] progress bar is 55
[Debug] [2025-8-13 14:05:18] progress bar is 60
[Debug] [2025-8-13 14:05:19] progress bar is 65
[Debug] [2025-8-13 14:05:19] progress bar is 70
[Debug] [2025-8-13 14:05:19] progress bar is 75
[Debug] [2025-8-13 14:05:19] progress bar is 80
[Debug] [2025-8-13 14:05:19] progress bar is 85
[Debug] [2025-8-13 14:05:19] progress bar is 90
[Debug] [2025-8-13 14:05:19] progress bar is 95
[Debug] [2025-8-13 14:05:19] progress bar is 100
[Debug] [2025-8-13 14:05:19] the value in the status register is :1572000
[Debug] [2025-8-13 14:05:19] cmd operation Program releases locker
[Debug] [2025-8-13 14:06:07] Add a new user_thread, socket descriptor is 1820 user_thread id is 0000000000003724
[Debug] [2025-8-13 14:06:07] After adding, map size is : 3
[Debug] [2025-8-13 14:06:07] IP address of connecting client is : ::ffff:127.0.0.1
[Debug] [2025-8-13 14:06:07] Add a new user_thread, socket descriptor is 1468 user_thread id is 0000000000003724
[Debug] [2025-8-13 14:06:07] After adding, map size is : 4
[Debug] [2025-8-13 14:06:07] IP address of connecting client is : ::ffff:127.0.0.1
[Debug] [2025-8-13 14:06:07] Remove the header data from the client, index : 0
[Debug] [2025-8-13 14:06:07] _total_bytes_size : 160
[Debug] [2025-8-13 14:06:07] Remove the header data from the client, index : 0
[Debug] [2025-8-13 14:06:07] _total_bytes_size : 96
[Debug] [2025-8-13 14:06:07] cmd id :40010cmd name : get_cable_paras
[Debug] [2025-8-13 14:06:08] cmd operation get_cable_paras releases locker
[Debug] [2025-8-13 14:06:08] Remove the header data from the client, index : 0
[Debug] [2025-8-13 14:06:08] _total_bytes_size : 101
[Debug] [2025-8-13 14:06:08] cmd id :20001cmd name : Open config cable
[Debug] [2025-8-13 14:06:08] the idcode from the scanning is: 0x10601899
[Debug] [2025-8-13 14:06:08] the idcode from the scanning is: 0x0
[Debug] [2025-8-13 14:06:08] the idcode from the scanning is: 0x0
[Debug] [2025-8-13 14:06:08] the idcode from the scanning is: 0x0
[Debug] [2025-8-13 14:06:08] the idcode from the scanning is: 0x0
[Debug] [2025-8-13 14:06:08] cmd operation Open config cable releases locker
[Debug] [2025-8-13 14:06:11] Remove the header data from the client, index : 0
[Debug] [2025-8-13 14:06:11] _total_bytes_size : 394
[Debug] [2025-8-13 14:06:11] cmd id :4e22cmd name : Program
[Debug] [2025-8-13 14:06:11] the idcode from the scanning is: 0x10601899
[Debug] [2025-8-13 14:06:11] the idcode from the scanning is: 0x0
[Debug] [2025-8-13 14:06:11] the idcode from the scanning is: 0x0
[Debug] [2025-8-13 14:06:11] the idcode from the scanning is: 0x0
[Debug] [2025-8-13 14:06:11] the idcode from the scanning is: 0x0
[Debug] [2025-8-13 14:06:11] begin to read back config registerregAddr is 4
[Debug] [2025-8-13 14:06:11] progress bar is 6
[Debug] [2025-8-13 14:06:11] progress bar is 10
[Debug] [2025-8-13 14:06:11] progress bar is 15
[Debug] [2025-8-13 14:06:11] progress bar is 20
[Debug] [2025-8-13 14:06:11] progress bar is 25
[Debug] [2025-8-13 14:06:11] progress bar is 30
[Debug] [2025-8-13 14:06:12] progress bar is 35
[Debug] [2025-8-13 14:06:12] progress bar is 40
[Debug] [2025-8-13 14:06:12] progress bar is 45
[Debug] [2025-8-13 14:06:12] progress bar is 50
[Debug] [2025-8-13 14:06:12] progress bar is 55
[Debug] [2025-8-13 14:06:12] progress bar is 60
[Debug] [2025-8-13 14:06:12] progress bar is 65
[Debug] [2025-8-13 14:06:12] progress bar is 70
[Debug] [2025-8-13 14:06:12] progress bar is 75
[Debug] [2025-8-13 14:06:12] progress bar is 80
[Debug] [2025-8-13 14:06:12] progress bar is 85
[Debug] [2025-8-13 14:06:12] progress bar is 90
[Debug] [2025-8-13 14:06:12] progress bar is 95
[Debug] [2025-8-13 14:06:12] progress bar is 100
[Debug] [2025-8-13 14:06:12] the value in the status register is :2096288
[Debug] [2025-8-13 14:06:12] cmd operation Program releases locker
[Debug] [2025-8-13 14:06:20] connection error happens : 1
[Debug] [2025-8-13 14:06:20] connection state changes : 6 , socket description 1820
[Warn] [2025-8-13 14:06:20] socket state is ListeningState
[Debug] [2025-8-13 14:06:20] connection state changes : 0 , socket description 1820
[Warn] [2025-8-13 14:06:20] socket state is UnconnectedState
[Debug] [2025-8-13 14:06:20] connection error happens : 1
[Debug] [2025-8-13 14:06:20] connection state changes : 6 , socket description 1468socket descriptor 1820is about to delete
[Debug] [2025-8-13 14:06:20] connection state changes : 6 , socket description 1468socket descriptor 1820is about to delete
[Warn] [2025-8-13 14:06:20] socket state is ListeningState
[Debug] [2025-8-13 14:06:20] connection state changes : 0 , socket description 1468
[Warn] [2025-8-13 14:06:20] socket state is UnconnectedState
[Debug] [2025-8-13 14:06:20] socket descriptor 1468is about to delete
[Info] [2025-8-13 14:06:32] /***************************Start jtagserver***************************/
[Info] [2025-8-13 14:06:32] Path: C:/pango/PDS_2022.2-SP6.4/bin
[Info] [2025-8-13 14:06:32] Version: 146967
[Debug] [2025-8-13 14:06:33] Add a new user_thread, socket descriptor is 1084 user_thread id is 0000000000007E38
[Debug] [2025-8-13 14:06:33] After adding, map size is : 1
[Debug] [2025-8-13 14:06:33] Add a new user_thread, socket descriptor is 952 user_thread id is 0000000000007E38
[Debug] [2025-8-13 14:06:33] After adding, map size is : 2
[Debug] [2025-8-13 14:06:33] IP address of connecting client is : ::ffff:127.0.0.1
[Debug] [2025-8-13 14:06:33] 
[Debug] [2025-8-13 14:06:33] Remove the header data from the client, index : 0
[Debug] [2025-8-13 14:06:33] _total_bytes_size : 160
[Debug] [2025-8-13 14:06:33] Remove the header data from the client, index : 0
[Debug] [2025-8-13 14:06:33] _total_bytes_size : 96
[Debug] [2025-8-13 14:06:33] cmd id :40010cmd name : get_cable_paras
[Debug] [2025-8-13 14:06:34] cmd operation get_cable_paras releases locker
[Debug] [2025-8-13 14:06:34] Remove the header data from the client, index : 0
[Debug] [2025-8-13 14:06:34] _total_bytes_size : 101
[Debug] [2025-8-13 14:06:34] cmd id :20001cmd name : Open config cable
[Debug] [2025-8-13 14:06:34] the idcode from the scanning is: 0x10601899
[Debug] [2025-8-13 14:06:34] the idcode from the scanning is: 0x0
[Debug] [2025-8-13 14:06:34] the idcode from the scanning is: 0x0
[Debug] [2025-8-13 14:06:34] the idcode from the scanning is: 0x0
[Debug] [2025-8-13 14:06:34] the idcode from the scanning is: 0x0
[Debug] [2025-8-13 14:06:35] cmd operation Open config cable releases locker
[Debug] [2025-8-13 14:06:36] Remove the header data from the client, index : 0
[Debug] [2025-8-13 14:06:36] _total_bytes_size : 3b8
[Debug] [2025-8-13 14:06:36] cmd id :4e22cmd name : Program
[Debug] [2025-8-13 14:06:37] the idcode from the scanning is: 0x10601899
[Debug] [2025-8-13 14:06:37] the idcode from the scanning is: 0x0
[Debug] [2025-8-13 14:06:37] the idcode from the scanning is: 0x0
[Debug] [2025-8-13 14:06:37] the idcode from the scanning is: 0x0
[Debug] [2025-8-13 14:06:37] the idcode from the scanning is: 0x0
[Debug] [2025-8-13 14:06:37] begin to read back config registerregAddr is 4
[Debug] [2025-8-13 14:06:37] progress bar is 6
[Debug] [2025-8-13 14:06:37] progress bar is 10
[Debug] [2025-8-13 14:06:37] progress bar is 15
[Debug] [2025-8-13 14:06:37] progress bar is 20
[Debug] [2025-8-13 14:06:37] progress bar is 25
[Debug] [2025-8-13 14:06:37] progress bar is 30
[Debug] [2025-8-13 14:06:37] progress bar is 35
[Debug] [2025-8-13 14:06:37] progress bar is 40
[Debug] [2025-8-13 14:06:37] progress bar is 45
[Debug] [2025-8-13 14:06:37] progress bar is 50
[Debug] [2025-8-13 14:06:38] progress bar is 55
[Debug] [2025-8-13 14:06:38] progress bar is 60
[Debug] [2025-8-13 14:06:38] progress bar is 65
[Debug] [2025-8-13 14:06:38] progress bar is 70
[Debug] [2025-8-13 14:06:38] progress bar is 75
[Debug] [2025-8-13 14:06:38] progress bar is 80
[Debug] [2025-8-13 14:06:38] progress bar is 85
[Debug] [2025-8-13 14:06:38] progress bar is 90
[Debug] [2025-8-13 14:06:38] progress bar is 95
[Debug] [2025-8-13 14:06:38] progress bar is 100
[Debug] [2025-8-13 14:06:38] the value in the status register is :1572000
[Debug] [2025-8-13 14:06:38] cmd operation Program releases locker
[Info] [2025-8-13 14:13:53] /***************************Start jtagserver***************************/
[Info] [2025-8-13 14:13:53] Path: C:/pango/PDS_2022.2-SP6.4/bin
[Info] [2025-8-13 14:13:53] Version: 146967
[Debug] [2025-8-13 14:13:54] Add a new user_thread, socket descriptor is 1172 user_thread id is 0000000000003758
[Debug] [2025-8-13 14:13:54] After adding, map size is : 1
[Debug] [2025-8-13 14:13:54] Add a new user_thread, socket descriptor is 1076 user_thread id is 0000000000003758
[Debug] [2025-8-13 14:13:54] After adding, map size is : 2
[Debug] [2025-8-13 14:13:54] IP address of connecting client is : ::ffff:127.0.0.1
[Debug] [2025-8-13 14:13:54] 
[Debug] [2025-8-13 14:13:54] Remove the header data from the client, index : 0
[Debug] [2025-8-13 14:13:54] _total_bytes_size : 160
[Debug] [2025-8-13 14:13:54] Remove the header data from the client, index : 0
[Debug] [2025-8-13 14:13:54] _total_bytes_size : 96
[Debug] [2025-8-13 14:13:54] cmd id :40010cmd name : get_cable_paras
[Debug] [2025-8-13 14:13:55] cmd operation get_cable_paras releases locker
[Debug] [2025-8-13 14:13:55] Remove the header data from the client, index : 0
[Debug] [2025-8-13 14:13:55] _total_bytes_size : 101
[Debug] [2025-8-13 14:13:55] cmd id :20001cmd name : Open config cable
[Debug] [2025-8-13 14:13:55] the idcode from the scanning is: 0x10601899
[Debug] [2025-8-13 14:13:55] the idcode from the scanning is: 0x0
[Debug] [2025-8-13 14:13:55] the idcode from the scanning is: 0x0
[Debug] [2025-8-13 14:13:55] the idcode from the scanning is: 0x0
[Debug] [2025-8-13 14:13:55] the idcode from the scanning is: 0x0
[Debug] [2025-8-13 14:13:55] cmd operation Open config cable releases locker
[Debug] [2025-8-13 14:13:57] Remove the header data from the client, index : 0
[Debug] [2025-8-13 14:13:57] _total_bytes_size : 3b8
[Debug] [2025-8-13 14:13:57] cmd id :4e22cmd name : Program
[Debug] [2025-8-13 14:13:57] the idcode from the scanning is: 0x10601899
[Debug] [2025-8-13 14:13:57] the idcode from the scanning is: 0x0
[Debug] [2025-8-13 14:13:57] the idcode from the scanning is: 0x0
[Debug] [2025-8-13 14:13:57] the idcode from the scanning is: 0x0
[Debug] [2025-8-13 14:13:57] the idcode from the scanning is: 0x0
[Debug] [2025-8-13 14:13:57] begin to read back config registerregAddr is 4
[Debug] [2025-8-13 14:13:57] progress bar is 6
[Debug] [2025-8-13 14:13:57] progress bar is 10
[Debug] [2025-8-13 14:13:58] progress bar is 15
[Debug] [2025-8-13 14:13:58] progress bar is 20
[Debug] [2025-8-13 14:13:58] progress bar is 25
[Debug] [2025-8-13 14:13:58] progress bar is 30
[Debug] [2025-8-13 14:13:58] progress bar is 35
[Debug] [2025-8-13 14:13:58] progress bar is 40
[Debug] [2025-8-13 14:13:58] progress bar is 45
[Debug] [2025-8-13 14:13:58] progress bar is 50
[Debug] [2025-8-13 14:13:58] progress bar is 55
[Debug] [2025-8-13 14:13:58] progress bar is 60
[Debug] [2025-8-13 14:13:58] progress bar is 65
[Debug] [2025-8-13 14:13:58] progress bar is 70
[Debug] [2025-8-13 14:13:59] progress bar is 75
[Debug] [2025-8-13 14:13:59] progress bar is 80
[Debug] [2025-8-13 14:13:59] progress bar is 85
[Debug] [2025-8-13 14:13:59] progress bar is 90
[Debug] [2025-8-13 14:13:59] progress bar is 95
[Debug] [2025-8-13 14:13:59] progress bar is 100
[Debug] [2025-8-13 14:13:59] the value in the status register is :2096288
[Debug] [2025-8-13 14:13:59] cmd operation Program releases locker
[Info] [2025-8-13 15:25:04] /***************************Start jtagserver***************************/
[Info] [2025-8-13 15:25:04] Path: C:/pango/PDS_2022.2-SP6.4/bin
[Info] [2025-8-13 15:25:04] Version: 146967
[Debug] [2025-8-13 15:25:05] Add a new user_thread, socket descriptor is 1136 user_thread id is 00000000000082D0
[Debug] [2025-8-13 15:25:05] After adding, map size is : 1
[Debug] [2025-8-13 15:25:05] Add a new user_thread, socket descriptor is 1204 user_thread id is 00000000000082D0
[Debug] [2025-8-13 15:25:05] After adding, map size is : 2
[Debug] [2025-8-13 15:25:05] IP address of connecting client is : ::ffff:127.0.0.1
[Debug] [2025-8-13 15:25:05] 
[Debug] [2025-8-13 15:25:05] Remove the header data from the client, index : 0
[Debug] [2025-8-13 15:25:05] _total_bytes_size : 160
[Debug] [2025-8-13 15:25:05] Remove the header data from the client, index : 0
[Debug] [2025-8-13 15:25:05] _total_bytes_size : 96
[Debug] [2025-8-13 15:25:05] cmd id :40010cmd name : get_cable_paras
[Debug] [2025-8-13 15:25:06] cmd operation get_cable_paras releases locker
[Debug] [2025-8-13 15:25:06] Remove the header data from the client, index : 0
[Debug] [2025-8-13 15:25:06] _total_bytes_size : 101
[Debug] [2025-8-13 15:25:06] cmd id :20001cmd name : Open config cable
[Debug] [2025-8-13 15:25:06] the idcode from the scanning is: 0x10601899
[Debug] [2025-8-13 15:25:06] the idcode from the scanning is: 0x0
[Debug] [2025-8-13 15:25:06] the idcode from the scanning is: 0x0
[Debug] [2025-8-13 15:25:06] the idcode from the scanning is: 0x0
[Debug] [2025-8-13 15:25:06] the idcode from the scanning is: 0x0
[Debug] [2025-8-13 15:25:06] cmd operation Open config cable releases locker
[Debug] [2025-8-13 15:25:22] Remove the header data from the client, index : 0
[Debug] [2025-8-13 15:25:22] _total_bytes_size : 3d1
[Debug] [2025-8-13 15:25:22] cmd id :4f4ccmd name : Scan Outer SPI Flash
[Debug] [2025-8-13 15:25:22] the idcode from the scanning is: 0x10601899
[Debug] [2025-8-13 15:25:22] the idcode from the scanning is: 0x0
[Debug] [2025-8-13 15:25:22] the idcode from the scanning is: 0x0
[Debug] [2025-8-13 15:25:22] the idcode from the scanning is: 0x0
[Debug] [2025-8-13 15:25:22] the idcode from the scanning is: 0x0
[Debug] [2025-8-13 15:25:22] the value in the status register is :81ffca0
[Debug] [2025-8-13 15:25:22] flash_id is 1c7118
[Debug] [2025-8-13 15:25:22] cmd operation Scan Outer SPI Flash releases locker
[Debug] [2025-8-13 15:25:24] Remove the header data from the client, index : 0
[Debug] [2025-8-13 15:25:24] _total_bytes_size : 5c8
[Debug] [2025-8-13 15:25:24] cmd id :4f4ecmd name : Erase Outer Flash
[Debug] [2025-8-13 15:25:24] begin to operate flash: cmd id = 4f4e
[Debug] [2025-8-13 15:25:24] the idcode from the scanning is: 0x10601899
[Debug] [2025-8-13 15:25:24] the idcode from the scanning is: 0x0
[Debug] [2025-8-13 15:25:24] the idcode from the scanning is: 0x0
[Debug] [2025-8-13 15:25:24] the idcode from the scanning is: 0x0
[Debug] [2025-8-13 15:25:24] the idcode from the scanning is: 0x0
[Debug] [2025-8-13 15:25:24] the value in the status register is :81ffca0
[Debug] [2025-8-13 15:25:24] flash_id is 1c7118
[Debug] [2025-8-13 15:25:24] the value in the status register is :81ffca0
[Debug] [2025-8-13 15:25:24] progress bar is 1
[Error] [2025-8-13 15:25:24] WaitForWIPFinish timeout, wait second ms:100
[Error] [2025-8-13 15:25:24] WaitForWIPFinish timeout, wait second ms:100
[Error] [2025-8-13 15:25:25] WaitForWIPFinish timeout, wait second ms:100
[Error] [2025-8-13 15:25:25] WaitForWIPFinish timeout, wait second ms:100
[Error] [2025-8-13 15:25:25] WaitForWIPFinish timeout, wait second ms:100
[Error] [2025-8-13 15:25:25] WaitForWIPFinish timeout, wait second ms:100
[Debug] [2025-8-13 15:25:25] progress bar is 6
[Error] [2025-8-13 15:25:25] WaitForWIPFinish timeout, wait second ms:100
[Error] [2025-8-13 15:25:25] WaitForWIPFinish timeout, wait second ms:100
[Error] [2025-8-13 15:25:26] WaitForWIPFinish timeout, wait second ms:100
[Error] [2025-8-13 15:25:26] WaitForWIPFinish timeout, wait second ms:100
[Debug] [2025-8-13 15:25:26] progress bar is 12
[Error] [2025-8-13 15:25:26] WaitForWIPFinish timeout, wait second ms:100
[Error] [2025-8-13 15:25:26] WaitForWIPFinish timeout, wait second ms:100
[Error] [2025-8-13 15:25:26] WaitForWIPFinish timeout, wait second ms:100
[Debug] [2025-8-13 15:25:26] progress bar is 15
[Error] [2025-8-13 15:25:26] WaitForWIPFinish timeout, wait second ms:100
[Error] [2025-8-13 15:25:26] WaitForWIPFinish timeout, wait second ms:100
[Error] [2025-8-13 15:25:26] WaitForWIPFinish timeout, wait second ms:100
[Error] [2025-8-13 15:25:27] WaitForWIPFinish timeout, wait second ms:100
[Error] [2025-8-13 15:25:27] WaitForWIPFinish timeout, wait second ms:100
[Error] [2025-8-13 15:25:27] WaitForWIPFinish timeout, wait second ms:100
[Debug] [2025-8-13 15:25:27] progress bar is 21
[Error] [2025-8-13 15:25:27] WaitForWIPFinish timeout, wait second ms:100
[Error] [2025-8-13 15:25:27] WaitForWIPFinish timeout, wait second ms:100
[Error] [2025-8-13 15:25:27] WaitForWIPFinish timeout, wait second ms:100
[Error] [2025-8-13 15:25:28] WaitForWIPFinish timeout, wait second ms:100
[Debug] [2025-8-13 15:25:28] progress bar is 27
[Error] [2025-8-13 15:25:28] WaitForWIPFinish timeout, wait second ms:100
[Error] [2025-8-13 15:25:28] WaitForWIPFinish timeout, wait second ms:100
[Debug] [2025-8-13 15:25:28] progress bar is 30
[Error] [2025-8-13 15:25:28] WaitForWIPFinish timeout, wait second ms:100
[Error] [2025-8-13 15:25:28] WaitForWIPFinish timeout, wait second ms:100
[Error] [2025-8-13 15:25:28] WaitForWIPFinish timeout, wait second ms:100
[Error] [2025-8-13 15:25:29] WaitForWIPFinish timeout, wait second ms:100
[Error] [2025-8-13 15:25:29] WaitForWIPFinish timeout, wait second ms:100
[Debug] [2025-8-13 15:25:29] progress bar is 36
[Error] [2025-8-13 15:25:29] WaitForWIPFinish timeout, wait second ms:100
[Error] [2025-8-13 15:25:29] WaitForWIPFinish timeout, wait second ms:100
[Error] [2025-8-13 15:25:29] WaitForWIPFinish timeout, wait second ms:100
[Error] [2025-8-13 15:25:29] WaitForWIPFinish timeout, wait second ms:100
[Error] [2025-8-13 15:25:29] WaitForWIPFinish timeout, wait second ms:100
[Debug] [2025-8-13 15:25:29] progress bar is 42
[Error] [2025-8-13 15:25:30] WaitForWIPFinish timeout, wait second ms:100
[Error] [2025-8-13 15:25:30] WaitForWIPFinish timeout, wait second ms:100
[Error] [2025-8-13 15:25:30] WaitForWIPFinish timeout, wait second ms:100
[Debug] [2025-8-13 15:25:30] progress bar is 45
[Error] [2025-8-13 15:25:30] WaitForWIPFinish timeout, wait second ms:100
[Error] [2025-8-13 15:25:30] WaitForWIPFinish timeout, wait second ms:100
[Error] [2025-8-13 15:25:30] WaitForWIPFinish timeout, wait second ms:100
[Error] [2025-8-13 15:25:30] WaitForWIPFinish timeout, wait second ms:100
[Error] [2025-8-13 15:25:31] WaitForWIPFinish timeout, wait second ms:100
[Error] [2025-8-13 15:25:31] WaitForWIPFinish timeout, wait second ms:100
[Debug] [2025-8-13 15:25:31] progress bar is 51
[Error] [2025-8-13 15:25:31] WaitForWIPFinish timeout, wait second ms:100
[Error] [2025-8-13 15:25:31] WaitForWIPFinish timeout, wait second ms:100
[Error] [2025-8-13 15:25:31] WaitForWIPFinish timeout, wait second ms:100
[Error] [2025-8-13 15:25:31] WaitForWIPFinish timeout, wait second ms:100
[Debug] [2025-8-13 15:25:31] progress bar is 57
[Error] [2025-8-13 15:25:31] WaitForWIPFinish timeout, wait second ms:100
[Error] [2025-8-13 15:25:32] WaitForWIPFinish timeout, wait second ms:100
[Debug] [2025-8-13 15:25:32] progress bar is 60
[Error] [2025-8-13 15:25:32] WaitForWIPFinish timeout, wait second ms:100
[Error] [2025-8-13 15:25:32] WaitForWIPFinish timeout, wait second ms:100
[Error] [2025-8-13 15:25:32] WaitForWIPFinish timeout, wait second ms:100
[Error] [2025-8-13 15:25:32] WaitForWIPFinish timeout, wait second ms:100
[Error] [2025-8-13 15:25:32] WaitForWIPFinish timeout, wait second ms:100
[Error] [2025-8-13 15:25:32] WaitForWIPFinish timeout, wait second ms:100
[Debug] [2025-8-13 15:25:33] progress bar is 66
[Error] [2025-8-13 15:25:33] WaitForWIPFinish timeout, wait second ms:100
[Error] [2025-8-13 15:25:33] WaitForWIPFinish timeout, wait second ms:100
[Error] [2025-8-13 15:25:33] WaitForWIPFinish timeout, wait second ms:100
[Error] [2025-8-13 15:25:33] WaitForWIPFinish timeout, wait second ms:100
[Debug] [2025-8-13 15:25:33] progress bar is 72
[Error] [2025-8-13 15:25:33] WaitForWIPFinish timeout, wait second ms:100
[Error] [2025-8-13 15:25:33] WaitForWIPFinish timeout, wait second ms:100
[Debug] [2025-8-13 15:25:34] progress bar is 75
[Error] [2025-8-13 15:25:34] WaitForWIPFinish timeout, wait second ms:100
[Error] [2025-8-13 15:25:34] WaitForWIPFinish timeout, wait second ms:100
[Error] [2025-8-13 15:25:34] WaitForWIPFinish timeout, wait second ms:100
[Error] [2025-8-13 15:25:34] WaitForWIPFinish timeout, wait second ms:100
[Error] [2025-8-13 15:25:34] WaitForWIPFinish timeout, wait second ms:100
[Debug] [2025-8-13 15:25:34] progress bar is 81
[Error] [2025-8-13 15:25:34] WaitForWIPFinish timeout, wait second ms:100
[Error] [2025-8-13 15:25:34] WaitForWIPFinish timeout, wait second ms:100
[Error] [2025-8-13 15:25:35] WaitForWIPFinish timeout, wait second ms:100
[Error] [2025-8-13 15:25:35] WaitForWIPFinish timeout, wait second ms:100
[Debug] [2025-8-13 15:25:35] progress bar is 87
[Error] [2025-8-13 15:25:35] WaitForWIPFinish timeout, wait second ms:100
[Error] [2025-8-13 15:25:35] WaitForWIPFinish timeout, wait second ms:100
[Error] [2025-8-13 15:25:35] WaitForWIPFinish timeout, wait second ms:100
[Debug] [2025-8-13 15:25:35] progress bar is 90
[Error] [2025-8-13 15:25:35] WaitForWIPFinish timeout, wait second ms:100
[Error] [2025-8-13 15:25:36] WaitForWIPFinish timeout, wait second ms:100
[Error] [2025-8-13 15:25:36] WaitForWIPFinish timeout, wait second ms:100
[Error] [2025-8-13 15:25:36] WaitForWIPFinish timeout, wait second ms:100
[Debug] [2025-8-13 15:25:36] progress bar is 96
[Debug] [2025-8-13 15:25:36] progress bar is 100
[Debug] [2025-8-13 15:25:36] end to operate flash: cmd id = 20302
[Debug] [2025-8-13 15:25:36] cmd operation Erase Outer Flash releases locker
[Debug] [2025-8-13 15:25:36] Remove the header data from the client, index : 0
[Debug] [2025-8-13 15:25:36] _total_bytes_size : 1477
[Debug] [2025-8-13 15:25:36] cmd id :20301cmd name : Program Outer Flash
[Debug] [2025-8-13 15:25:36] begin to operate flash: cmd id = 20301
[Debug] [2025-8-13 15:25:36] the idcode from the scanning is: 0x10601899
[Debug] [2025-8-13 15:25:36] the idcode from the scanning is: 0x0
[Debug] [2025-8-13 15:25:36] the idcode from the scanning is: 0x0
[Debug] [2025-8-13 15:25:36] the idcode from the scanning is: 0x0
[Debug] [2025-8-13 15:25:36] the idcode from the scanning is: 0x0
[Debug] [2025-8-13 15:25:36] the value in the status register is :81ffca0
[Debug] [2025-8-13 15:25:36] flash_id is 1c7118
[Debug] [2025-8-13 15:25:36] The value of GigaDevice status register 1 is 0x
[Debug] [2025-8-13 15:25:36] progress bar is 1
[Debug] [2025-8-13 15:25:38] progress bar is 6
[Debug] [2025-8-13 15:25:40] progress bar is 10
[Debug] [2025-8-13 15:25:41] progress bar is 15
[Debug] [2025-8-13 15:25:43] progress bar is 20
[Debug] [2025-8-13 15:25:44] progress bar is 25
[Debug] [2025-8-13 15:25:46] progress bar is 30
[Debug] [2025-8-13 15:25:48] progress bar is 35
[Debug] [2025-8-13 15:25:49] progress bar is 40
[Debug] [2025-8-13 15:25:51] progress bar is 45
[Debug] [2025-8-13 15:25:53] progress bar is 50
[Debug] [2025-8-13 15:25:54] progress bar is 55
[Debug] [2025-8-13 15:25:56] progress bar is 60
[Debug] [2025-8-13 15:25:58] progress bar is 65
[Debug] [2025-8-13 15:25:59] progress bar is 70
[Debug] [2025-8-13 15:26:01] progress bar is 75
[Debug] [2025-8-13 15:26:03] progress bar is 80
[Debug] [2025-8-13 15:26:04] progress bar is 85
[Debug] [2025-8-13 15:26:06] progress bar is 90
[Debug] [2025-8-13 15:26:08] progress bar is 95
[Debug] [2025-8-13 15:26:09] progress bar is 100
[Debug] [2025-8-13 15:26:10] end to operate flash: cmd id = 20301
[Debug] [2025-8-13 15:26:10] cmd operation Program Outer Flash releases locker
[Debug] [2025-8-13 15:26:10] Remove the header data from the client, index : 0
[Debug] [2025-8-13 15:26:10] _total_bytes_size : 1475
[Debug] [2025-8-13 15:26:10] cmd id :20303cmd name : Verify Outer Flash
[Debug] [2025-8-13 15:26:10] begin to operate flash: cmd id = 20303
[Debug] [2025-8-13 15:26:10] the idcode from the scanning is: 0x10601899
[Debug] [2025-8-13 15:26:10] the idcode from the scanning is: 0x0
[Debug] [2025-8-13 15:26:10] the idcode from the scanning is: 0x0
[Debug] [2025-8-13 15:26:10] the idcode from the scanning is: 0x0
[Debug] [2025-8-13 15:26:10] the idcode from the scanning is: 0x0
[Debug] [2025-8-13 15:26:10] the value in the status register is :81ffca0
[Debug] [2025-8-13 15:26:10] flash_id is 1c7118
[Debug] [2025-8-13 15:26:10] the value in the status register is :81ffca0
[Debug] [2025-8-13 15:26:10] progress bar is 1
[Debug] [2025-8-13 15:26:10] progress bar is 6
[Debug] [2025-8-13 15:26:10] progress bar is 10
[Debug] [2025-8-13 15:26:10] progress bar is 15
[Debug] [2025-8-13 15:26:10] progress bar is 20
[Debug] [2025-8-13 15:26:10] progress bar is 25
[Debug] [2025-8-13 15:26:10] progress bar is 30
[Debug] [2025-8-13 15:26:11] progress bar is 35
[Debug] [2025-8-13 15:26:11] progress bar is 40
[Debug] [2025-8-13 15:26:11] progress bar is 45
[Debug] [2025-8-13 15:26:11] progress bar is 50
[Debug] [2025-8-13 15:26:11] progress bar is 55
[Debug] [2025-8-13 15:26:11] progress bar is 60
[Debug] [2025-8-13 15:26:11] progress bar is 65
[Debug] [2025-8-13 15:26:11] progress bar is 70
[Debug] [2025-8-13 15:26:11] progress bar is 75
[Debug] [2025-8-13 15:26:11] progress bar is 80
[Debug] [2025-8-13 15:26:12] progress bar is 85
[Debug] [2025-8-13 15:26:12] progress bar is 90
[Debug] [2025-8-13 15:26:12] progress bar is 95
[Debug] [2025-8-13 15:26:12] progress bar is 100
[Debug] [2025-8-13 15:26:12] end to operate flash: cmd id = 20303
[Debug] [2025-8-13 15:26:12] cmd operation Verify Outer Flash releases locker
[Debug] [2025-8-13 15:34:50] Remove the header data from the client, index : 0
[Debug] [2025-8-13 15:34:50] _total_bytes_size : 1480
[Debug] [2025-8-13 15:34:50] cmd id :20302cmd name : Erase Outer Flash
[Debug] [2025-8-13 15:34:50] begin to operate flash: cmd id = 20302
[Debug] [2025-8-13 15:34:50] the idcode from the scanning is: 0x10601899
[Debug] [2025-8-13 15:34:50] the idcode from the scanning is: 0x0
[Debug] [2025-8-13 15:34:50] the idcode from the scanning is: 0x0
[Debug] [2025-8-13 15:34:50] the idcode from the scanning is: 0x0
[Debug] [2025-8-13 15:34:50] the idcode from the scanning is: 0x0
[Debug] [2025-8-13 15:34:50] the value in the status register is :180c80
[Debug] [2025-8-13 15:34:50] flash_id is 1c7118
[Debug] [2025-8-13 15:34:50] the value in the status register is :180c80
[Debug] [2025-8-13 15:34:50] progress bar is 1
[Error] [2025-8-13 15:34:50] WaitForWIPFinish timeout, wait second ms:100
[Error] [2025-8-13 15:34:50] WaitForWIPFinish timeout, wait second ms:100
[Error] [2025-8-13 15:34:50] WaitForWIPFinish timeout, wait second ms:100
[Error] [2025-8-13 15:34:51] WaitForWIPFinish timeout, wait second ms:100
[Error] [2025-8-13 15:34:51] WaitForWIPFinish timeout, wait second ms:100
[Error] [2025-8-13 15:34:51] WaitForWIPFinish timeout, wait second ms:100
[Debug] [2025-8-13 15:34:51] progress bar is 6
[Error] [2025-8-13 15:34:51] WaitForWIPFinish timeout, wait second ms:100
[Error] [2025-8-13 15:34:51] WaitForWIPFinish timeout, wait second ms:100
[Error] [2025-8-13 15:34:51] WaitForWIPFinish timeout, wait second ms:100
[Error] [2025-8-13 15:34:51] WaitForWIPFinish timeout, wait second ms:100
[Error] [2025-8-13 15:34:52] WaitForWIPFinish timeout, wait second ms:100
[Debug] [2025-8-13 15:34:52] progress bar is 12
[Error] [2025-8-13 15:34:52] WaitForWIPFinish timeout, wait second ms:100
[Error] [2025-8-13 15:34:52] WaitForWIPFinish timeout, wait second ms:100
[Debug] [2025-8-13 15:34:52] progress bar is 15
[Error] [2025-8-13 15:34:52] WaitForWIPFinish timeout, wait second ms:100
[Error] [2025-8-13 15:34:52] WaitForWIPFinish timeout, wait second ms:100
[Error] [2025-8-13 15:34:52] WaitForWIPFinish timeout, wait second ms:100
[Error] [2025-8-13 15:34:53] WaitForWIPFinish timeout, wait second ms:100
[Error] [2025-8-13 15:34:53] WaitForWIPFinish timeout, wait second ms:100
[Debug] [2025-8-13 15:34:53] progress bar is 21
[Error] [2025-8-13 15:34:53] WaitForWIPFinish timeout, wait second ms:100
[Error] [2025-8-13 15:34:53] WaitForWIPFinish timeout, wait second ms:100
[Error] [2025-8-13 15:34:53] WaitForWIPFinish timeout, wait second ms:100
[Error] [2025-8-13 15:34:53] WaitForWIPFinish timeout, wait second ms:100
[Debug] [2025-8-13 15:34:53] progress bar is 27
[Error] [2025-8-13 15:34:54] WaitForWIPFinish timeout, wait second ms:100
[Error] [2025-8-13 15:34:54] WaitForWIPFinish timeout, wait second ms:100
[Debug] [2025-8-13 15:34:54] progress bar is 30
[Error] [2025-8-13 15:34:54] WaitForWIPFinish timeout, wait second ms:100
[Error] [2025-8-13 15:34:54] WaitForWIPFinish timeout, wait second ms:100
[Error] [2025-8-13 15:34:54] WaitForWIPFinish timeout, wait second ms:100
[Error] [2025-8-13 15:34:54] WaitForWIPFinish timeout, wait second ms:100
[Debug] [2025-8-13 15:34:54] progress bar is 36
[Error] [2025-8-13 15:34:54] WaitForWIPFinish timeout, wait second ms:100
[Error] [2025-8-13 15:34:55] WaitForWIPFinish timeout, wait second ms:100
[Error] [2025-8-13 15:34:55] WaitForWIPFinish timeout, wait second ms:100
[Error] [2025-8-13 15:34:55] WaitForWIPFinish timeout, wait second ms:100
[Error] [2025-8-13 15:34:55] WaitForWIPFinish timeout, wait second ms:100
[Debug] [2025-8-13 15:34:55] progress bar is 42
[Error] [2025-8-13 15:34:55] WaitForWIPFinish timeout, wait second ms:100
[Error] [2025-8-13 15:34:55] WaitForWIPFinish timeout, wait second ms:100
[Error] [2025-8-13 15:34:55] WaitForWIPFinish timeout, wait second ms:100
[Debug] [2025-8-13 15:34:56] progress bar is 45
[Error] [2025-8-13 15:34:56] WaitForWIPFinish timeout, wait second ms:100
[Error] [2025-8-13 15:34:56] WaitForWIPFinish timeout, wait second ms:100
[Error] [2025-8-13 15:34:56] WaitForWIPFinish timeout, wait second ms:100
[Error] [2025-8-13 15:34:56] WaitForWIPFinish timeout, wait second ms:100
[Error] [2025-8-13 15:34:56] WaitForWIPFinish timeout, wait second ms:100
[Debug] [2025-8-13 15:34:56] progress bar is 51
[Error] [2025-8-13 15:34:56] WaitForWIPFinish timeout, wait second ms:100
[Error] [2025-8-13 15:34:57] WaitForWIPFinish timeout, wait second ms:100
[Error] [2025-8-13 15:34:57] WaitForWIPFinish timeout, wait second ms:100
[Error] [2025-8-13 15:34:57] WaitForWIPFinish timeout, wait second ms:100
[Debug] [2025-8-13 15:34:57] progress bar is 57
[Error] [2025-8-13 15:34:57] WaitForWIPFinish timeout, wait second ms:100
[Error] [2025-8-13 15:34:57] WaitForWIPFinish timeout, wait second ms:100
[Debug] [2025-8-13 15:34:57] progress bar is 60
[Error] [2025-8-13 15:34:57] WaitForWIPFinish timeout, wait second ms:100
[Error] [2025-8-13 15:34:57] WaitForWIPFinish timeout, wait second ms:100
[Error] [2025-8-13 15:34:58] WaitForWIPFinish timeout, wait second ms:100
[Error] [2025-8-13 15:34:58] WaitForWIPFinish timeout, wait second ms:100
[Debug] [2025-8-13 15:34:58] progress bar is 66
[Error] [2025-8-13 15:34:58] WaitForWIPFinish timeout, wait second ms:100
[Error] [2025-8-13 15:34:58] WaitForWIPFinish timeout, wait second ms:100
[Error] [2025-8-13 15:34:58] WaitForWIPFinish timeout, wait second ms:100
[Error] [2025-8-13 15:34:58] WaitForWIPFinish timeout, wait second ms:100
[Error] [2025-8-13 15:34:59] WaitForWIPFinish timeout, wait second ms:100
[Debug] [2025-8-13 15:34:59] progress bar is 72
[Error] [2025-8-13 15:34:59] WaitForWIPFinish timeout, wait second ms:100
[Error] [2025-8-13 15:34:59] WaitForWIPFinish timeout, wait second ms:100
[Error] [2025-8-13 15:34:59] WaitForWIPFinish timeout, wait second ms:100
[Debug] [2025-8-13 15:34:59] progress bar is 75
[Error] [2025-8-13 15:34:59] WaitForWIPFinish timeout, wait second ms:100
[Error] [2025-8-13 15:34:59] WaitForWIPFinish timeout, wait second ms:100
[Error] [2025-8-13 15:35:00] WaitForWIPFinish timeout, wait second ms:100
[Error] [2025-8-13 15:35:00] WaitForWIPFinish timeout, wait second ms:100
[Error] [2025-8-13 15:35:00] WaitForWIPFinish timeout, wait second ms:100
[Debug] [2025-8-13 15:35:00] progress bar is 81
[Error] [2025-8-13 15:35:00] WaitForWIPFinish timeout, wait second ms:100
[Error] [2025-8-13 15:35:00] WaitForWIPFinish timeout, wait second ms:100
[Error] [2025-8-13 15:35:00] WaitForWIPFinish timeout, wait second ms:100
[Error] [2025-8-13 15:35:00] WaitForWIPFinish timeout, wait second ms:100
[Debug] [2025-8-13 15:35:00] progress bar is 87
[Error] [2025-8-13 15:35:01] WaitForWIPFinish timeout, wait second ms:100
[Error] [2025-8-13 15:35:01] WaitForWIPFinish timeout, wait second ms:100
[Debug] [2025-8-13 15:35:01] progress bar is 90
[Error] [2025-8-13 15:35:01] WaitForWIPFinish timeout, wait second ms:100
[Error] [2025-8-13 15:35:01] WaitForWIPFinish timeout, wait second ms:100
[Error] [2025-8-13 15:35:01] WaitForWIPFinish timeout, wait second ms:100
[Error] [2025-8-13 15:35:01] WaitForWIPFinish timeout, wait second ms:100
[Debug] [2025-8-13 15:35:01] progress bar is 96
[Debug] [2025-8-13 15:35:01] progress bar is 100
[Debug] [2025-8-13 15:35:02] end to operate flash: cmd id = 20302
[Debug] [2025-8-13 15:35:02] cmd operation Erase Outer Flash releases locker
[Debug] [2025-8-13 15:35:02] Remove the header data from the client, index : 0
[Debug] [2025-8-13 15:35:02] _total_bytes_size : 1477
[Debug] [2025-8-13 15:35:02] cmd id :20301cmd name : Program Outer Flash
[Debug] [2025-8-13 15:35:02] begin to operate flash: cmd id = 20301
[Debug] [2025-8-13 15:35:02] the idcode from the scanning is: 0x10601899
[Debug] [2025-8-13 15:35:02] the idcode from the scanning is: 0x0
[Debug] [2025-8-13 15:35:02] the idcode from the scanning is: 0x0
[Debug] [2025-8-13 15:35:02] the idcode from the scanning is: 0x0
[Debug] [2025-8-13 15:35:02] the idcode from the scanning is: 0x0
[Debug] [2025-8-13 15:35:02] the value in the status register is :180c80
[Debug] [2025-8-13 15:35:02] flash_id is 1c7118
[Debug] [2025-8-13 15:35:02] The value of GigaDevice status register 1 is 0x
[Debug] [2025-8-13 15:35:02] progress bar is 1
[Debug] [2025-8-13 15:35:04] progress bar is 6
[Debug] [2025-8-13 15:35:05] progress bar is 10
[Debug] [2025-8-13 15:35:07] progress bar is 15
[Debug] [2025-8-13 15:35:08] progress bar is 20
[Debug] [2025-8-13 15:35:10] progress bar is 25
[Debug] [2025-8-13 15:35:12] progress bar is 30
[Debug] [2025-8-13 15:35:13] progress bar is 35
[Debug] [2025-8-13 15:35:15] progress bar is 40
[Debug] [2025-8-13 15:35:17] progress bar is 45
[Debug] [2025-8-13 15:35:18] progress bar is 50
[Debug] [2025-8-13 15:35:20] progress bar is 55
[Debug] [2025-8-13 15:35:22] progress bar is 60
[Debug] [2025-8-13 15:35:23] progress bar is 65
[Debug] [2025-8-13 15:35:25] progress bar is 70
[Debug] [2025-8-13 15:35:27] progress bar is 75
[Debug] [2025-8-13 15:35:29] progress bar is 80
[Debug] [2025-8-13 15:35:30] progress bar is 85
[Debug] [2025-8-13 15:35:32] progress bar is 90
[Debug] [2025-8-13 15:35:34] progress bar is 95
[Debug] [2025-8-13 15:35:35] progress bar is 100
[Debug] [2025-8-13 15:35:35] end to operate flash: cmd id = 20301
[Debug] [2025-8-13 15:35:35] cmd operation Program Outer Flash releases locker
[Debug] [2025-8-13 15:35:35] Remove the header data from the client, index : 0
[Debug] [2025-8-13 15:35:35] _total_bytes_size : 1475
[Debug] [2025-8-13 15:35:35] cmd id :20303cmd name : Verify Outer Flash
[Debug] [2025-8-13 15:35:35] begin to operate flash: cmd id = 20303
[Debug] [2025-8-13 15:35:35] the idcode from the scanning is: 0x10601899
[Debug] [2025-8-13 15:35:35] the idcode from the scanning is: 0x0
[Debug] [2025-8-13 15:35:35] the idcode from the scanning is: 0x0
[Debug] [2025-8-13 15:35:35] the idcode from the scanning is: 0x0
[Debug] [2025-8-13 15:35:35] the idcode from the scanning is: 0x0
[Debug] [2025-8-13 15:35:35] the value in the status register is :180c80
[Debug] [2025-8-13 15:35:35] flash_id is 1c7118
[Debug] [2025-8-13 15:35:35] the value in the status register is :180c80
[Debug] [2025-8-13 15:35:35] progress bar is 1
[Debug] [2025-8-13 15:35:36] progress bar is 6
[Debug] [2025-8-13 15:35:36] progress bar is 10
[Debug] [2025-8-13 15:35:36] progress bar is 15
[Debug] [2025-8-13 15:35:36] progress bar is 20
[Debug] [2025-8-13 15:35:36] progress bar is 25
[Debug] [2025-8-13 15:35:36] progress bar is 30
[Debug] [2025-8-13 15:35:36] progress bar is 35
[Debug] [2025-8-13 15:35:36] progress bar is 40
[Debug] [2025-8-13 15:35:36] progress bar is 45
[Debug] [2025-8-13 15:35:36] progress bar is 50
[Debug] [2025-8-13 15:35:37] progress bar is 55
[Debug] [2025-8-13 15:35:37] progress bar is 60
[Debug] [2025-8-13 15:35:37] progress bar is 65
[Debug] [2025-8-13 15:35:37] progress bar is 70
[Debug] [2025-8-13 15:35:37] progress bar is 75
[Debug] [2025-8-13 15:35:37] progress bar is 80
[Debug] [2025-8-13 15:35:37] progress bar is 85
[Debug] [2025-8-13 15:35:37] progress bar is 90
[Debug] [2025-8-13 15:35:37] progress bar is 95
[Debug] [2025-8-13 15:35:38] progress bar is 100
[Debug] [2025-8-13 15:35:38] end to operate flash: cmd id = 20303
[Debug] [2025-8-13 15:35:38] cmd operation Verify Outer Flash releases locker
[Debug] [2025-8-13 15:38:25] Add a new user_thread, socket descriptor is 1384 user_thread id is 00000000000082D0
[Debug] [2025-8-13 15:38:25] After adding, map size is : 3
[Debug] [2025-8-13 15:38:25] Add a new user_thread, socket descriptor is 1420 user_thread id is 00000000000082D0
[Debug] [2025-8-13 15:38:25] After adding, map size is : 4
[Debug] [2025-8-13 15:38:25] IP address of connecting client is : ::ffff:127.0.0.1
[Debug] [2025-8-13 15:38:25] IP address of connecting client is : ::ffff:127.0.0.1IP address of connecting client is : ::ffff:127.0.0.1
[Debug] [2025-8-13 15:38:25] Remove the header data from the client, index : 0
[Debug] [2025-8-13 15:38:25] _total_bytes_size : 160
[Debug] [2025-8-13 15:38:25] Remove the header data from the client, index : 0
[Debug] [2025-8-13 15:38:25] _total_bytes_size : 96
[Debug] [2025-8-13 15:38:25] cmd id :40010cmd name : get_cable_paras
[Debug] [2025-8-13 15:38:26] cmd operation get_cable_paras releases locker
[Debug] [2025-8-13 15:38:26] Remove the header data from the client, index : 0
[Debug] [2025-8-13 15:38:26] _total_bytes_size : 101
[Debug] [2025-8-13 15:38:26] cmd id :20001cmd name : Open config cable
[Debug] [2025-8-13 15:38:26] the idcode from the scanning is: 0x10601899
[Debug] [2025-8-13 15:38:26] the idcode from the scanning is: 0x0
[Debug] [2025-8-13 15:38:26] the idcode from the scanning is: 0x0
[Debug] [2025-8-13 15:38:26] the idcode from the scanning is: 0x0
[Debug] [2025-8-13 15:38:26] the idcode from the scanning is: 0x0
[Debug] [2025-8-13 15:38:27] cmd operation Open config cable releases locker
[Debug] [2025-8-13 15:38:28] Remove the header data from the client, index : 0
[Debug] [2025-8-13 15:38:28] _total_bytes_size : 32c
[Debug] [2025-8-13 15:38:28] cmd id :4e22cmd name : Program
[Debug] [2025-8-13 15:38:29] the idcode from the scanning is: 0x10601899
[Debug] [2025-8-13 15:38:29] the idcode from the scanning is: 0x0
[Debug] [2025-8-13 15:38:29] the idcode from the scanning is: 0x0
[Debug] [2025-8-13 15:38:29] the idcode from the scanning is: 0x0
[Debug] [2025-8-13 15:38:29] the idcode from the scanning is: 0x0
[Debug] [2025-8-13 15:38:29] begin to read back config registerregAddr is 4
[Debug] [2025-8-13 15:38:29] progress bar is 6
[Debug] [2025-8-13 15:38:29] progress bar is 10
[Debug] [2025-8-13 15:38:29] progress bar is 15
[Debug] [2025-8-13 15:38:29] progress bar is 20
[Debug] [2025-8-13 15:38:29] progress bar is 25
[Debug] [2025-8-13 15:38:29] progress bar is 30
[Debug] [2025-8-13 15:38:29] progress bar is 35
[Debug] [2025-8-13 15:38:29] progress bar is 40
[Debug] [2025-8-13 15:38:29] progress bar is 45
[Debug] [2025-8-13 15:38:29] progress bar is 50
[Debug] [2025-8-13 15:38:30] progress bar is 55
[Debug] [2025-8-13 15:38:30] progress bar is 60
[Debug] [2025-8-13 15:38:30] progress bar is 65
[Debug] [2025-8-13 15:38:30] progress bar is 70
[Debug] [2025-8-13 15:38:30] progress bar is 75
[Debug] [2025-8-13 15:38:30] progress bar is 80
[Debug] [2025-8-13 15:38:30] progress bar is 85
[Debug] [2025-8-13 15:38:30] progress bar is 90
[Debug] [2025-8-13 15:38:30] progress bar is 95
[Debug] [2025-8-13 15:38:30] progress bar is 100
[Debug] [2025-8-13 15:38:30] the value in the status register is :2096288
[Debug] [2025-8-13 15:38:30] cmd operation Program releases locker
[Debug] [2025-8-13 15:38:36] connection error happens : 1connection error happens : 1
[Debug] [2025-8-13 15:38:36] connection error happens : 1connection error happens : 1
[Debug] [2025-8-13 15:38:36] connection state changes : 6 , socket description 1384
[Warn] [2025-8-13 15:38:36] socket state is ListeningState
[Debug] [2025-8-13 15:38:36] connection state changes : 0 , socket description 1384
[Warn] [2025-8-13 15:38:36] socket state is UnconnectedState
[Debug] [2025-8-13 15:38:36] connection state changes : 6 , socket description 1420
[Warn] [2025-8-13 15:38:36] socket state is ListeningState
[Debug] [2025-8-13 15:38:36] connection state changes : 0 , socket description 1420
[Warn] [2025-8-13 15:38:36] socket state is UnconnectedState
[Debug] [2025-8-13 15:38:36] socket descriptor 1384is about to delete
[Debug] [2025-8-13 15:38:36] socket descriptor 1420is about to delete
[Debug] [2025-8-13 15:45:39] Add a new user_thread, socket descriptor is 1480 user_thread id is 00000000000082D0
[Debug] [2025-8-13 15:45:39] After adding, map size is : 3
[Debug] [2025-8-13 15:45:39] IP address of connecting client is : ::ffff:127.0.0.1
[Debug] [2025-8-13 15:45:39] Add a new user_thread, socket descriptor is 1380 user_thread id is 00000000000082D0
[Debug] [2025-8-13 15:45:39] After adding, map size is : 4
[Debug] [2025-8-13 15:45:39] IP address of connecting client is : ::ffff:127.0.0.1
[Debug] [2025-8-13 15:45:39] Remove the header data from the client, index : 0
[Debug] [2025-8-13 15:45:39] _total_bytes_size : 160
[Debug] [2025-8-13 15:45:39] Remove the header data from the client, index : 0
[Debug] [2025-8-13 15:45:39] _total_bytes_size : 96
[Debug] [2025-8-13 15:45:39] cmd id :40010cmd name : get_cable_paras
[Debug] [2025-8-13 15:45:41] cmd operation get_cable_paras releases locker
[Debug] [2025-8-13 15:45:41] Remove the header data from the client, index : 0
[Debug] [2025-8-13 15:45:41] _total_bytes_size : 101
[Debug] [2025-8-13 15:45:41] cmd id :20001cmd name : Open config cable
[Debug] [2025-8-13 15:45:41] the idcode from the scanning is: 0x10601899
[Debug] [2025-8-13 15:45:41] the idcode from the scanning is: 0x0
[Debug] [2025-8-13 15:45:41] the idcode from the scanning is: 0x0
[Debug] [2025-8-13 15:45:41] the idcode from the scanning is: 0x0
[Debug] [2025-8-13 15:45:41] the idcode from the scanning is: 0x0
[Debug] [2025-8-13 15:45:41] cmd operation Open config cable releases locker
[Debug] [2025-8-13 15:45:45] Remove the header data from the client, index : 0
[Debug] [2025-8-13 15:45:45] _total_bytes_size : 345
[Debug] [2025-8-13 15:45:45] cmd id :4f4ccmd name : Scan Outer SPI Flash
[Debug] [2025-8-13 15:45:45] the idcode from the scanning is: 0x10601899
[Debug] [2025-8-13 15:45:45] the idcode from the scanning is: 0x0
[Debug] [2025-8-13 15:45:45] the idcode from the scanning is: 0x0
[Debug] [2025-8-13 15:45:45] the idcode from the scanning is: 0x0
[Debug] [2025-8-13 15:45:45] the idcode from the scanning is: 0x0
[Debug] [2025-8-13 15:45:45] the value in the status register is :81ffca0
[Debug] [2025-8-13 15:45:45] flash_id is 1c7118
[Debug] [2025-8-13 15:45:45] cmd operation Scan Outer SPI Flash releases locker
[Debug] [2025-8-13 15:45:56] Remove the header data from the client, index : 0
[Debug] [2025-8-13 15:45:56] _total_bytes_size : 4f6
[Debug] [2025-8-13 15:45:56] cmd id :4f4ecmd name : Erase Outer Flash
[Debug] [2025-8-13 15:45:56] begin to operate flash: cmd id = 4f4e
[Debug] [2025-8-13 15:45:57] the idcode from the scanning is: 0x10601899
[Debug] [2025-8-13 15:45:57] the idcode from the scanning is: 0x0
[Debug] [2025-8-13 15:45:57] the idcode from the scanning is: 0x0
[Debug] [2025-8-13 15:45:57] the idcode from the scanning is: 0x0
[Debug] [2025-8-13 15:45:57] the idcode from the scanning is: 0x0
[Debug] [2025-8-13 15:45:57] the value in the status register is :81ffca0
[Debug] [2025-8-13 15:45:57] flash_id is 1c7118
[Debug] [2025-8-13 15:45:57] the value in the status register is :81ffca0
[Debug] [2025-8-13 15:45:57] progress bar is 1
[Error] [2025-8-13 15:45:57] WaitForWIPFinish timeout, wait second ms:100
[Error] [2025-8-13 15:45:57] WaitForWIPFinish timeout, wait second ms:100
[Error] [2025-8-13 15:45:57] WaitForWIPFinish timeout, wait second ms:100
[Error] [2025-8-13 15:45:57] WaitForWIPFinish timeout, wait second ms:100
[Error] [2025-8-13 15:45:57] WaitForWIPFinish timeout, wait second ms:100
[Error] [2025-8-13 15:45:57] WaitForWIPFinish timeout, wait second ms:100
[Debug] [2025-8-13 15:45:57] progress bar is 6
[Error] [2025-8-13 15:45:58] WaitForWIPFinish timeout, wait second ms:100
[Error] [2025-8-13 15:45:58] WaitForWIPFinish timeout, wait second ms:100
[Error] [2025-8-13 15:45:58] WaitForWIPFinish timeout, wait second ms:100
[Error] [2025-8-13 15:45:58] WaitForWIPFinish timeout, wait second ms:100
[Debug] [2025-8-13 15:45:58] progress bar is 12
[Error] [2025-8-13 15:45:58] WaitForWIPFinish timeout, wait second ms:100
[Error] [2025-8-13 15:45:58] WaitForWIPFinish timeout, wait second ms:100
[Error] [2025-8-13 15:45:58] WaitForWIPFinish timeout, wait second ms:100
[Debug] [2025-8-13 15:45:59] progress bar is 16
[Error] [2025-8-13 15:45:59] WaitForWIPFinish timeout, wait second ms:100
[Error] [2025-8-13 15:45:59] WaitForWIPFinish timeout, wait second ms:100
[Error] [2025-8-13 15:45:59] WaitForWIPFinish timeout, wait second ms:100
[Error] [2025-8-13 15:45:59] WaitForWIPFinish timeout, wait second ms:100
[Error] [2025-8-13 15:45:59] WaitForWIPFinish timeout, wait second ms:100
[Debug] [2025-8-13 15:45:59] progress bar is 22
[Error] [2025-8-13 15:45:59] WaitForWIPFinish timeout, wait second ms:100
[Error] [2025-8-13 15:45:59] WaitForWIPFinish timeout, wait second ms:100
[Debug] [2025-8-13 15:46:00] progress bar is 25
[Error] [2025-8-13 15:46:00] WaitForWIPFinish timeout, wait second ms:100
[Error] [2025-8-13 15:46:00] WaitForWIPFinish timeout, wait second ms:100
[Error] [2025-8-13 15:46:00] WaitForWIPFinish timeout, wait second ms:100
[Error] [2025-8-13 15:46:00] WaitForWIPFinish timeout, wait second ms:100
[Debug] [2025-8-13 15:46:00] progress bar is 32
[Error] [2025-8-13 15:46:00] WaitForWIPFinish timeout, wait second ms:100
[Error] [2025-8-13 15:46:00] WaitForWIPFinish timeout, wait second ms:100
[Debug] [2025-8-13 15:46:01] progress bar is 35
[Error] [2025-8-13 15:46:01] WaitForWIPFinish timeout, wait second ms:100
[Error] [2025-8-13 15:46:01] WaitForWIPFinish timeout, wait second ms:100
[Error] [2025-8-13 15:46:01] WaitForWIPFinish timeout, wait second ms:100
[Error] [2025-8-13 15:46:01] WaitForWIPFinish timeout, wait second ms:100
[Debug] [2025-8-13 15:46:01] progress bar is 41
[Error] [2025-8-13 15:46:01] WaitForWIPFinish timeout, wait second ms:100
[Error] [2025-8-13 15:46:01] WaitForWIPFinish timeout, wait second ms:100
[Error] [2025-8-13 15:46:02] WaitForWIPFinish timeout, wait second ms:100
[Debug] [2025-8-13 15:46:02] progress bar is 45
[Error] [2025-8-13 15:46:02] WaitForWIPFinish timeout, wait second ms:100
[Error] [2025-8-13 15:46:02] WaitForWIPFinish timeout, wait second ms:100
[Error] [2025-8-13 15:46:02] WaitForWIPFinish timeout, wait second ms:100
[Error] [2025-8-13 15:46:02] WaitForWIPFinish timeout, wait second ms:100
[Error] [2025-8-13 15:46:02] WaitForWIPFinish timeout, wait second ms:100
[Error] [2025-8-13 15:46:02] WaitForWIPFinish timeout, wait second ms:100
[Debug] [2025-8-13 15:46:02] progress bar is 51
[Error] [2025-8-13 15:46:03] WaitForWIPFinish timeout, wait second ms:100
[Error] [2025-8-13 15:46:03] WaitForWIPFinish timeout, wait second ms:100
[Error] [2025-8-13 15:46:03] WaitForWIPFinish timeout, wait second ms:100
[Error] [2025-8-13 15:46:03] WaitForWIPFinish timeout, wait second ms:100
[Debug] [2025-8-13 15:46:03] progress bar is 58
[Error] [2025-8-13 15:46:03] WaitForWIPFinish timeout, wait second ms:100
[Error] [2025-8-13 15:46:03] WaitForWIPFinish timeout, wait second ms:100
[Debug] [2025-8-13 15:46:03] progress bar is 61
[Error] [2025-8-13 15:46:04] WaitForWIPFinish timeout, wait second ms:100
[Error] [2025-8-13 15:46:04] WaitForWIPFinish timeout, wait second ms:100
[Error] [2025-8-13 15:46:04] WaitForWIPFinish timeout, wait second ms:100
[Error] [2025-8-13 15:46:04] WaitForWIPFinish timeout, wait second ms:100
[Debug] [2025-8-13 15:46:04] progress bar is 67
[Error] [2025-8-13 15:46:04] WaitForWIPFinish timeout, wait second ms:100
[Error] [2025-8-13 15:46:04] WaitForWIPFinish timeout, wait second ms:100
[Debug] [2025-8-13 15:46:04] progress bar is 70
[Error] [2025-8-13 15:46:04] WaitForWIPFinish timeout, wait second ms:100
[Error] [2025-8-13 15:46:05] WaitForWIPFinish timeout, wait second ms:100
[Error] [2025-8-13 15:46:05] WaitForWIPFinish timeout, wait second ms:100
[Error] [2025-8-13 15:46:05] WaitForWIPFinish timeout, wait second ms:100
[Error] [2025-8-13 15:46:05] WaitForWIPFinish timeout, wait second ms:100
[Debug] [2025-8-13 15:46:05] progress bar is 77
[Error] [2025-8-13 15:46:05] WaitForWIPFinish timeout, wait second ms:100
[Error] [2025-8-13 15:46:05] WaitForWIPFinish timeout, wait second ms:100
[Error] [2025-8-13 15:46:05] WaitForWIPFinish timeout, wait second ms:100
[Debug] [2025-8-13 15:46:06] progress bar is 80
[Error] [2025-8-13 15:46:06] WaitForWIPFinish timeout, wait second ms:100
[Error] [2025-8-13 15:46:06] WaitForWIPFinish timeout, wait second ms:100
[Error] [2025-8-13 15:46:06] WaitForWIPFinish timeout, wait second ms:100
[Error] [2025-8-13 15:46:06] WaitForWIPFinish timeout, wait second ms:100
[Debug] [2025-8-13 15:46:06] progress bar is 87
[Error] [2025-8-13 15:46:06] WaitForWIPFinish timeout, wait second ms:100
[Error] [2025-8-13 15:46:06] WaitForWIPFinish timeout, wait second ms:100
[Debug] [2025-8-13 15:46:07] progress bar is 90
[Error] [2025-8-13 15:46:07] WaitForWIPFinish timeout, wait second ms:100
[Error] [2025-8-13 15:46:07] WaitForWIPFinish timeout, wait second ms:100
[Error] [2025-8-13 15:46:07] WaitForWIPFinish timeout, wait second ms:100
[Error] [2025-8-13 15:46:07] WaitForWIPFinish timeout, wait second ms:100
[Debug] [2025-8-13 15:46:07] progress bar is 96
[Debug] [2025-8-13 15:46:07] progress bar is 100
[Debug] [2025-8-13 15:46:07] end to operate flash: cmd id = 20302
[Debug] [2025-8-13 15:46:07] cmd operation Erase Outer Flash releases locker
[Debug] [2025-8-13 15:46:07] Remove the header data from the client, index : 0
[Debug] [2025-8-13 15:46:07] _total_bytes_size : 1267
[Debug] [2025-8-13 15:46:07] cmd id :20301cmd name : Program Outer Flash
[Debug] [2025-8-13 15:46:07] begin to operate flash: cmd id = 20301
[Debug] [2025-8-13 15:46:07] the idcode from the scanning is: 0x10601899
[Debug] [2025-8-13 15:46:07] the idcode from the scanning is: 0x0
[Debug] [2025-8-13 15:46:07] the idcode from the scanning is: 0x0
[Debug] [2025-8-13 15:46:07] the idcode from the scanning is: 0x0
[Debug] [2025-8-13 15:46:07] the idcode from the scanning is: 0x0
[Debug] [2025-8-13 15:46:07] the value in the status register is :81ffca0
[Debug] [2025-8-13 15:46:07] flash_id is 1c7118
[Debug] [2025-8-13 15:46:07] The value of GigaDevice status register 1 is 0x
[Debug] [2025-8-13 15:46:07] progress bar is 1
[Debug] [2025-8-13 15:46:09] progress bar is 6
[Debug] [2025-8-13 15:46:11] progress bar is 10
[Debug] [2025-8-13 15:46:12] progress bar is 15
[Debug] [2025-8-13 15:46:14] progress bar is 20
[Debug] [2025-8-13 15:46:15] progress bar is 25
[Debug] [2025-8-13 15:46:17] progress bar is 30
[Debug] [2025-8-13 15:46:18] progress bar is 35
[Debug] [2025-8-13 15:46:20] progress bar is 40
[Debug] [2025-8-13 15:46:22] progress bar is 45
[Debug] [2025-8-13 15:46:23] progress bar is 50
[Debug] [2025-8-13 15:46:25] progress bar is 55
[Debug] [2025-8-13 15:46:26] progress bar is 60
[Debug] [2025-8-13 15:46:28] progress bar is 65
[Debug] [2025-8-13 15:46:29] progress bar is 70
[Debug] [2025-8-13 15:46:31] progress bar is 75
[Debug] [2025-8-13 15:46:33] progress bar is 80
[Debug] [2025-8-13 15:46:34] progress bar is 85
[Debug] [2025-8-13 15:46:36] progress bar is 90
[Debug] [2025-8-13 15:46:37] progress bar is 95
[Debug] [2025-8-13 15:46:39] progress bar is 100
[Debug] [2025-8-13 15:46:39] end to operate flash: cmd id = 20301
[Debug] [2025-8-13 15:46:39] cmd operation Program Outer Flash releases locker
[Debug] [2025-8-13 15:46:39] Remove the header data from the client, index : 0
[Debug] [2025-8-13 15:46:39] _total_bytes_size : 1265
[Debug] [2025-8-13 15:46:39] cmd id :20303cmd name : Verify Outer Flash
[Debug] [2025-8-13 15:46:39] begin to operate flash: cmd id = 20303
[Debug] [2025-8-13 15:46:39] the idcode from the scanning is: 0x10601899
[Debug] [2025-8-13 15:46:39] the idcode from the scanning is: 0x0
[Debug] [2025-8-13 15:46:39] the idcode from the scanning is: 0x0
[Debug] [2025-8-13 15:46:39] the idcode from the scanning is: 0x0
[Debug] [2025-8-13 15:46:39] the idcode from the scanning is: 0x0
[Debug] [2025-8-13 15:46:39] the value in the status register is :81ffca0
[Debug] [2025-8-13 15:46:39] flash_id is 1c7118
[Debug] [2025-8-13 15:46:39] the value in the status register is :81ffca0
[Debug] [2025-8-13 15:46:39] progress bar is 1
[Debug] [2025-8-13 15:46:39] progress bar is 6
[Debug] [2025-8-13 15:46:39] progress bar is 10
[Debug] [2025-8-13 15:46:40] progress bar is 15
[Debug] [2025-8-13 15:46:40] progress bar is 20
[Debug] [2025-8-13 15:46:40] progress bar is 25
[Debug] [2025-8-13 15:46:40] progress bar is 30
[Debug] [2025-8-13 15:46:40] progress bar is 35
[Debug] [2025-8-13 15:46:40] progress bar is 40
[Debug] [2025-8-13 15:46:40] progress bar is 45
[Debug] [2025-8-13 15:46:40] progress bar is 50
[Debug] [2025-8-13 15:46:40] progress bar is 55
[Debug] [2025-8-13 15:46:40] progress bar is 60
[Debug] [2025-8-13 15:46:41] progress bar is 65
[Debug] [2025-8-13 15:46:41] progress bar is 70
[Debug] [2025-8-13 15:46:41] progress bar is 75
[Debug] [2025-8-13 15:46:41] progress bar is 80
[Debug] [2025-8-13 15:46:41] progress bar is 85
[Debug] [2025-8-13 15:46:41] progress bar is 90
[Debug] [2025-8-13 15:46:41] progress bar is 95
[Debug] [2025-8-13 15:46:41] progress bar is 100
[Debug] [2025-8-13 15:46:41] end to operate flash: cmd id = 20303
[Debug] [2025-8-13 15:46:41] cmd operation Verify Outer Flash releases locker
[Debug] [2025-8-13 15:47:23] Remove the header data from the client, index : 0
[Debug] [2025-8-13 15:47:23] _total_bytes_size : 1480
[Debug] [2025-8-13 15:47:23] cmd id :20302cmd name : Erase Outer Flash
[Debug] [2025-8-13 15:47:23] begin to operate flash: cmd id = 20302
[Debug] [2025-8-13 15:47:23] the idcode from the scanning is: 0x10601899
[Debug] [2025-8-13 15:47:23] the idcode from the scanning is: 0x0
[Debug] [2025-8-13 15:47:23] the idcode from the scanning is: 0x0
[Debug] [2025-8-13 15:47:23] the idcode from the scanning is: 0x0
[Debug] [2025-8-13 15:47:23] the idcode from the scanning is: 0x0
[Debug] [2025-8-13 15:47:23] the value in the status register is :81ffca0
[Debug] [2025-8-13 15:47:23] flash_id is 1c7118
[Debug] [2025-8-13 15:47:23] the value in the status register is :81ffca0
[Debug] [2025-8-13 15:47:23] progress bar is 1
[Error] [2025-8-13 15:47:23] WaitForWIPFinish timeout, wait second ms:100
[Error] [2025-8-13 15:47:23] WaitForWIPFinish timeout, wait second ms:100
[Error] [2025-8-13 15:47:23] WaitForWIPFinish timeout, wait second ms:100
[Error] [2025-8-13 15:47:23] WaitForWIPFinish timeout, wait second ms:100
[Error] [2025-8-13 15:47:24] WaitForWIPFinish timeout, wait second ms:100
[Error] [2025-8-13 15:47:24] WaitForWIPFinish timeout, wait second ms:100
[Error] [2025-8-13 15:47:24] WaitForWIPFinish timeout, wait second ms:100
[Debug] [2025-8-13 15:47:24] progress bar is 6
[Error] [2025-8-13 15:47:24] WaitForWIPFinish timeout, wait second ms:100
[Error] [2025-8-13 15:47:24] WaitForWIPFinish timeout, wait second ms:100
[Error] [2025-8-13 15:47:24] WaitForWIPFinish timeout, wait second ms:100
[Error] [2025-8-13 15:47:25] WaitForWIPFinish timeout, wait second ms:100
[Error] [2025-8-13 15:47:25] WaitForWIPFinish timeout, wait second ms:100
[Debug] [2025-8-13 15:47:25] progress bar is 12
[Error] [2025-8-13 15:47:25] WaitForWIPFinish timeout, wait second ms:100
[Error] [2025-8-13 15:47:25] WaitForWIPFinish timeout, wait second ms:100
[Debug] [2025-8-13 15:47:25] progress bar is 15
[Error] [2025-8-13 15:47:25] WaitForWIPFinish timeout, wait second ms:100
[Error] [2025-8-13 15:47:25] WaitForWIPFinish timeout, wait second ms:100
[Error] [2025-8-13 15:47:25] WaitForWIPFinish timeout, wait second ms:100
[Error] [2025-8-13 15:47:26] WaitForWIPFinish timeout, wait second ms:100
[Error] [2025-8-13 15:47:26] WaitForWIPFinish timeout, wait second ms:100
[Error] [2025-8-13 15:47:26] WaitForWIPFinish timeout, wait second ms:100
[Debug] [2025-8-13 15:47:26] progress bar is 21
[Error] [2025-8-13 15:47:26] WaitForWIPFinish timeout, wait second ms:100
[Error] [2025-8-13 15:47:26] WaitForWIPFinish timeout, wait second ms:100
[Error] [2025-8-13 15:47:26] WaitForWIPFinish timeout, wait second ms:100
[Error] [2025-8-13 15:47:26] WaitForWIPFinish timeout, wait second ms:100
[Error] [2025-8-13 15:47:27] WaitForWIPFinish timeout, wait second ms:100
[Debug] [2025-8-13 15:47:27] progress bar is 27
[Error] [2025-8-13 15:47:27] WaitForWIPFinish timeout, wait second ms:100
[Error] [2025-8-13 15:47:27] WaitForWIPFinish timeout, wait second ms:100
[Debug] [2025-8-13 15:47:27] progress bar is 30
[Error] [2025-8-13 15:47:27] WaitForWIPFinish timeout, wait second ms:100
[Error] [2025-8-13 15:47:27] WaitForWIPFinish timeout, wait second ms:100
[Error] [2025-8-13 15:47:27] WaitForWIPFinish timeout, wait second ms:100
[Error] [2025-8-13 15:47:27] WaitForWIPFinish timeout, wait second ms:100
[Error] [2025-8-13 15:47:28] WaitForWIPFinish timeout, wait second ms:100
[Debug] [2025-8-13 15:47:28] progress bar is 36
[Error] [2025-8-13 15:47:28] WaitForWIPFinish timeout, wait second ms:100
[Error] [2025-8-13 15:47:28] WaitForWIPFinish timeout, wait second ms:100
[Error] [2025-8-13 15:47:28] WaitForWIPFinish timeout, wait second ms:100
[Error] [2025-8-13 15:47:28] WaitForWIPFinish timeout, wait second ms:100
[Error] [2025-8-13 15:47:28] WaitForWIPFinish timeout, wait second ms:100
[Debug] [2025-8-13 15:47:28] progress bar is 42
[Error] [2025-8-13 15:47:29] WaitForWIPFinish timeout, wait second ms:100
[Error] [2025-8-13 15:47:29] WaitForWIPFinish timeout, wait second ms:100
[Error] [2025-8-13 15:47:29] WaitForWIPFinish timeout, wait second ms:100
[Debug] [2025-8-13 15:47:29] progress bar is 45
[Error] [2025-8-13 15:47:29] WaitForWIPFinish timeout, wait second ms:100
[Error] [2025-8-13 15:47:29] WaitForWIPFinish timeout, wait second ms:100
[Error] [2025-8-13 15:47:29] WaitForWIPFinish timeout, wait second ms:100
[Error] [2025-8-13 15:47:29] WaitForWIPFinish timeout, wait second ms:100
[Debug] [2025-8-13 15:47:29] progress bar is 51
[Error] [2025-8-13 15:47:30] WaitForWIPFinish timeout, wait second ms:100
[Error] [2025-8-13 15:47:30] WaitForWIPFinish timeout, wait second ms:100
[Error] [2025-8-13 15:47:30] WaitForWIPFinish timeout, wait second ms:100
[Error] [2025-8-13 15:47:30] WaitForWIPFinish timeout, wait second ms:100
[Debug] [2025-8-13 15:47:30] progress bar is 57
[Error] [2025-8-13 15:47:30] WaitForWIPFinish timeout, wait second ms:100
[Error] [2025-8-13 15:47:30] WaitForWIPFinish timeout, wait second ms:100
[Debug] [2025-8-13 15:47:30] progress bar is 60
[Error] [2025-8-13 15:47:31] WaitForWIPFinish timeout, wait second ms:100
[Error] [2025-8-13 15:47:31] WaitForWIPFinish timeout, wait second ms:100
[Error] [2025-8-13 15:47:31] WaitForWIPFinish timeout, wait second ms:100
[Error] [2025-8-13 15:47:31] WaitForWIPFinish timeout, wait second ms:100
[Debug] [2025-8-13 15:47:31] progress bar is 66
[Error] [2025-8-13 15:47:31] WaitForWIPFinish timeout, wait second ms:100
[Error] [2025-8-13 15:47:31] WaitForWIPFinish timeout, wait second ms:100
[Error] [2025-8-13 15:47:32] WaitForWIPFinish timeout, wait second ms:100
[Error] [2025-8-13 15:47:32] WaitForWIPFinish timeout, wait second ms:100
[Debug] [2025-8-13 15:47:32] progress bar is 72
[Error] [2025-8-13 15:47:32] WaitForWIPFinish timeout, wait second ms:100
[Error] [2025-8-13 15:47:32] WaitForWIPFinish timeout, wait second ms:100
[Debug] [2025-8-13 15:47:32] progress bar is 75
[Error] [2025-8-13 15:47:32] WaitForWIPFinish timeout, wait second ms:100
[Error] [2025-8-13 15:47:32] WaitForWIPFinish timeout, wait second ms:100
[Error] [2025-8-13 15:47:32] WaitForWIPFinish timeout, wait second ms:100
[Error] [2025-8-13 15:47:33] WaitForWIPFinish timeout, wait second ms:100
[Error] [2025-8-13 15:47:33] WaitForWIPFinish timeout, wait second ms:100
[Debug] [2025-8-13 15:47:33] progress bar is 81
[Error] [2025-8-13 15:47:33] WaitForWIPFinish timeout, wait second ms:100
[Error] [2025-8-13 15:47:33] WaitForWIPFinish timeout, wait second ms:100
[Error] [2025-8-13 15:47:33] WaitForWIPFinish timeout, wait second ms:100
[Error] [2025-8-13 15:47:33] WaitForWIPFinish timeout, wait second ms:100
[Debug] [2025-8-13 15:47:33] progress bar is 87
[Error] [2025-8-13 15:47:34] WaitForWIPFinish timeout, wait second ms:100
[Error] [2025-8-13 15:47:34] WaitForWIPFinish timeout, wait second ms:100
[Debug] [2025-8-13 15:47:34] progress bar is 90
[Error] [2025-8-13 15:47:34] WaitForWIPFinish timeout, wait second ms:100
[Error] [2025-8-13 15:47:34] WaitForWIPFinish timeout, wait second ms:100
[Error] [2025-8-13 15:47:34] WaitForWIPFinish timeout, wait second ms:100
[Error] [2025-8-13 15:47:34] WaitForWIPFinish timeout, wait second ms:100
[Debug] [2025-8-13 15:47:34] progress bar is 96
[Debug] [2025-8-13 15:47:34] progress bar is 100
[Debug] [2025-8-13 15:47:34] end to operate flash: cmd id = 20302
[Debug] [2025-8-13 15:47:34] cmd operation Erase Outer Flash releases locker
[Debug] [2025-8-13 15:47:34] Remove the header data from the client, index : 0
[Debug] [2025-8-13 15:47:34] _total_bytes_size : 1477
[Debug] [2025-8-13 15:47:34] cmd id :20301cmd name : Program Outer Flash
[Debug] [2025-8-13 15:47:34] begin to operate flash: cmd id = 20301
[Debug] [2025-8-13 15:47:35] the idcode from the scanning is: 0x10601899
[Debug] [2025-8-13 15:47:35] the idcode from the scanning is: 0x0
[Debug] [2025-8-13 15:47:35] the idcode from the scanning is: 0x0
[Debug] [2025-8-13 15:47:35] the idcode from the scanning is: 0x0
[Debug] [2025-8-13 15:47:35] the idcode from the scanning is: 0x0
[Debug] [2025-8-13 15:47:35] the value in the status register is :81ffca0
[Debug] [2025-8-13 15:47:35] flash_id is 1c7118
[Debug] [2025-8-13 15:47:35] The value of GigaDevice status register 1 is 0x
[Debug] [2025-8-13 15:47:35] progress bar is 1
[Debug] [2025-8-13 15:47:37] progress bar is 6
[Debug] [2025-8-13 15:47:38] progress bar is 10
[Debug] [2025-8-13 15:47:40] progress bar is 15
[Debug] [2025-8-13 15:47:41] progress bar is 20
[Debug] [2025-8-13 15:47:43] progress bar is 25
[Debug] [2025-8-13 15:47:45] progress bar is 30
[Debug] [2025-8-13 15:47:46] progress bar is 35
[Debug] [2025-8-13 15:47:48] progress bar is 40
[Debug] [2025-8-13 15:47:50] progress bar is 45
[Debug] [2025-8-13 15:47:51] progress bar is 50
[Debug] [2025-8-13 15:47:53] progress bar is 55
[Debug] [2025-8-13 15:47:55] progress bar is 60
[Debug] [2025-8-13 15:47:56] progress bar is 65
[Debug] [2025-8-13 15:47:58] progress bar is 70
[Debug] [2025-8-13 15:48:00] progress bar is 75
[Debug] [2025-8-13 15:48:01] progress bar is 80
[Debug] [2025-8-13 15:48:03] progress bar is 85
[Debug] [2025-8-13 15:48:05] progress bar is 90
[Debug] [2025-8-13 15:48:06] progress bar is 95
[Debug] [2025-8-13 15:48:08] progress bar is 100
[Debug] [2025-8-13 15:48:08] end to operate flash: cmd id = 20301
[Debug] [2025-8-13 15:48:08] cmd operation Program Outer Flash releases locker
[Debug] [2025-8-13 15:48:08] Remove the header data from the client, index : 0
[Debug] [2025-8-13 15:48:08] _total_bytes_size : 1475
[Debug] [2025-8-13 15:48:08] cmd id :20303cmd name : Verify Outer Flash
[Debug] [2025-8-13 15:48:08] begin to operate flash: cmd id = 20303
[Debug] [2025-8-13 15:48:08] the idcode from the scanning is: 0x10601899
[Debug] [2025-8-13 15:48:08] the idcode from the scanning is: 0x0
[Debug] [2025-8-13 15:48:08] the idcode from the scanning is: 0x0
[Debug] [2025-8-13 15:48:08] the idcode from the scanning is: 0x0
[Debug] [2025-8-13 15:48:08] the idcode from the scanning is: 0x0
[Debug] [2025-8-13 15:48:08] the value in the status register is :81ffca0
[Debug] [2025-8-13 15:48:08] flash_id is 1c7118
[Debug] [2025-8-13 15:48:08] the value in the status register is :81ffca0
[Debug] [2025-8-13 15:48:08] progress bar is 1
[Debug] [2025-8-13 15:48:08] progress bar is 6
[Debug] [2025-8-13 15:48:08] progress bar is 10
[Debug] [2025-8-13 15:48:08] progress bar is 15
[Debug] [2025-8-13 15:48:08] progress bar is 20
[Debug] [2025-8-13 15:48:09] progress bar is 25
[Debug] [2025-8-13 15:48:09] progress bar is 30
[Debug] [2025-8-13 15:48:09] progress bar is 35
[Debug] [2025-8-13 15:48:09] progress bar is 40
[Debug] [2025-8-13 15:48:09] progress bar is 45
[Debug] [2025-8-13 15:48:09] progress bar is 50
[Debug] [2025-8-13 15:48:09] progress bar is 55
[Debug] [2025-8-13 15:48:09] progress bar is 60
[Debug] [2025-8-13 15:48:09] progress bar is 65
[Debug] [2025-8-13 15:48:10] progress bar is 70
[Debug] [2025-8-13 15:48:10] progress bar is 75
[Debug] [2025-8-13 15:48:10] progress bar is 80
[Debug] [2025-8-13 15:48:10] progress bar is 85
[Debug] [2025-8-13 15:48:10] progress bar is 90
[Debug] [2025-8-13 15:48:10] progress bar is 95
[Debug] [2025-8-13 15:48:10] progress bar is 100
[Debug] [2025-8-13 15:48:10] end to operate flash: cmd id = 20303
[Debug] [2025-8-13 15:48:10] cmd operation Verify Outer Flash releases locker
[Debug] [2025-8-13 16:26:19] Remove the header data from the client, index : 0
[Debug] [2025-8-13 16:26:19] _total_bytes_size : 952
[Debug] [2025-8-13 16:26:19] cmd id :20002cmd name : Program
[Debug] [2025-8-13 16:26:19] the idcode from the scanning is: 0xffffffff
[Debug] [2025-8-13 16:26:19] the idcode from the scanning is: 0xffffffff
[Debug] [2025-8-13 16:26:19] the idcode from the scanning is: 0xffffffff
[Debug] [2025-8-13 16:26:19] the idcode from the scanning is: 0xffffffff
[Debug] [2025-8-13 16:26:19] the idcode from the scanning is: 0xffffffff
[Debug] [2025-8-13 16:26:20] the idcode from the scanning is: 0x10601899
[Debug] [2025-8-13 16:26:20] the idcode from the scanning is: 0x0
[Debug] [2025-8-13 16:26:20] the idcode from the scanning is: 0x0
[Debug] [2025-8-13 16:26:20] the idcode from the scanning is: 0x0
[Debug] [2025-8-13 16:26:20] the idcode from the scanning is: 0x0
[Debug] [2025-8-13 16:26:20] begin to read back config registerregAddr is 4
[Debug] [2025-8-13 16:26:20] progress bar is 6
[Debug] [2025-8-13 16:26:20] progress bar is 10
[Debug] [2025-8-13 16:26:20] progress bar is 15
[Debug] [2025-8-13 16:26:20] progress bar is 20
[Debug] [2025-8-13 16:26:20] progress bar is 25
[Debug] [2025-8-13 16:26:20] progress bar is 30
[Debug] [2025-8-13 16:26:20] progress bar is 35
[Debug] [2025-8-13 16:26:21] progress bar is 40
[Debug] [2025-8-13 16:26:21] progress bar is 45
[Debug] [2025-8-13 16:26:21] progress bar is 50
[Debug] [2025-8-13 16:26:21] progress bar is 55
[Debug] [2025-8-13 16:26:21] progress bar is 60
[Debug] [2025-8-13 16:26:21] progress bar is 65
[Debug] [2025-8-13 16:26:21] progress bar is 70
[Debug] [2025-8-13 16:26:21] progress bar is 75
[Debug] [2025-8-13 16:26:21] progress bar is 80
[Debug] [2025-8-13 16:26:21] progress bar is 85
[Debug] [2025-8-13 16:26:21] progress bar is 90
[Debug] [2025-8-13 16:26:22] progress bar is 95
[Debug] [2025-8-13 16:26:22] progress bar is 100
[Debug] [2025-8-13 16:26:22] the value in the status register is :2096288
[Debug] [2025-8-13 16:26:22] cmd operation Program releases locker
[Debug] [2025-8-13 16:26:28] Remove the header data from the client, index : 0
[Debug] [2025-8-13 16:26:28] _total_bytes_size : 1480
[Debug] [2025-8-13 16:26:28] cmd id :20302cmd name : Erase Outer Flash
[Debug] [2025-8-13 16:26:28] begin to operate flash: cmd id = 20302
[Debug] [2025-8-13 16:26:29] the idcode from the scanning is: 0x10601899
[Debug] [2025-8-13 16:26:29] the idcode from the scanning is: 0x0
[Debug] [2025-8-13 16:26:29] the idcode from the scanning is: 0x0
[Debug] [2025-8-13 16:26:29] the idcode from the scanning is: 0x0
[Debug] [2025-8-13 16:26:29] the idcode from the scanning is: 0x0
[Debug] [2025-8-13 16:26:29] the value in the status register is :81ffca0
[Debug] [2025-8-13 16:26:29] flash_id is 1c7118
[Debug] [2025-8-13 16:26:29] the value in the status register is :81ffca0
[Debug] [2025-8-13 16:26:29] progress bar is 1
[Error] [2025-8-13 16:26:29] WaitForWIPFinish timeout, wait second ms:100
[Error] [2025-8-13 16:26:29] WaitForWIPFinish timeout, wait second ms:100
[Error] [2025-8-13 16:26:29] WaitForWIPFinish timeout, wait second ms:100
[Error] [2025-8-13 16:26:29] WaitForWIPFinish timeout, wait second ms:100
[Error] [2025-8-13 16:26:29] WaitForWIPFinish timeout, wait second ms:100
[Error] [2025-8-13 16:26:29] WaitForWIPFinish timeout, wait second ms:100
[Debug] [2025-8-13 16:26:30] progress bar is 6
[Error] [2025-8-13 16:26:30] WaitForWIPFinish timeout, wait second ms:100
[Error] [2025-8-13 16:26:30] WaitForWIPFinish timeout, wait second ms:100
[Error] [2025-8-13 16:26:30] WaitForWIPFinish timeout, wait second ms:100
[Error] [2025-8-13 16:26:30] WaitForWIPFinish timeout, wait second ms:100
[Error] [2025-8-13 16:26:30] WaitForWIPFinish timeout, wait second ms:100
[Debug] [2025-8-13 16:26:30] progress bar is 12
[Error] [2025-8-13 16:26:30] WaitForWIPFinish timeout, wait second ms:100
[Error] [2025-8-13 16:26:31] WaitForWIPFinish timeout, wait second ms:100
[Debug] [2025-8-13 16:26:31] progress bar is 15
[Error] [2025-8-13 16:26:31] WaitForWIPFinish timeout, wait second ms:100
[Error] [2025-8-13 16:26:31] WaitForWIPFinish timeout, wait second ms:100
[Error] [2025-8-13 16:26:31] WaitForWIPFinish timeout, wait second ms:100
[Error] [2025-8-13 16:26:31] WaitForWIPFinish timeout, wait second ms:100
[Error] [2025-8-13 16:26:31] WaitForWIPFinish timeout, wait second ms:100
[Error] [2025-8-13 16:26:31] WaitForWIPFinish timeout, wait second ms:100
[Debug] [2025-8-13 16:26:31] progress bar is 21
[Error] [2025-8-13 16:26:32] WaitForWIPFinish timeout, wait second ms:100
[Error] [2025-8-13 16:26:32] WaitForWIPFinish timeout, wait second ms:100
[Error] [2025-8-13 16:26:32] WaitForWIPFinish timeout, wait second ms:100
[Error] [2025-8-13 16:26:32] WaitForWIPFinish timeout, wait second ms:100
[Error] [2025-8-13 16:26:32] WaitForWIPFinish timeout, wait second ms:100
[Debug] [2025-8-13 16:26:32] progress bar is 27
[Error] [2025-8-13 16:26:32] WaitForWIPFinish timeout, wait second ms:100
[Error] [2025-8-13 16:26:32] WaitForWIPFinish timeout, wait second ms:100
[Debug] [2025-8-13 16:26:33] progress bar is 30
[Error] [2025-8-13 16:26:33] WaitForWIPFinish timeout, wait second ms:100
[Error] [2025-8-13 16:26:33] WaitForWIPFinish timeout, wait second ms:100
[Error] [2025-8-13 16:26:33] WaitForWIPFinish timeout, wait second ms:100
[Error] [2025-8-13 16:26:33] WaitForWIPFinish timeout, wait second ms:100
[Debug] [2025-8-13 16:26:33] progress bar is 36
[Error] [2025-8-13 16:26:33] WaitForWIPFinish timeout, wait second ms:100
[Error] [2025-8-13 16:26:33] WaitForWIPFinish timeout, wait second ms:100
[Error] [2025-8-13 16:26:34] WaitForWIPFinish timeout, wait second ms:100
[Error] [2025-8-13 16:26:34] WaitForWIPFinish timeout, wait second ms:100
[Error] [2025-8-13 16:26:34] WaitForWIPFinish timeout, wait second ms:100
[Debug] [2025-8-13 16:26:34] progress bar is 42
[Error] [2025-8-13 16:26:34] WaitForWIPFinish timeout, wait second ms:100
[Error] [2025-8-13 16:26:34] WaitForWIPFinish timeout, wait second ms:100
[Error] [2025-8-13 16:26:34] WaitForWIPFinish timeout, wait second ms:100
[Debug] [2025-8-13 16:26:34] progress bar is 45
[Error] [2025-8-13 16:26:34] WaitForWIPFinish timeout, wait second ms:100
[Error] [2025-8-13 16:26:35] WaitForWIPFinish timeout, wait second ms:100
[Error] [2025-8-13 16:26:35] WaitForWIPFinish timeout, wait second ms:100
[Error] [2025-8-13 16:26:35] WaitForWIPFinish timeout, wait second ms:100
[Error] [2025-8-13 16:26:35] WaitForWIPFinish timeout, wait second ms:100
[Debug] [2025-8-13 16:26:35] progress bar is 51
[Error] [2025-8-13 16:26:35] WaitForWIPFinish timeout, wait second ms:100
[Error] [2025-8-13 16:26:35] WaitForWIPFinish timeout, wait second ms:100
[Error] [2025-8-13 16:26:36] WaitForWIPFinish timeout, wait second ms:100
[Error] [2025-8-13 16:26:36] WaitForWIPFinish timeout, wait second ms:100
[Debug] [2025-8-13 16:26:36] progress bar is 57
[Error] [2025-8-13 16:26:36] WaitForWIPFinish timeout, wait second ms:100
[Error] [2025-8-13 16:26:36] WaitForWIPFinish timeout, wait second ms:100
[Debug] [2025-8-13 16:26:36] progress bar is 60
[Error] [2025-8-13 16:26:36] WaitForWIPFinish timeout, wait second ms:100
[Error] [2025-8-13 16:26:36] WaitForWIPFinish timeout, wait second ms:100
[Error] [2025-8-13 16:26:37] WaitForWIPFinish timeout, wait second ms:100
[Error] [2025-8-13 16:26:37] WaitForWIPFinish timeout, wait second ms:100
[Debug] [2025-8-13 16:26:37] progress bar is 66
[Error] [2025-8-13 16:26:37] WaitForWIPFinish timeout, wait second ms:100
[Error] [2025-8-13 16:26:37] WaitForWIPFinish timeout, wait second ms:100
[Error] [2025-8-13 16:26:37] WaitForWIPFinish timeout, wait second ms:100
[Error] [2025-8-13 16:26:37] WaitForWIPFinish timeout, wait second ms:100
[Error] [2025-8-13 16:26:37] WaitForWIPFinish timeout, wait second ms:100
[Debug] [2025-8-13 16:26:37] progress bar is 72
[Error] [2025-8-13 16:26:38] WaitForWIPFinish timeout, wait second ms:100
[Error] [2025-8-13 16:26:38] WaitForWIPFinish timeout, wait second ms:100
[Debug] [2025-8-13 16:26:38] progress bar is 75
[Error] [2025-8-13 16:26:38] WaitForWIPFinish timeout, wait second ms:100
[Error] [2025-8-13 16:26:38] WaitForWIPFinish timeout, wait second ms:100
[Error] [2025-8-13 16:26:38] WaitForWIPFinish timeout, wait second ms:100
[Error] [2025-8-13 16:26:38] WaitForWIPFinish timeout, wait second ms:100
[Error] [2025-8-13 16:26:38] WaitForWIPFinish timeout, wait second ms:100
[Debug] [2025-8-13 16:26:39] progress bar is 81
[Error] [2025-8-13 16:26:39] WaitForWIPFinish timeout, wait second ms:100
[Error] [2025-8-13 16:26:39] WaitForWIPFinish timeout, wait second ms:100
[Error] [2025-8-13 16:26:39] WaitForWIPFinish timeout, wait second ms:100
[Error] [2025-8-13 16:26:39] WaitForWIPFinish timeout, wait second ms:100
[Debug] [2025-8-13 16:26:39] progress bar is 87
[Error] [2025-8-13 16:26:39] WaitForWIPFinish timeout, wait second ms:100
[Error] [2025-8-13 16:26:39] WaitForWIPFinish timeout, wait second ms:100
[Debug] [2025-8-13 16:26:40] progress bar is 90
[Error] [2025-8-13 16:26:40] WaitForWIPFinish timeout, wait second ms:100
[Error] [2025-8-13 16:26:40] WaitForWIPFinish timeout, wait second ms:100
[Error] [2025-8-13 16:26:40] WaitForWIPFinish timeout, wait second ms:100
[Error] [2025-8-13 16:26:40] WaitForWIPFinish timeout, wait second ms:100
[Debug] [2025-8-13 16:26:40] progress bar is 96
[Debug] [2025-8-13 16:26:40] progress bar is 100
[Debug] [2025-8-13 16:26:40] end to operate flash: cmd id = 20302
[Debug] [2025-8-13 16:26:40] cmd operation Erase Outer Flash releases locker
[Debug] [2025-8-13 16:26:40] Remove the header data from the client, index : 0
[Debug] [2025-8-13 16:26:40] _total_bytes_size : 1477
[Debug] [2025-8-13 16:26:40] cmd id :20301cmd name : Program Outer Flash
[Debug] [2025-8-13 16:26:40] begin to operate flash: cmd id = 20301
[Debug] [2025-8-13 16:26:41] the idcode from the scanning is: 0x10601899
[Debug] [2025-8-13 16:26:41] the idcode from the scanning is: 0x0
[Debug] [2025-8-13 16:26:41] the idcode from the scanning is: 0x0
[Debug] [2025-8-13 16:26:41] the idcode from the scanning is: 0x0
[Debug] [2025-8-13 16:26:41] the idcode from the scanning is: 0x0
[Debug] [2025-8-13 16:26:41] the value in the status register is :81ffca0
[Debug] [2025-8-13 16:26:41] flash_id is 1c7118
[Debug] [2025-8-13 16:26:41] The value of GigaDevice status register 1 is 0x
[Debug] [2025-8-13 16:26:41] progress bar is 1
[Debug] [2025-8-13 16:26:43] progress bar is 6
[Debug] [2025-8-13 16:26:44] progress bar is 10
[Debug] [2025-8-13 16:26:46] progress bar is 15
[Debug] [2025-8-13 16:26:47] progress bar is 20
[Debug] [2025-8-13 16:26:49] progress bar is 25
[Debug] [2025-8-13 16:26:51] progress bar is 30
[Debug] [2025-8-13 16:26:52] progress bar is 35
[Debug] [2025-8-13 16:26:54] progress bar is 40
[Debug] [2025-8-13 16:26:55] progress bar is 45
[Debug] [2025-8-13 16:26:57] progress bar is 50
[Debug] [2025-8-13 16:26:59] progress bar is 55
[Debug] [2025-8-13 16:27:00] progress bar is 60
[Debug] [2025-8-13 16:27:02] progress bar is 65
[Debug] [2025-8-13 16:27:04] progress bar is 70
[Debug] [2025-8-13 16:27:05] progress bar is 75
[Debug] [2025-8-13 16:27:07] progress bar is 80
[Debug] [2025-8-13 16:27:09] progress bar is 85
[Debug] [2025-8-13 16:27:10] progress bar is 90
[Debug] [2025-8-13 16:27:12] progress bar is 95
[Debug] [2025-8-13 16:27:14] progress bar is 100
[Debug] [2025-8-13 16:27:14] end to operate flash: cmd id = 20301
[Debug] [2025-8-13 16:27:14] cmd operation Program Outer Flash releases locker
[Debug] [2025-8-13 16:27:14] Remove the header data from the client, index : 0
[Debug] [2025-8-13 16:27:14] _total_bytes_size : 1475
[Debug] [2025-8-13 16:27:14] cmd id :20303cmd name : Verify Outer Flash
[Debug] [2025-8-13 16:27:14] begin to operate flash: cmd id = 20303
[Debug] [2025-8-13 16:27:14] the idcode from the scanning is: 0x10601899
[Debug] [2025-8-13 16:27:14] the idcode from the scanning is: 0x0
[Debug] [2025-8-13 16:27:14] the idcode from the scanning is: 0x0
[Debug] [2025-8-13 16:27:14] the idcode from the scanning is: 0x0
[Debug] [2025-8-13 16:27:14] the idcode from the scanning is: 0x0
[Debug] [2025-8-13 16:27:14] the value in the status register is :81ffca0
[Debug] [2025-8-13 16:27:14] flash_id is 1c7118
[Debug] [2025-8-13 16:27:14] the value in the status register is :81ffca0
[Debug] [2025-8-13 16:27:14] progress bar is 1
[Debug] [2025-8-13 16:27:15] progress bar is 6
[Debug] [2025-8-13 16:27:15] progress bar is 10
[Debug] [2025-8-13 16:27:15] progress bar is 15
[Debug] [2025-8-13 16:27:15] progress bar is 20
[Debug] [2025-8-13 16:27:15] progress bar is 25
[Debug] [2025-8-13 16:27:15] progress bar is 30
[Debug] [2025-8-13 16:27:15] progress bar is 35
[Debug] [2025-8-13 16:27:15] progress bar is 40
[Debug] [2025-8-13 16:27:15] progress bar is 45
[Debug] [2025-8-13 16:27:16] progress bar is 50
[Debug] [2025-8-13 16:27:16] progress bar is 55
[Debug] [2025-8-13 16:27:16] progress bar is 60
[Debug] [2025-8-13 16:27:16] progress bar is 65
[Debug] [2025-8-13 16:27:16] progress bar is 70
[Debug] [2025-8-13 16:27:16] progress bar is 75
[Debug] [2025-8-13 16:27:16] progress bar is 80
[Debug] [2025-8-13 16:27:16] progress bar is 85
[Debug] [2025-8-13 16:27:16] progress bar is 90
[Debug] [2025-8-13 16:27:16] progress bar is 95
[Debug] [2025-8-13 16:27:17] progress bar is 100
[Debug] [2025-8-13 16:27:17] end to operate flash: cmd id = 20303
[Debug] [2025-8-13 16:27:17] cmd operation Verify Outer Flash releases locker
[Debug] [2025-8-13 16:51:19] Remove the header data from the client, index : 0
[Debug] [2025-8-13 16:51:19] _total_bytes_size : 1480
[Debug] [2025-8-13 16:51:19] cmd id :20302cmd name : Erase Outer Flash
[Debug] [2025-8-13 16:51:19] begin to operate flash: cmd id = 20302
[Debug] [2025-8-13 16:51:19] the idcode from the scanning is: 0x10601899
[Debug] [2025-8-13 16:51:19] the idcode from the scanning is: 0x0
[Debug] [2025-8-13 16:51:19] the idcode from the scanning is: 0x0
[Debug] [2025-8-13 16:51:19] the idcode from the scanning is: 0x0
[Debug] [2025-8-13 16:51:19] the idcode from the scanning is: 0x0
[Debug] [2025-8-13 16:51:19] the value in the status register is :180c80
[Debug] [2025-8-13 16:51:19] flash_id is 1c7118
[Debug] [2025-8-13 16:51:19] the value in the status register is :180c80
[Debug] [2025-8-13 16:51:19] progress bar is 1
[Error] [2025-8-13 16:51:19] WaitForWIPFinish timeout, wait second ms:100
[Error] [2025-8-13 16:51:19] WaitForWIPFinish timeout, wait second ms:100
[Error] [2025-8-13 16:51:20] WaitForWIPFinish timeout, wait second ms:100
[Error] [2025-8-13 16:51:20] WaitForWIPFinish timeout, wait second ms:100
[Error] [2025-8-13 16:51:20] WaitForWIPFinish timeout, wait second ms:100
[Error] [2025-8-13 16:51:20] WaitForWIPFinish timeout, wait second ms:100
[Debug] [2025-8-13 16:51:20] progress bar is 6
[Error] [2025-8-13 16:51:20] WaitForWIPFinish timeout, wait second ms:100
[Error] [2025-8-13 16:51:20] WaitForWIPFinish timeout, wait second ms:100
[Error] [2025-8-13 16:51:21] WaitForWIPFinish timeout, wait second ms:100
[Error] [2025-8-13 16:51:21] WaitForWIPFinish timeout, wait second ms:100
[Debug] [2025-8-13 16:51:21] progress bar is 12
[Error] [2025-8-13 16:51:21] WaitForWIPFinish timeout, wait second ms:100
[Error] [2025-8-13 16:51:21] WaitForWIPFinish timeout, wait second ms:100
[Debug] [2025-8-13 16:51:21] progress bar is 15
[Error] [2025-8-13 16:51:21] WaitForWIPFinish timeout, wait second ms:100
[Error] [2025-8-13 16:51:21] WaitForWIPFinish timeout, wait second ms:100
[Error] [2025-8-13 16:51:21] WaitForWIPFinish timeout, wait second ms:100
[Error] [2025-8-13 16:51:22] WaitForWIPFinish timeout, wait second ms:100
[Error] [2025-8-13 16:51:22] WaitForWIPFinish timeout, wait second ms:100
[Error] [2025-8-13 16:51:22] WaitForWIPFinish timeout, wait second ms:100
[Debug] [2025-8-13 16:51:22] progress bar is 21
[Error] [2025-8-13 16:51:22] WaitForWIPFinish timeout, wait second ms:100
[Error] [2025-8-13 16:51:22] WaitForWIPFinish timeout, wait second ms:100
[Error] [2025-8-13 16:51:22] WaitForWIPFinish timeout, wait second ms:100
[Error] [2025-8-13 16:51:22] WaitForWIPFinish timeout, wait second ms:100
[Error] [2025-8-13 16:51:23] WaitForWIPFinish timeout, wait second ms:100
[Debug] [2025-8-13 16:51:23] progress bar is 27
[Error] [2025-8-13 16:51:23] WaitForWIPFinish timeout, wait second ms:100
[Error] [2025-8-13 16:51:23] WaitForWIPFinish timeout, wait second ms:100
[Debug] [2025-8-13 16:51:23] progress bar is 30
[Error] [2025-8-13 16:51:23] WaitForWIPFinish timeout, wait second ms:100
[Error] [2025-8-13 16:51:23] WaitForWIPFinish timeout, wait second ms:100
[Error] [2025-8-13 16:51:23] WaitForWIPFinish timeout, wait second ms:100
[Error] [2025-8-13 16:51:24] WaitForWIPFinish timeout, wait second ms:100
[Debug] [2025-8-13 16:51:24] progress bar is 36
[Error] [2025-8-13 16:51:24] WaitForWIPFinish timeout, wait second ms:100
[Error] [2025-8-13 16:51:24] WaitForWIPFinish timeout, wait second ms:100
[Error] [2025-8-13 16:51:24] WaitForWIPFinish timeout, wait second ms:100
[Error] [2025-8-13 16:51:24] WaitForWIPFinish timeout, wait second ms:100
[Error] [2025-8-13 16:51:24] WaitForWIPFinish timeout, wait second ms:100
[Error] [2025-8-13 16:51:24] WaitForWIPFinish timeout, wait second ms:100
[Debug] [2025-8-13 16:51:25] progress bar is 42
[Error] [2025-8-13 16:51:25] WaitForWIPFinish timeout, wait second ms:100
[Error] [2025-8-13 16:51:25] WaitForWIPFinish timeout, wait second ms:100
[Error] [2025-8-13 16:51:25] WaitForWIPFinish timeout, wait second ms:100
[Debug] [2025-8-13 16:51:25] progress bar is 45
[Error] [2025-8-13 16:51:25] WaitForWIPFinish timeout, wait second ms:100
[Error] [2025-8-13 16:51:25] WaitForWIPFinish timeout, wait second ms:100
[Error] [2025-8-13 16:51:25] WaitForWIPFinish timeout, wait second ms:100
[Error] [2025-8-13 16:51:25] WaitForWIPFinish timeout, wait second ms:100
[Error] [2025-8-13 16:51:26] WaitForWIPFinish timeout, wait second ms:100
[Debug] [2025-8-13 16:51:26] progress bar is 51
[Error] [2025-8-13 16:51:26] WaitForWIPFinish timeout, wait second ms:100
[Error] [2025-8-13 16:51:26] WaitForWIPFinish timeout, wait second ms:100
[Error] [2025-8-13 16:51:26] WaitForWIPFinish timeout, wait second ms:100
[Error] [2025-8-13 16:51:26] WaitForWIPFinish timeout, wait second ms:100
[Debug] [2025-8-13 16:51:26] progress bar is 57
[Error] [2025-8-13 16:51:26] WaitForWIPFinish timeout, wait second ms:100
[Error] [2025-8-13 16:51:27] WaitForWIPFinish timeout, wait second ms:100
[Debug] [2025-8-13 16:51:27] progress bar is 60
[Error] [2025-8-13 16:51:27] WaitForWIPFinish timeout, wait second ms:100
[Error] [2025-8-13 16:51:27] WaitForWIPFinish timeout, wait second ms:100
[Error] [2025-8-13 16:51:27] WaitForWIPFinish timeout, wait second ms:100
[Error] [2025-8-13 16:51:27] WaitForWIPFinish timeout, wait second ms:100
[Debug] [2025-8-13 16:51:27] progress bar is 66
[Error] [2025-8-13 16:51:27] WaitForWIPFinish timeout, wait second ms:100
[Error] [2025-8-13 16:51:27] WaitForWIPFinish timeout, wait second ms:100
[Error] [2025-8-13 16:51:28] WaitForWIPFinish timeout, wait second ms:100
[Error] [2025-8-13 16:51:28] WaitForWIPFinish timeout, wait second ms:100
[Error] [2025-8-13 16:51:28] WaitForWIPFinish timeout, wait second ms:100
[Debug] [2025-8-13 16:51:28] progress bar is 72
[Error] [2025-8-13 16:51:28] WaitForWIPFinish timeout, wait second ms:100
[Error] [2025-8-13 16:51:28] WaitForWIPFinish timeout, wait second ms:100
[Debug] [2025-8-13 16:51:28] progress bar is 75
[Error] [2025-8-13 16:51:28] WaitForWIPFinish timeout, wait second ms:100
[Error] [2025-8-13 16:51:29] WaitForWIPFinish timeout, wait second ms:100
[Error] [2025-8-13 16:51:29] WaitForWIPFinish timeout, wait second ms:100
[Error] [2025-8-13 16:51:29] WaitForWIPFinish timeout, wait second ms:100
[Error] [2025-8-13 16:51:29] WaitForWIPFinish timeout, wait second ms:100
[Error] [2025-8-13 16:51:29] WaitForWIPFinish timeout, wait second ms:100
[Debug] [2025-8-13 16:51:29] progress bar is 81
[Error] [2025-8-13 16:51:29] WaitForWIPFinish timeout, wait second ms:100
[Error] [2025-8-13 16:51:29] WaitForWIPFinish timeout, wait second ms:100
[Error] [2025-8-13 16:51:30] WaitForWIPFinish timeout, wait second ms:100
[Error] [2025-8-13 16:51:30] WaitForWIPFinish timeout, wait second ms:100
[Error] [2025-8-13 16:51:30] WaitForWIPFinish timeout, wait second ms:100
[Error] [2025-8-13 16:51:30] WaitForWIPFinish timeout, wait second ms:100
[Debug] [2025-8-13 16:51:30] progress bar is 87
[Error] [2025-8-13 16:51:30] WaitForWIPFinish timeout, wait second ms:100
[Error] [2025-8-13 16:51:30] WaitForWIPFinish timeout, wait second ms:100
[Debug] [2025-8-13 16:51:30] progress bar is 90
[Error] [2025-8-13 16:51:30] WaitForWIPFinish timeout, wait second ms:100
[Error] [2025-8-13 16:51:31] WaitForWIPFinish timeout, wait second ms:100
[Error] [2025-8-13 16:51:31] WaitForWIPFinish timeout, wait second ms:100
[Error] [2025-8-13 16:51:31] WaitForWIPFinish timeout, wait second ms:100
[Error] [2025-8-13 16:51:31] WaitForWIPFinish timeout, wait second ms:100
[Debug] [2025-8-13 16:51:31] progress bar is 96
[Debug] [2025-8-13 16:51:31] progress bar is 100
[Debug] [2025-8-13 16:51:31] end to operate flash: cmd id = 20302
[Debug] [2025-8-13 16:51:31] cmd operation Erase Outer Flash releases locker
[Debug] [2025-8-13 16:51:31] Remove the header data from the client, index : 0
[Debug] [2025-8-13 16:51:31] _total_bytes_size : 1477
[Debug] [2025-8-13 16:51:31] cmd id :20301cmd name : Program Outer Flash
[Debug] [2025-8-13 16:51:31] begin to operate flash: cmd id = 20301
[Debug] [2025-8-13 16:51:31] the idcode from the scanning is: 0x10601899
[Debug] [2025-8-13 16:51:31] the idcode from the scanning is: 0x0
[Debug] [2025-8-13 16:51:31] the idcode from the scanning is: 0x0
[Debug] [2025-8-13 16:51:31] the idcode from the scanning is: 0x0
[Debug] [2025-8-13 16:51:31] the idcode from the scanning is: 0x0
[Debug] [2025-8-13 16:51:31] the value in the status register is :180c80
[Debug] [2025-8-13 16:51:31] flash_id is 1c7118
[Debug] [2025-8-13 16:51:31] The value of GigaDevice status register 1 is 0x
[Debug] [2025-8-13 16:51:31] progress bar is 1
[Debug] [2025-8-13 16:51:33] progress bar is 6
[Debug] [2025-8-13 16:51:35] progress bar is 10
[Debug] [2025-8-13 16:51:36] progress bar is 15
[Debug] [2025-8-13 16:51:38] progress bar is 20
[Debug] [2025-8-13 16:51:40] progress bar is 25
[Debug] [2025-8-13 16:51:41] progress bar is 30
[Debug] [2025-8-13 16:51:43] progress bar is 35
[Debug] [2025-8-13 16:51:45] progress bar is 40
[Debug] [2025-8-13 16:51:46] progress bar is 45
[Debug] [2025-8-13 16:51:48] progress bar is 50
[Debug] [2025-8-13 16:51:50] progress bar is 55
[Debug] [2025-8-13 16:51:51] progress bar is 60
[Debug] [2025-8-13 16:51:53] progress bar is 65
[Debug] [2025-8-13 16:51:55] progress bar is 70
[Debug] [2025-8-13 16:51:56] progress bar is 75
[Debug] [2025-8-13 16:51:58] progress bar is 80
[Debug] [2025-8-13 16:52:00] progress bar is 85
[Debug] [2025-8-13 16:52:01] progress bar is 90
[Debug] [2025-8-13 16:52:03] progress bar is 95
[Debug] [2025-8-13 16:52:05] progress bar is 100
[Debug] [2025-8-13 16:52:05] end to operate flash: cmd id = 20301
[Debug] [2025-8-13 16:52:05] cmd operation Program Outer Flash releases locker
[Debug] [2025-8-13 16:52:05] Remove the header data from the client, index : 0
[Debug] [2025-8-13 16:52:05] _total_bytes_size : 1475
[Debug] [2025-8-13 16:52:05] cmd id :20303cmd name : Verify Outer Flash
[Debug] [2025-8-13 16:52:05] begin to operate flash: cmd id = 20303
[Debug] [2025-8-13 16:52:05] the idcode from the scanning is: 0x10601899
[Debug] [2025-8-13 16:52:05] the idcode from the scanning is: 0x0
[Debug] [2025-8-13 16:52:05] the idcode from the scanning is: 0x0
[Debug] [2025-8-13 16:52:05] the idcode from the scanning is: 0x0
[Debug] [2025-8-13 16:52:05] the idcode from the scanning is: 0x0
[Debug] [2025-8-13 16:52:05] the value in the status register is :180c80
[Debug] [2025-8-13 16:52:05] flash_id is 1c7118
[Debug] [2025-8-13 16:52:05] the value in the status register is :180c80
[Debug] [2025-8-13 16:52:05] progress bar is 1
[Debug] [2025-8-13 16:52:05] progress bar is 6
[Debug] [2025-8-13 16:52:05] progress bar is 10
[Debug] [2025-8-13 16:52:05] progress bar is 15
[Debug] [2025-8-13 16:52:06] progress bar is 20
[Debug] [2025-8-13 16:52:06] progress bar is 25
[Debug] [2025-8-13 16:52:06] progress bar is 30
[Debug] [2025-8-13 16:52:06] progress bar is 35
[Debug] [2025-8-13 16:52:06] progress bar is 40
[Debug] [2025-8-13 16:52:06] progress bar is 45
[Debug] [2025-8-13 16:52:06] progress bar is 50
[Debug] [2025-8-13 16:52:06] progress bar is 55
[Debug] [2025-8-13 16:52:06] progress bar is 60
[Debug] [2025-8-13 16:52:07] progress bar is 65
[Debug] [2025-8-13 16:52:07] progress bar is 70
[Debug] [2025-8-13 16:52:07] progress bar is 75
[Debug] [2025-8-13 16:52:07] progress bar is 80
[Debug] [2025-8-13 16:52:07] progress bar is 85
[Debug] [2025-8-13 16:52:07] progress bar is 90
[Debug] [2025-8-13 16:52:07] progress bar is 95
[Debug] [2025-8-13 16:52:07] progress bar is 100
[Debug] [2025-8-13 16:52:07] end to operate flash: cmd id = 20303
[Debug] [2025-8-13 16:52:07] cmd operation Verify Outer Flash releases locker
[Debug] [2025-8-13 16:52:47] Remove the header data from the client, index : 0
[Debug] [2025-8-13 16:52:47] _total_bytes_size : 1480
[Debug] [2025-8-13 16:52:47] cmd id :20302cmd name : Erase Outer Flash
[Debug] [2025-8-13 16:52:47] begin to operate flash: cmd id = 20302
[Debug] [2025-8-13 16:52:47] the idcode from the scanning is: 0x10601899
[Debug] [2025-8-13 16:52:47] the idcode from the scanning is: 0x0
[Debug] [2025-8-13 16:52:47] the idcode from the scanning is: 0x0
[Debug] [2025-8-13 16:52:47] the idcode from the scanning is: 0x0
[Debug] [2025-8-13 16:52:47] the idcode from the scanning is: 0x0
[Debug] [2025-8-13 16:52:47] the value in the status register is :180c80
[Debug] [2025-8-13 16:52:47] flash_id is 1c7118
[Debug] [2025-8-13 16:52:47] the value in the status register is :180c80
[Debug] [2025-8-13 16:52:47] progress bar is 1
[Error] [2025-8-13 16:52:48] WaitForWIPFinish timeout, wait second ms:100
[Error] [2025-8-13 16:52:48] WaitForWIPFinish timeout, wait second ms:100
[Error] [2025-8-13 16:52:48] WaitForWIPFinish timeout, wait second ms:100
[Error] [2025-8-13 16:52:48] WaitForWIPFinish timeout, wait second ms:100
[Error] [2025-8-13 16:52:48] WaitForWIPFinish timeout, wait second ms:100
[Error] [2025-8-13 16:52:48] WaitForWIPFinish timeout, wait second ms:100
[Debug] [2025-8-13 16:52:48] progress bar is 6
[Error] [2025-8-13 16:52:49] WaitForWIPFinish timeout, wait second ms:100
[Error] [2025-8-13 16:52:49] WaitForWIPFinish timeout, wait second ms:100
[Error] [2025-8-13 16:52:49] WaitForWIPFinish timeout, wait second ms:100
[Error] [2025-8-13 16:52:49] WaitForWIPFinish timeout, wait second ms:100
[Error] [2025-8-13 16:52:49] WaitForWIPFinish timeout, wait second ms:100
[Debug] [2025-8-13 16:52:49] progress bar is 12
[Error] [2025-8-13 16:52:49] WaitForWIPFinish timeout, wait second ms:100
[Error] [2025-8-13 16:52:49] WaitForWIPFinish timeout, wait second ms:100
[Debug] [2025-8-13 16:52:49] progress bar is 15
[Error] [2025-8-13 16:52:50] WaitForWIPFinish timeout, wait second ms:100
[Error] [2025-8-13 16:52:50] WaitForWIPFinish timeout, wait second ms:100
[Error] [2025-8-13 16:52:50] WaitForWIPFinish timeout, wait second ms:100
[Error] [2025-8-13 16:52:50] WaitForWIPFinish timeout, wait second ms:100
[Error] [2025-8-13 16:52:50] WaitForWIPFinish timeout, wait second ms:100
[Error] [2025-8-13 16:52:50] WaitForWIPFinish timeout, wait second ms:100
[Debug] [2025-8-13 16:52:50] progress bar is 21
[Error] [2025-8-13 16:52:50] WaitForWIPFinish timeout, wait second ms:100
[Error] [2025-8-13 16:52:51] WaitForWIPFinish timeout, wait second ms:100
[Error] [2025-8-13 16:52:51] WaitForWIPFinish timeout, wait second ms:100
[Error] [2025-8-13 16:52:51] WaitForWIPFinish timeout, wait second ms:100
[Error] [2025-8-13 16:52:51] WaitForWIPFinish timeout, wait second ms:100
[Debug] [2025-8-13 16:52:51] progress bar is 27
[Error] [2025-8-13 16:52:51] WaitForWIPFinish timeout, wait second ms:100
[Error] [2025-8-13 16:52:51] WaitForWIPFinish timeout, wait second ms:100
[Debug] [2025-8-13 16:52:51] progress bar is 30
[Error] [2025-8-13 16:52:51] WaitForWIPFinish timeout, wait second ms:100
[Error] [2025-8-13 16:52:52] WaitForWIPFinish timeout, wait second ms:100
[Error] [2025-8-13 16:52:52] WaitForWIPFinish timeout, wait second ms:100
[Error] [2025-8-13 16:52:52] WaitForWIPFinish timeout, wait second ms:100
[Debug] [2025-8-13 16:52:52] progress bar is 36
[Error] [2025-8-13 16:52:52] WaitForWIPFinish timeout, wait second ms:100
[Error] [2025-8-13 16:52:52] WaitForWIPFinish timeout, wait second ms:100
[Error] [2025-8-13 16:52:52] WaitForWIPFinish timeout, wait second ms:100
[Error] [2025-8-13 16:52:53] WaitForWIPFinish timeout, wait second ms:100
[Error] [2025-8-13 16:52:53] WaitForWIPFinish timeout, wait second ms:100
[Debug] [2025-8-13 16:52:53] progress bar is 42
[Error] [2025-8-13 16:52:53] WaitForWIPFinish timeout, wait second ms:100
[Error] [2025-8-13 16:52:53] WaitForWIPFinish timeout, wait second ms:100
[Error] [2025-8-13 16:52:53] WaitForWIPFinish timeout, wait second ms:100
[Debug] [2025-8-13 16:52:53] progress bar is 45
[Error] [2025-8-13 16:52:53] WaitForWIPFinish timeout, wait second ms:100
[Error] [2025-8-13 16:52:53] WaitForWIPFinish timeout, wait second ms:100
[Error] [2025-8-13 16:52:54] WaitForWIPFinish timeout, wait second ms:100
[Error] [2025-8-13 16:52:54] WaitForWIPFinish timeout, wait second ms:100
[Debug] [2025-8-13 16:52:54] progress bar is 51
[Error] [2025-8-13 16:52:54] WaitForWIPFinish timeout, wait second ms:100
[Error] [2025-8-13 16:52:54] WaitForWIPFinish timeout, wait second ms:100
[Error] [2025-8-13 16:52:54] WaitForWIPFinish timeout, wait second ms:100
[Error] [2025-8-13 16:52:54] WaitForWIPFinish timeout, wait second ms:100
[Debug] [2025-8-13 16:52:54] progress bar is 57
[Error] [2025-8-13 16:52:55] WaitForWIPFinish timeout, wait second ms:100
[Error] [2025-8-13 16:52:55] WaitForWIPFinish timeout, wait second ms:100
[Debug] [2025-8-13 16:52:55] progress bar is 60
[Error] [2025-8-13 16:52:55] WaitForWIPFinish timeout, wait second ms:100
[Error] [2025-8-13 16:52:55] WaitForWIPFinish timeout, wait second ms:100
[Error] [2025-8-13 16:52:55] WaitForWIPFinish timeout, wait second ms:100
[Error] [2025-8-13 16:52:55] WaitForWIPFinish timeout, wait second ms:100
[Debug] [2025-8-13 16:52:55] progress bar is 66
[Error] [2025-8-13 16:52:56] WaitForWIPFinish timeout, wait second ms:100
[Error] [2025-8-13 16:52:56] WaitForWIPFinish timeout, wait second ms:100
[Error] [2025-8-13 16:52:56] WaitForWIPFinish timeout, wait second ms:100
[Error] [2025-8-13 16:52:56] WaitForWIPFinish timeout, wait second ms:100
[Error] [2025-8-13 16:52:56] WaitForWIPFinish timeout, wait second ms:100
[Debug] [2025-8-13 16:52:56] progress bar is 72
[Error] [2025-8-13 16:52:56] WaitForWIPFinish timeout, wait second ms:100
[Error] [2025-8-13 16:52:56] WaitForWIPFinish timeout, wait second ms:100
[Debug] [2025-8-13 16:52:56] progress bar is 75
[Error] [2025-8-13 16:52:57] WaitForWIPFinish timeout, wait second ms:100
[Error] [2025-8-13 16:52:57] WaitForWIPFinish timeout, wait second ms:100
[Error] [2025-8-13 16:52:57] WaitForWIPFinish timeout, wait second ms:100
[Error] [2025-8-13 16:52:57] WaitForWIPFinish timeout, wait second ms:100
[Error] [2025-8-13 16:52:57] WaitForWIPFinish timeout, wait second ms:100
[Debug] [2025-8-13 16:52:57] progress bar is 81
[Error] [2025-8-13 16:52:57] WaitForWIPFinish timeout, wait second ms:100
[Error] [2025-8-13 16:52:57] WaitForWIPFinish timeout, wait second ms:100
[Error] [2025-8-13 16:52:58] WaitForWIPFinish timeout, wait second ms:100
[Error] [2025-8-13 16:52:58] WaitForWIPFinish timeout, wait second ms:100
[Debug] [2025-8-13 16:52:58] progress bar is 87
[Error] [2025-8-13 16:52:58] WaitForWIPFinish timeout, wait second ms:100
[Error] [2025-8-13 16:52:58] WaitForWIPFinish timeout, wait second ms:100
[Debug] [2025-8-13 16:52:58] progress bar is 90
[Error] [2025-8-13 16:52:58] WaitForWIPFinish timeout, wait second ms:100
[Error] [2025-8-13 16:52:58] WaitForWIPFinish timeout, wait second ms:100
[Error] [2025-8-13 16:52:59] WaitForWIPFinish timeout, wait second ms:100
[Error] [2025-8-13 16:52:59] WaitForWIPFinish timeout, wait second ms:100
[Error] [2025-8-13 16:52:59] WaitForWIPFinish timeout, wait second ms:100
[Debug] [2025-8-13 16:52:59] progress bar is 96
[Debug] [2025-8-13 16:52:59] progress bar is 100
[Debug] [2025-8-13 16:52:59] end to operate flash: cmd id = 20302
[Debug] [2025-8-13 16:52:59] cmd operation Erase Outer Flash releases locker
[Debug] [2025-8-13 16:52:59] Remove the header data from the client, index : 0
[Debug] [2025-8-13 16:52:59] _total_bytes_size : 1477
[Debug] [2025-8-13 16:52:59] cmd id :20301cmd name : Program Outer Flash
[Debug] [2025-8-13 16:52:59] begin to operate flash: cmd id = 20301
[Debug] [2025-8-13 16:52:59] the idcode from the scanning is: 0x10601899
[Debug] [2025-8-13 16:52:59] the idcode from the scanning is: 0x0
[Debug] [2025-8-13 16:52:59] the idcode from the scanning is: 0x0
[Debug] [2025-8-13 16:52:59] the idcode from the scanning is: 0x0
[Debug] [2025-8-13 16:52:59] the idcode from the scanning is: 0x0
[Debug] [2025-8-13 16:52:59] the value in the status register is :180c80
[Debug] [2025-8-13 16:52:59] flash_id is 1c7118
[Debug] [2025-8-13 16:52:59] The value of GigaDevice status register 1 is 0x
[Debug] [2025-8-13 16:52:59] progress bar is 1
[Debug] [2025-8-13 16:53:01] progress bar is 6
[Debug] [2025-8-13 16:53:03] progress bar is 10
[Debug] [2025-8-13 16:53:04] progress bar is 15
[Debug] [2025-8-13 16:53:06] progress bar is 20
[Debug] [2025-8-13 16:53:07] progress bar is 25
[Debug] [2025-8-13 16:53:09] progress bar is 30
[Debug] [2025-8-13 16:53:11] progress bar is 35
[Debug] [2025-8-13 16:53:12] progress bar is 40
[Debug] [2025-8-13 16:53:14] progress bar is 45
[Debug] [2025-8-13 16:53:16] progress bar is 50
[Debug] [2025-8-13 16:53:17] progress bar is 55
[Debug] [2025-8-13 16:53:19] progress bar is 60
[Debug] [2025-8-13 16:53:21] progress bar is 65
[Debug] [2025-8-13 16:53:22] progress bar is 70
[Debug] [2025-8-13 16:53:24] progress bar is 75
[Debug] [2025-8-13 16:53:26] progress bar is 80
[Debug] [2025-8-13 16:53:27] progress bar is 85
[Debug] [2025-8-13 16:53:29] progress bar is 90
[Debug] [2025-8-13 16:53:31] progress bar is 95
[Debug] [2025-8-13 16:53:32] progress bar is 100
[Debug] [2025-8-13 16:53:32] end to operate flash: cmd id = 20301
[Debug] [2025-8-13 16:53:32] cmd operation Program Outer Flash releases locker
[Debug] [2025-8-13 16:53:32] Remove the header data from the client, index : 0
[Debug] [2025-8-13 16:53:32] _total_bytes_size : 1475
[Debug] [2025-8-13 16:53:32] cmd id :20303cmd name : Verify Outer Flash
[Debug] [2025-8-13 16:53:32] begin to operate flash: cmd id = 20303
[Debug] [2025-8-13 16:53:33] the idcode from the scanning is: 0x10601899
[Debug] [2025-8-13 16:53:33] the idcode from the scanning is: 0x0
[Debug] [2025-8-13 16:53:33] the idcode from the scanning is: 0x0
[Debug] [2025-8-13 16:53:33] the idcode from the scanning is: 0x0
[Debug] [2025-8-13 16:53:33] the idcode from the scanning is: 0x0
[Debug] [2025-8-13 16:53:33] the value in the status register is :180c80
[Debug] [2025-8-13 16:53:33] flash_id is 1c7118
[Debug] [2025-8-13 16:53:33] the value in the status register is :180c80
[Debug] [2025-8-13 16:53:33] progress bar is 1
[Debug] [2025-8-13 16:53:33] progress bar is 6
[Debug] [2025-8-13 16:53:33] progress bar is 10
[Debug] [2025-8-13 16:53:33] progress bar is 15
[Debug] [2025-8-13 16:53:33] progress bar is 20
[Debug] [2025-8-13 16:53:33] progress bar is 25
[Debug] [2025-8-13 16:53:33] progress bar is 30
[Debug] [2025-8-13 16:53:33] progress bar is 35
[Debug] [2025-8-13 16:53:33] progress bar is 40
[Debug] [2025-8-13 16:53:34] progress bar is 45
[Debug] [2025-8-13 16:53:34] progress bar is 50
[Debug] [2025-8-13 16:53:34] progress bar is 55
[Debug] [2025-8-13 16:53:34] progress bar is 60
[Debug] [2025-8-13 16:53:34] progress bar is 65
[Debug] [2025-8-13 16:53:34] progress bar is 70
[Debug] [2025-8-13 16:53:34] progress bar is 75
[Debug] [2025-8-13 16:53:34] progress bar is 80
[Debug] [2025-8-13 16:53:34] progress bar is 85
[Debug] [2025-8-13 16:53:35] progress bar is 90
[Debug] [2025-8-13 16:53:35] progress bar is 95
[Debug] [2025-8-13 16:53:35] progress bar is 100
[Debug] [2025-8-13 16:53:35] end to operate flash: cmd id = 20303
[Debug] [2025-8-13 16:53:35] cmd operation Verify Outer Flash releases locker
[Debug] [2025-8-13 17:08:03] connection error happens : 1
[Debug] [2025-8-13 17:08:03] connection state changes : 6 , socket description 1136
[Warn] [2025-8-13 17:08:03] socket state is ListeningState
[Debug] [2025-8-13 17:08:03] connection state changes : 0 , socket description 1136
[Warn] [2025-8-13 17:08:03] socket state is UnconnectedState
[Debug] [2025-8-13 17:08:03] connection error happens : 1
[Debug] [2025-8-13 17:08:03] connection state changes : 6 , socket description 1204
[Warn] [2025-8-13 17:08:03] socket state is ListeningState
[Debug] [2025-8-13 17:08:03] connection state changes : 0 , socket description 1204
[Warn] [2025-8-13 17:08:03] socket state is UnconnectedState
[Debug] [2025-8-13 17:08:03] socket descriptor 1136is about to delete
[Debug] [2025-8-13 17:08:04] socket descriptor 1204is about to delete
[Debug] [2025-8-13 17:08:07] Add a new user_thread, socket descriptor is 1700 user_thread id is 00000000000082D0
[Debug] [2025-8-13 17:08:07] After adding, map size is : 3
[Debug] [2025-8-13 17:08:07] Add a new user_thread, socket descriptor is 1104 user_thread id is 00000000000082D0
[Debug] [2025-8-13 17:08:07] After adding, map size is : 4
[Debug] [2025-8-13 17:08:07] IP address of connecting client is : ::ffff:127.0.0.1
[Debug] [2025-8-13 17:08:07] IP address of connecting client is : ::ffff:127.0.0.1
[Debug] [2025-8-13 17:08:07] Remove the header data from the client, index : 0
[Debug] [2025-8-13 17:08:07] _total_bytes_size : 160
[Debug] [2025-8-13 17:08:07] Remove the header data from the client, index : 0
[Debug] [2025-8-13 17:08:07] _total_bytes_size : 96
[Debug] [2025-8-13 17:08:07] cmd id :40010cmd name : get_cable_paras
[Debug] [2025-8-13 17:08:08] cmd operation get_cable_paras releases locker
[Debug] [2025-8-13 17:08:08] Remove the header data from the client, index : 0
[Debug] [2025-8-13 17:08:08] _total_bytes_size : 101
[Debug] [2025-8-13 17:08:08] cmd id :20001cmd name : Open config cable
[Debug] [2025-8-13 17:08:08] the idcode from the scanning is: 0x10601899
[Debug] [2025-8-13 17:08:08] the idcode from the scanning is: 0x0
[Debug] [2025-8-13 17:08:08] the idcode from the scanning is: 0x0
[Debug] [2025-8-13 17:08:08] the idcode from the scanning is: 0x0
[Debug] [2025-8-13 17:08:08] the idcode from the scanning is: 0x0
[Debug] [2025-8-13 17:08:08] cmd operation Open config cable releases locker
[Debug] [2025-8-13 17:08:11] Remove the header data from the client, index : 0
[Debug] [2025-8-13 17:08:11] _total_bytes_size : 3d1
[Debug] [2025-8-13 17:08:11] cmd id :4f4ccmd name : Scan Outer SPI Flash
[Debug] [2025-8-13 17:08:11] the idcode from the scanning is: 0x10601899
[Debug] [2025-8-13 17:08:11] the idcode from the scanning is: 0x0
[Debug] [2025-8-13 17:08:11] the idcode from the scanning is: 0x0
[Debug] [2025-8-13 17:08:11] the idcode from the scanning is: 0x0
[Debug] [2025-8-13 17:08:11] the idcode from the scanning is: 0x0
[Debug] [2025-8-13 17:08:11] the value in the status register is :81ffca0
[Debug] [2025-8-13 17:08:11] flash_id is 1c7118
[Debug] [2025-8-13 17:08:12] cmd operation Scan Outer SPI Flash releases locker
[Debug] [2025-8-13 17:08:14] Remove the header data from the client, index : 0
[Debug] [2025-8-13 17:08:14] _total_bytes_size : 5c8
[Debug] [2025-8-13 17:08:14] cmd id :4f4ecmd name : Erase Outer Flash
[Debug] [2025-8-13 17:08:14] begin to operate flash: cmd id = 4f4e
[Debug] [2025-8-13 17:08:14] the idcode from the scanning is: 0x10601899
[Debug] [2025-8-13 17:08:14] the idcode from the scanning is: 0x0
[Debug] [2025-8-13 17:08:14] the idcode from the scanning is: 0x0
[Debug] [2025-8-13 17:08:14] the idcode from the scanning is: 0x0
[Debug] [2025-8-13 17:08:14] the idcode from the scanning is: 0x0
[Debug] [2025-8-13 17:08:14] the value in the status register is :81ffca0
[Debug] [2025-8-13 17:08:14] flash_id is 1c7118
[Debug] [2025-8-13 17:08:14] the value in the status register is :81ffca0
[Debug] [2025-8-13 17:08:14] progress bar is 1
[Error] [2025-8-13 17:08:14] WaitForWIPFinish timeout, wait second ms:100
[Error] [2025-8-13 17:08:14] WaitForWIPFinish timeout, wait second ms:100
[Error] [2025-8-13 17:08:14] WaitForWIPFinish timeout, wait second ms:100
[Error] [2025-8-13 17:08:14] WaitForWIPFinish timeout, wait second ms:100
[Error] [2025-8-13 17:08:14] WaitForWIPFinish timeout, wait second ms:100
[Error] [2025-8-13 17:08:15] WaitForWIPFinish timeout, wait second ms:100
[Debug] [2025-8-13 17:08:15] progress bar is 6
[Error] [2025-8-13 17:08:15] WaitForWIPFinish timeout, wait second ms:100
[Error] [2025-8-13 17:08:15] WaitForWIPFinish timeout, wait second ms:100
[Error] [2025-8-13 17:08:15] WaitForWIPFinish timeout, wait second ms:100
[Error] [2025-8-13 17:08:15] WaitForWIPFinish timeout, wait second ms:100
[Debug] [2025-8-13 17:08:15] progress bar is 12
[Error] [2025-8-13 17:08:15] WaitForWIPFinish timeout, wait second ms:100
[Error] [2025-8-13 17:08:16] WaitForWIPFinish timeout, wait second ms:100
[Debug] [2025-8-13 17:08:16] progress bar is 15
[Error] [2025-8-13 17:08:16] WaitForWIPFinish timeout, wait second ms:100
[Error] [2025-8-13 17:08:16] WaitForWIPFinish timeout, wait second ms:100
[Error] [2025-8-13 17:08:16] WaitForWIPFinish timeout, wait second ms:100
[Error] [2025-8-13 17:08:16] WaitForWIPFinish timeout, wait second ms:100
[Error] [2025-8-13 17:08:16] WaitForWIPFinish timeout, wait second ms:100
[Error] [2025-8-13 17:08:16] WaitForWIPFinish timeout, wait second ms:100
[Debug] [2025-8-13 17:08:17] progress bar is 21
[Error] [2025-8-13 17:08:17] WaitForWIPFinish timeout, wait second ms:100
[Error] [2025-8-13 17:08:17] WaitForWIPFinish timeout, wait second ms:100
[Error] [2025-8-13 17:08:17] WaitForWIPFinish timeout, wait second ms:100
[Error] [2025-8-13 17:08:17] WaitForWIPFinish timeout, wait second ms:100
[Debug] [2025-8-13 17:08:17] progress bar is 27
[Error] [2025-8-13 17:08:17] WaitForWIPFinish timeout, wait second ms:100
[Error] [2025-8-13 17:08:17] WaitForWIPFinish timeout, wait second ms:100
[Debug] [2025-8-13 17:08:17] progress bar is 30
[Error] [2025-8-13 17:08:18] WaitForWIPFinish timeout, wait second ms:100
[Error] [2025-8-13 17:08:18] WaitForWIPFinish timeout, wait second ms:100
[Error] [2025-8-13 17:08:18] WaitForWIPFinish timeout, wait second ms:100
[Error] [2025-8-13 17:08:18] WaitForWIPFinish timeout, wait second ms:100
[Debug] [2025-8-13 17:08:18] progress bar is 36
[Debug] [2025-8-13 17:08:18] Remove the header data from the client, index : 0
[Debug] [2025-8-13 17:08:18] _total_bytes_size : 92
[Debug] [2025-8-13 17:08:18] cmd id :40005cmd name : Abort Process
[Error] [2025-8-13 17:08:18] WaitForWIPFinish timeout, wait second ms:100
[Error] [2025-8-13 17:08:18] WaitForWIPFinish timeout, wait second ms:100
[Debug] [2025-8-13 17:08:18] progress bar is 100
[Debug] [2025-8-13 17:08:19] end to operate flash: cmd id = 20302
[Debug] [2025-8-13 17:08:19] cmd operation Erase Outer Flash releases locker
[Debug] [2025-8-13 17:08:34] Remove the header data from the client, index : 0
[Debug] [2025-8-13 17:08:34] _total_bytes_size : 1480
[Debug] [2025-8-13 17:08:34] cmd id :20302cmd name : Erase Outer Flash
[Debug] [2025-8-13 17:08:34] begin to operate flash: cmd id = 20302
[Debug] [2025-8-13 17:08:34] the idcode from the scanning is: 0x10601899
[Debug] [2025-8-13 17:08:34] the idcode from the scanning is: 0x0
[Debug] [2025-8-13 17:08:34] the idcode from the scanning is: 0x0
[Debug] [2025-8-13 17:08:34] the idcode from the scanning is: 0x0
[Debug] [2025-8-13 17:08:34] the idcode from the scanning is: 0x0
[Debug] [2025-8-13 17:08:34] the value in the status register is :81ffca0
[Debug] [2025-8-13 17:08:34] flash_id is 1c7118
[Debug] [2025-8-13 17:08:34] the value in the status register is :81ffca0
[Debug] [2025-8-13 17:08:34] progress bar is 1
[Error] [2025-8-13 17:08:34] WaitForWIPFinish timeout, wait second ms:100
[Error] [2025-8-13 17:08:34] WaitForWIPFinish timeout, wait second ms:100
[Error] [2025-8-13 17:08:35] WaitForWIPFinish timeout, wait second ms:100
[Error] [2025-8-13 17:08:35] WaitForWIPFinish timeout, wait second ms:100
[Error] [2025-8-13 17:08:35] WaitForWIPFinish timeout, wait second ms:100
[Error] [2025-8-13 17:08:35] WaitForWIPFinish timeout, wait second ms:100
[Error] [2025-8-13 17:08:35] WaitForWIPFinish timeout, wait second ms:100
[Error] [2025-8-13 17:08:35] WaitForWIPFinish timeout, wait second ms:100
[Debug] [2025-8-13 17:08:35] progress bar is 6
[Error] [2025-8-13 17:08:35] WaitForWIPFinish timeout, wait second ms:100
[Error] [2025-8-13 17:08:36] WaitForWIPFinish timeout, wait second ms:100
[Error] [2025-8-13 17:08:36] WaitForWIPFinish timeout, wait second ms:100
[Error] [2025-8-13 17:08:36] WaitForWIPFinish timeout, wait second ms:100
[Error] [2025-8-13 17:08:36] WaitForWIPFinish timeout, wait second ms:100
[Error] [2025-8-13 17:08:36] WaitForWIPFinish timeout, wait second ms:100
[Debug] [2025-8-13 17:08:36] progress bar is 12
[Error] [2025-8-13 17:08:36] WaitForWIPFinish timeout, wait second ms:100
[Error] [2025-8-13 17:08:36] WaitForWIPFinish timeout, wait second ms:100
[Error] [2025-8-13 17:08:36] WaitForWIPFinish timeout, wait second ms:100
[Debug] [2025-8-13 17:08:37] progress bar is 15
[Error] [2025-8-13 17:08:37] WaitForWIPFinish timeout, wait second ms:100
[Error] [2025-8-13 17:08:37] WaitForWIPFinish timeout, wait second ms:100
[Error] [2025-8-13 17:08:37] WaitForWIPFinish timeout, wait second ms:100
[Error] [2025-8-13 17:08:37] WaitForWIPFinish timeout, wait second ms:100
[Error] [2025-8-13 17:08:37] WaitForWIPFinish timeout, wait second ms:100
[Error] [2025-8-13 17:08:37] WaitForWIPFinish timeout, wait second ms:100
[Debug] [2025-8-13 17:08:37] progress bar is 21
[Error] [2025-8-13 17:08:38] WaitForWIPFinish timeout, wait second ms:100
[Error] [2025-8-13 17:08:38] WaitForWIPFinish timeout, wait second ms:100
[Error] [2025-8-13 17:08:38] WaitForWIPFinish timeout, wait second ms:100
[Error] [2025-8-13 17:08:38] WaitForWIPFinish timeout, wait second ms:100
[Error] [2025-8-13 17:08:38] WaitForWIPFinish timeout, wait second ms:100
[Error] [2025-8-13 17:08:38] WaitForWIPFinish timeout, wait second ms:100
[Debug] [2025-8-13 17:08:38] progress bar is 27
[Error] [2025-8-13 17:08:38] WaitForWIPFinish timeout, wait second ms:100
[Error] [2025-8-13 17:08:39] WaitForWIPFinish timeout, wait second ms:100
[Debug] [2025-8-13 17:08:39] progress bar is 30
[Error] [2025-8-13 17:08:39] WaitForWIPFinish timeout, wait second ms:100
[Error] [2025-8-13 17:08:39] WaitForWIPFinish timeout, wait second ms:100
[Error] [2025-8-13 17:08:39] WaitForWIPFinish timeout, wait second ms:100
[Error] [2025-8-13 17:08:39] WaitForWIPFinish timeout, wait second ms:100
[Error] [2025-8-13 17:08:39] WaitForWIPFinish timeout, wait second ms:100
[Debug] [2025-8-13 17:08:39] progress bar is 36
[Error] [2025-8-13 17:08:39] WaitForWIPFinish timeout, wait second ms:100
[Error] [2025-8-13 17:08:40] WaitForWIPFinish timeout, wait second ms:100
[Error] [2025-8-13 17:08:40] WaitForWIPFinish timeout, wait second ms:100
[Error] [2025-8-13 17:08:40] WaitForWIPFinish timeout, wait second ms:100
[Error] [2025-8-13 17:08:40] WaitForWIPFinish timeout, wait second ms:100
[Error] [2025-8-13 17:08:40] WaitForWIPFinish timeout, wait second ms:100
[Debug] [2025-8-13 17:08:40] progress bar is 42
[Error] [2025-8-13 17:08:40] WaitForWIPFinish timeout, wait second ms:100
[Error] [2025-8-13 17:08:40] WaitForWIPFinish timeout, wait second ms:100
[Error] [2025-8-13 17:08:41] WaitForWIPFinish timeout, wait second ms:100
[Debug] [2025-8-13 17:08:41] progress bar is 45
[Error] [2025-8-13 17:08:41] WaitForWIPFinish timeout, wait second ms:100
[Error] [2025-8-13 17:08:41] WaitForWIPFinish timeout, wait second ms:100
[Error] [2025-8-13 17:08:41] WaitForWIPFinish timeout, wait second ms:100
[Error] [2025-8-13 17:08:41] WaitForWIPFinish timeout, wait second ms:100
[Error] [2025-8-13 17:08:41] WaitForWIPFinish timeout, wait second ms:100
[Error] [2025-8-13 17:08:41] WaitForWIPFinish timeout, wait second ms:100
[Debug] [2025-8-13 17:08:42] progress bar is 51
[Error] [2025-8-13 17:08:42] WaitForWIPFinish timeout, wait second ms:100
[Error] [2025-8-13 17:08:42] WaitForWIPFinish timeout, wait second ms:100
[Error] [2025-8-13 17:08:42] WaitForWIPFinish timeout, wait second ms:100
[Error] [2025-8-13 17:08:42] WaitForWIPFinish timeout, wait second ms:100
[Debug] [2025-8-13 17:08:42] progress bar is 57
[Error] [2025-8-13 17:08:42] WaitForWIPFinish timeout, wait second ms:100
[Error] [2025-8-13 17:08:42] WaitForWIPFinish timeout, wait second ms:100
[Debug] [2025-8-13 17:08:42] progress bar is 60
[Error] [2025-8-13 17:08:43] WaitForWIPFinish timeout, wait second ms:100
[Error] [2025-8-13 17:08:43] WaitForWIPFinish timeout, wait second ms:100
[Error] [2025-8-13 17:08:43] WaitForWIPFinish timeout, wait second ms:100
[Error] [2025-8-13 17:08:43] WaitForWIPFinish timeout, wait second ms:100
[Debug] [2025-8-13 17:08:43] progress bar is 66
[Error] [2025-8-13 17:08:43] WaitForWIPFinish timeout, wait second ms:100
[Error] [2025-8-13 17:08:43] WaitForWIPFinish timeout, wait second ms:100
[Error] [2025-8-13 17:08:44] WaitForWIPFinish timeout, wait second ms:100
[Error] [2025-8-13 17:08:44] WaitForWIPFinish timeout, wait second ms:100
[Debug] [2025-8-13 17:08:44] progress bar is 72
[Error] [2025-8-13 17:08:44] WaitForWIPFinish timeout, wait second ms:100
[Error] [2025-8-13 17:08:44] WaitForWIPFinish timeout, wait second ms:100
[Debug] [2025-8-13 17:08:44] progress bar is 75
[Error] [2025-8-13 17:08:44] WaitForWIPFinish timeout, wait second ms:100
[Error] [2025-8-13 17:08:44] WaitForWIPFinish timeout, wait second ms:100
[Error] [2025-8-13 17:08:45] WaitForWIPFinish timeout, wait second ms:100
[Error] [2025-8-13 17:08:45] WaitForWIPFinish timeout, wait second ms:100
[Debug] [2025-8-13 17:08:45] progress bar is 81
[Error] [2025-8-13 17:08:45] WaitForWIPFinish timeout, wait second ms:100
[Error] [2025-8-13 17:08:45] WaitForWIPFinish timeout, wait second ms:100
[Error] [2025-8-13 17:08:45] WaitForWIPFinish timeout, wait second ms:100
[Error] [2025-8-13 17:08:45] WaitForWIPFinish timeout, wait second ms:100
[Debug] [2025-8-13 17:08:45] progress bar is 87
[Error] [2025-8-13 17:08:45] WaitForWIPFinish timeout, wait second ms:100
[Error] [2025-8-13 17:08:46] WaitForWIPFinish timeout, wait second ms:100
[Debug] [2025-8-13 17:08:46] progress bar is 90
[Error] [2025-8-13 17:08:46] WaitForWIPFinish timeout, wait second ms:100
[Error] [2025-8-13 17:08:46] WaitForWIPFinish timeout, wait second ms:100
[Error] [2025-8-13 17:08:46] WaitForWIPFinish timeout, wait second ms:100
[Error] [2025-8-13 17:08:46] WaitForWIPFinish timeout, wait second ms:100
[Debug] [2025-8-13 17:08:46] progress bar is 96
[Debug] [2025-8-13 17:08:46] progress bar is 100
[Debug] [2025-8-13 17:08:47] end to operate flash: cmd id = 20302
[Debug] [2025-8-13 17:08:47] cmd operation Erase Outer Flash releases locker
[Debug] [2025-8-13 17:08:47] Remove the header data from the client, index : 0
[Debug] [2025-8-13 17:08:47] _total_bytes_size : 1477
[Debug] [2025-8-13 17:08:47] cmd id :20301cmd name : Program Outer Flash
[Debug] [2025-8-13 17:08:47] begin to operate flash: cmd id = 20301
[Debug] [2025-8-13 17:08:47] the idcode from the scanning is: 0x10601899
[Debug] [2025-8-13 17:08:47] the idcode from the scanning is: 0x0
[Debug] [2025-8-13 17:08:47] the idcode from the scanning is: 0x0
[Debug] [2025-8-13 17:08:47] the idcode from the scanning is: 0x0
[Debug] [2025-8-13 17:08:47] the idcode from the scanning is: 0x0
[Debug] [2025-8-13 17:08:47] the value in the status register is :81ffca0
[Debug] [2025-8-13 17:08:47] flash_id is 1c7118
[Debug] [2025-8-13 17:08:47] The value of GigaDevice status register 1 is 0x
[Debug] [2025-8-13 17:08:47] progress bar is 1
[Debug] [2025-8-13 17:08:49] progress bar is 6
[Debug] [2025-8-13 17:08:50] progress bar is 10
[Debug] [2025-8-13 17:08:52] progress bar is 15
[Debug] [2025-8-13 17:08:53] progress bar is 20
[Debug] [2025-8-13 17:08:55] progress bar is 25
[Debug] [2025-8-13 17:08:57] progress bar is 30
[Debug] [2025-8-13 17:08:58] progress bar is 35
[Debug] [2025-8-13 17:09:00] progress bar is 40
[Debug] [2025-8-13 17:09:02] progress bar is 45
[Debug] [2025-8-13 17:09:03] progress bar is 50
[Debug] [2025-8-13 17:09:05] progress bar is 55
[Debug] [2025-8-13 17:09:07] progress bar is 60
[Debug] [2025-8-13 17:09:08] progress bar is 65
[Debug] [2025-8-13 17:09:10] progress bar is 70
[Debug] [2025-8-13 17:09:12] progress bar is 75
[Debug] [2025-8-13 17:09:13] progress bar is 80
[Debug] [2025-8-13 17:09:15] progress bar is 85
[Debug] [2025-8-13 17:09:17] progress bar is 90
[Debug] [2025-8-13 17:09:18] progress bar is 95
[Debug] [2025-8-13 17:09:20] progress bar is 100
[Debug] [2025-8-13 17:09:20] end to operate flash: cmd id = 20301
[Debug] [2025-8-13 17:09:20] cmd operation Program Outer Flash releases locker
[Debug] [2025-8-13 17:09:20] Remove the header data from the client, index : 0
[Debug] [2025-8-13 17:09:20] _total_bytes_size : 1475
[Debug] [2025-8-13 17:09:20] cmd id :20303cmd name : Verify Outer Flash
[Debug] [2025-8-13 17:09:20] begin to operate flash: cmd id = 20303
[Debug] [2025-8-13 17:09:20] the idcode from the scanning is: 0x10601899
[Debug] [2025-8-13 17:09:20] the idcode from the scanning is: 0x0
[Debug] [2025-8-13 17:09:20] the idcode from the scanning is: 0x0
[Debug] [2025-8-13 17:09:20] the idcode from the scanning is: 0x0
[Debug] [2025-8-13 17:09:20] the idcode from the scanning is: 0x0
[Debug] [2025-8-13 17:09:20] the value in the status register is :81ffca0
[Debug] [2025-8-13 17:09:20] flash_id is 1c7118
[Debug] [2025-8-13 17:09:20] the value in the status register is :81ffca0
[Debug] [2025-8-13 17:09:20] progress bar is 1
[Debug] [2025-8-13 17:09:20] progress bar is 6
[Debug] [2025-8-13 17:09:21] progress bar is 10
[Debug] [2025-8-13 17:09:21] progress bar is 15
[Debug] [2025-8-13 17:09:21] progress bar is 20
[Debug] [2025-8-13 17:09:21] progress bar is 25
[Debug] [2025-8-13 17:09:21] progress bar is 30
[Debug] [2025-8-13 17:09:21] progress bar is 35
[Debug] [2025-8-13 17:09:21] progress bar is 40
[Debug] [2025-8-13 17:09:21] progress bar is 45
[Debug] [2025-8-13 17:09:21] progress bar is 50
[Debug] [2025-8-13 17:09:22] progress bar is 55
[Debug] [2025-8-13 17:09:22] progress bar is 60
[Debug] [2025-8-13 17:09:22] progress bar is 65
[Debug] [2025-8-13 17:09:22] progress bar is 70
[Debug] [2025-8-13 17:09:22] progress bar is 75
[Debug] [2025-8-13 17:09:22] progress bar is 80
[Debug] [2025-8-13 17:09:22] progress bar is 85
[Debug] [2025-8-13 17:09:22] progress bar is 90
[Debug] [2025-8-13 17:09:22] progress bar is 95
[Debug] [2025-8-13 17:09:22] progress bar is 100
[Debug] [2025-8-13 17:09:23] end to operate flash: cmd id = 20303
[Debug] [2025-8-13 17:09:23] cmd operation Verify Outer Flash releases locker
[Debug] [2025-8-13 17:13:33] Remove the header data from the client, index : 0
[Debug] [2025-8-13 17:13:33] _total_bytes_size : 952
[Debug] [2025-8-13 17:13:33] cmd id :20002cmd name : Program
[Debug] [2025-8-13 17:13:33] the idcode from the scanning is: 0x10601899
[Debug] [2025-8-13 17:13:33] the idcode from the scanning is: 0x0
[Debug] [2025-8-13 17:13:33] the idcode from the scanning is: 0x0
[Debug] [2025-8-13 17:13:33] the idcode from the scanning is: 0x0
[Debug] [2025-8-13 17:13:33] the idcode from the scanning is: 0x0
[Debug] [2025-8-13 17:13:33] begin to read back config registerregAddr is 4
[Debug] [2025-8-13 17:13:34] progress bar is 6
[Debug] [2025-8-13 17:13:34] progress bar is 10
[Debug] [2025-8-13 17:13:34] progress bar is 15
[Debug] [2025-8-13 17:13:34] progress bar is 20
[Debug] [2025-8-13 17:13:34] progress bar is 25
[Debug] [2025-8-13 17:13:34] progress bar is 30
[Debug] [2025-8-13 17:13:34] progress bar is 35
[Debug] [2025-8-13 17:13:34] progress bar is 40
[Debug] [2025-8-13 17:13:34] progress bar is 45
[Debug] [2025-8-13 17:13:34] progress bar is 50
[Debug] [2025-8-13 17:13:34] progress bar is 55
[Debug] [2025-8-13 17:13:35] progress bar is 60
[Debug] [2025-8-13 17:13:35] progress bar is 65
[Debug] [2025-8-13 17:13:35] progress bar is 70
[Debug] [2025-8-13 17:13:35] progress bar is 75
[Debug] [2025-8-13 17:13:35] progress bar is 80
[Debug] [2025-8-13 17:13:35] progress bar is 85
[Debug] [2025-8-13 17:13:35] progress bar is 90
[Debug] [2025-8-13 17:13:35] progress bar is 95
[Debug] [2025-8-13 17:13:35] progress bar is 100
[Debug] [2025-8-13 17:13:35] the value in the status register is :2096288
[Debug] [2025-8-13 17:13:36] cmd operation Program releases locker
[Debug] [2025-8-13 17:13:42] Remove the header data from the client, index : 0
[Debug] [2025-8-13 17:13:42] _total_bytes_size : 1480
[Debug] [2025-8-13 17:13:42] cmd id :20302cmd name : Erase Outer Flash
[Debug] [2025-8-13 17:13:42] begin to operate flash: cmd id = 20302
[Debug] [2025-8-13 17:13:42] the idcode from the scanning is: 0x10601899
[Debug] [2025-8-13 17:13:42] the idcode from the scanning is: 0x0
[Debug] [2025-8-13 17:13:42] the idcode from the scanning is: 0x0
[Debug] [2025-8-13 17:13:42] the idcode from the scanning is: 0x0
[Debug] [2025-8-13 17:13:42] the idcode from the scanning is: 0x0
[Debug] [2025-8-13 17:13:42] the value in the status register is :81ffca0
[Debug] [2025-8-13 17:13:42] flash_id is 1c7118
[Debug] [2025-8-13 17:13:42] the value in the status register is :81ffca0
[Debug] [2025-8-13 17:13:42] progress bar is 1
[Error] [2025-8-13 17:13:42] WaitForWIPFinish timeout, wait second ms:100
[Error] [2025-8-13 17:13:42] WaitForWIPFinish timeout, wait second ms:100
[Error] [2025-8-13 17:13:43] WaitForWIPFinish timeout, wait second ms:100
[Error] [2025-8-13 17:13:43] WaitForWIPFinish timeout, wait second ms:100
[Error] [2025-8-13 17:13:43] WaitForWIPFinish timeout, wait second ms:100
[Error] [2025-8-13 17:13:43] WaitForWIPFinish timeout, wait second ms:100
[Debug] [2025-8-13 17:13:43] progress bar is 6
[Error] [2025-8-13 17:13:43] WaitForWIPFinish timeout, wait second ms:100
[Error] [2025-8-13 17:13:43] WaitForWIPFinish timeout, wait second ms:100
[Error] [2025-8-13 17:13:44] WaitForWIPFinish timeout, wait second ms:100
[Error] [2025-8-13 17:13:44] WaitForWIPFinish timeout, wait second ms:100
[Debug] [2025-8-13 17:13:44] progress bar is 12
[Error] [2025-8-13 17:13:44] WaitForWIPFinish timeout, wait second ms:100
[Error] [2025-8-13 17:13:44] WaitForWIPFinish timeout, wait second ms:100
[Debug] [2025-8-13 17:13:44] progress bar is 15
[Error] [2025-8-13 17:13:44] WaitForWIPFinish timeout, wait second ms:100
[Error] [2025-8-13 17:13:44] WaitForWIPFinish timeout, wait second ms:100
[Error] [2025-8-13 17:13:44] WaitForWIPFinish timeout, wait second ms:100
[Error] [2025-8-13 17:13:45] WaitForWIPFinish timeout, wait second ms:100
[Error] [2025-8-13 17:13:45] WaitForWIPFinish timeout, wait second ms:100
[Error] [2025-8-13 17:13:45] WaitForWIPFinish timeout, wait second ms:100
[Debug] [2025-8-13 17:13:45] progress bar is 21
[Error] [2025-8-13 17:13:45] WaitForWIPFinish timeout, wait second ms:100
[Error] [2025-8-13 17:13:45] WaitForWIPFinish timeout, wait second ms:100
[Error] [2025-8-13 17:13:45] WaitForWIPFinish timeout, wait second ms:100
[Error] [2025-8-13 17:13:45] WaitForWIPFinish timeout, wait second ms:100
[Debug] [2025-8-13 17:13:46] progress bar is 27
[Error] [2025-8-13 17:13:46] WaitForWIPFinish timeout, wait second ms:100
[Error] [2025-8-13 17:13:46] WaitForWIPFinish timeout, wait second ms:100
[Debug] [2025-8-13 17:13:46] progress bar is 30
[Error] [2025-8-13 17:13:46] WaitForWIPFinish timeout, wait second ms:100
[Error] [2025-8-13 17:13:46] WaitForWIPFinish timeout, wait second ms:100
[Error] [2025-8-13 17:13:46] WaitForWIPFinish timeout, wait second ms:100
[Error] [2025-8-13 17:13:46] WaitForWIPFinish timeout, wait second ms:100
[Debug] [2025-8-13 17:13:47] progress bar is 36
[Error] [2025-8-13 17:13:47] WaitForWIPFinish timeout, wait second ms:100
[Error] [2025-8-13 17:13:47] WaitForWIPFinish timeout, wait second ms:100
[Error] [2025-8-13 17:13:47] WaitForWIPFinish timeout, wait second ms:100
[Error] [2025-8-13 17:13:47] WaitForWIPFinish timeout, wait second ms:100
[Error] [2025-8-13 17:13:47] WaitForWIPFinish timeout, wait second ms:100
[Debug] [2025-8-13 17:13:47] progress bar is 42
[Error] [2025-8-13 17:13:47] WaitForWIPFinish timeout, wait second ms:100
[Error] [2025-8-13 17:13:48] WaitForWIPFinish timeout, wait second ms:100
[Error] [2025-8-13 17:13:48] WaitForWIPFinish timeout, wait second ms:100
[Debug] [2025-8-13 17:13:48] progress bar is 45
[Error] [2025-8-13 17:13:48] WaitForWIPFinish timeout, wait second ms:100
[Error] [2025-8-13 17:13:48] WaitForWIPFinish timeout, wait second ms:100
[Error] [2025-8-13 17:13:48] WaitForWIPFinish timeout, wait second ms:100
[Error] [2025-8-13 17:13:48] WaitForWIPFinish timeout, wait second ms:100
[Error] [2025-8-13 17:13:48] WaitForWIPFinish timeout, wait second ms:100
[Debug] [2025-8-13 17:13:48] progress bar is 51
[Error] [2025-8-13 17:13:49] WaitForWIPFinish timeout, wait second ms:100
[Error] [2025-8-13 17:13:49] WaitForWIPFinish timeout, wait second ms:100
[Error] [2025-8-13 17:13:49] WaitForWIPFinish timeout, wait second ms:100
[Error] [2025-8-13 17:13:49] WaitForWIPFinish timeout, wait second ms:100
[Debug] [2025-8-13 17:13:49] progress bar is 57
[Error] [2025-8-13 17:13:49] WaitForWIPFinish timeout, wait second ms:100
[Error] [2025-8-13 17:13:49] WaitForWIPFinish timeout, wait second ms:100
[Debug] [2025-8-13 17:13:49] progress bar is 60
[Error] [2025-8-13 17:13:50] WaitForWIPFinish timeout, wait second ms:100
[Error] [2025-8-13 17:13:50] WaitForWIPFinish timeout, wait second ms:100
[Error] [2025-8-13 17:13:50] WaitForWIPFinish timeout, wait second ms:100
[Error] [2025-8-13 17:13:50] WaitForWIPFinish timeout, wait second ms:100
[Debug] [2025-8-13 17:13:50] progress bar is 66
[Error] [2025-8-13 17:13:50] WaitForWIPFinish timeout, wait second ms:100
[Error] [2025-8-13 17:13:50] WaitForWIPFinish timeout, wait second ms:100
[Error] [2025-8-13 17:13:50] WaitForWIPFinish timeout, wait second ms:100
[Error] [2025-8-13 17:13:51] WaitForWIPFinish timeout, wait second ms:100
[Debug] [2025-8-13 17:13:51] progress bar is 72
[Error] [2025-8-13 17:13:51] WaitForWIPFinish timeout, wait second ms:100
[Error] [2025-8-13 17:13:51] WaitForWIPFinish timeout, wait second ms:100
[Debug] [2025-8-13 17:13:51] progress bar is 75
[Error] [2025-8-13 17:13:51] WaitForWIPFinish timeout, wait second ms:100
[Error] [2025-8-13 17:13:51] WaitForWIPFinish timeout, wait second ms:100
[Error] [2025-8-13 17:13:51] WaitForWIPFinish timeout, wait second ms:100
[Error] [2025-8-13 17:13:52] WaitForWIPFinish timeout, wait second ms:100
[Error] [2025-8-13 17:13:52] WaitForWIPFinish timeout, wait second ms:100
[Error] [2025-8-13 17:13:52] WaitForWIPFinish timeout, wait second ms:100
[Debug] [2025-8-13 17:13:52] progress bar is 81
[Error] [2025-8-13 17:13:52] WaitForWIPFinish timeout, wait second ms:100
[Error] [2025-8-13 17:13:52] WaitForWIPFinish timeout, wait second ms:100
[Error] [2025-8-13 17:13:52] WaitForWIPFinish timeout, wait second ms:100
[Error] [2025-8-13 17:13:52] WaitForWIPFinish timeout, wait second ms:100
[Debug] [2025-8-13 17:13:53] progress bar is 87
[Error] [2025-8-13 17:13:53] WaitForWIPFinish timeout, wait second ms:100
[Error] [2025-8-13 17:13:53] WaitForWIPFinish timeout, wait second ms:100
[Debug] [2025-8-13 17:13:53] progress bar is 90
[Error] [2025-8-13 17:13:53] WaitForWIPFinish timeout, wait second ms:100
[Error] [2025-8-13 17:13:53] WaitForWIPFinish timeout, wait second ms:100
[Error] [2025-8-13 17:13:53] WaitForWIPFinish timeout, wait second ms:100
[Error] [2025-8-13 17:13:53] WaitForWIPFinish timeout, wait second ms:100
[Debug] [2025-8-13 17:13:53] progress bar is 96
[Debug] [2025-8-13 17:13:53] progress bar is 100
[Debug] [2025-8-13 17:13:54] end to operate flash: cmd id = 20302
[Debug] [2025-8-13 17:13:54] cmd operation Erase Outer Flash releases locker
[Debug] [2025-8-13 17:13:54] Remove the header data from the client, index : 0
[Debug] [2025-8-13 17:13:54] _total_bytes_size : 1477
[Debug] [2025-8-13 17:13:54] cmd id :20301cmd name : Program Outer Flash
[Debug] [2025-8-13 17:13:54] begin to operate flash: cmd id = 20301
[Debug] [2025-8-13 17:13:54] the idcode from the scanning is: 0x10601899
[Debug] [2025-8-13 17:13:54] the idcode from the scanning is: 0x0
[Debug] [2025-8-13 17:13:54] the idcode from the scanning is: 0x0
[Debug] [2025-8-13 17:13:54] the idcode from the scanning is: 0x0
[Debug] [2025-8-13 17:13:54] the idcode from the scanning is: 0x0
[Debug] [2025-8-13 17:13:54] the value in the status register is :81ffca0
[Debug] [2025-8-13 17:13:54] flash_id is 1c7118
[Debug] [2025-8-13 17:13:54] The value of GigaDevice status register 1 is 0x
[Debug] [2025-8-13 17:13:54] progress bar is 1
[Debug] [2025-8-13 17:13:56] progress bar is 6
[Debug] [2025-8-13 17:13:57] progress bar is 10
[Debug] [2025-8-13 17:13:59] progress bar is 15
[Debug] [2025-8-13 17:14:00] progress bar is 20
[Debug] [2025-8-13 17:14:02] progress bar is 25
[Debug] [2025-8-13 17:14:04] progress bar is 30
[Debug] [2025-8-13 17:14:05] progress bar is 35
[Debug] [2025-8-13 17:14:07] progress bar is 40
[Debug] [2025-8-13 17:14:09] progress bar is 45
[Debug] [2025-8-13 17:14:10] progress bar is 50
[Debug] [2025-8-13 17:14:12] progress bar is 55
[Debug] [2025-8-13 17:14:14] progress bar is 60
[Debug] [2025-8-13 17:14:15] progress bar is 65
[Debug] [2025-8-13 17:14:17] progress bar is 70
[Debug] [2025-8-13 17:14:19] progress bar is 75
[Debug] [2025-8-13 17:14:20] progress bar is 80
[Debug] [2025-8-13 17:14:22] progress bar is 85
[Debug] [2025-8-13 17:14:24] progress bar is 90
[Debug] [2025-8-13 17:14:25] progress bar is 95
[Debug] [2025-8-13 17:14:27] progress bar is 100
[Debug] [2025-8-13 17:14:27] end to operate flash: cmd id = 20301
[Debug] [2025-8-13 17:14:27] cmd operation Program Outer Flash releases locker
[Debug] [2025-8-13 17:14:27] Remove the header data from the client, index : 0
[Debug] [2025-8-13 17:14:27] _total_bytes_size : 1475
[Debug] [2025-8-13 17:14:27] cmd id :20303cmd name : Verify Outer Flash
[Debug] [2025-8-13 17:14:27] begin to operate flash: cmd id = 20303
[Debug] [2025-8-13 17:14:27] the idcode from the scanning is: 0x10601899
[Debug] [2025-8-13 17:14:27] the idcode from the scanning is: 0x0
[Debug] [2025-8-13 17:14:27] the idcode from the scanning is: 0x0
[Debug] [2025-8-13 17:14:27] the idcode from the scanning is: 0x0
[Debug] [2025-8-13 17:14:27] the idcode from the scanning is: 0x0
[Debug] [2025-8-13 17:14:27] the value in the status register is :81ffca0
[Debug] [2025-8-13 17:14:27] flash_id is 1c7118
[Debug] [2025-8-13 17:14:27] the value in the status register is :81ffca0
[Debug] [2025-8-13 17:14:27] progress bar is 1
[Debug] [2025-8-13 17:14:27] progress bar is 6
[Debug] [2025-8-13 17:14:27] progress bar is 10
[Debug] [2025-8-13 17:14:28] progress bar is 15
[Debug] [2025-8-13 17:14:28] progress bar is 20
[Debug] [2025-8-13 17:14:28] progress bar is 25
[Debug] [2025-8-13 17:14:28] progress bar is 30
[Debug] [2025-8-13 17:14:28] progress bar is 35
[Debug] [2025-8-13 17:14:28] progress bar is 40
[Debug] [2025-8-13 17:14:28] progress bar is 45
[Debug] [2025-8-13 17:14:28] progress bar is 50
[Debug] [2025-8-13 17:14:28] progress bar is 55
[Debug] [2025-8-13 17:14:29] progress bar is 60
[Debug] [2025-8-13 17:14:29] progress bar is 65
[Debug] [2025-8-13 17:14:29] progress bar is 70
[Debug] [2025-8-13 17:14:29] progress bar is 75
[Debug] [2025-8-13 17:14:29] progress bar is 80
[Debug] [2025-8-13 17:14:29] progress bar is 85
[Debug] [2025-8-13 17:14:29] progress bar is 90
[Debug] [2025-8-13 17:14:29] progress bar is 95
[Debug] [2025-8-13 17:14:29] progress bar is 100
[Debug] [2025-8-13 17:14:30] end to operate flash: cmd id = 20303
[Debug] [2025-8-13 17:14:30] cmd operation Verify Outer Flash releases locker
[Debug] [2025-8-13 17:14:47] Remove the header data from the client, index : 0
[Debug] [2025-8-13 17:14:47] _total_bytes_size : 812
[Debug] [2025-8-13 17:14:47] cmd id :20002cmd name : Program
[Debug] [2025-8-13 17:14:47] the idcode from the scanning is: 0x10601899
[Debug] [2025-8-13 17:14:47] the idcode from the scanning is: 0x0
[Debug] [2025-8-13 17:14:47] the idcode from the scanning is: 0x0
[Debug] [2025-8-13 17:14:47] the idcode from the scanning is: 0x0
[Debug] [2025-8-13 17:14:47] the idcode from the scanning is: 0x0
[Debug] [2025-8-13 17:14:47] begin to read back config registerregAddr is 4
[Debug] [2025-8-13 17:14:47] progress bar is 6
[Debug] [2025-8-13 17:14:48] progress bar is 10
[Debug] [2025-8-13 17:14:48] progress bar is 15
[Debug] [2025-8-13 17:14:48] progress bar is 20
[Debug] [2025-8-13 17:14:48] progress bar is 25
[Debug] [2025-8-13 17:14:48] progress bar is 30
[Debug] [2025-8-13 17:14:48] progress bar is 35
[Debug] [2025-8-13 17:14:48] progress bar is 40
[Debug] [2025-8-13 17:14:48] progress bar is 45
[Debug] [2025-8-13 17:14:48] progress bar is 50
[Debug] [2025-8-13 17:14:48] progress bar is 55
[Debug] [2025-8-13 17:14:48] progress bar is 60
[Debug] [2025-8-13 17:14:48] progress bar is 65
[Debug] [2025-8-13 17:14:49] progress bar is 70
[Debug] [2025-8-13 17:14:49] progress bar is 75
[Debug] [2025-8-13 17:14:49] progress bar is 80
[Debug] [2025-8-13 17:14:49] progress bar is 85
[Debug] [2025-8-13 17:14:49] progress bar is 90
[Debug] [2025-8-13 17:14:49] progress bar is 95
[Debug] [2025-8-13 17:14:49] progress bar is 100
[Debug] [2025-8-13 17:14:49] the value in the status register is :2096288
[Debug] [2025-8-13 17:14:49] cmd operation Program releases locker
[Debug] [2025-8-13 17:14:55] Remove the header data from the client, index : 0
[Debug] [2025-8-13 17:14:55] _total_bytes_size : 1270
[Debug] [2025-8-13 17:14:55] cmd id :20302cmd name : Erase Outer Flash
[Debug] [2025-8-13 17:14:55] begin to operate flash: cmd id = 20302
[Debug] [2025-8-13 17:14:55] the idcode from the scanning is: 0x10601899
[Debug] [2025-8-13 17:14:55] the idcode from the scanning is: 0x0
[Debug] [2025-8-13 17:14:55] the idcode from the scanning is: 0x0
[Debug] [2025-8-13 17:14:55] the idcode from the scanning is: 0x0
[Debug] [2025-8-13 17:14:55] the idcode from the scanning is: 0x0
[Debug] [2025-8-13 17:14:55] the value in the status register is :81ffca0
[Debug] [2025-8-13 17:14:55] flash_id is 1c7118
[Debug] [2025-8-13 17:14:55] the value in the status register is :81ffca0
[Debug] [2025-8-13 17:14:55] progress bar is 1
[Error] [2025-8-13 17:14:55] WaitForWIPFinish timeout, wait second ms:100
[Error] [2025-8-13 17:14:56] WaitForWIPFinish timeout, wait second ms:100
[Error] [2025-8-13 17:14:56] WaitForWIPFinish timeout, wait second ms:100
[Error] [2025-8-13 17:14:56] WaitForWIPFinish timeout, wait second ms:100
[Error] [2025-8-13 17:14:56] WaitForWIPFinish timeout, wait second ms:100
[Error] [2025-8-13 17:14:56] WaitForWIPFinish timeout, wait second ms:100
[Debug] [2025-8-13 17:14:56] progress bar is 6
[Error] [2025-8-13 17:14:56] WaitForWIPFinish timeout, wait second ms:100
[Error] [2025-8-13 17:14:56] WaitForWIPFinish timeout, wait second ms:100
[Error] [2025-8-13 17:14:57] WaitForWIPFinish timeout, wait second ms:100
[Error] [2025-8-13 17:14:57] WaitForWIPFinish timeout, wait second ms:100
[Debug] [2025-8-13 17:14:57] progress bar is 12
[Error] [2025-8-13 17:14:57] WaitForWIPFinish timeout, wait second ms:100
[Error] [2025-8-13 17:14:57] WaitForWIPFinish timeout, wait second ms:100
[Debug] [2025-8-13 17:14:57] progress bar is 16
[Error] [2025-8-13 17:14:57] WaitForWIPFinish timeout, wait second ms:100
[Error] [2025-8-13 17:14:57] WaitForWIPFinish timeout, wait second ms:100
[Error] [2025-8-13 17:14:58] WaitForWIPFinish timeout, wait second ms:100
[Error] [2025-8-13 17:14:58] WaitForWIPFinish timeout, wait second ms:100
[Error] [2025-8-13 17:14:58] WaitForWIPFinish timeout, wait second ms:100
[Error] [2025-8-13 17:14:58] WaitForWIPFinish timeout, wait second ms:100
[Debug] [2025-8-13 17:14:58] progress bar is 22
[Error] [2025-8-13 17:14:58] WaitForWIPFinish timeout, wait second ms:100
[Error] [2025-8-13 17:14:58] WaitForWIPFinish timeout, wait second ms:100
[Debug] [2025-8-13 17:14:58] progress bar is 25
[Error] [2025-8-13 17:14:59] WaitForWIPFinish timeout, wait second ms:100
[Error] [2025-8-13 17:14:59] WaitForWIPFinish timeout, wait second ms:100
[Error] [2025-8-13 17:14:59] WaitForWIPFinish timeout, wait second ms:100
[Error] [2025-8-13 17:14:59] WaitForWIPFinish timeout, wait second ms:100
[Debug] [2025-8-13 17:14:59] progress bar is 32
[Error] [2025-8-13 17:14:59] WaitForWIPFinish timeout, wait second ms:100
[Error] [2025-8-13 17:14:59] WaitForWIPFinish timeout, wait second ms:100
[Debug] [2025-8-13 17:14:59] progress bar is 35
[Error] [2025-8-13 17:14:59] WaitForWIPFinish timeout, wait second ms:100
[Error] [2025-8-13 17:15:00] WaitForWIPFinish timeout, wait second ms:100
[Error] [2025-8-13 17:15:00] WaitForWIPFinish timeout, wait second ms:100
[Error] [2025-8-13 17:15:00] WaitForWIPFinish timeout, wait second ms:100
[Debug] [2025-8-13 17:15:00] progress bar is 41
[Error] [2025-8-13 17:15:00] WaitForWIPFinish timeout, wait second ms:100
[Error] [2025-8-13 17:15:00] WaitForWIPFinish timeout, wait second ms:100
[Error] [2025-8-13 17:15:00] WaitForWIPFinish timeout, wait second ms:100
[Debug] [2025-8-13 17:15:00] progress bar is 45
[Error] [2025-8-13 17:15:01] WaitForWIPFinish timeout, wait second ms:100
[Error] [2025-8-13 17:15:01] WaitForWIPFinish timeout, wait second ms:100
[Error] [2025-8-13 17:15:01] WaitForWIPFinish timeout, wait second ms:100
[Error] [2025-8-13 17:15:01] WaitForWIPFinish timeout, wait second ms:100
[Error] [2025-8-13 17:15:01] WaitForWIPFinish timeout, wait second ms:100
[Debug] [2025-8-13 17:15:01] progress bar is 51
[Error] [2025-8-13 17:15:01] WaitForWIPFinish timeout, wait second ms:100
[Error] [2025-8-13 17:15:01] WaitForWIPFinish timeout, wait second ms:100
[Error] [2025-8-13 17:15:02] WaitForWIPFinish timeout, wait second ms:100
[Error] [2025-8-13 17:15:02] WaitForWIPFinish timeout, wait second ms:100
[Debug] [2025-8-13 17:15:02] progress bar is 58
[Error] [2025-8-13 17:15:02] WaitForWIPFinish timeout, wait second ms:100
[Error] [2025-8-13 17:15:02] WaitForWIPFinish timeout, wait second ms:100
[Debug] [2025-8-13 17:15:02] progress bar is 61
[Error] [2025-8-13 17:15:02] WaitForWIPFinish timeout, wait second ms:100
[Error] [2025-8-13 17:15:02] WaitForWIPFinish timeout, wait second ms:100
[Error] [2025-8-13 17:15:03] WaitForWIPFinish timeout, wait second ms:100
[Error] [2025-8-13 17:15:03] WaitForWIPFinish timeout, wait second ms:100
[Debug] [2025-8-13 17:15:03] progress bar is 67
[Error] [2025-8-13 17:15:03] WaitForWIPFinish timeout, wait second ms:100
[Error] [2025-8-13 17:15:03] WaitForWIPFinish timeout, wait second ms:100
[Debug] [2025-8-13 17:15:03] progress bar is 70
[Error] [2025-8-13 17:15:03] WaitForWIPFinish timeout, wait second ms:100
[Error] [2025-8-13 17:15:03] WaitForWIPFinish timeout, wait second ms:100
[Error] [2025-8-13 17:15:04] WaitForWIPFinish timeout, wait second ms:100
[Error] [2025-8-13 17:15:04] WaitForWIPFinish timeout, wait second ms:100
[Debug] [2025-8-13 17:15:04] progress bar is 77
[Error] [2025-8-13 17:15:04] WaitForWIPFinish timeout, wait second ms:100
[Error] [2025-8-13 17:15:04] WaitForWIPFinish timeout, wait second ms:100
[Debug] [2025-8-13 17:15:04] progress bar is 80
[Error] [2025-8-13 17:15:04] WaitForWIPFinish timeout, wait second ms:100
[Error] [2025-8-13 17:15:04] WaitForWIPFinish timeout, wait second ms:100
[Error] [2025-8-13 17:15:04] WaitForWIPFinish timeout, wait second ms:100
[Error] [2025-8-13 17:15:05] WaitForWIPFinish timeout, wait second ms:100
[Error] [2025-8-13 17:15:05] WaitForWIPFinish timeout, wait second ms:100
[Debug] [2025-8-13 17:15:05] progress bar is 87
[Error] [2025-8-13 17:15:05] WaitForWIPFinish timeout, wait second ms:100
[Error] [2025-8-13 17:15:05] WaitForWIPFinish timeout, wait second ms:100
[Debug] [2025-8-13 17:15:05] progress bar is 90
[Error] [2025-8-13 17:15:05] WaitForWIPFinish timeout, wait second ms:100
[Error] [2025-8-13 17:15:05] WaitForWIPFinish timeout, wait second ms:100
[Error] [2025-8-13 17:15:06] WaitForWIPFinish timeout, wait second ms:100
[Error] [2025-8-13 17:15:06] WaitForWIPFinish timeout, wait second ms:100
[Debug] [2025-8-13 17:15:06] progress bar is 96
[Debug] [2025-8-13 17:15:06] progress bar is 100
[Debug] [2025-8-13 17:15:06] end to operate flash: cmd id = 20302
[Debug] [2025-8-13 17:15:06] cmd operation Erase Outer Flash releases locker
[Debug] [2025-8-13 17:15:06] Remove the header data from the client, index : 0
[Debug] [2025-8-13 17:15:06] _total_bytes_size : 1267
[Debug] [2025-8-13 17:15:06] cmd id :20301cmd name : Program Outer Flash
[Debug] [2025-8-13 17:15:06] begin to operate flash: cmd id = 20301
[Debug] [2025-8-13 17:15:06] the idcode from the scanning is: 0x10601899
[Debug] [2025-8-13 17:15:06] the idcode from the scanning is: 0x0
[Debug] [2025-8-13 17:15:06] the idcode from the scanning is: 0x0
[Debug] [2025-8-13 17:15:06] the idcode from the scanning is: 0x0
[Debug] [2025-8-13 17:15:06] the idcode from the scanning is: 0x0
[Debug] [2025-8-13 17:15:06] the value in the status register is :81ffca0
[Debug] [2025-8-13 17:15:06] flash_id is 1c7118
[Debug] [2025-8-13 17:15:06] The value of GigaDevice status register 1 is 0x
[Debug] [2025-8-13 17:15:06] progress bar is 1
[Debug] [2025-8-13 17:15:08] progress bar is 6
[Debug] [2025-8-13 17:15:09] progress bar is 10
[Debug] [2025-8-13 17:15:11] progress bar is 15
[Debug] [2025-8-13 17:15:12] progress bar is 20
[Debug] [2025-8-13 17:15:14] progress bar is 25
[Debug] [2025-8-13 17:15:16] progress bar is 30
[Debug] [2025-8-13 17:15:17] progress bar is 35
[Debug] [2025-8-13 17:15:19] progress bar is 40
[Debug] [2025-8-13 17:15:20] progress bar is 45
[Debug] [2025-8-13 17:15:22] progress bar is 50
[Debug] [2025-8-13 17:15:23] progress bar is 55
[Debug] [2025-8-13 17:15:25] progress bar is 60
[Debug] [2025-8-13 17:15:27] progress bar is 65
[Debug] [2025-8-13 17:15:28] progress bar is 70
[Debug] [2025-8-13 17:15:30] progress bar is 75
[Debug] [2025-8-13 17:15:31] progress bar is 80
[Debug] [2025-8-13 17:15:33] progress bar is 85
[Debug] [2025-8-13 17:15:34] progress bar is 90
[Debug] [2025-8-13 17:15:36] progress bar is 95
[Debug] [2025-8-13 17:15:38] progress bar is 100
[Debug] [2025-8-13 17:15:38] end to operate flash: cmd id = 20301
[Debug] [2025-8-13 17:15:38] cmd operation Program Outer Flash releases locker
[Debug] [2025-8-13 17:15:38] Remove the header data from the client, index : 0
[Debug] [2025-8-13 17:15:38] _total_bytes_size : 1265
[Debug] [2025-8-13 17:15:38] cmd id :20303cmd name : Verify Outer Flash
[Debug] [2025-8-13 17:15:38] begin to operate flash: cmd id = 20303
[Debug] [2025-8-13 17:15:38] the idcode from the scanning is: 0x10601899
[Debug] [2025-8-13 17:15:38] the idcode from the scanning is: 0x0
[Debug] [2025-8-13 17:15:38] the idcode from the scanning is: 0x0
[Debug] [2025-8-13 17:15:38] the idcode from the scanning is: 0x0
[Debug] [2025-8-13 17:15:38] the idcode from the scanning is: 0x0
[Debug] [2025-8-13 17:15:38] the value in the status register is :81ffca0
[Debug] [2025-8-13 17:15:38] flash_id is 1c7118
[Debug] [2025-8-13 17:15:38] the value in the status register is :81ffca0
[Debug] [2025-8-13 17:15:38] progress bar is 1
[Debug] [2025-8-13 17:15:38] progress bar is 6
[Debug] [2025-8-13 17:15:38] progress bar is 10
[Debug] [2025-8-13 17:15:38] progress bar is 15
[Debug] [2025-8-13 17:15:38] progress bar is 20
[Debug] [2025-8-13 17:15:38] progress bar is 25
[Debug] [2025-8-13 17:15:38] progress bar is 30
[Debug] [2025-8-13 17:15:39] progress bar is 35
[Debug] [2025-8-13 17:15:39] progress bar is 40
[Debug] [2025-8-13 17:15:39] progress bar is 45
[Debug] [2025-8-13 17:15:39] progress bar is 50
[Debug] [2025-8-13 17:15:39] progress bar is 55
[Debug] [2025-8-13 17:15:39] progress bar is 60
[Debug] [2025-8-13 17:15:39] progress bar is 65
[Debug] [2025-8-13 17:15:39] progress bar is 70
[Debug] [2025-8-13 17:15:39] progress bar is 75
[Debug] [2025-8-13 17:15:39] progress bar is 80
[Debug] [2025-8-13 17:15:40] progress bar is 85
[Debug] [2025-8-13 17:15:40] progress bar is 90
[Debug] [2025-8-13 17:15:40] progress bar is 95
[Debug] [2025-8-13 17:15:40] progress bar is 100
[Debug] [2025-8-13 17:15:40] end to operate flash: cmd id = 20303
[Debug] [2025-8-13 17:15:40] cmd operation Verify Outer Flash releases locker
[Debug] [2025-8-13 17:15:56] Remove the header data from the client, index : 0
[Debug] [2025-8-13 17:15:56] _total_bytes_size : 1480
[Debug] [2025-8-13 17:15:56] cmd id :20302cmd name : Erase Outer Flash
[Debug] [2025-8-13 17:15:56] begin to operate flash: cmd id = 20302
[Debug] [2025-8-13 17:15:56] the idcode from the scanning is: 0x10601899
[Debug] [2025-8-13 17:15:56] the idcode from the scanning is: 0x0
[Debug] [2025-8-13 17:15:56] the idcode from the scanning is: 0x0
[Debug] [2025-8-13 17:15:56] the idcode from the scanning is: 0x0
[Debug] [2025-8-13 17:15:56] the idcode from the scanning is: 0x0
[Debug] [2025-8-13 17:15:56] the value in the status register is :81ffca0
[Debug] [2025-8-13 17:15:56] flash_id is 1c7118
[Debug] [2025-8-13 17:15:56] the value in the status register is :81ffca0
[Debug] [2025-8-13 17:15:56] progress bar is 1
[Error] [2025-8-13 17:15:56] WaitForWIPFinish timeout, wait second ms:100
[Error] [2025-8-13 17:15:57] WaitForWIPFinish timeout, wait second ms:100
[Error] [2025-8-13 17:15:57] WaitForWIPFinish timeout, wait second ms:100
[Error] [2025-8-13 17:15:57] WaitForWIPFinish timeout, wait second ms:100
[Error] [2025-8-13 17:15:57] WaitForWIPFinish timeout, wait second ms:100
[Error] [2025-8-13 17:15:57] WaitForWIPFinish timeout, wait second ms:100
[Error] [2025-8-13 17:15:57] WaitForWIPFinish timeout, wait second ms:100
[Error] [2025-8-13 17:15:57] WaitForWIPFinish timeout, wait second ms:100
[Debug] [2025-8-13 17:15:57] progress bar is 6
[Error] [2025-8-13 17:15:58] WaitForWIPFinish timeout, wait second ms:100
[Error] [2025-8-13 17:15:58] WaitForWIPFinish timeout, wait second ms:100
[Error] [2025-8-13 17:15:58] WaitForWIPFinish timeout, wait second ms:100
[Error] [2025-8-13 17:15:58] WaitForWIPFinish timeout, wait second ms:100
[Error] [2025-8-13 17:15:58] WaitForWIPFinish timeout, wait second ms:100
[Debug] [2025-8-13 17:15:58] progress bar is 12
[Error] [2025-8-13 17:15:58] WaitForWIPFinish timeout, wait second ms:100
[Error] [2025-8-13 17:15:58] WaitForWIPFinish timeout, wait second ms:100
[Debug] [2025-8-13 17:15:59] progress bar is 15
[Error] [2025-8-13 17:15:59] WaitForWIPFinish timeout, wait second ms:100
[Error] [2025-8-13 17:15:59] WaitForWIPFinish timeout, wait second ms:100
[Error] [2025-8-13 17:15:59] WaitForWIPFinish timeout, wait second ms:100
[Error] [2025-8-13 17:15:59] WaitForWIPFinish timeout, wait second ms:100
[Error] [2025-8-13 17:15:59] WaitForWIPFinish timeout, wait second ms:100
[Debug] [2025-8-13 17:15:59] progress bar is 21
[Error] [2025-8-13 17:15:59] WaitForWIPFinish timeout, wait second ms:100
[Error] [2025-8-13 17:15:59] WaitForWIPFinish timeout, wait second ms:100
[Error] [2025-8-13 17:16:00] WaitForWIPFinish timeout, wait second ms:100
[Error] [2025-8-13 17:16:00] WaitForWIPFinish timeout, wait second ms:100
[Error] [2025-8-13 17:16:00] WaitForWIPFinish timeout, wait second ms:100
[Debug] [2025-8-13 17:16:00] progress bar is 27
[Error] [2025-8-13 17:16:00] WaitForWIPFinish timeout, wait second ms:100
[Error] [2025-8-13 17:16:00] WaitForWIPFinish timeout, wait second ms:100
[Debug] [2025-8-13 17:16:00] progress bar is 30
[Error] [2025-8-13 17:16:00] WaitForWIPFinish timeout, wait second ms:100
[Error] [2025-8-13 17:16:01] WaitForWIPFinish timeout, wait second ms:100
[Error] [2025-8-13 17:16:01] WaitForWIPFinish timeout, wait second ms:100
[Error] [2025-8-13 17:16:01] WaitForWIPFinish timeout, wait second ms:100
[Debug] [2025-8-13 17:16:01] progress bar is 36
[Error] [2025-8-13 17:16:01] WaitForWIPFinish timeout, wait second ms:100
[Error] [2025-8-13 17:16:01] WaitForWIPFinish timeout, wait second ms:100
[Error] [2025-8-13 17:16:01] WaitForWIPFinish timeout, wait second ms:100
[Error] [2025-8-13 17:16:02] WaitForWIPFinish timeout, wait second ms:100
[Error] [2025-8-13 17:16:02] WaitForWIPFinish timeout, wait second ms:100
[Debug] [2025-8-13 17:16:02] progress bar is 42
[Error] [2025-8-13 17:16:02] WaitForWIPFinish timeout, wait second ms:100
[Error] [2025-8-13 17:16:02] WaitForWIPFinish timeout, wait second ms:100
[Error] [2025-8-13 17:16:02] WaitForWIPFinish timeout, wait second ms:100
[Debug] [2025-8-13 17:16:02] progress bar is 45
[Error] [2025-8-13 17:16:02] WaitForWIPFinish timeout, wait second ms:100
[Error] [2025-8-13 17:16:02] WaitForWIPFinish timeout, wait second ms:100
[Error] [2025-8-13 17:16:03] WaitForWIPFinish timeout, wait second ms:100
[Error] [2025-8-13 17:16:03] WaitForWIPFinish timeout, wait second ms:100
[Debug] [2025-8-13 17:16:03] progress bar is 51
[Error] [2025-8-13 17:16:03] WaitForWIPFinish timeout, wait second ms:100
[Error] [2025-8-13 17:16:03] WaitForWIPFinish timeout, wait second ms:100
[Error] [2025-8-13 17:16:03] WaitForWIPFinish timeout, wait second ms:100
[Error] [2025-8-13 17:16:03] WaitForWIPFinish timeout, wait second ms:100
[Debug] [2025-8-13 17:16:03] progress bar is 57
[Error] [2025-8-13 17:16:04] WaitForWIPFinish timeout, wait second ms:100
[Error] [2025-8-13 17:16:04] WaitForWIPFinish timeout, wait second ms:100
[Debug] [2025-8-13 17:16:04] progress bar is 60
[Error] [2025-8-13 17:16:04] WaitForWIPFinish timeout, wait second ms:100
[Error] [2025-8-13 17:16:04] WaitForWIPFinish timeout, wait second ms:100
[Error] [2025-8-13 17:16:04] WaitForWIPFinish timeout, wait second ms:100
[Error] [2025-8-13 17:16:04] WaitForWIPFinish timeout, wait second ms:100
[Debug] [2025-8-13 17:16:04] progress bar is 66
[Error] [2025-8-13 17:16:05] WaitForWIPFinish timeout, wait second ms:100
[Error] [2025-8-13 17:16:05] WaitForWIPFinish timeout, wait second ms:100
[Error] [2025-8-13 17:16:05] WaitForWIPFinish timeout, wait second ms:100
[Error] [2025-8-13 17:16:05] WaitForWIPFinish timeout, wait second ms:100
[Error] [2025-8-13 17:16:05] WaitForWIPFinish timeout, wait second ms:100
[Debug] [2025-8-13 17:16:05] progress bar is 72
[Error] [2025-8-13 17:16:05] WaitForWIPFinish timeout, wait second ms:100
[Error] [2025-8-13 17:16:05] WaitForWIPFinish timeout, wait second ms:100
[Debug] [2025-8-13 17:16:05] progress bar is 75
[Error] [2025-8-13 17:16:06] WaitForWIPFinish timeout, wait second ms:100
[Error] [2025-8-13 17:16:06] WaitForWIPFinish timeout, wait second ms:100
[Error] [2025-8-13 17:16:06] WaitForWIPFinish timeout, wait second ms:100
[Error] [2025-8-13 17:16:06] WaitForWIPFinish timeout, wait second ms:100
[Error] [2025-8-13 17:16:06] WaitForWIPFinish timeout, wait second ms:100
[Debug] [2025-8-13 17:16:06] progress bar is 81
[Error] [2025-8-13 17:16:06] WaitForWIPFinish timeout, wait second ms:100
[Error] [2025-8-13 17:16:06] WaitForWIPFinish timeout, wait second ms:100
[Error] [2025-8-13 17:16:07] WaitForWIPFinish timeout, wait second ms:100
[Error] [2025-8-13 17:16:07] WaitForWIPFinish timeout, wait second ms:100
[Debug] [2025-8-13 17:16:07] progress bar is 87
[Error] [2025-8-13 17:16:07] WaitForWIPFinish timeout, wait second ms:100
[Error] [2025-8-13 17:16:07] WaitForWIPFinish timeout, wait second ms:100
[Debug] [2025-8-13 17:16:07] progress bar is 90
[Error] [2025-8-13 17:16:07] WaitForWIPFinish timeout, wait second ms:100
[Error] [2025-8-13 17:16:07] WaitForWIPFinish timeout, wait second ms:100
[Error] [2025-8-13 17:16:08] WaitForWIPFinish timeout, wait second ms:100
[Error] [2025-8-13 17:16:08] WaitForWIPFinish timeout, wait second ms:100
[Error] [2025-8-13 17:16:08] WaitForWIPFinish timeout, wait second ms:100
[Debug] [2025-8-13 17:16:08] progress bar is 96
[Debug] [2025-8-13 17:16:08] progress bar is 100
[Debug] [2025-8-13 17:16:08] end to operate flash: cmd id = 20302
[Debug] [2025-8-13 17:16:08] cmd operation Erase Outer Flash releases locker
[Debug] [2025-8-13 17:16:08] Remove the header data from the client, index : 0
[Debug] [2025-8-13 17:16:08] _total_bytes_size : 1477
[Debug] [2025-8-13 17:16:08] cmd id :20301cmd name : Program Outer Flash
[Debug] [2025-8-13 17:16:08] begin to operate flash: cmd id = 20301
[Debug] [2025-8-13 17:16:08] the idcode from the scanning is: 0x10601899
[Debug] [2025-8-13 17:16:08] the idcode from the scanning is: 0x0
[Debug] [2025-8-13 17:16:08] the idcode from the scanning is: 0x0
[Debug] [2025-8-13 17:16:08] the idcode from the scanning is: 0x0
[Debug] [2025-8-13 17:16:08] the idcode from the scanning is: 0x0
[Debug] [2025-8-13 17:16:08] the value in the status register is :81ffca0
[Debug] [2025-8-13 17:16:08] flash_id is 1c7118
[Debug] [2025-8-13 17:16:08] The value of GigaDevice status register 1 is 0x
[Debug] [2025-8-13 17:16:08] progress bar is 1
[Debug] [2025-8-13 17:16:10] progress bar is 6
[Debug] [2025-8-13 17:16:12] progress bar is 10
[Debug] [2025-8-13 17:16:13] progress bar is 15
[Debug] [2025-8-13 17:16:15] progress bar is 20
[Debug] [2025-8-13 17:16:17] progress bar is 25
[Debug] [2025-8-13 17:16:18] progress bar is 30
[Debug] [2025-8-13 17:16:20] progress bar is 35
[Debug] [2025-8-13 17:16:22] progress bar is 40
[Debug] [2025-8-13 17:16:23] progress bar is 45
[Debug] [2025-8-13 17:16:25] progress bar is 50
[Debug] [2025-8-13 17:16:27] progress bar is 55
[Debug] [2025-8-13 17:16:29] progress bar is 60
[Debug] [2025-8-13 17:16:30] progress bar is 65
[Debug] [2025-8-13 17:16:32] progress bar is 70
[Debug] [2025-8-13 17:16:34] progress bar is 75
[Debug] [2025-8-13 17:16:35] progress bar is 80
[Debug] [2025-8-13 17:16:37] progress bar is 85
[Debug] [2025-8-13 17:16:39] progress bar is 90
[Debug] [2025-8-13 17:16:40] progress bar is 95
[Debug] [2025-8-13 17:16:42] progress bar is 100
[Debug] [2025-8-13 17:16:42] end to operate flash: cmd id = 20301
[Debug] [2025-8-13 17:16:42] cmd operation Program Outer Flash releases locker
[Debug] [2025-8-13 17:16:42] Remove the header data from the client, index : 0
[Debug] [2025-8-13 17:16:42] _total_bytes_size : 1475
[Debug] [2025-8-13 17:16:42] cmd id :20303cmd name : Verify Outer Flash
[Debug] [2025-8-13 17:16:42] begin to operate flash: cmd id = 20303
[Debug] [2025-8-13 17:16:42] the idcode from the scanning is: 0x10601899
[Debug] [2025-8-13 17:16:42] the idcode from the scanning is: 0x0
[Debug] [2025-8-13 17:16:42] the idcode from the scanning is: 0x0
[Debug] [2025-8-13 17:16:42] the idcode from the scanning is: 0x0
[Debug] [2025-8-13 17:16:42] the idcode from the scanning is: 0x0
[Debug] [2025-8-13 17:16:42] the value in the status register is :81ffca0
[Debug] [2025-8-13 17:16:42] flash_id is 1c7118
[Debug] [2025-8-13 17:16:42] the value in the status register is :81ffca0
[Debug] [2025-8-13 17:16:42] progress bar is 1
[Debug] [2025-8-13 17:16:42] progress bar is 6
[Debug] [2025-8-13 17:16:42] progress bar is 10
[Debug] [2025-8-13 17:16:43] progress bar is 15
[Debug] [2025-8-13 17:16:43] progress bar is 20
[Debug] [2025-8-13 17:16:43] progress bar is 25
[Debug] [2025-8-13 17:16:43] progress bar is 30
[Debug] [2025-8-13 17:16:43] progress bar is 35
[Debug] [2025-8-13 17:16:43] progress bar is 40
[Debug] [2025-8-13 17:16:43] progress bar is 45
[Debug] [2025-8-13 17:16:43] progress bar is 50
[Debug] [2025-8-13 17:16:43] progress bar is 55
[Debug] [2025-8-13 17:16:43] progress bar is 60
[Debug] [2025-8-13 17:16:44] progress bar is 65
[Debug] [2025-8-13 17:16:44] progress bar is 70
[Debug] [2025-8-13 17:16:44] progress bar is 75
[Debug] [2025-8-13 17:16:44] progress bar is 80
[Debug] [2025-8-13 17:16:44] progress bar is 85
[Debug] [2025-8-13 17:16:44] progress bar is 90
[Debug] [2025-8-13 17:16:44] progress bar is 95
[Debug] [2025-8-13 17:16:44] progress bar is 100
[Debug] [2025-8-13 17:16:45] end to operate flash: cmd id = 20303
[Debug] [2025-8-13 17:16:45] cmd operation Verify Outer Flash releases locker
[Debug] [2025-8-13 17:22:25] Remove the header data from the client, index : 0
[Debug] [2025-8-13 17:22:25] _total_bytes_size : 1480
[Debug] [2025-8-13 17:22:25] cmd id :20302cmd name : Erase Outer Flash
[Debug] [2025-8-13 17:22:25] begin to operate flash: cmd id = 20302
[Debug] [2025-8-13 17:22:26] the idcode from the scanning is: 0x10601899
[Debug] [2025-8-13 17:22:26] the idcode from the scanning is: 0x0
[Debug] [2025-8-13 17:22:26] the idcode from the scanning is: 0x0
[Debug] [2025-8-13 17:22:26] the idcode from the scanning is: 0x0
[Debug] [2025-8-13 17:22:26] the idcode from the scanning is: 0x0
[Debug] [2025-8-13 17:22:26] the value in the status register is :180c80
[Debug] [2025-8-13 17:22:26] flash_id is 1c7118
[Debug] [2025-8-13 17:22:26] the value in the status register is :180c80
[Debug] [2025-8-13 17:22:26] progress bar is 1
[Error] [2025-8-13 17:22:26] WaitForWIPFinish timeout, wait second ms:100
[Error] [2025-8-13 17:22:26] WaitForWIPFinish timeout, wait second ms:100
[Error] [2025-8-13 17:22:26] WaitForWIPFinish timeout, wait second ms:100
[Error] [2025-8-13 17:22:26] WaitForWIPFinish timeout, wait second ms:100
[Error] [2025-8-13 17:22:26] WaitForWIPFinish timeout, wait second ms:100
[Error] [2025-8-13 17:22:26] WaitForWIPFinish timeout, wait second ms:100
[Debug] [2025-8-13 17:22:27] progress bar is 6
[Error] [2025-8-13 17:22:27] WaitForWIPFinish timeout, wait second ms:100
[Error] [2025-8-13 17:22:27] WaitForWIPFinish timeout, wait second ms:100
[Error] [2025-8-13 17:22:27] WaitForWIPFinish timeout, wait second ms:100
[Error] [2025-8-13 17:22:27] WaitForWIPFinish timeout, wait second ms:100
[Error] [2025-8-13 17:22:27] WaitForWIPFinish timeout, wait second ms:100
[Debug] [2025-8-13 17:22:27] progress bar is 12
[Error] [2025-8-13 17:22:27] WaitForWIPFinish timeout, wait second ms:100
[Error] [2025-8-13 17:22:27] WaitForWIPFinish timeout, wait second ms:100
[Debug] [2025-8-13 17:22:28] progress bar is 15
[Error] [2025-8-13 17:22:28] WaitForWIPFinish timeout, wait second ms:100
[Error] [2025-8-13 17:22:28] WaitForWIPFinish timeout, wait second ms:100
[Error] [2025-8-13 17:22:28] WaitForWIPFinish timeout, wait second ms:100
[Error] [2025-8-13 17:22:28] WaitForWIPFinish timeout, wait second ms:100
[Error] [2025-8-13 17:22:28] WaitForWIPFinish timeout, wait second ms:100
[Error] [2025-8-13 17:22:28] WaitForWIPFinish timeout, wait second ms:100
[Debug] [2025-8-13 17:22:28] progress bar is 21
[Error] [2025-8-13 17:22:29] WaitForWIPFinish timeout, wait second ms:100
[Error] [2025-8-13 17:22:29] WaitForWIPFinish timeout, wait second ms:100
[Error] [2025-8-13 17:22:29] WaitForWIPFinish timeout, wait second ms:100
[Error] [2025-8-13 17:22:29] WaitForWIPFinish timeout, wait second ms:100
[Error] [2025-8-13 17:22:29] WaitForWIPFinish timeout, wait second ms:100
[Debug] [2025-8-13 17:22:29] progress bar is 27
[Error] [2025-8-13 17:22:29] WaitForWIPFinish timeout, wait second ms:100
[Error] [2025-8-13 17:22:29] WaitForWIPFinish timeout, wait second ms:100
[Debug] [2025-8-13 17:22:30] progress bar is 30
[Error] [2025-8-13 17:22:30] WaitForWIPFinish timeout, wait second ms:100
[Error] [2025-8-13 17:22:30] WaitForWIPFinish timeout, wait second ms:100
[Error] [2025-8-13 17:22:30] WaitForWIPFinish timeout, wait second ms:100
[Error] [2025-8-13 17:22:30] WaitForWIPFinish timeout, wait second ms:100
[Debug] [2025-8-13 17:22:30] progress bar is 36
[Error] [2025-8-13 17:22:30] WaitForWIPFinish timeout, wait second ms:100
[Error] [2025-8-13 17:22:30] WaitForWIPFinish timeout, wait second ms:100
[Error] [2025-8-13 17:22:31] WaitForWIPFinish timeout, wait second ms:100
[Error] [2025-8-13 17:22:31] WaitForWIPFinish timeout, wait second ms:100
[Error] [2025-8-13 17:22:31] WaitForWIPFinish timeout, wait second ms:100
[Debug] [2025-8-13 17:22:31] progress bar is 42
[Error] [2025-8-13 17:22:31] WaitForWIPFinish timeout, wait second ms:100
[Error] [2025-8-13 17:22:31] WaitForWIPFinish timeout, wait second ms:100
[Debug] [2025-8-13 17:22:31] progress bar is 45
[Error] [2025-8-13 17:22:31] WaitForWIPFinish timeout, wait second ms:100
[Error] [2025-8-13 17:22:31] WaitForWIPFinish timeout, wait second ms:100
[Error] [2025-8-13 17:22:32] WaitForWIPFinish timeout, wait second ms:100
[Error] [2025-8-13 17:22:32] WaitForWIPFinish timeout, wait second ms:100
[Error] [2025-8-13 17:22:32] WaitForWIPFinish timeout, wait second ms:100
[Debug] [2025-8-13 17:22:32] progress bar is 51
[Error] [2025-8-13 17:22:32] WaitForWIPFinish timeout, wait second ms:100
[Error] [2025-8-13 17:22:32] WaitForWIPFinish timeout, wait second ms:100
[Error] [2025-8-13 17:22:32] WaitForWIPFinish timeout, wait second ms:100
[Error] [2025-8-13 17:22:33] WaitForWIPFinish timeout, wait second ms:100
[Debug] [2025-8-13 17:22:33] progress bar is 57
[Error] [2025-8-13 17:22:33] WaitForWIPFinish timeout, wait second ms:100
[Error] [2025-8-13 17:22:33] WaitForWIPFinish timeout, wait second ms:100
[Debug] [2025-8-13 17:22:33] progress bar is 60
[Error] [2025-8-13 17:22:33] WaitForWIPFinish timeout, wait second ms:100
[Error] [2025-8-13 17:22:33] WaitForWIPFinish timeout, wait second ms:100
[Error] [2025-8-13 17:22:33] WaitForWIPFinish timeout, wait second ms:100
[Error] [2025-8-13 17:22:34] WaitForWIPFinish timeout, wait second ms:100
[Debug] [2025-8-13 17:22:34] progress bar is 66
[Error] [2025-8-13 17:22:34] WaitForWIPFinish timeout, wait second ms:100
[Error] [2025-8-13 17:22:34] WaitForWIPFinish timeout, wait second ms:100
[Error] [2025-8-13 17:22:34] WaitForWIPFinish timeout, wait second ms:100
[Error] [2025-8-13 17:22:34] WaitForWIPFinish timeout, wait second ms:100
[Debug] [2025-8-13 17:22:34] progress bar is 72
[Error] [2025-8-13 17:22:34] WaitForWIPFinish timeout, wait second ms:100
[Error] [2025-8-13 17:22:34] WaitForWIPFinish timeout, wait second ms:100
[Debug] [2025-8-13 17:22:35] progress bar is 75
[Error] [2025-8-13 17:22:35] WaitForWIPFinish timeout, wait second ms:100
[Error] [2025-8-13 17:22:35] WaitForWIPFinish timeout, wait second ms:100
[Error] [2025-8-13 17:22:35] WaitForWIPFinish timeout, wait second ms:100
[Error] [2025-8-13 17:22:35] WaitForWIPFinish timeout, wait second ms:100
[Error] [2025-8-13 17:22:35] WaitForWIPFinish timeout, wait second ms:100
[Error] [2025-8-13 17:22:35] WaitForWIPFinish timeout, wait second ms:100
[Debug] [2025-8-13 17:22:35] progress bar is 81
[Error] [2025-8-13 17:22:36] WaitForWIPFinish timeout, wait second ms:100
[Error] [2025-8-13 17:22:36] WaitForWIPFinish timeout, wait second ms:100
[Error] [2025-8-13 17:22:36] WaitForWIPFinish timeout, wait second ms:100
[Error] [2025-8-13 17:22:36] WaitForWIPFinish timeout, wait second ms:100
[Debug] [2025-8-13 17:22:36] progress bar is 87
[Error] [2025-8-13 17:22:36] WaitForWIPFinish timeout, wait second ms:100
[Error] [2025-8-13 17:22:36] WaitForWIPFinish timeout, wait second ms:100
[Debug] [2025-8-13 17:22:36] progress bar is 90
[Error] [2025-8-13 17:22:37] WaitForWIPFinish timeout, wait second ms:100
[Error] [2025-8-13 17:22:37] WaitForWIPFinish timeout, wait second ms:100
[Error] [2025-8-13 17:22:37] WaitForWIPFinish timeout, wait second ms:100
[Error] [2025-8-13 17:22:37] WaitForWIPFinish timeout, wait second ms:100
[Error] [2025-8-13 17:22:37] WaitForWIPFinish timeout, wait second ms:100
[Debug] [2025-8-13 17:22:37] progress bar is 96
[Debug] [2025-8-13 17:22:37] progress bar is 100
[Debug] [2025-8-13 17:22:37] end to operate flash: cmd id = 20302
[Debug] [2025-8-13 17:22:37] cmd operation Erase Outer Flash releases locker
[Debug] [2025-8-13 17:22:37] Remove the header data from the client, index : 0
[Debug] [2025-8-13 17:22:37] _total_bytes_size : 1477
[Debug] [2025-8-13 17:22:37] cmd id :20301cmd name : Program Outer Flash
[Debug] [2025-8-13 17:22:37] begin to operate flash: cmd id = 20301
[Debug] [2025-8-13 17:22:37] the idcode from the scanning is: 0x10601899
[Debug] [2025-8-13 17:22:37] the idcode from the scanning is: 0x0
[Debug] [2025-8-13 17:22:37] the idcode from the scanning is: 0x0
[Debug] [2025-8-13 17:22:37] the idcode from the scanning is: 0x0
[Debug] [2025-8-13 17:22:37] the idcode from the scanning is: 0x0
[Debug] [2025-8-13 17:22:37] the value in the status register is :180c80
[Debug] [2025-8-13 17:22:37] flash_id is 1c7118
[Debug] [2025-8-13 17:22:37] The value of GigaDevice status register 1 is 0x
[Debug] [2025-8-13 17:22:37] progress bar is 1
[Debug] [2025-8-13 17:22:39] progress bar is 6
[Debug] [2025-8-13 17:22:41] progress bar is 10
[Debug] [2025-8-13 17:22:42] progress bar is 15
[Debug] [2025-8-13 17:22:44] progress bar is 20
[Debug] [2025-8-13 17:22:46] progress bar is 25
[Debug] [2025-8-13 17:22:47] progress bar is 30
[Debug] [2025-8-13 17:22:49] progress bar is 35
[Debug] [2025-8-13 17:22:51] progress bar is 40
[Debug] [2025-8-13 17:22:52] progress bar is 45
[Debug] [2025-8-13 17:22:54] progress bar is 50
[Debug] [2025-8-13 17:22:56] progress bar is 55
[Debug] [2025-8-13 17:22:57] progress bar is 60
[Debug] [2025-8-13 17:22:59] progress bar is 65
[Debug] [2025-8-13 17:23:01] progress bar is 70
[Debug] [2025-8-13 17:23:02] progress bar is 75
[Debug] [2025-8-13 17:23:04] progress bar is 80
[Debug] [2025-8-13 17:23:06] progress bar is 85
[Debug] [2025-8-13 17:23:07] progress bar is 90
[Debug] [2025-8-13 17:23:09] progress bar is 95
[Debug] [2025-8-13 17:23:11] progress bar is 100
[Debug] [2025-8-13 17:23:11] end to operate flash: cmd id = 20301
[Debug] [2025-8-13 17:23:11] cmd operation Program Outer Flash releases locker
[Debug] [2025-8-13 17:23:11] Remove the header data from the client, index : 0
[Debug] [2025-8-13 17:23:11] _total_bytes_size : 1475
[Debug] [2025-8-13 17:23:11] cmd id :20303cmd name : Verify Outer Flash
[Debug] [2025-8-13 17:23:11] begin to operate flash: cmd id = 20303
[Debug] [2025-8-13 17:23:11] the idcode from the scanning is: 0x10601899
[Debug] [2025-8-13 17:23:11] the idcode from the scanning is: 0x0
[Debug] [2025-8-13 17:23:11] the idcode from the scanning is: 0x0
[Debug] [2025-8-13 17:23:11] the idcode from the scanning is: 0x0
[Debug] [2025-8-13 17:23:11] the idcode from the scanning is: 0x0
[Debug] [2025-8-13 17:23:11] the value in the status register is :180c80
[Debug] [2025-8-13 17:23:11] flash_id is 1c7118
[Debug] [2025-8-13 17:23:11] the value in the status register is :180c80
[Debug] [2025-8-13 17:23:11] progress bar is 1
[Debug] [2025-8-13 17:23:11] progress bar is 6
[Debug] [2025-8-13 17:23:11] progress bar is 10
[Debug] [2025-8-13 17:23:11] progress bar is 15
[Debug] [2025-8-13 17:23:11] progress bar is 20
[Debug] [2025-8-13 17:23:12] progress bar is 25
[Debug] [2025-8-13 17:23:12] progress bar is 30
[Debug] [2025-8-13 17:23:12] progress bar is 35
[Debug] [2025-8-13 17:23:12] progress bar is 40
[Debug] [2025-8-13 17:23:12] progress bar is 45
[Debug] [2025-8-13 17:23:12] progress bar is 50
[Debug] [2025-8-13 17:23:12] progress bar is 55
[Debug] [2025-8-13 17:23:12] progress bar is 60
[Debug] [2025-8-13 17:23:12] progress bar is 65
[Debug] [2025-8-13 17:23:12] progress bar is 70
[Debug] [2025-8-13 17:23:13] progress bar is 75
[Debug] [2025-8-13 17:23:13] progress bar is 80
[Debug] [2025-8-13 17:23:13] progress bar is 85
[Debug] [2025-8-13 17:23:13] progress bar is 90
[Debug] [2025-8-13 17:23:13] progress bar is 95
[Debug] [2025-8-13 17:23:13] progress bar is 100
[Debug] [2025-8-13 17:23:13] end to operate flash: cmd id = 20303
[Debug] [2025-8-13 17:23:13] cmd operation Verify Outer Flash releases locker
[Debug] [2025-8-13 17:32:40] Remove the header data from the client, index : 0
[Debug] [2025-8-13 17:32:40] _total_bytes_size : 1480
[Debug] [2025-8-13 17:32:40] cmd id :20302cmd name : Erase Outer Flash
[Debug] [2025-8-13 17:32:40] begin to operate flash: cmd id = 20302
[Debug] [2025-8-13 17:32:41] the idcode from the scanning is: 0x10601899
[Debug] [2025-8-13 17:32:41] the idcode from the scanning is: 0x0
[Debug] [2025-8-13 17:32:41] the idcode from the scanning is: 0x0
[Debug] [2025-8-13 17:32:41] the idcode from the scanning is: 0x0
[Debug] [2025-8-13 17:32:41] the idcode from the scanning is: 0x0
[Debug] [2025-8-13 17:32:41] the value in the status register is :81ffca0
[Debug] [2025-8-13 17:32:41] flash_id is 1c7118
[Debug] [2025-8-13 17:32:41] the value in the status register is :81ffca0
[Debug] [2025-8-13 17:32:41] progress bar is 1
[Error] [2025-8-13 17:32:41] WaitForWIPFinish timeout, wait second ms:100
[Error] [2025-8-13 17:32:41] WaitForWIPFinish timeout, wait second ms:100
[Error] [2025-8-13 17:32:41] WaitForWIPFinish timeout, wait second ms:100
[Error] [2025-8-13 17:32:41] WaitForWIPFinish timeout, wait second ms:100
[Error] [2025-8-13 17:32:41] WaitForWIPFinish timeout, wait second ms:100
[Error] [2025-8-13 17:32:42] WaitForWIPFinish timeout, wait second ms:100
[Error] [2025-8-13 17:32:42] WaitForWIPFinish timeout, wait second ms:100
[Debug] [2025-8-13 17:32:42] progress bar is 6
[Error] [2025-8-13 17:32:42] WaitForWIPFinish timeout, wait second ms:100
[Error] [2025-8-13 17:32:42] WaitForWIPFinish timeout, wait second ms:100
[Error] [2025-8-13 17:32:42] WaitForWIPFinish timeout, wait second ms:100
[Error] [2025-8-13 17:32:42] WaitForWIPFinish timeout, wait second ms:100
[Error] [2025-8-13 17:32:42] WaitForWIPFinish timeout, wait second ms:100
[Debug] [2025-8-13 17:32:42] progress bar is 12
[Error] [2025-8-13 17:32:43] WaitForWIPFinish timeout, wait second ms:100
[Error] [2025-8-13 17:32:43] WaitForWIPFinish timeout, wait second ms:100
[Debug] [2025-8-13 17:32:43] progress bar is 15
[Error] [2025-8-13 17:32:43] WaitForWIPFinish timeout, wait second ms:100
[Error] [2025-8-13 17:32:43] WaitForWIPFinish timeout, wait second ms:100
[Error] [2025-8-13 17:32:43] WaitForWIPFinish timeout, wait second ms:100
[Error] [2025-8-13 17:32:43] WaitForWIPFinish timeout, wait second ms:100
[Error] [2025-8-13 17:32:43] WaitForWIPFinish timeout, wait second ms:100
[Error] [2025-8-13 17:32:44] WaitForWIPFinish timeout, wait second ms:100
[Debug] [2025-8-13 17:32:44] progress bar is 21
[Error] [2025-8-13 17:32:44] WaitForWIPFinish timeout, wait second ms:100
[Error] [2025-8-13 17:32:44] WaitForWIPFinish timeout, wait second ms:100
[Error] [2025-8-13 17:32:44] WaitForWIPFinish timeout, wait second ms:100
[Error] [2025-8-13 17:32:44] WaitForWIPFinish timeout, wait second ms:100
[Error] [2025-8-13 17:32:44] WaitForWIPFinish timeout, wait second ms:100
[Debug] [2025-8-13 17:32:44] progress bar is 27
[Error] [2025-8-13 17:32:44] WaitForWIPFinish timeout, wait second ms:100
[Error] [2025-8-13 17:32:45] WaitForWIPFinish timeout, wait second ms:100
[Debug] [2025-8-13 17:32:45] progress bar is 30
[Error] [2025-8-13 17:32:45] WaitForWIPFinish timeout, wait second ms:100
[Error] [2025-8-13 17:32:45] WaitForWIPFinish timeout, wait second ms:100
[Error] [2025-8-13 17:32:45] WaitForWIPFinish timeout, wait second ms:100
[Error] [2025-8-13 17:32:45] WaitForWIPFinish timeout, wait second ms:100
[Debug] [2025-8-13 17:32:45] progress bar is 36
[Error] [2025-8-13 17:32:45] WaitForWIPFinish timeout, wait second ms:100
[Error] [2025-8-13 17:32:46] WaitForWIPFinish timeout, wait second ms:100
[Error] [2025-8-13 17:32:46] WaitForWIPFinish timeout, wait second ms:100
[Error] [2025-8-13 17:32:46] WaitForWIPFinish timeout, wait second ms:100
[Error] [2025-8-13 17:32:46] WaitForWIPFinish timeout, wait second ms:100
[Debug] [2025-8-13 17:32:46] progress bar is 42
[Error] [2025-8-13 17:32:46] WaitForWIPFinish timeout, wait second ms:100
[Error] [2025-8-13 17:32:46] WaitForWIPFinish timeout, wait second ms:100
[Error] [2025-8-13 17:32:46] WaitForWIPFinish timeout, wait second ms:100
[Debug] [2025-8-13 17:32:47] progress bar is 45
[Error] [2025-8-13 17:32:47] WaitForWIPFinish timeout, wait second ms:100
[Error] [2025-8-13 17:32:47] WaitForWIPFinish timeout, wait second ms:100
[Error] [2025-8-13 17:32:47] WaitForWIPFinish timeout, wait second ms:100
[Error] [2025-8-13 17:32:47] WaitForWIPFinish timeout, wait second ms:100
[Error] [2025-8-13 17:32:47] WaitForWIPFinish timeout, wait second ms:100
[Debug] [2025-8-13 17:32:47] progress bar is 51
[Error] [2025-8-13 17:32:47] WaitForWIPFinish timeout, wait second ms:100
[Error] [2025-8-13 17:32:47] WaitForWIPFinish timeout, wait second ms:100
[Error] [2025-8-13 17:32:48] WaitForWIPFinish timeout, wait second ms:100
[Error] [2025-8-13 17:32:48] WaitForWIPFinish timeout, wait second ms:100
[Error] [2025-8-13 17:32:48] WaitForWIPFinish timeout, wait second ms:100
[Debug] [2025-8-13 17:32:48] progress bar is 57
[Error] [2025-8-13 17:32:48] WaitForWIPFinish timeout, wait second ms:100
[Error] [2025-8-13 17:32:48] WaitForWIPFinish timeout, wait second ms:100
[Debug] [2025-8-13 17:32:48] progress bar is 60
[Error] [2025-8-13 17:32:48] WaitForWIPFinish timeout, wait second ms:100
[Error] [2025-8-13 17:32:49] WaitForWIPFinish timeout, wait second ms:100
[Error] [2025-8-13 17:32:49] WaitForWIPFinish timeout, wait second ms:100
[Error] [2025-8-13 17:32:49] WaitForWIPFinish timeout, wait second ms:100
[Debug] [2025-8-13 17:32:49] progress bar is 66
[Error] [2025-8-13 17:32:49] WaitForWIPFinish timeout, wait second ms:100
[Error] [2025-8-13 17:32:49] WaitForWIPFinish timeout, wait second ms:100
[Error] [2025-8-13 17:32:49] WaitForWIPFinish timeout, wait second ms:100
[Error] [2025-8-13 17:32:49] WaitForWIPFinish timeout, wait second ms:100
[Debug] [2025-8-13 17:32:50] progress bar is 72
[Error] [2025-8-13 17:32:50] WaitForWIPFinish timeout, wait second ms:100
[Error] [2025-8-13 17:32:50] WaitForWIPFinish timeout, wait second ms:100
[Debug] [2025-8-13 17:32:50] progress bar is 75
[Error] [2025-8-13 17:32:50] WaitForWIPFinish timeout, wait second ms:100
[Error] [2025-8-13 17:32:50] WaitForWIPFinish timeout, wait second ms:100
[Error] [2025-8-13 17:32:50] WaitForWIPFinish timeout, wait second ms:100
[Error] [2025-8-13 17:32:50] WaitForWIPFinish timeout, wait second ms:100
[Debug] [2025-8-13 17:32:51] progress bar is 81
[Error] [2025-8-13 17:32:51] WaitForWIPFinish timeout, wait second ms:100
[Error] [2025-8-13 17:32:51] WaitForWIPFinish timeout, wait second ms:100
[Error] [2025-8-13 17:32:51] WaitForWIPFinish timeout, wait second ms:100
[Error] [2025-8-13 17:32:51] WaitForWIPFinish timeout, wait second ms:100
[Debug] [2025-8-13 17:32:51] progress bar is 87
[Error] [2025-8-13 17:32:51] WaitForWIPFinish timeout, wait second ms:100
[Error] [2025-8-13 17:32:51] WaitForWIPFinish timeout, wait second ms:100
[Debug] [2025-8-13 17:32:52] progress bar is 90
[Error] [2025-8-13 17:32:52] WaitForWIPFinish timeout, wait second ms:100
[Error] [2025-8-13 17:32:52] WaitForWIPFinish timeout, wait second ms:100
[Error] [2025-8-13 17:32:52] WaitForWIPFinish timeout, wait second ms:100
[Error] [2025-8-13 17:32:52] WaitForWIPFinish timeout, wait second ms:100
[Error] [2025-8-13 17:32:52] WaitForWIPFinish timeout, wait second ms:100
[Debug] [2025-8-13 17:32:52] progress bar is 96
[Debug] [2025-8-13 17:32:52] progress bar is 100
[Debug] [2025-8-13 17:32:53] end to operate flash: cmd id = 20302
[Debug] [2025-8-13 17:32:53] cmd operation Erase Outer Flash releases locker
[Debug] [2025-8-13 17:32:53] Remove the header data from the client, index : 0
[Debug] [2025-8-13 17:32:53] _total_bytes_size : 1477
[Debug] [2025-8-13 17:32:53] cmd id :20301cmd name : Program Outer Flash
[Debug] [2025-8-13 17:32:53] begin to operate flash: cmd id = 20301
[Debug] [2025-8-13 17:32:53] the idcode from the scanning is: 0x10601899
[Debug] [2025-8-13 17:32:53] the idcode from the scanning is: 0x0
[Debug] [2025-8-13 17:32:53] the idcode from the scanning is: 0x0
[Debug] [2025-8-13 17:32:53] the idcode from the scanning is: 0x0
[Debug] [2025-8-13 17:32:53] the idcode from the scanning is: 0x0
[Debug] [2025-8-13 17:32:53] the value in the status register is :81ffca0
[Debug] [2025-8-13 17:32:53] flash_id is 1c7118
[Debug] [2025-8-13 17:32:53] The value of GigaDevice status register 1 is 0x
[Debug] [2025-8-13 17:32:53] progress bar is 1
[Debug] [2025-8-13 17:32:55] progress bar is 6
[Debug] [2025-8-13 17:32:56] progress bar is 10
[Debug] [2025-8-13 17:32:58] progress bar is 15
[Debug] [2025-8-13 17:32:59] progress bar is 20
[Debug] [2025-8-13 17:33:01] progress bar is 25
[Debug] [2025-8-13 17:33:03] progress bar is 30
[Debug] [2025-8-13 17:33:04] progress bar is 35
[Debug] [2025-8-13 17:33:06] progress bar is 40
[Debug] [2025-8-13 17:33:08] progress bar is 45
[Debug] [2025-8-13 17:33:09] progress bar is 50
[Debug] [2025-8-13 17:33:11] progress bar is 55
[Debug] [2025-8-13 17:33:13] progress bar is 60
[Debug] [2025-8-13 17:33:14] progress bar is 65
[Debug] [2025-8-13 17:33:16] progress bar is 70
[Debug] [2025-8-13 17:33:18] progress bar is 75
[Debug] [2025-8-13 17:33:19] progress bar is 80
[Debug] [2025-8-13 17:33:21] progress bar is 85
[Debug] [2025-8-13 17:33:23] progress bar is 90
[Debug] [2025-8-13 17:33:24] progress bar is 95
[Debug] [2025-8-13 17:33:26] progress bar is 100
[Debug] [2025-8-13 17:33:26] end to operate flash: cmd id = 20301
[Debug] [2025-8-13 17:33:26] cmd operation Program Outer Flash releases locker
[Debug] [2025-8-13 17:33:26] Remove the header data from the client, index : 0
[Debug] [2025-8-13 17:33:26] _total_bytes_size : 1475
[Debug] [2025-8-13 17:33:26] cmd id :20303cmd name : Verify Outer Flash
[Debug] [2025-8-13 17:33:26] begin to operate flash: cmd id = 20303
[Debug] [2025-8-13 17:33:26] the idcode from the scanning is: 0x10601899
[Debug] [2025-8-13 17:33:26] the idcode from the scanning is: 0x0
[Debug] [2025-8-13 17:33:26] the idcode from the scanning is: 0x0
[Debug] [2025-8-13 17:33:26] the idcode from the scanning is: 0x0
[Debug] [2025-8-13 17:33:26] the idcode from the scanning is: 0x0
[Debug] [2025-8-13 17:33:26] the value in the status register is :81ffca0
[Debug] [2025-8-13 17:33:26] flash_id is 1c7118
[Debug] [2025-8-13 17:33:26] the value in the status register is :81ffca0
[Debug] [2025-8-13 17:33:26] progress bar is 1
[Debug] [2025-8-13 17:33:26] progress bar is 6
[Debug] [2025-8-13 17:33:27] progress bar is 10
[Debug] [2025-8-13 17:33:27] progress bar is 15
[Debug] [2025-8-13 17:33:27] progress bar is 20
[Debug] [2025-8-13 17:33:27] progress bar is 25
[Debug] [2025-8-13 17:33:27] progress bar is 30
[Debug] [2025-8-13 17:33:27] progress bar is 35
[Debug] [2025-8-13 17:33:27] progress bar is 40
[Debug] [2025-8-13 17:33:27] progress bar is 45
[Debug] [2025-8-13 17:33:27] progress bar is 50
[Debug] [2025-8-13 17:33:27] progress bar is 55
[Debug] [2025-8-13 17:33:28] progress bar is 60
[Debug] [2025-8-13 17:33:28] progress bar is 65
[Debug] [2025-8-13 17:33:28] progress bar is 70
[Debug] [2025-8-13 17:33:28] progress bar is 75
[Debug] [2025-8-13 17:33:28] progress bar is 80
[Debug] [2025-8-13 17:33:28] progress bar is 85
[Debug] [2025-8-13 17:33:28] progress bar is 90
[Debug] [2025-8-13 17:33:28] progress bar is 95
[Debug] [2025-8-13 17:33:28] progress bar is 100
[Debug] [2025-8-13 17:33:29] end to operate flash: cmd id = 20303
[Debug] [2025-8-13 17:33:29] cmd operation Verify Outer Flash releases locker
[Debug] [2025-8-13 17:49:18] Remove the header data from the client, index : 0
[Debug] [2025-8-13 17:49:18] _total_bytes_size : 1480
[Debug] [2025-8-13 17:49:18] cmd id :20302cmd name : Erase Outer Flash
[Debug] [2025-8-13 17:49:18] begin to operate flash: cmd id = 20302
[Debug] [2025-8-13 17:49:18] the idcode from the scanning is: 0x10601899
[Debug] [2025-8-13 17:49:18] the idcode from the scanning is: 0x0
[Debug] [2025-8-13 17:49:18] the idcode from the scanning is: 0x0
[Debug] [2025-8-13 17:49:18] the idcode from the scanning is: 0x0
[Debug] [2025-8-13 17:49:18] the idcode from the scanning is: 0x0
[Debug] [2025-8-13 17:49:18] the value in the status register is :81ffca0
[Debug] [2025-8-13 17:49:18] flash_id is 1c7118
[Debug] [2025-8-13 17:49:18] the value in the status register is :81ffca0
[Debug] [2025-8-13 17:49:18] progress bar is 1
[Error] [2025-8-13 17:49:18] WaitForWIPFinish timeout, wait second ms:100
[Error] [2025-8-13 17:49:18] WaitForWIPFinish timeout, wait second ms:100
[Error] [2025-8-13 17:49:18] WaitForWIPFinish timeout, wait second ms:100
[Error] [2025-8-13 17:49:19] WaitForWIPFinish timeout, wait second ms:100
[Error] [2025-8-13 17:49:19] WaitForWIPFinish timeout, wait second ms:100
[Error] [2025-8-13 17:49:19] WaitForWIPFinish timeout, wait second ms:100
[Error] [2025-8-13 17:49:19] WaitForWIPFinish timeout, wait second ms:100
[Debug] [2025-8-13 17:49:19] progress bar is 6
[Error] [2025-8-13 17:49:19] WaitForWIPFinish timeout, wait second ms:100
[Error] [2025-8-13 17:49:19] WaitForWIPFinish timeout, wait second ms:100
[Error] [2025-8-13 17:49:19] WaitForWIPFinish timeout, wait second ms:100
[Error] [2025-8-13 17:49:20] WaitForWIPFinish timeout, wait second ms:100
[Debug] [2025-8-13 17:49:20] progress bar is 12
[Error] [2025-8-13 17:49:20] WaitForWIPFinish timeout, wait second ms:100
[Error] [2025-8-13 17:49:20] WaitForWIPFinish timeout, wait second ms:100
[Debug] [2025-8-13 17:49:20] progress bar is 15
[Error] [2025-8-13 17:49:20] WaitForWIPFinish timeout, wait second ms:100
[Error] [2025-8-13 17:49:20] WaitForWIPFinish timeout, wait second ms:100
[Error] [2025-8-13 17:49:20] WaitForWIPFinish timeout, wait second ms:100
[Error] [2025-8-13 17:49:21] WaitForWIPFinish timeout, wait second ms:100
[Error] [2025-8-13 17:49:21] WaitForWIPFinish timeout, wait second ms:100
[Error] [2025-8-13 17:49:21] WaitForWIPFinish timeout, wait second ms:100
[Debug] [2025-8-13 17:49:21] progress bar is 21
[Error] [2025-8-13 17:49:21] WaitForWIPFinish timeout, wait second ms:100
[Error] [2025-8-13 17:49:21] WaitForWIPFinish timeout, wait second ms:100
[Error] [2025-8-13 17:49:21] WaitForWIPFinish timeout, wait second ms:100
[Error] [2025-8-13 17:49:21] WaitForWIPFinish timeout, wait second ms:100
[Error] [2025-8-13 17:49:22] WaitForWIPFinish timeout, wait second ms:100
[Debug] [2025-8-13 17:49:22] progress bar is 27
[Error] [2025-8-13 17:49:22] WaitForWIPFinish timeout, wait second ms:100
[Error] [2025-8-13 17:49:22] WaitForWIPFinish timeout, wait second ms:100
[Debug] [2025-8-13 17:49:22] progress bar is 30
[Error] [2025-8-13 17:49:22] WaitForWIPFinish timeout, wait second ms:100
[Error] [2025-8-13 17:49:22] WaitForWIPFinish timeout, wait second ms:100
[Error] [2025-8-13 17:49:22] WaitForWIPFinish timeout, wait second ms:100
[Error] [2025-8-13 17:49:22] WaitForWIPFinish timeout, wait second ms:100
[Debug] [2025-8-13 17:49:23] progress bar is 36
[Error] [2025-8-13 17:49:23] WaitForWIPFinish timeout, wait second ms:100
[Error] [2025-8-13 17:49:23] WaitForWIPFinish timeout, wait second ms:100
[Error] [2025-8-13 17:49:23] WaitForWIPFinish timeout, wait second ms:100
[Error] [2025-8-13 17:49:23] WaitForWIPFinish timeout, wait second ms:100
[Error] [2025-8-13 17:49:23] WaitForWIPFinish timeout, wait second ms:100
[Debug] [2025-8-13 17:49:23] progress bar is 42
[Error] [2025-8-13 17:49:23] WaitForWIPFinish timeout, wait second ms:100
[Error] [2025-8-13 17:49:24] WaitForWIPFinish timeout, wait second ms:100
[Error] [2025-8-13 17:49:24] WaitForWIPFinish timeout, wait second ms:100
[Debug] [2025-8-13 17:49:24] progress bar is 45
[Error] [2025-8-13 17:49:24] WaitForWIPFinish timeout, wait second ms:100
[Error] [2025-8-13 17:49:24] WaitForWIPFinish timeout, wait second ms:100
[Error] [2025-8-13 17:49:24] WaitForWIPFinish timeout, wait second ms:100
[Error] [2025-8-13 17:49:24] WaitForWIPFinish timeout, wait second ms:100
[Debug] [2025-8-13 17:49:24] progress bar is 51
[Error] [2025-8-13 17:49:24] WaitForWIPFinish timeout, wait second ms:100
[Error] [2025-8-13 17:49:25] WaitForWIPFinish timeout, wait second ms:100
[Error] [2025-8-13 17:49:25] WaitForWIPFinish timeout, wait second ms:100
[Error] [2025-8-13 17:49:25] WaitForWIPFinish timeout, wait second ms:100
[Debug] [2025-8-13 17:49:25] progress bar is 57
[Error] [2025-8-13 17:49:25] WaitForWIPFinish timeout, wait second ms:100
[Error] [2025-8-13 17:49:25] WaitForWIPFinish timeout, wait second ms:100
[Debug] [2025-8-13 17:49:25] progress bar is 60
[Error] [2025-8-13 17:49:25] WaitForWIPFinish timeout, wait second ms:100
[Error] [2025-8-13 17:49:26] WaitForWIPFinish timeout, wait second ms:100
[Error] [2025-8-13 17:49:26] WaitForWIPFinish timeout, wait second ms:100
[Error] [2025-8-13 17:49:26] WaitForWIPFinish timeout, wait second ms:100
[Debug] [2025-8-13 17:49:26] progress bar is 66
[Error] [2025-8-13 17:49:26] WaitForWIPFinish timeout, wait second ms:100
[Error] [2025-8-13 17:49:26] WaitForWIPFinish timeout, wait second ms:100
[Error] [2025-8-13 17:49:26] WaitForWIPFinish timeout, wait second ms:100
[Error] [2025-8-13 17:49:27] WaitForWIPFinish timeout, wait second ms:100
[Debug] [2025-8-13 17:49:27] progress bar is 72
[Error] [2025-8-13 17:49:27] WaitForWIPFinish timeout, wait second ms:100
[Error] [2025-8-13 17:49:27] WaitForWIPFinish timeout, wait second ms:100
[Debug] [2025-8-13 17:49:27] progress bar is 75
[Error] [2025-8-13 17:49:27] WaitForWIPFinish timeout, wait second ms:100
[Error] [2025-8-13 17:49:27] WaitForWIPFinish timeout, wait second ms:100
[Error] [2025-8-13 17:49:27] WaitForWIPFinish timeout, wait second ms:100
[Error] [2025-8-13 17:49:27] WaitForWIPFinish timeout, wait second ms:100
[Error] [2025-8-13 17:49:28] WaitForWIPFinish timeout, wait second ms:100
[Debug] [2025-8-13 17:49:28] progress bar is 81
[Error] [2025-8-13 17:49:28] WaitForWIPFinish timeout, wait second ms:100
[Error] [2025-8-13 17:49:28] WaitForWIPFinish timeout, wait second ms:100
[Error] [2025-8-13 17:49:28] WaitForWIPFinish timeout, wait second ms:100
[Error] [2025-8-13 17:49:28] WaitForWIPFinish timeout, wait second ms:100
[Debug] [2025-8-13 17:49:28] progress bar is 87
[Error] [2025-8-13 17:49:28] WaitForWIPFinish timeout, wait second ms:100
[Error] [2025-8-13 17:49:29] WaitForWIPFinish timeout, wait second ms:100
[Error] [2025-8-13 17:49:29] WaitForWIPFinish timeout, wait second ms:100
[Debug] [2025-8-13 17:49:29] progress bar is 90
[Error] [2025-8-13 17:49:29] WaitForWIPFinish timeout, wait second ms:100
[Error] [2025-8-13 17:49:29] WaitForWIPFinish timeout, wait second ms:100
[Error] [2025-8-13 17:49:29] WaitForWIPFinish timeout, wait second ms:100
[Error] [2025-8-13 17:49:29] WaitForWIPFinish timeout, wait second ms:100
[Debug] [2025-8-13 17:49:29] progress bar is 96
[Debug] [2025-8-13 17:49:29] progress bar is 100
[Debug] [2025-8-13 17:49:30] end to operate flash: cmd id = 20302
[Debug] [2025-8-13 17:49:30] cmd operation Erase Outer Flash releases locker
[Debug] [2025-8-13 17:49:30] Remove the header data from the client, index : 0
[Debug] [2025-8-13 17:49:30] _total_bytes_size : 1477
[Debug] [2025-8-13 17:49:30] cmd id :20301cmd name : Program Outer Flash
[Debug] [2025-8-13 17:49:30] begin to operate flash: cmd id = 20301
[Debug] [2025-8-13 17:49:30] the idcode from the scanning is: 0x10601899
[Debug] [2025-8-13 17:49:30] the idcode from the scanning is: 0x0
[Debug] [2025-8-13 17:49:30] the idcode from the scanning is: 0x0
[Debug] [2025-8-13 17:49:30] the idcode from the scanning is: 0x0
[Debug] [2025-8-13 17:49:30] the idcode from the scanning is: 0x0
[Debug] [2025-8-13 17:49:30] the value in the status register is :81ffca0
[Debug] [2025-8-13 17:49:30] flash_id is 1c7118
[Debug] [2025-8-13 17:49:30] The value of GigaDevice status register 1 is 0x
[Debug] [2025-8-13 17:49:30] progress bar is 1
[Debug] [2025-8-13 17:49:32] progress bar is 6
[Debug] [2025-8-13 17:49:33] progress bar is 10
[Debug] [2025-8-13 17:49:35] progress bar is 15
[Debug] [2025-8-13 17:49:36] progress bar is 20
[Debug] [2025-8-13 17:49:38] progress bar is 25
[Debug] [2025-8-13 17:49:40] progress bar is 30
[Debug] [2025-8-13 17:49:41] progress bar is 35
[Debug] [2025-8-13 17:49:43] progress bar is 40
[Debug] [2025-8-13 17:49:45] progress bar is 45
[Debug] [2025-8-13 17:49:46] progress bar is 50
[Debug] [2025-8-13 17:49:48] progress bar is 55
[Debug] [2025-8-13 17:49:50] progress bar is 60
[Debug] [2025-8-13 17:49:51] progress bar is 65
[Debug] [2025-8-13 17:49:53] progress bar is 70
[Debug] [2025-8-13 17:49:55] progress bar is 75
[Debug] [2025-8-13 17:49:56] progress bar is 80
[Debug] [2025-8-13 17:49:58] progress bar is 85
[Debug] [2025-8-13 17:50:00] progress bar is 90
[Debug] [2025-8-13 17:50:01] progress bar is 95
[Debug] [2025-8-13 17:50:03] progress bar is 100
[Debug] [2025-8-13 17:50:03] end to operate flash: cmd id = 20301
[Debug] [2025-8-13 17:50:03] cmd operation Program Outer Flash releases locker
[Debug] [2025-8-13 17:50:03] Remove the header data from the client, index : 0
[Debug] [2025-8-13 17:50:03] _total_bytes_size : 1475
[Debug] [2025-8-13 17:50:03] cmd id :20303cmd name : Verify Outer Flash
[Debug] [2025-8-13 17:50:03] begin to operate flash: cmd id = 20303
[Debug] [2025-8-13 17:50:03] the idcode from the scanning is: 0x10601899
[Debug] [2025-8-13 17:50:03] the idcode from the scanning is: 0x0
[Debug] [2025-8-13 17:50:03] the idcode from the scanning is: 0x0
[Debug] [2025-8-13 17:50:03] the idcode from the scanning is: 0x0
[Debug] [2025-8-13 17:50:03] the idcode from the scanning is: 0x0
[Debug] [2025-8-13 17:50:03] the value in the status register is :81ffca0
[Debug] [2025-8-13 17:50:03] flash_id is 1c7118
[Debug] [2025-8-13 17:50:03] the value in the status register is :81ffca0
[Debug] [2025-8-13 17:50:03] progress bar is 1
[Debug] [2025-8-13 17:50:04] progress bar is 6
[Debug] [2025-8-13 17:50:04] progress bar is 10
[Debug] [2025-8-13 17:50:04] progress bar is 15
[Debug] [2025-8-13 17:50:04] progress bar is 20
[Debug] [2025-8-13 17:50:04] progress bar is 25
[Debug] [2025-8-13 17:50:04] progress bar is 30
[Debug] [2025-8-13 17:50:04] progress bar is 35
[Debug] [2025-8-13 17:50:04] progress bar is 40
[Debug] [2025-8-13 17:50:04] progress bar is 45
[Debug] [2025-8-13 17:50:05] progress bar is 50
[Debug] [2025-8-13 17:50:05] progress bar is 55
[Debug] [2025-8-13 17:50:05] progress bar is 60
[Debug] [2025-8-13 17:50:05] progress bar is 65
[Debug] [2025-8-13 17:50:05] progress bar is 70
[Debug] [2025-8-13 17:50:05] progress bar is 75
[Debug] [2025-8-13 17:50:05] progress bar is 80
[Debug] [2025-8-13 17:50:05] progress bar is 85
[Debug] [2025-8-13 17:50:05] progress bar is 90
[Debug] [2025-8-13 17:50:05] progress bar is 95
[Debug] [2025-8-13 17:50:06] progress bar is 100
[Debug] [2025-8-13 17:50:06] end to operate flash: cmd id = 20303
[Debug] [2025-8-13 17:50:06] cmd operation Verify Outer Flash releases locker
[Debug] [2025-8-13 17:50:12] connection error happens : 1
[Debug] [2025-8-13 17:50:12] connection error happens : 1connection error happens : 1
[Debug] [2025-8-13 17:50:12] connection state changes : 6 , socket description 1700
[Warn] [2025-8-13 17:50:12] socket state is ListeningState
[Debug] [2025-8-13 17:50:12] connection state changes : 0 , socket description 1700
[Warn] [2025-8-13 17:50:12] socket state is UnconnectedState
[Debug] [2025-8-13 17:50:12] connection state changes : 6 , socket description 1104
[Warn] [2025-8-13 17:50:12] socket state is ListeningState
[Debug] [2025-8-13 17:50:12] connection state changes : 0 , socket description 1104
[Warn] [2025-8-13 17:50:12] socket state is UnconnectedState
[Debug] [2025-8-13 17:50:12] socket descriptor 1700is about to delete
[Debug] [2025-8-13 17:50:12] socket descriptor 1104is about to delete
[Debug] [2025-8-13 17:50:41] Add a new user_thread, socket descriptor is 1920 user_thread id is 00000000000082D0
[Debug] [2025-8-13 17:50:41] After adding, map size is : 3
[Debug] [2025-8-13 17:50:41] Add a new user_thread, socket descriptor is 1928 user_thread id is 00000000000082D0
[Debug] [2025-8-13 17:50:41] After adding, map size is : 4
[Debug] [2025-8-13 17:50:41] IP address of connecting client is : ::ffff:127.0.0.1
[Debug] [2025-8-13 17:50:41] IP address of connecting client is : ::ffff:127.0.0.1
[Debug] [2025-8-13 17:50:41] Remove the header data from the client, index : 0
[Debug] [2025-8-13 17:50:41] _total_bytes_size : 160
[Debug] [2025-8-13 17:50:41] Remove the header data from the client, index : 0
[Debug] [2025-8-13 17:50:41] _total_bytes_size : 96
[Debug] [2025-8-13 17:50:41] cmd id :40010cmd name : get_cable_paras
[Debug] [2025-8-13 17:50:43] cmd operation get_cable_paras releases locker
[Debug] [2025-8-13 17:50:43] Remove the header data from the client, index : 0
[Debug] [2025-8-13 17:50:43] _total_bytes_size : 101
[Debug] [2025-8-13 17:50:43] cmd id :20001cmd name : Open config cable
[Debug] [2025-8-13 17:50:43] the idcode from the scanning is: 0x10601899
[Debug] [2025-8-13 17:50:43] the idcode from the scanning is: 0x0
[Debug] [2025-8-13 17:50:43] the idcode from the scanning is: 0x0
[Debug] [2025-8-13 17:50:43] the idcode from the scanning is: 0x0
[Debug] [2025-8-13 17:50:43] the idcode from the scanning is: 0x0
[Debug] [2025-8-13 17:50:43] cmd operation Open config cable releases locker
[Debug] [2025-8-13 17:50:47] Remove the header data from the client, index : 0
[Debug] [2025-8-13 17:50:47] _total_bytes_size : 3d1
[Debug] [2025-8-13 17:50:47] cmd id :4f4ccmd name : Scan Outer SPI Flash
[Debug] [2025-8-13 17:50:47] the idcode from the scanning is: 0x10601899
[Debug] [2025-8-13 17:50:47] the idcode from the scanning is: 0x0
[Debug] [2025-8-13 17:50:47] the idcode from the scanning is: 0x0
[Debug] [2025-8-13 17:50:47] the idcode from the scanning is: 0x0
[Debug] [2025-8-13 17:50:47] the idcode from the scanning is: 0x0
[Debug] [2025-8-13 17:50:47] the value in the status register is :81ffca0
[Debug] [2025-8-13 17:50:47] flash_id is 1c7118
[Debug] [2025-8-13 17:50:48] cmd operation Scan Outer SPI Flash releases locker
[Debug] [2025-8-13 17:51:00] Remove the header data from the client, index : 0
[Debug] [2025-8-13 17:51:00] _total_bytes_size : 3d1
[Debug] [2025-8-13 17:51:00] cmd id :4f4ccmd name : Scan Outer SPI Flash
[Debug] [2025-8-13 17:51:00] the idcode from the scanning is: 0x10601899
[Debug] [2025-8-13 17:51:00] the idcode from the scanning is: 0x0
[Debug] [2025-8-13 17:51:00] the idcode from the scanning is: 0x0
[Debug] [2025-8-13 17:51:00] the idcode from the scanning is: 0x0
[Debug] [2025-8-13 17:51:00] the idcode from the scanning is: 0x0
[Debug] [2025-8-13 17:51:00] the value in the status register is :81ffca0
[Debug] [2025-8-13 17:51:00] flash_id is 1c7118
[Debug] [2025-8-13 17:51:00] cmd operation Scan Outer SPI Flash releases locker
[Debug] [2025-8-13 17:51:03] Remove the header data from the client, index : 0
[Debug] [2025-8-13 17:51:03] _total_bytes_size : 5c8
[Debug] [2025-8-13 17:51:03] cmd id :4f4ecmd name : Erase Outer Flash
[Debug] [2025-8-13 17:51:03] begin to operate flash: cmd id = 4f4e
[Debug] [2025-8-13 17:51:03] the idcode from the scanning is: 0x10601899
[Debug] [2025-8-13 17:51:03] the idcode from the scanning is: 0x0
[Debug] [2025-8-13 17:51:03] the idcode from the scanning is: 0x0
[Debug] [2025-8-13 17:51:03] the idcode from the scanning is: 0x0
[Debug] [2025-8-13 17:51:03] the idcode from the scanning is: 0x0
[Debug] [2025-8-13 17:51:03] the value in the status register is :81ffca0
[Debug] [2025-8-13 17:51:03] flash_id is 1c7118
[Debug] [2025-8-13 17:51:03] the value in the status register is :81ffca0
[Debug] [2025-8-13 17:51:03] progress bar is 1
[Error] [2025-8-13 17:51:03] WaitForWIPFinish timeout, wait second ms:100
[Error] [2025-8-13 17:51:04] WaitForWIPFinish timeout, wait second ms:100
[Error] [2025-8-13 17:51:04] WaitForWIPFinish timeout, wait second ms:100
[Error] [2025-8-13 17:51:04] WaitForWIPFinish timeout, wait second ms:100
[Error] [2025-8-13 17:51:04] WaitForWIPFinish timeout, wait second ms:100
[Error] [2025-8-13 17:51:04] WaitForWIPFinish timeout, wait second ms:100
[Debug] [2025-8-13 17:51:04] progress bar is 6
[Error] [2025-8-13 17:51:04] WaitForWIPFinish timeout, wait second ms:100
[Error] [2025-8-13 17:51:05] WaitForWIPFinish timeout, wait second ms:100
[Error] [2025-8-13 17:51:05] WaitForWIPFinish timeout, wait second ms:100
[Error] [2025-8-13 17:51:05] WaitForWIPFinish timeout, wait second ms:100
[Error] [2025-8-13 17:51:05] WaitForWIPFinish timeout, wait second ms:100
[Debug] [2025-8-13 17:51:05] progress bar is 12
[Error] [2025-8-13 17:51:05] WaitForWIPFinish timeout, wait second ms:100
[Error] [2025-8-13 17:51:05] WaitForWIPFinish timeout, wait second ms:100
[Debug] [2025-8-13 17:51:05] progress bar is 15
[Error] [2025-8-13 17:51:05] WaitForWIPFinish timeout, wait second ms:100
[Error] [2025-8-13 17:51:06] WaitForWIPFinish timeout, wait second ms:100
[Error] [2025-8-13 17:51:06] WaitForWIPFinish timeout, wait second ms:100
[Error] [2025-8-13 17:51:06] WaitForWIPFinish timeout, wait second ms:100
[Error] [2025-8-13 17:51:06] WaitForWIPFinish timeout, wait second ms:100
[Error] [2025-8-13 17:51:06] WaitForWIPFinish timeout, wait second ms:100
[Debug] [2025-8-13 17:51:06] progress bar is 21
[Error] [2025-8-13 17:51:06] WaitForWIPFinish timeout, wait second ms:100
[Error] [2025-8-13 17:51:06] WaitForWIPFinish timeout, wait second ms:100
[Error] [2025-8-13 17:51:07] WaitForWIPFinish timeout, wait second ms:100
[Error] [2025-8-13 17:51:07] WaitForWIPFinish timeout, wait second ms:100
[Error] [2025-8-13 17:51:07] WaitForWIPFinish timeout, wait second ms:100
[Error] [2025-8-13 17:51:07] WaitForWIPFinish timeout, wait second ms:100
[Debug] [2025-8-13 17:51:07] progress bar is 27
[Error] [2025-8-13 17:51:07] WaitForWIPFinish timeout, wait second ms:100
[Error] [2025-8-13 17:51:07] WaitForWIPFinish timeout, wait second ms:100
[Debug] [2025-8-13 17:51:07] progress bar is 30
[Error] [2025-8-13 17:51:08] WaitForWIPFinish timeout, wait second ms:100
[Error] [2025-8-13 17:51:08] WaitForWIPFinish timeout, wait second ms:100
[Error] [2025-8-13 17:51:08] WaitForWIPFinish timeout, wait second ms:100
[Error] [2025-8-13 17:51:08] WaitForWIPFinish timeout, wait second ms:100
[Debug] [2025-8-13 17:51:08] progress bar is 36
[Error] [2025-8-13 17:51:08] WaitForWIPFinish timeout, wait second ms:100
[Error] [2025-8-13 17:51:08] WaitForWIPFinish timeout, wait second ms:100
[Error] [2025-8-13 17:51:08] WaitForWIPFinish timeout, wait second ms:100
[Error] [2025-8-13 17:51:09] WaitForWIPFinish timeout, wait second ms:100
[Error] [2025-8-13 17:51:09] WaitForWIPFinish timeout, wait second ms:100
[Debug] [2025-8-13 17:51:09] progress bar is 42
[Error] [2025-8-13 17:51:09] WaitForWIPFinish timeout, wait second ms:100
[Error] [2025-8-13 17:51:09] WaitForWIPFinish timeout, wait second ms:100
[Error] [2025-8-13 17:51:09] WaitForWIPFinish timeout, wait second ms:100
[Debug] [2025-8-13 17:51:09] progress bar is 45
[Error] [2025-8-13 17:51:09] WaitForWIPFinish timeout, wait second ms:100
[Error] [2025-8-13 17:51:09] WaitForWIPFinish timeout, wait second ms:100
[Error] [2025-8-13 17:51:12] the mask bit is low and initialization is not finished, ple chk the hardware. 2
[Debug] [2025-8-13 17:51:12] Write enable bit is invalid
[Debug] [2025-8-13 17:51:12] end to operate flash: cmd id = 20302
[Debug] [2025-8-13 17:51:12] cmd operation Erase Outer Flash releases locker
[Debug] [2025-8-13 17:51:16] Remove the header data from the client, index : 0
[Debug] [2025-8-13 17:51:16] _total_bytes_size : 1480
[Debug] [2025-8-13 17:51:16] cmd id :20302cmd name : Erase Outer Flash
[Debug] [2025-8-13 17:51:16] begin to operate flash: cmd id = 20302
[Debug] [2025-8-13 17:51:16] the idcode from the scanning is: 0x10601899
[Debug] [2025-8-13 17:51:16] the idcode from the scanning is: 0x0
[Debug] [2025-8-13 17:51:16] the idcode from the scanning is: 0x0
[Debug] [2025-8-13 17:51:16] the idcode from the scanning is: 0x0
[Debug] [2025-8-13 17:51:16] the idcode from the scanning is: 0x0
[Debug] [2025-8-13 17:51:16] the value in the status register is :180c80
[Debug] [2025-8-13 17:51:16] flash_id is 1c7118
[Debug] [2025-8-13 17:51:16] the value in the status register is :180c80
[Debug] [2025-8-13 17:51:16] progress bar is 1
[Error] [2025-8-13 17:51:16] WaitForWIPFinish timeout, wait second ms:100
[Error] [2025-8-13 17:51:16] WaitForWIPFinish timeout, wait second ms:100
[Error] [2025-8-13 17:51:17] WaitForWIPFinish timeout, wait second ms:100
[Error] [2025-8-13 17:51:17] WaitForWIPFinish timeout, wait second ms:100
[Error] [2025-8-13 17:51:17] WaitForWIPFinish timeout, wait second ms:100
[Error] [2025-8-13 17:51:17] WaitForWIPFinish timeout, wait second ms:100
[Error] [2025-8-13 17:51:17] WaitForWIPFinish timeout, wait second ms:100
[Error] [2025-8-13 17:51:17] WaitForWIPFinish timeout, wait second ms:100
[Debug] [2025-8-13 17:51:17] progress bar is 6
[Error] [2025-8-13 17:51:17] WaitForWIPFinish timeout, wait second ms:100
[Error] [2025-8-13 17:51:18] WaitForWIPFinish timeout, wait second ms:100
[Error] [2025-8-13 17:51:18] WaitForWIPFinish timeout, wait second ms:100
[Error] [2025-8-13 17:51:18] WaitForWIPFinish timeout, wait second ms:100
[Error] [2025-8-13 17:51:18] WaitForWIPFinish timeout, wait second ms:100
[Debug] [2025-8-13 17:51:18] progress bar is 12
[Error] [2025-8-13 17:51:18] WaitForWIPFinish timeout, wait second ms:100
[Error] [2025-8-13 17:51:18] WaitForWIPFinish timeout, wait second ms:100
[Error] [2025-8-13 17:51:18] WaitForWIPFinish timeout, wait second ms:100
[Debug] [2025-8-13 17:51:19] progress bar is 15
[Error] [2025-8-13 17:51:19] WaitForWIPFinish timeout, wait second ms:100
[Error] [2025-8-13 17:51:19] WaitForWIPFinish timeout, wait second ms:100
[Error] [2025-8-13 17:51:19] WaitForWIPFinish timeout, wait second ms:100
[Error] [2025-8-13 17:51:19] WaitForWIPFinish timeout, wait second ms:100
[Error] [2025-8-13 17:51:19] WaitForWIPFinish timeout, wait second ms:100
[Debug] [2025-8-13 17:51:19] progress bar is 21
[Error] [2025-8-13 17:51:19] WaitForWIPFinish timeout, wait second ms:100
[Error] [2025-8-13 17:51:20] WaitForWIPFinish timeout, wait second ms:100
[Error] [2025-8-13 17:51:20] WaitForWIPFinish timeout, wait second ms:100
[Error] [2025-8-13 17:51:20] WaitForWIPFinish timeout, wait second ms:100
[Error] [2025-8-13 17:51:20] WaitForWIPFinish timeout, wait second ms:100
[Error] [2025-8-13 17:51:20] WaitForWIPFinish timeout, wait second ms:100
[Debug] [2025-8-13 17:51:20] progress bar is 27
[Error] [2025-8-13 17:51:20] WaitForWIPFinish timeout, wait second ms:100
[Error] [2025-8-13 17:51:20] WaitForWIPFinish timeout, wait second ms:100
[Debug] [2025-8-13 17:51:21] progress bar is 30
[Error] [2025-8-13 17:51:21] WaitForWIPFinish timeout, wait second ms:100
[Error] [2025-8-13 17:51:21] WaitForWIPFinish timeout, wait second ms:100
[Error] [2025-8-13 17:51:21] WaitForWIPFinish timeout, wait second ms:100
[Error] [2025-8-13 17:51:21] WaitForWIPFinish timeout, wait second ms:100
[Error] [2025-8-13 17:51:21] WaitForWIPFinish timeout, wait second ms:100
[Debug] [2025-8-13 17:51:21] progress bar is 36
[Error] [2025-8-13 17:51:21] WaitForWIPFinish timeout, wait second ms:100
[Error] [2025-8-13 17:51:22] WaitForWIPFinish timeout, wait second ms:100
[Error] [2025-8-13 17:51:22] WaitForWIPFinish timeout, wait second ms:100
[Error] [2025-8-13 17:51:22] WaitForWIPFinish timeout, wait second ms:100
[Error] [2025-8-13 17:51:22] WaitForWIPFinish timeout, wait second ms:100
[Debug] [2025-8-13 17:51:22] progress bar is 42
[Error] [2025-8-13 17:51:22] WaitForWIPFinish timeout, wait second ms:100
[Error] [2025-8-13 17:51:22] WaitForWIPFinish timeout, wait second ms:100
[Debug] [2025-8-13 17:51:22] progress bar is 45
[Error] [2025-8-13 17:51:23] WaitForWIPFinish timeout, wait second ms:100
[Error] [2025-8-13 17:51:23] WaitForWIPFinish timeout, wait second ms:100
[Error] [2025-8-13 17:51:23] WaitForWIPFinish timeout, wait second ms:100
[Error] [2025-8-13 17:51:23] WaitForWIPFinish timeout, wait second ms:100
[Error] [2025-8-13 17:51:23] WaitForWIPFinish timeout, wait second ms:100
[Debug] [2025-8-13 17:51:23] progress bar is 51
[Error] [2025-8-13 17:51:23] WaitForWIPFinish timeout, wait second ms:100
[Error] [2025-8-13 17:51:24] WaitForWIPFinish timeout, wait second ms:100
[Error] [2025-8-13 17:51:24] WaitForWIPFinish timeout, wait second ms:100
[Error] [2025-8-13 17:51:24] WaitForWIPFinish timeout, wait second ms:100
[Error] [2025-8-13 17:51:24] WaitForWIPFinish timeout, wait second ms:100
[Debug] [2025-8-13 17:51:24] progress bar is 57
[Error] [2025-8-13 17:51:24] WaitForWIPFinish timeout, wait second ms:100
[Error] [2025-8-13 17:51:24] WaitForWIPFinish timeout, wait second ms:100
[Debug] [2025-8-13 17:51:24] progress bar is 60
[Error] [2025-8-13 17:51:24] WaitForWIPFinish timeout, wait second ms:100
[Error] [2025-8-13 17:51:25] WaitForWIPFinish timeout, wait second ms:100
[Error] [2025-8-13 17:51:25] WaitForWIPFinish timeout, wait second ms:100
[Error] [2025-8-13 17:51:25] WaitForWIPFinish timeout, wait second ms:100
[Debug] [2025-8-13 17:51:25] progress bar is 66
[Error] [2025-8-13 17:51:25] WaitForWIPFinish timeout, wait second ms:100
[Error] [2025-8-13 17:51:25] WaitForWIPFinish timeout, wait second ms:100
[Error] [2025-8-13 17:51:25] WaitForWIPFinish timeout, wait second ms:100
[Error] [2025-8-13 17:51:26] WaitForWIPFinish timeout, wait second ms:100
[Debug] [2025-8-13 17:51:26] progress bar is 72
[Error] [2025-8-13 17:51:26] WaitForWIPFinish timeout, wait second ms:100
[Error] [2025-8-13 17:51:26] WaitForWIPFinish timeout, wait second ms:100
[Debug] [2025-8-13 17:51:26] progress bar is 75
[Error] [2025-8-13 17:51:26] WaitForWIPFinish timeout, wait second ms:100
[Error] [2025-8-13 17:51:26] WaitForWIPFinish timeout, wait second ms:100
[Error] [2025-8-13 17:51:26] WaitForWIPFinish timeout, wait second ms:100
[Error] [2025-8-13 17:51:27] WaitForWIPFinish timeout, wait second ms:100
[Error] [2025-8-13 17:51:27] WaitForWIPFinish timeout, wait second ms:100
[Debug] [2025-8-13 17:51:27] progress bar is 81
[Error] [2025-8-13 17:51:27] WaitForWIPFinish timeout, wait second ms:100
[Error] [2025-8-13 17:51:27] WaitForWIPFinish timeout, wait second ms:100
[Error] [2025-8-13 17:51:27] WaitForWIPFinish timeout, wait second ms:100
[Error] [2025-8-13 17:51:27] WaitForWIPFinish timeout, wait second ms:100
[Error] [2025-8-13 17:51:27] WaitForWIPFinish timeout, wait second ms:100
[Debug] [2025-8-13 17:51:27] progress bar is 87
[Error] [2025-8-13 17:51:28] WaitForWIPFinish timeout, wait second ms:100
[Error] [2025-8-13 17:51:28] WaitForWIPFinish timeout, wait second ms:100
[Debug] [2025-8-13 17:51:28] progress bar is 90
[Error] [2025-8-13 17:51:28] WaitForWIPFinish timeout, wait second ms:100
[Error] [2025-8-13 17:51:28] WaitForWIPFinish timeout, wait second ms:100
[Error] [2025-8-13 17:51:28] WaitForWIPFinish timeout, wait second ms:100
[Error] [2025-8-13 17:51:28] WaitForWIPFinish timeout, wait second ms:100
[Debug] [2025-8-13 17:51:28] progress bar is 96
[Debug] [2025-8-13 17:51:28] progress bar is 100
[Debug] [2025-8-13 17:51:29] end to operate flash: cmd id = 20302
[Debug] [2025-8-13 17:51:29] cmd operation Erase Outer Flash releases locker
[Debug] [2025-8-13 17:51:29] Remove the header data from the client, index : 0
[Debug] [2025-8-13 17:51:29] _total_bytes_size : 1477
[Debug] [2025-8-13 17:51:29] cmd id :20301cmd name : Program Outer Flash
[Debug] [2025-8-13 17:51:29] begin to operate flash: cmd id = 20301
[Debug] [2025-8-13 17:51:29] the idcode from the scanning is: 0x10601899
[Debug] [2025-8-13 17:51:29] the idcode from the scanning is: 0x0
[Debug] [2025-8-13 17:51:29] the idcode from the scanning is: 0x0
[Debug] [2025-8-13 17:51:29] the idcode from the scanning is: 0x0
[Debug] [2025-8-13 17:51:29] the idcode from the scanning is: 0x0
[Debug] [2025-8-13 17:51:29] the value in the status register is :180c80
[Debug] [2025-8-13 17:51:29] flash_id is 1c7118
[Debug] [2025-8-13 17:51:29] The value of GigaDevice status register 1 is 0x
[Debug] [2025-8-13 17:51:29] progress bar is 1
[Debug] [2025-8-13 17:51:31] progress bar is 6
[Debug] [2025-8-13 17:51:33] progress bar is 10
[Debug] [2025-8-13 17:51:34] progress bar is 15
[Debug] [2025-8-13 17:51:36] progress bar is 20
[Debug] [2025-8-13 17:51:38] progress bar is 25
[Debug] [2025-8-13 17:51:40] progress bar is 30
[Debug] [2025-8-13 17:51:42] progress bar is 35
[Debug] [2025-8-13 17:51:43] progress bar is 40
[Debug] [2025-8-13 17:51:45] progress bar is 45
[Debug] [2025-8-13 17:51:47] progress bar is 50
[Debug] [2025-8-13 17:51:49] progress bar is 55
[Debug] [2025-8-13 17:51:51] progress bar is 60
[Debug] [2025-8-13 17:51:53] progress bar is 65
[Debug] [2025-8-13 17:51:55] progress bar is 70
[Debug] [2025-8-13 17:51:57] progress bar is 75
[Debug] [2025-8-13 17:51:58] progress bar is 80
[Debug] [2025-8-13 17:52:00] progress bar is 85
[Debug] [2025-8-13 17:52:02] progress bar is 90
[Debug] [2025-8-13 17:52:04] progress bar is 95
[Debug] [2025-8-13 17:52:06] progress bar is 100
[Debug] [2025-8-13 17:52:06] end to operate flash: cmd id = 20301
[Debug] [2025-8-13 17:52:06] cmd operation Program Outer Flash releases locker
[Debug] [2025-8-13 17:52:06] Remove the header data from the client, index : 0
[Debug] [2025-8-13 17:52:06] _total_bytes_size : 1475
[Debug] [2025-8-13 17:52:06] cmd id :20303cmd name : Verify Outer Flash
[Debug] [2025-8-13 17:52:06] begin to operate flash: cmd id = 20303
[Debug] [2025-8-13 17:52:06] the idcode from the scanning is: 0x10601899
[Debug] [2025-8-13 17:52:06] the idcode from the scanning is: 0x0
[Debug] [2025-8-13 17:52:06] the idcode from the scanning is: 0x0
[Debug] [2025-8-13 17:52:06] the idcode from the scanning is: 0x0
[Debug] [2025-8-13 17:52:06] the idcode from the scanning is: 0x0
[Debug] [2025-8-13 17:52:06] the value in the status register is :180c80
[Debug] [2025-8-13 17:52:06] flash_id is 1c7118
[Debug] [2025-8-13 17:52:06] the value in the status register is :180c80
[Debug] [2025-8-13 17:52:06] progress bar is 1
[Debug] [2025-8-13 17:52:06] progress bar is 6
[Debug] [2025-8-13 17:52:06] progress bar is 10
[Debug] [2025-8-13 17:52:06] progress bar is 15
[Debug] [2025-8-13 17:52:06] progress bar is 20
[Debug] [2025-8-13 17:52:07] progress bar is 25
[Debug] [2025-8-13 17:52:07] progress bar is 30
[Debug] [2025-8-13 17:52:07] progress bar is 35
[Debug] [2025-8-13 17:52:07] progress bar is 40
[Debug] [2025-8-13 17:52:07] progress bar is 45
[Debug] [2025-8-13 17:52:07] progress bar is 50
[Debug] [2025-8-13 17:52:07] progress bar is 55
[Debug] [2025-8-13 17:52:07] progress bar is 60
[Debug] [2025-8-13 17:52:07] progress bar is 65
[Debug] [2025-8-13 17:52:08] progress bar is 70
[Debug] [2025-8-13 17:52:08] progress bar is 75
[Debug] [2025-8-13 17:52:08] progress bar is 80
[Debug] [2025-8-13 17:52:08] progress bar is 85
[Debug] [2025-8-13 17:52:08] progress bar is 90
[Debug] [2025-8-13 17:52:08] progress bar is 95
[Debug] [2025-8-13 17:52:08] progress bar is 100
[Debug] [2025-8-13 17:52:08] end to operate flash: cmd id = 20303
[Debug] [2025-8-13 17:52:08] cmd operation Verify Outer Flash releases locker
[Debug] [2025-8-13 18:20:33] Remove the header data from the client, index : 0
[Debug] [2025-8-13 18:20:33] _total_bytes_size : 1480
[Debug] [2025-8-13 18:20:33] cmd id :20302cmd name : Erase Outer Flash
[Debug] [2025-8-13 18:20:33] begin to operate flash: cmd id = 20302
[Debug] [2025-8-13 18:20:33] the idcode from the scanning is: 0x10601899
[Debug] [2025-8-13 18:20:33] the idcode from the scanning is: 0x0
[Debug] [2025-8-13 18:20:33] the idcode from the scanning is: 0x0
[Debug] [2025-8-13 18:20:33] the idcode from the scanning is: 0x0
[Debug] [2025-8-13 18:20:33] the idcode from the scanning is: 0x0
[Debug] [2025-8-13 18:20:33] the value in the status register is :81ffca0
[Debug] [2025-8-13 18:20:33] flash_id is 1c7118
[Debug] [2025-8-13 18:20:33] the value in the status register is :81ffca0
[Debug] [2025-8-13 18:20:33] progress bar is 1
[Error] [2025-8-13 18:20:33] WaitForWIPFinish timeout, wait second ms:100
[Error] [2025-8-13 18:20:34] WaitForWIPFinish timeout, wait second ms:100
[Error] [2025-8-13 18:20:34] WaitForWIPFinish timeout, wait second ms:100
[Error] [2025-8-13 18:20:34] WaitForWIPFinish timeout, wait second ms:100
[Error] [2025-8-13 18:20:34] WaitForWIPFinish timeout, wait second ms:100
[Error] [2025-8-13 18:20:34] WaitForWIPFinish timeout, wait second ms:100
[Debug] [2025-8-13 18:20:34] progress bar is 6
[Error] [2025-8-13 18:20:34] WaitForWIPFinish timeout, wait second ms:100
[Error] [2025-8-13 18:20:35] WaitForWIPFinish timeout, wait second ms:100
[Error] [2025-8-13 18:20:35] WaitForWIPFinish timeout, wait second ms:100
[Error] [2025-8-13 18:20:35] WaitForWIPFinish timeout, wait second ms:100
[Error] [2025-8-13 18:20:35] WaitForWIPFinish timeout, wait second ms:100
[Debug] [2025-8-13 18:20:35] progress bar is 12
[Error] [2025-8-13 18:20:35] WaitForWIPFinish timeout, wait second ms:100
[Error] [2025-8-13 18:20:35] WaitForWIPFinish timeout, wait second ms:100
[Debug] [2025-8-13 18:20:35] progress bar is 15
[Error] [2025-8-13 18:20:36] WaitForWIPFinish timeout, wait second ms:100
[Error] [2025-8-13 18:20:36] WaitForWIPFinish timeout, wait second ms:100
[Error] [2025-8-13 18:20:36] WaitForWIPFinish timeout, wait second ms:100
[Error] [2025-8-13 18:20:36] WaitForWIPFinish timeout, wait second ms:100
[Debug] [2025-8-13 18:20:36] progress bar is 21
[Error] [2025-8-13 18:20:36] WaitForWIPFinish timeout, wait second ms:100
[Error] [2025-8-13 18:20:36] WaitForWIPFinish timeout, wait second ms:100
[Error] [2025-8-13 18:20:36] WaitForWIPFinish timeout, wait second ms:100
[Error] [2025-8-13 18:20:37] WaitForWIPFinish timeout, wait second ms:100
[Debug] [2025-8-13 18:20:37] progress bar is 27
[Error] [2025-8-13 18:20:37] WaitForWIPFinish timeout, wait second ms:100
[Error] [2025-8-13 18:20:37] WaitForWIPFinish timeout, wait second ms:100
[Debug] [2025-8-13 18:20:37] progress bar is 30
[Error] [2025-8-13 18:20:37] WaitForWIPFinish timeout, wait second ms:100
[Error] [2025-8-13 18:20:37] WaitForWIPFinish timeout, wait second ms:100
[Error] [2025-8-13 18:20:37] WaitForWIPFinish timeout, wait second ms:100
[Error] [2025-8-13 18:20:38] WaitForWIPFinish timeout, wait second ms:100
[Debug] [2025-8-13 18:20:38] progress bar is 36
[Error] [2025-8-13 18:20:38] WaitForWIPFinish timeout, wait second ms:100
[Error] [2025-8-13 18:20:38] WaitForWIPFinish timeout, wait second ms:100
[Error] [2025-8-13 18:20:38] WaitForWIPFinish timeout, wait second ms:100
[Error] [2025-8-13 18:20:38] WaitForWIPFinish timeout, wait second ms:100
[Error] [2025-8-13 18:20:38] WaitForWIPFinish timeout, wait second ms:100
[Debug] [2025-8-13 18:20:38] progress bar is 42
[Error] [2025-8-13 18:20:39] WaitForWIPFinish timeout, wait second ms:100
[Error] [2025-8-13 18:20:39] WaitForWIPFinish timeout, wait second ms:100
[Debug] [2025-8-13 18:20:39] progress bar is 45
[Error] [2025-8-13 18:20:39] WaitForWIPFinish timeout, wait second ms:100
[Error] [2025-8-13 18:20:39] WaitForWIPFinish timeout, wait second ms:100
[Error] [2025-8-13 18:20:39] WaitForWIPFinish timeout, wait second ms:100
[Error] [2025-8-13 18:20:39] WaitForWIPFinish timeout, wait second ms:100
[Debug] [2025-8-13 18:20:39] progress bar is 51
[Error] [2025-8-13 18:20:40] WaitForWIPFinish timeout, wait second ms:100
[Error] [2025-8-13 18:20:40] WaitForWIPFinish timeout, wait second ms:100
[Error] [2025-8-13 18:20:40] WaitForWIPFinish timeout, wait second ms:100
[Error] [2025-8-13 18:20:40] WaitForWIPFinish timeout, wait second ms:100
[Error] [2025-8-13 18:20:40] WaitForWIPFinish timeout, wait second ms:100
[Debug] [2025-8-13 18:20:40] progress bar is 57
[Error] [2025-8-13 18:20:40] WaitForWIPFinish timeout, wait second ms:100
[Error] [2025-8-13 18:20:40] WaitForWIPFinish timeout, wait second ms:100
[Debug] [2025-8-13 18:20:40] progress bar is 60
[Error] [2025-8-13 18:20:41] WaitForWIPFinish timeout, wait second ms:100
[Error] [2025-8-13 18:20:41] WaitForWIPFinish timeout, wait second ms:100
[Error] [2025-8-13 18:20:41] WaitForWIPFinish timeout, wait second ms:100
[Error] [2025-8-13 18:20:41] WaitForWIPFinish timeout, wait second ms:100
[Debug] [2025-8-13 18:20:41] progress bar is 66
[Error] [2025-8-13 18:20:41] WaitForWIPFinish timeout, wait second ms:100
[Error] [2025-8-13 18:20:41] WaitForWIPFinish timeout, wait second ms:100
[Error] [2025-8-13 18:20:42] WaitForWIPFinish timeout, wait second ms:100
[Error] [2025-8-13 18:20:42] WaitForWIPFinish timeout, wait second ms:100
[Debug] [2025-8-13 18:20:42] progress bar is 72
[Error] [2025-8-13 18:20:42] WaitForWIPFinish timeout, wait second ms:100
[Error] [2025-8-13 18:20:42] WaitForWIPFinish timeout, wait second ms:100
[Debug] [2025-8-13 18:20:42] progress bar is 75
[Error] [2025-8-13 18:20:42] WaitForWIPFinish timeout, wait second ms:100
[Error] [2025-8-13 18:20:42] WaitForWIPFinish timeout, wait second ms:100
[Error] [2025-8-13 18:20:43] WaitForWIPFinish timeout, wait second ms:100
[Error] [2025-8-13 18:20:43] WaitForWIPFinish timeout, wait second ms:100
[Error] [2025-8-13 18:20:43] WaitForWIPFinish timeout, wait second ms:100
[Debug] [2025-8-13 18:20:43] progress bar is 81
[Error] [2025-8-13 18:20:43] WaitForWIPFinish timeout, wait second ms:100
[Error] [2025-8-13 18:20:43] WaitForWIPFinish timeout, wait second ms:100
[Error] [2025-8-13 18:20:43] WaitForWIPFinish timeout, wait second ms:100
[Error] [2025-8-13 18:20:43] WaitForWIPFinish timeout, wait second ms:100
[Debug] [2025-8-13 18:20:43] progress bar is 87
[Error] [2025-8-13 18:20:44] WaitForWIPFinish timeout, wait second ms:100
[Error] [2025-8-13 18:20:44] WaitForWIPFinish timeout, wait second ms:100
[Debug] [2025-8-13 18:20:44] progress bar is 90
[Error] [2025-8-13 18:20:44] WaitForWIPFinish timeout, wait second ms:100
[Error] [2025-8-13 18:20:44] WaitForWIPFinish timeout, wait second ms:100
[Error] [2025-8-13 18:20:44] WaitForWIPFinish timeout, wait second ms:100
[Error] [2025-8-13 18:20:44] WaitForWIPFinish timeout, wait second ms:100
[Error] [2025-8-13 18:20:44] WaitForWIPFinish timeout, wait second ms:100
[Debug] [2025-8-13 18:20:45] progress bar is 96
[Debug] [2025-8-13 18:20:45] progress bar is 100
[Debug] [2025-8-13 18:20:45] end to operate flash: cmd id = 20302
[Debug] [2025-8-13 18:20:45] cmd operation Erase Outer Flash releases locker
[Debug] [2025-8-13 18:20:45] Remove the header data from the client, index : 0
[Debug] [2025-8-13 18:20:45] _total_bytes_size : 1477
[Debug] [2025-8-13 18:20:45] cmd id :20301cmd name : Program Outer Flash
[Debug] [2025-8-13 18:20:45] begin to operate flash: cmd id = 20301
[Debug] [2025-8-13 18:20:45] the idcode from the scanning is: 0x10601899
[Debug] [2025-8-13 18:20:45] the idcode from the scanning is: 0x0
[Debug] [2025-8-13 18:20:45] the idcode from the scanning is: 0x0
[Debug] [2025-8-13 18:20:45] the idcode from the scanning is: 0x0
[Debug] [2025-8-13 18:20:45] the idcode from the scanning is: 0x0
[Debug] [2025-8-13 18:20:45] the value in the status register is :81ffca0
[Debug] [2025-8-13 18:20:45] flash_id is 1c7118
[Debug] [2025-8-13 18:20:45] The value of GigaDevice status register 1 is 0x
[Debug] [2025-8-13 18:20:45] progress bar is 1
[Debug] [2025-8-13 18:20:47] progress bar is 6
[Debug] [2025-8-13 18:20:49] progress bar is 10
[Debug] [2025-8-13 18:20:51] progress bar is 15
[Debug] [2025-8-13 18:20:53] progress bar is 20
[Debug] [2025-8-13 18:20:54] progress bar is 25
[Debug] [2025-8-13 18:20:56] progress bar is 30
[Debug] [2025-8-13 18:20:58] progress bar is 35
[Debug] [2025-8-13 18:21:00] progress bar is 40
[Debug] [2025-8-13 18:21:02] progress bar is 45
[Debug] [2025-8-13 18:21:04] progress bar is 50
[Debug] [2025-8-13 18:21:06] progress bar is 55
[Debug] [2025-8-13 18:21:07] progress bar is 60
[Debug] [2025-8-13 18:21:09] progress bar is 65
[Debug] [2025-8-13 18:21:11] progress bar is 70
[Debug] [2025-8-13 18:21:13] progress bar is 75
[Debug] [2025-8-13 18:21:15] progress bar is 80
[Debug] [2025-8-13 18:21:17] progress bar is 85
[Debug] [2025-8-13 18:21:18] progress bar is 90
[Debug] [2025-8-13 18:21:20] progress bar is 95
[Debug] [2025-8-13 18:21:22] progress bar is 100
[Debug] [2025-8-13 18:21:22] end to operate flash: cmd id = 20301
[Debug] [2025-8-13 18:21:22] cmd operation Program Outer Flash releases locker
[Debug] [2025-8-13 18:21:22] Remove the header data from the client, index : 0
[Debug] [2025-8-13 18:21:22] _total_bytes_size : 1475
[Debug] [2025-8-13 18:21:22] cmd id :20303cmd name : Verify Outer Flash
[Debug] [2025-8-13 18:21:22] begin to operate flash: cmd id = 20303
[Debug] [2025-8-13 18:21:22] the idcode from the scanning is: 0x10601899
[Debug] [2025-8-13 18:21:22] the idcode from the scanning is: 0x0
[Debug] [2025-8-13 18:21:22] the idcode from the scanning is: 0x0
[Debug] [2025-8-13 18:21:22] the idcode from the scanning is: 0x0
[Debug] [2025-8-13 18:21:22] the idcode from the scanning is: 0x0
[Debug] [2025-8-13 18:21:22] the value in the status register is :81ffca0
[Debug] [2025-8-13 18:21:22] flash_id is 1c7118
[Debug] [2025-8-13 18:21:22] the value in the status register is :81ffca0
[Debug] [2025-8-13 18:21:22] progress bar is 1
[Debug] [2025-8-13 18:21:23] progress bar is 6
[Debug] [2025-8-13 18:21:23] progress bar is 10
[Debug] [2025-8-13 18:21:23] progress bar is 15
[Debug] [2025-8-13 18:21:23] progress bar is 20
[Debug] [2025-8-13 18:21:23] progress bar is 25
[Debug] [2025-8-13 18:21:23] progress bar is 30
[Debug] [2025-8-13 18:21:23] progress bar is 35
[Debug] [2025-8-13 18:21:23] progress bar is 40
[Debug] [2025-8-13 18:21:23] progress bar is 45
[Debug] [2025-8-13 18:21:24] progress bar is 50
[Debug] [2025-8-13 18:21:24] progress bar is 55
[Debug] [2025-8-13 18:21:24] progress bar is 60
[Debug] [2025-8-13 18:21:24] progress bar is 65
[Debug] [2025-8-13 18:21:24] progress bar is 70
[Debug] [2025-8-13 18:21:24] progress bar is 75
[Debug] [2025-8-13 18:21:24] progress bar is 80
[Debug] [2025-8-13 18:21:24] progress bar is 85
[Debug] [2025-8-13 18:21:24] progress bar is 90
[Debug] [2025-8-13 18:21:24] progress bar is 95
[Debug] [2025-8-13 18:21:25] progress bar is 100
[Debug] [2025-8-13 18:21:25] end to operate flash: cmd id = 20303
[Debug] [2025-8-13 18:21:25] cmd operation Verify Outer Flash releases locker
[Debug] [2025-8-13 18:21:44] connection error happens : 1
[Debug] [2025-8-13 18:21:44] connection state changes : 6 , socket description 1928
[Warn] [2025-8-13 18:21:44] socket state is ListeningState
[Debug] [2025-8-13 18:21:44] connection state changes : 0 , socket description 1928
[Warn] [2025-8-13 18:21:44] socket state is UnconnectedState
[Debug] [2025-8-13 18:21:44] connection error happens : 1
[Debug] [2025-8-13 18:21:44] connection state changes : 6 , socket description 1920
[Warn] [2025-8-13 18:21:44] socket state is ListeningState
[Debug] [2025-8-13 18:21:44] connection state changes : 0 , socket description 1920
[Warn] [2025-8-13 18:21:44] socket state is UnconnectedState
[Debug] [2025-8-13 18:21:44] socket descriptor 1928is about to delete
[Debug] [2025-8-13 18:21:44] socket descriptor 1920is about to delete
[Info] [2025-8-13 18:27:55] /***************************Start jtagserver***************************/
[Info] [2025-8-13 18:27:55] Path: C:/pango/PDS_2022.2-SP6.4/bin
[Info] [2025-8-13 18:27:55] Version: 146967
[Debug] [2025-8-13 18:27:55] Add a new user_thread, socket descriptor is 1088 user_thread id is 00000000000084D8
[Debug] [2025-8-13 18:27:55] After adding, map size is : 1
[Debug] [2025-8-13 18:27:55] Add a new user_thread, socket descriptor is 1084 user_thread id is 00000000000084D8
[Debug] [2025-8-13 18:27:55] After adding, map size is : 2
[Debug] [2025-8-13 18:27:55] IP address of connecting client is : ::ffff:127.0.0.1
[Debug] [2025-8-13 18:27:55] IP address of connecting client is : ::ffff:127.0.0.1
[Debug] [2025-8-13 18:27:55] Remove the header data from the client, index : 0
[Debug] [2025-8-13 18:27:55] _total_bytes_size : 160
[Debug] [2025-8-13 18:27:55] Remove the header data from the client, index : 0
[Debug] [2025-8-13 18:27:55] _total_bytes_size : 96
[Debug] [2025-8-13 18:27:55] cmd id :40010cmd name : get_cable_paras
[Debug] [2025-8-13 18:27:56] cmd operation get_cable_paras releases locker
[Debug] [2025-8-13 18:27:56] Remove the header data from the client, index : 0
[Debug] [2025-8-13 18:27:56] _total_bytes_size : 101
[Debug] [2025-8-13 18:27:56] cmd id :20001cmd name : Open config cable
[Debug] [2025-8-13 18:27:56] the idcode from the scanning is: 0x10601899
[Debug] [2025-8-13 18:27:56] the idcode from the scanning is: 0x0
[Debug] [2025-8-13 18:27:56] the idcode from the scanning is: 0x0
[Debug] [2025-8-13 18:27:56] the idcode from the scanning is: 0x0
[Debug] [2025-8-13 18:27:56] the idcode from the scanning is: 0x0
[Debug] [2025-8-13 18:27:57] cmd operation Open config cable releases locker
[Debug] [2025-8-13 18:28:00] Remove the header data from the client, index : 0
[Debug] [2025-8-13 18:28:00] _total_bytes_size : 3d1
[Debug] [2025-8-13 18:28:00] cmd id :4f4ccmd name : Scan Outer SPI Flash
[Debug] [2025-8-13 18:28:00] the idcode from the scanning is: 0x10601899
[Debug] [2025-8-13 18:28:00] the idcode from the scanning is: 0x0
[Debug] [2025-8-13 18:28:00] the idcode from the scanning is: 0x0
[Debug] [2025-8-13 18:28:00] the idcode from the scanning is: 0x0
[Debug] [2025-8-13 18:28:00] the idcode from the scanning is: 0x0
[Debug] [2025-8-13 18:28:00] the value in the status register is :81ffca0
[Debug] [2025-8-13 18:28:00] flash_id is 1c7118
[Debug] [2025-8-13 18:28:00] cmd operation Scan Outer SPI Flash releases locker
[Debug] [2025-8-13 18:28:14] Remove the header data from the client, index : 0
[Debug] [2025-8-13 18:28:14] _total_bytes_size : 3d1
[Debug] [2025-8-13 18:28:14] cmd id :4f4ccmd name : Scan Outer SPI Flash
[Debug] [2025-8-13 18:28:14] the idcode from the scanning is: 0x10601899
[Debug] [2025-8-13 18:28:14] the idcode from the scanning is: 0x0
[Debug] [2025-8-13 18:28:14] the idcode from the scanning is: 0x0
[Debug] [2025-8-13 18:28:14] the idcode from the scanning is: 0x0
[Debug] [2025-8-13 18:28:14] the idcode from the scanning is: 0x0
[Debug] [2025-8-13 18:28:14] the value in the status register is :81ffca0
[Debug] [2025-8-13 18:28:14] flash_id is 1c7118
[Debug] [2025-8-13 18:28:14] cmd operation Scan Outer SPI Flash releases locker
[Debug] [2025-8-13 18:28:16] Remove the header data from the client, index : 0
[Debug] [2025-8-13 18:28:16] _total_bytes_size : 5c8
[Debug] [2025-8-13 18:28:16] cmd id :4f4ecmd name : Erase Outer Flash
[Debug] [2025-8-13 18:28:16] begin to operate flash: cmd id = 4f4e
[Debug] [2025-8-13 18:28:16] the idcode from the scanning is: 0x10601899
[Debug] [2025-8-13 18:28:16] the idcode from the scanning is: 0x0
[Debug] [2025-8-13 18:28:16] the idcode from the scanning is: 0x0
[Debug] [2025-8-13 18:28:16] the idcode from the scanning is: 0x0
[Debug] [2025-8-13 18:28:16] the idcode from the scanning is: 0x0
[Debug] [2025-8-13 18:28:16] the value in the status register is :81ffca0
[Debug] [2025-8-13 18:28:16] flash_id is 1c7118
[Debug] [2025-8-13 18:28:16] the value in the status register is :81ffca0
[Debug] [2025-8-13 18:28:16] progress bar is 1
[Error] [2025-8-13 18:28:16] WaitForWIPFinish timeout, wait second ms:100
[Error] [2025-8-13 18:28:16] WaitForWIPFinish timeout, wait second ms:100
[Error] [2025-8-13 18:28:16] WaitForWIPFinish timeout, wait second ms:100
[Error] [2025-8-13 18:28:16] WaitForWIPFinish timeout, wait second ms:100
[Error] [2025-8-13 18:28:17] WaitForWIPFinish timeout, wait second ms:100
[Error] [2025-8-13 18:28:17] WaitForWIPFinish timeout, wait second ms:100
[Debug] [2025-8-13 18:28:17] progress bar is 6
[Error] [2025-8-13 18:28:17] WaitForWIPFinish timeout, wait second ms:100
[Error] [2025-8-13 18:28:17] WaitForWIPFinish timeout, wait second ms:100
[Error] [2025-8-13 18:28:17] WaitForWIPFinish timeout, wait second ms:100
[Error] [2025-8-13 18:28:17] WaitForWIPFinish timeout, wait second ms:100
[Debug] [2025-8-13 18:28:17] progress bar is 12
[Error] [2025-8-13 18:28:17] WaitForWIPFinish timeout, wait second ms:100
[Error] [2025-8-13 18:28:18] WaitForWIPFinish timeout, wait second ms:100
[Debug] [2025-8-13 18:28:18] progress bar is 15
[Error] [2025-8-13 18:28:18] WaitForWIPFinish timeout, wait second ms:100
[Error] [2025-8-13 18:28:18] WaitForWIPFinish timeout, wait second ms:100
[Error] [2025-8-13 18:28:18] WaitForWIPFinish timeout, wait second ms:100
[Error] [2025-8-13 18:28:18] WaitForWIPFinish timeout, wait second ms:100
[Error] [2025-8-13 18:28:18] WaitForWIPFinish timeout, wait second ms:100
[Error] [2025-8-13 18:28:18] WaitForWIPFinish timeout, wait second ms:100
[Debug] [2025-8-13 18:28:19] progress bar is 21
[Error] [2025-8-13 18:28:19] WaitForWIPFinish timeout, wait second ms:100
[Error] [2025-8-13 18:28:19] WaitForWIPFinish timeout, wait second ms:100
[Error] [2025-8-13 18:28:19] WaitForWIPFinish timeout, wait second ms:100
[Error] [2025-8-13 18:28:19] WaitForWIPFinish timeout, wait second ms:100
[Error] [2025-8-13 18:28:19] WaitForWIPFinish timeout, wait second ms:100
[Debug] [2025-8-13 18:28:19] progress bar is 27
[Error] [2025-8-13 18:28:19] WaitForWIPFinish timeout, wait second ms:100
[Error] [2025-8-13 18:28:19] WaitForWIPFinish timeout, wait second ms:100
[Debug] [2025-8-13 18:28:20] progress bar is 30
[Error] [2025-8-13 18:28:20] WaitForWIPFinish timeout, wait second ms:100
[Error] [2025-8-13 18:28:20] WaitForWIPFinish timeout, wait second ms:100
[Error] [2025-8-13 18:28:20] WaitForWIPFinish timeout, wait second ms:100
[Error] [2025-8-13 18:28:20] WaitForWIPFinish timeout, wait second ms:100
[Debug] [2025-8-13 18:28:20] progress bar is 36
[Error] [2025-8-13 18:28:20] WaitForWIPFinish timeout, wait second ms:100
[Error] [2025-8-13 18:28:20] WaitForWIPFinish timeout, wait second ms:100
[Error] [2025-8-13 18:28:21] WaitForWIPFinish timeout, wait second ms:100
[Error] [2025-8-13 18:28:21] WaitForWIPFinish timeout, wait second ms:100
[Error] [2025-8-13 18:28:21] WaitForWIPFinish timeout, wait second ms:100
[Debug] [2025-8-13 18:28:21] progress bar is 42
[Error] [2025-8-13 18:28:21] WaitForWIPFinish timeout, wait second ms:100
[Error] [2025-8-13 18:28:21] WaitForWIPFinish timeout, wait second ms:100
[Debug] [2025-8-13 18:28:21] progress bar is 45
[Error] [2025-8-13 18:28:21] WaitForWIPFinish timeout, wait second ms:100
[Error] [2025-8-13 18:28:22] WaitForWIPFinish timeout, wait second ms:100
[Error] [2025-8-13 18:28:22] WaitForWIPFinish timeout, wait second ms:100
[Error] [2025-8-13 18:28:22] WaitForWIPFinish timeout, wait second ms:100
[Debug] [2025-8-13 18:28:22] progress bar is 51
[Error] [2025-8-13 18:28:22] WaitForWIPFinish timeout, wait second ms:100
[Error] [2025-8-13 18:28:22] WaitForWIPFinish timeout, wait second ms:100
[Error] [2025-8-13 18:28:22] WaitForWIPFinish timeout, wait second ms:100
[Error] [2025-8-13 18:28:22] WaitForWIPFinish timeout, wait second ms:100
[Debug] [2025-8-13 18:28:23] progress bar is 57
[Error] [2025-8-13 18:28:23] WaitForWIPFinish timeout, wait second ms:100
[Error] [2025-8-13 18:28:23] WaitForWIPFinish timeout, wait second ms:100
[Debug] [2025-8-13 18:28:23] progress bar is 60
[Error] [2025-8-13 18:28:23] WaitForWIPFinish timeout, wait second ms:100
[Error] [2025-8-13 18:28:23] WaitForWIPFinish timeout, wait second ms:100
[Error] [2025-8-13 18:28:23] WaitForWIPFinish timeout, wait second ms:100
[Error] [2025-8-13 18:28:23] WaitForWIPFinish timeout, wait second ms:100
[Debug] [2025-8-13 18:28:24] progress bar is 66
[Error] [2025-8-13 18:28:24] WaitForWIPFinish timeout, wait second ms:100
[Error] [2025-8-13 18:28:24] WaitForWIPFinish timeout, wait second ms:100
[Error] [2025-8-13 18:28:24] WaitForWIPFinish timeout, wait second ms:100
[Error] [2025-8-13 18:28:24] WaitForWIPFinish timeout, wait second ms:100
[Debug] [2025-8-13 18:28:24] progress bar is 72
[Error] [2025-8-13 18:28:24] WaitForWIPFinish timeout, wait second ms:100
[Error] [2025-8-13 18:28:24] WaitForWIPFinish timeout, wait second ms:100
[Debug] [2025-8-13 18:28:24] progress bar is 75
[Error] [2025-8-13 18:28:25] WaitForWIPFinish timeout, wait second ms:100
[Error] [2025-8-13 18:28:25] WaitForWIPFinish timeout, wait second ms:100
[Error] [2025-8-13 18:28:25] WaitForWIPFinish timeout, wait second ms:100
[Error] [2025-8-13 18:28:25] WaitForWIPFinish timeout, wait second ms:100
[Error] [2025-8-13 18:28:25] WaitForWIPFinish timeout, wait second ms:100
[Error] [2025-8-13 18:28:25] WaitForWIPFinish timeout, wait second ms:100
[Debug] [2025-8-13 18:28:25] progress bar is 81
[Error] [2025-8-13 18:28:25] WaitForWIPFinish timeout, wait second ms:100
[Error] [2025-8-13 18:28:26] WaitForWIPFinish timeout, wait second ms:100
[Error] [2025-8-13 18:28:26] WaitForWIPFinish timeout, wait second ms:100
[Error] [2025-8-13 18:28:26] WaitForWIPFinish timeout, wait second ms:100
[Debug] [2025-8-13 18:28:26] progress bar is 87
[Error] [2025-8-13 18:28:26] WaitForWIPFinish timeout, wait second ms:100
[Error] [2025-8-13 18:28:26] WaitForWIPFinish timeout, wait second ms:100
[Debug] [2025-8-13 18:28:26] progress bar is 90
[Error] [2025-8-13 18:28:26] WaitForWIPFinish timeout, wait second ms:100
[Error] [2025-8-13 18:28:27] WaitForWIPFinish timeout, wait second ms:100
[Error] [2025-8-13 18:28:27] WaitForWIPFinish timeout, wait second ms:100
[Error] [2025-8-13 18:28:27] WaitForWIPFinish timeout, wait second ms:100
[Error] [2025-8-13 18:28:27] WaitForWIPFinish timeout, wait second ms:100
[Debug] [2025-8-13 18:28:27] progress bar is 96
[Debug] [2025-8-13 18:28:27] progress bar is 100
[Debug] [2025-8-13 18:28:27] end to operate flash: cmd id = 20302
[Debug] [2025-8-13 18:28:27] cmd operation Erase Outer Flash releases locker
[Debug] [2025-8-13 18:28:27] Remove the header data from the client, index : 0
[Debug] [2025-8-13 18:28:27] _total_bytes_size : 1477
[Debug] [2025-8-13 18:28:27] cmd id :20301cmd name : Program Outer Flash
[Debug] [2025-8-13 18:28:27] begin to operate flash: cmd id = 20301
[Debug] [2025-8-13 18:28:27] the idcode from the scanning is: 0x10601899
[Debug] [2025-8-13 18:28:27] the idcode from the scanning is: 0x0
[Debug] [2025-8-13 18:28:27] the idcode from the scanning is: 0x0
[Debug] [2025-8-13 18:28:27] the idcode from the scanning is: 0x0
[Debug] [2025-8-13 18:28:27] the idcode from the scanning is: 0x0
[Debug] [2025-8-13 18:28:27] the value in the status register is :81ffca0
[Debug] [2025-8-13 18:28:27] flash_id is 1c7118
[Debug] [2025-8-13 18:28:27] The value of GigaDevice status register 1 is 0x
[Debug] [2025-8-13 18:28:27] progress bar is 1
[Debug] [2025-8-13 18:28:29] progress bar is 6
[Debug] [2025-8-13 18:28:31] progress bar is 10
[Debug] [2025-8-13 18:28:32] progress bar is 15
[Debug] [2025-8-13 18:28:34] progress bar is 20
[Debug] [2025-8-13 18:28:36] progress bar is 25
[Debug] [2025-8-13 18:28:37] progress bar is 30
[Debug] [2025-8-13 18:28:39] progress bar is 35
[Debug] [2025-8-13 18:28:41] progress bar is 40
[Debug] [2025-8-13 18:28:42] progress bar is 45
[Debug] [2025-8-13 18:28:44] progress bar is 50
[Debug] [2025-8-13 18:28:45] progress bar is 55
[Debug] [2025-8-13 18:28:47] progress bar is 60
[Debug] [2025-8-13 18:28:49] progress bar is 65
[Debug] [2025-8-13 18:28:50] progress bar is 70
[Debug] [2025-8-13 18:28:52] progress bar is 75
[Debug] [2025-8-13 18:28:54] progress bar is 80
[Debug] [2025-8-13 18:28:55] progress bar is 85
[Debug] [2025-8-13 18:28:57] progress bar is 90
[Debug] [2025-8-13 18:28:59] progress bar is 95
[Debug] [2025-8-13 18:29:00] progress bar is 100
[Debug] [2025-8-13 18:29:01] end to operate flash: cmd id = 20301
[Debug] [2025-8-13 18:29:01] cmd operation Program Outer Flash releases locker
[Debug] [2025-8-13 18:29:01] Remove the header data from the client, index : 0
[Debug] [2025-8-13 18:29:01] _total_bytes_size : 1475
[Debug] [2025-8-13 18:29:01] cmd id :20303cmd name : Verify Outer Flash
[Debug] [2025-8-13 18:29:01] begin to operate flash: cmd id = 20303
[Debug] [2025-8-13 18:29:01] the idcode from the scanning is: 0x10601899
[Debug] [2025-8-13 18:29:01] the idcode from the scanning is: 0x0
[Debug] [2025-8-13 18:29:01] the idcode from the scanning is: 0x0
[Debug] [2025-8-13 18:29:01] the idcode from the scanning is: 0x0
[Debug] [2025-8-13 18:29:01] the idcode from the scanning is: 0x0
[Debug] [2025-8-13 18:29:01] the value in the status register is :81ffca0
[Debug] [2025-8-13 18:29:01] flash_id is 1c7118
[Debug] [2025-8-13 18:29:01] the value in the status register is :81ffca0
[Debug] [2025-8-13 18:29:01] progress bar is 1
[Debug] [2025-8-13 18:29:01] progress bar is 6
[Debug] [2025-8-13 18:29:01] progress bar is 10
[Debug] [2025-8-13 18:29:01] progress bar is 15
[Debug] [2025-8-13 18:29:01] progress bar is 20
[Debug] [2025-8-13 18:29:01] progress bar is 25
[Debug] [2025-8-13 18:29:01] progress bar is 30
[Debug] [2025-8-13 18:29:02] progress bar is 35
[Debug] [2025-8-13 18:29:02] progress bar is 40
[Debug] [2025-8-13 18:29:02] progress bar is 45
[Debug] [2025-8-13 18:29:02] progress bar is 50
[Debug] [2025-8-13 18:29:02] progress bar is 55
[Debug] [2025-8-13 18:29:02] progress bar is 60
[Debug] [2025-8-13 18:29:02] progress bar is 65
[Debug] [2025-8-13 18:29:02] progress bar is 70
[Debug] [2025-8-13 18:29:02] progress bar is 75
[Debug] [2025-8-13 18:29:03] progress bar is 80
[Debug] [2025-8-13 18:29:03] progress bar is 85
[Debug] [2025-8-13 18:29:03] progress bar is 90
[Debug] [2025-8-13 18:29:03] progress bar is 95
[Debug] [2025-8-13 18:29:03] progress bar is 100
[Debug] [2025-8-13 18:29:03] end to operate flash: cmd id = 20303
[Debug] [2025-8-13 18:29:03] cmd operation Verify Outer Flash releases locker
[Debug] [2025-8-13 18:34:36] Remove the header data from the client, index : 0
[Debug] [2025-8-13 18:34:36] _total_bytes_size : 1480
[Debug] [2025-8-13 18:34:36] cmd id :20302cmd name : Erase Outer Flash
[Debug] [2025-8-13 18:34:36] begin to operate flash: cmd id = 20302
[Debug] [2025-8-13 18:34:36] the idcode from the scanning is: 0x10601899
[Debug] [2025-8-13 18:34:36] the idcode from the scanning is: 0x0
[Debug] [2025-8-13 18:34:36] the idcode from the scanning is: 0x0
[Debug] [2025-8-13 18:34:36] the idcode from the scanning is: 0x0
[Debug] [2025-8-13 18:34:36] the idcode from the scanning is: 0x0
[Debug] [2025-8-13 18:34:36] the value in the status register is :81ffca0
[Debug] [2025-8-13 18:34:36] flash_id is 1c7118
[Debug] [2025-8-13 18:34:36] the value in the status register is :81ffca0
[Debug] [2025-8-13 18:34:36] progress bar is 1
[Error] [2025-8-13 18:34:37] WaitForWIPFinish timeout, wait second ms:100
[Error] [2025-8-13 18:34:37] WaitForWIPFinish timeout, wait second ms:100
[Error] [2025-8-13 18:34:37] WaitForWIPFinish timeout, wait second ms:100
[Error] [2025-8-13 18:34:37] WaitForWIPFinish timeout, wait second ms:100
[Error] [2025-8-13 18:34:37] WaitForWIPFinish timeout, wait second ms:100
[Error] [2025-8-13 18:34:37] WaitForWIPFinish timeout, wait second ms:100
[Debug] [2025-8-13 18:34:37] progress bar is 6
[Error] [2025-8-13 18:34:38] WaitForWIPFinish timeout, wait second ms:100
[Error] [2025-8-13 18:34:38] WaitForWIPFinish timeout, wait second ms:100
[Error] [2025-8-13 18:34:38] WaitForWIPFinish timeout, wait second ms:100
[Error] [2025-8-13 18:34:38] WaitForWIPFinish timeout, wait second ms:100
[Error] [2025-8-13 18:34:38] WaitForWIPFinish timeout, wait second ms:100
[Debug] [2025-8-13 18:34:38] progress bar is 12
[Error] [2025-8-13 18:34:38] WaitForWIPFinish timeout, wait second ms:100
[Error] [2025-8-13 18:34:38] WaitForWIPFinish timeout, wait second ms:100
[Debug] [2025-8-13 18:34:39] progress bar is 15
[Error] [2025-8-13 18:34:39] WaitForWIPFinish timeout, wait second ms:100
[Error] [2025-8-13 18:34:39] WaitForWIPFinish timeout, wait second ms:100
[Error] [2025-8-13 18:34:39] WaitForWIPFinish timeout, wait second ms:100
[Error] [2025-8-13 18:34:39] WaitForWIPFinish timeout, wait second ms:100
[Error] [2025-8-13 18:34:39] WaitForWIPFinish timeout, wait second ms:100
[Debug] [2025-8-13 18:34:39] progress bar is 21
[Error] [2025-8-13 18:34:39] WaitForWIPFinish timeout, wait second ms:100
[Error] [2025-8-13 18:34:39] WaitForWIPFinish timeout, wait second ms:100
[Error] [2025-8-13 18:34:40] WaitForWIPFinish timeout, wait second ms:100
[Error] [2025-8-13 18:34:40] WaitForWIPFinish timeout, wait second ms:100
[Error] [2025-8-13 18:34:40] WaitForWIPFinish timeout, wait second ms:100
[Debug] [2025-8-13 18:34:40] progress bar is 27
[Error] [2025-8-13 18:34:40] WaitForWIPFinish timeout, wait second ms:100
[Error] [2025-8-13 18:34:40] WaitForWIPFinish timeout, wait second ms:100
[Debug] [2025-8-13 18:34:40] progress bar is 30
[Error] [2025-8-13 18:34:40] WaitForWIPFinish timeout, wait second ms:100
[Error] [2025-8-13 18:34:41] WaitForWIPFinish timeout, wait second ms:100
[Error] [2025-8-13 18:34:41] WaitForWIPFinish timeout, wait second ms:100
[Error] [2025-8-13 18:34:41] WaitForWIPFinish timeout, wait second ms:100
[Debug] [2025-8-13 18:34:41] progress bar is 36
[Error] [2025-8-13 18:34:41] WaitForWIPFinish timeout, wait second ms:100
[Error] [2025-8-13 18:34:41] WaitForWIPFinish timeout, wait second ms:100
[Error] [2025-8-13 18:34:41] WaitForWIPFinish timeout, wait second ms:100
[Error] [2025-8-13 18:34:41] WaitForWIPFinish timeout, wait second ms:100
[Error] [2025-8-13 18:34:42] WaitForWIPFinish timeout, wait second ms:100
[Debug] [2025-8-13 18:34:42] progress bar is 42
[Error] [2025-8-13 18:34:42] WaitForWIPFinish timeout, wait second ms:100
[Error] [2025-8-13 18:34:42] WaitForWIPFinish timeout, wait second ms:100
[Error] [2025-8-13 18:34:42] WaitForWIPFinish timeout, wait second ms:100
[Debug] [2025-8-13 18:34:42] progress bar is 45
[Error] [2025-8-13 18:34:42] WaitForWIPFinish timeout, wait second ms:100
[Error] [2025-8-13 18:34:42] WaitForWIPFinish timeout, wait second ms:100
[Error] [2025-8-13 18:34:43] WaitForWIPFinish timeout, wait second ms:100
[Error] [2025-8-13 18:34:43] WaitForWIPFinish timeout, wait second ms:100
[Debug] [2025-8-13 18:34:43] progress bar is 51
[Error] [2025-8-13 18:34:43] WaitForWIPFinish timeout, wait second ms:100
[Error] [2025-8-13 18:34:43] WaitForWIPFinish timeout, wait second ms:100
[Error] [2025-8-13 18:34:43] WaitForWIPFinish timeout, wait second ms:100
[Error] [2025-8-13 18:34:43] WaitForWIPFinish timeout, wait second ms:100
[Debug] [2025-8-13 18:34:43] progress bar is 57
[Error] [2025-8-13 18:34:44] WaitForWIPFinish timeout, wait second ms:100
[Error] [2025-8-13 18:34:44] WaitForWIPFinish timeout, wait second ms:100
[Debug] [2025-8-13 18:34:44] progress bar is 60
[Error] [2025-8-13 18:34:44] WaitForWIPFinish timeout, wait second ms:100
[Error] [2025-8-13 18:34:44] WaitForWIPFinish timeout, wait second ms:100
[Error] [2025-8-13 18:34:44] WaitForWIPFinish timeout, wait second ms:100
[Error] [2025-8-13 18:34:44] WaitForWIPFinish timeout, wait second ms:100
[Debug] [2025-8-13 18:34:44] progress bar is 66
[Error] [2025-8-13 18:34:44] WaitForWIPFinish timeout, wait second ms:100
[Error] [2025-8-13 18:34:45] WaitForWIPFinish timeout, wait second ms:100
[Error] [2025-8-13 18:34:45] WaitForWIPFinish timeout, wait second ms:100
[Error] [2025-8-13 18:34:45] WaitForWIPFinish timeout, wait second ms:100
[Debug] [2025-8-13 18:34:45] progress bar is 72
[Error] [2025-8-13 18:34:45] WaitForWIPFinish timeout, wait second ms:100
[Error] [2025-8-13 18:34:45] WaitForWIPFinish timeout, wait second ms:100
[Debug] [2025-8-13 18:34:45] progress bar is 75
[Error] [2025-8-13 18:34:45] WaitForWIPFinish timeout, wait second ms:100
[Error] [2025-8-13 18:34:46] WaitForWIPFinish timeout, wait second ms:100
[Error] [2025-8-13 18:34:46] WaitForWIPFinish timeout, wait second ms:100
[Error] [2025-8-13 18:34:46] WaitForWIPFinish timeout, wait second ms:100
[Error] [2025-8-13 18:34:46] WaitForWIPFinish timeout, wait second ms:100
[Debug] [2025-8-13 18:34:46] progress bar is 81
[Error] [2025-8-13 18:34:46] WaitForWIPFinish timeout, wait second ms:100
[Error] [2025-8-13 18:34:46] WaitForWIPFinish timeout, wait second ms:100
[Error] [2025-8-13 18:34:47] WaitForWIPFinish timeout, wait second ms:100
[Error] [2025-8-13 18:34:47] WaitForWIPFinish timeout, wait second ms:100
[Debug] [2025-8-13 18:34:47] progress bar is 87
[Error] [2025-8-13 18:34:47] WaitForWIPFinish timeout, wait second ms:100
[Error] [2025-8-13 18:34:47] WaitForWIPFinish timeout, wait second ms:100
[Debug] [2025-8-13 18:34:47] progress bar is 90
[Error] [2025-8-13 18:34:47] WaitForWIPFinish timeout, wait second ms:100
[Error] [2025-8-13 18:34:47] WaitForWIPFinish timeout, wait second ms:100
[Error] [2025-8-13 18:34:47] WaitForWIPFinish timeout, wait second ms:100
[Error] [2025-8-13 18:34:48] WaitForWIPFinish timeout, wait second ms:100
[Error] [2025-8-13 18:34:48] WaitForWIPFinish timeout, wait second ms:100
[Debug] [2025-8-13 18:34:48] progress bar is 96
[Debug] [2025-8-13 18:34:48] progress bar is 100
[Debug] [2025-8-13 18:34:48] end to operate flash: cmd id = 20302
[Debug] [2025-8-13 18:34:48] cmd operation Erase Outer Flash releases locker
[Debug] [2025-8-13 18:34:48] Remove the header data from the client, index : 0
[Debug] [2025-8-13 18:34:48] _total_bytes_size : 1477
[Debug] [2025-8-13 18:34:48] cmd id :20301cmd name : Program Outer Flash
[Debug] [2025-8-13 18:34:48] begin to operate flash: cmd id = 20301
[Debug] [2025-8-13 18:34:48] the idcode from the scanning is: 0x10601899
[Debug] [2025-8-13 18:34:48] the idcode from the scanning is: 0x0
[Debug] [2025-8-13 18:34:48] the idcode from the scanning is: 0x0
[Debug] [2025-8-13 18:34:48] the idcode from the scanning is: 0x0
[Debug] [2025-8-13 18:34:48] the idcode from the scanning is: 0x0
[Debug] [2025-8-13 18:34:48] the value in the status register is :81ffca0
[Debug] [2025-8-13 18:34:48] flash_id is 1c7118
[Debug] [2025-8-13 18:34:48] The value of GigaDevice status register 1 is 0x
[Debug] [2025-8-13 18:34:48] progress bar is 1
[Debug] [2025-8-13 18:34:50] progress bar is 6
[Debug] [2025-8-13 18:34:52] progress bar is 10
[Debug] [2025-8-13 18:34:53] progress bar is 15
[Debug] [2025-8-13 18:34:55] progress bar is 20
[Debug] [2025-8-13 18:34:57] progress bar is 25
[Debug] [2025-8-13 18:34:58] progress bar is 30
[Debug] [2025-8-13 18:35:00] progress bar is 35
[Debug] [2025-8-13 18:35:02] progress bar is 40
[Debug] [2025-8-13 18:35:03] progress bar is 45
[Debug] [2025-8-13 18:35:05] progress bar is 50
[Debug] [2025-8-13 18:35:07] progress bar is 55
[Debug] [2025-8-13 18:35:08] progress bar is 60
[Debug] [2025-8-13 18:35:10] progress bar is 65
[Debug] [2025-8-13 18:35:12] progress bar is 70
[Debug] [2025-8-13 18:35:13] progress bar is 75
[Debug] [2025-8-13 18:35:15] progress bar is 80
[Debug] [2025-8-13 18:35:17] progress bar is 85
[Debug] [2025-8-13 18:35:18] progress bar is 90
[Debug] [2025-8-13 18:35:20] progress bar is 95
[Debug] [2025-8-13 18:35:22] progress bar is 100
[Debug] [2025-8-13 18:35:22] end to operate flash: cmd id = 20301
[Debug] [2025-8-13 18:35:22] cmd operation Program Outer Flash releases locker
[Debug] [2025-8-13 18:35:22] Remove the header data from the client, index : 0
[Debug] [2025-8-13 18:35:22] _total_bytes_size : 1475
[Debug] [2025-8-13 18:35:22] cmd id :20303cmd name : Verify Outer Flash
[Debug] [2025-8-13 18:35:22] begin to operate flash: cmd id = 20303
[Debug] [2025-8-13 18:35:22] the idcode from the scanning is: 0x10601899
[Debug] [2025-8-13 18:35:22] the idcode from the scanning is: 0x0
[Debug] [2025-8-13 18:35:22] the idcode from the scanning is: 0x0
[Debug] [2025-8-13 18:35:22] the idcode from the scanning is: 0x0
[Debug] [2025-8-13 18:35:22] the idcode from the scanning is: 0x0
[Debug] [2025-8-13 18:35:22] the value in the status register is :81ffca0
[Debug] [2025-8-13 18:35:22] flash_id is 1c7118
[Debug] [2025-8-13 18:35:22] the value in the status register is :81ffca0
[Debug] [2025-8-13 18:35:22] progress bar is 1
[Debug] [2025-8-13 18:35:22] progress bar is 6
[Debug] [2025-8-13 18:35:22] progress bar is 10
[Debug] [2025-8-13 18:35:22] progress bar is 15
[Debug] [2025-8-13 18:35:22] progress bar is 20
[Debug] [2025-8-13 18:35:23] progress bar is 25
[Debug] [2025-8-13 18:35:23] progress bar is 30
[Debug] [2025-8-13 18:35:23] progress bar is 35
[Debug] [2025-8-13 18:35:23] progress bar is 40
[Debug] [2025-8-13 18:35:23] progress bar is 45
[Debug] [2025-8-13 18:35:23] progress bar is 50
[Debug] [2025-8-13 18:35:23] progress bar is 55
[Debug] [2025-8-13 18:35:23] progress bar is 60
[Debug] [2025-8-13 18:35:23] progress bar is 65
[Debug] [2025-8-13 18:35:24] progress bar is 70
[Debug] [2025-8-13 18:35:24] progress bar is 75
[Debug] [2025-8-13 18:35:24] progress bar is 80
[Debug] [2025-8-13 18:35:24] progress bar is 85
[Debug] [2025-8-13 18:35:24] progress bar is 90
[Debug] [2025-8-13 18:35:24] progress bar is 95
[Debug] [2025-8-13 18:35:24] progress bar is 100
[Debug] [2025-8-13 18:35:24] end to operate flash: cmd id = 20303
[Debug] [2025-8-13 18:35:24] cmd operation Verify Outer Flash releases locker
[Debug] [2025-8-13 18:41:04] Remove the header data from the client, index : 0
[Debug] [2025-8-13 18:41:04] _total_bytes_size : 977
[Debug] [2025-8-13 18:41:04] cmd id :20300cmd name : Scan Outer SPI Flash
[Debug] [2025-8-13 18:41:04] the idcode from the scanning is: 0x10601899
[Debug] [2025-8-13 18:41:04] the idcode from the scanning is: 0x0
[Debug] [2025-8-13 18:41:04] the idcode from the scanning is: 0x0
[Debug] [2025-8-13 18:41:04] the idcode from the scanning is: 0x0
[Debug] [2025-8-13 18:41:04] the idcode from the scanning is: 0x0
[Debug] [2025-8-13 18:41:04] the value in the status register is :81ffca0
[Debug] [2025-8-13 18:41:04] flash_id is 1c7118
[Debug] [2025-8-13 18:41:04] cmd operation Scan Outer SPI Flash releases locker
[Debug] [2025-8-13 18:41:08] Remove the header data from the client, index : 0
[Debug] [2025-8-13 18:41:08] _total_bytes_size : 5c8
[Debug] [2025-8-13 18:41:08] cmd id :4f4ecmd name : Erase Outer Flash
[Debug] [2025-8-13 18:41:08] begin to operate flash: cmd id = 4f4e
[Debug] [2025-8-13 18:41:09] the idcode from the scanning is: 0x10601899
[Debug] [2025-8-13 18:41:09] the idcode from the scanning is: 0x0
[Debug] [2025-8-13 18:41:09] the idcode from the scanning is: 0x0
[Debug] [2025-8-13 18:41:09] the idcode from the scanning is: 0x0
[Debug] [2025-8-13 18:41:09] the idcode from the scanning is: 0x0
[Debug] [2025-8-13 18:41:09] the value in the status register is :81ffca0
[Debug] [2025-8-13 18:41:09] flash_id is 1c7118
[Debug] [2025-8-13 18:41:09] the value in the status register is :81ffca0
[Debug] [2025-8-13 18:41:09] progress bar is 1
[Error] [2025-8-13 18:41:09] WaitForWIPFinish timeout, wait second ms:100
[Error] [2025-8-13 18:41:09] WaitForWIPFinish timeout, wait second ms:100
[Error] [2025-8-13 18:41:09] WaitForWIPFinish timeout, wait second ms:100
[Error] [2025-8-13 18:41:09] WaitForWIPFinish timeout, wait second ms:100
[Error] [2025-8-13 18:41:09] WaitForWIPFinish timeout, wait second ms:100
[Error] [2025-8-13 18:41:09] WaitForWIPFinish timeout, wait second ms:100
[Error] [2025-8-13 18:41:10] WaitForWIPFinish timeout, wait second ms:100
[Debug] [2025-8-13 18:41:10] progress bar is 6
[Error] [2025-8-13 18:41:10] WaitForWIPFinish timeout, wait second ms:100
[Error] [2025-8-13 18:41:10] WaitForWIPFinish timeout, wait second ms:100
[Error] [2025-8-13 18:41:10] WaitForWIPFinish timeout, wait second ms:100
[Error] [2025-8-13 18:41:10] WaitForWIPFinish timeout, wait second ms:100
[Debug] [2025-8-13 18:41:10] progress bar is 12
[Error] [2025-8-13 18:41:10] WaitForWIPFinish timeout, wait second ms:100
[Error] [2025-8-13 18:41:11] WaitForWIPFinish timeout, wait second ms:100
[Debug] [2025-8-13 18:41:11] progress bar is 15
[Error] [2025-8-13 18:41:11] WaitForWIPFinish timeout, wait second ms:100
[Error] [2025-8-13 18:41:11] WaitForWIPFinish timeout, wait second ms:100
[Error] [2025-8-13 18:41:11] WaitForWIPFinish timeout, wait second ms:100
[Error] [2025-8-13 18:41:11] WaitForWIPFinish timeout, wait second ms:100
[Debug] [2025-8-13 18:41:11] progress bar is 21
[Error] [2025-8-13 18:41:11] WaitForWIPFinish timeout, wait second ms:100
[Error] [2025-8-13 18:41:11] WaitForWIPFinish timeout, wait second ms:100
[Error] [2025-8-13 18:41:12] WaitForWIPFinish timeout, wait second ms:100
[Error] [2025-8-13 18:41:12] WaitForWIPFinish timeout, wait second ms:100
[Error] [2025-8-13 18:41:12] WaitForWIPFinish timeout, wait second ms:100
[Debug] [2025-8-13 18:41:12] progress bar is 27
[Error] [2025-8-13 18:41:12] WaitForWIPFinish timeout, wait second ms:100
[Error] [2025-8-13 18:41:12] WaitForWIPFinish timeout, wait second ms:100
[Debug] [2025-8-13 18:41:12] progress bar is 30
[Error] [2025-8-13 18:41:12] WaitForWIPFinish timeout, wait second ms:100
[Error] [2025-8-13 18:41:13] WaitForWIPFinish timeout, wait second ms:100
[Error] [2025-8-13 18:41:13] WaitForWIPFinish timeout, wait second ms:100
[Error] [2025-8-13 18:41:13] WaitForWIPFinish timeout, wait second ms:100
[Debug] [2025-8-13 18:41:13] progress bar is 36
[Error] [2025-8-13 18:41:13] WaitForWIPFinish timeout, wait second ms:100
[Error] [2025-8-13 18:41:13] WaitForWIPFinish timeout, wait second ms:100
[Error] [2025-8-13 18:41:13] WaitForWIPFinish timeout, wait second ms:100
[Error] [2025-8-13 18:41:13] WaitForWIPFinish timeout, wait second ms:100
[Error] [2025-8-13 18:41:14] WaitForWIPFinish timeout, wait second ms:100
[Debug] [2025-8-13 18:41:14] progress bar is 42
[Error] [2025-8-13 18:41:14] WaitForWIPFinish timeout, wait second ms:100
[Error] [2025-8-13 18:41:14] WaitForWIPFinish timeout, wait second ms:100
[Error] [2025-8-13 18:41:14] WaitForWIPFinish timeout, wait second ms:100
[Debug] [2025-8-13 18:41:14] progress bar is 45
[Error] [2025-8-13 18:41:14] WaitForWIPFinish timeout, wait second ms:100
[Error] [2025-8-13 18:41:14] WaitForWIPFinish timeout, wait second ms:100
[Error] [2025-8-13 18:41:14] WaitForWIPFinish timeout, wait second ms:100
[Error] [2025-8-13 18:41:15] WaitForWIPFinish timeout, wait second ms:100
[Error] [2025-8-13 18:41:15] WaitForWIPFinish timeout, wait second ms:100
[Debug] [2025-8-13 18:41:15] progress bar is 51
[Error] [2025-8-13 18:41:15] WaitForWIPFinish timeout, wait second ms:100
[Error] [2025-8-13 18:41:15] WaitForWIPFinish timeout, wait second ms:100
[Error] [2025-8-13 18:41:15] WaitForWIPFinish timeout, wait second ms:100
[Error] [2025-8-13 18:41:15] WaitForWIPFinish timeout, wait second ms:100
[Error] [2025-8-13 18:41:15] WaitForWIPFinish timeout, wait second ms:100
[Debug] [2025-8-13 18:41:16] progress bar is 57
[Error] [2025-8-13 18:41:16] WaitForWIPFinish timeout, wait second ms:100
[Error] [2025-8-13 18:41:16] WaitForWIPFinish timeout, wait second ms:100
[Debug] [2025-8-13 18:41:16] progress bar is 60
[Error] [2025-8-13 18:41:16] WaitForWIPFinish timeout, wait second ms:100
[Error] [2025-8-13 18:41:16] WaitForWIPFinish timeout, wait second ms:100
[Error] [2025-8-13 18:41:16] WaitForWIPFinish timeout, wait second ms:100
[Error] [2025-8-13 18:41:16] WaitForWIPFinish timeout, wait second ms:100
[Debug] [2025-8-13 18:41:17] progress bar is 66
[Error] [2025-8-13 18:41:17] WaitForWIPFinish timeout, wait second ms:100
[Error] [2025-8-13 18:41:17] WaitForWIPFinish timeout, wait second ms:100
[Error] [2025-8-13 18:41:17] WaitForWIPFinish timeout, wait second ms:100
[Error] [2025-8-13 18:41:17] WaitForWIPFinish timeout, wait second ms:100
[Debug] [2025-8-13 18:41:17] progress bar is 72
[Error] [2025-8-13 18:41:17] WaitForWIPFinish timeout, wait second ms:100
[Error] [2025-8-13 18:41:17] WaitForWIPFinish timeout, wait second ms:100
[Debug] [2025-8-13 18:41:17] progress bar is 75
[Error] [2025-8-13 18:41:18] WaitForWIPFinish timeout, wait second ms:100
[Error] [2025-8-13 18:41:18] WaitForWIPFinish timeout, wait second ms:100
[Error] [2025-8-13 18:41:18] WaitForWIPFinish timeout, wait second ms:100
[Error] [2025-8-13 18:41:18] WaitForWIPFinish timeout, wait second ms:100
[Error] [2025-8-13 18:41:18] WaitForWIPFinish timeout, wait second ms:100
[Error] [2025-8-13 18:41:18] WaitForWIPFinish timeout, wait second ms:100
[Debug] [2025-8-13 18:41:18] progress bar is 81
[Error] [2025-8-13 18:41:18] WaitForWIPFinish timeout, wait second ms:100
[Error] [2025-8-13 18:41:19] WaitForWIPFinish timeout, wait second ms:100
[Error] [2025-8-13 18:41:19] WaitForWIPFinish timeout, wait second ms:100
[Error] [2025-8-13 18:41:19] WaitForWIPFinish timeout, wait second ms:100
[Error] [2025-8-13 18:41:19] WaitForWIPFinish timeout, wait second ms:100
[Debug] [2025-8-13 18:41:19] progress bar is 87
[Error] [2025-8-13 18:41:19] WaitForWIPFinish timeout, wait second ms:100
[Error] [2025-8-13 18:41:19] WaitForWIPFinish timeout, wait second ms:100
[Debug] [2025-8-13 18:41:19] progress bar is 90
[Error] [2025-8-13 18:41:20] WaitForWIPFinish timeout, wait second ms:100
[Error] [2025-8-13 18:41:20] WaitForWIPFinish timeout, wait second ms:100
[Error] [2025-8-13 18:41:20] WaitForWIPFinish timeout, wait second ms:100
[Error] [2025-8-13 18:41:20] WaitForWIPFinish timeout, wait second ms:100
[Error] [2025-8-13 18:41:20] WaitForWIPFinish timeout, wait second ms:100
[Debug] [2025-8-13 18:41:20] progress bar is 96
[Debug] [2025-8-13 18:41:20] progress bar is 100
[Debug] [2025-8-13 18:41:20] end to operate flash: cmd id = 20302
[Debug] [2025-8-13 18:41:20] cmd operation Erase Outer Flash releases locker
[Debug] [2025-8-13 18:41:20] Remove the header data from the client, index : 0
[Debug] [2025-8-13 18:41:20] _total_bytes_size : 1477
[Debug] [2025-8-13 18:41:20] cmd id :20301cmd name : Program Outer Flash
[Debug] [2025-8-13 18:41:20] begin to operate flash: cmd id = 20301
[Debug] [2025-8-13 18:41:21] the idcode from the scanning is: 0x10601899
[Debug] [2025-8-13 18:41:21] the idcode from the scanning is: 0x0
[Debug] [2025-8-13 18:41:21] the idcode from the scanning is: 0x0
[Debug] [2025-8-13 18:41:21] the idcode from the scanning is: 0x0
[Debug] [2025-8-13 18:41:21] the idcode from the scanning is: 0x0
[Debug] [2025-8-13 18:41:21] the value in the status register is :81ffca0
[Debug] [2025-8-13 18:41:21] flash_id is 1c7118
[Debug] [2025-8-13 18:41:21] The value of GigaDevice status register 1 is 0x
[Debug] [2025-8-13 18:41:21] progress bar is 1
[Debug] [2025-8-13 18:41:23] progress bar is 6
[Debug] [2025-8-13 18:41:24] progress bar is 10
[Debug] [2025-8-13 18:41:26] progress bar is 15
[Debug] [2025-8-13 18:41:27] progress bar is 20
[Debug] [2025-8-13 18:41:29] progress bar is 25
[Debug] [2025-8-13 18:41:31] progress bar is 30
[Debug] [2025-8-13 18:41:32] progress bar is 35
[Debug] [2025-8-13 18:41:34] progress bar is 40
[Debug] [2025-8-13 18:41:36] progress bar is 45
[Debug] [2025-8-13 18:41:37] progress bar is 50
[Debug] [2025-8-13 18:41:39] progress bar is 55
[Debug] [2025-8-13 18:41:41] progress bar is 60
[Debug] [2025-8-13 18:41:42] progress bar is 65
[Debug] [2025-8-13 18:41:44] progress bar is 70
[Debug] [2025-8-13 18:41:46] progress bar is 75
[Debug] [2025-8-13 18:41:47] progress bar is 80
[Debug] [2025-8-13 18:41:49] progress bar is 85
[Debug] [2025-8-13 18:41:51] progress bar is 90
[Debug] [2025-8-13 18:41:52] progress bar is 95
[Debug] [2025-8-13 18:41:54] progress bar is 100
[Debug] [2025-8-13 18:41:54] end to operate flash: cmd id = 20301
[Debug] [2025-8-13 18:41:54] cmd operation Program Outer Flash releases locker
[Debug] [2025-8-13 18:41:54] Remove the header data from the client, index : 0
[Debug] [2025-8-13 18:41:54] _total_bytes_size : 1475
[Debug] [2025-8-13 18:41:54] cmd id :20303cmd name : Verify Outer Flash
[Debug] [2025-8-13 18:41:54] begin to operate flash: cmd id = 20303
[Debug] [2025-8-13 18:41:54] the idcode from the scanning is: 0x10601899
[Debug] [2025-8-13 18:41:54] the idcode from the scanning is: 0x0
[Debug] [2025-8-13 18:41:54] the idcode from the scanning is: 0x0
[Debug] [2025-8-13 18:41:54] the idcode from the scanning is: 0x0
[Debug] [2025-8-13 18:41:54] the idcode from the scanning is: 0x0
[Debug] [2025-8-13 18:41:54] the value in the status register is :81ffca0
[Debug] [2025-8-13 18:41:54] flash_id is 1c7118
[Debug] [2025-8-13 18:41:54] the value in the status register is :81ffca0
[Debug] [2025-8-13 18:41:54] progress bar is 1
[Debug] [2025-8-13 18:41:54] progress bar is 6
[Debug] [2025-8-13 18:41:55] progress bar is 10
[Debug] [2025-8-13 18:41:55] progress bar is 15
[Debug] [2025-8-13 18:41:55] progress bar is 20
[Debug] [2025-8-13 18:41:55] progress bar is 25
[Debug] [2025-8-13 18:41:55] progress bar is 30
[Debug] [2025-8-13 18:41:55] progress bar is 35
[Debug] [2025-8-13 18:41:55] progress bar is 40
[Debug] [2025-8-13 18:41:55] progress bar is 45
[Debug] [2025-8-13 18:41:55] progress bar is 50
[Debug] [2025-8-13 18:41:55] progress bar is 55
[Debug] [2025-8-13 18:41:56] progress bar is 60
[Debug] [2025-8-13 18:41:56] progress bar is 65
[Debug] [2025-8-13 18:41:56] progress bar is 70
[Debug] [2025-8-13 18:41:56] progress bar is 75
[Debug] [2025-8-13 18:41:56] progress bar is 80
[Debug] [2025-8-13 18:41:56] progress bar is 85
[Debug] [2025-8-13 18:41:56] progress bar is 90
[Debug] [2025-8-13 18:41:56] progress bar is 95
[Debug] [2025-8-13 18:41:56] progress bar is 100
[Debug] [2025-8-13 18:41:57] end to operate flash: cmd id = 20303
[Debug] [2025-8-13 18:41:57] cmd operation Verify Outer Flash releases locker
[Debug] [2025-8-13 18:43:59] Remove the header data from the client, index : 0
[Debug] [2025-8-13 18:43:59] _total_bytes_size : 1480
[Debug] [2025-8-13 18:43:59] cmd id :20302cmd name : Erase Outer Flash
[Debug] [2025-8-13 18:43:59] begin to operate flash: cmd id = 20302
[Debug] [2025-8-13 18:43:59] the idcode from the scanning is: 0x10601899
[Debug] [2025-8-13 18:43:59] the idcode from the scanning is: 0x0
[Debug] [2025-8-13 18:43:59] the idcode from the scanning is: 0x0
[Debug] [2025-8-13 18:43:59] the idcode from the scanning is: 0x0
[Debug] [2025-8-13 18:43:59] the idcode from the scanning is: 0x0
[Debug] [2025-8-13 18:43:59] the value in the status register is :81ffca0
[Debug] [2025-8-13 18:43:59] flash_id is 1c7118
[Debug] [2025-8-13 18:43:59] the value in the status register is :81ffca0
[Debug] [2025-8-13 18:43:59] progress bar is 1
[Error] [2025-8-13 18:43:59] WaitForWIPFinish timeout, wait second ms:100
[Error] [2025-8-13 18:44:00] WaitForWIPFinish timeout, wait second ms:100
[Error] [2025-8-13 18:44:00] WaitForWIPFinish timeout, wait second ms:100
[Error] [2025-8-13 18:44:00] WaitForWIPFinish timeout, wait second ms:100
[Error] [2025-8-13 18:44:00] WaitForWIPFinish timeout, wait second ms:100
[Error] [2025-8-13 18:44:00] WaitForWIPFinish timeout, wait second ms:100
[Error] [2025-8-13 18:44:00] WaitForWIPFinish timeout, wait second ms:100
[Error] [2025-8-13 18:44:00] WaitForWIPFinish timeout, wait second ms:100
[Debug] [2025-8-13 18:44:01] progress bar is 6
[Error] [2025-8-13 18:44:01] WaitForWIPFinish timeout, wait second ms:100
[Error] [2025-8-13 18:44:01] WaitForWIPFinish timeout, wait second ms:100
[Debug] [2025-8-13 18:44:01] progress bar is 10
[Error] [2025-8-13 18:44:01] WaitForWIPFinish timeout, wait second ms:100
[Error] [2025-8-13 18:44:01] WaitForWIPFinish timeout, wait second ms:100
[Error] [2025-8-13 18:44:01] WaitForWIPFinish timeout, wait second ms:100
[Error] [2025-8-13 18:44:01] WaitForWIPFinish timeout, wait second ms:100
[Error] [2025-8-13 18:44:02] WaitForWIPFinish timeout, wait second ms:100
[Debug] [2025-8-13 18:44:02] progress bar is 16
[Error] [2025-8-13 18:44:02] WaitForWIPFinish timeout, wait second ms:100
[Error] [2025-8-13 18:44:02] WaitForWIPFinish timeout, wait second ms:100
[Debug] [2025-8-13 18:44:02] progress bar is 20
[Error] [2025-8-13 18:44:02] WaitForWIPFinish timeout, wait second ms:100
[Error] [2025-8-13 18:44:02] WaitForWIPFinish timeout, wait second ms:100
[Error] [2025-8-13 18:44:02] WaitForWIPFinish timeout, wait second ms:100
[Error] [2025-8-13 18:44:02] WaitForWIPFinish timeout, wait second ms:100
[Error] [2025-8-13 18:44:03] WaitForWIPFinish timeout, wait second ms:100
[Debug] [2025-8-13 18:44:03] progress bar is 26
[Error] [2025-8-13 18:44:03] WaitForWIPFinish timeout, wait second ms:100
[Error] [2025-8-13 18:44:03] WaitForWIPFinish timeout, wait second ms:100
[Debug] [2025-8-13 18:44:03] progress bar is 30
[Error] [2025-8-13 18:44:03] WaitForWIPFinish timeout, wait second ms:100
[Error] [2025-8-13 18:44:03] WaitForWIPFinish timeout, wait second ms:100
[Error] [2025-8-13 18:44:03] WaitForWIPFinish timeout, wait second ms:100
[Error] [2025-8-13 18:44:04] WaitForWIPFinish timeout, wait second ms:100
[Debug] [2025-8-13 18:44:04] progress bar is 36
[Error] [2025-8-13 18:44:04] WaitForWIPFinish timeout, wait second ms:100
[Error] [2025-8-13 18:44:04] WaitForWIPFinish timeout, wait second ms:100
[Debug] [2025-8-13 18:44:04] progress bar is 40
[Error] [2025-8-13 18:44:04] WaitForWIPFinish timeout, wait second ms:100
[Error] [2025-8-13 18:44:04] WaitForWIPFinish timeout, wait second ms:100
[Error] [2025-8-13 18:44:04] WaitForWIPFinish timeout, wait second ms:100
[Error] [2025-8-13 18:44:04] WaitForWIPFinish timeout, wait second ms:100
[Debug] [2025-8-13 18:44:05] progress bar is 46
[Error] [2025-8-13 18:44:05] WaitForWIPFinish timeout, wait second ms:100
[Error] [2025-8-13 18:44:05] WaitForWIPFinish timeout, wait second ms:100
[Error] [2025-8-13 18:44:05] WaitForWIPFinish timeout, wait second ms:100
[Debug] [2025-8-13 18:44:05] progress bar is 50
[Error] [2025-8-13 18:44:05] WaitForWIPFinish timeout, wait second ms:100
[Error] [2025-8-13 18:44:05] WaitForWIPFinish timeout, wait second ms:100
[Error] [2025-8-13 18:44:05] WaitForWIPFinish timeout, wait second ms:100
[Error] [2025-8-13 18:44:06] WaitForWIPFinish timeout, wait second ms:100
[Debug] [2025-8-13 18:44:06] progress bar is 56
[Error] [2025-8-13 18:44:06] WaitForWIPFinish timeout, wait second ms:100
[Error] [2025-8-13 18:44:06] WaitForWIPFinish timeout, wait second ms:100
[Debug] [2025-8-13 18:44:06] progress bar is 60
[Error] [2025-8-13 18:44:06] WaitForWIPFinish timeout, wait second ms:100
[Error] [2025-8-13 18:44:06] WaitForWIPFinish timeout, wait second ms:100
[Error] [2025-8-13 18:44:06] WaitForWIPFinish timeout, wait second ms:100
[Error] [2025-8-13 18:44:06] WaitForWIPFinish timeout, wait second ms:100
[Error] [2025-8-13 18:44:07] WaitForWIPFinish timeout, wait second ms:100
[Debug] [2025-8-13 18:44:07] progress bar is 66
[Error] [2025-8-13 18:44:07] WaitForWIPFinish timeout, wait second ms:100
[Error] [2025-8-13 18:44:07] WaitForWIPFinish timeout, wait second ms:100
[Debug] [2025-8-13 18:44:07] progress bar is 70
[Error] [2025-8-13 18:44:07] WaitForWIPFinish timeout, wait second ms:100
[Error] [2025-8-13 18:44:07] WaitForWIPFinish timeout, wait second ms:100
[Error] [2025-8-13 18:44:07] WaitForWIPFinish timeout, wait second ms:100
[Error] [2025-8-13 18:44:08] WaitForWIPFinish timeout, wait second ms:100
[Debug] [2025-8-13 18:44:08] progress bar is 76
[Error] [2025-8-13 18:44:08] WaitForWIPFinish timeout, wait second ms:100
[Error] [2025-8-13 18:44:08] WaitForWIPFinish timeout, wait second ms:100
[Debug] [2025-8-13 18:44:08] progress bar is 80
[Error] [2025-8-13 18:44:08] WaitForWIPFinish timeout, wait second ms:100
[Error] [2025-8-13 18:44:08] WaitForWIPFinish timeout, wait second ms:100
[Error] [2025-8-13 18:44:08] WaitForWIPFinish timeout, wait second ms:100
[Error] [2025-8-13 18:44:09] WaitForWIPFinish timeout, wait second ms:100
[Debug] [2025-8-13 18:44:09] progress bar is 86
[Error] [2025-8-13 18:44:09] WaitForWIPFinish timeout, wait second ms:100
[Error] [2025-8-13 18:44:09] WaitForWIPFinish timeout, wait second ms:100
[Error] [2025-8-13 18:44:09] WaitForWIPFinish timeout, wait second ms:100
[Debug] [2025-8-13 18:44:09] progress bar is 90
[Error] [2025-8-13 18:44:09] WaitForWIPFinish timeout, wait second ms:100
[Error] [2025-8-13 18:44:09] WaitForWIPFinish timeout, wait second ms:100
[Error] [2025-8-13 18:44:09] WaitForWIPFinish timeout, wait second ms:100
[Error] [2025-8-13 18:44:10] WaitForWIPFinish timeout, wait second ms:100
[Debug] [2025-8-13 18:44:10] progress bar is 96
[Debug] [2025-8-13 18:44:10] progress bar is 100
[Debug] [2025-8-13 18:44:10] end to operate flash: cmd id = 20302
[Debug] [2025-8-13 18:44:10] cmd operation Erase Outer Flash releases locker
[Debug] [2025-8-13 18:44:10] Remove the header data from the client, index : 0
[Debug] [2025-8-13 18:44:10] _total_bytes_size : 1477
[Debug] [2025-8-13 18:44:10] cmd id :20301cmd name : Program Outer Flash
[Debug] [2025-8-13 18:44:10] begin to operate flash: cmd id = 20301
[Debug] [2025-8-13 18:44:10] the idcode from the scanning is: 0x10601899
[Debug] [2025-8-13 18:44:10] the idcode from the scanning is: 0x0
[Debug] [2025-8-13 18:44:10] the idcode from the scanning is: 0x0
[Debug] [2025-8-13 18:44:10] the idcode from the scanning is: 0x0
[Debug] [2025-8-13 18:44:10] the idcode from the scanning is: 0x0
[Debug] [2025-8-13 18:44:10] the value in the status register is :81ffca0
[Debug] [2025-8-13 18:44:10] flash_id is 1c7118
[Debug] [2025-8-13 18:44:10] The value of GigaDevice status register 1 is 0x
[Debug] [2025-8-13 18:44:10] progress bar is 1
[Debug] [2025-8-13 18:44:12] progress bar is 6
[Debug] [2025-8-13 18:44:13] progress bar is 10
[Debug] [2025-8-13 18:44:15] progress bar is 15
[Debug] [2025-8-13 18:44:16] progress bar is 20
[Debug] [2025-8-13 18:44:18] progress bar is 25
[Debug] [2025-8-13 18:44:19] progress bar is 30
[Debug] [2025-8-13 18:44:21] progress bar is 35
[Debug] [2025-8-13 18:44:22] progress bar is 40
[Debug] [2025-8-13 18:44:24] progress bar is 45
[Debug] [2025-8-13 18:44:25] progress bar is 50
[Debug] [2025-8-13 18:44:27] progress bar is 55
[Debug] [2025-8-13 18:44:29] progress bar is 60
[Debug] [2025-8-13 18:44:30] progress bar is 65
[Debug] [2025-8-13 18:44:32] progress bar is 70
[Debug] [2025-8-13 18:44:33] progress bar is 75
[Debug] [2025-8-13 18:44:35] progress bar is 80
[Debug] [2025-8-13 18:44:36] progress bar is 85
[Debug] [2025-8-13 18:44:38] progress bar is 90
[Debug] [2025-8-13 18:44:39] progress bar is 95
[Debug] [2025-8-13 18:44:41] progress bar is 100
[Debug] [2025-8-13 18:44:41] end to operate flash: cmd id = 20301
[Debug] [2025-8-13 18:44:41] cmd operation Program Outer Flash releases locker
[Debug] [2025-8-13 18:44:41] Remove the header data from the client, index : 0
[Debug] [2025-8-13 18:44:41] _total_bytes_size : 1475
[Debug] [2025-8-13 18:44:41] cmd id :20303cmd name : Verify Outer Flash
[Debug] [2025-8-13 18:44:41] begin to operate flash: cmd id = 20303
[Debug] [2025-8-13 18:44:41] the idcode from the scanning is: 0x10601899
[Debug] [2025-8-13 18:44:41] the idcode from the scanning is: 0x0
[Debug] [2025-8-13 18:44:41] the idcode from the scanning is: 0x0
[Debug] [2025-8-13 18:44:41] the idcode from the scanning is: 0x0
[Debug] [2025-8-13 18:44:41] the idcode from the scanning is: 0x0
[Debug] [2025-8-13 18:44:41] the value in the status register is :81ffca0
[Debug] [2025-8-13 18:44:41] flash_id is 1c7118
[Debug] [2025-8-13 18:44:41] the value in the status register is :81ffca0
[Debug] [2025-8-13 18:44:41] progress bar is 1
[Debug] [2025-8-13 18:44:41] progress bar is 6
[Debug] [2025-8-13 18:44:41] progress bar is 10
[Debug] [2025-8-13 18:44:42] progress bar is 15
[Debug] [2025-8-13 18:44:42] progress bar is 20
[Debug] [2025-8-13 18:44:42] progress bar is 25
[Debug] [2025-8-13 18:44:42] progress bar is 30
[Debug] [2025-8-13 18:44:42] progress bar is 35
[Debug] [2025-8-13 18:44:42] progress bar is 40
[Debug] [2025-8-13 18:44:42] progress bar is 45
[Debug] [2025-8-13 18:44:42] progress bar is 50
[Debug] [2025-8-13 18:44:42] progress bar is 55
[Debug] [2025-8-13 18:44:42] progress bar is 60
[Debug] [2025-8-13 18:44:43] progress bar is 65
[Debug] [2025-8-13 18:44:43] progress bar is 70
[Debug] [2025-8-13 18:44:43] progress bar is 75
[Debug] [2025-8-13 18:44:43] progress bar is 80
[Debug] [2025-8-13 18:44:43] progress bar is 85
[Debug] [2025-8-13 18:44:43] progress bar is 90
[Debug] [2025-8-13 18:44:43] progress bar is 95
[Debug] [2025-8-13 18:44:43] progress bar is 100
[Debug] [2025-8-13 18:44:43] end to operate flash: cmd id = 20303
[Debug] [2025-8-13 18:44:43] cmd operation Verify Outer Flash releases locker
[Debug] [2025-8-13 19:06:17] Remove the header data from the client, index : 0
[Debug] [2025-8-13 19:06:17] _total_bytes_size : 1480
[Debug] [2025-8-13 19:06:17] cmd id :20302cmd name : Erase Outer Flash
[Debug] [2025-8-13 19:06:17] begin to operate flash: cmd id = 20302
[Debug] [2025-8-13 19:06:17] the idcode from the scanning is: 0x10601899
[Debug] [2025-8-13 19:06:17] the idcode from the scanning is: 0x0
[Debug] [2025-8-13 19:06:17] the idcode from the scanning is: 0x0
[Debug] [2025-8-13 19:06:17] the idcode from the scanning is: 0x0
[Debug] [2025-8-13 19:06:17] the idcode from the scanning is: 0x0
[Debug] [2025-8-13 19:06:17] the value in the status register is :81ffca0
[Debug] [2025-8-13 19:06:17] flash_id is 1c7118
[Debug] [2025-8-13 19:06:17] the value in the status register is :81ffca0
[Debug] [2025-8-13 19:06:17] progress bar is 1
[Error] [2025-8-13 19:06:17] WaitForWIPFinish timeout, wait second ms:100
[Error] [2025-8-13 19:06:17] WaitForWIPFinish timeout, wait second ms:100
[Error] [2025-8-13 19:06:18] WaitForWIPFinish timeout, wait second ms:100
[Error] [2025-8-13 19:06:18] WaitForWIPFinish timeout, wait second ms:100
[Error] [2025-8-13 19:06:18] WaitForWIPFinish timeout, wait second ms:100
[Error] [2025-8-13 19:06:18] WaitForWIPFinish timeout, wait second ms:100
[Debug] [2025-8-13 19:06:18] progress bar is 6
[Error] [2025-8-13 19:06:18] WaitForWIPFinish timeout, wait second ms:100
[Error] [2025-8-13 19:06:18] WaitForWIPFinish timeout, wait second ms:100
[Debug] [2025-8-13 19:06:18] progress bar is 10
[Error] [2025-8-13 19:06:19] WaitForWIPFinish timeout, wait second ms:100
[Error] [2025-8-13 19:06:19] WaitForWIPFinish timeout, wait second ms:100
[Error] [2025-8-13 19:06:19] WaitForWIPFinish timeout, wait second ms:100
[Error] [2025-8-13 19:06:19] WaitForWIPFinish timeout, wait second ms:100
[Error] [2025-8-13 19:06:19] WaitForWIPFinish timeout, wait second ms:100
[Debug] [2025-8-13 19:06:19] progress bar is 17
[Error] [2025-8-13 19:06:19] WaitForWIPFinish timeout, wait second ms:100
[Error] [2025-8-13 19:06:19] WaitForWIPFinish timeout, wait second ms:100
[Debug] [2025-8-13 19:06:19] progress bar is 20
[Error] [2025-8-13 19:06:20] WaitForWIPFinish timeout, wait second ms:100
[Error] [2025-8-13 19:06:20] WaitForWIPFinish timeout, wait second ms:100
[Error] [2025-8-13 19:06:20] WaitForWIPFinish timeout, wait second ms:100
[Error] [2025-8-13 19:06:20] WaitForWIPFinish timeout, wait second ms:100
[Debug] [2025-8-13 19:06:20] progress bar is 27
[Error] [2025-8-13 19:06:20] WaitForWIPFinish timeout, wait second ms:100
[Error] [2025-8-13 19:06:20] WaitForWIPFinish timeout, wait second ms:100
[Error] [2025-8-13 19:06:20] WaitForWIPFinish timeout, wait second ms:100
[Debug] [2025-8-13 19:06:21] progress bar is 31
[Error] [2025-8-13 19:06:21] WaitForWIPFinish timeout, wait second ms:100
[Error] [2025-8-13 19:06:21] WaitForWIPFinish timeout, wait second ms:100
[Error] [2025-8-13 19:06:21] WaitForWIPFinish timeout, wait second ms:100
[Error] [2025-8-13 19:06:21] WaitForWIPFinish timeout, wait second ms:100
[Debug] [2025-8-13 19:06:21] progress bar is 37
[Error] [2025-8-13 19:06:21] WaitForWIPFinish timeout, wait second ms:100
[Error] [2025-8-13 19:06:21] WaitForWIPFinish timeout, wait second ms:100
[Debug] [2025-8-13 19:06:22] progress bar is 41
[Error] [2025-8-13 19:06:22] WaitForWIPFinish timeout, wait second ms:100
[Error] [2025-8-13 19:06:22] WaitForWIPFinish timeout, wait second ms:100
[Error] [2025-8-13 19:06:22] WaitForWIPFinish timeout, wait second ms:100
[Error] [2025-8-13 19:06:22] WaitForWIPFinish timeout, wait second ms:100
[Error] [2025-8-13 19:06:22] WaitForWIPFinish timeout, wait second ms:100
[Debug] [2025-8-13 19:06:22] progress bar is 48
[Error] [2025-8-13 19:06:22] WaitForWIPFinish timeout, wait second ms:100
[Error] [2025-8-13 19:06:22] WaitForWIPFinish timeout, wait second ms:100
[Error] [2025-8-13 19:06:23] WaitForWIPFinish timeout, wait second ms:100
[Debug] [2025-8-13 19:06:23] progress bar is 51
[Error] [2025-8-13 19:06:23] WaitForWIPFinish timeout, wait second ms:100
[Error] [2025-8-13 19:06:23] WaitForWIPFinish timeout, wait second ms:100
[Error] [2025-8-13 19:06:23] WaitForWIPFinish timeout, wait second ms:100
[Debug] [2025-8-13 19:06:23] progress bar is 55
[Error] [2025-8-13 19:06:23] WaitForWIPFinish timeout, wait second ms:100
[Error] [2025-8-13 19:06:23] WaitForWIPFinish timeout, wait second ms:100
[Error] [2025-8-13 19:06:24] WaitForWIPFinish timeout, wait second ms:100
[Error] [2025-8-13 19:06:24] WaitForWIPFinish timeout, wait second ms:100
[Debug] [2025-8-13 19:06:24] progress bar is 62
[Error] [2025-8-13 19:06:24] WaitForWIPFinish timeout, wait second ms:100
[Error] [2025-8-13 19:06:24] WaitForWIPFinish timeout, wait second ms:100
[Error] [2025-8-13 19:06:24] WaitForWIPFinish timeout, wait second ms:100
[Debug] [2025-8-13 19:06:24] progress bar is 65
[Error] [2025-8-13 19:06:24] WaitForWIPFinish timeout, wait second ms:100
[Error] [2025-8-13 19:06:24] WaitForWIPFinish timeout, wait second ms:100
[Error] [2025-8-13 19:06:25] WaitForWIPFinish timeout, wait second ms:100
[Error] [2025-8-13 19:06:25] WaitForWIPFinish timeout, wait second ms:100
[Debug] [2025-8-13 19:06:25] progress bar is 72
[Error] [2025-8-13 19:06:25] WaitForWIPFinish timeout, wait second ms:100
[Error] [2025-8-13 19:06:25] WaitForWIPFinish timeout, wait second ms:100
[Debug] [2025-8-13 19:06:25] progress bar is 75
[Error] [2025-8-13 19:06:25] WaitForWIPFinish timeout, wait second ms:100
[Error] [2025-8-13 19:06:25] WaitForWIPFinish timeout, wait second ms:100
[Error] [2025-8-13 19:06:26] WaitForWIPFinish timeout, wait second ms:100
[Error] [2025-8-13 19:06:26] WaitForWIPFinish timeout, wait second ms:100
[Debug] [2025-8-13 19:06:26] progress bar is 82
[Error] [2025-8-13 19:06:26] WaitForWIPFinish timeout, wait second ms:100
[Error] [2025-8-13 19:06:26] WaitForWIPFinish timeout, wait second ms:100
[Debug] [2025-8-13 19:06:26] progress bar is 86
[Error] [2025-8-13 19:06:26] WaitForWIPFinish timeout, wait second ms:100
[Error] [2025-8-13 19:06:26] WaitForWIPFinish timeout, wait second ms:100
[Error] [2025-8-13 19:06:27] WaitForWIPFinish timeout, wait second ms:100
[Error] [2025-8-13 19:06:27] WaitForWIPFinish timeout, wait second ms:100
[Debug] [2025-8-13 19:06:27] progress bar is 93
[Error] [2025-8-13 19:06:27] WaitForWIPFinish timeout, wait second ms:100
[Error] [2025-8-13 19:06:27] WaitForWIPFinish timeout, wait second ms:100
[Debug] [2025-8-13 19:06:27] progress bar is 96
[Debug] [2025-8-13 19:06:27] progress bar is 100
[Debug] [2025-8-13 19:06:27] end to operate flash: cmd id = 20302
[Debug] [2025-8-13 19:06:27] cmd operation Erase Outer Flash releases locker
[Debug] [2025-8-13 19:06:27] Remove the header data from the client, index : 0
[Debug] [2025-8-13 19:06:27] _total_bytes_size : 1477
[Debug] [2025-8-13 19:06:27] cmd id :20301cmd name : Program Outer Flash
[Debug] [2025-8-13 19:06:27] begin to operate flash: cmd id = 20301
[Debug] [2025-8-13 19:06:27] the idcode from the scanning is: 0x10601899
[Debug] [2025-8-13 19:06:27] the idcode from the scanning is: 0x0
[Debug] [2025-8-13 19:06:27] the idcode from the scanning is: 0x0
[Debug] [2025-8-13 19:06:27] the idcode from the scanning is: 0x0
[Debug] [2025-8-13 19:06:27] the idcode from the scanning is: 0x0
[Debug] [2025-8-13 19:06:27] the value in the status register is :81ffca0
[Debug] [2025-8-13 19:06:27] flash_id is 1c7118
[Debug] [2025-8-13 19:06:27] The value of GigaDevice status register 1 is 0x
[Debug] [2025-8-13 19:06:27] progress bar is 1
[Debug] [2025-8-13 19:06:29] progress bar is 6
[Debug] [2025-8-13 19:06:30] progress bar is 10
[Debug] [2025-8-13 19:06:32] progress bar is 15
[Debug] [2025-8-13 19:06:33] progress bar is 20
[Debug] [2025-8-13 19:06:35] progress bar is 25
[Debug] [2025-8-13 19:06:36] progress bar is 30
[Debug] [2025-8-13 19:06:37] progress bar is 35
[Debug] [2025-8-13 19:06:39] progress bar is 40
[Debug] [2025-8-13 19:06:40] progress bar is 45
[Debug] [2025-8-13 19:06:42] progress bar is 50
[Debug] [2025-8-13 19:06:43] progress bar is 55
[Debug] [2025-8-13 19:06:45] progress bar is 60
[Debug] [2025-8-13 19:06:46] progress bar is 65
[Debug] [2025-8-13 19:06:48] progress bar is 70
[Debug] [2025-8-13 19:06:49] progress bar is 75
[Debug] [2025-8-13 19:06:50] progress bar is 80
[Debug] [2025-8-13 19:06:52] progress bar is 85
[Debug] [2025-8-13 19:06:53] progress bar is 90
[Debug] [2025-8-13 19:06:55] progress bar is 95
[Debug] [2025-8-13 19:06:56] progress bar is 100
[Debug] [2025-8-13 19:06:56] end to operate flash: cmd id = 20301
[Debug] [2025-8-13 19:06:56] cmd operation Program Outer Flash releases locker
[Debug] [2025-8-13 19:06:56] Remove the header data from the client, index : 0
[Debug] [2025-8-13 19:06:56] _total_bytes_size : 1475
[Debug] [2025-8-13 19:06:56] cmd id :20303cmd name : Verify Outer Flash
[Debug] [2025-8-13 19:06:56] begin to operate flash: cmd id = 20303
[Debug] [2025-8-13 19:06:57] the idcode from the scanning is: 0x10601899
[Debug] [2025-8-13 19:06:57] the idcode from the scanning is: 0x0
[Debug] [2025-8-13 19:06:57] the idcode from the scanning is: 0x0
[Debug] [2025-8-13 19:06:57] the idcode from the scanning is: 0x0
[Debug] [2025-8-13 19:06:57] the idcode from the scanning is: 0x0
[Debug] [2025-8-13 19:06:57] the value in the status register is :81ffca0
[Debug] [2025-8-13 19:06:57] flash_id is 1c7118
[Debug] [2025-8-13 19:06:57] the value in the status register is :81ffca0
[Debug] [2025-8-13 19:06:57] progress bar is 1
[Debug] [2025-8-13 19:06:57] progress bar is 6
[Debug] [2025-8-13 19:06:57] progress bar is 10
[Debug] [2025-8-13 19:06:57] progress bar is 15
[Debug] [2025-8-13 19:06:57] progress bar is 20
[Debug] [2025-8-13 19:06:57] progress bar is 25
[Debug] [2025-8-13 19:06:57] progress bar is 30
[Debug] [2025-8-13 19:06:57] progress bar is 35
[Debug] [2025-8-13 19:06:57] progress bar is 40
[Debug] [2025-8-13 19:06:57] progress bar is 45
[Debug] [2025-8-13 19:06:58] progress bar is 50
[Debug] [2025-8-13 19:06:58] progress bar is 55
[Debug] [2025-8-13 19:06:58] progress bar is 60
[Debug] [2025-8-13 19:06:58] progress bar is 65
[Debug] [2025-8-13 19:06:58] progress bar is 70
[Debug] [2025-8-13 19:06:58] progress bar is 75
[Debug] [2025-8-13 19:06:58] progress bar is 80
[Debug] [2025-8-13 19:06:58] progress bar is 85
[Debug] [2025-8-13 19:06:58] progress bar is 90
[Debug] [2025-8-13 19:06:58] progress bar is 95
[Debug] [2025-8-13 19:06:58] progress bar is 100
[Debug] [2025-8-13 19:06:59] end to operate flash: cmd id = 20303
[Debug] [2025-8-13 19:06:59] cmd operation Verify Outer Flash releases locker
[Debug] [2025-8-13 20:03:24] Remove the header data from the client, index : 0
[Debug] [2025-8-13 20:03:24] _total_bytes_size : 1480
[Debug] [2025-8-13 20:03:24] cmd id :20302cmd name : Erase Outer Flash
[Debug] [2025-8-13 20:03:24] begin to operate flash: cmd id = 20302
[Debug] [2025-8-13 20:03:24] the idcode from the scanning is: 0x0
[Debug] [2025-8-13 20:03:24] the idcode from the scanning is: 0x0
[Debug] [2025-8-13 20:03:24] the idcode from the scanning is: 0x0
[Debug] [2025-8-13 20:03:24] the idcode from the scanning is: 0x0
[Debug] [2025-8-13 20:03:24] the idcode from the scanning is: 0x0
[Debug] [2025-8-13 20:03:24] the idcode from the scanning is: 0x0
[Debug] [2025-8-13 20:03:24] the idcode from the scanning is: 0x0
[Debug] [2025-8-13 20:03:24] the idcode from the scanning is: 0x0
[Debug] [2025-8-13 20:03:24] the idcode from the scanning is: 0x0
[Debug] [2025-8-13 20:03:24] the idcode from the scanning is: 0x0
[Debug] [2025-8-13 20:03:25] the idcode from the scanning is: 0x0
[Debug] [2025-8-13 20:03:25] the idcode from the scanning is: 0x0
[Debug] [2025-8-13 20:03:25] the idcode from the scanning is: 0x0
[Debug] [2025-8-13 20:03:25] the idcode from the scanning is: 0x0
[Debug] [2025-8-13 20:03:25] the idcode from the scanning is: 0x0
[Debug] [2025-8-13 20:03:25] the idcode from the scanning is: 0x0
[Debug] [2025-8-13 20:03:25] the idcode from the scanning is: 0x0
[Debug] [2025-8-13 20:03:25] the idcode from the scanning is: 0x0
[Debug] [2025-8-13 20:03:25] the idcode from the scanning is: 0x0
[Debug] [2025-8-13 20:03:25] the idcode from the scanning is: 0x0
[Debug] [2025-8-13 20:03:26] the idcode from the scanning is: 0x0
[Debug] [2025-8-13 20:03:26] the idcode from the scanning is: 0x0
[Debug] [2025-8-13 20:03:26] the idcode from the scanning is: 0x0
[Debug] [2025-8-13 20:03:26] the idcode from the scanning is: 0x0
[Debug] [2025-8-13 20:03:26] the idcode from the scanning is: 0x0
[Debug] [2025-8-13 20:03:26] the idcode from the scanning is: 0x0
[Debug] [2025-8-13 20:03:26] the idcode from the scanning is: 0x0
[Debug] [2025-8-13 20:03:26] the idcode from the scanning is: 0x0
[Debug] [2025-8-13 20:03:26] the idcode from the scanning is: 0x0
[Debug] [2025-8-13 20:03:26] the idcode from the scanning is: 0x0
[Debug] [2025-8-13 20:03:26] the idcode from the scanning is: 0x0
[Debug] [2025-8-13 20:03:26] the idcode from the scanning is: 0x0
[Debug] [2025-8-13 20:03:26] the idcode from the scanning is: 0x0
[Debug] [2025-8-13 20:03:26] the idcode from the scanning is: 0x0
[Debug] [2025-8-13 20:03:26] the idcode from the scanning is: 0x0
[Debug] [2025-8-13 20:03:27] the idcode from the scanning is: 0x0
[Debug] [2025-8-13 20:03:27] the idcode from the scanning is: 0x0
[Debug] [2025-8-13 20:03:27] the idcode from the scanning is: 0x0
[Debug] [2025-8-13 20:03:27] the idcode from the scanning is: 0x0
[Debug] [2025-8-13 20:03:27] the idcode from the scanning is: 0x0
[Debug] [2025-8-13 20:03:27] the idcode from the scanning is: 0x0
[Debug] [2025-8-13 20:03:27] the idcode from the scanning is: 0x0
[Debug] [2025-8-13 20:03:27] the idcode from the scanning is: 0x0
[Debug] [2025-8-13 20:03:27] the idcode from the scanning is: 0x0
[Debug] [2025-8-13 20:03:27] the idcode from the scanning is: 0x0
[Debug] [2025-8-13 20:03:28] the idcode from the scanning is: 0x0
[Debug] [2025-8-13 20:03:28] the idcode from the scanning is: 0x0
[Debug] [2025-8-13 20:03:28] the idcode from the scanning is: 0x0
[Debug] [2025-8-13 20:03:28] the idcode from the scanning is: 0x0
[Debug] [2025-8-13 20:03:28] the idcode from the scanning is: 0x0
[Debug] [2025-8-13 20:03:28] end to operate flash: cmd id = 4f4e
[Debug] [2025-8-13 20:03:28] cmd operation Erase Outer Flash releases locker
[Debug] [2025-8-13 20:03:31] Remove the header data from the client, index : 0
[Debug] [2025-8-13 20:03:31] _total_bytes_size : 5c8
[Debug] [2025-8-13 20:03:31] cmd id :4f4ecmd name : Erase Outer Flash
[Debug] [2025-8-13 20:03:31] begin to operate flash: cmd id = 4f4e
[Debug] [2025-8-13 20:03:31] the idcode from the scanning is: 0x10601899
[Debug] [2025-8-13 20:03:31] the idcode from the scanning is: 0x0
[Debug] [2025-8-13 20:03:31] the idcode from the scanning is: 0x0
[Debug] [2025-8-13 20:03:31] the idcode from the scanning is: 0x0
[Debug] [2025-8-13 20:03:31] the idcode from the scanning is: 0x0
[Debug] [2025-8-13 20:03:31] the value in the status register is :81ffca0
[Debug] [2025-8-13 20:03:31] flash_id is 1c7118
[Debug] [2025-8-13 20:03:31] the value in the status register is :81ffca0
[Debug] [2025-8-13 20:03:31] progress bar is 1
[Error] [2025-8-13 20:03:32] WaitForWIPFinish timeout, wait second ms:100
[Error] [2025-8-13 20:03:32] WaitForWIPFinish timeout, wait second ms:100
[Error] [2025-8-13 20:03:32] WaitForWIPFinish timeout, wait second ms:100
[Error] [2025-8-13 20:03:32] WaitForWIPFinish timeout, wait second ms:100
[Error] [2025-8-13 20:03:32] WaitForWIPFinish timeout, wait second ms:100
[Error] [2025-8-13 20:03:32] WaitForWIPFinish timeout, wait second ms:100
[Error] [2025-8-13 20:03:32] WaitForWIPFinish timeout, wait second ms:100
[Error] [2025-8-13 20:03:32] WaitForWIPFinish timeout, wait second ms:100
[Debug] [2025-8-13 20:03:33] progress bar is 6
[Error] [2025-8-13 20:03:33] WaitForWIPFinish timeout, wait second ms:100
[Error] [2025-8-13 20:03:33] WaitForWIPFinish timeout, wait second ms:100
[Debug] [2025-8-13 20:03:33] progress bar is 10
[Error] [2025-8-13 20:03:33] WaitForWIPFinish timeout, wait second ms:100
[Error] [2025-8-13 20:03:33] WaitForWIPFinish timeout, wait second ms:100
[Error] [2025-8-13 20:03:33] WaitForWIPFinish timeout, wait second ms:100
[Error] [2025-8-13 20:03:33] WaitForWIPFinish timeout, wait second ms:100
[Error] [2025-8-13 20:03:34] WaitForWIPFinish timeout, wait second ms:100
[Debug] [2025-8-13 20:03:34] progress bar is 17
[Error] [2025-8-13 20:03:34] WaitForWIPFinish timeout, wait second ms:100
[Error] [2025-8-13 20:03:34] WaitForWIPFinish timeout, wait second ms:100
[Debug] [2025-8-13 20:03:34] progress bar is 20
[Error] [2025-8-13 20:03:34] WaitForWIPFinish timeout, wait second ms:100
[Error] [2025-8-13 20:03:34] WaitForWIPFinish timeout, wait second ms:100
[Error] [2025-8-13 20:03:34] WaitForWIPFinish timeout, wait second ms:100
[Error] [2025-8-13 20:03:35] WaitForWIPFinish timeout, wait second ms:100
[Error] [2025-8-13 20:03:35] WaitForWIPFinish timeout, wait second ms:100
[Error] [2025-8-13 20:03:35] WaitForWIPFinish timeout, wait second ms:100
[Debug] [2025-8-13 20:03:35] progress bar is 27
[Error] [2025-8-13 20:03:35] WaitForWIPFinish timeout, wait second ms:100
[Error] [2025-8-13 20:03:35] WaitForWIPFinish timeout, wait second ms:100
[Error] [2025-8-13 20:03:35] WaitForWIPFinish timeout, wait second ms:100
[Debug] [2025-8-13 20:03:35] progress bar is 31
[Error] [2025-8-13 20:03:35] WaitForWIPFinish timeout, wait second ms:100
[Error] [2025-8-13 20:03:35] WaitForWIPFinish timeout, wait second ms:100
[Error] [2025-8-13 20:03:36] WaitForWIPFinish timeout, wait second ms:100
[Error] [2025-8-13 20:03:36] WaitForWIPFinish timeout, wait second ms:100
[Error] [2025-8-13 20:03:36] WaitForWIPFinish timeout, wait second ms:100
[Debug] [2025-8-13 20:03:36] progress bar is 37
[Error] [2025-8-13 20:03:36] WaitForWIPFinish timeout, wait second ms:100
[Error] [2025-8-13 20:03:36] WaitForWIPFinish timeout, wait second ms:100
[Debug] [2025-8-13 20:03:36] progress bar is 41
[Error] [2025-8-13 20:03:36] WaitForWIPFinish timeout, wait second ms:100
[Error] [2025-8-13 20:03:37] WaitForWIPFinish timeout, wait second ms:100
[Error] [2025-8-13 20:03:37] WaitForWIPFinish timeout, wait second ms:100
[Error] [2025-8-13 20:03:37] WaitForWIPFinish timeout, wait second ms:100
[Debug] [2025-8-13 20:03:37] progress bar is 48
[Error] [2025-8-13 20:03:37] WaitForWIPFinish timeout, wait second ms:100
[Error] [2025-8-13 20:03:37] WaitForWIPFinish timeout, wait second ms:100
[Error] [2025-8-13 20:03:37] WaitForWIPFinish timeout, wait second ms:100
[Debug] [2025-8-13 20:03:37] progress bar is 51
[Error] [2025-8-13 20:03:38] WaitForWIPFinish timeout, wait second ms:100
[Error] [2025-8-13 20:03:38] WaitForWIPFinish timeout, wait second ms:100
[Error] [2025-8-13 20:03:38] WaitForWIPFinish timeout, wait second ms:100
[Debug] [2025-8-13 20:03:38] progress bar is 55
[Error] [2025-8-13 20:03:38] WaitForWIPFinish timeout, wait second ms:100
[Error] [2025-8-13 20:03:38] WaitForWIPFinish timeout, wait second ms:100
[Error] [2025-8-13 20:03:38] WaitForWIPFinish timeout, wait second ms:100
[Error] [2025-8-13 20:03:38] WaitForWIPFinish timeout, wait second ms:100
[Debug] [2025-8-13 20:03:38] progress bar is 62
[Error] [2025-8-13 20:03:39] WaitForWIPFinish timeout, wait second ms:100
[Error] [2025-8-13 20:03:39] WaitForWIPFinish timeout, wait second ms:100
[Error] [2025-8-13 20:03:39] WaitForWIPFinish timeout, wait second ms:100
[Debug] [2025-8-13 20:03:39] progress bar is 65
[Error] [2025-8-13 20:03:39] WaitForWIPFinish timeout, wait second ms:100
[Error] [2025-8-13 20:03:39] WaitForWIPFinish timeout, wait second ms:100
[Error] [2025-8-13 20:03:39] WaitForWIPFinish timeout, wait second ms:100
[Error] [2025-8-13 20:03:39] WaitForWIPFinish timeout, wait second ms:100
[Debug] [2025-8-13 20:03:40] progress bar is 72
[Error] [2025-8-13 20:03:40] WaitForWIPFinish timeout, wait second ms:100
[Error] [2025-8-13 20:03:40] WaitForWIPFinish timeout, wait second ms:100
[Debug] [2025-8-13 20:03:40] progress bar is 75
[Error] [2025-8-13 20:03:40] WaitForWIPFinish timeout, wait second ms:100
[Error] [2025-8-13 20:03:40] WaitForWIPFinish timeout, wait second ms:100
[Error] [2025-8-13 20:03:40] WaitForWIPFinish timeout, wait second ms:100
[Error] [2025-8-13 20:03:40] WaitForWIPFinish timeout, wait second ms:100
[Error] [2025-8-13 20:03:40] WaitForWIPFinish timeout, wait second ms:100
[Debug] [2025-8-13 20:03:41] progress bar is 82
[Error] [2025-8-13 20:03:41] WaitForWIPFinish timeout, wait second ms:100
[Error] [2025-8-13 20:03:41] WaitForWIPFinish timeout, wait second ms:100
[Debug] [2025-8-13 20:03:41] progress bar is 86
[Error] [2025-8-13 20:03:41] WaitForWIPFinish timeout, wait second ms:100
[Error] [2025-8-13 20:03:41] WaitForWIPFinish timeout, wait second ms:100
[Error] [2025-8-13 20:03:41] WaitForWIPFinish timeout, wait second ms:100
[Error] [2025-8-13 20:03:41] WaitForWIPFinish timeout, wait second ms:100
[Error] [2025-8-13 20:03:42] WaitForWIPFinish timeout, wait second ms:100
[Debug] [2025-8-13 20:03:42] progress bar is 93
[Error] [2025-8-13 20:03:42] WaitForWIPFinish timeout, wait second ms:100
[Error] [2025-8-13 20:03:42] WaitForWIPFinish timeout, wait second ms:100
[Error] [2025-8-13 20:03:42] WaitForWIPFinish timeout, wait second ms:100
[Debug] [2025-8-13 20:03:42] progress bar is 96
[Debug] [2025-8-13 20:03:42] progress bar is 100
[Debug] [2025-8-13 20:03:42] end to operate flash: cmd id = 20302
[Debug] [2025-8-13 20:03:42] cmd operation Erase Outer Flash releases locker
[Debug] [2025-8-13 20:03:42] Remove the header data from the client, index : 0
[Debug] [2025-8-13 20:03:42] _total_bytes_size : 1477
[Debug] [2025-8-13 20:03:42] cmd id :20301cmd name : Program Outer Flash
[Debug] [2025-8-13 20:03:42] begin to operate flash: cmd id = 20301
[Debug] [2025-8-13 20:03:42] the idcode from the scanning is: 0x10601899
[Debug] [2025-8-13 20:03:42] the idcode from the scanning is: 0x0
[Debug] [2025-8-13 20:03:42] the idcode from the scanning is: 0x0
[Debug] [2025-8-13 20:03:42] the idcode from the scanning is: 0x0
[Debug] [2025-8-13 20:03:42] the idcode from the scanning is: 0x0
[Debug] [2025-8-13 20:03:42] the value in the status register is :81ffca0
[Debug] [2025-8-13 20:03:42] flash_id is 1c7118
[Debug] [2025-8-13 20:03:42] The value of GigaDevice status register 1 is 0x
[Debug] [2025-8-13 20:03:42] progress bar is 1
[Debug] [2025-8-13 20:03:44] progress bar is 6
[Debug] [2025-8-13 20:03:45] progress bar is 10
[Debug] [2025-8-13 20:03:47] progress bar is 15
[Debug] [2025-8-13 20:03:48] progress bar is 20
[Debug] [2025-8-13 20:03:50] progress bar is 25
[Debug] [2025-8-13 20:03:51] progress bar is 30
[Debug] [2025-8-13 20:03:53] progress bar is 35
[Debug] [2025-8-13 20:03:54] progress bar is 40
[Debug] [2025-8-13 20:03:55] progress bar is 45
[Debug] [2025-8-13 20:03:57] progress bar is 50
[Debug] [2025-8-13 20:03:58] progress bar is 55
[Debug] [2025-8-13 20:04:00] progress bar is 60
[Debug] [2025-8-13 20:04:01] progress bar is 65
[Debug] [2025-8-13 20:04:03] progress bar is 70
[Debug] [2025-8-13 20:04:04] progress bar is 75
[Debug] [2025-8-13 20:04:06] progress bar is 80
[Debug] [2025-8-13 20:04:07] progress bar is 85
[Debug] [2025-8-13 20:04:09] progress bar is 90
[Debug] [2025-8-13 20:04:10] progress bar is 95
[Debug] [2025-8-13 20:04:11] progress bar is 100
[Debug] [2025-8-13 20:04:12] end to operate flash: cmd id = 20301
[Debug] [2025-8-13 20:04:12] cmd operation Program Outer Flash releases locker
[Debug] [2025-8-13 20:04:12] Remove the header data from the client, index : 0
[Debug] [2025-8-13 20:04:12] _total_bytes_size : 1475
[Debug] [2025-8-13 20:04:12] cmd id :20303cmd name : Verify Outer Flash
[Debug] [2025-8-13 20:04:12] begin to operate flash: cmd id = 20303
[Debug] [2025-8-13 20:04:12] the idcode from the scanning is: 0x10601899
[Debug] [2025-8-13 20:04:12] the idcode from the scanning is: 0x0
[Debug] [2025-8-13 20:04:12] the idcode from the scanning is: 0x0
[Debug] [2025-8-13 20:04:12] the idcode from the scanning is: 0x0
[Debug] [2025-8-13 20:04:12] the idcode from the scanning is: 0x0
[Debug] [2025-8-13 20:04:12] the value in the status register is :81ffca0
[Debug] [2025-8-13 20:04:12] flash_id is 1c7118
[Debug] [2025-8-13 20:04:12] the value in the status register is :81ffca0
[Debug] [2025-8-13 20:04:12] progress bar is 1
[Debug] [2025-8-13 20:04:12] progress bar is 6
[Debug] [2025-8-13 20:04:12] progress bar is 10
[Debug] [2025-8-13 20:04:12] progress bar is 15
[Debug] [2025-8-13 20:04:12] progress bar is 20
[Debug] [2025-8-13 20:04:12] progress bar is 25
[Debug] [2025-8-13 20:04:12] progress bar is 30
[Debug] [2025-8-13 20:04:12] progress bar is 35
[Debug] [2025-8-13 20:04:13] progress bar is 40
[Debug] [2025-8-13 20:04:13] progress bar is 45
[Debug] [2025-8-13 20:04:13] progress bar is 50
[Debug] [2025-8-13 20:04:13] progress bar is 55
[Debug] [2025-8-13 20:04:13] progress bar is 60
[Debug] [2025-8-13 20:04:13] progress bar is 65
[Debug] [2025-8-13 20:04:13] progress bar is 70
[Debug] [2025-8-13 20:04:13] progress bar is 75
[Debug] [2025-8-13 20:04:13] progress bar is 80
[Debug] [2025-8-13 20:04:13] progress bar is 85
[Debug] [2025-8-13 20:04:14] progress bar is 90
[Debug] [2025-8-13 20:04:14] progress bar is 95
[Debug] [2025-8-13 20:04:14] progress bar is 100
[Debug] [2025-8-13 20:04:14] end to operate flash: cmd id = 20303
[Debug] [2025-8-13 20:04:14] cmd operation Verify Outer Flash releases locker
[Debug] [2025-8-13 20:11:48] Remove the header data from the client, index : 0
[Debug] [2025-8-13 20:11:48] _total_bytes_size : 1480
[Debug] [2025-8-13 20:11:48] cmd id :20302cmd name : Erase Outer Flash
[Debug] [2025-8-13 20:11:48] begin to operate flash: cmd id = 20302
[Debug] [2025-8-13 20:11:48] the idcode from the scanning is: 0x10601899
[Debug] [2025-8-13 20:11:48] the idcode from the scanning is: 0x0
[Debug] [2025-8-13 20:11:48] the idcode from the scanning is: 0x0
[Debug] [2025-8-13 20:11:48] the idcode from the scanning is: 0x0
[Debug] [2025-8-13 20:11:48] the idcode from the scanning is: 0x0
[Debug] [2025-8-13 20:11:48] the value in the status register is :81ffca0
[Debug] [2025-8-13 20:11:48] flash_id is 1c7118
[Debug] [2025-8-13 20:11:48] the value in the status register is :81ffca0
[Debug] [2025-8-13 20:11:48] progress bar is 1
[Error] [2025-8-13 20:11:48] WaitForWIPFinish timeout, wait second ms:100
[Error] [2025-8-13 20:11:49] WaitForWIPFinish timeout, wait second ms:100
[Error] [2025-8-13 20:11:49] WaitForWIPFinish timeout, wait second ms:100
[Error] [2025-8-13 20:11:49] WaitForWIPFinish timeout, wait second ms:100
[Error] [2025-8-13 20:11:49] WaitForWIPFinish timeout, wait second ms:100
[Error] [2025-8-13 20:11:49] WaitForWIPFinish timeout, wait second ms:100
[Error] [2025-8-13 20:11:49] WaitForWIPFinish timeout, wait second ms:100
[Error] [2025-8-13 20:11:49] WaitForWIPFinish timeout, wait second ms:100
[Debug] [2025-8-13 20:11:50] progress bar is 6
[Error] [2025-8-13 20:11:50] WaitForWIPFinish timeout, wait second ms:100
[Error] [2025-8-13 20:11:50] WaitForWIPFinish timeout, wait second ms:100
[Debug] [2025-8-13 20:11:50] progress bar is 10
[Error] [2025-8-13 20:11:50] WaitForWIPFinish timeout, wait second ms:100
[Error] [2025-8-13 20:11:50] WaitForWIPFinish timeout, wait second ms:100
[Error] [2025-8-13 20:11:50] WaitForWIPFinish timeout, wait second ms:100
[Error] [2025-8-13 20:11:50] WaitForWIPFinish timeout, wait second ms:100
[Error] [2025-8-13 20:11:51] WaitForWIPFinish timeout, wait second ms:100
[Debug] [2025-8-13 20:11:51] progress bar is 16
[Error] [2025-8-13 20:11:51] WaitForWIPFinish timeout, wait second ms:100
[Error] [2025-8-13 20:11:51] WaitForWIPFinish timeout, wait second ms:100
[Debug] [2025-8-13 20:11:51] progress bar is 20
[Error] [2025-8-13 20:11:51] WaitForWIPFinish timeout, wait second ms:100
[Error] [2025-8-13 20:11:51] WaitForWIPFinish timeout, wait second ms:100
[Error] [2025-8-13 20:11:51] WaitForWIPFinish timeout, wait second ms:100
[Error] [2025-8-13 20:11:51] WaitForWIPFinish timeout, wait second ms:100
[Error] [2025-8-13 20:11:52] WaitForWIPFinish timeout, wait second ms:100
[Error] [2025-8-13 20:11:52] WaitForWIPFinish timeout, wait second ms:100
[Debug] [2025-8-13 20:11:52] progress bar is 26
[Error] [2025-8-13 20:11:52] WaitForWIPFinish timeout, wait second ms:100
[Error] [2025-8-13 20:11:52] WaitForWIPFinish timeout, wait second ms:100
[Debug] [2025-8-13 20:11:52] progress bar is 30
[Error] [2025-8-13 20:11:52] WaitForWIPFinish timeout, wait second ms:100
[Error] [2025-8-13 20:11:52] WaitForWIPFinish timeout, wait second ms:100
[Error] [2025-8-13 20:11:53] WaitForWIPFinish timeout, wait second ms:100
[Error] [2025-8-13 20:11:53] WaitForWIPFinish timeout, wait second ms:100
[Error] [2025-8-13 20:11:53] WaitForWIPFinish timeout, wait second ms:100
[Debug] [2025-8-13 20:11:53] progress bar is 36
[Error] [2025-8-13 20:11:53] WaitForWIPFinish timeout, wait second ms:100
[Error] [2025-8-13 20:11:53] WaitForWIPFinish timeout, wait second ms:100
[Debug] [2025-8-13 20:11:53] progress bar is 40
[Error] [2025-8-13 20:11:53] WaitForWIPFinish timeout, wait second ms:100
[Error] [2025-8-13 20:11:53] WaitForWIPFinish timeout, wait second ms:100
[Error] [2025-8-13 20:11:54] WaitForWIPFinish timeout, wait second ms:100
[Error] [2025-8-13 20:11:54] WaitForWIPFinish timeout, wait second ms:100
[Error] [2025-8-13 20:11:54] WaitForWIPFinish timeout, wait second ms:100
[Debug] [2025-8-13 20:11:54] progress bar is 46
[Error] [2025-8-13 20:11:54] WaitForWIPFinish timeout, wait second ms:100
[Error] [2025-8-13 20:11:54] WaitForWIPFinish timeout, wait second ms:100
[Error] [2025-8-13 20:11:54] WaitForWIPFinish timeout, wait second ms:100
[Debug] [2025-8-13 20:11:54] progress bar is 50
[Error] [2025-8-13 20:11:54] WaitForWIPFinish timeout, wait second ms:100
[Error] [2025-8-13 20:11:55] WaitForWIPFinish timeout, wait second ms:100
[Error] [2025-8-13 20:11:55] WaitForWIPFinish timeout, wait second ms:100
[Error] [2025-8-13 20:11:55] WaitForWIPFinish timeout, wait second ms:100
[Error] [2025-8-13 20:11:55] WaitForWIPFinish timeout, wait second ms:100
[Debug] [2025-8-13 20:11:55] progress bar is 56
[Error] [2025-8-13 20:11:55] WaitForWIPFinish timeout, wait second ms:100
[Error] [2025-8-13 20:11:55] WaitForWIPFinish timeout, wait second ms:100
[Debug] [2025-8-13 20:11:55] progress bar is 60
[Error] [2025-8-13 20:11:56] WaitForWIPFinish timeout, wait second ms:100
[Error] [2025-8-13 20:11:56] WaitForWIPFinish timeout, wait second ms:100
[Error] [2025-8-13 20:11:56] WaitForWIPFinish timeout, wait second ms:100
[Error] [2025-8-13 20:11:56] WaitForWIPFinish timeout, wait second ms:100
[Error] [2025-8-13 20:11:56] WaitForWIPFinish timeout, wait second ms:100
[Debug] [2025-8-13 20:11:56] progress bar is 66
[Error] [2025-8-13 20:11:56] WaitForWIPFinish timeout, wait second ms:100
[Error] [2025-8-13 20:11:56] WaitForWIPFinish timeout, wait second ms:100
[Debug] [2025-8-13 20:11:57] progress bar is 70
[Error] [2025-8-13 20:11:57] WaitForWIPFinish timeout, wait second ms:100
[Error] [2025-8-13 20:11:57] WaitForWIPFinish timeout, wait second ms:100
[Error] [2025-8-13 20:11:57] WaitForWIPFinish timeout, wait second ms:100
[Error] [2025-8-13 20:11:57] WaitForWIPFinish timeout, wait second ms:100
[Debug] [2025-8-13 20:11:57] progress bar is 76
[Error] [2025-8-13 20:11:57] WaitForWIPFinish timeout, wait second ms:100
[Error] [2025-8-13 20:11:57] WaitForWIPFinish timeout, wait second ms:100
[Debug] [2025-8-13 20:11:57] progress bar is 80
[Error] [2025-8-13 20:11:58] WaitForWIPFinish timeout, wait second ms:100
[Error] [2025-8-13 20:11:58] WaitForWIPFinish timeout, wait second ms:100
[Error] [2025-8-13 20:11:58] WaitForWIPFinish timeout, wait second ms:100
[Error] [2025-8-13 20:11:58] WaitForWIPFinish timeout, wait second ms:100
[Debug] [2025-8-13 20:11:58] progress bar is 86
[Error] [2025-8-13 20:11:58] WaitForWIPFinish timeout, wait second ms:100
[Error] [2025-8-13 20:11:58] WaitForWIPFinish timeout, wait second ms:100
[Debug] [2025-8-13 20:11:58] progress bar is 90
[Error] [2025-8-13 20:11:59] WaitForWIPFinish timeout, wait second ms:100
[Error] [2025-8-13 20:11:59] WaitForWIPFinish timeout, wait second ms:100
[Error] [2025-8-13 20:11:59] WaitForWIPFinish timeout, wait second ms:100
[Error] [2025-8-13 20:11:59] WaitForWIPFinish timeout, wait second ms:100
[Error] [2025-8-13 20:11:59] WaitForWIPFinish timeout, wait second ms:100
[Debug] [2025-8-13 20:11:59] progress bar is 96
[Debug] [2025-8-13 20:11:59] progress bar is 100
[Debug] [2025-8-13 20:11:59] end to operate flash: cmd id = 20302
[Debug] [2025-8-13 20:11:59] cmd operation Erase Outer Flash releases locker
[Debug] [2025-8-13 20:11:59] Remove the header data from the client, index : 0
[Debug] [2025-8-13 20:11:59] _total_bytes_size : 1477
[Debug] [2025-8-13 20:11:59] cmd id :20301cmd name : Program Outer Flash
[Debug] [2025-8-13 20:11:59] begin to operate flash: cmd id = 20301
[Debug] [2025-8-13 20:11:59] the idcode from the scanning is: 0x10601899
[Debug] [2025-8-13 20:11:59] the idcode from the scanning is: 0x0
[Debug] [2025-8-13 20:11:59] the idcode from the scanning is: 0x0
[Debug] [2025-8-13 20:11:59] the idcode from the scanning is: 0x0
[Debug] [2025-8-13 20:11:59] the idcode from the scanning is: 0x0
[Debug] [2025-8-13 20:11:59] the value in the status register is :81ffca0
[Debug] [2025-8-13 20:11:59] flash_id is 1c7118
[Debug] [2025-8-13 20:11:59] The value of GigaDevice status register 1 is 0x
[Debug] [2025-8-13 20:11:59] progress bar is 1
[Debug] [2025-8-13 20:12:01] progress bar is 6
[Debug] [2025-8-13 20:12:02] progress bar is 10
[Debug] [2025-8-13 20:12:04] progress bar is 15
[Debug] [2025-8-13 20:12:06] progress bar is 20
[Debug] [2025-8-13 20:12:07] progress bar is 25
[Debug] [2025-8-13 20:12:09] progress bar is 30
[Debug] [2025-8-13 20:12:10] progress bar is 35
[Debug] [2025-8-13 20:12:12] progress bar is 40
[Debug] [2025-8-13 20:12:13] progress bar is 45
[Debug] [2025-8-13 20:12:15] progress bar is 50
[Debug] [2025-8-13 20:12:16] progress bar is 55
[Debug] [2025-8-13 20:12:18] progress bar is 60
[Debug] [2025-8-13 20:12:19] progress bar is 65
[Debug] [2025-8-13 20:12:21] progress bar is 70
[Debug] [2025-8-13 20:12:22] progress bar is 75
[Debug] [2025-8-13 20:12:24] progress bar is 80
[Debug] [2025-8-13 20:12:25] progress bar is 85
[Debug] [2025-8-13 20:12:27] progress bar is 90
[Debug] [2025-8-13 20:12:28] progress bar is 95
[Debug] [2025-8-13 20:12:30] progress bar is 100
[Debug] [2025-8-13 20:12:30] end to operate flash: cmd id = 20301
[Debug] [2025-8-13 20:12:30] cmd operation Program Outer Flash releases locker
[Debug] [2025-8-13 20:12:30] Remove the header data from the client, index : 0
[Debug] [2025-8-13 20:12:30] _total_bytes_size : 1475
[Debug] [2025-8-13 20:12:30] cmd id :20303cmd name : Verify Outer Flash
[Debug] [2025-8-13 20:12:30] begin to operate flash: cmd id = 20303
[Debug] [2025-8-13 20:12:30] the idcode from the scanning is: 0x10601899
[Debug] [2025-8-13 20:12:30] the idcode from the scanning is: 0x0
[Debug] [2025-8-13 20:12:30] the idcode from the scanning is: 0x0
[Debug] [2025-8-13 20:12:30] the idcode from the scanning is: 0x0
[Debug] [2025-8-13 20:12:30] the idcode from the scanning is: 0x0
[Debug] [2025-8-13 20:12:30] the value in the status register is :81ffca0
[Debug] [2025-8-13 20:12:30] flash_id is 1c7118
[Debug] [2025-8-13 20:12:30] the value in the status register is :81ffca0
[Debug] [2025-8-13 20:12:30] progress bar is 1
[Debug] [2025-8-13 20:12:30] progress bar is 6
[Debug] [2025-8-13 20:12:30] progress bar is 10
[Debug] [2025-8-13 20:12:30] progress bar is 15
[Debug] [2025-8-13 20:12:30] progress bar is 20
[Debug] [2025-8-13 20:12:31] progress bar is 25
[Debug] [2025-8-13 20:12:31] progress bar is 30
[Debug] [2025-8-13 20:12:31] progress bar is 35
[Debug] [2025-8-13 20:12:31] progress bar is 40
[Debug] [2025-8-13 20:12:31] progress bar is 45
[Debug] [2025-8-13 20:12:31] progress bar is 50
[Debug] [2025-8-13 20:12:31] progress bar is 55
[Debug] [2025-8-13 20:12:31] progress bar is 60
[Debug] [2025-8-13 20:12:31] progress bar is 65
[Debug] [2025-8-13 20:12:31] progress bar is 70
[Debug] [2025-8-13 20:12:31] progress bar is 75
[Debug] [2025-8-13 20:12:32] progress bar is 80
[Debug] [2025-8-13 20:12:32] progress bar is 85
[Debug] [2025-8-13 20:12:32] progress bar is 90
[Debug] [2025-8-13 20:12:32] progress bar is 95
[Debug] [2025-8-13 20:12:32] progress bar is 100
[Debug] [2025-8-13 20:12:32] end to operate flash: cmd id = 20303
[Debug] [2025-8-13 20:12:32] cmd operation Verify Outer Flash releases locker
[Debug] [2025-8-13 20:23:03] Remove the header data from the client, index : 0
[Debug] [2025-8-13 20:23:03] _total_bytes_size : 1480
[Debug] [2025-8-13 20:23:03] cmd id :20302cmd name : Erase Outer Flash
[Debug] [2025-8-13 20:23:03] begin to operate flash: cmd id = 20302
[Debug] [2025-8-13 20:23:03] the idcode from the scanning is: 0x10601899
[Debug] [2025-8-13 20:23:03] the idcode from the scanning is: 0x0
[Debug] [2025-8-13 20:23:03] the idcode from the scanning is: 0x0
[Debug] [2025-8-13 20:23:03] the idcode from the scanning is: 0x0
[Debug] [2025-8-13 20:23:03] the idcode from the scanning is: 0x0
[Debug] [2025-8-13 20:23:03] the value in the status register is :81ffca0
[Debug] [2025-8-13 20:23:03] flash_id is 1c7118
[Debug] [2025-8-13 20:23:03] the value in the status register is :81ffca0
[Debug] [2025-8-13 20:23:03] progress bar is 1
[Error] [2025-8-13 20:23:04] WaitForWIPFinish timeout, wait second ms:100
[Error] [2025-8-13 20:23:04] WaitForWIPFinish timeout, wait second ms:100
[Error] [2025-8-13 20:23:04] WaitForWIPFinish timeout, wait second ms:100
[Error] [2025-8-13 20:23:04] WaitForWIPFinish timeout, wait second ms:100
[Error] [2025-8-13 20:23:04] WaitForWIPFinish timeout, wait second ms:100
[Error] [2025-8-13 20:23:04] WaitForWIPFinish timeout, wait second ms:100
[Debug] [2025-8-13 20:23:04] progress bar is 6
[Error] [2025-8-13 20:23:04] WaitForWIPFinish timeout, wait second ms:100
[Error] [2025-8-13 20:23:05] WaitForWIPFinish timeout, wait second ms:100
[Debug] [2025-8-13 20:23:05] progress bar is 10
[Error] [2025-8-13 20:23:05] WaitForWIPFinish timeout, wait second ms:100
[Error] [2025-8-13 20:23:05] WaitForWIPFinish timeout, wait second ms:100
[Error] [2025-8-13 20:23:05] WaitForWIPFinish timeout, wait second ms:100
[Error] [2025-8-13 20:23:05] WaitForWIPFinish timeout, wait second ms:100
[Error] [2025-8-13 20:23:05] WaitForWIPFinish timeout, wait second ms:100
[Debug] [2025-8-13 20:23:05] progress bar is 16
[Error] [2025-8-13 20:23:06] WaitForWIPFinish timeout, wait second ms:100
[Error] [2025-8-13 20:23:06] WaitForWIPFinish timeout, wait second ms:100
[Debug] [2025-8-13 20:23:06] progress bar is 20
[Error] [2025-8-13 20:23:06] WaitForWIPFinish timeout, wait second ms:100
[Error] [2025-8-13 20:23:06] WaitForWIPFinish timeout, wait second ms:100
[Error] [2025-8-13 20:23:06] WaitForWIPFinish timeout, wait second ms:100
[Error] [2025-8-13 20:23:06] WaitForWIPFinish timeout, wait second ms:100
[Error] [2025-8-13 20:23:06] WaitForWIPFinish timeout, wait second ms:100
[Debug] [2025-8-13 20:23:07] progress bar is 26
[Error] [2025-8-13 20:23:07] WaitForWIPFinish timeout, wait second ms:100
[Error] [2025-8-13 20:23:07] WaitForWIPFinish timeout, wait second ms:100
[Debug] [2025-8-13 20:23:07] progress bar is 30
[Error] [2025-8-13 20:23:07] WaitForWIPFinish timeout, wait second ms:100
[Error] [2025-8-13 20:23:07] WaitForWIPFinish timeout, wait second ms:100
[Error] [2025-8-13 20:23:07] WaitForWIPFinish timeout, wait second ms:100
[Error] [2025-8-13 20:23:07] WaitForWIPFinish timeout, wait second ms:100
[Debug] [2025-8-13 20:23:07] progress bar is 36
[Error] [2025-8-13 20:23:08] WaitForWIPFinish timeout, wait second ms:100
[Error] [2025-8-13 20:23:08] WaitForWIPFinish timeout, wait second ms:100
[Debug] [2025-8-13 20:23:08] progress bar is 40
[Error] [2025-8-13 20:23:08] WaitForWIPFinish timeout, wait second ms:100
[Error] [2025-8-13 20:23:08] WaitForWIPFinish timeout, wait second ms:100
[Error] [2025-8-13 20:23:08] WaitForWIPFinish timeout, wait second ms:100
[Error] [2025-8-13 20:23:08] WaitForWIPFinish timeout, wait second ms:100
[Debug] [2025-8-13 20:23:08] progress bar is 46
[Error] [2025-8-13 20:23:09] WaitForWIPFinish timeout, wait second ms:100
[Error] [2025-8-13 20:23:09] WaitForWIPFinish timeout, wait second ms:100
[Error] [2025-8-13 20:23:09] WaitForWIPFinish timeout, wait second ms:100
[Debug] [2025-8-13 20:23:09] progress bar is 50
[Error] [2025-8-13 20:23:09] WaitForWIPFinish timeout, wait second ms:100
[Error] [2025-8-13 20:23:09] WaitForWIPFinish timeout, wait second ms:100
[Error] [2025-8-13 20:23:09] WaitForWIPFinish timeout, wait second ms:100
[Error] [2025-8-13 20:23:09] WaitForWIPFinish timeout, wait second ms:100
[Error] [2025-8-13 20:23:10] WaitForWIPFinish timeout, wait second ms:100
[Debug] [2025-8-13 20:23:10] progress bar is 56
[Error] [2025-8-13 20:23:10] WaitForWIPFinish timeout, wait second ms:100
[Error] [2025-8-13 20:23:10] WaitForWIPFinish timeout, wait second ms:100
[Debug] [2025-8-13 20:23:10] progress bar is 60
[Error] [2025-8-13 20:23:10] WaitForWIPFinish timeout, wait second ms:100
[Error] [2025-8-13 20:23:10] WaitForWIPFinish timeout, wait second ms:100
[Error] [2025-8-13 20:23:10] WaitForWIPFinish timeout, wait second ms:100
[Error] [2025-8-13 20:23:10] WaitForWIPFinish timeout, wait second ms:100
[Debug] [2025-8-13 20:23:11] progress bar is 66
[Error] [2025-8-13 20:23:11] WaitForWIPFinish timeout, wait second ms:100
[Error] [2025-8-13 20:23:11] WaitForWIPFinish timeout, wait second ms:100
[Debug] [2025-8-13 20:23:11] progress bar is 70
[Error] [2025-8-13 20:23:11] WaitForWIPFinish timeout, wait second ms:100
[Error] [2025-8-13 20:23:11] WaitForWIPFinish timeout, wait second ms:100
[Error] [2025-8-13 20:23:11] WaitForWIPFinish timeout, wait second ms:100
[Error] [2025-8-13 20:23:11] WaitForWIPFinish timeout, wait second ms:100
[Debug] [2025-8-13 20:23:12] progress bar is 76
[Error] [2025-8-13 20:23:12] WaitForWIPFinish timeout, wait second ms:100
[Error] [2025-8-13 20:23:12] WaitForWIPFinish timeout, wait second ms:100
[Debug] [2025-8-13 20:23:12] progress bar is 80
[Error] [2025-8-13 20:23:12] WaitForWIPFinish timeout, wait second ms:100
[Error] [2025-8-13 20:23:12] WaitForWIPFinish timeout, wait second ms:100
[Error] [2025-8-13 20:23:12] WaitForWIPFinish timeout, wait second ms:100
[Error] [2025-8-13 20:23:12] WaitForWIPFinish timeout, wait second ms:100
[Debug] [2025-8-13 20:23:13] progress bar is 86
[Error] [2025-8-13 20:23:13] WaitForWIPFinish timeout, wait second ms:100
[Error] [2025-8-13 20:23:13] WaitForWIPFinish timeout, wait second ms:100
[Debug] [2025-8-13 20:23:13] progress bar is 90
[Error] [2025-8-13 20:23:13] WaitForWIPFinish timeout, wait second ms:100
[Error] [2025-8-13 20:23:13] WaitForWIPFinish timeout, wait second ms:100
[Error] [2025-8-13 20:23:13] WaitForWIPFinish timeout, wait second ms:100
[Error] [2025-8-13 20:23:13] WaitForWIPFinish timeout, wait second ms:100
[Debug] [2025-8-13 20:23:13] progress bar is 96
[Debug] [2025-8-13 20:23:13] progress bar is 100
[Debug] [2025-8-13 20:23:13] end to operate flash: cmd id = 20302
[Debug] [2025-8-13 20:23:13] cmd operation Erase Outer Flash releases locker
[Debug] [2025-8-13 20:23:13] Remove the header data from the client, index : 0
[Debug] [2025-8-13 20:23:13] _total_bytes_size : 1477
[Debug] [2025-8-13 20:23:13] cmd id :20301cmd name : Program Outer Flash
[Debug] [2025-8-13 20:23:13] begin to operate flash: cmd id = 20301
[Debug] [2025-8-13 20:23:14] the idcode from the scanning is: 0x10601899
[Debug] [2025-8-13 20:23:14] the idcode from the scanning is: 0x0
[Debug] [2025-8-13 20:23:14] the idcode from the scanning is: 0x0
[Debug] [2025-8-13 20:23:14] the idcode from the scanning is: 0x0
[Debug] [2025-8-13 20:23:14] the idcode from the scanning is: 0x0
[Debug] [2025-8-13 20:23:14] the value in the status register is :81ffca0
[Debug] [2025-8-13 20:23:14] flash_id is 1c7118
[Debug] [2025-8-13 20:23:14] The value of GigaDevice status register 1 is 0x
[Debug] [2025-8-13 20:23:14] progress bar is 1
[Debug] [2025-8-13 20:23:16] progress bar is 6
[Debug] [2025-8-13 20:23:17] progress bar is 10
[Debug] [2025-8-13 20:23:18] progress bar is 15
[Debug] [2025-8-13 20:23:20] progress bar is 20
[Debug] [2025-8-13 20:23:21] progress bar is 25
[Debug] [2025-8-13 20:23:23] progress bar is 30
[Debug] [2025-8-13 20:23:24] progress bar is 35
[Debug] [2025-8-13 20:23:26] progress bar is 40
[Debug] [2025-8-13 20:23:27] progress bar is 45
[Debug] [2025-8-13 20:23:29] progress bar is 50
[Debug] [2025-8-13 20:23:31] progress bar is 55
[Debug] [2025-8-13 20:23:32] progress bar is 60
[Debug] [2025-8-13 20:23:34] progress bar is 65
[Debug] [2025-8-13 20:23:35] progress bar is 70
[Debug] [2025-8-13 20:23:37] progress bar is 75
[Debug] [2025-8-13 20:23:38] progress bar is 80
[Debug] [2025-8-13 20:23:40] progress bar is 85
[Debug] [2025-8-13 20:23:41] progress bar is 90
[Debug] [2025-8-13 20:23:43] progress bar is 95
[Debug] [2025-8-13 20:23:44] progress bar is 100
[Debug] [2025-8-13 20:23:45] end to operate flash: cmd id = 20301
[Debug] [2025-8-13 20:23:45] cmd operation Program Outer Flash releases locker
[Debug] [2025-8-13 20:23:45] Remove the header data from the client, index : 0
[Debug] [2025-8-13 20:23:45] _total_bytes_size : 1475
[Debug] [2025-8-13 20:23:45] cmd id :20303cmd name : Verify Outer Flash
[Debug] [2025-8-13 20:23:45] begin to operate flash: cmd id = 20303
[Debug] [2025-8-13 20:23:45] the idcode from the scanning is: 0x10601899
[Debug] [2025-8-13 20:23:45] the idcode from the scanning is: 0x0
[Debug] [2025-8-13 20:23:45] the idcode from the scanning is: 0x0
[Debug] [2025-8-13 20:23:45] the idcode from the scanning is: 0x0
[Debug] [2025-8-13 20:23:45] the idcode from the scanning is: 0x0
[Debug] [2025-8-13 20:23:45] the value in the status register is :81ffca0
[Debug] [2025-8-13 20:23:45] flash_id is 1c7118
[Debug] [2025-8-13 20:23:45] the value in the status register is :81ffca0
[Debug] [2025-8-13 20:23:45] progress bar is 1
[Debug] [2025-8-13 20:23:45] progress bar is 6
[Debug] [2025-8-13 20:23:45] progress bar is 10
[Debug] [2025-8-13 20:23:45] progress bar is 15
[Debug] [2025-8-13 20:23:45] progress bar is 20
[Debug] [2025-8-13 20:23:45] progress bar is 25
[Debug] [2025-8-13 20:23:45] progress bar is 30
[Debug] [2025-8-13 20:23:45] progress bar is 35
[Debug] [2025-8-13 20:23:45] progress bar is 40
[Debug] [2025-8-13 20:23:46] progress bar is 45
[Debug] [2025-8-13 20:23:46] progress bar is 50
[Debug] [2025-8-13 20:23:46] progress bar is 55
[Debug] [2025-8-13 20:23:46] progress bar is 60
[Debug] [2025-8-13 20:23:46] progress bar is 65
[Debug] [2025-8-13 20:23:46] progress bar is 70
[Debug] [2025-8-13 20:23:46] progress bar is 75
[Debug] [2025-8-13 20:23:46] progress bar is 80
[Debug] [2025-8-13 20:23:46] progress bar is 85
[Debug] [2025-8-13 20:23:46] progress bar is 90
[Debug] [2025-8-13 20:23:47] progress bar is 95
[Debug] [2025-8-13 20:23:47] progress bar is 100
[Debug] [2025-8-13 20:23:47] end to operate flash: cmd id = 20303
[Debug] [2025-8-13 20:23:47] cmd operation Verify Outer Flash releases locker
[Info] [2025-8-13 22:16:04] /***************************Start jtagserver***************************/
[Info] [2025-8-13 22:16:04] Path: C:/pango/PDS_2022.2-SP6.4/bin
[Info] [2025-8-13 22:16:04] Version: 146967
[Debug] [2025-8-13 22:16:05] Add a new user_thread, socket descriptor is 1220 user_thread id is 00000000000085F8
[Debug] [2025-8-13 22:16:05] After adding, map size is : 1
[Debug] [2025-8-13 22:16:05] Add a new user_thread, socket descriptor is 1188 user_thread id is 00000000000085F8
[Debug] [2025-8-13 22:16:05] After adding, map size is : 2
[Debug] [2025-8-13 22:16:05] IP address of connecting client is : ::ffff:127.0.0.1
[Debug] [2025-8-13 22:16:05] IP address of connecting client is : ::ffff:127.0.0.1
[Debug] [2025-8-13 22:16:05] Remove the header data from the client, index : 0
[Debug] [2025-8-13 22:16:05] _total_bytes_size : 160
[Debug] [2025-8-13 22:16:05] Remove the header data from the client, index : 0
[Debug] [2025-8-13 22:16:05] _total_bytes_size : 96
[Debug] [2025-8-13 22:16:05] cmd id :40010cmd name : get_cable_paras
[Debug] [2025-8-13 22:16:06] cmd operation get_cable_paras releases locker
[Debug] [2025-8-13 22:16:06] Remove the header data from the client, index : 0
[Debug] [2025-8-13 22:16:06] _total_bytes_size : 101
[Debug] [2025-8-13 22:16:06] cmd id :20001cmd name : Open config cable
[Debug] [2025-8-13 22:16:07] the idcode from the scanning is: 0xffffffff
[Debug] [2025-8-13 22:16:07] the idcode from the scanning is: 0xffffffff
[Debug] [2025-8-13 22:16:07] the idcode from the scanning is: 0xffffffff
[Debug] [2025-8-13 22:16:07] the idcode from the scanning is: 0xffffffff
[Debug] [2025-8-13 22:16:07] the idcode from the scanning is: 0xffffffff
[Debug] [2025-8-13 22:16:07] the idcode from the scanning is: 0x10601899
[Debug] [2025-8-13 22:16:07] the idcode from the scanning is: 0x0
[Debug] [2025-8-13 22:16:07] the idcode from the scanning is: 0x0
[Debug] [2025-8-13 22:16:07] the idcode from the scanning is: 0x0
[Debug] [2025-8-13 22:16:07] the idcode from the scanning is: 0x0
[Debug] [2025-8-13 22:16:07] cmd operation Open config cable releases locker
[Debug] [2025-8-13 22:16:20] Remove the header data from the client, index : 0
[Debug] [2025-8-13 22:16:20] _total_bytes_size : 3d1
[Debug] [2025-8-13 22:16:20] cmd id :4f4ccmd name : Scan Outer SPI Flash
[Debug] [2025-8-13 22:16:21] the idcode from the scanning is: 0x10601899
[Debug] [2025-8-13 22:16:21] the idcode from the scanning is: 0x0
[Debug] [2025-8-13 22:16:21] the idcode from the scanning is: 0x0
[Debug] [2025-8-13 22:16:21] the idcode from the scanning is: 0x0
[Debug] [2025-8-13 22:16:21] the idcode from the scanning is: 0x0
[Debug] [2025-8-13 22:16:21] the value in the status register is :81ffca0
[Debug] [2025-8-13 22:16:21] flash_id is 1c7118
[Debug] [2025-8-13 22:16:21] cmd operation Scan Outer SPI Flash releases locker
[Debug] [2025-8-13 22:16:23] Remove the header data from the client, index : 0
[Debug] [2025-8-13 22:16:23] _total_bytes_size : 5c8
[Debug] [2025-8-13 22:16:23] cmd id :4f4ecmd name : Erase Outer Flash
[Debug] [2025-8-13 22:16:23] begin to operate flash: cmd id = 4f4e
[Debug] [2025-8-13 22:16:23] the idcode from the scanning is: 0x10601899
[Debug] [2025-8-13 22:16:23] the idcode from the scanning is: 0x0
[Debug] [2025-8-13 22:16:23] the idcode from the scanning is: 0x0
[Debug] [2025-8-13 22:16:23] the idcode from the scanning is: 0x0
[Debug] [2025-8-13 22:16:23] the idcode from the scanning is: 0x0
[Debug] [2025-8-13 22:16:23] the value in the status register is :81ffca0
[Debug] [2025-8-13 22:16:23] flash_id is 1c7118
[Debug] [2025-8-13 22:16:23] the value in the status register is :81ffca0
[Debug] [2025-8-13 22:16:23] progress bar is 1
[Error] [2025-8-13 22:16:23] WaitForWIPFinish timeout, wait second ms:100
[Error] [2025-8-13 22:16:23] WaitForWIPFinish timeout, wait second ms:100
[Error] [2025-8-13 22:16:23] WaitForWIPFinish timeout, wait second ms:100
[Error] [2025-8-13 22:16:23] WaitForWIPFinish timeout, wait second ms:100
[Error] [2025-8-13 22:16:23] WaitForWIPFinish timeout, wait second ms:100
[Error] [2025-8-13 22:16:24] WaitForWIPFinish timeout, wait second ms:100
[Error] [2025-8-13 22:16:24] WaitForWIPFinish timeout, wait second ms:100
[Error] [2025-8-13 22:16:24] WaitForWIPFinish timeout, wait second ms:100
[Debug] [2025-8-13 22:16:24] progress bar is 6
[Error] [2025-8-13 22:16:24] WaitForWIPFinish timeout, wait second ms:100
[Error] [2025-8-13 22:16:24] WaitForWIPFinish timeout, wait second ms:100
[Debug] [2025-8-13 22:16:24] progress bar is 10
[Error] [2025-8-13 22:16:24] WaitForWIPFinish timeout, wait second ms:100
[Error] [2025-8-13 22:16:24] WaitForWIPFinish timeout, wait second ms:100
[Error] [2025-8-13 22:16:25] WaitForWIPFinish timeout, wait second ms:100
[Error] [2025-8-13 22:16:25] WaitForWIPFinish timeout, wait second ms:100
[Debug] [2025-8-13 22:16:25] progress bar is 17
[Error] [2025-8-13 22:16:25] WaitForWIPFinish timeout, wait second ms:100
[Error] [2025-8-13 22:16:25] WaitForWIPFinish timeout, wait second ms:100
[Debug] [2025-8-13 22:16:25] progress bar is 20
[Error] [2025-8-13 22:16:25] WaitForWIPFinish timeout, wait second ms:100
[Error] [2025-8-13 22:16:25] WaitForWIPFinish timeout, wait second ms:100
[Error] [2025-8-13 22:16:26] WaitForWIPFinish timeout, wait second ms:100
[Error] [2025-8-13 22:16:26] WaitForWIPFinish timeout, wait second ms:100
[Error] [2025-8-13 22:16:26] WaitForWIPFinish timeout, wait second ms:100
[Error] [2025-8-13 22:16:26] WaitForWIPFinish timeout, wait second ms:100
[Debug] [2025-8-13 22:16:26] progress bar is 27
[Error] [2025-8-13 22:16:26] WaitForWIPFinish timeout, wait second ms:100
[Error] [2025-8-13 22:16:26] WaitForWIPFinish timeout, wait second ms:100
[Error] [2025-8-13 22:16:26] WaitForWIPFinish timeout, wait second ms:100
[Debug] [2025-8-13 22:16:26] progress bar is 31
[Error] [2025-8-13 22:16:27] WaitForWIPFinish timeout, wait second ms:100
[Error] [2025-8-13 22:16:27] WaitForWIPFinish timeout, wait second ms:100
[Error] [2025-8-13 22:16:27] WaitForWIPFinish timeout, wait second ms:100
[Error] [2025-8-13 22:16:27] WaitForWIPFinish timeout, wait second ms:100
[Error] [2025-8-13 22:16:27] WaitForWIPFinish timeout, wait second ms:100
[Debug] [2025-8-13 22:16:27] progress bar is 37
[Error] [2025-8-13 22:16:27] WaitForWIPFinish timeout, wait second ms:100
[Error] [2025-8-13 22:16:27] WaitForWIPFinish timeout, wait second ms:100
[Debug] [2025-8-13 22:16:28] progress bar is 41
[Error] [2025-8-13 22:16:28] WaitForWIPFinish timeout, wait second ms:100
[Error] [2025-8-13 22:16:28] WaitForWIPFinish timeout, wait second ms:100
[Error] [2025-8-13 22:16:28] WaitForWIPFinish timeout, wait second ms:100
[Error] [2025-8-13 22:16:28] WaitForWIPFinish timeout, wait second ms:100
[Error] [2025-8-13 22:16:28] WaitForWIPFinish timeout, wait second ms:100
[Debug] [2025-8-13 22:16:28] progress bar is 48
[Error] [2025-8-13 22:16:28] WaitForWIPFinish timeout, wait second ms:100
[Error] [2025-8-13 22:16:29] WaitForWIPFinish timeout, wait second ms:100
[Debug] [2025-8-13 22:16:29] progress bar is 51
[Error] [2025-8-13 22:16:29] WaitForWIPFinish timeout, wait second ms:100
[Error] [2025-8-13 22:16:29] WaitForWIPFinish timeout, wait second ms:100
[Error] [2025-8-13 22:16:29] WaitForWIPFinish timeout, wait second ms:100
[Debug] [2025-8-13 22:16:29] progress bar is 55
[Error] [2025-8-13 22:16:29] WaitForWIPFinish timeout, wait second ms:100
[Error] [2025-8-13 22:16:29] WaitForWIPFinish timeout, wait second ms:100
[Error] [2025-8-13 22:16:29] WaitForWIPFinish timeout, wait second ms:100
[Error] [2025-8-13 22:16:30] WaitForWIPFinish timeout, wait second ms:100
[Error] [2025-8-13 22:16:30] WaitForWIPFinish timeout, wait second ms:100
[Debug] [2025-8-13 22:16:30] progress bar is 62
[Error] [2025-8-13 22:16:30] WaitForWIPFinish timeout, wait second ms:100
[Error] [2025-8-13 22:16:30] WaitForWIPFinish timeout, wait second ms:100
[Error] [2025-8-13 22:16:30] WaitForWIPFinish timeout, wait second ms:100
[Debug] [2025-8-13 22:16:30] progress bar is 65
[Error] [2025-8-13 22:16:30] WaitForWIPFinish timeout, wait second ms:100
[Error] [2025-8-13 22:16:30] WaitForWIPFinish timeout, wait second ms:100
[Error] [2025-8-13 22:16:31] WaitForWIPFinish timeout, wait second ms:100
[Error] [2025-8-13 22:16:31] WaitForWIPFinish timeout, wait second ms:100
[Debug] [2025-8-13 22:16:31] progress bar is 72
[Error] [2025-8-13 22:16:31] WaitForWIPFinish timeout, wait second ms:100
[Error] [2025-8-13 22:16:31] WaitForWIPFinish timeout, wait second ms:100
[Debug] [2025-8-13 22:16:31] progress bar is 75
[Error] [2025-8-13 22:16:31] WaitForWIPFinish timeout, wait second ms:100
[Error] [2025-8-13 22:16:31] WaitForWIPFinish timeout, wait second ms:100
[Error] [2025-8-13 22:16:31] WaitForWIPFinish timeout, wait second ms:100
[Error] [2025-8-13 22:16:32] WaitForWIPFinish timeout, wait second ms:100
[Error] [2025-8-13 22:16:32] WaitForWIPFinish timeout, wait second ms:100
[Debug] [2025-8-13 22:16:32] progress bar is 82
[Error] [2025-8-13 22:16:32] WaitForWIPFinish timeout, wait second ms:100
[Error] [2025-8-13 22:16:32] WaitForWIPFinish timeout, wait second ms:100
[Debug] [2025-8-13 22:16:32] progress bar is 86
[Error] [2025-8-13 22:16:32] WaitForWIPFinish timeout, wait second ms:100
[Error] [2025-8-13 22:16:32] WaitForWIPFinish timeout, wait second ms:100
[Error] [2025-8-13 22:16:33] WaitForWIPFinish timeout, wait second ms:100
[Error] [2025-8-13 22:16:33] WaitForWIPFinish timeout, wait second ms:100
[Error] [2025-8-13 22:16:33] WaitForWIPFinish timeout, wait second ms:100
[Debug] [2025-8-13 22:16:33] progress bar is 93
[Error] [2025-8-13 22:16:33] WaitForWIPFinish timeout, wait second ms:100
[Error] [2025-8-13 22:16:33] WaitForWIPFinish timeout, wait second ms:100
[Debug] [2025-8-13 22:16:33] progress bar is 96
[Debug] [2025-8-13 22:16:33] progress bar is 100
[Debug] [2025-8-13 22:16:33] end to operate flash: cmd id = 20302
[Debug] [2025-8-13 22:16:33] cmd operation Erase Outer Flash releases locker
[Debug] [2025-8-13 22:16:33] Remove the header data from the client, index : 0
[Debug] [2025-8-13 22:16:33] _total_bytes_size : 1477
[Debug] [2025-8-13 22:16:33] cmd id :20301cmd name : Program Outer Flash
[Debug] [2025-8-13 22:16:33] begin to operate flash: cmd id = 20301
[Debug] [2025-8-13 22:16:33] the idcode from the scanning is: 0x10601899
[Debug] [2025-8-13 22:16:33] the idcode from the scanning is: 0x0
[Debug] [2025-8-13 22:16:33] the idcode from the scanning is: 0x0
[Debug] [2025-8-13 22:16:33] the idcode from the scanning is: 0x0
[Debug] [2025-8-13 22:16:33] the idcode from the scanning is: 0x0
[Debug] [2025-8-13 22:16:33] the value in the status register is :81ffca0
[Debug] [2025-8-13 22:16:33] flash_id is 1c7118
[Debug] [2025-8-13 22:16:34] The value of GigaDevice status register 1 is 0x
[Debug] [2025-8-13 22:16:34] progress bar is 1
[Debug] [2025-8-13 22:16:35] progress bar is 6
[Debug] [2025-8-13 22:16:37] progress bar is 10
[Debug] [2025-8-13 22:16:38] progress bar is 15
[Debug] [2025-8-13 22:16:40] progress bar is 20
[Debug] [2025-8-13 22:16:41] progress bar is 25
[Debug] [2025-8-13 22:16:43] progress bar is 30
[Debug] [2025-8-13 22:16:44] progress bar is 35
[Debug] [2025-8-13 22:16:46] progress bar is 40
[Debug] [2025-8-13 22:16:47] progress bar is 45
[Debug] [2025-8-13 22:16:49] progress bar is 50
[Debug] [2025-8-13 22:16:50] progress bar is 55
[Debug] [2025-8-13 22:16:52] progress bar is 60
[Debug] [2025-8-13 22:16:53] progress bar is 65
[Debug] [2025-8-13 22:16:55] progress bar is 70
[Debug] [2025-8-13 22:16:56] progress bar is 75
[Debug] [2025-8-13 22:16:58] progress bar is 80
[Debug] [2025-8-13 22:16:59] progress bar is 85
[Debug] [2025-8-13 22:17:01] progress bar is 90
[Debug] [2025-8-13 22:17:02] progress bar is 95
[Debug] [2025-8-13 22:17:04] progress bar is 100
[Debug] [2025-8-13 22:17:04] end to operate flash: cmd id = 20301
[Debug] [2025-8-13 22:17:04] cmd operation Program Outer Flash releases locker
[Debug] [2025-8-13 22:17:04] Remove the header data from the client, index : 0
[Debug] [2025-8-13 22:17:04] _total_bytes_size : 1475
[Debug] [2025-8-13 22:17:04] cmd id :20303cmd name : Verify Outer Flash
[Debug] [2025-8-13 22:17:04] begin to operate flash: cmd id = 20303
[Debug] [2025-8-13 22:17:04] the idcode from the scanning is: 0x10601899
[Debug] [2025-8-13 22:17:04] the idcode from the scanning is: 0x0
[Debug] [2025-8-13 22:17:04] the idcode from the scanning is: 0x0
[Debug] [2025-8-13 22:17:04] the idcode from the scanning is: 0x0
[Debug] [2025-8-13 22:17:04] the idcode from the scanning is: 0x0
[Debug] [2025-8-13 22:17:04] the value in the status register is :81ffca0
[Debug] [2025-8-13 22:17:04] flash_id is 1c7118
[Debug] [2025-8-13 22:17:04] the value in the status register is :81ffca0
[Debug] [2025-8-13 22:17:04] progress bar is 1
[Debug] [2025-8-13 22:17:04] progress bar is 6
[Debug] [2025-8-13 22:17:04] progress bar is 10
[Debug] [2025-8-13 22:17:05] progress bar is 15
[Debug] [2025-8-13 22:17:05] progress bar is 20
[Debug] [2025-8-13 22:17:05] progress bar is 25
[Debug] [2025-8-13 22:17:05] progress bar is 30
[Debug] [2025-8-13 22:17:05] progress bar is 35
[Debug] [2025-8-13 22:17:05] progress bar is 40
[Debug] [2025-8-13 22:17:05] progress bar is 45
[Debug] [2025-8-13 22:17:05] progress bar is 50
[Debug] [2025-8-13 22:17:05] progress bar is 55
[Debug] [2025-8-13 22:17:05] progress bar is 60
[Debug] [2025-8-13 22:17:05] progress bar is 65
[Debug] [2025-8-13 22:17:06] progress bar is 70
[Debug] [2025-8-13 22:17:06] progress bar is 75
[Debug] [2025-8-13 22:17:06] progress bar is 80
[Debug] [2025-8-13 22:17:06] progress bar is 85
[Debug] [2025-8-13 22:17:06] progress bar is 90
[Debug] [2025-8-13 22:17:06] progress bar is 95
[Debug] [2025-8-13 22:17:06] progress bar is 100
[Debug] [2025-8-13 22:17:06] end to operate flash: cmd id = 20303
[Debug] [2025-8-13 22:17:06] cmd operation Verify Outer Flash releases locker
[Debug] [2025-8-13 22:24:29] Remove the header data from the client, index : 0
[Debug] [2025-8-13 22:24:29] _total_bytes_size : 1480
[Debug] [2025-8-13 22:24:29] cmd id :20302cmd name : Erase Outer Flash
[Debug] [2025-8-13 22:24:29] begin to operate flash: cmd id = 20302
[Debug] [2025-8-13 22:24:29] the idcode from the scanning is: 0x10601899
[Debug] [2025-8-13 22:24:29] the idcode from the scanning is: 0x0
[Debug] [2025-8-13 22:24:29] the idcode from the scanning is: 0x0
[Debug] [2025-8-13 22:24:29] the idcode from the scanning is: 0x0
[Debug] [2025-8-13 22:24:29] the idcode from the scanning is: 0x0
[Debug] [2025-8-13 22:24:29] the value in the status register is :81ffca0
[Debug] [2025-8-13 22:24:29] flash_id is 1c7118
[Debug] [2025-8-13 22:24:29] the value in the status register is :81ffca0
[Debug] [2025-8-13 22:24:29] progress bar is 1
[Error] [2025-8-13 22:24:29] WaitForWIPFinish timeout, wait second ms:100
[Error] [2025-8-13 22:24:29] WaitForWIPFinish timeout, wait second ms:100
[Error] [2025-8-13 22:24:29] WaitForWIPFinish timeout, wait second ms:100
[Error] [2025-8-13 22:24:30] WaitForWIPFinish timeout, wait second ms:100
[Error] [2025-8-13 22:24:30] WaitForWIPFinish timeout, wait second ms:100
[Error] [2025-8-13 22:24:30] WaitForWIPFinish timeout, wait second ms:100
[Error] [2025-8-13 22:24:30] WaitForWIPFinish timeout, wait second ms:100
[Error] [2025-8-13 22:24:30] WaitForWIPFinish timeout, wait second ms:100
[Debug] [2025-8-13 22:24:30] progress bar is 7
[Error] [2025-8-13 22:24:30] WaitForWIPFinish timeout, wait second ms:100
[Error] [2025-8-13 22:24:30] WaitForWIPFinish timeout, wait second ms:100
[Debug] [2025-8-13 22:24:31] progress bar is 10
[Error] [2025-8-13 22:24:31] WaitForWIPFinish timeout, wait second ms:100
[Error] [2025-8-13 22:24:31] WaitForWIPFinish timeout, wait second ms:100
[Error] [2025-8-13 22:24:31] WaitForWIPFinish timeout, wait second ms:100
[Error] [2025-8-13 22:24:31] WaitForWIPFinish timeout, wait second ms:100
[Debug] [2025-8-13 22:24:31] progress bar is 17
[Error] [2025-8-13 22:24:31] WaitForWIPFinish timeout, wait second ms:100
[Error] [2025-8-13 22:24:31] WaitForWIPFinish timeout, wait second ms:100
[Debug] [2025-8-13 22:24:31] progress bar is 21
[Error] [2025-8-13 22:24:32] WaitForWIPFinish timeout, wait second ms:100
[Error] [2025-8-13 22:24:32] WaitForWIPFinish timeout, wait second ms:100
[Error] [2025-8-13 22:24:32] WaitForWIPFinish timeout, wait second ms:100
[Debug] [2025-8-13 22:24:32] progress bar is 25
[Error] [2025-8-13 22:24:32] WaitForWIPFinish timeout, wait second ms:100
[Error] [2025-8-13 22:24:32] WaitForWIPFinish timeout, wait second ms:100
[Error] [2025-8-13 22:24:32] WaitForWIPFinish timeout, wait second ms:100
[Error] [2025-8-13 22:24:32] WaitForWIPFinish timeout, wait second ms:100
[Error] [2025-8-13 22:24:33] WaitForWIPFinish timeout, wait second ms:100
[Error] [2025-8-13 22:24:33] WaitForWIPFinish timeout, wait second ms:100
[Debug] [2025-8-13 22:24:33] progress bar is 32
[Error] [2025-8-13 22:24:33] WaitForWIPFinish timeout, wait second ms:100
[Error] [2025-8-13 22:24:33] WaitForWIPFinish timeout, wait second ms:100
[Debug] [2025-8-13 22:24:33] progress bar is 35
[Error] [2025-8-13 22:24:33] WaitForWIPFinish timeout, wait second ms:100
[Error] [2025-8-13 22:24:33] WaitForWIPFinish timeout, wait second ms:100
[Error] [2025-8-13 22:24:33] WaitForWIPFinish timeout, wait second ms:100
[Error] [2025-8-13 22:24:34] WaitForWIPFinish timeout, wait second ms:100
[Error] [2025-8-13 22:24:34] WaitForWIPFinish timeout, wait second ms:100
[Debug] [2025-8-13 22:24:34] progress bar is 42
[Error] [2025-8-13 22:24:34] WaitForWIPFinish timeout, wait second ms:100
[Error] [2025-8-13 22:24:34] WaitForWIPFinish timeout, wait second ms:100
[Debug] [2025-8-13 22:24:34] progress bar is 46
[Error] [2025-8-13 22:24:34] WaitForWIPFinish timeout, wait second ms:100
[Error] [2025-8-13 22:24:34] WaitForWIPFinish timeout, wait second ms:100
[Debug] [2025-8-13 22:24:34] progress bar is 50
[Error] [2025-8-13 22:24:35] WaitForWIPFinish timeout, wait second ms:100
[Error] [2025-8-13 22:24:35] WaitForWIPFinish timeout, wait second ms:100
[Error] [2025-8-13 22:24:35] WaitForWIPFinish timeout, wait second ms:100
[Error] [2025-8-13 22:24:35] WaitForWIPFinish timeout, wait second ms:100
[Error] [2025-8-13 22:24:35] WaitForWIPFinish timeout, wait second ms:100
[Debug] [2025-8-13 22:24:35] progress bar is 57
[Error] [2025-8-13 22:24:35] WaitForWIPFinish timeout, wait second ms:100
[Error] [2025-8-13 22:24:35] WaitForWIPFinish timeout, wait second ms:100
[Debug] [2025-8-13 22:24:36] progress bar is 60
[Error] [2025-8-13 22:24:36] WaitForWIPFinish timeout, wait second ms:100
[Error] [2025-8-13 22:24:36] WaitForWIPFinish timeout, wait second ms:100
[Error] [2025-8-13 22:24:36] WaitForWIPFinish timeout, wait second ms:100
[Error] [2025-8-13 22:24:36] WaitForWIPFinish timeout, wait second ms:100
[Error] [2025-8-13 22:24:36] WaitForWIPFinish timeout, wait second ms:100
[Debug] [2025-8-13 22:24:36] progress bar is 67
[Error] [2025-8-13 22:24:36] WaitForWIPFinish timeout, wait second ms:100
[Error] [2025-8-13 22:24:36] WaitForWIPFinish timeout, wait second ms:100
[Debug] [2025-8-13 22:24:37] progress bar is 71
[Error] [2025-8-13 22:24:37] WaitForWIPFinish timeout, wait second ms:100
[Error] [2025-8-13 22:24:37] WaitForWIPFinish timeout, wait second ms:100
[Debug] [2025-8-13 22:24:37] progress bar is 75
[Error] [2025-8-13 22:24:37] WaitForWIPFinish timeout, wait second ms:100
[Error] [2025-8-13 22:24:37] WaitForWIPFinish timeout, wait second ms:100
[Error] [2025-8-13 22:24:37] WaitForWIPFinish timeout, wait second ms:100
[Error] [2025-8-13 22:24:37] WaitForWIPFinish timeout, wait second ms:100
[Error] [2025-8-13 22:24:38] WaitForWIPFinish timeout, wait second ms:100
[Debug] [2025-8-13 22:24:38] progress bar is 82
[Error] [2025-8-13 22:24:38] WaitForWIPFinish timeout, wait second ms:100
[Error] [2025-8-13 22:24:38] WaitForWIPFinish timeout, wait second ms:100
[Debug] [2025-8-13 22:24:38] progress bar is 85
[Error] [2025-8-13 22:24:38] WaitForWIPFinish timeout, wait second ms:100
[Error] [2025-8-13 22:24:38] WaitForWIPFinish timeout, wait second ms:100
[Error] [2025-8-13 22:24:38] WaitForWIPFinish timeout, wait second ms:100
[Error] [2025-8-13 22:24:39] WaitForWIPFinish timeout, wait second ms:100
[Debug] [2025-8-13 22:24:39] progress bar is 92
[Error] [2025-8-13 22:24:39] WaitForWIPFinish timeout, wait second ms:100
[Error] [2025-8-13 22:24:39] WaitForWIPFinish timeout, wait second ms:100
[Debug] [2025-8-13 22:24:39] progress bar is 96
[Debug] [2025-8-13 22:24:39] progress bar is 100
[Debug] [2025-8-13 22:24:39] end to operate flash: cmd id = 20302
[Debug] [2025-8-13 22:24:39] cmd operation Erase Outer Flash releases locker
[Debug] [2025-8-13 22:24:39] Remove the header data from the client, index : 0
[Debug] [2025-8-13 22:24:39] _total_bytes_size : 1477
[Debug] [2025-8-13 22:24:39] cmd id :20301cmd name : Program Outer Flash
[Debug] [2025-8-13 22:24:39] begin to operate flash: cmd id = 20301
[Debug] [2025-8-13 22:24:39] the idcode from the scanning is: 0x10601899
[Debug] [2025-8-13 22:24:39] the idcode from the scanning is: 0x0
[Debug] [2025-8-13 22:24:39] the idcode from the scanning is: 0x0
[Debug] [2025-8-13 22:24:39] the idcode from the scanning is: 0x0
[Debug] [2025-8-13 22:24:39] the idcode from the scanning is: 0x0
[Debug] [2025-8-13 22:24:39] the value in the status register is :81ffca0
[Debug] [2025-8-13 22:24:39] flash_id is 1c7118
[Debug] [2025-8-13 22:24:39] The value of GigaDevice status register 1 is 0x
[Debug] [2025-8-13 22:24:39] progress bar is 1
[Debug] [2025-8-13 22:24:41] progress bar is 6
[Debug] [2025-8-13 22:24:42] progress bar is 10
[Debug] [2025-8-13 22:24:44] progress bar is 15
[Debug] [2025-8-13 22:24:45] progress bar is 20
[Debug] [2025-8-13 22:24:46] progress bar is 25
[Debug] [2025-8-13 22:24:48] progress bar is 30
[Debug] [2025-8-13 22:24:49] progress bar is 35
[Debug] [2025-8-13 22:24:51] progress bar is 40
[Debug] [2025-8-13 22:24:52] progress bar is 45
[Debug] [2025-8-13 22:24:54] progress bar is 50
[Debug] [2025-8-13 22:24:55] progress bar is 55
[Debug] [2025-8-13 22:24:56] progress bar is 60
[Debug] [2025-8-13 22:24:58] progress bar is 65
[Debug] [2025-8-13 22:24:59] progress bar is 70
[Debug] [2025-8-13 22:25:01] progress bar is 75
[Debug] [2025-8-13 22:25:02] progress bar is 80
[Debug] [2025-8-13 22:25:03] progress bar is 85
[Debug] [2025-8-13 22:25:05] progress bar is 90
[Debug] [2025-8-13 22:25:06] progress bar is 95
[Debug] [2025-8-13 22:25:08] progress bar is 100
[Debug] [2025-8-13 22:25:08] end to operate flash: cmd id = 20301
[Debug] [2025-8-13 22:25:08] cmd operation Program Outer Flash releases locker
[Debug] [2025-8-13 22:25:08] Remove the header data from the client, index : 0
[Debug] [2025-8-13 22:25:08] _total_bytes_size : 1475
[Debug] [2025-8-13 22:25:08] cmd id :20303cmd name : Verify Outer Flash
[Debug] [2025-8-13 22:25:08] begin to operate flash: cmd id = 20303
[Debug] [2025-8-13 22:25:08] the idcode from the scanning is: 0x10601899
[Debug] [2025-8-13 22:25:08] the idcode from the scanning is: 0x0
[Debug] [2025-8-13 22:25:08] the idcode from the scanning is: 0x0
[Debug] [2025-8-13 22:25:08] the idcode from the scanning is: 0x0
[Debug] [2025-8-13 22:25:08] the idcode from the scanning is: 0x0
[Debug] [2025-8-13 22:25:08] the value in the status register is :81ffca0
[Debug] [2025-8-13 22:25:08] flash_id is 1c7118
[Debug] [2025-8-13 22:25:08] the value in the status register is :81ffca0
[Debug] [2025-8-13 22:25:08] progress bar is 1
[Debug] [2025-8-13 22:25:08] progress bar is 6
[Debug] [2025-8-13 22:25:08] progress bar is 10
[Debug] [2025-8-13 22:25:08] progress bar is 15
[Debug] [2025-8-13 22:25:08] progress bar is 20
[Debug] [2025-8-13 22:25:08] progress bar is 25
[Debug] [2025-8-13 22:25:09] progress bar is 30
[Debug] [2025-8-13 22:25:09] progress bar is 35
[Debug] [2025-8-13 22:25:09] progress bar is 40
[Debug] [2025-8-13 22:25:09] progress bar is 45
[Debug] [2025-8-13 22:25:09] progress bar is 50
[Debug] [2025-8-13 22:25:09] progress bar is 55
[Debug] [2025-8-13 22:25:09] progress bar is 60
[Debug] [2025-8-13 22:25:09] progress bar is 65
[Debug] [2025-8-13 22:25:09] progress bar is 70
[Debug] [2025-8-13 22:25:09] progress bar is 75
[Debug] [2025-8-13 22:25:09] progress bar is 80
[Debug] [2025-8-13 22:25:10] progress bar is 85
[Debug] [2025-8-13 22:25:10] progress bar is 90
[Debug] [2025-8-13 22:25:10] progress bar is 95
[Debug] [2025-8-13 22:25:10] progress bar is 100
[Debug] [2025-8-13 22:25:10] end to operate flash: cmd id = 20303
[Debug] [2025-8-13 22:25:10] cmd operation Verify Outer Flash releases locker
[Debug] [2025-8-13 22:53:56] Remove the header data from the client, index : 0
[Debug] [2025-8-13 22:53:56] _total_bytes_size : 1480
[Debug] [2025-8-13 22:53:56] cmd id :20302cmd name : Erase Outer Flash
[Debug] [2025-8-13 22:53:56] begin to operate flash: cmd id = 20302
[Debug] [2025-8-13 22:53:56] the idcode from the scanning is: 0x10601899
[Debug] [2025-8-13 22:53:56] the idcode from the scanning is: 0x0
[Debug] [2025-8-13 22:53:56] the idcode from the scanning is: 0x0
[Debug] [2025-8-13 22:53:56] the idcode from the scanning is: 0x0
[Debug] [2025-8-13 22:53:56] the idcode from the scanning is: 0x0
[Debug] [2025-8-13 22:53:56] the value in the status register is :81ffca0
[Debug] [2025-8-13 22:53:56] flash_id is 1c7118
[Debug] [2025-8-13 22:53:56] the value in the status register is :81ffca0
[Debug] [2025-8-13 22:53:56] progress bar is 1
[Error] [2025-8-13 22:53:56] WaitForWIPFinish timeout, wait second ms:100
[Error] [2025-8-13 22:53:56] WaitForWIPFinish timeout, wait second ms:100
[Error] [2025-8-13 22:53:56] WaitForWIPFinish timeout, wait second ms:100
[Error] [2025-8-13 22:53:56] WaitForWIPFinish timeout, wait second ms:100
[Error] [2025-8-13 22:53:56] WaitForWIPFinish timeout, wait second ms:100
[Error] [2025-8-13 22:53:57] WaitForWIPFinish timeout, wait second ms:100
[Error] [2025-8-13 22:53:57] WaitForWIPFinish timeout, wait second ms:100
[Error] [2025-8-13 22:53:57] WaitForWIPFinish timeout, wait second ms:100
[Debug] [2025-8-13 22:53:57] progress bar is 7
[Error] [2025-8-13 22:53:57] WaitForWIPFinish timeout, wait second ms:100
[Error] [2025-8-13 22:53:57] WaitForWIPFinish timeout, wait second ms:100
[Debug] [2025-8-13 22:53:57] progress bar is 10
[Error] [2025-8-13 22:53:57] WaitForWIPFinish timeout, wait second ms:100
[Error] [2025-8-13 22:53:57] WaitForWIPFinish timeout, wait second ms:100
[Error] [2025-8-13 22:53:58] WaitForWIPFinish timeout, wait second ms:100
[Error] [2025-8-13 22:53:58] WaitForWIPFinish timeout, wait second ms:100
[Error] [2025-8-13 22:53:58] WaitForWIPFinish timeout, wait second ms:100
[Debug] [2025-8-13 22:53:58] progress bar is 17
[Error] [2025-8-13 22:53:58] WaitForWIPFinish timeout, wait second ms:100
[Error] [2025-8-13 22:53:58] WaitForWIPFinish timeout, wait second ms:100
[Debug] [2025-8-13 22:53:58] progress bar is 21
[Error] [2025-8-13 22:53:58] WaitForWIPFinish timeout, wait second ms:100
[Error] [2025-8-13 22:53:59] WaitForWIPFinish timeout, wait second ms:100
[Debug] [2025-8-13 22:53:59] progress bar is 25
[Error] [2025-8-13 22:53:59] WaitForWIPFinish timeout, wait second ms:100
[Error] [2025-8-13 22:53:59] WaitForWIPFinish timeout, wait second ms:100
[Debug] [2025-8-13 22:53:59] Remove the header data from the client, index : 0
[Debug] [2025-8-13 22:53:59] _total_bytes_size : 92
[Debug] [2025-8-13 22:53:59] cmd id :40005cmd name : Abort Process
[Error] [2025-8-13 22:53:59] WaitForWIPFinish timeout, wait second ms:100
[Error] [2025-8-13 22:53:59] WaitForWIPFinish timeout, wait second ms:100
[Debug] [2025-8-13 22:53:59] progress bar is 100
[Debug] [2025-8-13 22:53:59] end to operate flash: cmd id = 20302
[Debug] [2025-8-13 22:53:59] cmd operation Erase Outer Flash releases locker
[Info] [2025-8-15 17:45:15] /***************************Start jtagserver***************************/
[Info] [2025-8-15 17:45:15] Path: C:/pango/PDS_2022.2-SP6.4/bin
[Info] [2025-8-15 17:45:15] Version: 146967
[Debug] [2025-8-15 17:45:16] Add a new user_thread, socket descriptor is 1172 user_thread id is 0000000000002D88
[Debug] [2025-8-15 17:45:16] After adding, map size is : 1
[Debug] [2025-8-15 17:45:16] Add a new user_thread, socket descriptor is 972 user_thread id is 0000000000002D88
[Debug] [2025-8-15 17:45:16] After adding, map size is : 2
[Debug] [2025-8-15 17:45:16] IP address of connecting client is : ::ffff:127.0.0.1
[Debug] [2025-8-15 17:45:16] IP address of connecting client is : ::ffff:127.0.0.1
[Debug] [2025-8-15 17:45:16] Remove the header data from the client, index : 0
[Debug] [2025-8-15 17:45:16] _total_bytes_size : 160
[Debug] [2025-8-15 17:45:16] Remove the header data from the client, index : 0
[Debug] [2025-8-15 17:45:16] _total_bytes_size : 96
[Debug] [2025-8-15 17:45:16] cmd id :40010cmd name : get_cable_paras
[Debug] [2025-8-15 17:45:17] cmd operation get_cable_paras releases locker
[Debug] [2025-8-15 17:45:17] Remove the header data from the client, index : 0
[Debug] [2025-8-15 17:45:17] _total_bytes_size : 101
[Debug] [2025-8-15 17:45:17] cmd id :20001cmd name : Open config cable
[Debug] [2025-8-15 17:45:17] the idcode from the scanning is: 0x10601899
[Debug] [2025-8-15 17:45:17] the idcode from the scanning is: 0x0
[Debug] [2025-8-15 17:45:17] the idcode from the scanning is: 0x0
[Debug] [2025-8-15 17:45:17] the idcode from the scanning is: 0x0
[Debug] [2025-8-15 17:45:17] the idcode from the scanning is: 0x0
[Debug] [2025-8-15 17:45:17] cmd operation Open config cable releases locker
[Debug] [2025-8-15 17:45:20] Remove the header data from the client, index : 0
[Debug] [2025-8-15 17:45:20] _total_bytes_size : 3f9
[Debug] [2025-8-15 17:45:20] cmd id :4f4ccmd name : Scan Outer SPI Flash
[Debug] [2025-8-15 17:45:21] the idcode from the scanning is: 0x10601899
[Debug] [2025-8-15 17:45:21] the idcode from the scanning is: 0x0
[Debug] [2025-8-15 17:45:21] the idcode from the scanning is: 0x0
[Debug] [2025-8-15 17:45:21] the idcode from the scanning is: 0x0
[Debug] [2025-8-15 17:45:21] the idcode from the scanning is: 0x0
[Debug] [2025-8-15 17:45:21] the value in the status register is :81ffca0
[Debug] [2025-8-15 17:45:21] flash_id is 1c7118
[Debug] [2025-8-15 17:45:21] cmd operation Scan Outer SPI Flash releases locker
[Debug] [2025-8-15 17:45:33] Remove the header data from the client, index : 0
[Debug] [2025-8-15 17:45:33] _total_bytes_size : 604
[Debug] [2025-8-15 17:45:33] cmd id :4f4ecmd name : Erase Outer Flash
[Debug] [2025-8-15 17:45:33] begin to operate flash: cmd id = 4f4e
[Debug] [2025-8-15 17:45:33] the idcode from the scanning is: 0x10601899
[Debug] [2025-8-15 17:45:33] the idcode from the scanning is: 0x0
[Debug] [2025-8-15 17:45:33] the idcode from the scanning is: 0x0
[Debug] [2025-8-15 17:45:33] the idcode from the scanning is: 0x0
[Debug] [2025-8-15 17:45:33] the idcode from the scanning is: 0x0
[Debug] [2025-8-15 17:45:33] the value in the status register is :81ffca0
[Debug] [2025-8-15 17:45:33] flash_id is 1c7118
[Debug] [2025-8-15 17:45:33] the value in the status register is :81ffca0
[Debug] [2025-8-15 17:45:33] progress bar is 1
[Error] [2025-8-15 17:45:33] WaitForWIPFinish timeout, wait second ms:100
[Error] [2025-8-15 17:45:33] WaitForWIPFinish timeout, wait second ms:100
[Error] [2025-8-15 17:45:34] WaitForWIPFinish timeout, wait second ms:100
[Error] [2025-8-15 17:45:34] WaitForWIPFinish timeout, wait second ms:100
[Error] [2025-8-15 17:45:34] WaitForWIPFinish timeout, wait second ms:100
[Error] [2025-8-15 17:45:34] WaitForWIPFinish timeout, wait second ms:100
[Error] [2025-8-15 17:45:34] WaitForWIPFinish timeout, wait second ms:100
[Error] [2025-8-15 17:45:34] WaitForWIPFinish timeout, wait second ms:100
[Debug] [2025-8-15 17:45:34] progress bar is 7
[Error] [2025-8-15 17:45:35] WaitForWIPFinish timeout, wait second ms:100
[Error] [2025-8-15 17:45:35] WaitForWIPFinish timeout, wait second ms:100
[Debug] [2025-8-15 17:45:35] progress bar is 10
[Error] [2025-8-15 17:45:35] WaitForWIPFinish timeout, wait second ms:100
[Error] [2025-8-15 17:45:35] WaitForWIPFinish timeout, wait second ms:100
[Error] [2025-8-15 17:45:35] WaitForWIPFinish timeout, wait second ms:100
[Error] [2025-8-15 17:45:35] WaitForWIPFinish timeout, wait second ms:100
[Error] [2025-8-15 17:45:35] WaitForWIPFinish timeout, wait second ms:100
[Debug] [2025-8-15 17:45:35] progress bar is 17
[Error] [2025-8-15 17:45:36] WaitForWIPFinish timeout, wait second ms:100
[Error] [2025-8-15 17:45:36] WaitForWIPFinish timeout, wait second ms:100
[Debug] [2025-8-15 17:45:36] progress bar is 21
[Error] [2025-8-15 17:45:36] WaitForWIPFinish timeout, wait second ms:100
[Error] [2025-8-15 17:45:36] WaitForWIPFinish timeout, wait second ms:100
[Debug] [2025-8-15 17:45:36] progress bar is 25
[Error] [2025-8-15 17:45:36] WaitForWIPFinish timeout, wait second ms:100
[Error] [2025-8-15 17:45:36] WaitForWIPFinish timeout, wait second ms:100
[Error] [2025-8-15 17:45:36] WaitForWIPFinish timeout, wait second ms:100
[Error] [2025-8-15 17:45:37] WaitForWIPFinish timeout, wait second ms:100
[Error] [2025-8-15 17:45:37] WaitForWIPFinish timeout, wait second ms:100
[Debug] [2025-8-15 17:45:37] progress bar is 32
[Error] [2025-8-15 17:45:37] WaitForWIPFinish timeout, wait second ms:100
[Error] [2025-8-15 17:45:37] WaitForWIPFinish timeout, wait second ms:100
[Debug] [2025-8-15 17:45:37] progress bar is 35
[Error] [2025-8-15 17:45:37] WaitForWIPFinish timeout, wait second ms:100
[Error] [2025-8-15 17:45:37] WaitForWIPFinish timeout, wait second ms:100
[Error] [2025-8-15 17:45:38] WaitForWIPFinish timeout, wait second ms:100
[Error] [2025-8-15 17:45:38] WaitForWIPFinish timeout, wait second ms:100
[Error] [2025-8-15 17:45:38] WaitForWIPFinish timeout, wait second ms:100
[Debug] [2025-8-15 17:45:38] progress bar is 42
[Error] [2025-8-15 17:45:38] WaitForWIPFinish timeout, wait second ms:100
[Error] [2025-8-15 17:45:38] WaitForWIPFinish timeout, wait second ms:100
[Debug] [2025-8-15 17:45:38] progress bar is 46
[Error] [2025-8-15 17:45:38] WaitForWIPFinish timeout, wait second ms:100
[Error] [2025-8-15 17:45:38] WaitForWIPFinish timeout, wait second ms:100
[Debug] [2025-8-15 17:45:39] progress bar is 50
[Error] [2025-8-15 17:45:39] WaitForWIPFinish timeout, wait second ms:100
[Error] [2025-8-15 17:45:39] WaitForWIPFinish timeout, wait second ms:100
[Error] [2025-8-15 17:45:39] WaitForWIPFinish timeout, wait second ms:100
[Error] [2025-8-15 17:45:39] WaitForWIPFinish timeout, wait second ms:100
[Error] [2025-8-15 17:45:39] WaitForWIPFinish timeout, wait second ms:100
[Error] [2025-8-15 17:45:39] WaitForWIPFinish timeout, wait second ms:100
[Debug] [2025-8-15 17:45:39] progress bar is 57
[Error] [2025-8-15 17:45:40] WaitForWIPFinish timeout, wait second ms:100
[Error] [2025-8-15 17:45:40] WaitForWIPFinish timeout, wait second ms:100
[Debug] [2025-8-15 17:45:40] progress bar is 60
[Error] [2025-8-15 17:45:40] WaitForWIPFinish timeout, wait second ms:100
[Error] [2025-8-15 17:45:40] WaitForWIPFinish timeout, wait second ms:100
[Error] [2025-8-15 17:45:40] WaitForWIPFinish timeout, wait second ms:100
[Error] [2025-8-15 17:45:40] WaitForWIPFinish timeout, wait second ms:100
[Debug] [2025-8-15 17:45:40] progress bar is 67
[Error] [2025-8-15 17:45:40] WaitForWIPFinish timeout, wait second ms:100
[Error] [2025-8-15 17:45:41] WaitForWIPFinish timeout, wait second ms:100
[Debug] [2025-8-15 17:45:41] progress bar is 71
[Error] [2025-8-15 17:45:41] WaitForWIPFinish timeout, wait second ms:100
[Error] [2025-8-15 17:45:41] WaitForWIPFinish timeout, wait second ms:100
[Debug] [2025-8-15 17:45:41] progress bar is 75
[Error] [2025-8-15 17:45:41] WaitForWIPFinish timeout, wait second ms:100
[Error] [2025-8-15 17:45:41] WaitForWIPFinish timeout, wait second ms:100
[Error] [2025-8-15 17:45:41] WaitForWIPFinish timeout, wait second ms:100
[Error] [2025-8-15 17:45:42] WaitForWIPFinish timeout, wait second ms:100
[Debug] [2025-8-15 17:45:42] progress bar is 82
[Error] [2025-8-15 17:45:42] WaitForWIPFinish timeout, wait second ms:100
[Error] [2025-8-15 17:45:42] WaitForWIPFinish timeout, wait second ms:100
[Debug] [2025-8-15 17:45:42] progress bar is 85
[Error] [2025-8-15 17:45:42] WaitForWIPFinish timeout, wait second ms:100
[Error] [2025-8-15 17:45:42] WaitForWIPFinish timeout, wait second ms:100
[Error] [2025-8-15 17:45:42] WaitForWIPFinish timeout, wait second ms:100
[Error] [2025-8-15 17:45:43] WaitForWIPFinish timeout, wait second ms:100
[Debug] [2025-8-15 17:45:43] progress bar is 92
[Error] [2025-8-15 17:45:43] WaitForWIPFinish timeout, wait second ms:100
[Error] [2025-8-15 17:45:43] WaitForWIPFinish timeout, wait second ms:100
[Debug] [2025-8-15 17:45:43] progress bar is 96
[Debug] [2025-8-15 17:45:43] progress bar is 100
[Debug] [2025-8-15 17:45:43] end to operate flash: cmd id = 20302
[Debug] [2025-8-15 17:45:43] cmd operation Erase Outer Flash releases locker
[Debug] [2025-8-15 17:45:43] Remove the header data from the client, index : 0
[Debug] [2025-8-15 17:45:43] _total_bytes_size : 1537
[Debug] [2025-8-15 17:45:43] cmd id :20301cmd name : Program Outer Flash
[Debug] [2025-8-15 17:45:43] begin to operate flash: cmd id = 20301
[Debug] [2025-8-15 17:45:43] the idcode from the scanning is: 0x10601899
[Debug] [2025-8-15 17:45:43] the idcode from the scanning is: 0x0
[Debug] [2025-8-15 17:45:43] the idcode from the scanning is: 0x0
[Debug] [2025-8-15 17:45:43] the idcode from the scanning is: 0x0
[Debug] [2025-8-15 17:45:43] the idcode from the scanning is: 0x0
[Debug] [2025-8-15 17:45:43] the value in the status register is :81ffca0
[Debug] [2025-8-15 17:45:43] flash_id is 1c7118
[Debug] [2025-8-15 17:45:43] The value of GigaDevice status register 1 is 0x
[Debug] [2025-8-15 17:45:43] progress bar is 1
[Debug] [2025-8-15 17:45:45] progress bar is 6
[Debug] [2025-8-15 17:45:46] progress bar is 10
[Debug] [2025-8-15 17:45:47] progress bar is 15
[Debug] [2025-8-15 17:45:49] progress bar is 20
[Debug] [2025-8-15 17:45:50] progress bar is 25
[Debug] [2025-8-15 17:45:52] progress bar is 30
[Debug] [2025-8-15 17:45:53] progress bar is 35
[Debug] [2025-8-15 17:45:54] progress bar is 40
[Debug] [2025-8-15 17:45:56] progress bar is 45
[Debug] [2025-8-15 17:45:57] progress bar is 50
[Debug] [2025-8-15 17:45:59] progress bar is 55
[Debug] [2025-8-15 17:46:00] progress bar is 60
[Debug] [2025-8-15 17:46:01] progress bar is 65
[Debug] [2025-8-15 17:46:03] progress bar is 70
[Debug] [2025-8-15 17:46:04] progress bar is 75
[Debug] [2025-8-15 17:46:06] progress bar is 80
[Debug] [2025-8-15 17:46:07] progress bar is 85
[Debug] [2025-8-15 17:46:08] progress bar is 90
[Debug] [2025-8-15 17:46:10] progress bar is 95
[Debug] [2025-8-15 17:46:11] progress bar is 100
[Debug] [2025-8-15 17:46:11] end to operate flash: cmd id = 20301
[Debug] [2025-8-15 17:46:11] cmd operation Program Outer Flash releases locker
[Debug] [2025-8-15 17:46:11] Remove the header data from the client, index : 0
[Debug] [2025-8-15 17:46:11] _total_bytes_size : 1535
[Debug] [2025-8-15 17:46:11] cmd id :20303cmd name : Verify Outer Flash
[Debug] [2025-8-15 17:46:11] begin to operate flash: cmd id = 20303
[Debug] [2025-8-15 17:46:12] the idcode from the scanning is: 0x10601899
[Debug] [2025-8-15 17:46:12] the idcode from the scanning is: 0x0
[Debug] [2025-8-15 17:46:12] the idcode from the scanning is: 0x0
[Debug] [2025-8-15 17:46:12] the idcode from the scanning is: 0x0
[Debug] [2025-8-15 17:46:12] the idcode from the scanning is: 0x0
[Debug] [2025-8-15 17:46:12] the value in the status register is :81ffca0
[Debug] [2025-8-15 17:46:12] flash_id is 1c7118
[Debug] [2025-8-15 17:46:12] the value in the status register is :81ffca0
[Debug] [2025-8-15 17:46:12] progress bar is 1
[Debug] [2025-8-15 17:46:12] progress bar is 6
[Debug] [2025-8-15 17:46:12] progress bar is 10
[Debug] [2025-8-15 17:46:12] progress bar is 15
[Debug] [2025-8-15 17:46:12] progress bar is 20
[Debug] [2025-8-15 17:46:12] progress bar is 25
[Debug] [2025-8-15 17:46:12] progress bar is 30
[Debug] [2025-8-15 17:46:12] progress bar is 35
[Debug] [2025-8-15 17:46:12] progress bar is 40
[Debug] [2025-8-15 17:46:12] progress bar is 45
[Debug] [2025-8-15 17:46:13] progress bar is 50
[Debug] [2025-8-15 17:46:13] progress bar is 55
[Debug] [2025-8-15 17:46:13] progress bar is 60
[Debug] [2025-8-15 17:46:13] progress bar is 65
[Debug] [2025-8-15 17:46:13] progress bar is 70
[Debug] [2025-8-15 17:46:13] progress bar is 75
[Debug] [2025-8-15 17:46:13] progress bar is 80
[Debug] [2025-8-15 17:46:13] progress bar is 85
[Debug] [2025-8-15 17:46:13] progress bar is 90
[Debug] [2025-8-15 17:46:13] progress bar is 95
[Debug] [2025-8-15 17:46:13] progress bar is 100
[Debug] [2025-8-15 17:46:14] end to operate flash: cmd id = 20303
[Debug] [2025-8-15 17:46:14] cmd operation Verify Outer Flash releases locker
[Info] [2025-10-16 16:24:27] /***************************Start jtagserver***************************/
[Info] [2025-10-16 16:24:27] Path: C:/pango/PDS_2022.2-SP6.4/bin
[Info] [2025-10-16 16:24:27] Version: 146967
[Debug] [2025-10-16 16:24:28] Add a new user_thread, socket descriptor is 1116 user_thread id is 0000000000007AB0
[Debug] [2025-10-16 16:24:28] After adding, map size is : 1
[Debug] [2025-10-16 16:24:28] Add a new user_thread, socket descriptor is 1032 user_thread id is 0000000000007AB0
[Debug] [2025-10-16 16:24:28] After adding, map size is : 2
[Debug] [2025-10-16 16:24:28] IP address of connecting client is : ::ffff:127.0.0.1
[Debug] [2025-10-16 16:24:28] IP address of connecting client is : ::ffff:127.0.0.1
[Debug] [2025-10-16 16:24:28] Remove the header data from the client, index : 0
[Debug] [2025-10-16 16:24:28] _total_bytes_size : 160
[Debug] [2025-10-16 16:24:28] Remove the header data from the client, index : 0
[Debug] [2025-10-16 16:24:28] _total_bytes_size : 96
[Debug] [2025-10-16 16:24:28] cmd id :40010cmd name : get_cable_paras
[Debug] [2025-10-16 16:24:29] cmd operation get_cable_paras releases locker
[Debug] [2025-10-16 16:24:29] Remove the header data from the client, index : 0
[Debug] [2025-10-16 16:24:29] _total_bytes_size : 101
[Debug] [2025-10-16 16:24:29] cmd id :20001cmd name : Open config cable
[Debug] [2025-10-16 16:24:29] the idcode from the scanning is: 0x10601899
[Debug] [2025-10-16 16:24:29] the idcode from the scanning is: 0x0
[Debug] [2025-10-16 16:24:29] the idcode from the scanning is: 0x0
[Debug] [2025-10-16 16:24:29] the idcode from the scanning is: 0x0
[Debug] [2025-10-16 16:24:29] the idcode from the scanning is: 0x0
[Debug] [2025-10-16 16:24:29] cmd operation Open config cable releases locker
[Debug] [2025-10-16 16:24:32] Remove the header data from the client, index : 0
[Debug] [2025-10-16 16:24:32] _total_bytes_size : 355
[Debug] [2025-10-16 16:24:32] cmd id :4f4ccmd name : Scan Outer SPI Flash
[Debug] [2025-10-16 16:24:32] the idcode from the scanning is: 0x10601899
[Debug] [2025-10-16 16:24:32] the idcode from the scanning is: 0x0
[Debug] [2025-10-16 16:24:32] the idcode from the scanning is: 0x0
[Debug] [2025-10-16 16:24:32] the idcode from the scanning is: 0x0
[Debug] [2025-10-16 16:24:32] the idcode from the scanning is: 0x0
[Debug] [2025-10-16 16:24:32] the value in the status register is :81ffca0
[Debug] [2025-10-16 16:24:32] flash_id is 1c7118
[Debug] [2025-10-16 16:24:32] cmd operation Scan Outer SPI Flash releases locker
[Debug] [2025-10-16 16:24:34] Remove the header data from the client, index : 0
[Debug] [2025-10-16 16:24:34] _total_bytes_size : 50e
[Debug] [2025-10-16 16:24:34] cmd id :4f4ecmd name : Erase Outer Flash
[Debug] [2025-10-16 16:24:34] begin to operate flash: cmd id = 4f4e
[Debug] [2025-10-16 16:24:35] the idcode from the scanning is: 0x10601899
[Debug] [2025-10-16 16:24:35] the idcode from the scanning is: 0x0
[Debug] [2025-10-16 16:24:35] the idcode from the scanning is: 0x0
[Debug] [2025-10-16 16:24:35] the idcode from the scanning is: 0x0
[Debug] [2025-10-16 16:24:35] the idcode from the scanning is: 0x0
[Debug] [2025-10-16 16:24:35] the value in the status register is :81ffca0
[Debug] [2025-10-16 16:24:35] flash_id is 1c7118
[Debug] [2025-10-16 16:24:35] the value in the status register is :81ffca0
[Debug] [2025-10-16 16:24:35] progress bar is 1
[Error] [2025-10-16 16:24:35] WaitForWIPFinish timeout, wait second ms:100
[Error] [2025-10-16 16:24:35] WaitForWIPFinish timeout, wait second ms:100
[Error] [2025-10-16 16:24:35] WaitForWIPFinish timeout, wait second ms:100
[Error] [2025-10-16 16:24:35] WaitForWIPFinish timeout, wait second ms:100
[Error] [2025-10-16 16:24:35] WaitForWIPFinish timeout, wait second ms:100
[Error] [2025-10-16 16:24:36] WaitForWIPFinish timeout, wait second ms:100
[Error] [2025-10-16 16:24:36] WaitForWIPFinish timeout, wait second ms:100
[Debug] [2025-10-16 16:24:36] progress bar is 6
[Error] [2025-10-16 16:24:36] WaitForWIPFinish timeout, wait second ms:100
[Error] [2025-10-16 16:24:36] WaitForWIPFinish timeout, wait second ms:100
[Debug] [2025-10-16 16:24:36] progress bar is 10
[Error] [2025-10-16 16:24:36] WaitForWIPFinish timeout, wait second ms:100
[Error] [2025-10-16 16:24:36] WaitForWIPFinish timeout, wait second ms:100
[Error] [2025-10-16 16:24:36] WaitForWIPFinish timeout, wait second ms:100
[Error] [2025-10-16 16:24:37] WaitForWIPFinish timeout, wait second ms:100
[Debug] [2025-10-16 16:24:37] progress bar is 16
[Error] [2025-10-16 16:24:37] WaitForWIPFinish timeout, wait second ms:100
[Error] [2025-10-16 16:24:37] WaitForWIPFinish timeout, wait second ms:100
[Debug] [2025-10-16 16:24:37] progress bar is 20
[Error] [2025-10-16 16:24:37] WaitForWIPFinish timeout, wait second ms:100
[Error] [2025-10-16 16:24:37] WaitForWIPFinish timeout, wait second ms:100
[Error] [2025-10-16 16:24:37] WaitForWIPFinish timeout, wait second ms:100
[Error] [2025-10-16 16:24:38] WaitForWIPFinish timeout, wait second ms:100
[Error] [2025-10-16 16:24:38] WaitForWIPFinish timeout, wait second ms:100
[Debug] [2025-10-16 16:24:38] progress bar is 26
[Error] [2025-10-16 16:24:38] WaitForWIPFinish timeout, wait second ms:100
[Error] [2025-10-16 16:24:38] WaitForWIPFinish timeout, wait second ms:100
[Debug] [2025-10-16 16:24:38] progress bar is 30
[Error] [2025-10-16 16:24:38] WaitForWIPFinish timeout, wait second ms:100
[Error] [2025-10-16 16:24:38] WaitForWIPFinish timeout, wait second ms:100
[Error] [2025-10-16 16:24:38] WaitForWIPFinish timeout, wait second ms:100
[Error] [2025-10-16 16:24:39] WaitForWIPFinish timeout, wait second ms:100
[Debug] [2025-10-16 16:24:39] progress bar is 36
[Error] [2025-10-16 16:24:39] WaitForWIPFinish timeout, wait second ms:100
[Error] [2025-10-16 16:24:39] WaitForWIPFinish timeout, wait second ms:100
[Error] [2025-10-16 16:24:39] WaitForWIPFinish timeout, wait second ms:100
[Debug] [2025-10-16 16:24:39] progress bar is 40
[Error] [2025-10-16 16:24:39] WaitForWIPFinish timeout, wait second ms:100
[Error] [2025-10-16 16:24:39] WaitForWIPFinish timeout, wait second ms:100
[Error] [2025-10-16 16:24:39] WaitForWIPFinish timeout, wait second ms:100
[Error] [2025-10-16 16:24:40] WaitForWIPFinish timeout, wait second ms:100
[Error] [2025-10-16 16:24:40] WaitForWIPFinish timeout, wait second ms:100
[Debug] [2025-10-16 16:24:40] progress bar is 46
[Error] [2025-10-16 16:24:40] WaitForWIPFinish timeout, wait second ms:100
[Error] [2025-10-16 16:24:40] WaitForWIPFinish timeout, wait second ms:100
[Debug] [2025-10-16 16:24:40] progress bar is 50
[Error] [2025-10-16 16:24:40] WaitForWIPFinish timeout, wait second ms:100
[Error] [2025-10-16 16:24:40] WaitForWIPFinish timeout, wait second ms:100
[Error] [2025-10-16 16:24:41] WaitForWIPFinish timeout, wait second ms:100
[Error] [2025-10-16 16:24:41] WaitForWIPFinish timeout, wait second ms:100
[Error] [2025-10-16 16:24:41] WaitForWIPFinish timeout, wait second ms:100
[Debug] [2025-10-16 16:24:41] progress bar is 56
[Error] [2025-10-16 16:24:41] WaitForWIPFinish timeout, wait second ms:100
[Error] [2025-10-16 16:24:41] WaitForWIPFinish timeout, wait second ms:100
[Debug] [2025-10-16 16:24:41] progress bar is 60
[Error] [2025-10-16 16:24:41] WaitForWIPFinish timeout, wait second ms:100
[Error] [2025-10-16 16:24:41] WaitForWIPFinish timeout, wait second ms:100
[Error] [2025-10-16 16:24:42] WaitForWIPFinish timeout, wait second ms:100
[Error] [2025-10-16 16:24:42] WaitForWIPFinish timeout, wait second ms:100
[Debug] [2025-10-16 16:24:42] progress bar is 66
[Error] [2025-10-16 16:24:42] WaitForWIPFinish timeout, wait second ms:100
[Error] [2025-10-16 16:24:42] WaitForWIPFinish timeout, wait second ms:100
[Debug] [2025-10-16 16:24:42] progress bar is 70
[Error] [2025-10-16 16:24:42] WaitForWIPFinish timeout, wait second ms:100
[Error] [2025-10-16 16:24:42] WaitForWIPFinish timeout, wait second ms:100
[Error] [2025-10-16 16:24:43] WaitForWIPFinish timeout, wait second ms:100
[Error] [2025-10-16 16:24:43] WaitForWIPFinish timeout, wait second ms:100
[Debug] [2025-10-16 16:24:43] progress bar is 76
[Error] [2025-10-16 16:24:43] WaitForWIPFinish timeout, wait second ms:100
[Error] [2025-10-16 16:24:43] WaitForWIPFinish timeout, wait second ms:100
[Debug] [2025-10-16 16:24:43] progress bar is 80
[Error] [2025-10-16 16:24:43] WaitForWIPFinish timeout, wait second ms:100
[Error] [2025-10-16 16:24:43] WaitForWIPFinish timeout, wait second ms:100
[Error] [2025-10-16 16:24:44] WaitForWIPFinish timeout, wait second ms:100
[Error] [2025-10-16 16:24:44] WaitForWIPFinish timeout, wait second ms:100
[Debug] [2025-10-16 16:24:44] progress bar is 86
[Error] [2025-10-16 16:24:44] WaitForWIPFinish timeout, wait second ms:100
[Error] [2025-10-16 16:24:44] WaitForWIPFinish timeout, wait second ms:100
[Debug] [2025-10-16 16:24:44] progress bar is 90
[Error] [2025-10-16 16:24:44] WaitForWIPFinish timeout, wait second ms:100
[Error] [2025-10-16 16:24:44] WaitForWIPFinish timeout, wait second ms:100
[Error] [2025-10-16 16:24:45] WaitForWIPFinish timeout, wait second ms:100
[Error] [2025-10-16 16:24:45] WaitForWIPFinish timeout, wait second ms:100
[Error] [2025-10-16 16:24:45] WaitForWIPFinish timeout, wait second ms:100
[Debug] [2025-10-16 16:24:45] progress bar is 96
[Debug] [2025-10-16 16:24:45] progress bar is 100
[Debug] [2025-10-16 16:24:45] end to operate flash: cmd id = 20302
[Debug] [2025-10-16 16:24:45] cmd operation Erase Outer Flash releases locker
[Debug] [2025-10-16 16:24:45] Remove the header data from the client, index : 0
[Debug] [2025-10-16 16:24:45] _total_bytes_size : 1291
[Debug] [2025-10-16 16:24:45] cmd id :20301cmd name : Program Outer Flash
[Debug] [2025-10-16 16:24:45] begin to operate flash: cmd id = 20301
[Debug] [2025-10-16 16:24:45] the idcode from the scanning is: 0x10601899
[Debug] [2025-10-16 16:24:45] the idcode from the scanning is: 0x0
[Debug] [2025-10-16 16:24:45] the idcode from the scanning is: 0x0
[Debug] [2025-10-16 16:24:45] the idcode from the scanning is: 0x0
[Debug] [2025-10-16 16:24:45] the idcode from the scanning is: 0x0
[Debug] [2025-10-16 16:24:45] the value in the status register is :81ffca0
[Debug] [2025-10-16 16:24:45] flash_id is 1c7118
[Debug] [2025-10-16 16:24:45] The value of GigaDevice status register 1 is 0x
[Debug] [2025-10-16 16:24:45] progress bar is 1
[Debug] [2025-10-16 16:24:47] progress bar is 6
[Debug] [2025-10-16 16:24:48] progress bar is 10
[Debug] [2025-10-16 16:24:50] progress bar is 15
[Debug] [2025-10-16 16:24:51] progress bar is 20
[Debug] [2025-10-16 16:24:53] progress bar is 25
[Debug] [2025-10-16 16:24:54] progress bar is 30
[Debug] [2025-10-16 16:24:56] progress bar is 35
[Debug] [2025-10-16 16:24:57] progress bar is 40
[Debug] [2025-10-16 16:24:59] progress bar is 45
[Debug] [2025-10-16 16:25:00] progress bar is 50
[Debug] [2025-10-16 16:25:02] progress bar is 55
[Debug] [2025-10-16 16:25:03] progress bar is 60
[Debug] [2025-10-16 16:25:05] progress bar is 65
[Debug] [2025-10-16 16:25:06] progress bar is 70
[Debug] [2025-10-16 16:25:08] progress bar is 75
[Debug] [2025-10-16 16:25:10] progress bar is 80
[Debug] [2025-10-16 16:25:11] progress bar is 85
[Debug] [2025-10-16 16:25:13] progress bar is 90
[Debug] [2025-10-16 16:25:14] progress bar is 95
[Debug] [2025-10-16 16:25:16] progress bar is 100
[Debug] [2025-10-16 16:25:16] end to operate flash: cmd id = 20301
[Debug] [2025-10-16 16:25:16] cmd operation Program Outer Flash releases locker
[Debug] [2025-10-16 16:25:16] Remove the header data from the client, index : 0
[Debug] [2025-10-16 16:25:16] _total_bytes_size : 1289
[Debug] [2025-10-16 16:25:16] cmd id :20303cmd name : Verify Outer Flash
[Debug] [2025-10-16 16:25:16] begin to operate flash: cmd id = 20303
[Debug] [2025-10-16 16:25:16] the idcode from the scanning is: 0x10601899
[Debug] [2025-10-16 16:25:16] the idcode from the scanning is: 0x0
[Debug] [2025-10-16 16:25:16] the idcode from the scanning is: 0x0
[Debug] [2025-10-16 16:25:16] the idcode from the scanning is: 0x0
[Debug] [2025-10-16 16:25:16] the idcode from the scanning is: 0x0
[Debug] [2025-10-16 16:25:16] the value in the status register is :81ffca0
[Debug] [2025-10-16 16:25:16] flash_id is 1c7118
[Debug] [2025-10-16 16:25:16] the value in the status register is :81ffca0
[Debug] [2025-10-16 16:25:16] progress bar is 1
[Debug] [2025-10-16 16:25:16] progress bar is 6
[Debug] [2025-10-16 16:25:16] progress bar is 10
[Debug] [2025-10-16 16:25:16] progress bar is 15
[Debug] [2025-10-16 16:25:16] progress bar is 20
[Debug] [2025-10-16 16:25:16] progress bar is 25
[Debug] [2025-10-16 16:25:17] progress bar is 30
[Debug] [2025-10-16 16:25:17] progress bar is 35
[Debug] [2025-10-16 16:25:17] progress bar is 40
[Debug] [2025-10-16 16:25:17] progress bar is 45
[Debug] [2025-10-16 16:25:17] progress bar is 50
[Debug] [2025-10-16 16:25:17] progress bar is 55
[Debug] [2025-10-16 16:25:17] progress bar is 60
[Debug] [2025-10-16 16:25:17] progress bar is 65
[Debug] [2025-10-16 16:25:17] progress bar is 70
[Debug] [2025-10-16 16:25:17] progress bar is 75
[Debug] [2025-10-16 16:25:17] progress bar is 80
[Debug] [2025-10-16 16:25:18] progress bar is 85
[Debug] [2025-10-16 16:25:18] progress bar is 90
[Debug] [2025-10-16 16:25:18] progress bar is 95
[Debug] [2025-10-16 16:25:18] progress bar is 100
[Debug] [2025-10-16 16:25:18] end to operate flash: cmd id = 20303
[Debug] [2025-10-16 16:25:18] cmd operation Verify Outer Flash releases locker
[Debug] [2025-10-16 16:32:36] Remove the header data from the client, index : 0
[Debug] [2025-10-16 16:32:36] _total_bytes_size : 853
[Debug] [2025-10-16 16:32:36] cmd id :20300cmd name : Scan Outer SPI Flash
[Debug] [2025-10-16 16:32:36] the idcode from the scanning is: 0x10601899
[Debug] [2025-10-16 16:32:36] the idcode from the scanning is: 0x0
[Debug] [2025-10-16 16:32:36] the idcode from the scanning is: 0x0
[Debug] [2025-10-16 16:32:36] the idcode from the scanning is: 0x0
[Debug] [2025-10-16 16:32:36] the idcode from the scanning is: 0x0
[Debug] [2025-10-16 16:32:36] the value in the status register is :81ffca0
[Debug] [2025-10-16 16:32:36] flash_id is 1c7118
[Debug] [2025-10-16 16:32:36] cmd operation Scan Outer SPI Flash releases locker
[Debug] [2025-10-16 16:32:41] Remove the header data from the client, index : 0
[Debug] [2025-10-16 16:32:41] _total_bytes_size : 50e
[Debug] [2025-10-16 16:32:41] cmd id :4f4ecmd name : Erase Outer Flash
[Debug] [2025-10-16 16:32:41] begin to operate flash: cmd id = 4f4e
[Debug] [2025-10-16 16:32:41] the idcode from the scanning is: 0x10601899
[Debug] [2025-10-16 16:32:41] the idcode from the scanning is: 0x0
[Debug] [2025-10-16 16:32:41] the idcode from the scanning is: 0x0
[Debug] [2025-10-16 16:32:41] the idcode from the scanning is: 0x0
[Debug] [2025-10-16 16:32:41] the idcode from the scanning is: 0x0
[Debug] [2025-10-16 16:32:41] the value in the status register is :81ffca0
[Debug] [2025-10-16 16:32:41] flash_id is 1c7118
[Debug] [2025-10-16 16:32:41] the value in the status register is :81ffca0
[Debug] [2025-10-16 16:32:41] progress bar is 1
[Error] [2025-10-16 16:32:42] WaitForWIPFinish timeout, wait second ms:100
[Error] [2025-10-16 16:32:42] WaitForWIPFinish timeout, wait second ms:100
[Error] [2025-10-16 16:32:42] WaitForWIPFinish timeout, wait second ms:100
[Error] [2025-10-16 16:32:42] WaitForWIPFinish timeout, wait second ms:100
[Error] [2025-10-16 16:32:42] WaitForWIPFinish timeout, wait second ms:100
[Error] [2025-10-16 16:32:42] WaitForWIPFinish timeout, wait second ms:100
[Error] [2025-10-16 16:32:42] WaitForWIPFinish timeout, wait second ms:100
[Error] [2025-10-16 16:32:42] WaitForWIPFinish timeout, wait second ms:100
[Debug] [2025-10-16 16:32:43] progress bar is 6
[Error] [2025-10-16 16:32:43] WaitForWIPFinish timeout, wait second ms:100
[Error] [2025-10-16 16:32:43] WaitForWIPFinish timeout, wait second ms:100
[Error] [2025-10-16 16:32:43] WaitForWIPFinish timeout, wait second ms:100
[Error] [2025-10-16 16:32:43] WaitForWIPFinish timeout, wait second ms:100
[Debug] [2025-10-16 16:32:43] progress bar is 12
[Error] [2025-10-16 16:32:43] WaitForWIPFinish timeout, wait second ms:100
[Error] [2025-10-16 16:32:43] WaitForWIPFinish timeout, wait second ms:100
[Debug] [2025-10-16 16:32:44] progress bar is 16
[Error] [2025-10-16 16:32:44] WaitForWIPFinish timeout, wait second ms:100
[Error] [2025-10-16 16:32:44] WaitForWIPFinish timeout, wait second ms:100
[Error] [2025-10-16 16:32:44] WaitForWIPFinish timeout, wait second ms:100
[Error] [2025-10-16 16:32:44] WaitForWIPFinish timeout, wait second ms:100
[Debug] [2025-10-16 16:32:44] progress bar is 22
[Error] [2025-10-16 16:32:44] WaitForWIPFinish timeout, wait second ms:100
[Error] [2025-10-16 16:32:44] WaitForWIPFinish timeout, wait second ms:100
[Debug] [2025-10-16 16:32:45] progress bar is 25
[Error] [2025-10-16 16:32:45] WaitForWIPFinish timeout, wait second ms:100
[Error] [2025-10-16 16:32:45] WaitForWIPFinish timeout, wait second ms:100
[Error] [2025-10-16 16:32:45] WaitForWIPFinish timeout, wait second ms:100
[Error] [2025-10-16 16:32:45] WaitForWIPFinish timeout, wait second ms:100
[Debug] [2025-10-16 16:32:45] progress bar is 32
[Error] [2025-10-16 16:32:45] WaitForWIPFinish timeout, wait second ms:100
[Error] [2025-10-16 16:32:45] WaitForWIPFinish timeout, wait second ms:100
[Debug] [2025-10-16 16:32:45] progress bar is 35
[Error] [2025-10-16 16:32:46] WaitForWIPFinish timeout, wait second ms:100
[Error] [2025-10-16 16:32:46] WaitForWIPFinish timeout, wait second ms:100
[Error] [2025-10-16 16:32:46] WaitForWIPFinish timeout, wait second ms:100
[Error] [2025-10-16 16:32:46] WaitForWIPFinish timeout, wait second ms:100
[Debug] [2025-10-16 16:32:46] progress bar is 41
[Error] [2025-10-16 16:32:46] WaitForWIPFinish timeout, wait second ms:100
[Error] [2025-10-16 16:32:46] WaitForWIPFinish timeout, wait second ms:100
[Error] [2025-10-16 16:32:46] WaitForWIPFinish timeout, wait second ms:100
[Debug] [2025-10-16 16:32:47] progress bar is 45
[Error] [2025-10-16 16:32:47] WaitForWIPFinish timeout, wait second ms:100
[Error] [2025-10-16 16:32:47] WaitForWIPFinish timeout, wait second ms:100
[Error] [2025-10-16 16:32:47] WaitForWIPFinish timeout, wait second ms:100
[Error] [2025-10-16 16:32:47] WaitForWIPFinish timeout, wait second ms:100
[Error] [2025-10-16 16:32:47] WaitForWIPFinish timeout, wait second ms:100
[Debug] [2025-10-16 16:32:47] progress bar is 51
[Error] [2025-10-16 16:32:47] WaitForWIPFinish timeout, wait second ms:100
[Error] [2025-10-16 16:32:48] WaitForWIPFinish timeout, wait second ms:100
[Error] [2025-10-16 16:32:48] WaitForWIPFinish timeout, wait second ms:100
[Error] [2025-10-16 16:32:48] WaitForWIPFinish timeout, wait second ms:100
[Debug] [2025-10-16 16:32:48] progress bar is 58
[Error] [2025-10-16 16:32:48] WaitForWIPFinish timeout, wait second ms:100
[Error] [2025-10-16 16:32:48] WaitForWIPFinish timeout, wait second ms:100
[Debug] [2025-10-16 16:32:48] progress bar is 61
[Error] [2025-10-16 16:32:48] WaitForWIPFinish timeout, wait second ms:100
[Error] [2025-10-16 16:32:48] WaitForWIPFinish timeout, wait second ms:100
[Error] [2025-10-16 16:32:49] WaitForWIPFinish timeout, wait second ms:100
[Error] [2025-10-16 16:32:49] WaitForWIPFinish timeout, wait second ms:100
[Debug] [2025-10-16 16:32:49] progress bar is 67
[Error] [2025-10-16 16:32:49] WaitForWIPFinish timeout, wait second ms:100
[Error] [2025-10-16 16:32:49] WaitForWIPFinish timeout, wait second ms:100
[Debug] [2025-10-16 16:32:49] progress bar is 70
[Error] [2025-10-16 16:32:49] WaitForWIPFinish timeout, wait second ms:100
[Error] [2025-10-16 16:32:49] WaitForWIPFinish timeout, wait second ms:100
[Error] [2025-10-16 16:32:50] WaitForWIPFinish timeout, wait second ms:100
[Error] [2025-10-16 16:32:50] WaitForWIPFinish timeout, wait second ms:100
[Debug] [2025-10-16 16:32:50] progress bar is 77
[Error] [2025-10-16 16:32:50] WaitForWIPFinish timeout, wait second ms:100
[Error] [2025-10-16 16:32:50] WaitForWIPFinish timeout, wait second ms:100
[Debug] [2025-10-16 16:32:50] progress bar is 80
[Error] [2025-10-16 16:32:50] WaitForWIPFinish timeout, wait second ms:100
[Error] [2025-10-16 16:32:50] WaitForWIPFinish timeout, wait second ms:100
[Error] [2025-10-16 16:32:51] WaitForWIPFinish timeout, wait second ms:100
[Error] [2025-10-16 16:32:51] WaitForWIPFinish timeout, wait second ms:100
[Debug] [2025-10-16 16:32:51] progress bar is 87
[Error] [2025-10-16 16:32:51] WaitForWIPFinish timeout, wait second ms:100
[Error] [2025-10-16 16:32:51] WaitForWIPFinish timeout, wait second ms:100
[Debug] [2025-10-16 16:32:51] progress bar is 90
[Error] [2025-10-16 16:32:51] WaitForWIPFinish timeout, wait second ms:100
[Error] [2025-10-16 16:32:51] WaitForWIPFinish timeout, wait second ms:100
[Error] [2025-10-16 16:32:52] WaitForWIPFinish timeout, wait second ms:100
[Error] [2025-10-16 16:32:52] WaitForWIPFinish timeout, wait second ms:100
[Debug] [2025-10-16 16:32:52] progress bar is 96
[Debug] [2025-10-16 16:32:52] progress bar is 100
[Debug] [2025-10-16 16:32:52] end to operate flash: cmd id = 20302
[Debug] [2025-10-16 16:32:52] cmd operation Erase Outer Flash releases locker
[Debug] [2025-10-16 16:32:52] Remove the header data from the client, index : 0
[Debug] [2025-10-16 16:32:52] _total_bytes_size : 1291
[Debug] [2025-10-16 16:32:52] cmd id :20301cmd name : Program Outer Flash
[Debug] [2025-10-16 16:32:52] begin to operate flash: cmd id = 20301
[Debug] [2025-10-16 16:32:52] the idcode from the scanning is: 0x10601899
[Debug] [2025-10-16 16:32:52] the idcode from the scanning is: 0x0
[Debug] [2025-10-16 16:32:52] the idcode from the scanning is: 0x0
[Debug] [2025-10-16 16:32:52] the idcode from the scanning is: 0x0
[Debug] [2025-10-16 16:32:52] the idcode from the scanning is: 0x0
[Debug] [2025-10-16 16:32:52] the value in the status register is :81ffca0
[Debug] [2025-10-16 16:32:52] flash_id is 1c7118
[Debug] [2025-10-16 16:32:52] The value of GigaDevice status register 1 is 0x
[Debug] [2025-10-16 16:32:52] progress bar is 1
[Debug] [2025-10-16 16:32:54] progress bar is 6
[Debug] [2025-10-16 16:32:55] progress bar is 10
[Debug] [2025-10-16 16:32:57] progress bar is 15
[Debug] [2025-10-16 16:32:58] progress bar is 20
[Debug] [2025-10-16 16:33:00] progress bar is 25
[Debug] [2025-10-16 16:33:02] progress bar is 30
[Debug] [2025-10-16 16:33:03] progress bar is 35
[Debug] [2025-10-16 16:33:05] progress bar is 40
[Debug] [2025-10-16 16:33:06] progress bar is 45
[Debug] [2025-10-16 16:33:08] progress bar is 50
[Debug] [2025-10-16 16:33:09] progress bar is 55
[Debug] [2025-10-16 16:33:11] progress bar is 60
[Debug] [2025-10-16 16:33:12] progress bar is 65
[Debug] [2025-10-16 16:33:14] progress bar is 70
[Debug] [2025-10-16 16:33:16] progress bar is 75
[Debug] [2025-10-16 16:33:17] progress bar is 80
[Debug] [2025-10-16 16:33:19] progress bar is 85
[Debug] [2025-10-16 16:33:20] progress bar is 90
[Debug] [2025-10-16 16:33:22] progress bar is 95
[Debug] [2025-10-16 16:33:23] progress bar is 100
[Debug] [2025-10-16 16:33:24] end to operate flash: cmd id = 20301
[Debug] [2025-10-16 16:33:24] cmd operation Program Outer Flash releases locker
[Debug] [2025-10-16 16:33:24] Remove the header data from the client, index : 0
[Debug] [2025-10-16 16:33:24] _total_bytes_size : 1289
[Debug] [2025-10-16 16:33:24] cmd id :20303cmd name : Verify Outer Flash
[Debug] [2025-10-16 16:33:24] begin to operate flash: cmd id = 20303
[Debug] [2025-10-16 16:33:24] the idcode from the scanning is: 0x10601899
[Debug] [2025-10-16 16:33:24] the idcode from the scanning is: 0x0
[Debug] [2025-10-16 16:33:24] the idcode from the scanning is: 0x0
[Debug] [2025-10-16 16:33:24] the idcode from the scanning is: 0x0
[Debug] [2025-10-16 16:33:24] the idcode from the scanning is: 0x0
[Debug] [2025-10-16 16:33:24] the value in the status register is :81ffca0
[Debug] [2025-10-16 16:33:24] flash_id is 1c7118
[Debug] [2025-10-16 16:33:24] the value in the status register is :81ffca0
[Debug] [2025-10-16 16:33:24] progress bar is 1
[Debug] [2025-10-16 16:33:24] progress bar is 6
[Debug] [2025-10-16 16:33:24] progress bar is 10
[Debug] [2025-10-16 16:33:24] progress bar is 15
[Debug] [2025-10-16 16:33:24] progress bar is 20
[Debug] [2025-10-16 16:33:24] progress bar is 25
[Debug] [2025-10-16 16:33:24] progress bar is 30
[Debug] [2025-10-16 16:33:24] progress bar is 35
[Debug] [2025-10-16 16:33:25] progress bar is 40
[Debug] [2025-10-16 16:33:25] progress bar is 45
[Debug] [2025-10-16 16:33:25] progress bar is 50
[Debug] [2025-10-16 16:33:25] progress bar is 55
[Debug] [2025-10-16 16:33:25] progress bar is 60
[Debug] [2025-10-16 16:33:25] progress bar is 65
[Debug] [2025-10-16 16:33:25] progress bar is 70
[Debug] [2025-10-16 16:33:25] progress bar is 75
[Debug] [2025-10-16 16:33:25] progress bar is 80
[Debug] [2025-10-16 16:33:25] progress bar is 85
[Debug] [2025-10-16 16:33:25] progress bar is 90
[Debug] [2025-10-16 16:33:26] progress bar is 95
[Debug] [2025-10-16 16:33:26] progress bar is 100
[Debug] [2025-10-16 16:33:26] end to operate flash: cmd id = 20303
[Debug] [2025-10-16 16:33:26] cmd operation Verify Outer Flash releases locker
[Info] [2025-10-16 17:22:21] /***************************Start jtagserver***************************/
[Info] [2025-10-16 17:22:21] Path: C:/pango/PDS_2022.2-SP6.4/bin
[Info] [2025-10-16 17:22:21] Version: 146967
[Debug] [2025-10-16 17:22:22] Add a new user_thread, socket descriptor is 172 user_thread id is 000000000000845C
[Debug] [2025-10-16 17:22:22] After adding, map size is : 1
[Debug] [2025-10-16 17:22:22] Add a new user_thread, socket descriptor is 1004 user_thread id is 000000000000845C
[Debug] [2025-10-16 17:22:22] After adding, map size is : 2
[Debug] [2025-10-16 17:22:22] IP address of connecting client is : ::ffff:127.0.0.1
[Debug] [2025-10-16 17:22:22] IP address of connecting client is : ::ffff:127.0.0.1IP address of connecting client is : ::ffff:127.0.0.1
[Debug] [2025-10-16 17:22:22] Remove the header data from the client, index : 0
[Debug] [2025-10-16 17:22:22] _total_bytes_size : 160
[Debug] [2025-10-16 17:22:22] Remove the header data from the client, index : 0
[Debug] [2025-10-16 17:22:22] _total_bytes_size : 96
[Debug] [2025-10-16 17:22:22] cmd id :40010cmd name : get_cable_paras
[Debug] [2025-10-16 17:22:23] cmd operation get_cable_paras releases locker
[Debug] [2025-10-16 17:22:23] Remove the header data from the client, index : 0
[Debug] [2025-10-16 17:22:23] _total_bytes_size : 101
[Debug] [2025-10-16 17:22:23] cmd id :20001cmd name : Open config cable
[Debug] [2025-10-16 17:22:23] the idcode from the scanning is: 0x10601899
[Debug] [2025-10-16 17:22:23] the idcode from the scanning is: 0x0
[Debug] [2025-10-16 17:22:23] the idcode from the scanning is: 0x0
[Debug] [2025-10-16 17:22:23] the idcode from the scanning is: 0x0
[Debug] [2025-10-16 17:22:23] the idcode from the scanning is: 0x0
[Debug] [2025-10-16 17:22:24] cmd operation Open config cable releases locker
[Debug] [2025-10-16 17:24:07] Remove the header data from the client, index : 0
[Debug] [2025-10-16 17:24:07] _total_bytes_size : 35d
[Debug] [2025-10-16 17:24:07] cmd id :4f4ccmd name : Scan Outer SPI Flash
[Debug] [2025-10-16 17:24:08] the idcode from the scanning is: 0x10601899
[Debug] [2025-10-16 17:24:08] the idcode from the scanning is: 0x0
[Debug] [2025-10-16 17:24:08] the idcode from the scanning is: 0x0
[Debug] [2025-10-16 17:24:08] the idcode from the scanning is: 0x0
[Debug] [2025-10-16 17:24:08] the idcode from the scanning is: 0x0
[Debug] [2025-10-16 17:24:08] the value in the status register is :81ffca0
[Debug] [2025-10-16 17:24:08] flash_id is 1c7118
[Debug] [2025-10-16 17:24:08] cmd operation Scan Outer SPI Flash releases locker
[Debug] [2025-10-16 17:24:10] Remove the header data from the client, index : 0
[Debug] [2025-10-16 17:24:10] _total_bytes_size : 51a
[Debug] [2025-10-16 17:24:10] cmd id :4f4ecmd name : Erase Outer Flash
[Debug] [2025-10-16 17:24:10] begin to operate flash: cmd id = 4f4e
[Debug] [2025-10-16 17:24:10] the idcode from the scanning is: 0x10601899
[Debug] [2025-10-16 17:24:10] the idcode from the scanning is: 0x0
[Debug] [2025-10-16 17:24:10] the idcode from the scanning is: 0x0
[Debug] [2025-10-16 17:24:10] the idcode from the scanning is: 0x0
[Debug] [2025-10-16 17:24:10] the idcode from the scanning is: 0x0
[Debug] [2025-10-16 17:24:10] the value in the status register is :81ffca0
[Debug] [2025-10-16 17:24:10] flash_id is 1c7118
[Debug] [2025-10-16 17:24:10] the value in the status register is :81ffca0
[Debug] [2025-10-16 17:24:10] progress bar is 1
[Error] [2025-10-16 17:24:10] WaitForWIPFinish timeout, wait second ms:100
[Error] [2025-10-16 17:24:10] WaitForWIPFinish timeout, wait second ms:100
[Error] [2025-10-16 17:24:10] WaitForWIPFinish timeout, wait second ms:100
[Error] [2025-10-16 17:24:10] WaitForWIPFinish timeout, wait second ms:100
[Error] [2025-10-16 17:24:11] WaitForWIPFinish timeout, wait second ms:100
[Error] [2025-10-16 17:24:11] WaitForWIPFinish timeout, wait second ms:100
[Error] [2025-10-16 17:24:11] WaitForWIPFinish timeout, wait second ms:100
[Debug] [2025-10-16 17:24:11] progress bar is 7
[Error] [2025-10-16 17:24:11] WaitForWIPFinish timeout, wait second ms:100
[Error] [2025-10-16 17:24:11] WaitForWIPFinish timeout, wait second ms:100
[Debug] [2025-10-16 17:24:11] progress bar is 10
[Error] [2025-10-16 17:24:11] WaitForWIPFinish timeout, wait second ms:100
[Error] [2025-10-16 17:24:11] WaitForWIPFinish timeout, wait second ms:100
[Error] [2025-10-16 17:24:12] WaitForWIPFinish timeout, wait second ms:100
[Error] [2025-10-16 17:24:12] WaitForWIPFinish timeout, wait second ms:100
[Debug] [2025-10-16 17:24:12] progress bar is 17
[Error] [2025-10-16 17:24:12] WaitForWIPFinish timeout, wait second ms:100
[Error] [2025-10-16 17:24:12] WaitForWIPFinish timeout, wait second ms:100
[Debug] [2025-10-16 17:24:12] progress bar is 21
[Error] [2025-10-16 17:24:12] WaitForWIPFinish timeout, wait second ms:100
[Error] [2025-10-16 17:24:12] WaitForWIPFinish timeout, wait second ms:100
[Debug] [2025-10-16 17:24:13] progress bar is 25
[Error] [2025-10-16 17:24:13] WaitForWIPFinish timeout, wait second ms:100
[Error] [2025-10-16 17:24:13] WaitForWIPFinish timeout, wait second ms:100
[Error] [2025-10-16 17:24:13] WaitForWIPFinish timeout, wait second ms:100
[Error] [2025-10-16 17:24:13] WaitForWIPFinish timeout, wait second ms:100
[Error] [2025-10-16 17:24:13] WaitForWIPFinish timeout, wait second ms:100
[Debug] [2025-10-16 17:24:13] progress bar is 32
[Error] [2025-10-16 17:24:13] WaitForWIPFinish timeout, wait second ms:100
[Error] [2025-10-16 17:24:13] WaitForWIPFinish timeout, wait second ms:100
[Debug] [2025-10-16 17:24:14] progress bar is 35
[Error] [2025-10-16 17:24:14] WaitForWIPFinish timeout, wait second ms:100
[Error] [2025-10-16 17:24:14] WaitForWIPFinish timeout, wait second ms:100
[Error] [2025-10-16 17:24:14] WaitForWIPFinish timeout, wait second ms:100
[Error] [2025-10-16 17:24:14] WaitForWIPFinish timeout, wait second ms:100
[Debug] [2025-10-16 17:24:14] progress bar is 42
[Error] [2025-10-16 17:24:14] WaitForWIPFinish timeout, wait second ms:100
[Error] [2025-10-16 17:24:14] WaitForWIPFinish timeout, wait second ms:100
[Debug] [2025-10-16 17:24:15] progress bar is 46
[Error] [2025-10-16 17:24:15] WaitForWIPFinish timeout, wait second ms:100
[Error] [2025-10-16 17:24:15] WaitForWIPFinish timeout, wait second ms:100
[Debug] [2025-10-16 17:24:15] progress bar is 50
[Error] [2025-10-16 17:24:15] WaitForWIPFinish timeout, wait second ms:100
[Error] [2025-10-16 17:24:15] WaitForWIPFinish timeout, wait second ms:100
[Error] [2025-10-16 17:24:15] WaitForWIPFinish timeout, wait second ms:100
[Error] [2025-10-16 17:24:15] WaitForWIPFinish timeout, wait second ms:100
[Error] [2025-10-16 17:24:15] WaitForWIPFinish timeout, wait second ms:100
[Debug] [2025-10-16 17:24:16] progress bar is 57
[Error] [2025-10-16 17:24:16] WaitForWIPFinish timeout, wait second ms:100
[Error] [2025-10-16 17:24:16] WaitForWIPFinish timeout, wait second ms:100
[Debug] [2025-10-16 17:24:16] progress bar is 60
[Error] [2025-10-16 17:24:16] WaitForWIPFinish timeout, wait second ms:100
[Error] [2025-10-16 17:24:16] WaitForWIPFinish timeout, wait second ms:100
[Error] [2025-10-16 17:24:16] WaitForWIPFinish timeout, wait second ms:100
[Error] [2025-10-16 17:24:16] WaitForWIPFinish timeout, wait second ms:100
[Debug] [2025-10-16 17:24:17] progress bar is 67
[Error] [2025-10-16 17:24:17] WaitForWIPFinish timeout, wait second ms:100
[Error] [2025-10-16 17:24:17] WaitForWIPFinish timeout, wait second ms:100
[Debug] [2025-10-16 17:24:17] progress bar is 71
[Error] [2025-10-16 17:24:17] WaitForWIPFinish timeout, wait second ms:100
[Error] [2025-10-16 17:24:17] WaitForWIPFinish timeout, wait second ms:100
[Debug] [2025-10-16 17:24:17] progress bar is 75
[Error] [2025-10-16 17:24:17] WaitForWIPFinish timeout, wait second ms:100
[Error] [2025-10-16 17:24:17] WaitForWIPFinish timeout, wait second ms:100
[Error] [2025-10-16 17:24:18] WaitForWIPFinish timeout, wait second ms:100
[Error] [2025-10-16 17:24:18] WaitForWIPFinish timeout, wait second ms:100
[Debug] [2025-10-16 17:24:18] progress bar is 82
[Error] [2025-10-16 17:24:18] WaitForWIPFinish timeout, wait second ms:100
[Error] [2025-10-16 17:24:18] WaitForWIPFinish timeout, wait second ms:100
[Debug] [2025-10-16 17:24:18] progress bar is 85
[Error] [2025-10-16 17:24:18] WaitForWIPFinish timeout, wait second ms:100
[Error] [2025-10-16 17:24:18] WaitForWIPFinish timeout, wait second ms:100
[Error] [2025-10-16 17:24:19] WaitForWIPFinish timeout, wait second ms:100
[Error] [2025-10-16 17:24:19] WaitForWIPFinish timeout, wait second ms:100
[Debug] [2025-10-16 17:24:19] progress bar is 92
[Error] [2025-10-16 17:24:19] WaitForWIPFinish timeout, wait second ms:100
[Error] [2025-10-16 17:24:19] WaitForWIPFinish timeout, wait second ms:100
[Debug] [2025-10-16 17:24:19] progress bar is 96
[Debug] [2025-10-16 17:24:19] progress bar is 100
[Debug] [2025-10-16 17:24:19] end to operate flash: cmd id = 20302
[Debug] [2025-10-16 17:24:19] cmd operation Erase Outer Flash releases locker
[Debug] [2025-10-16 17:24:19] Remove the header data from the client, index : 0
[Debug] [2025-10-16 17:24:19] _total_bytes_size : 1303
[Debug] [2025-10-16 17:24:19] cmd id :20301cmd name : Program Outer Flash
[Debug] [2025-10-16 17:24:19] begin to operate flash: cmd id = 20301
[Debug] [2025-10-16 17:24:20] the idcode from the scanning is: 0x10601899
[Debug] [2025-10-16 17:24:20] the idcode from the scanning is: 0x0
[Debug] [2025-10-16 17:24:20] the idcode from the scanning is: 0x0
[Debug] [2025-10-16 17:24:20] the idcode from the scanning is: 0x0
[Debug] [2025-10-16 17:24:20] the idcode from the scanning is: 0x0
[Debug] [2025-10-16 17:24:20] the value in the status register is :81ffca0
[Debug] [2025-10-16 17:24:20] flash_id is 1c7118
[Debug] [2025-10-16 17:24:20] The value of GigaDevice status register 1 is 0x
[Debug] [2025-10-16 17:24:20] progress bar is 1
[Debug] [2025-10-16 17:24:21] progress bar is 6
[Debug] [2025-10-16 17:24:22] progress bar is 10
[Debug] [2025-10-16 17:24:24] progress bar is 15
[Debug] [2025-10-16 17:24:25] progress bar is 20
[Debug] [2025-10-16 17:24:27] progress bar is 25
[Debug] [2025-10-16 17:24:28] progress bar is 30
[Debug] [2025-10-16 17:24:30] progress bar is 35
[Debug] [2025-10-16 17:24:31] progress bar is 40
[Debug] [2025-10-16 17:24:33] progress bar is 45
[Debug] [2025-10-16 17:24:34] progress bar is 50
[Debug] [2025-10-16 17:24:35] progress bar is 55
[Debug] [2025-10-16 17:24:37] progress bar is 60
[Debug] [2025-10-16 17:24:38] progress bar is 65
[Debug] [2025-10-16 17:24:40] progress bar is 70
[Debug] [2025-10-16 17:24:41] progress bar is 75
[Debug] [2025-10-16 17:24:42] progress bar is 80
[Debug] [2025-10-16 17:24:44] progress bar is 85
[Debug] [2025-10-16 17:24:45] progress bar is 90
[Debug] [2025-10-16 17:24:47] progress bar is 95
[Debug] [2025-10-16 17:24:48] progress bar is 100
[Debug] [2025-10-16 17:24:48] end to operate flash: cmd id = 20301
[Debug] [2025-10-16 17:24:48] cmd operation Program Outer Flash releases locker
[Debug] [2025-10-16 17:24:48] Remove the header data from the client, index : 0
[Debug] [2025-10-16 17:24:48] _total_bytes_size : 1301
[Debug] [2025-10-16 17:24:48] cmd id :20303cmd name : Verify Outer Flash
[Debug] [2025-10-16 17:24:48] begin to operate flash: cmd id = 20303
[Debug] [2025-10-16 17:24:48] the idcode from the scanning is: 0x10601899
[Debug] [2025-10-16 17:24:48] the idcode from the scanning is: 0x0
[Debug] [2025-10-16 17:24:48] the idcode from the scanning is: 0x0
[Debug] [2025-10-16 17:24:48] the idcode from the scanning is: 0x0
[Debug] [2025-10-16 17:24:48] the idcode from the scanning is: 0x0
[Debug] [2025-10-16 17:24:48] the value in the status register is :81ffca0
[Debug] [2025-10-16 17:24:48] flash_id is 1c7118
[Debug] [2025-10-16 17:24:48] the value in the status register is :81ffca0
[Debug] [2025-10-16 17:24:48] progress bar is 1
[Debug] [2025-10-16 17:24:49] progress bar is 6
[Debug] [2025-10-16 17:24:49] progress bar is 10
[Debug] [2025-10-16 17:24:49] progress bar is 15
[Debug] [2025-10-16 17:24:49] progress bar is 20
[Debug] [2025-10-16 17:24:49] progress bar is 25
[Debug] [2025-10-16 17:24:49] progress bar is 30
[Debug] [2025-10-16 17:24:49] progress bar is 35
[Debug] [2025-10-16 17:24:49] progress bar is 40
[Debug] [2025-10-16 17:24:49] progress bar is 45
[Debug] [2025-10-16 17:24:49] progress bar is 50
[Debug] [2025-10-16 17:24:49] progress bar is 55
[Debug] [2025-10-16 17:24:50] progress bar is 60
[Debug] [2025-10-16 17:24:50] progress bar is 65
[Debug] [2025-10-16 17:24:50] progress bar is 70
[Debug] [2025-10-16 17:24:50] progress bar is 75
[Debug] [2025-10-16 17:24:50] progress bar is 80
[Debug] [2025-10-16 17:24:50] progress bar is 85
[Debug] [2025-10-16 17:24:50] progress bar is 90
[Debug] [2025-10-16 17:24:50] progress bar is 95
[Debug] [2025-10-16 17:24:50] progress bar is 100
[Debug] [2025-10-16 17:24:51] end to operate flash: cmd id = 20303
[Debug] [2025-10-16 17:24:51] cmd operation Verify Outer Flash releases locker
[Debug] [2025-10-16 18:14:12] Remove the header data from the client, index : 0
[Debug] [2025-10-16 18:14:12] _total_bytes_size : 1306
[Debug] [2025-10-16 18:14:12] cmd id :20302cmd name : Erase Outer Flash
[Debug] [2025-10-16 18:14:12] begin to operate flash: cmd id = 20302
[Debug] [2025-10-16 18:14:12] the idcode from the scanning is: 0x10601899
[Debug] [2025-10-16 18:14:12] the idcode from the scanning is: 0x0
[Debug] [2025-10-16 18:14:12] the idcode from the scanning is: 0x0
[Debug] [2025-10-16 18:14:12] the idcode from the scanning is: 0x0
[Debug] [2025-10-16 18:14:12] the idcode from the scanning is: 0x0
[Debug] [2025-10-16 18:14:12] the value in the status register is :81ffca0
[Debug] [2025-10-16 18:14:12] flash_id is 1c7118
[Debug] [2025-10-16 18:14:12] the value in the status register is :81ffca0
[Debug] [2025-10-16 18:14:12] progress bar is 1
[Error] [2025-10-16 18:14:12] WaitForWIPFinish timeout, wait second ms:100
[Error] [2025-10-16 18:14:13] WaitForWIPFinish timeout, wait second ms:100
[Error] [2025-10-16 18:14:13] WaitForWIPFinish timeout, wait second ms:100
[Error] [2025-10-16 18:14:13] WaitForWIPFinish timeout, wait second ms:100
[Error] [2025-10-16 18:14:13] WaitForWIPFinish timeout, wait second ms:100
[Error] [2025-10-16 18:14:13] WaitForWIPFinish timeout, wait second ms:100
[Error] [2025-10-16 18:14:13] WaitForWIPFinish timeout, wait second ms:100
[Error] [2025-10-16 18:14:13] WaitForWIPFinish timeout, wait second ms:100
[Error] [2025-10-16 18:14:14] WaitForWIPFinish timeout, wait second ms:100
[Debug] [2025-10-16 18:14:14] progress bar is 7
[Error] [2025-10-16 18:14:14] WaitForWIPFinish timeout, wait second ms:100
[Error] [2025-10-16 18:14:14] WaitForWIPFinish timeout, wait second ms:100
[Debug] [2025-10-16 18:14:14] progress bar is 10
[Error] [2025-10-16 18:14:14] WaitForWIPFinish timeout, wait second ms:100
[Error] [2025-10-16 18:14:14] WaitForWIPFinish timeout, wait second ms:100
[Error] [2025-10-16 18:14:14] WaitForWIPFinish timeout, wait second ms:100
[Error] [2025-10-16 18:14:14] WaitForWIPFinish timeout, wait second ms:100
[Error] [2025-10-16 18:14:15] WaitForWIPFinish timeout, wait second ms:100
[Debug] [2025-10-16 18:14:15] progress bar is 17
[Error] [2025-10-16 18:14:15] WaitForWIPFinish timeout, wait second ms:100
[Error] [2025-10-16 18:14:15] WaitForWIPFinish timeout, wait second ms:100
[Debug] [2025-10-16 18:14:15] progress bar is 21
[Error] [2025-10-16 18:14:15] WaitForWIPFinish timeout, wait second ms:100
[Error] [2025-10-16 18:14:15] WaitForWIPFinish timeout, wait second ms:100
[Error] [2025-10-16 18:14:15] WaitForWIPFinish timeout, wait second ms:100
[Debug] [2025-10-16 18:14:15] progress bar is 25
[Error] [2025-10-16 18:14:16] WaitForWIPFinish timeout, wait second ms:100
[Error] [2025-10-16 18:14:16] WaitForWIPFinish timeout, wait second ms:100
[Error] [2025-10-16 18:14:16] WaitForWIPFinish timeout, wait second ms:100
[Error] [2025-10-16 18:14:16] WaitForWIPFinish timeout, wait second ms:100
[Debug] [2025-10-16 18:14:16] progress bar is 32
[Error] [2025-10-16 18:14:16] WaitForWIPFinish timeout, wait second ms:100
[Error] [2025-10-16 18:14:16] WaitForWIPFinish timeout, wait second ms:100
[Error] [2025-10-16 18:14:16] WaitForWIPFinish timeout, wait second ms:100
[Debug] [2025-10-16 18:14:16] progress bar is 35
[Error] [2025-10-16 18:14:17] WaitForWIPFinish timeout, wait second ms:100
[Error] [2025-10-16 18:14:17] WaitForWIPFinish timeout, wait second ms:100
[Error] [2025-10-16 18:14:17] WaitForWIPFinish timeout, wait second ms:100
[Error] [2025-10-16 18:14:17] WaitForWIPFinish timeout, wait second ms:100
[Error] [2025-10-16 18:14:17] WaitForWIPFinish timeout, wait second ms:100
[Debug] [2025-10-16 18:14:17] progress bar is 42
[Error] [2025-10-16 18:14:17] WaitForWIPFinish timeout, wait second ms:100
[Error] [2025-10-16 18:14:17] WaitForWIPFinish timeout, wait second ms:100
[Debug] [2025-10-16 18:14:18] progress bar is 46
[Error] [2025-10-16 18:14:18] WaitForWIPFinish timeout, wait second ms:100
[Error] [2025-10-16 18:14:18] WaitForWIPFinish timeout, wait second ms:100
[Debug] [2025-10-16 18:14:18] progress bar is 50
[Error] [2025-10-16 18:14:18] WaitForWIPFinish timeout, wait second ms:100
[Error] [2025-10-16 18:14:18] WaitForWIPFinish timeout, wait second ms:100
[Error] [2025-10-16 18:14:18] WaitForWIPFinish timeout, wait second ms:100
[Error] [2025-10-16 18:14:18] WaitForWIPFinish timeout, wait second ms:100
[Error] [2025-10-16 18:14:19] WaitForWIPFinish timeout, wait second ms:100
[Debug] [2025-10-16 18:14:19] progress bar is 57
[Error] [2025-10-16 18:14:19] WaitForWIPFinish timeout, wait second ms:100
[Error] [2025-10-16 18:14:19] WaitForWIPFinish timeout, wait second ms:100
[Debug] [2025-10-16 18:14:19] progress bar is 60
[Error] [2025-10-16 18:14:19] WaitForWIPFinish timeout, wait second ms:100
[Error] [2025-10-16 18:14:19] WaitForWIPFinish timeout, wait second ms:100
[Error] [2025-10-16 18:14:19] WaitForWIPFinish timeout, wait second ms:100
[Error] [2025-10-16 18:14:19] WaitForWIPFinish timeout, wait second ms:100
[Error] [2025-10-16 18:14:20] WaitForWIPFinish timeout, wait second ms:100
[Debug] [2025-10-16 18:14:20] progress bar is 67
[Error] [2025-10-16 18:14:20] WaitForWIPFinish timeout, wait second ms:100
[Error] [2025-10-16 18:14:20] WaitForWIPFinish timeout, wait second ms:100
[Debug] [2025-10-16 18:14:20] progress bar is 71
[Error] [2025-10-16 18:14:20] WaitForWIPFinish timeout, wait second ms:100
[Error] [2025-10-16 18:14:20] WaitForWIPFinish timeout, wait second ms:100
[Debug] [2025-10-16 18:14:20] progress bar is 75
[Error] [2025-10-16 18:14:20] WaitForWIPFinish timeout, wait second ms:100
[Error] [2025-10-16 18:14:21] WaitForWIPFinish timeout, wait second ms:100
[Error] [2025-10-16 18:14:21] WaitForWIPFinish timeout, wait second ms:100
[Error] [2025-10-16 18:14:21] WaitForWIPFinish timeout, wait second ms:100
[Debug] [2025-10-16 18:14:21] progress bar is 82
[Error] [2025-10-16 18:14:21] WaitForWIPFinish timeout, wait second ms:100
[Error] [2025-10-16 18:14:21] WaitForWIPFinish timeout, wait second ms:100
[Debug] [2025-10-16 18:14:21] progress bar is 85
[Error] [2025-10-16 18:14:21] WaitForWIPFinish timeout, wait second ms:100
[Error] [2025-10-16 18:14:21] WaitForWIPFinish timeout, wait second ms:100
[Error] [2025-10-16 18:14:22] WaitForWIPFinish timeout, wait second ms:100
[Error] [2025-10-16 18:14:22] WaitForWIPFinish timeout, wait second ms:100
[Debug] [2025-10-16 18:14:22] progress bar is 92
[Error] [2025-10-16 18:14:22] WaitForWIPFinish timeout, wait second ms:100
[Error] [2025-10-16 18:14:22] WaitForWIPFinish timeout, wait second ms:100
[Debug] [2025-10-16 18:14:22] progress bar is 96
[Debug] [2025-10-16 18:14:22] progress bar is 100
[Debug] [2025-10-16 18:14:22] end to operate flash: cmd id = 20302
[Debug] [2025-10-16 18:14:22] cmd operation Erase Outer Flash releases locker
[Debug] [2025-10-16 18:14:22] Remove the header data from the client, index : 0
[Debug] [2025-10-16 18:14:22] _total_bytes_size : 1303
[Debug] [2025-10-16 18:14:22] cmd id :20301cmd name : Program Outer Flash
[Debug] [2025-10-16 18:14:22] begin to operate flash: cmd id = 20301
[Debug] [2025-10-16 18:14:23] the idcode from the scanning is: 0x10601899
[Debug] [2025-10-16 18:14:23] the idcode from the scanning is: 0x0
[Debug] [2025-10-16 18:14:23] the idcode from the scanning is: 0x0
[Debug] [2025-10-16 18:14:23] the idcode from the scanning is: 0x0
[Debug] [2025-10-16 18:14:23] the idcode from the scanning is: 0x0
[Debug] [2025-10-16 18:14:23] the value in the status register is :81ffca0
[Debug] [2025-10-16 18:14:23] flash_id is 1c7118
[Debug] [2025-10-16 18:14:23] The value of GigaDevice status register 1 is 0x
[Debug] [2025-10-16 18:14:23] progress bar is 1
[Debug] [2025-10-16 18:14:24] progress bar is 6
[Debug] [2025-10-16 18:14:25] progress bar is 10
[Debug] [2025-10-16 18:14:27] progress bar is 15
[Debug] [2025-10-16 18:14:28] progress bar is 20
[Debug] [2025-10-16 18:14:30] progress bar is 25
[Debug] [2025-10-16 18:14:31] progress bar is 30
[Debug] [2025-10-16 18:14:33] progress bar is 35
[Debug] [2025-10-16 18:14:34] progress bar is 40
[Debug] [2025-10-16 18:14:35] progress bar is 45
[Debug] [2025-10-16 18:14:37] progress bar is 50
[Debug] [2025-10-16 18:14:38] progress bar is 55
[Debug] [2025-10-16 18:14:40] progress bar is 60
[Debug] [2025-10-16 18:14:41] progress bar is 65
[Debug] [2025-10-16 18:14:42] progress bar is 70
[Debug] [2025-10-16 18:14:44] progress bar is 75
[Debug] [2025-10-16 18:14:45] progress bar is 80
[Debug] [2025-10-16 18:14:47] progress bar is 85
[Debug] [2025-10-16 18:14:48] progress bar is 90
[Debug] [2025-10-16 18:14:50] progress bar is 95
[Debug] [2025-10-16 18:14:51] progress bar is 100
[Debug] [2025-10-16 18:14:51] end to operate flash: cmd id = 20301
[Debug] [2025-10-16 18:14:51] cmd operation Program Outer Flash releases locker
[Debug] [2025-10-16 18:14:51] Remove the header data from the client, index : 0
[Debug] [2025-10-16 18:14:51] _total_bytes_size : 1301
[Debug] [2025-10-16 18:14:51] cmd id :20303cmd name : Verify Outer Flash
[Debug] [2025-10-16 18:14:51] begin to operate flash: cmd id = 20303
[Debug] [2025-10-16 18:14:51] the idcode from the scanning is: 0x10601899
[Debug] [2025-10-16 18:14:51] the idcode from the scanning is: 0x0
[Debug] [2025-10-16 18:14:51] the idcode from the scanning is: 0x0
[Debug] [2025-10-16 18:14:51] the idcode from the scanning is: 0x0
[Debug] [2025-10-16 18:14:51] the idcode from the scanning is: 0x0
[Debug] [2025-10-16 18:14:51] the value in the status register is :81ffca0
[Debug] [2025-10-16 18:14:51] flash_id is 1c7118
[Debug] [2025-10-16 18:14:51] the value in the status register is :81ffca0
[Debug] [2025-10-16 18:14:51] progress bar is 1
[Debug] [2025-10-16 18:14:52] progress bar is 6
[Debug] [2025-10-16 18:14:52] progress bar is 10
[Debug] [2025-10-16 18:14:52] progress bar is 15
[Debug] [2025-10-16 18:14:52] progress bar is 20
[Debug] [2025-10-16 18:14:52] progress bar is 25
[Debug] [2025-10-16 18:14:52] progress bar is 30
[Debug] [2025-10-16 18:14:52] progress bar is 35
[Debug] [2025-10-16 18:14:52] progress bar is 40
[Debug] [2025-10-16 18:14:52] progress bar is 45
[Debug] [2025-10-16 18:14:52] progress bar is 50
[Debug] [2025-10-16 18:14:53] progress bar is 55
[Debug] [2025-10-16 18:14:53] progress bar is 60
[Debug] [2025-10-16 18:14:53] progress bar is 65
[Debug] [2025-10-16 18:14:53] progress bar is 70
[Debug] [2025-10-16 18:14:53] progress bar is 75
[Debug] [2025-10-16 18:14:53] progress bar is 80
[Debug] [2025-10-16 18:14:53] progress bar is 85
[Debug] [2025-10-16 18:14:53] progress bar is 90
[Debug] [2025-10-16 18:14:53] progress bar is 95
[Debug] [2025-10-16 18:14:53] progress bar is 100
[Debug] [2025-10-16 18:14:54] end to operate flash: cmd id = 20303
[Debug] [2025-10-16 18:14:54] cmd operation Verify Outer Flash releases locker
[Info] [2025-10-17 11:42:42] /***************************Start jtagserver***************************/
[Info] [2025-10-17 11:42:42] Path: C:/pango/PDS_2022.2-SP6.4/bin
[Info] [2025-10-17 11:42:42] Version: 146967
[Debug] [2025-10-17 11:42:43] Add a new user_thread, socket descriptor is 944 user_thread id is 0000000000004924
[Debug] [2025-10-17 11:42:43] After adding, map size is : 1
[Debug] [2025-10-17 11:42:43] Add a new user_thread, socket descriptor is 1148 user_thread id is 0000000000004924
[Debug] [2025-10-17 11:42:43] After adding, map size is : 2
[Debug] [2025-10-17 11:42:43] IP address of connecting client is : ::ffff:127.0.0.1
[Debug] [2025-10-17 11:42:43] IP address of connecting client is : ::ffff:127.0.0.1
[Debug] [2025-10-17 11:42:43] Remove the header data from the client, index : 0
[Debug] [2025-10-17 11:42:43] _total_bytes_size : 160
[Debug] [2025-10-17 11:42:43] Remove the header data from the client, index : 0
[Debug] [2025-10-17 11:42:43] _total_bytes_size : 96
[Debug] [2025-10-17 11:42:43] cmd id :40010cmd name : get_cable_paras
[Debug] [2025-10-17 11:42:44] cmd operation get_cable_paras releases locker
[Debug] [2025-10-17 11:42:44] Remove the header data from the client, index : 0
[Debug] [2025-10-17 11:42:44] _total_bytes_size : 101
[Debug] [2025-10-17 11:42:44] cmd id :20001cmd name : Open config cable
[Debug] [2025-10-17 11:42:44] the idcode from the scanning is: 0x0
[Debug] [2025-10-17 11:42:44] the idcode from the scanning is: 0x0
[Debug] [2025-10-17 11:42:44] the idcode from the scanning is: 0x0
[Debug] [2025-10-17 11:42:44] the idcode from the scanning is: 0x0
[Debug] [2025-10-17 11:42:44] the idcode from the scanning is: 0x0
[Debug] [2025-10-17 11:42:45] the idcode from the scanning is: 0x0
[Debug] [2025-10-17 11:42:45] the idcode from the scanning is: 0x0
[Debug] [2025-10-17 11:42:45] the idcode from the scanning is: 0x0
[Debug] [2025-10-17 11:42:45] the idcode from the scanning is: 0x0
[Debug] [2025-10-17 11:42:45] the idcode from the scanning is: 0x0
[Debug] [2025-10-17 11:42:45] the idcode from the scanning is: 0x0
[Debug] [2025-10-17 11:42:45] the idcode from the scanning is: 0x0
[Debug] [2025-10-17 11:42:45] the idcode from the scanning is: 0x0
[Debug] [2025-10-17 11:42:45] the idcode from the scanning is: 0x0
[Debug] [2025-10-17 11:42:45] the idcode from the scanning is: 0x0
[Debug] [2025-10-17 11:42:46] the idcode from the scanning is: 0x0
[Debug] [2025-10-17 11:42:46] the idcode from the scanning is: 0x0
[Debug] [2025-10-17 11:42:46] the idcode from the scanning is: 0x0
[Debug] [2025-10-17 11:42:46] the idcode from the scanning is: 0x0
[Debug] [2025-10-17 11:42:46] the idcode from the scanning is: 0x0
[Debug] [2025-10-17 11:42:46] the idcode from the scanning is: 0x0
[Debug] [2025-10-17 11:42:46] the idcode from the scanning is: 0x0
[Debug] [2025-10-17 11:42:46] the idcode from the scanning is: 0x0
[Debug] [2025-10-17 11:42:46] the idcode from the scanning is: 0x0
[Debug] [2025-10-17 11:42:46] the idcode from the scanning is: 0x0
[Debug] [2025-10-17 11:42:47] the idcode from the scanning is: 0x0
[Debug] [2025-10-17 11:42:47] the idcode from the scanning is: 0x0
[Debug] [2025-10-17 11:42:47] the idcode from the scanning is: 0x0
[Debug] [2025-10-17 11:42:47] the idcode from the scanning is: 0x0
[Debug] [2025-10-17 11:42:47] the idcode from the scanning is: 0x0
[Debug] [2025-10-17 11:42:47] the idcode from the scanning is: 0x0
[Debug] [2025-10-17 11:42:47] the idcode from the scanning is: 0x0
[Debug] [2025-10-17 11:42:47] the idcode from the scanning is: 0x0
[Debug] [2025-10-17 11:42:47] the idcode from the scanning is: 0x0
[Debug] [2025-10-17 11:42:47] the idcode from the scanning is: 0x0
[Debug] [2025-10-17 11:42:47] the idcode from the scanning is: 0x0
[Debug] [2025-10-17 11:42:47] the idcode from the scanning is: 0x0
[Debug] [2025-10-17 11:42:47] the idcode from the scanning is: 0x0
[Debug] [2025-10-17 11:42:47] the idcode from the scanning is: 0x0
[Debug] [2025-10-17 11:42:47] the idcode from the scanning is: 0x0
[Debug] [2025-10-17 11:42:48] the idcode from the scanning is: 0x0
[Debug] [2025-10-17 11:42:48] the idcode from the scanning is: 0x0
[Debug] [2025-10-17 11:42:48] the idcode from the scanning is: 0x0
[Debug] [2025-10-17 11:42:48] the idcode from the scanning is: 0x0
[Debug] [2025-10-17 11:42:48] the idcode from the scanning is: 0x0
[Debug] [2025-10-17 11:42:48] the idcode from the scanning is: 0x0
[Debug] [2025-10-17 11:42:48] the idcode from the scanning is: 0x0
[Debug] [2025-10-17 11:42:48] the idcode from the scanning is: 0x0
[Debug] [2025-10-17 11:42:48] the idcode from the scanning is: 0x0
[Debug] [2025-10-17 11:42:48] the idcode from the scanning is: 0x0
[Debug] [2025-10-17 11:42:48] cmd operation Open config cable releases locker
[Debug] [2025-10-17 11:42:57] connection error happens : 1connection error happens : 1
[Debug] [2025-10-17 11:42:57] connection error happens : 1connection error happens : 1
[Debug] [2025-10-17 11:42:57] connection state changes : 6 , socket description 3b0
[Warn] [2025-10-17 11:42:57] socket state is ListeningState
[Debug] [2025-10-17 11:42:57] connection state changes : 0 , socket description 3b0
[Warn] [2025-10-17 11:42:57] socket state is UnconnectedState
[Debug] [2025-10-17 11:42:57] connection state changes : 6 , socket description 47c
[Warn] [2025-10-17 11:42:57] socket state is ListeningState
[Debug] [2025-10-17 11:42:57] connection state changes : 0 , socket description 47c
[Warn] [2025-10-17 11:42:57] socket state is UnconnectedState
[Debug] [2025-10-17 11:42:57] socket descriptor 3b0is about to delete
[Debug] [2025-10-17 11:42:57] socket descriptor 47cis about to delete
[Debug] [2025-10-17 11:42:57] Add a new user_thread, socket descriptor is 478 user_thread id is 0000000000004924
[Debug] [2025-10-17 11:42:57] After adding, map size is : 1
[Debug] [2025-10-17 11:42:57] IP address of connecting client is : ::ffff:127.0.0.1
[Debug] [2025-10-17 11:42:57] Add a new user_thread, socket descriptor is 4c8 user_thread id is 0000000000004924
[Debug] [2025-10-17 11:42:57] After adding, map size is : 2
[Debug] [2025-10-17 11:42:57] IP address of connecting client is : ::ffff:127.0.0.1
[Debug] [2025-10-17 11:42:57] Remove the header data from the client, index : 0
[Debug] [2025-10-17 11:42:57] _total_bytes_size : a0
[Debug] [2025-10-17 11:42:57] Remove the header data from the client, index : 0
[Debug] [2025-10-17 11:42:57] _total_bytes_size : 60
[Debug] [2025-10-17 11:42:57] cmd id :9c4acmd name : get_cable_paras
[Debug] [2025-10-17 11:42:59] cmd operation get_cable_paras releases locker
[Debug] [2025-10-17 11:43:01] Remove the header data from the client, index : 0
[Debug] [2025-10-17 11:43:01] _total_bytes_size : 14c
[Debug] [2025-10-17 11:43:01] cmd id :9c4bcmd name : set_cable_paras
[Debug] [2025-10-17 11:43:01] cmd operation set_cable_paras releases locker
[Debug] [2025-10-17 11:43:02] Remove the header data from the client, index : 0
[Debug] [2025-10-17 11:43:02] _total_bytes_size : 65
[Debug] [2025-10-17 11:43:02] cmd id :4e21cmd name : Open config cable
[Debug] [2025-10-17 11:43:02] the idcode from the scanning is: 0x10601899
[Debug] [2025-10-17 11:43:02] the idcode from the scanning is: 0x0
[Debug] [2025-10-17 11:43:02] the idcode from the scanning is: 0x0
[Debug] [2025-10-17 11:43:02] the idcode from the scanning is: 0x0
[Debug] [2025-10-17 11:43:02] the idcode from the scanning is: 0x0
[Debug] [2025-10-17 11:43:02] cmd operation Open config cable releases locker
[Debug] [2025-10-17 11:43:15] Remove the header data from the client, index : 0
[Debug] [2025-10-17 11:43:15] _total_bytes_size : 35d
[Debug] [2025-10-17 11:43:15] cmd id :4f4ccmd name : Scan Outer SPI Flash
[Debug] [2025-10-17 11:43:16] the idcode from the scanning is: 0x10601899
[Debug] [2025-10-17 11:43:16] the idcode from the scanning is: 0x0
[Debug] [2025-10-17 11:43:16] the idcode from the scanning is: 0x0
[Debug] [2025-10-17 11:43:16] the idcode from the scanning is: 0x0
[Debug] [2025-10-17 11:43:16] the idcode from the scanning is: 0x0
[Debug] [2025-10-17 11:43:16] the value in the status register is :81ffca0
[Debug] [2025-10-17 11:43:16] flash_id is 1c7118
[Debug] [2025-10-17 11:43:16] cmd operation Scan Outer SPI Flash releases locker
[Debug] [2025-10-17 11:43:19] Remove the header data from the client, index : 0
[Debug] [2025-10-17 11:43:19] _total_bytes_size : 51a
[Debug] [2025-10-17 11:43:19] cmd id :4f4ecmd name : Erase Outer Flash
[Debug] [2025-10-17 11:43:19] begin to operate flash: cmd id = 4f4e
[Debug] [2025-10-17 11:43:19] the idcode from the scanning is: 0x10601899
[Debug] [2025-10-17 11:43:19] the idcode from the scanning is: 0x0
[Debug] [2025-10-17 11:43:19] the idcode from the scanning is: 0x0
[Debug] [2025-10-17 11:43:19] the idcode from the scanning is: 0x0
[Debug] [2025-10-17 11:43:19] the idcode from the scanning is: 0x0
[Debug] [2025-10-17 11:43:19] the value in the status register is :81ffca0
[Debug] [2025-10-17 11:43:19] flash_id is 1c7118
[Debug] [2025-10-17 11:43:19] the value in the status register is :81ffca0
[Debug] [2025-10-17 11:43:19] progress bar is 1
[Error] [2025-10-17 11:43:19] WaitForWIPFinish timeout, wait second ms:100
[Error] [2025-10-17 11:43:19] WaitForWIPFinish timeout, wait second ms:100
[Error] [2025-10-17 11:43:19] WaitForWIPFinish timeout, wait second ms:100
[Error] [2025-10-17 11:43:19] WaitForWIPFinish timeout, wait second ms:100
[Error] [2025-10-17 11:43:19] WaitForWIPFinish timeout, wait second ms:100
[Error] [2025-10-17 11:43:20] WaitForWIPFinish timeout, wait second ms:100
[Error] [2025-10-17 11:43:20] WaitForWIPFinish timeout, wait second ms:100
[Debug] [2025-10-17 11:43:20] progress bar is 7
[Error] [2025-10-17 11:43:20] WaitForWIPFinish timeout, wait second ms:100
[Error] [2025-10-17 11:43:20] WaitForWIPFinish timeout, wait second ms:100
[Debug] [2025-10-17 11:43:20] progress bar is 10
[Error] [2025-10-17 11:43:20] WaitForWIPFinish timeout, wait second ms:100
[Error] [2025-10-17 11:43:20] WaitForWIPFinish timeout, wait second ms:100
[Error] [2025-10-17 11:43:21] WaitForWIPFinish timeout, wait second ms:100
[Error] [2025-10-17 11:43:21] WaitForWIPFinish timeout, wait second ms:100
[Debug] [2025-10-17 11:43:21] progress bar is 17
[Error] [2025-10-17 11:43:21] WaitForWIPFinish timeout, wait second ms:100
[Error] [2025-10-17 11:43:21] WaitForWIPFinish timeout, wait second ms:100
[Debug] [2025-10-17 11:43:21] progress bar is 21
[Error] [2025-10-17 11:43:21] WaitForWIPFinish timeout, wait second ms:100
[Error] [2025-10-17 11:43:21] WaitForWIPFinish timeout, wait second ms:100
[Debug] [2025-10-17 11:43:21] progress bar is 25
[Error] [2025-10-17 11:43:22] WaitForWIPFinish timeout, wait second ms:100
[Error] [2025-10-17 11:43:22] WaitForWIPFinish timeout, wait second ms:100
[Error] [2025-10-17 11:43:22] WaitForWIPFinish timeout, wait second ms:100
[Error] [2025-10-17 11:43:22] WaitForWIPFinish timeout, wait second ms:100
[Debug] [2025-10-17 11:43:22] progress bar is 32
[Error] [2025-10-17 11:43:22] WaitForWIPFinish timeout, wait second ms:100
[Error] [2025-10-17 11:43:22] WaitForWIPFinish timeout, wait second ms:100
[Debug] [2025-10-17 11:43:22] progress bar is 35
[Error] [2025-10-17 11:43:23] WaitForWIPFinish timeout, wait second ms:100
[Error] [2025-10-17 11:43:23] WaitForWIPFinish timeout, wait second ms:100
[Error] [2025-10-17 11:43:23] WaitForWIPFinish timeout, wait second ms:100
[Error] [2025-10-17 11:43:23] WaitForWIPFinish timeout, wait second ms:100
[Debug] [2025-10-17 11:43:23] progress bar is 42
[Error] [2025-10-17 11:43:23] WaitForWIPFinish timeout, wait second ms:100
[Error] [2025-10-17 11:43:23] WaitForWIPFinish timeout, wait second ms:100
[Debug] [2025-10-17 11:43:23] progress bar is 46
[Error] [2025-10-17 11:43:24] WaitForWIPFinish timeout, wait second ms:100
[Error] [2025-10-17 11:43:24] WaitForWIPFinish timeout, wait second ms:100
[Debug] [2025-10-17 11:43:24] progress bar is 50
[Error] [2025-10-17 11:43:24] WaitForWIPFinish timeout, wait second ms:100
[Error] [2025-10-17 11:43:24] WaitForWIPFinish timeout, wait second ms:100
[Error] [2025-10-17 11:43:24] WaitForWIPFinish timeout, wait second ms:100
[Error] [2025-10-17 11:43:24] WaitForWIPFinish timeout, wait second ms:100
[Error] [2025-10-17 11:43:24] WaitForWIPFinish timeout, wait second ms:100
[Debug] [2025-10-17 11:43:25] progress bar is 57
[Error] [2025-10-17 11:43:25] WaitForWIPFinish timeout, wait second ms:100
[Error] [2025-10-17 11:43:25] WaitForWIPFinish timeout, wait second ms:100
[Error] [2025-10-17 11:43:25] WaitForWIPFinish timeout, wait second ms:100
[Debug] [2025-10-17 11:43:25] progress bar is 60
[Error] [2025-10-17 11:43:25] WaitForWIPFinish timeout, wait second ms:100
[Error] [2025-10-17 11:43:25] WaitForWIPFinish timeout, wait second ms:100
[Error] [2025-10-17 11:43:25] WaitForWIPFinish timeout, wait second ms:100
[Error] [2025-10-17 11:43:25] WaitForWIPFinish timeout, wait second ms:100
[Debug] [2025-10-17 11:43:26] progress bar is 67
[Error] [2025-10-17 11:43:26] WaitForWIPFinish timeout, wait second ms:100
[Error] [2025-10-17 11:43:26] WaitForWIPFinish timeout, wait second ms:100
[Debug] [2025-10-17 11:43:26] progress bar is 71
[Error] [2025-10-17 11:43:26] WaitForWIPFinish timeout, wait second ms:100
[Error] [2025-10-17 11:43:26] WaitForWIPFinish timeout, wait second ms:100
[Debug] [2025-10-17 11:43:26] progress bar is 75
[Error] [2025-10-17 11:43:26] WaitForWIPFinish timeout, wait second ms:100
[Error] [2025-10-17 11:43:26] WaitForWIPFinish timeout, wait second ms:100
[Error] [2025-10-17 11:43:27] WaitForWIPFinish timeout, wait second ms:100
[Error] [2025-10-17 11:43:27] WaitForWIPFinish timeout, wait second ms:100
[Debug] [2025-10-17 11:43:27] progress bar is 82
[Error] [2025-10-17 11:43:27] WaitForWIPFinish timeout, wait second ms:100
[Error] [2025-10-17 11:43:27] WaitForWIPFinish timeout, wait second ms:100
[Debug] [2025-10-17 11:43:27] progress bar is 85
[Error] [2025-10-17 11:43:27] WaitForWIPFinish timeout, wait second ms:100
[Error] [2025-10-17 11:43:27] WaitForWIPFinish timeout, wait second ms:100
[Error] [2025-10-17 11:43:28] WaitForWIPFinish timeout, wait second ms:100
[Error] [2025-10-17 11:43:28] WaitForWIPFinish timeout, wait second ms:100
[Debug] [2025-10-17 11:43:28] progress bar is 92
[Error] [2025-10-17 11:43:28] WaitForWIPFinish timeout, wait second ms:100
[Error] [2025-10-17 11:43:28] WaitForWIPFinish timeout, wait second ms:100
[Debug] [2025-10-17 11:43:28] progress bar is 96
[Debug] [2025-10-17 11:43:28] progress bar is 100
[Debug] [2025-10-17 11:43:28] end to operate flash: cmd id = 20302
[Debug] [2025-10-17 11:43:28] cmd operation Erase Outer Flash releases locker
[Debug] [2025-10-17 11:43:28] Remove the header data from the client, index : 0
[Debug] [2025-10-17 11:43:28] _total_bytes_size : 1303
[Debug] [2025-10-17 11:43:28] cmd id :20301cmd name : Program Outer Flash
[Debug] [2025-10-17 11:43:28] begin to operate flash: cmd id = 20301
[Debug] [2025-10-17 11:43:29] the idcode from the scanning is: 0x10601899
[Debug] [2025-10-17 11:43:29] the idcode from the scanning is: 0x0
[Debug] [2025-10-17 11:43:29] the idcode from the scanning is: 0x0
[Debug] [2025-10-17 11:43:29] the idcode from the scanning is: 0x0
[Debug] [2025-10-17 11:43:29] the idcode from the scanning is: 0x0
[Debug] [2025-10-17 11:43:29] the value in the status register is :81ffca0
[Debug] [2025-10-17 11:43:29] flash_id is 1c7118
[Debug] [2025-10-17 11:43:29] The value of GigaDevice status register 1 is 0x
[Debug] [2025-10-17 11:43:29] progress bar is 1
[Debug] [2025-10-17 11:43:30] progress bar is 6
[Debug] [2025-10-17 11:43:31] progress bar is 10
[Debug] [2025-10-17 11:43:33] progress bar is 15
[Debug] [2025-10-17 11:43:34] progress bar is 20
[Debug] [2025-10-17 11:43:36] progress bar is 25
[Debug] [2025-10-17 11:43:37] progress bar is 30
[Debug] [2025-10-17 11:43:39] progress bar is 35
[Debug] [2025-10-17 11:43:40] progress bar is 40
[Debug] [2025-10-17 11:43:41] progress bar is 45
[Debug] [2025-10-17 11:43:43] progress bar is 50
[Debug] [2025-10-17 11:43:44] progress bar is 55
[Debug] [2025-10-17 11:43:46] progress bar is 60
[Debug] [2025-10-17 11:43:47] progress bar is 65
[Debug] [2025-10-17 11:43:49] progress bar is 70
[Debug] [2025-10-17 11:43:50] progress bar is 75
[Debug] [2025-10-17 11:43:51] progress bar is 80
[Debug] [2025-10-17 11:43:53] progress bar is 85
[Debug] [2025-10-17 11:43:54] progress bar is 90
[Debug] [2025-10-17 11:43:56] progress bar is 95
[Debug] [2025-10-17 11:43:57] progress bar is 100
[Debug] [2025-10-17 11:43:57] end to operate flash: cmd id = 20301
[Debug] [2025-10-17 11:43:57] cmd operation Program Outer Flash releases locker
[Debug] [2025-10-17 11:43:57] Remove the header data from the client, index : 0
[Debug] [2025-10-17 11:43:57] _total_bytes_size : 1301
[Debug] [2025-10-17 11:43:57] cmd id :20303cmd name : Verify Outer Flash
[Debug] [2025-10-17 11:43:57] begin to operate flash: cmd id = 20303
[Debug] [2025-10-17 11:43:57] the idcode from the scanning is: 0x10601899
[Debug] [2025-10-17 11:43:57] the idcode from the scanning is: 0x0
[Debug] [2025-10-17 11:43:57] the idcode from the scanning is: 0x0
[Debug] [2025-10-17 11:43:57] the idcode from the scanning is: 0x0
[Debug] [2025-10-17 11:43:57] the idcode from the scanning is: 0x0
[Debug] [2025-10-17 11:43:57] the value in the status register is :81ffca0
[Debug] [2025-10-17 11:43:57] flash_id is 1c7118
[Debug] [2025-10-17 11:43:57] the value in the status register is :81ffca0
[Debug] [2025-10-17 11:43:57] progress bar is 1
[Debug] [2025-10-17 11:43:58] progress bar is 6
[Debug] [2025-10-17 11:43:58] progress bar is 10
[Debug] [2025-10-17 11:43:58] progress bar is 15
[Debug] [2025-10-17 11:43:58] progress bar is 20
[Debug] [2025-10-17 11:43:58] progress bar is 25
[Debug] [2025-10-17 11:43:58] progress bar is 30
[Debug] [2025-10-17 11:43:58] progress bar is 35
[Debug] [2025-10-17 11:43:58] progress bar is 40
[Debug] [2025-10-17 11:43:58] progress bar is 45
[Debug] [2025-10-17 11:43:58] progress bar is 50
[Debug] [2025-10-17 11:43:59] progress bar is 55
[Debug] [2025-10-17 11:43:59] progress bar is 60
[Debug] [2025-10-17 11:43:59] progress bar is 65
[Debug] [2025-10-17 11:43:59] progress bar is 70
[Debug] [2025-10-17 11:43:59] progress bar is 75
[Debug] [2025-10-17 11:43:59] progress bar is 80
[Debug] [2025-10-17 11:43:59] progress bar is 85
[Debug] [2025-10-17 11:43:59] progress bar is 90
[Debug] [2025-10-17 11:43:59] progress bar is 95
[Debug] [2025-10-17 11:43:59] progress bar is 100
[Debug] [2025-10-17 11:44:00] end to operate flash: cmd id = 20303
[Debug] [2025-10-17 11:44:00] cmd operation Verify Outer Flash releases locker
[Debug] [2025-10-17 11:53:01] Remove the header data from the client, index : 0
[Debug] [2025-10-17 11:53:01] _total_bytes_size : 1306
[Debug] [2025-10-17 11:53:01] cmd id :20302cmd name : Erase Outer Flash
[Debug] [2025-10-17 11:53:01] begin to operate flash: cmd id = 20302
[Debug] [2025-10-17 11:53:02] the idcode from the scanning is: 0x10601899
[Debug] [2025-10-17 11:53:02] the idcode from the scanning is: 0x0
[Debug] [2025-10-17 11:53:02] the idcode from the scanning is: 0x0
[Debug] [2025-10-17 11:53:02] the idcode from the scanning is: 0x0
[Debug] [2025-10-17 11:53:02] the idcode from the scanning is: 0x0
[Debug] [2025-10-17 11:53:02] the value in the status register is :81ffca0
[Debug] [2025-10-17 11:53:02] flash_id is 1c7118
[Debug] [2025-10-17 11:53:02] the value in the status register is :81ffca0
[Debug] [2025-10-17 11:53:02] progress bar is 1
[Error] [2025-10-17 11:53:02] WaitForWIPFinish timeout, wait second ms:100
[Error] [2025-10-17 11:53:02] WaitForWIPFinish timeout, wait second ms:100
[Error] [2025-10-17 11:53:02] WaitForWIPFinish timeout, wait second ms:100
[Error] [2025-10-17 11:53:02] WaitForWIPFinish timeout, wait second ms:100
[Error] [2025-10-17 11:53:02] WaitForWIPFinish timeout, wait second ms:100
[Error] [2025-10-17 11:53:02] WaitForWIPFinish timeout, wait second ms:100
[Error] [2025-10-17 11:53:03] WaitForWIPFinish timeout, wait second ms:100
[Error] [2025-10-17 11:53:03] WaitForWIPFinish timeout, wait second ms:100
[Debug] [2025-10-17 11:53:03] progress bar is 6
[Error] [2025-10-17 11:53:03] WaitForWIPFinish timeout, wait second ms:100
[Error] [2025-10-17 11:53:03] WaitForWIPFinish timeout, wait second ms:100
[Debug] [2025-10-17 11:53:03] progress bar is 10
[Error] [2025-10-17 11:53:03] WaitForWIPFinish timeout, wait second ms:100
[Error] [2025-10-17 11:53:03] WaitForWIPFinish timeout, wait second ms:100
[Error] [2025-10-17 11:53:04] WaitForWIPFinish timeout, wait second ms:100
[Error] [2025-10-17 11:53:04] WaitForWIPFinish timeout, wait second ms:100
[Debug] [2025-10-17 11:53:04] progress bar is 16
[Error] [2025-10-17 11:53:04] WaitForWIPFinish timeout, wait second ms:100
[Error] [2025-10-17 11:53:04] WaitForWIPFinish timeout, wait second ms:100
[Debug] [2025-10-17 11:53:04] progress bar is 20
[Error] [2025-10-17 11:53:04] WaitForWIPFinish timeout, wait second ms:100
[Error] [2025-10-17 11:53:04] WaitForWIPFinish timeout, wait second ms:100
[Error] [2025-10-17 11:53:04] WaitForWIPFinish timeout, wait second ms:100
[Error] [2025-10-17 11:53:05] WaitForWIPFinish timeout, wait second ms:100
[Debug] [2025-10-17 11:53:05] progress bar is 26
[Error] [2025-10-17 11:53:05] WaitForWIPFinish timeout, wait second ms:100
[Error] [2025-10-17 11:53:05] WaitForWIPFinish timeout, wait second ms:100
[Debug] [2025-10-17 11:53:05] progress bar is 30
[Error] [2025-10-17 11:53:05] WaitForWIPFinish timeout, wait second ms:100
[Error] [2025-10-17 11:53:05] WaitForWIPFinish timeout, wait second ms:100
[Error] [2025-10-17 11:53:05] WaitForWIPFinish timeout, wait second ms:100
[Error] [2025-10-17 11:53:06] WaitForWIPFinish timeout, wait second ms:100
[Error] [2025-10-17 11:53:06] WaitForWIPFinish timeout, wait second ms:100
[Error] [2025-10-17 11:53:06] WaitForWIPFinish timeout, wait second ms:100
[Debug] [2025-10-17 11:53:06] progress bar is 36
[Error] [2025-10-17 11:53:06] WaitForWIPFinish timeout, wait second ms:100
[Error] [2025-10-17 11:53:06] WaitForWIPFinish timeout, wait second ms:100
[Error] [2025-10-17 11:53:06] WaitForWIPFinish timeout, wait second ms:100
[Debug] [2025-10-17 11:53:06] progress bar is 40
[Error] [2025-10-17 11:53:06] WaitForWIPFinish timeout, wait second ms:100
[Error] [2025-10-17 11:53:07] WaitForWIPFinish timeout, wait second ms:100
[Error] [2025-10-17 11:53:07] WaitForWIPFinish timeout, wait second ms:100
[Error] [2025-10-17 11:53:07] WaitForWIPFinish timeout, wait second ms:100
[Debug] [2025-10-17 11:53:07] progress bar is 46
[Error] [2025-10-17 11:53:07] WaitForWIPFinish timeout, wait second ms:100
[Error] [2025-10-17 11:53:07] WaitForWIPFinish timeout, wait second ms:100
[Debug] [2025-10-17 11:53:07] progress bar is 50
[Error] [2025-10-17 11:53:07] WaitForWIPFinish timeout, wait second ms:100
[Error] [2025-10-17 11:53:07] WaitForWIPFinish timeout, wait second ms:100
[Error] [2025-10-17 11:53:08] WaitForWIPFinish timeout, wait second ms:100
[Error] [2025-10-17 11:53:08] WaitForWIPFinish timeout, wait second ms:100
[Debug] [2025-10-17 11:53:08] progress bar is 56
[Error] [2025-10-17 11:53:08] WaitForWIPFinish timeout, wait second ms:100
[Error] [2025-10-17 11:53:08] WaitForWIPFinish timeout, wait second ms:100
[Debug] [2025-10-17 11:53:08] progress bar is 60
[Error] [2025-10-17 11:53:08] WaitForWIPFinish timeout, wait second ms:100
[Error] [2025-10-17 11:53:08] WaitForWIPFinish timeout, wait second ms:100
[Error] [2025-10-17 11:53:09] WaitForWIPFinish timeout, wait second ms:100
[Error] [2025-10-17 11:53:09] WaitForWIPFinish timeout, wait second ms:100
[Debug] [2025-10-17 11:53:09] progress bar is 66
[Error] [2025-10-17 11:53:09] WaitForWIPFinish timeout, wait second ms:100
[Error] [2025-10-17 11:53:09] WaitForWIPFinish timeout, wait second ms:100
[Debug] [2025-10-17 11:53:09] progress bar is 70
[Error] [2025-10-17 11:53:09] WaitForWIPFinish timeout, wait second ms:100
[Error] [2025-10-17 11:53:09] WaitForWIPFinish timeout, wait second ms:100
[Error] [2025-10-17 11:53:10] WaitForWIPFinish timeout, wait second ms:100
[Error] [2025-10-17 11:53:10] WaitForWIPFinish timeout, wait second ms:100
[Debug] [2025-10-17 11:53:10] progress bar is 76
[Error] [2025-10-17 11:53:10] WaitForWIPFinish timeout, wait second ms:100
[Error] [2025-10-17 11:53:10] WaitForWIPFinish timeout, wait second ms:100
[Debug] [2025-10-17 11:53:10] progress bar is 80
[Error] [2025-10-17 11:53:10] WaitForWIPFinish timeout, wait second ms:100
[Error] [2025-10-17 11:53:10] WaitForWIPFinish timeout, wait second ms:100
[Error] [2025-10-17 11:53:11] WaitForWIPFinish timeout, wait second ms:100
[Error] [2025-10-17 11:53:11] WaitForWIPFinish timeout, wait second ms:100
[Debug] [2025-10-17 11:53:11] progress bar is 86
[Error] [2025-10-17 11:53:11] WaitForWIPFinish timeout, wait second ms:100
[Error] [2025-10-17 11:53:11] WaitForWIPFinish timeout, wait second ms:100
[Debug] [2025-10-17 11:53:11] progress bar is 90
[Error] [2025-10-17 11:53:11] WaitForWIPFinish timeout, wait second ms:100
[Error] [2025-10-17 11:53:11] WaitForWIPFinish timeout, wait second ms:100
[Error] [2025-10-17 11:53:12] WaitForWIPFinish timeout, wait second ms:100
[Error] [2025-10-17 11:53:12] WaitForWIPFinish timeout, wait second ms:100
[Error] [2025-10-17 11:53:12] WaitForWIPFinish timeout, wait second ms:100
[Debug] [2025-10-17 11:53:12] progress bar is 96
[Debug] [2025-10-17 11:53:12] progress bar is 100
[Debug] [2025-10-17 11:53:12] end to operate flash: cmd id = 20302
[Debug] [2025-10-17 11:53:12] cmd operation Erase Outer Flash releases locker
[Debug] [2025-10-17 11:53:12] Remove the header data from the client, index : 0
[Debug] [2025-10-17 11:53:12] _total_bytes_size : 1303
[Debug] [2025-10-17 11:53:12] cmd id :20301cmd name : Program Outer Flash
[Debug] [2025-10-17 11:53:12] begin to operate flash: cmd id = 20301
[Debug] [2025-10-17 11:53:12] the idcode from the scanning is: 0x10601899
[Debug] [2025-10-17 11:53:12] the idcode from the scanning is: 0x0
[Debug] [2025-10-17 11:53:12] the idcode from the scanning is: 0x0
[Debug] [2025-10-17 11:53:12] the idcode from the scanning is: 0x0
[Debug] [2025-10-17 11:53:12] the idcode from the scanning is: 0x0
[Debug] [2025-10-17 11:53:12] the value in the status register is :81ffca0
[Debug] [2025-10-17 11:53:12] flash_id is 1c7118
[Debug] [2025-10-17 11:53:12] The value of GigaDevice status register 1 is 0x
[Debug] [2025-10-17 11:53:12] progress bar is 1
[Debug] [2025-10-17 11:53:14] progress bar is 6
[Debug] [2025-10-17 11:53:15] progress bar is 10
[Debug] [2025-10-17 11:53:17] progress bar is 15
[Debug] [2025-10-17 11:53:18] progress bar is 20
[Debug] [2025-10-17 11:53:20] progress bar is 25
[Debug] [2025-10-17 11:53:21] progress bar is 30
[Debug] [2025-10-17 11:53:23] progress bar is 35
[Debug] [2025-10-17 11:53:24] progress bar is 40
[Debug] [2025-10-17 11:53:26] progress bar is 45
[Debug] [2025-10-17 11:53:28] progress bar is 50
[Debug] [2025-10-17 11:53:29] progress bar is 55
[Debug] [2025-10-17 11:53:31] progress bar is 60
[Debug] [2025-10-17 11:53:32] progress bar is 65
[Debug] [2025-10-17 11:53:34] progress bar is 70
[Debug] [2025-10-17 11:53:35] progress bar is 75
[Debug] [2025-10-17 11:53:37] progress bar is 80
[Debug] [2025-10-17 11:53:38] progress bar is 85
[Debug] [2025-10-17 11:53:40] progress bar is 90
[Debug] [2025-10-17 11:53:41] progress bar is 95
[Debug] [2025-10-17 11:53:43] progress bar is 100
[Debug] [2025-10-17 11:53:43] end to operate flash: cmd id = 20301
[Debug] [2025-10-17 11:53:43] cmd operation Program Outer Flash releases locker
[Debug] [2025-10-17 11:53:43] Remove the header data from the client, index : 0
[Debug] [2025-10-17 11:53:43] _total_bytes_size : 1301
[Debug] [2025-10-17 11:53:43] cmd id :20303cmd name : Verify Outer Flash
[Debug] [2025-10-17 11:53:43] begin to operate flash: cmd id = 20303
[Debug] [2025-10-17 11:53:43] the idcode from the scanning is: 0x10601899
[Debug] [2025-10-17 11:53:43] the idcode from the scanning is: 0x0
[Debug] [2025-10-17 11:53:43] the idcode from the scanning is: 0x0
[Debug] [2025-10-17 11:53:43] the idcode from the scanning is: 0x0
[Debug] [2025-10-17 11:53:43] the idcode from the scanning is: 0x0
[Debug] [2025-10-17 11:53:43] the value in the status register is :81ffca0
[Debug] [2025-10-17 11:53:43] flash_id is 1c7118
[Debug] [2025-10-17 11:53:43] the value in the status register is :81ffca0
[Debug] [2025-10-17 11:53:43] progress bar is 1
[Debug] [2025-10-17 11:53:43] progress bar is 6
[Debug] [2025-10-17 11:53:43] progress bar is 10
[Debug] [2025-10-17 11:53:43] progress bar is 15
[Debug] [2025-10-17 11:53:44] progress bar is 20
[Debug] [2025-10-17 11:53:44] progress bar is 25
[Debug] [2025-10-17 11:53:44] progress bar is 30
[Debug] [2025-10-17 11:53:44] progress bar is 35
[Debug] [2025-10-17 11:53:44] progress bar is 40
[Debug] [2025-10-17 11:53:44] progress bar is 45
[Debug] [2025-10-17 11:53:44] progress bar is 50
[Debug] [2025-10-17 11:53:44] progress bar is 55
[Debug] [2025-10-17 11:53:44] progress bar is 60
[Debug] [2025-10-17 11:53:44] progress bar is 65
[Debug] [2025-10-17 11:53:44] progress bar is 70
[Debug] [2025-10-17 11:53:45] progress bar is 75
[Debug] [2025-10-17 11:53:45] progress bar is 80
[Debug] [2025-10-17 11:53:45] progress bar is 85
[Debug] [2025-10-17 11:53:45] progress bar is 90
[Debug] [2025-10-17 11:53:45] progress bar is 95
[Debug] [2025-10-17 11:53:45] progress bar is 100
[Debug] [2025-10-17 11:53:45] end to operate flash: cmd id = 20303
[Debug] [2025-10-17 11:53:45] cmd operation Verify Outer Flash releases locker
[Info] [2025-10-17 12:02:39] /***************************Start jtagserver***************************/
[Info] [2025-10-17 12:02:39] Path: C:/pango/PDS_2022.2-SP6.4/bin
[Info] [2025-10-17 12:02:39] Version: 146967
[Debug] [2025-10-17 12:02:40] Add a new user_thread, socket descriptor is 1032 user_thread id is 0000000000008D78
[Debug] [2025-10-17 12:02:40] After adding, map size is : 1
[Debug] [2025-10-17 12:02:40] Add a new user_thread, socket descriptor is 948 user_thread id is 0000000000008D78
[Debug] [2025-10-17 12:02:40] After adding, map size is : 2
[Debug] [2025-10-17 12:02:40] IP address of connecting client is : ::ffff:127.0.0.1
[Debug] [2025-10-17 12:02:40] IP address of connecting client is : ::ffff:127.0.0.1
[Debug] [2025-10-17 12:02:40] Remove the header data from the client, index : 0
[Debug] [2025-10-17 12:02:40] _total_bytes_size : 160
[Debug] [2025-10-17 12:02:40] Remove the header data from the client, index : 0
[Debug] [2025-10-17 12:02:40] _total_bytes_size : 96
[Debug] [2025-10-17 12:02:40] cmd id :40010cmd name : get_cable_paras
[Debug] [2025-10-17 12:02:41] cmd operation get_cable_paras releases locker
[Debug] [2025-10-17 12:02:41] Remove the header data from the client, index : 0
[Debug] [2025-10-17 12:02:41] _total_bytes_size : 101
[Debug] [2025-10-17 12:02:41] cmd id :20001cmd name : Open config cable
[Debug] [2025-10-17 12:02:42] the idcode from the scanning is: 0x10601899
[Debug] [2025-10-17 12:02:42] the idcode from the scanning is: 0x0
[Debug] [2025-10-17 12:02:42] the idcode from the scanning is: 0x0
[Debug] [2025-10-17 12:02:42] the idcode from the scanning is: 0x0
[Debug] [2025-10-17 12:02:42] the idcode from the scanning is: 0x0
[Debug] [2025-10-17 12:02:42] cmd operation Open config cable releases locker
[Debug] [2025-10-17 12:02:56] Remove the header data from the client, index : 0
[Debug] [2025-10-17 12:02:56] _total_bytes_size : 35d
[Debug] [2025-10-17 12:02:56] cmd id :4f4ccmd name : Scan Outer SPI Flash
[Debug] [2025-10-17 12:02:56] the idcode from the scanning is: 0x10601899
[Debug] [2025-10-17 12:02:56] the idcode from the scanning is: 0x0
[Debug] [2025-10-17 12:02:56] the idcode from the scanning is: 0x0
[Debug] [2025-10-17 12:02:56] the idcode from the scanning is: 0x0
[Debug] [2025-10-17 12:02:56] the idcode from the scanning is: 0x0
[Debug] [2025-10-17 12:02:56] the value in the status register is :81ffca0
[Debug] [2025-10-17 12:02:56] flash_id is 1c7118
[Debug] [2025-10-17 12:02:57] cmd operation Scan Outer SPI Flash releases locker
[Debug] [2025-10-17 12:02:58] Remove the header data from the client, index : 0
[Debug] [2025-10-17 12:02:58] _total_bytes_size : 51a
[Debug] [2025-10-17 12:02:58] cmd id :4f4ecmd name : Erase Outer Flash
[Debug] [2025-10-17 12:02:58] begin to operate flash: cmd id = 4f4e
[Debug] [2025-10-17 12:02:59] the idcode from the scanning is: 0x10601899
[Debug] [2025-10-17 12:02:59] the idcode from the scanning is: 0x0
[Debug] [2025-10-17 12:02:59] the idcode from the scanning is: 0x0
[Debug] [2025-10-17 12:02:59] the idcode from the scanning is: 0x0
[Debug] [2025-10-17 12:02:59] the idcode from the scanning is: 0x0
[Debug] [2025-10-17 12:02:59] the value in the status register is :81ffca0
[Debug] [2025-10-17 12:02:59] flash_id is 1c7118
[Debug] [2025-10-17 12:02:59] the value in the status register is :81ffca0
[Debug] [2025-10-17 12:02:59] progress bar is 1
[Error] [2025-10-17 12:02:59] WaitForWIPFinish timeout, wait second ms:100
[Error] [2025-10-17 12:02:59] WaitForWIPFinish timeout, wait second ms:100
[Error] [2025-10-17 12:02:59] WaitForWIPFinish timeout, wait second ms:100
[Error] [2025-10-17 12:02:59] WaitForWIPFinish timeout, wait second ms:100
[Error] [2025-10-17 12:02:59] WaitForWIPFinish timeout, wait second ms:100
[Error] [2025-10-17 12:02:59] WaitForWIPFinish timeout, wait second ms:100
[Error] [2025-10-17 12:03:00] WaitForWIPFinish timeout, wait second ms:100
[Debug] [2025-10-17 12:03:00] progress bar is 6
[Error] [2025-10-17 12:03:00] WaitForWIPFinish timeout, wait second ms:100
[Error] [2025-10-17 12:03:00] WaitForWIPFinish timeout, wait second ms:100
[Debug] [2025-10-17 12:03:00] progress bar is 10
[Error] [2025-10-17 12:03:00] WaitForWIPFinish timeout, wait second ms:100
[Error] [2025-10-17 12:03:00] WaitForWIPFinish timeout, wait second ms:100
[Error] [2025-10-17 12:03:00] WaitForWIPFinish timeout, wait second ms:100
[Error] [2025-10-17 12:03:01] WaitForWIPFinish timeout, wait second ms:100
[Debug] [2025-10-17 12:03:01] progress bar is 16
[Error] [2025-10-17 12:03:01] WaitForWIPFinish timeout, wait second ms:100
[Error] [2025-10-17 12:03:01] WaitForWIPFinish timeout, wait second ms:100
[Debug] [2025-10-17 12:03:01] progress bar is 20
[Error] [2025-10-17 12:03:01] WaitForWIPFinish timeout, wait second ms:100
[Error] [2025-10-17 12:03:01] WaitForWIPFinish timeout, wait second ms:100
[Error] [2025-10-17 12:03:01] WaitForWIPFinish timeout, wait second ms:100
[Error] [2025-10-17 12:03:01] WaitForWIPFinish timeout, wait second ms:100
[Debug] [2025-10-17 12:03:02] progress bar is 26
[Error] [2025-10-17 12:03:02] WaitForWIPFinish timeout, wait second ms:100
[Error] [2025-10-17 12:03:02] WaitForWIPFinish timeout, wait second ms:100
[Debug] [2025-10-17 12:03:02] progress bar is 30
[Error] [2025-10-17 12:03:02] WaitForWIPFinish timeout, wait second ms:100
[Error] [2025-10-17 12:03:02] WaitForWIPFinish timeout, wait second ms:100
[Error] [2025-10-17 12:03:02] WaitForWIPFinish timeout, wait second ms:100
[Error] [2025-10-17 12:03:02] WaitForWIPFinish timeout, wait second ms:100
[Debug] [2025-10-17 12:03:03] progress bar is 36
[Error] [2025-10-17 12:03:03] WaitForWIPFinish timeout, wait second ms:100
[Error] [2025-10-17 12:03:03] WaitForWIPFinish timeout, wait second ms:100
[Debug] [2025-10-17 12:03:03] progress bar is 40
[Error] [2025-10-17 12:03:03] WaitForWIPFinish timeout, wait second ms:100
[Error] [2025-10-17 12:03:03] WaitForWIPFinish timeout, wait second ms:100
[Error] [2025-10-17 12:03:03] WaitForWIPFinish timeout, wait second ms:100
[Error] [2025-10-17 12:03:03] WaitForWIPFinish timeout, wait second ms:100
[Error] [2025-10-17 12:03:04] WaitForWIPFinish timeout, wait second ms:100
[Debug] [2025-10-17 12:03:04] progress bar is 46
[Error] [2025-10-17 12:03:04] WaitForWIPFinish timeout, wait second ms:100
[Error] [2025-10-17 12:03:04] WaitForWIPFinish timeout, wait second ms:100
[Debug] [2025-10-17 12:03:04] progress bar is 50
[Error] [2025-10-17 12:03:04] WaitForWIPFinish timeout, wait second ms:100
[Error] [2025-10-17 12:03:04] WaitForWIPFinish timeout, wait second ms:100
[Error] [2025-10-17 12:03:04] WaitForWIPFinish timeout, wait second ms:100
[Error] [2025-10-17 12:03:04] WaitForWIPFinish timeout, wait second ms:100
[Error] [2025-10-17 12:03:05] WaitForWIPFinish timeout, wait second ms:100
[Debug] [2025-10-17 12:03:05] progress bar is 56
[Error] [2025-10-17 12:03:05] WaitForWIPFinish timeout, wait second ms:100
[Error] [2025-10-17 12:03:05] WaitForWIPFinish timeout, wait second ms:100
[Debug] [2025-10-17 12:03:05] progress bar is 60
[Error] [2025-10-17 12:03:05] WaitForWIPFinish timeout, wait second ms:100
[Error] [2025-10-17 12:03:05] WaitForWIPFinish timeout, wait second ms:100
[Error] [2025-10-17 12:03:05] WaitForWIPFinish timeout, wait second ms:100
[Error] [2025-10-17 12:03:06] WaitForWIPFinish timeout, wait second ms:100
[Debug] [2025-10-17 12:03:06] progress bar is 66
[Error] [2025-10-17 12:03:06] WaitForWIPFinish timeout, wait second ms:100
[Error] [2025-10-17 12:03:06] WaitForWIPFinish timeout, wait second ms:100
[Debug] [2025-10-17 12:03:06] progress bar is 70
[Error] [2025-10-17 12:03:06] WaitForWIPFinish timeout, wait second ms:100
[Error] [2025-10-17 12:03:06] WaitForWIPFinish timeout, wait second ms:100
[Error] [2025-10-17 12:03:06] WaitForWIPFinish timeout, wait second ms:100
[Error] [2025-10-17 12:03:06] WaitForWIPFinish timeout, wait second ms:100
[Debug] [2025-10-17 12:03:07] progress bar is 76
[Error] [2025-10-17 12:03:07] WaitForWIPFinish timeout, wait second ms:100
[Error] [2025-10-17 12:03:07] WaitForWIPFinish timeout, wait second ms:100
[Debug] [2025-10-17 12:03:07] progress bar is 80
[Error] [2025-10-17 12:03:07] WaitForWIPFinish timeout, wait second ms:100
[Error] [2025-10-17 12:03:07] WaitForWIPFinish timeout, wait second ms:100
[Error] [2025-10-17 12:03:07] WaitForWIPFinish timeout, wait second ms:100
[Error] [2025-10-17 12:03:07] WaitForWIPFinish timeout, wait second ms:100
[Debug] [2025-10-17 12:03:08] progress bar is 86
[Error] [2025-10-17 12:03:08] WaitForWIPFinish timeout, wait second ms:100
[Error] [2025-10-17 12:03:08] WaitForWIPFinish timeout, wait second ms:100
[Debug] [2025-10-17 12:03:08] progress bar is 90
[Error] [2025-10-17 12:03:08] WaitForWIPFinish timeout, wait second ms:100
[Error] [2025-10-17 12:03:08] WaitForWIPFinish timeout, wait second ms:100
[Error] [2025-10-17 12:03:08] WaitForWIPFinish timeout, wait second ms:100
[Error] [2025-10-17 12:03:08] WaitForWIPFinish timeout, wait second ms:100
[Debug] [2025-10-17 12:03:09] progress bar is 96
[Debug] [2025-10-17 12:03:09] progress bar is 100
[Debug] [2025-10-17 12:03:09] end to operate flash: cmd id = 20302
[Debug] [2025-10-17 12:03:09] cmd operation Erase Outer Flash releases locker
[Debug] [2025-10-17 12:03:09] Remove the header data from the client, index : 0
[Debug] [2025-10-17 12:03:09] _total_bytes_size : 1303
[Debug] [2025-10-17 12:03:09] cmd id :20301cmd name : Program Outer Flash
[Debug] [2025-10-17 12:03:09] begin to operate flash: cmd id = 20301
[Debug] [2025-10-17 12:03:09] the idcode from the scanning is: 0x10601899
[Debug] [2025-10-17 12:03:09] the idcode from the scanning is: 0x0
[Debug] [2025-10-17 12:03:09] the idcode from the scanning is: 0x0
[Debug] [2025-10-17 12:03:09] the idcode from the scanning is: 0x0
[Debug] [2025-10-17 12:03:09] the idcode from the scanning is: 0x0
[Debug] [2025-10-17 12:03:09] the value in the status register is :81ffca0
[Debug] [2025-10-17 12:03:09] flash_id is 1c7118
[Debug] [2025-10-17 12:03:09] The value of GigaDevice status register 1 is 0x
[Debug] [2025-10-17 12:03:09] progress bar is 1
[Debug] [2025-10-17 12:03:11] progress bar is 6
[Debug] [2025-10-17 12:03:12] progress bar is 10
[Debug] [2025-10-17 12:03:13] progress bar is 15
[Debug] [2025-10-17 12:03:15] progress bar is 20
[Debug] [2025-10-17 12:03:16] progress bar is 25
[Debug] [2025-10-17 12:03:18] progress bar is 30
[Debug] [2025-10-17 12:03:20] progress bar is 35
[Debug] [2025-10-17 12:03:21] progress bar is 40
[Debug] [2025-10-17 12:03:23] progress bar is 45
[Debug] [2025-10-17 12:03:24] progress bar is 50
[Debug] [2025-10-17 12:03:26] progress bar is 55
[Debug] [2025-10-17 12:03:27] progress bar is 60
[Debug] [2025-10-17 12:03:29] progress bar is 65
[Debug] [2025-10-17 12:03:30] progress bar is 70
[Debug] [2025-10-17 12:03:32] progress bar is 75
[Debug] [2025-10-17 12:03:33] progress bar is 80
[Debug] [2025-10-17 12:03:35] progress bar is 85
[Debug] [2025-10-17 12:03:36] progress bar is 90
[Debug] [2025-10-17 12:03:38] progress bar is 95
[Debug] [2025-10-17 12:03:39] progress bar is 100
[Debug] [2025-10-17 12:03:40] end to operate flash: cmd id = 20301
[Debug] [2025-10-17 12:03:40] cmd operation Program Outer Flash releases locker
[Debug] [2025-10-17 12:03:40] Remove the header data from the client, index : 0
[Debug] [2025-10-17 12:03:40] _total_bytes_size : 1301
[Debug] [2025-10-17 12:03:40] cmd id :20303cmd name : Verify Outer Flash
[Debug] [2025-10-17 12:03:40] begin to operate flash: cmd id = 20303
[Debug] [2025-10-17 12:03:40] the idcode from the scanning is: 0x10601899
[Debug] [2025-10-17 12:03:40] the idcode from the scanning is: 0x0
[Debug] [2025-10-17 12:03:40] the idcode from the scanning is: 0x0
[Debug] [2025-10-17 12:03:40] the idcode from the scanning is: 0x0
[Debug] [2025-10-17 12:03:40] the idcode from the scanning is: 0x0
[Debug] [2025-10-17 12:03:40] the value in the status register is :81ffca0
[Debug] [2025-10-17 12:03:40] flash_id is 1c7118
[Debug] [2025-10-17 12:03:40] the value in the status register is :81ffca0
[Debug] [2025-10-17 12:03:40] progress bar is 1
[Debug] [2025-10-17 12:03:40] progress bar is 6
[Debug] [2025-10-17 12:03:40] progress bar is 10
[Debug] [2025-10-17 12:03:40] progress bar is 15
[Debug] [2025-10-17 12:03:40] progress bar is 20
[Debug] [2025-10-17 12:03:40] progress bar is 25
[Debug] [2025-10-17 12:03:40] progress bar is 30
[Debug] [2025-10-17 12:03:41] progress bar is 35
[Debug] [2025-10-17 12:03:41] progress bar is 40
[Debug] [2025-10-17 12:03:41] progress bar is 45
[Debug] [2025-10-17 12:03:41] progress bar is 50
[Debug] [2025-10-17 12:03:41] progress bar is 55
[Debug] [2025-10-17 12:03:41] progress bar is 60
[Debug] [2025-10-17 12:03:41] progress bar is 65
[Debug] [2025-10-17 12:03:41] progress bar is 70
[Debug] [2025-10-17 12:03:41] progress bar is 75
[Debug] [2025-10-17 12:03:41] progress bar is 80
[Debug] [2025-10-17 12:03:41] progress bar is 85
[Debug] [2025-10-17 12:03:42] progress bar is 90
[Debug] [2025-10-17 12:03:42] progress bar is 95
[Debug] [2025-10-17 12:03:42] progress bar is 100
[Debug] [2025-10-17 12:03:42] end to operate flash: cmd id = 20303
[Debug] [2025-10-17 12:03:42] cmd operation Verify Outer Flash releases locker
[Debug] [2025-10-17 12:22:26] Remove the header data from the client, index : 0
[Debug] [2025-10-17 12:22:26] _total_bytes_size : 861
[Debug] [2025-10-17 12:22:26] cmd id :20300cmd name : Scan Outer SPI Flash
[Debug] [2025-10-17 12:22:26] the idcode from the scanning is: 0x10601899
[Debug] [2025-10-17 12:22:26] the idcode from the scanning is: 0x0
[Debug] [2025-10-17 12:22:26] the idcode from the scanning is: 0x0
[Debug] [2025-10-17 12:22:26] the idcode from the scanning is: 0x0
[Debug] [2025-10-17 12:22:26] the idcode from the scanning is: 0x0
[Debug] [2025-10-17 12:22:26] the value in the status register is :81ffca0
[Debug] [2025-10-17 12:22:26] flash_id is 1c7118
[Debug] [2025-10-17 12:22:26] cmd operation Scan Outer SPI Flash releases locker
[Debug] [2025-10-17 12:22:28] Remove the header data from the client, index : 0
[Debug] [2025-10-17 12:22:28] _total_bytes_size : 51a
[Debug] [2025-10-17 12:22:28] cmd id :4f4ecmd name : Erase Outer Flash
[Debug] [2025-10-17 12:22:28] begin to operate flash: cmd id = 4f4e
[Debug] [2025-10-17 12:22:28] the idcode from the scanning is: 0x10601899
[Debug] [2025-10-17 12:22:28] the idcode from the scanning is: 0x0
[Debug] [2025-10-17 12:22:28] the idcode from the scanning is: 0x0
[Debug] [2025-10-17 12:22:28] the idcode from the scanning is: 0x0
[Debug] [2025-10-17 12:22:28] the idcode from the scanning is: 0x0
[Debug] [2025-10-17 12:22:28] the value in the status register is :81ffca0
[Debug] [2025-10-17 12:22:28] flash_id is 1c7118
[Debug] [2025-10-17 12:22:28] the value in the status register is :81ffca0
[Debug] [2025-10-17 12:22:28] progress bar is 1
[Error] [2025-10-17 12:22:29] WaitForWIPFinish timeout, wait second ms:100
[Error] [2025-10-17 12:22:29] WaitForWIPFinish timeout, wait second ms:100
[Error] [2025-10-17 12:22:29] WaitForWIPFinish timeout, wait second ms:100
[Error] [2025-10-17 12:22:29] WaitForWIPFinish timeout, wait second ms:100
[Error] [2025-10-17 12:22:29] WaitForWIPFinish timeout, wait second ms:100
[Error] [2025-10-17 12:22:29] WaitForWIPFinish timeout, wait second ms:100
[Error] [2025-10-17 12:22:29] WaitForWIPFinish timeout, wait second ms:100
[Error] [2025-10-17 12:22:29] WaitForWIPFinish timeout, wait second ms:100
[Debug] [2025-10-17 12:22:30] progress bar is 6
[Error] [2025-10-17 12:22:30] WaitForWIPFinish timeout, wait second ms:100
[Error] [2025-10-17 12:22:30] WaitForWIPFinish timeout, wait second ms:100
[Debug] [2025-10-17 12:22:30] progress bar is 10
[Error] [2025-10-17 12:22:30] WaitForWIPFinish timeout, wait second ms:100
[Error] [2025-10-17 12:22:30] WaitForWIPFinish timeout, wait second ms:100
[Error] [2025-10-17 12:22:30] WaitForWIPFinish timeout, wait second ms:100
[Error] [2025-10-17 12:22:30] WaitForWIPFinish timeout, wait second ms:100
[Debug] [2025-10-17 12:22:31] progress bar is 16
[Error] [2025-10-17 12:22:31] WaitForWIPFinish timeout, wait second ms:100
[Error] [2025-10-17 12:22:31] WaitForWIPFinish timeout, wait second ms:100
[Debug] [2025-10-17 12:22:31] progress bar is 20
[Error] [2025-10-17 12:22:31] WaitForWIPFinish timeout, wait second ms:100
[Error] [2025-10-17 12:22:31] WaitForWIPFinish timeout, wait second ms:100
[Error] [2025-10-17 12:22:31] WaitForWIPFinish timeout, wait second ms:100
[Error] [2025-10-17 12:22:31] WaitForWIPFinish timeout, wait second ms:100
[Error] [2025-10-17 12:22:32] WaitForWIPFinish timeout, wait second ms:100
[Debug] [2025-10-17 12:22:32] progress bar is 26
[Error] [2025-10-17 12:22:32] WaitForWIPFinish timeout, wait second ms:100
[Error] [2025-10-17 12:22:32] WaitForWIPFinish timeout, wait second ms:100
[Debug] [2025-10-17 12:22:32] progress bar is 30
[Error] [2025-10-17 12:22:32] WaitForWIPFinish timeout, wait second ms:100
[Error] [2025-10-17 12:22:32] WaitForWIPFinish timeout, wait second ms:100
[Error] [2025-10-17 12:22:32] WaitForWIPFinish timeout, wait second ms:100
[Error] [2025-10-17 12:22:32] WaitForWIPFinish timeout, wait second ms:100
[Debug] [2025-10-17 12:22:33] progress bar is 36
[Error] [2025-10-17 12:22:33] WaitForWIPFinish timeout, wait second ms:100
[Error] [2025-10-17 12:22:33] WaitForWIPFinish timeout, wait second ms:100
[Error] [2025-10-17 12:22:33] WaitForWIPFinish timeout, wait second ms:100
[Debug] [2025-10-17 12:22:33] progress bar is 40
[Error] [2025-10-17 12:22:33] WaitForWIPFinish timeout, wait second ms:100
[Error] [2025-10-17 12:22:33] WaitForWIPFinish timeout, wait second ms:100
[Error] [2025-10-17 12:22:33] WaitForWIPFinish timeout, wait second ms:100
[Error] [2025-10-17 12:22:34] WaitForWIPFinish timeout, wait second ms:100
[Error] [2025-10-17 12:22:34] WaitForWIPFinish timeout, wait second ms:100
[Debug] [2025-10-17 12:22:34] progress bar is 46
[Error] [2025-10-17 12:22:34] WaitForWIPFinish timeout, wait second ms:100
[Error] [2025-10-17 12:22:34] WaitForWIPFinish timeout, wait second ms:100
[Debug] [2025-10-17 12:22:34] progress bar is 50
[Error] [2025-10-17 12:22:34] WaitForWIPFinish timeout, wait second ms:100
[Error] [2025-10-17 12:22:34] WaitForWIPFinish timeout, wait second ms:100
[Error] [2025-10-17 12:22:34] WaitForWIPFinish timeout, wait second ms:100
[Error] [2025-10-17 12:22:35] WaitForWIPFinish timeout, wait second ms:100
[Error] [2025-10-17 12:22:35] WaitForWIPFinish timeout, wait second ms:100
[Debug] [2025-10-17 12:22:35] progress bar is 56
[Error] [2025-10-17 12:22:35] WaitForWIPFinish timeout, wait second ms:100
[Error] [2025-10-17 12:22:35] WaitForWIPFinish timeout, wait second ms:100
[Debug] [2025-10-17 12:22:35] progress bar is 60
[Error] [2025-10-17 12:22:35] WaitForWIPFinish timeout, wait second ms:100
[Error] [2025-10-17 12:22:35] WaitForWIPFinish timeout, wait second ms:100
[Error] [2025-10-17 12:22:36] WaitForWIPFinish timeout, wait second ms:100
[Error] [2025-10-17 12:22:36] WaitForWIPFinish timeout, wait second ms:100
[Debug] [2025-10-17 12:22:36] progress bar is 66
[Error] [2025-10-17 12:22:36] WaitForWIPFinish timeout, wait second ms:100
[Error] [2025-10-17 12:22:36] WaitForWIPFinish timeout, wait second ms:100
[Debug] [2025-10-17 12:22:36] progress bar is 70
[Error] [2025-10-17 12:22:36] WaitForWIPFinish timeout, wait second ms:100
[Error] [2025-10-17 12:22:36] WaitForWIPFinish timeout, wait second ms:100
[Error] [2025-10-17 12:22:37] WaitForWIPFinish timeout, wait second ms:100
[Error] [2025-10-17 12:22:37] WaitForWIPFinish timeout, wait second ms:100
[Debug] [2025-10-17 12:22:37] progress bar is 76
[Error] [2025-10-17 12:22:37] WaitForWIPFinish timeout, wait second ms:100
[Error] [2025-10-17 12:22:37] WaitForWIPFinish timeout, wait second ms:100
[Debug] [2025-10-17 12:22:37] progress bar is 80
[Error] [2025-10-17 12:22:37] WaitForWIPFinish timeout, wait second ms:100
[Error] [2025-10-17 12:22:37] WaitForWIPFinish timeout, wait second ms:100
[Error] [2025-10-17 12:22:37] WaitForWIPFinish timeout, wait second ms:100
[Error] [2025-10-17 12:22:38] WaitForWIPFinish timeout, wait second ms:100
[Debug] [2025-10-17 12:22:38] progress bar is 86
[Error] [2025-10-17 12:22:38] WaitForWIPFinish timeout, wait second ms:100
[Error] [2025-10-17 12:22:38] WaitForWIPFinish timeout, wait second ms:100
[Debug] [2025-10-17 12:22:38] progress bar is 90
[Error] [2025-10-17 12:22:38] WaitForWIPFinish timeout, wait second ms:100
[Error] [2025-10-17 12:22:38] WaitForWIPFinish timeout, wait second ms:100
[Error] [2025-10-17 12:22:38] WaitForWIPFinish timeout, wait second ms:100
[Error] [2025-10-17 12:22:39] WaitForWIPFinish timeout, wait second ms:100
[Error] [2025-10-17 12:22:39] WaitForWIPFinish timeout, wait second ms:100
[Debug] [2025-10-17 12:22:39] progress bar is 96
[Debug] [2025-10-17 12:22:39] progress bar is 100
[Debug] [2025-10-17 12:22:39] end to operate flash: cmd id = 20302
[Debug] [2025-10-17 12:22:39] cmd operation Erase Outer Flash releases locker
[Debug] [2025-10-17 12:22:39] Remove the header data from the client, index : 0
[Debug] [2025-10-17 12:22:39] _total_bytes_size : 1303
[Debug] [2025-10-17 12:22:39] cmd id :20301cmd name : Program Outer Flash
[Debug] [2025-10-17 12:22:39] begin to operate flash: cmd id = 20301
[Debug] [2025-10-17 12:22:39] the idcode from the scanning is: 0x10601899
[Debug] [2025-10-17 12:22:39] the idcode from the scanning is: 0x0
[Debug] [2025-10-17 12:22:39] the idcode from the scanning is: 0x0
[Debug] [2025-10-17 12:22:39] the idcode from the scanning is: 0x0
[Debug] [2025-10-17 12:22:39] the idcode from the scanning is: 0x0
[Debug] [2025-10-17 12:22:39] the value in the status register is :81ffca0
[Debug] [2025-10-17 12:22:39] flash_id is 1c7118
[Debug] [2025-10-17 12:22:39] The value of GigaDevice status register 1 is 0x
[Debug] [2025-10-17 12:22:39] progress bar is 1
[Debug] [2025-10-17 12:22:41] progress bar is 6
[Debug] [2025-10-17 12:22:42] progress bar is 10
[Debug] [2025-10-17 12:22:44] progress bar is 15
[Debug] [2025-10-17 12:22:45] progress bar is 20
[Debug] [2025-10-17 12:22:47] progress bar is 25
[Debug] [2025-10-17 12:22:48] progress bar is 30
[Debug] [2025-10-17 12:22:50] progress bar is 35
[Debug] [2025-10-17 12:22:51] progress bar is 40
[Debug] [2025-10-17 12:22:53] progress bar is 45
[Debug] [2025-10-17 12:22:54] progress bar is 50
[Debug] [2025-10-17 12:22:56] progress bar is 55
[Debug] [2025-10-17 12:22:57] progress bar is 60
[Debug] [2025-10-17 12:22:59] progress bar is 65
[Debug] [2025-10-17 12:23:00] progress bar is 70
[Debug] [2025-10-17 12:23:02] progress bar is 75
[Debug] [2025-10-17 12:23:03] progress bar is 80
[Debug] [2025-10-17 12:23:05] progress bar is 85
[Debug] [2025-10-17 12:23:06] progress bar is 90
[Debug] [2025-10-17 12:23:08] progress bar is 95
[Debug] [2025-10-17 12:23:09] progress bar is 100
[Debug] [2025-10-17 12:23:10] end to operate flash: cmd id = 20301
[Debug] [2025-10-17 12:23:10] cmd operation Program Outer Flash releases locker
[Debug] [2025-10-17 12:23:10] Remove the header data from the client, index : 0
[Debug] [2025-10-17 12:23:10] _total_bytes_size : 1301
[Debug] [2025-10-17 12:23:10] cmd id :20303cmd name : Verify Outer Flash
[Debug] [2025-10-17 12:23:10] begin to operate flash: cmd id = 20303
[Debug] [2025-10-17 12:23:10] the idcode from the scanning is: 0x10601899
[Debug] [2025-10-17 12:23:10] the idcode from the scanning is: 0x0
[Debug] [2025-10-17 12:23:10] the idcode from the scanning is: 0x0
[Debug] [2025-10-17 12:23:10] the idcode from the scanning is: 0x0
[Debug] [2025-10-17 12:23:10] the idcode from the scanning is: 0x0
[Debug] [2025-10-17 12:23:10] the value in the status register is :81ffca0
[Debug] [2025-10-17 12:23:10] flash_id is 1c7118
[Debug] [2025-10-17 12:23:10] the value in the status register is :81ffca0
[Debug] [2025-10-17 12:23:10] progress bar is 1
[Debug] [2025-10-17 12:23:10] progress bar is 6
[Debug] [2025-10-17 12:23:10] progress bar is 10
[Debug] [2025-10-17 12:23:10] progress bar is 15
[Debug] [2025-10-17 12:23:10] progress bar is 20
[Debug] [2025-10-17 12:23:10] progress bar is 25
[Debug] [2025-10-17 12:23:10] progress bar is 30
[Debug] [2025-10-17 12:23:11] progress bar is 35
[Debug] [2025-10-17 12:23:11] progress bar is 40
[Debug] [2025-10-17 12:23:11] progress bar is 45
[Debug] [2025-10-17 12:23:11] progress bar is 50
[Debug] [2025-10-17 12:23:11] progress bar is 55
[Debug] [2025-10-17 12:23:11] progress bar is 60
[Debug] [2025-10-17 12:23:11] progress bar is 65
[Debug] [2025-10-17 12:23:11] progress bar is 70
[Debug] [2025-10-17 12:23:11] progress bar is 75
[Debug] [2025-10-17 12:23:11] progress bar is 80
[Debug] [2025-10-17 12:23:12] progress bar is 85
[Debug] [2025-10-17 12:23:12] progress bar is 90
[Debug] [2025-10-17 12:23:12] progress bar is 95
[Debug] [2025-10-17 12:23:12] progress bar is 100
[Debug] [2025-10-17 12:23:12] end to operate flash: cmd id = 20303
[Debug] [2025-10-17 12:23:12] cmd operation Verify Outer Flash releases locker
[Debug] [2025-10-17 12:33:23] Remove the header data from the client, index : 0
[Debug] [2025-10-17 12:33:23] _total_bytes_size : 861
[Debug] [2025-10-17 12:33:23] cmd id :20300cmd name : Scan Outer SPI Flash
[Debug] [2025-10-17 12:33:23] the idcode from the scanning is: 0xffffffff
[Debug] [2025-10-17 12:33:23] the idcode from the scanning is: 0xffffffff
[Debug] [2025-10-17 12:33:23] the idcode from the scanning is: 0xffffffff
[Debug] [2025-10-17 12:33:23] the idcode from the scanning is: 0xffffffff
[Debug] [2025-10-17 12:33:23] the idcode from the scanning is: 0xffffffff
[Debug] [2025-10-17 12:33:24] the idcode from the scanning is: 0xffffffff
[Debug] [2025-10-17 12:33:24] the idcode from the scanning is: 0xffffffff
[Debug] [2025-10-17 12:33:24] the idcode from the scanning is: 0xffffffff
[Debug] [2025-10-17 12:33:24] the idcode from the scanning is: 0xffffffff
[Debug] [2025-10-17 12:33:24] the idcode from the scanning is: 0xffffffff
[Debug] [2025-10-17 12:33:24] the idcode from the scanning is: 0x10601899
[Debug] [2025-10-17 12:33:24] the idcode from the scanning is: 0x0
[Debug] [2025-10-17 12:33:24] the idcode from the scanning is: 0x0
[Debug] [2025-10-17 12:33:24] the idcode from the scanning is: 0x0
[Debug] [2025-10-17 12:33:24] the idcode from the scanning is: 0x0
[Debug] [2025-10-17 12:33:24] the value in the status register is :180c80
[Debug] [2025-10-17 12:33:24] flash_id is 1c7118
[Debug] [2025-10-17 12:33:24] cmd operation Scan Outer SPI Flash releases locker
[Debug] [2025-10-17 12:33:28] Remove the header data from the client, index : 0
[Debug] [2025-10-17 12:33:28] _total_bytes_size : 51a
[Debug] [2025-10-17 12:33:28] cmd id :4f4ecmd name : Erase Outer Flash
[Debug] [2025-10-17 12:33:28] begin to operate flash: cmd id = 4f4e
[Debug] [2025-10-17 12:33:28] the idcode from the scanning is: 0x10601899
[Debug] [2025-10-17 12:33:28] the idcode from the scanning is: 0x0
[Debug] [2025-10-17 12:33:28] the idcode from the scanning is: 0x0
[Debug] [2025-10-17 12:33:28] the idcode from the scanning is: 0x0
[Debug] [2025-10-17 12:33:28] the idcode from the scanning is: 0x0
[Debug] [2025-10-17 12:33:28] the value in the status register is :180c80
[Debug] [2025-10-17 12:33:28] flash_id is 1c7118
[Debug] [2025-10-17 12:33:28] the value in the status register is :180c80
[Debug] [2025-10-17 12:33:28] progress bar is 1
[Error] [2025-10-17 12:33:28] WaitForWIPFinish timeout, wait second ms:100
[Error] [2025-10-17 12:33:28] WaitForWIPFinish timeout, wait second ms:100
[Error] [2025-10-17 12:33:28] WaitForWIPFinish timeout, wait second ms:100
[Error] [2025-10-17 12:33:28] WaitForWIPFinish timeout, wait second ms:100
[Error] [2025-10-17 12:33:29] WaitForWIPFinish timeout, wait second ms:100
[Error] [2025-10-17 12:33:29] WaitForWIPFinish timeout, wait second ms:100
[Error] [2025-10-17 12:33:29] WaitForWIPFinish timeout, wait second ms:100
[Debug] [2025-10-17 12:33:29] progress bar is 6
[Error] [2025-10-17 12:33:29] WaitForWIPFinish timeout, wait second ms:100
[Error] [2025-10-17 12:33:29] WaitForWIPFinish timeout, wait second ms:100
[Debug] [2025-10-17 12:33:29] progress bar is 10
[Error] [2025-10-17 12:33:29] WaitForWIPFinish timeout, wait second ms:100
[Error] [2025-10-17 12:33:29] WaitForWIPFinish timeout, wait second ms:100
[Error] [2025-10-17 12:33:30] WaitForWIPFinish timeout, wait second ms:100
[Error] [2025-10-17 12:33:30] WaitForWIPFinish timeout, wait second ms:100
[Debug] [2025-10-17 12:33:30] progress bar is 16
[Error] [2025-10-17 12:33:30] WaitForWIPFinish timeout, wait second ms:100
[Error] [2025-10-17 12:33:30] WaitForWIPFinish timeout, wait second ms:100
[Debug] [2025-10-17 12:33:30] progress bar is 20
[Error] [2025-10-17 12:33:30] WaitForWIPFinish timeout, wait second ms:100
[Error] [2025-10-17 12:33:30] WaitForWIPFinish timeout, wait second ms:100
[Error] [2025-10-17 12:33:31] WaitForWIPFinish timeout, wait second ms:100
[Error] [2025-10-17 12:33:31] WaitForWIPFinish timeout, wait second ms:100
[Debug] [2025-10-17 12:33:31] progress bar is 26
[Error] [2025-10-17 12:33:31] WaitForWIPFinish timeout, wait second ms:100
[Error] [2025-10-17 12:33:31] WaitForWIPFinish timeout, wait second ms:100
[Debug] [2025-10-17 12:33:31] progress bar is 30
[Error] [2025-10-17 12:33:31] WaitForWIPFinish timeout, wait second ms:100
[Error] [2025-10-17 12:33:31] WaitForWIPFinish timeout, wait second ms:100
[Error] [2025-10-17 12:33:32] WaitForWIPFinish timeout, wait second ms:100
[Error] [2025-10-17 12:33:32] WaitForWIPFinish timeout, wait second ms:100
[Debug] [2025-10-17 12:33:32] progress bar is 36
[Error] [2025-10-17 12:33:32] WaitForWIPFinish timeout, wait second ms:100
[Error] [2025-10-17 12:33:32] WaitForWIPFinish timeout, wait second ms:100
[Debug] [2025-10-17 12:33:32] progress bar is 40
[Error] [2025-10-17 12:33:32] WaitForWIPFinish timeout, wait second ms:100
[Error] [2025-10-17 12:33:32] WaitForWIPFinish timeout, wait second ms:100
[Error] [2025-10-17 12:33:32] WaitForWIPFinish timeout, wait second ms:100
[Error] [2025-10-17 12:33:33] WaitForWIPFinish timeout, wait second ms:100
[Error] [2025-10-17 12:33:33] WaitForWIPFinish timeout, wait second ms:100
[Debug] [2025-10-17 12:33:33] progress bar is 46
[Error] [2025-10-17 12:33:33] WaitForWIPFinish timeout, wait second ms:100
[Error] [2025-10-17 12:33:33] WaitForWIPFinish timeout, wait second ms:100
[Debug] [2025-10-17 12:33:33] progress bar is 50
[Error] [2025-10-17 12:33:33] WaitForWIPFinish timeout, wait second ms:100
[Error] [2025-10-17 12:33:33] WaitForWIPFinish timeout, wait second ms:100
[Error] [2025-10-17 12:33:33] WaitForWIPFinish timeout, wait second ms:100
[Error] [2025-10-17 12:33:34] WaitForWIPFinish timeout, wait second ms:100
[Error] [2025-10-17 12:33:34] WaitForWIPFinish timeout, wait second ms:100
[Debug] [2025-10-17 12:33:34] progress bar is 56
[Error] [2025-10-17 12:33:34] WaitForWIPFinish timeout, wait second ms:100
[Error] [2025-10-17 12:33:34] WaitForWIPFinish timeout, wait second ms:100
[Debug] [2025-10-17 12:33:34] progress bar is 60
[Error] [2025-10-17 12:33:34] WaitForWIPFinish timeout, wait second ms:100
[Error] [2025-10-17 12:33:34] WaitForWIPFinish timeout, wait second ms:100
[Error] [2025-10-17 12:33:35] WaitForWIPFinish timeout, wait second ms:100
[Error] [2025-10-17 12:33:35] WaitForWIPFinish timeout, wait second ms:100
[Debug] [2025-10-17 12:33:35] progress bar is 66
[Error] [2025-10-17 12:33:35] WaitForWIPFinish timeout, wait second ms:100
[Error] [2025-10-17 12:33:35] WaitForWIPFinish timeout, wait second ms:100
[Debug] [2025-10-17 12:33:35] progress bar is 70
[Error] [2025-10-17 12:33:35] WaitForWIPFinish timeout, wait second ms:100
[Error] [2025-10-17 12:33:35] WaitForWIPFinish timeout, wait second ms:100
[Error] [2025-10-17 12:33:36] WaitForWIPFinish timeout, wait second ms:100
[Error] [2025-10-17 12:33:36] WaitForWIPFinish timeout, wait second ms:100
[Debug] [2025-10-17 12:33:36] progress bar is 76
[Error] [2025-10-17 12:33:36] WaitForWIPFinish timeout, wait second ms:100
[Error] [2025-10-17 12:33:36] WaitForWIPFinish timeout, wait second ms:100
[Debug] [2025-10-17 12:33:36] progress bar is 80
[Error] [2025-10-17 12:33:36] WaitForWIPFinish timeout, wait second ms:100
[Error] [2025-10-17 12:33:36] WaitForWIPFinish timeout, wait second ms:100
[Error] [2025-10-17 12:33:37] WaitForWIPFinish timeout, wait second ms:100
[Error] [2025-10-17 12:33:37] WaitForWIPFinish timeout, wait second ms:100
[Debug] [2025-10-17 12:33:37] progress bar is 86
[Error] [2025-10-17 12:33:37] WaitForWIPFinish timeout, wait second ms:100
[Error] [2025-10-17 12:33:37] WaitForWIPFinish timeout, wait second ms:100
[Debug] [2025-10-17 12:33:37] progress bar is 90
[Error] [2025-10-17 12:33:37] WaitForWIPFinish timeout, wait second ms:100
[Error] [2025-10-17 12:33:37] WaitForWIPFinish timeout, wait second ms:100
[Error] [2025-10-17 12:33:38] WaitForWIPFinish timeout, wait second ms:100
[Error] [2025-10-17 12:33:38] WaitForWIPFinish timeout, wait second ms:100
[Error] [2025-10-17 12:33:38] WaitForWIPFinish timeout, wait second ms:100
[Debug] [2025-10-17 12:33:38] progress bar is 96
[Debug] [2025-10-17 12:33:38] progress bar is 100
[Debug] [2025-10-17 12:33:38] end to operate flash: cmd id = 20302
[Debug] [2025-10-17 12:33:38] cmd operation Erase Outer Flash releases locker
[Debug] [2025-10-17 12:33:38] Remove the header data from the client, index : 0
[Debug] [2025-10-17 12:33:38] _total_bytes_size : 1303
[Debug] [2025-10-17 12:33:38] cmd id :20301cmd name : Program Outer Flash
[Debug] [2025-10-17 12:33:38] begin to operate flash: cmd id = 20301
[Debug] [2025-10-17 12:33:38] the idcode from the scanning is: 0x10601899
[Debug] [2025-10-17 12:33:38] the idcode from the scanning is: 0x0
[Debug] [2025-10-17 12:33:38] the idcode from the scanning is: 0x0
[Debug] [2025-10-17 12:33:38] the idcode from the scanning is: 0x0
[Debug] [2025-10-17 12:33:38] the idcode from the scanning is: 0x0
[Debug] [2025-10-17 12:33:38] the value in the status register is :180c80
[Debug] [2025-10-17 12:33:38] flash_id is 1c7118
[Debug] [2025-10-17 12:33:38] The value of GigaDevice status register 1 is 0x
[Debug] [2025-10-17 12:33:38] progress bar is 1
[Debug] [2025-10-17 12:33:40] progress bar is 6
[Debug] [2025-10-17 12:33:41] progress bar is 10
[Debug] [2025-10-17 12:33:43] progress bar is 15
[Debug] [2025-10-17 12:33:44] progress bar is 20
[Debug] [2025-10-17 12:33:46] progress bar is 25
[Debug] [2025-10-17 12:33:47] progress bar is 30
[Debug] [2025-10-17 12:33:49] progress bar is 35
[Debug] [2025-10-17 12:33:50] progress bar is 40
[Debug] [2025-10-17 12:33:52] progress bar is 45
[Debug] [2025-10-17 12:33:53] progress bar is 50
[Debug] [2025-10-17 12:33:55] progress bar is 55
[Debug] [2025-10-17 12:33:56] progress bar is 60
[Debug] [2025-10-17 12:33:58] progress bar is 65
[Debug] [2025-10-17 12:33:59] progress bar is 70
[Debug] [2025-10-17 12:34:01] progress bar is 75
[Debug] [2025-10-17 12:34:03] progress bar is 80
[Debug] [2025-10-17 12:34:04] progress bar is 85
[Debug] [2025-10-17 12:34:06] progress bar is 90
[Debug] [2025-10-17 12:34:07] progress bar is 95
[Debug] [2025-10-17 12:34:09] progress bar is 100
[Debug] [2025-10-17 12:34:09] end to operate flash: cmd id = 20301
[Debug] [2025-10-17 12:34:09] cmd operation Program Outer Flash releases locker
[Debug] [2025-10-17 12:34:09] Remove the header data from the client, index : 0
[Debug] [2025-10-17 12:34:09] _total_bytes_size : 1301
[Debug] [2025-10-17 12:34:09] cmd id :20303cmd name : Verify Outer Flash
[Debug] [2025-10-17 12:34:09] begin to operate flash: cmd id = 20303
[Debug] [2025-10-17 12:34:09] the idcode from the scanning is: 0x10601899
[Debug] [2025-10-17 12:34:09] the idcode from the scanning is: 0x0
[Debug] [2025-10-17 12:34:09] the idcode from the scanning is: 0x0
[Debug] [2025-10-17 12:34:09] the idcode from the scanning is: 0x0
[Debug] [2025-10-17 12:34:09] the idcode from the scanning is: 0x0
[Debug] [2025-10-17 12:34:09] the value in the status register is :180c80
[Debug] [2025-10-17 12:34:09] flash_id is 1c7118
[Debug] [2025-10-17 12:34:09] the value in the status register is :180c80
[Debug] [2025-10-17 12:34:09] progress bar is 1
[Debug] [2025-10-17 12:34:09] progress bar is 6
[Debug] [2025-10-17 12:34:09] progress bar is 10
[Debug] [2025-10-17 12:34:09] progress bar is 15
[Debug] [2025-10-17 12:34:09] progress bar is 20
[Debug] [2025-10-17 12:34:10] progress bar is 25
[Debug] [2025-10-17 12:34:10] progress bar is 30
[Debug] [2025-10-17 12:34:10] progress bar is 35
[Debug] [2025-10-17 12:34:10] progress bar is 40
[Debug] [2025-10-17 12:34:10] progress bar is 45
[Debug] [2025-10-17 12:34:10] progress bar is 50
[Debug] [2025-10-17 12:34:10] progress bar is 55
[Debug] [2025-10-17 12:34:10] progress bar is 60
[Debug] [2025-10-17 12:34:10] progress bar is 65
[Debug] [2025-10-17 12:34:10] progress bar is 70
[Debug] [2025-10-17 12:34:10] progress bar is 75
[Debug] [2025-10-17 12:34:11] progress bar is 80
[Debug] [2025-10-17 12:34:11] progress bar is 85
[Debug] [2025-10-17 12:34:11] progress bar is 90
[Debug] [2025-10-17 12:34:11] progress bar is 95
[Debug] [2025-10-17 12:34:11] progress bar is 100
[Debug] [2025-10-17 12:34:11] end to operate flash: cmd id = 20303
[Debug] [2025-10-17 12:34:11] cmd operation Verify Outer Flash releases locker
[Debug] [2025-10-17 12:45:28] Remove the header data from the client, index : 0
[Debug] [2025-10-17 12:45:28] _total_bytes_size : 1306
[Debug] [2025-10-17 12:45:28] cmd id :20302cmd name : Erase Outer Flash
[Debug] [2025-10-17 12:45:28] begin to operate flash: cmd id = 20302
[Debug] [2025-10-17 12:45:29] the idcode from the scanning is: 0x10601899
[Debug] [2025-10-17 12:45:29] the idcode from the scanning is: 0x0
[Debug] [2025-10-17 12:45:29] the idcode from the scanning is: 0x0
[Debug] [2025-10-17 12:45:29] the idcode from the scanning is: 0x0
[Debug] [2025-10-17 12:45:29] the idcode from the scanning is: 0x0
[Debug] [2025-10-17 12:45:29] the value in the status register is :81ffca0
[Debug] [2025-10-17 12:45:29] flash_id is 1c7118
[Debug] [2025-10-17 12:45:29] the value in the status register is :81ffca0
[Debug] [2025-10-17 12:45:29] progress bar is 1
[Error] [2025-10-17 12:45:29] WaitForWIPFinish timeout, wait second ms:100
[Error] [2025-10-17 12:45:29] WaitForWIPFinish timeout, wait second ms:100
[Error] [2025-10-17 12:45:29] WaitForWIPFinish timeout, wait second ms:100
[Error] [2025-10-17 12:45:29] WaitForWIPFinish timeout, wait second ms:100
[Error] [2025-10-17 12:45:29] WaitForWIPFinish timeout, wait second ms:100
[Error] [2025-10-17 12:45:30] WaitForWIPFinish timeout, wait second ms:100
[Error] [2025-10-17 12:45:30] WaitForWIPFinish timeout, wait second ms:100
[Debug] [2025-10-17 12:45:30] progress bar is 6
[Error] [2025-10-17 12:45:30] WaitForWIPFinish timeout, wait second ms:100
[Error] [2025-10-17 12:45:30] WaitForWIPFinish timeout, wait second ms:100
[Debug] [2025-10-17 12:45:30] progress bar is 10
[Error] [2025-10-17 12:45:30] WaitForWIPFinish timeout, wait second ms:100
[Error] [2025-10-17 12:45:30] WaitForWIPFinish timeout, wait second ms:100
[Error] [2025-10-17 12:45:31] WaitForWIPFinish timeout, wait second ms:100
[Error] [2025-10-17 12:45:31] WaitForWIPFinish timeout, wait second ms:100
[Debug] [2025-10-17 12:45:31] progress bar is 16
[Error] [2025-10-17 12:45:31] WaitForWIPFinish timeout, wait second ms:100
[Error] [2025-10-17 12:45:31] WaitForWIPFinish timeout, wait second ms:100
[Debug] [2025-10-17 12:45:31] progress bar is 20
[Error] [2025-10-17 12:45:31] WaitForWIPFinish timeout, wait second ms:100
[Error] [2025-10-17 12:45:31] WaitForWIPFinish timeout, wait second ms:100
[Error] [2025-10-17 12:45:32] WaitForWIPFinish timeout, wait second ms:100
[Error] [2025-10-17 12:45:32] WaitForWIPFinish timeout, wait second ms:100
[Debug] [2025-10-17 12:45:32] progress bar is 26
[Error] [2025-10-17 12:45:32] WaitForWIPFinish timeout, wait second ms:100
[Error] [2025-10-17 12:45:32] WaitForWIPFinish timeout, wait second ms:100
[Debug] [2025-10-17 12:45:32] progress bar is 30
[Error] [2025-10-17 12:45:32] WaitForWIPFinish timeout, wait second ms:100
[Error] [2025-10-17 12:45:32] WaitForWIPFinish timeout, wait second ms:100
[Error] [2025-10-17 12:45:32] WaitForWIPFinish timeout, wait second ms:100
[Error] [2025-10-17 12:45:33] WaitForWIPFinish timeout, wait second ms:100
[Debug] [2025-10-17 12:45:33] progress bar is 36
[Error] [2025-10-17 12:45:33] WaitForWIPFinish timeout, wait second ms:100
[Error] [2025-10-17 12:45:33] WaitForWIPFinish timeout, wait second ms:100
[Debug] [2025-10-17 12:45:33] progress bar is 40
[Error] [2025-10-17 12:45:33] WaitForWIPFinish timeout, wait second ms:100
[Error] [2025-10-17 12:45:33] WaitForWIPFinish timeout, wait second ms:100
[Error] [2025-10-17 12:45:33] WaitForWIPFinish timeout, wait second ms:100
[Error] [2025-10-17 12:45:34] WaitForWIPFinish timeout, wait second ms:100
[Error] [2025-10-17 12:45:34] WaitForWIPFinish timeout, wait second ms:100
[Debug] [2025-10-17 12:45:34] progress bar is 46
[Error] [2025-10-17 12:45:34] WaitForWIPFinish timeout, wait second ms:100
[Error] [2025-10-17 12:45:34] WaitForWIPFinish timeout, wait second ms:100
[Debug] [2025-10-17 12:45:34] progress bar is 50
[Error] [2025-10-17 12:45:34] WaitForWIPFinish timeout, wait second ms:100
[Error] [2025-10-17 12:45:34] WaitForWIPFinish timeout, wait second ms:100
[Error] [2025-10-17 12:45:34] WaitForWIPFinish timeout, wait second ms:100
[Error] [2025-10-17 12:45:35] WaitForWIPFinish timeout, wait second ms:100
[Error] [2025-10-17 12:45:35] WaitForWIPFinish timeout, wait second ms:100
[Debug] [2025-10-17 12:45:35] progress bar is 56
[Error] [2025-10-17 12:45:35] WaitForWIPFinish timeout, wait second ms:100
[Error] [2025-10-17 12:45:35] WaitForWIPFinish timeout, wait second ms:100
[Debug] [2025-10-17 12:45:35] progress bar is 60
[Error] [2025-10-17 12:45:35] WaitForWIPFinish timeout, wait second ms:100
[Error] [2025-10-17 12:45:35] WaitForWIPFinish timeout, wait second ms:100
[Error] [2025-10-17 12:45:36] WaitForWIPFinish timeout, wait second ms:100
[Error] [2025-10-17 12:45:36] WaitForWIPFinish timeout, wait second ms:100
[Debug] [2025-10-17 12:45:36] progress bar is 66
[Error] [2025-10-17 12:45:36] WaitForWIPFinish timeout, wait second ms:100
[Error] [2025-10-17 12:45:36] WaitForWIPFinish timeout, wait second ms:100
[Debug] [2025-10-17 12:45:36] progress bar is 70
[Error] [2025-10-17 12:45:36] WaitForWIPFinish timeout, wait second ms:100
[Error] [2025-10-17 12:45:36] WaitForWIPFinish timeout, wait second ms:100
[Error] [2025-10-17 12:45:37] WaitForWIPFinish timeout, wait second ms:100
[Error] [2025-10-17 12:45:37] WaitForWIPFinish timeout, wait second ms:100
[Debug] [2025-10-17 12:45:37] progress bar is 76
[Error] [2025-10-17 12:45:37] WaitForWIPFinish timeout, wait second ms:100
[Error] [2025-10-17 12:45:37] WaitForWIPFinish timeout, wait second ms:100
[Debug] [2025-10-17 12:45:37] progress bar is 80
[Error] [2025-10-17 12:45:37] WaitForWIPFinish timeout, wait second ms:100
[Error] [2025-10-17 12:45:37] WaitForWIPFinish timeout, wait second ms:100
[Error] [2025-10-17 12:45:38] WaitForWIPFinish timeout, wait second ms:100
[Error] [2025-10-17 12:45:38] WaitForWIPFinish timeout, wait second ms:100
[Debug] [2025-10-17 12:45:38] progress bar is 86
[Error] [2025-10-17 12:45:38] WaitForWIPFinish timeout, wait second ms:100
[Error] [2025-10-17 12:45:38] WaitForWIPFinish timeout, wait second ms:100
[Debug] [2025-10-17 12:45:38] progress bar is 90
[Error] [2025-10-17 12:45:38] WaitForWIPFinish timeout, wait second ms:100
[Error] [2025-10-17 12:45:38] WaitForWIPFinish timeout, wait second ms:100
[Error] [2025-10-17 12:45:39] WaitForWIPFinish timeout, wait second ms:100
[Error] [2025-10-17 12:45:39] WaitForWIPFinish timeout, wait second ms:100
[Debug] [2025-10-17 12:45:39] progress bar is 96
[Debug] [2025-10-17 12:45:39] progress bar is 100
[Debug] [2025-10-17 12:45:39] end to operate flash: cmd id = 20302
[Debug] [2025-10-17 12:45:39] cmd operation Erase Outer Flash releases locker
[Debug] [2025-10-17 12:45:39] Remove the header data from the client, index : 0
[Debug] [2025-10-17 12:45:39] _total_bytes_size : 1303
[Debug] [2025-10-17 12:45:39] cmd id :20301cmd name : Program Outer Flash
[Debug] [2025-10-17 12:45:39] begin to operate flash: cmd id = 20301
[Debug] [2025-10-17 12:45:39] the idcode from the scanning is: 0x10601899
[Debug] [2025-10-17 12:45:39] the idcode from the scanning is: 0x0
[Debug] [2025-10-17 12:45:39] the idcode from the scanning is: 0x0
[Debug] [2025-10-17 12:45:39] the idcode from the scanning is: 0x0
[Debug] [2025-10-17 12:45:39] the idcode from the scanning is: 0x0
[Debug] [2025-10-17 12:45:39] the value in the status register is :81ffca0
[Debug] [2025-10-17 12:45:39] flash_id is 1c7118
[Debug] [2025-10-17 12:45:39] The value of GigaDevice status register 1 is 0x
[Debug] [2025-10-17 12:45:39] progress bar is 1
[Debug] [2025-10-17 12:45:41] progress bar is 6
[Debug] [2025-10-17 12:45:42] progress bar is 10
[Debug] [2025-10-17 12:45:44] progress bar is 15
[Debug] [2025-10-17 12:45:45] progress bar is 20
[Debug] [2025-10-17 12:45:47] progress bar is 25
[Debug] [2025-10-17 12:45:48] progress bar is 30
[Debug] [2025-10-17 12:45:50] progress bar is 35
[Debug] [2025-10-17 12:45:51] progress bar is 40
[Debug] [2025-10-17 12:45:53] progress bar is 45
[Debug] [2025-10-17 12:45:54] progress bar is 50
[Debug] [2025-10-17 12:45:56] progress bar is 55
[Debug] [2025-10-17 12:45:57] progress bar is 60
[Debug] [2025-10-17 12:45:59] progress bar is 65
[Debug] [2025-10-17 12:46:00] progress bar is 70
[Debug] [2025-10-17 12:46:02] progress bar is 75
[Debug] [2025-10-17 12:46:03] progress bar is 80
[Debug] [2025-10-17 12:46:05] progress bar is 85
[Debug] [2025-10-17 12:46:06] progress bar is 90
[Debug] [2025-10-17 12:46:08] progress bar is 95
[Debug] [2025-10-17 12:46:09] progress bar is 100
[Debug] [2025-10-17 12:46:09] end to operate flash: cmd id = 20301
[Debug] [2025-10-17 12:46:09] cmd operation Program Outer Flash releases locker
[Debug] [2025-10-17 12:46:09] Remove the header data from the client, index : 0
[Debug] [2025-10-17 12:46:09] _total_bytes_size : 1301
[Debug] [2025-10-17 12:46:09] cmd id :20303cmd name : Verify Outer Flash
[Debug] [2025-10-17 12:46:09] begin to operate flash: cmd id = 20303
[Debug] [2025-10-17 12:46:10] the idcode from the scanning is: 0x10601899
[Debug] [2025-10-17 12:46:10] the idcode from the scanning is: 0x0
[Debug] [2025-10-17 12:46:10] the idcode from the scanning is: 0x0
[Debug] [2025-10-17 12:46:10] the idcode from the scanning is: 0x0
[Debug] [2025-10-17 12:46:10] the idcode from the scanning is: 0x0
[Debug] [2025-10-17 12:46:10] the value in the status register is :81ffca0
[Debug] [2025-10-17 12:46:10] flash_id is 1c7118
[Debug] [2025-10-17 12:46:10] the value in the status register is :81ffca0
[Debug] [2025-10-17 12:46:10] progress bar is 1
[Debug] [2025-10-17 12:46:10] progress bar is 6
[Debug] [2025-10-17 12:46:10] progress bar is 10
[Debug] [2025-10-17 12:46:10] progress bar is 15
[Debug] [2025-10-17 12:46:10] progress bar is 20
[Debug] [2025-10-17 12:46:10] progress bar is 25
[Debug] [2025-10-17 12:46:10] progress bar is 30
[Debug] [2025-10-17 12:46:10] progress bar is 35
[Debug] [2025-10-17 12:46:10] progress bar is 40
[Debug] [2025-10-17 12:46:10] progress bar is 45
[Debug] [2025-10-17 12:46:10] progress bar is 50
[Debug] [2025-10-17 12:46:11] progress bar is 55
[Debug] [2025-10-17 12:46:11] progress bar is 60
[Debug] [2025-10-17 12:46:11] progress bar is 65
[Debug] [2025-10-17 12:46:11] progress bar is 70
[Debug] [2025-10-17 12:46:11] progress bar is 75
[Debug] [2025-10-17 12:46:11] progress bar is 80
[Debug] [2025-10-17 12:46:11] progress bar is 85
[Debug] [2025-10-17 12:46:11] progress bar is 90
[Debug] [2025-10-17 12:46:11] progress bar is 95
[Debug] [2025-10-17 12:46:11] progress bar is 100
[Debug] [2025-10-17 12:46:12] end to operate flash: cmd id = 20303
[Debug] [2025-10-17 12:46:12] cmd operation Verify Outer Flash releases locker
[Info] [2026-6-12 10:55:28] /***************************Start jtagserver***************************/
[Info] [2026-6-12 10:55:28] Path: F:/PDS_2022.2-SP6.4/bin
[Info] [2026-6-12 10:55:28] Version: 146967
[Debug] [2026-6-12 10:55:30] Add a new user_thread, socket descriptor is 952 user_thread id is 0000000000008F24
[Debug] [2026-6-12 10:55:30] After adding, map size is : 1
[Debug] [2026-6-12 10:55:30] Add a new user_thread, socket descriptor is 1116 user_thread id is 0000000000008F24
[Debug] [2026-6-12 10:55:30] After adding, map size is : 2
[Debug] [2026-6-12 10:55:30] IP address of connecting client is : ::ffff:127.0.0.1
[Debug] [2026-6-12 10:55:30] IP address of connecting client is : ::ffff:127.0.0.1
[Debug] [2026-6-12 10:55:30] Remove the header data from the client, index : 0
[Debug] [2026-6-12 10:55:30] _total_bytes_size : 160
[Debug] [2026-6-12 10:55:30] Remove the header data from the client, index : 0
[Debug] [2026-6-12 10:55:30] _total_bytes_size : 96
[Debug] [2026-6-12 10:55:30] cmd id :40010cmd name : get_cable_paras
[Debug] [2026-6-12 10:55:33] cmd operation get_cable_paras releases locker
[Debug] [2026-6-12 10:55:33] Remove the header data from the client, index : 0
[Debug] [2026-6-12 10:55:33] _total_bytes_size : 101
[Debug] [2026-6-12 10:55:33] cmd id :20001cmd name : Open config cable
[Debug] [2026-6-12 10:55:33] the idcode from the scanning is: 0x50602899
[Debug] [2026-6-12 10:55:33] the idcode from the scanning is: 0x0
[Debug] [2026-6-12 10:55:33] the idcode from the scanning is: 0x0
[Debug] [2026-6-12 10:55:33] the idcode from the scanning is: 0x0
[Debug] [2026-6-12 10:55:33] the idcode from the scanning is: 0x0
[Debug] [2026-6-12 10:55:34] cmd operation Open config cable releases locker
[Debug] [2026-6-12 10:55:41] Remove the header data from the client, index : 0
[Debug] [2026-6-12 10:55:41] _total_bytes_size : 65
[Debug] [2026-6-12 10:55:41] cmd id :4e21cmd name : Open config cable
[Debug] [2026-6-12 10:55:42] the idcode from the scanning is: 0x50602899
[Debug] [2026-6-12 10:55:42] the idcode from the scanning is: 0x0
[Debug] [2026-6-12 10:55:42] the idcode from the scanning is: 0x0
[Debug] [2026-6-12 10:55:42] the idcode from the scanning is: 0x0
[Debug] [2026-6-12 10:55:42] the idcode from the scanning is: 0x0
[Debug] [2026-6-12 10:55:42] cmd operation Open config cable releases locker
[Info] [2026-6-12 11:01:21] /***************************Start jtagserver***************************/
[Info] [2026-6-12 11:01:21] Path: F:/PDS_2022.2-SP6.4/bin
[Info] [2026-6-12 11:01:21] Version: 146967
[Debug] [2026-6-12 11:01:24] Add a new user_thread, socket descriptor is 1200 user_thread id is 0000000000004724
[Debug] [2026-6-12 11:01:24] After adding, map size is : 1
[Debug] [2026-6-12 11:01:24] Add a new user_thread, socket descriptor is 1124 user_thread id is 0000000000004724
[Debug] [2026-6-12 11:01:24] After adding, map size is : 2
[Debug] [2026-6-12 11:01:24] IP address of connecting client is : ::ffff:127.0.0.1
[Debug] [2026-6-12 11:01:24] IP address of connecting client is : ::ffff:127.0.0.1
[Debug] [2026-6-12 11:01:24] Remove the header data from the client, index : 0
[Debug] [2026-6-12 11:01:24] _total_bytes_size : 160
[Debug] [2026-6-12 11:01:24] Remove the header data from the client, index : 0
[Debug] [2026-6-12 11:01:24] _total_bytes_size : 96
[Debug] [2026-6-12 11:01:24] cmd id :40010cmd name : get_cable_paras
[Debug] [2026-6-12 11:01:27] cmd operation get_cable_paras releases locker
[Debug] [2026-6-12 11:01:27] Remove the header data from the client, index : 0
[Debug] [2026-6-12 11:01:27] _total_bytes_size : 101
[Debug] [2026-6-12 11:01:27] cmd id :20001cmd name : Open config cable
[Debug] [2026-6-12 11:01:27] the idcode from the scanning is: 0x50602899
[Debug] [2026-6-12 11:01:27] the idcode from the scanning is: 0x0
[Debug] [2026-6-12 11:01:27] the idcode from the scanning is: 0x0
[Debug] [2026-6-12 11:01:27] the idcode from the scanning is: 0x0
[Debug] [2026-6-12 11:01:27] the idcode from the scanning is: 0x0
[Debug] [2026-6-12 11:01:28] cmd operation Open config cable releases locker
[Debug] [2026-6-12 11:01:40] Remove the header data from the client, index : 0
[Debug] [2026-6-12 11:01:40] _total_bytes_size : 349
[Debug] [2026-6-12 11:01:40] cmd id :4f4ccmd name : Scan Outer SPI Flash
[Debug] [2026-6-12 11:01:40] the idcode from the scanning is: 0x50602899
[Debug] [2026-6-12 11:01:40] the idcode from the scanning is: 0x0
[Debug] [2026-6-12 11:01:40] the idcode from the scanning is: 0x0
[Debug] [2026-6-12 11:01:40] the idcode from the scanning is: 0x0
[Debug] [2026-6-12 11:01:40] the idcode from the scanning is: 0x0
[Debug] [2026-6-12 11:01:40] the value in the status register is :81ffca0
[Debug] [2026-6-12 11:01:40] flash_id is 1c7118
[Debug] [2026-6-12 11:01:41] cmd operation Scan Outer SPI Flash releases locker
[Debug] [2026-6-12 11:01:43] Remove the header data from the client, index : 0
[Debug] [2026-6-12 11:01:43] _total_bytes_size : 512
[Debug] [2026-6-12 11:01:43] cmd id :4f4ecmd name : Erase Outer Flash
[Debug] [2026-6-12 11:01:43] begin to operate flash: cmd id = 4f4e
[Debug] [2026-6-12 11:01:43] the idcode from the scanning is: 0x50602899
[Debug] [2026-6-12 11:01:43] the idcode from the scanning is: 0x0
[Debug] [2026-6-12 11:01:43] the idcode from the scanning is: 0x0
[Debug] [2026-6-12 11:01:43] the idcode from the scanning is: 0x0
[Debug] [2026-6-12 11:01:43] the idcode from the scanning is: 0x0
[Debug] [2026-6-12 11:01:43] the value in the status register is :81ffca0
[Debug] [2026-6-12 11:01:43] flash_id is 1c7118
[Debug] [2026-6-12 11:01:43] the value in the status register is :81ffca0
[Debug] [2026-6-12 11:01:43] progress bar is 1
[Error] [2026-6-12 11:01:43] WaitForWIPFinish timeout, wait second ms:100
[Error] [2026-6-12 11:01:44] WaitForWIPFinish timeout, wait second ms:100
[Error] [2026-6-12 11:01:44] WaitForWIPFinish timeout, wait second ms:100
[Error] [2026-6-12 11:01:44] WaitForWIPFinish timeout, wait second ms:100
[Error] [2026-6-12 11:01:44] WaitForWIPFinish timeout, wait second ms:100
[Error] [2026-6-12 11:01:44] WaitForWIPFinish timeout, wait second ms:100
[Error] [2026-6-12 11:01:44] WaitForWIPFinish timeout, wait second ms:100
[Error] [2026-6-12 11:01:44] WaitForWIPFinish timeout, wait second ms:100
[Error] [2026-6-12 11:01:45] WaitForWIPFinish timeout, wait second ms:100
[Error] [2026-6-12 11:01:45] WaitForWIPFinish timeout, wait second ms:100
[Error] [2026-6-12 11:01:45] WaitForWIPFinish timeout, wait second ms:100
[Debug] [2026-6-12 11:01:45] progress bar is 6
[Error] [2026-6-12 11:01:45] WaitForWIPFinish timeout, wait second ms:100
[Error] [2026-6-12 11:01:45] WaitForWIPFinish timeout, wait second ms:100
[Error] [2026-6-12 11:01:45] WaitForWIPFinish timeout, wait second ms:100
[Error] [2026-6-12 11:01:45] WaitForWIPFinish timeout, wait second ms:100
[Error] [2026-6-12 11:01:45] WaitForWIPFinish timeout, wait second ms:100
[Debug] [2026-6-12 11:01:46] progress bar is 11
[Error] [2026-6-12 11:01:46] WaitForWIPFinish timeout, wait second ms:100
[Error] [2026-6-12 11:01:46] WaitForWIPFinish timeout, wait second ms:100
[Error] [2026-6-12 11:01:46] WaitForWIPFinish timeout, wait second ms:100
[Error] [2026-6-12 11:01:46] WaitForWIPFinish timeout, wait second ms:100
[Error] [2026-6-12 11:01:46] WaitForWIPFinish timeout, wait second ms:100
[Debug] [2026-6-12 11:01:46] progress bar is 15
[Error] [2026-6-12 11:01:46] WaitForWIPFinish timeout, wait second ms:100
[Error] [2026-6-12 11:01:47] WaitForWIPFinish timeout, wait second ms:100
[Error] [2026-6-12 11:01:47] WaitForWIPFinish timeout, wait second ms:100
[Error] [2026-6-12 11:01:47] WaitForWIPFinish timeout, wait second ms:100
[Error] [2026-6-12 11:01:47] WaitForWIPFinish timeout, wait second ms:100
[Error] [2026-6-12 11:01:47] WaitForWIPFinish timeout, wait second ms:100
[Error] [2026-6-12 11:01:47] WaitForWIPFinish timeout, wait second ms:100
[Debug] [2026-6-12 11:01:47] progress bar is 20
[Error] [2026-6-12 11:01:47] WaitForWIPFinish timeout, wait second ms:100
[Error] [2026-6-12 11:01:47] WaitForWIPFinish timeout, wait second ms:100
[Error] [2026-6-12 11:01:48] WaitForWIPFinish timeout, wait second ms:100
[Error] [2026-6-12 11:01:48] WaitForWIPFinish timeout, wait second ms:100
[Error] [2026-6-12 11:01:48] WaitForWIPFinish timeout, wait second ms:100
[Error] [2026-6-12 11:01:48] WaitForWIPFinish timeout, wait second ms:100
[Debug] [2026-6-12 11:01:48] progress bar is 25
[Error] [2026-6-12 11:01:48] WaitForWIPFinish timeout, wait second ms:100
[Error] [2026-6-12 11:01:48] WaitForWIPFinish timeout, wait second ms:100
[Error] [2026-6-12 11:01:48] WaitForWIPFinish timeout, wait second ms:100
[Error] [2026-6-12 11:01:49] WaitForWIPFinish timeout, wait second ms:100
[Error] [2026-6-12 11:01:49] WaitForWIPFinish timeout, wait second ms:100
[Error] [2026-6-12 11:01:49] WaitForWIPFinish timeout, wait second ms:100
[Error] [2026-6-12 11:01:49] WaitForWIPFinish timeout, wait second ms:100
[Error] [2026-6-12 11:01:49] WaitForWIPFinish timeout, wait second ms:100
[Debug] [2026-6-12 11:01:49] progress bar is 31
[Error] [2026-6-12 11:01:49] WaitForWIPFinish timeout, wait second ms:100
[Error] [2026-6-12 11:01:49] WaitForWIPFinish timeout, wait second ms:100
[Error] [2026-6-12 11:01:50] WaitForWIPFinish timeout, wait second ms:100
[Error] [2026-6-12 11:01:50] WaitForWIPFinish timeout, wait second ms:100
[Error] [2026-6-12 11:01:50] WaitForWIPFinish timeout, wait second ms:100
[Error] [2026-6-12 11:01:50] WaitForWIPFinish timeout, wait second ms:100
[Debug] [2026-6-12 11:01:50] progress bar is 36
[Error] [2026-6-12 11:01:50] WaitForWIPFinish timeout, wait second ms:100
[Error] [2026-6-12 11:01:50] WaitForWIPFinish timeout, wait second ms:100
[Error] [2026-6-12 11:01:50] WaitForWIPFinish timeout, wait second ms:100
[Error] [2026-6-12 11:01:50] WaitForWIPFinish timeout, wait second ms:100
[Error] [2026-6-12 11:01:51] WaitForWIPFinish timeout, wait second ms:100
[Error] [2026-6-12 11:01:51] WaitForWIPFinish timeout, wait second ms:100
[Error] [2026-6-12 11:01:51] WaitForWIPFinish timeout, wait second ms:100
[Debug] [2026-6-12 11:01:51] progress bar is 40
[Error] [2026-6-12 11:01:51] WaitForWIPFinish timeout, wait second ms:100
[Error] [2026-6-12 11:01:51] WaitForWIPFinish timeout, wait second ms:100
[Error] [2026-6-12 11:01:51] WaitForWIPFinish timeout, wait second ms:100
[Error] [2026-6-12 11:01:51] WaitForWIPFinish timeout, wait second ms:100
[Error] [2026-6-12 11:01:52] WaitForWIPFinish timeout, wait second ms:100
[Error] [2026-6-12 11:01:52] WaitForWIPFinish timeout, wait second ms:100
[Debug] [2026-6-12 11:01:52] progress bar is 45
[Error] [2026-6-12 11:01:52] WaitForWIPFinish timeout, wait second ms:100
[Error] [2026-6-12 11:01:52] WaitForWIPFinish timeout, wait second ms:100
[Error] [2026-6-12 11:01:52] WaitForWIPFinish timeout, wait second ms:100
[Error] [2026-6-12 11:01:52] WaitForWIPFinish timeout, wait second ms:100
[Error] [2026-6-12 11:01:52] WaitForWIPFinish timeout, wait second ms:100
[Debug] [2026-6-12 11:01:53] progress bar is 50
[Error] [2026-6-12 11:01:53] WaitForWIPFinish timeout, wait second ms:100
[Error] [2026-6-12 11:01:53] WaitForWIPFinish timeout, wait second ms:100
[Error] [2026-6-12 11:01:53] WaitForWIPFinish timeout, wait second ms:100
[Error] [2026-6-12 11:01:53] WaitForWIPFinish timeout, wait second ms:100
[Error] [2026-6-12 11:01:53] WaitForWIPFinish timeout, wait second ms:100
[Error] [2026-6-12 11:01:53] WaitForWIPFinish timeout, wait second ms:100
[Error] [2026-6-12 11:01:53] WaitForWIPFinish timeout, wait second ms:100
[Error] [2026-6-12 11:01:54] WaitForWIPFinish timeout, wait second ms:100
[Error] [2026-6-12 11:01:54] WaitForWIPFinish timeout, wait second ms:100
[Debug] [2026-6-12 11:01:54] progress bar is 56
[Error] [2026-6-12 11:01:54] WaitForWIPFinish timeout, wait second ms:100
[Error] [2026-6-12 11:01:54] WaitForWIPFinish timeout, wait second ms:100
[Error] [2026-6-12 11:01:54] WaitForWIPFinish timeout, wait second ms:100
[Error] [2026-6-12 11:01:54] WaitForWIPFinish timeout, wait second ms:100
[Error] [2026-6-12 11:01:54] WaitForWIPFinish timeout, wait second ms:100
[Error] [2026-6-12 11:01:54] WaitForWIPFinish timeout, wait second ms:100
[Debug] [2026-6-12 11:01:55] progress bar is 61
[Error] [2026-6-12 11:01:55] WaitForWIPFinish timeout, wait second ms:100
[Error] [2026-6-12 11:01:55] WaitForWIPFinish timeout, wait second ms:100
[Error] [2026-6-12 11:01:55] WaitForWIPFinish timeout, wait second ms:100
[Error] [2026-6-12 11:01:55] WaitForWIPFinish timeout, wait second ms:100
[Error] [2026-6-12 11:01:55] WaitForWIPFinish timeout, wait second ms:100
[Error] [2026-6-12 11:01:55] WaitForWIPFinish timeout, wait second ms:100
[Debug] [2026-6-12 11:01:55] progress bar is 65
[Error] [2026-6-12 11:01:56] WaitForWIPFinish timeout, wait second ms:100
[Error] [2026-6-12 11:01:56] WaitForWIPFinish timeout, wait second ms:100
[Error] [2026-6-12 11:01:56] WaitForWIPFinish timeout, wait second ms:100
[Error] [2026-6-12 11:01:56] WaitForWIPFinish timeout, wait second ms:100
[Error] [2026-6-12 11:01:56] WaitForWIPFinish timeout, wait second ms:100
[Error] [2026-6-12 11:01:56] WaitForWIPFinish timeout, wait second ms:100
[Debug] [2026-6-12 11:01:56] progress bar is 70
[Error] [2026-6-12 11:01:56] WaitForWIPFinish timeout, wait second ms:100
[Error] [2026-6-12 11:01:56] WaitForWIPFinish timeout, wait second ms:100
[Error] [2026-6-12 11:01:57] WaitForWIPFinish timeout, wait second ms:100
[Error] [2026-6-12 11:01:57] WaitForWIPFinish timeout, wait second ms:100
[Error] [2026-6-12 11:01:57] WaitForWIPFinish timeout, wait second ms:100
[Error] [2026-6-12 11:01:57] WaitForWIPFinish timeout, wait second ms:100
[Debug] [2026-6-12 11:01:57] progress bar is 75
[Error] [2026-6-12 11:01:57] WaitForWIPFinish timeout, wait second ms:100
[Error] [2026-6-12 11:01:57] WaitForWIPFinish timeout, wait second ms:100
[Error] [2026-6-12 11:01:57] WaitForWIPFinish timeout, wait second ms:100
[Error] [2026-6-12 11:01:58] WaitForWIPFinish timeout, wait second ms:100
[Error] [2026-6-12 11:01:58] WaitForWIPFinish timeout, wait second ms:100
[Error] [2026-6-12 11:01:58] WaitForWIPFinish timeout, wait second ms:100
[Error] [2026-6-12 11:01:58] WaitForWIPFinish timeout, wait second ms:100
[Error] [2026-6-12 11:01:58] WaitForWIPFinish timeout, wait second ms:100
[Error] [2026-6-12 11:01:58] WaitForWIPFinish timeout, wait second ms:100
[Debug] [2026-6-12 11:01:58] progress bar is 81
[Error] [2026-6-12 11:01:58] WaitForWIPFinish timeout, wait second ms:100
[Error] [2026-6-12 11:01:58] WaitForWIPFinish timeout, wait second ms:100
[Error] [2026-6-12 11:01:59] WaitForWIPFinish timeout, wait second ms:100
[Error] [2026-6-12 11:01:59] WaitForWIPFinish timeout, wait second ms:100
[Error] [2026-6-12 11:01:59] WaitForWIPFinish timeout, wait second ms:100
[Debug] [2026-6-12 11:01:59] progress bar is 86
[Error] [2026-6-12 11:01:59] WaitForWIPFinish timeout, wait second ms:100
[Error] [2026-6-12 11:01:59] WaitForWIPFinish timeout, wait second ms:100
[Error] [2026-6-12 11:01:59] WaitForWIPFinish timeout, wait second ms:100
[Error] [2026-6-12 11:02:00] WaitForWIPFinish timeout, wait second ms:100
[Error] [2026-6-12 11:02:00] WaitForWIPFinish timeout, wait second ms:100
[Error] [2026-6-12 11:02:00] WaitForWIPFinish timeout, wait second ms:100
[Debug] [2026-6-12 11:02:00] progress bar is 90
[Error] [2026-6-12 11:02:00] WaitForWIPFinish timeout, wait second ms:100
[Error] [2026-6-12 11:02:00] WaitForWIPFinish timeout, wait second ms:100
[Error] [2026-6-12 11:02:00] WaitForWIPFinish timeout, wait second ms:100
[Error] [2026-6-12 11:02:00] WaitForWIPFinish timeout, wait second ms:100
[Error] [2026-6-12 11:02:00] WaitForWIPFinish timeout, wait second ms:100
[Debug] [2026-6-12 11:02:01] progress bar is 95
[Error] [2026-6-12 11:02:01] WaitForWIPFinish timeout, wait second ms:100
[Error] [2026-6-12 11:02:01] WaitForWIPFinish timeout, wait second ms:100
[Debug] [2026-6-12 11:02:01] progress bar is 100
[Debug] [2026-6-12 11:02:01] end to operate flash: cmd id = 20302
[Debug] [2026-6-12 11:02:01] cmd operation Erase Outer Flash releases locker
[Debug] [2026-6-12 11:02:01] Remove the header data from the client, index : 0
[Debug] [2026-6-12 11:02:01] _total_bytes_size : 1295
[Debug] [2026-6-12 11:02:01] cmd id :20301cmd name : Program Outer Flash
[Debug] [2026-6-12 11:02:01] begin to operate flash: cmd id = 20301
[Debug] [2026-6-12 11:02:01] the idcode from the scanning is: 0x50602899
[Debug] [2026-6-12 11:02:01] the idcode from the scanning is: 0x0
[Debug] [2026-6-12 11:02:01] the idcode from the scanning is: 0x0
[Debug] [2026-6-12 11:02:01] the idcode from the scanning is: 0x0
[Debug] [2026-6-12 11:02:01] the idcode from the scanning is: 0x0
[Debug] [2026-6-12 11:02:01] the value in the status register is :81ffca0
[Debug] [2026-6-12 11:02:01] flash_id is 1c7118
[Debug] [2026-6-12 11:02:01] The value of GigaDevice status register 1 is 0x
[Debug] [2026-6-12 11:02:01] progress bar is 1
[Debug] [2026-6-12 11:02:04] progress bar is 6
[Debug] [2026-6-12 11:02:06] progress bar is 10
[Debug] [2026-6-12 11:02:08] progress bar is 15
[Debug] [2026-6-12 11:02:10] progress bar is 20
[Debug] [2026-6-12 11:02:13] progress bar is 25
[Debug] [2026-6-12 11:02:15] progress bar is 30
[Debug] [2026-6-12 11:02:17] progress bar is 35
[Debug] [2026-6-12 11:02:20] progress bar is 40
[Debug] [2026-6-12 11:02:22] progress bar is 45
[Debug] [2026-6-12 11:02:24] progress bar is 50
[Debug] [2026-6-12 11:02:26] progress bar is 55
[Debug] [2026-6-12 11:02:29] progress bar is 60
[Debug] [2026-6-12 11:02:31] progress bar is 65
[Debug] [2026-6-12 11:02:33] progress bar is 70
[Debug] [2026-6-12 11:02:36] progress bar is 75
[Debug] [2026-6-12 11:02:38] progress bar is 80
[Debug] [2026-6-12 11:02:41] progress bar is 85
[Debug] [2026-6-12 11:02:43] progress bar is 90
[Debug] [2026-6-12 11:02:45] progress bar is 95
[Debug] [2026-6-12 11:02:48] progress bar is 100
[Debug] [2026-6-12 11:02:48] end to operate flash: cmd id = 20301
[Debug] [2026-6-12 11:02:48] cmd operation Program Outer Flash releases locker
[Debug] [2026-6-12 11:02:48] Remove the header data from the client, index : 0
[Debug] [2026-6-12 11:02:48] _total_bytes_size : 1293
[Debug] [2026-6-12 11:02:48] cmd id :20303cmd name : Verify Outer Flash
[Debug] [2026-6-12 11:02:48] begin to operate flash: cmd id = 20303
[Debug] [2026-6-12 11:02:48] the idcode from the scanning is: 0x50602899
[Debug] [2026-6-12 11:02:48] the idcode from the scanning is: 0x0
[Debug] [2026-6-12 11:02:48] the idcode from the scanning is: 0x0
[Debug] [2026-6-12 11:02:48] the idcode from the scanning is: 0x0
[Debug] [2026-6-12 11:02:48] the idcode from the scanning is: 0x0
[Debug] [2026-6-12 11:02:48] the value in the status register is :81ffca0
[Debug] [2026-6-12 11:02:48] flash_id is 1c7118
[Debug] [2026-6-12 11:02:48] the value in the status register is :81ffca0
[Debug] [2026-6-12 11:02:48] progress bar is 1
[Debug] [2026-6-12 11:02:48] progress bar is 6
[Debug] [2026-6-12 11:02:48] progress bar is 10
[Debug] [2026-6-12 11:02:49] progress bar is 15
[Debug] [2026-6-12 11:02:49] progress bar is 20
[Debug] [2026-6-12 11:02:49] progress bar is 25
[Debug] [2026-6-12 11:02:49] progress bar is 30
[Debug] [2026-6-12 11:02:49] progress bar is 35
[Debug] [2026-6-12 11:02:49] progress bar is 40
[Debug] [2026-6-12 11:02:49] progress bar is 45
[Debug] [2026-6-12 11:02:50] progress bar is 50
[Debug] [2026-6-12 11:02:50] progress bar is 55
[Debug] [2026-6-12 11:02:50] progress bar is 60
[Debug] [2026-6-12 11:02:50] progress bar is 65
[Debug] [2026-6-12 11:02:50] progress bar is 70
[Debug] [2026-6-12 11:02:50] progress bar is 75
[Debug] [2026-6-12 11:02:50] progress bar is 80
[Debug] [2026-6-12 11:02:51] progress bar is 85
[Debug] [2026-6-12 11:02:51] progress bar is 90
[Debug] [2026-6-12 11:02:51] progress bar is 95
[Debug] [2026-6-12 11:02:51] progress bar is 100
[Debug] [2026-6-12 11:02:51] end to operate flash: cmd id = 20303
[Debug] [2026-6-12 11:02:51] cmd operation Verify Outer Flash releases locker
[Info] [2026-6-12 20:02:30] /***************************Start jtagserver***************************/
[Info] [2026-6-12 20:02:30] Path: F:/PDS_2022.2-SP6.4/bin
[Info] [2026-6-12 20:02:30] Version: 146967
[Debug] [2026-6-12 20:02:33] Add a new user_thread, socket descriptor is 964 user_thread id is 000000000000F09C
[Debug] [2026-6-12 20:02:33] After adding, map size is : 1
[Debug] [2026-6-12 20:02:33] Add a new user_thread, socket descriptor is 1144 user_thread id is 000000000000F09C
[Debug] [2026-6-12 20:02:33] After adding, map size is : 2
[Debug] [2026-6-12 20:02:33] IP address of connecting client is : ::ffff:127.0.0.1
[Debug] [2026-6-12 20:02:33] IP address of connecting client is : ::ffff:127.0.0.1
[Debug] [2026-6-12 20:02:33] Remove the header data from the client, index : 0
[Debug] [2026-6-12 20:02:33] _total_bytes_size : 160
[Debug] [2026-6-12 20:02:33] Remove the header data from the client, index : 0
[Debug] [2026-6-12 20:02:33] _total_bytes_size : 96
[Debug] [2026-6-12 20:02:33] cmd id :40010cmd name : get_cable_paras
[Debug] [2026-6-12 20:02:37] cmd operation get_cable_paras releases locker
[Debug] [2026-6-12 20:02:37] Remove the header data from the client, index : 0
[Debug] [2026-6-12 20:02:37] _total_bytes_size : 101
[Debug] [2026-6-12 20:02:37] cmd id :20001cmd name : Open config cable
[Debug] [2026-6-12 20:02:37] the idcode from the scanning is: 0x50602899
[Debug] [2026-6-12 20:02:37] the idcode from the scanning is: 0x0
[Debug] [2026-6-12 20:02:37] the idcode from the scanning is: 0x0
[Debug] [2026-6-12 20:02:37] the idcode from the scanning is: 0x0
[Debug] [2026-6-12 20:02:37] the idcode from the scanning is: 0x0
[Debug] [2026-6-12 20:02:38] cmd operation Open config cable releases locker
[Debug] [2026-6-12 20:02:51] Remove the header data from the client, index : 0
[Debug] [2026-6-12 20:02:51] _total_bytes_size : 349
[Debug] [2026-6-12 20:02:51] cmd id :4f4ccmd name : Scan Outer SPI Flash
[Debug] [2026-6-12 20:02:51] the idcode from the scanning is: 0x50602899
[Debug] [2026-6-12 20:02:51] the idcode from the scanning is: 0x0
[Debug] [2026-6-12 20:02:51] the idcode from the scanning is: 0x0
[Debug] [2026-6-12 20:02:51] the idcode from the scanning is: 0x0
[Debug] [2026-6-12 20:02:51] the idcode from the scanning is: 0x0
[Debug] [2026-6-12 20:02:51] the value in the status register is :81ffca0
[Debug] [2026-6-12 20:02:51] flash_id is 1c7118
[Debug] [2026-6-12 20:02:51] cmd operation Scan Outer SPI Flash releases locker
[Debug] [2026-6-12 20:02:55] Remove the header data from the client, index : 0
[Debug] [2026-6-12 20:02:55] _total_bytes_size : 512
[Debug] [2026-6-12 20:02:55] cmd id :4f4ecmd name : Erase Outer Flash
[Debug] [2026-6-12 20:02:55] begin to operate flash: cmd id = 4f4e
[Debug] [2026-6-12 20:02:55] the idcode from the scanning is: 0x50602899
[Debug] [2026-6-12 20:02:55] the idcode from the scanning is: 0x0
[Debug] [2026-6-12 20:02:55] the idcode from the scanning is: 0x0
[Debug] [2026-6-12 20:02:55] the idcode from the scanning is: 0x0
[Debug] [2026-6-12 20:02:55] the idcode from the scanning is: 0x0
[Debug] [2026-6-12 20:02:55] the value in the status register is :81ffca0
[Debug] [2026-6-12 20:02:55] flash_id is 1c7118
[Debug] [2026-6-12 20:02:55] the value in the status register is :81ffca0
[Debug] [2026-6-12 20:02:55] progress bar is 1
[Error] [2026-6-12 20:02:55] WaitForWIPFinish timeout, wait second ms:100
[Error] [2026-6-12 20:02:55] WaitForWIPFinish timeout, wait second ms:100
[Error] [2026-6-12 20:02:55] WaitForWIPFinish timeout, wait second ms:100
[Error] [2026-6-12 20:02:56] WaitForWIPFinish timeout, wait second ms:100
[Error] [2026-6-12 20:02:56] WaitForWIPFinish timeout, wait second ms:100
[Error] [2026-6-12 20:02:56] WaitForWIPFinish timeout, wait second ms:100
[Error] [2026-6-12 20:02:56] WaitForWIPFinish timeout, wait second ms:100
[Error] [2026-6-12 20:02:56] WaitForWIPFinish timeout, wait second ms:100
[Error] [2026-6-12 20:02:56] WaitForWIPFinish timeout, wait second ms:100
[Error] [2026-6-12 20:02:57] WaitForWIPFinish timeout, wait second ms:100
[Error] [2026-6-12 20:02:57] WaitForWIPFinish timeout, wait second ms:100
[Debug] [2026-6-12 20:02:57] progress bar is 6
[Error] [2026-6-12 20:02:57] WaitForWIPFinish timeout, wait second ms:100
[Error] [2026-6-12 20:02:57] WaitForWIPFinish timeout, wait second ms:100
[Error] [2026-6-12 20:02:57] WaitForWIPFinish timeout, wait second ms:100
[Error] [2026-6-12 20:02:57] WaitForWIPFinish timeout, wait second ms:100
[Error] [2026-6-12 20:02:57] WaitForWIPFinish timeout, wait second ms:100
[Debug] [2026-6-12 20:02:57] progress bar is 11
[Error] [2026-6-12 20:02:58] WaitForWIPFinish timeout, wait second ms:100
[Error] [2026-6-12 20:02:58] WaitForWIPFinish timeout, wait second ms:100
[Error] [2026-6-12 20:02:58] WaitForWIPFinish timeout, wait second ms:100
[Error] [2026-6-12 20:02:58] WaitForWIPFinish timeout, wait second ms:100
[Error] [2026-6-12 20:02:58] WaitForWIPFinish timeout, wait second ms:100
[Error] [2026-6-12 20:02:58] WaitForWIPFinish timeout, wait second ms:100
[Debug] [2026-6-12 20:02:58] progress bar is 15
[Error] [2026-6-12 20:02:58] WaitForWIPFinish timeout, wait second ms:100
[Error] [2026-6-12 20:02:58] WaitForWIPFinish timeout, wait second ms:100
[Error] [2026-6-12 20:02:59] WaitForWIPFinish timeout, wait second ms:100
[Error] [2026-6-12 20:02:59] WaitForWIPFinish timeout, wait second ms:100
[Error] [2026-6-12 20:02:59] WaitForWIPFinish timeout, wait second ms:100
[Error] [2026-6-12 20:02:59] WaitForWIPFinish timeout, wait second ms:100
[Error] [2026-6-12 20:02:59] WaitForWIPFinish timeout, wait second ms:100
[Debug] [2026-6-12 20:02:59] progress bar is 20
[Error] [2026-6-12 20:02:59] WaitForWIPFinish timeout, wait second ms:100
[Error] [2026-6-12 20:02:59] WaitForWIPFinish timeout, wait second ms:100
[Error] [2026-6-12 20:02:59] WaitForWIPFinish timeout, wait second ms:100
[Error] [2026-6-12 20:03:00] WaitForWIPFinish timeout, wait second ms:100
[Error] [2026-6-12 20:03:00] WaitForWIPFinish timeout, wait second ms:100
[Debug] [2026-6-12 20:03:00] progress bar is 25
[Error] [2026-6-12 20:03:00] WaitForWIPFinish timeout, wait second ms:100
[Error] [2026-6-12 20:03:00] WaitForWIPFinish timeout, wait second ms:100
[Error] [2026-6-12 20:03:00] WaitForWIPFinish timeout, wait second ms:100
[Error] [2026-6-12 20:03:00] WaitForWIPFinish timeout, wait second ms:100
[Error] [2026-6-12 20:03:01] WaitForWIPFinish timeout, wait second ms:100
[Error] [2026-6-12 20:03:01] WaitForWIPFinish timeout, wait second ms:100
[Error] [2026-6-12 20:03:01] WaitForWIPFinish timeout, wait second ms:100
[Error] [2026-6-12 20:03:01] WaitForWIPFinish timeout, wait second ms:100
[Error] [2026-6-12 20:03:01] WaitForWIPFinish timeout, wait second ms:100
[Debug] [2026-6-12 20:03:01] progress bar is 31
[Error] [2026-6-12 20:03:01] WaitForWIPFinish timeout, wait second ms:100
[Error] [2026-6-12 20:03:01] WaitForWIPFinish timeout, wait second ms:100
[Error] [2026-6-12 20:03:01] WaitForWIPFinish timeout, wait second ms:100
[Error] [2026-6-12 20:03:02] WaitForWIPFinish timeout, wait second ms:100
[Error] [2026-6-12 20:03:02] WaitForWIPFinish timeout, wait second ms:100
[Error] [2026-6-12 20:03:02] WaitForWIPFinish timeout, wait second ms:100
[Debug] [2026-6-12 20:03:02] progress bar is 36
[Error] [2026-6-12 20:03:02] WaitForWIPFinish timeout, wait second ms:100
[Error] [2026-6-12 20:03:02] WaitForWIPFinish timeout, wait second ms:100
[Error] [2026-6-12 20:03:02] WaitForWIPFinish timeout, wait second ms:100
[Error] [2026-6-12 20:03:02] WaitForWIPFinish timeout, wait second ms:100
[Error] [2026-6-12 20:03:03] WaitForWIPFinish timeout, wait second ms:100
[Error] [2026-6-12 20:03:03] WaitForWIPFinish timeout, wait second ms:100
[Error] [2026-6-12 20:03:03] WaitForWIPFinish timeout, wait second ms:100
[Debug] [2026-6-12 20:03:03] progress bar is 40
[Error] [2026-6-12 20:03:03] WaitForWIPFinish timeout, wait second ms:100
[Error] [2026-6-12 20:03:03] WaitForWIPFinish timeout, wait second ms:100
[Error] [2026-6-12 20:03:03] WaitForWIPFinish timeout, wait second ms:100
[Error] [2026-6-12 20:03:03] WaitForWIPFinish timeout, wait second ms:100
[Error] [2026-6-12 20:03:03] WaitForWIPFinish timeout, wait second ms:100
[Error] [2026-6-12 20:03:04] WaitForWIPFinish timeout, wait second ms:100
[Debug] [2026-6-12 20:03:04] progress bar is 45
[Error] [2026-6-12 20:03:04] WaitForWIPFinish timeout, wait second ms:100
[Error] [2026-6-12 20:03:04] WaitForWIPFinish timeout, wait second ms:100
[Error] [2026-6-12 20:03:04] WaitForWIPFinish timeout, wait second ms:100
[Error] [2026-6-12 20:03:04] WaitForWIPFinish timeout, wait second ms:100
[Error] [2026-6-12 20:03:04] WaitForWIPFinish timeout, wait second ms:100
[Error] [2026-6-12 20:03:04] WaitForWIPFinish timeout, wait second ms:100
[Error] [2026-6-12 20:03:05] WaitForWIPFinish timeout, wait second ms:100
[Debug] [2026-6-12 20:03:05] progress bar is 50
[Error] [2026-6-12 20:03:05] WaitForWIPFinish timeout, wait second ms:100
[Error] [2026-6-12 20:03:05] WaitForWIPFinish timeout, wait second ms:100
[Error] [2026-6-12 20:03:05] WaitForWIPFinish timeout, wait second ms:100
[Error] [2026-6-12 20:03:05] WaitForWIPFinish timeout, wait second ms:100
[Error] [2026-6-12 20:03:05] WaitForWIPFinish timeout, wait second ms:100
[Error] [2026-6-12 20:03:05] WaitForWIPFinish timeout, wait second ms:100
[Error] [2026-6-12 20:03:06] WaitForWIPFinish timeout, wait second ms:100
[Error] [2026-6-12 20:03:06] WaitForWIPFinish timeout, wait second ms:100
[Error] [2026-6-12 20:03:06] WaitForWIPFinish timeout, wait second ms:100
[Debug] [2026-6-12 20:03:06] progress bar is 56
[Error] [2026-6-12 20:03:06] WaitForWIPFinish timeout, wait second ms:100
[Error] [2026-6-12 20:03:06] WaitForWIPFinish timeout, wait second ms:100
[Error] [2026-6-12 20:03:06] WaitForWIPFinish timeout, wait second ms:100
[Error] [2026-6-12 20:03:06] WaitForWIPFinish timeout, wait second ms:100
[Error] [2026-6-12 20:03:06] WaitForWIPFinish timeout, wait second ms:100
[Error] [2026-6-12 20:03:07] WaitForWIPFinish timeout, wait second ms:100
[Error] [2026-6-12 20:03:07] WaitForWIPFinish timeout, wait second ms:100
[Debug] [2026-6-12 20:03:07] progress bar is 61
[Error] [2026-6-12 20:03:07] WaitForWIPFinish timeout, wait second ms:100
[Error] [2026-6-12 20:03:07] WaitForWIPFinish timeout, wait second ms:100
[Error] [2026-6-12 20:03:07] WaitForWIPFinish timeout, wait second ms:100
[Error] [2026-6-12 20:03:07] WaitForWIPFinish timeout, wait second ms:100
[Error] [2026-6-12 20:03:07] WaitForWIPFinish timeout, wait second ms:100
[Error] [2026-6-12 20:03:07] WaitForWIPFinish timeout, wait second ms:100
[Debug] [2026-6-12 20:03:08] progress bar is 65
[Error] [2026-6-12 20:03:08] WaitForWIPFinish timeout, wait second ms:100
[Error] [2026-6-12 20:03:08] WaitForWIPFinish timeout, wait second ms:100
[Error] [2026-6-12 20:03:08] WaitForWIPFinish timeout, wait second ms:100
[Error] [2026-6-12 20:03:08] WaitForWIPFinish timeout, wait second ms:100
[Error] [2026-6-12 20:03:08] WaitForWIPFinish timeout, wait second ms:100
[Debug] [2026-6-12 20:03:08] progress bar is 70
[Error] [2026-6-12 20:03:08] WaitForWIPFinish timeout, wait second ms:100
[Error] [2026-6-12 20:03:09] WaitForWIPFinish timeout, wait second ms:100
[Error] [2026-6-12 20:03:09] WaitForWIPFinish timeout, wait second ms:100
[Error] [2026-6-12 20:03:09] WaitForWIPFinish timeout, wait second ms:100
[Error] [2026-6-12 20:03:09] WaitForWIPFinish timeout, wait second ms:100
[Error] [2026-6-12 20:03:09] WaitForWIPFinish timeout, wait second ms:100
[Debug] [2026-6-12 20:03:09] progress bar is 75
[Error] [2026-6-12 20:03:09] WaitForWIPFinish timeout, wait second ms:100
[Error] [2026-6-12 20:03:09] WaitForWIPFinish timeout, wait second ms:100
[Error] [2026-6-12 20:03:09] WaitForWIPFinish timeout, wait second ms:100
[Error] [2026-6-12 20:03:10] WaitForWIPFinish timeout, wait second ms:100
[Error] [2026-6-12 20:03:10] WaitForWIPFinish timeout, wait second ms:100
[Error] [2026-6-12 20:03:10] WaitForWIPFinish timeout, wait second ms:100
[Error] [2026-6-12 20:03:10] WaitForWIPFinish timeout, wait second ms:100
[Error] [2026-6-12 20:03:10] WaitForWIPFinish timeout, wait second ms:100
[Error] [2026-6-12 20:03:10] WaitForWIPFinish timeout, wait second ms:100
[Debug] [2026-6-12 20:03:10] progress bar is 81
[Error] [2026-6-12 20:03:10] WaitForWIPFinish timeout, wait second ms:100
[Error] [2026-6-12 20:03:11] WaitForWIPFinish timeout, wait second ms:100
[Error] [2026-6-12 20:03:11] WaitForWIPFinish timeout, wait second ms:100
[Error] [2026-6-12 20:03:11] WaitForWIPFinish timeout, wait second ms:100
[Error] [2026-6-12 20:03:11] WaitForWIPFinish timeout, wait second ms:100
[Debug] [2026-6-12 20:03:11] progress bar is 86
[Error] [2026-6-12 20:03:11] WaitForWIPFinish timeout, wait second ms:100
[Error] [2026-6-12 20:03:11] WaitForWIPFinish timeout, wait second ms:100
[Error] [2026-6-12 20:03:12] WaitForWIPFinish timeout, wait second ms:100
[Error] [2026-6-12 20:03:12] WaitForWIPFinish timeout, wait second ms:100
[Debug] [2026-6-12 20:03:12] progress bar is 90
[Error] [2026-6-12 20:03:12] WaitForWIPFinish timeout, wait second ms:100
[Error] [2026-6-12 20:03:12] WaitForWIPFinish timeout, wait second ms:100
[Error] [2026-6-12 20:03:12] WaitForWIPFinish timeout, wait second ms:100
[Error] [2026-6-12 20:03:12] WaitForWIPFinish timeout, wait second ms:100
[Error] [2026-6-12 20:03:12] WaitForWIPFinish timeout, wait second ms:100
[Error] [2026-6-12 20:03:12] WaitForWIPFinish timeout, wait second ms:100
[Debug] [2026-6-12 20:03:13] progress bar is 95
[Error] [2026-6-12 20:03:13] WaitForWIPFinish timeout, wait second ms:100
[Error] [2026-6-12 20:03:13] WaitForWIPFinish timeout, wait second ms:100
[Error] [2026-6-12 20:03:13] WaitForWIPFinish timeout, wait second ms:100
[Debug] [2026-6-12 20:03:13] progress bar is 100
[Debug] [2026-6-12 20:03:13] end to operate flash: cmd id = 20302
[Debug] [2026-6-12 20:03:13] cmd operation Erase Outer Flash releases locker
[Debug] [2026-6-12 20:03:13] Remove the header data from the client, index : 0
[Debug] [2026-6-12 20:03:13] _total_bytes_size : 1295
[Debug] [2026-6-12 20:03:13] cmd id :20301cmd name : Program Outer Flash
[Debug] [2026-6-12 20:03:13] begin to operate flash: cmd id = 20301
[Debug] [2026-6-12 20:03:13] the idcode from the scanning is: 0x50602899
[Debug] [2026-6-12 20:03:13] the idcode from the scanning is: 0x0
[Debug] [2026-6-12 20:03:13] the idcode from the scanning is: 0x0
[Debug] [2026-6-12 20:03:13] the idcode from the scanning is: 0x0
[Debug] [2026-6-12 20:03:13] the idcode from the scanning is: 0x0
[Debug] [2026-6-12 20:03:13] the value in the status register is :81ffca0
[Debug] [2026-6-12 20:03:13] flash_id is 1c7118
[Debug] [2026-6-12 20:03:13] The value of GigaDevice status register 1 is 0x
[Debug] [2026-6-12 20:03:13] progress bar is 1
[Debug] [2026-6-12 20:03:16] progress bar is 6
[Debug] [2026-6-12 20:03:18] progress bar is 10
[Debug] [2026-6-12 20:03:20] progress bar is 15
[Debug] [2026-6-12 20:03:22] progress bar is 20
[Debug] [2026-6-12 20:03:25] progress bar is 25
[Debug] [2026-6-12 20:03:27] progress bar is 30
[Debug] [2026-6-12 20:03:30] progress bar is 35
[Debug] [2026-6-12 20:03:32] progress bar is 40
[Debug] [2026-6-12 20:03:35] progress bar is 45
[Debug] [2026-6-12 20:03:37] progress bar is 50
[Debug] [2026-6-12 20:03:40] progress bar is 55
[Debug] [2026-6-12 20:03:42] progress bar is 60
[Debug] [2026-6-12 20:03:45] progress bar is 65
[Debug] [2026-6-12 20:03:47] progress bar is 70
[Debug] [2026-6-12 20:03:49] progress bar is 75
[Debug] [2026-6-12 20:03:52] progress bar is 80
[Debug] [2026-6-12 20:03:54] progress bar is 85
[Debug] [2026-6-12 20:03:57] progress bar is 90
[Debug] [2026-6-12 20:03:59] progress bar is 95
[Debug] [2026-6-12 20:04:02] progress bar is 100
[Debug] [2026-6-12 20:04:02] end to operate flash: cmd id = 20301
[Debug] [2026-6-12 20:04:02] cmd operation Program Outer Flash releases locker
[Debug] [2026-6-12 20:04:02] Remove the header data from the client, index : 0
[Debug] [2026-6-12 20:04:02] _total_bytes_size : 1293
[Debug] [2026-6-12 20:04:02] cmd id :20303cmd name : Verify Outer Flash
[Debug] [2026-6-12 20:04:02] begin to operate flash: cmd id = 20303
[Debug] [2026-6-12 20:04:02] the idcode from the scanning is: 0x50602899
[Debug] [2026-6-12 20:04:02] the idcode from the scanning is: 0x0
[Debug] [2026-6-12 20:04:02] the idcode from the scanning is: 0x0
[Debug] [2026-6-12 20:04:02] the idcode from the scanning is: 0x0
[Debug] [2026-6-12 20:04:02] the idcode from the scanning is: 0x0
[Debug] [2026-6-12 20:04:02] the value in the status register is :81ffca0
[Debug] [2026-6-12 20:04:02] flash_id is 1c7118
[Debug] [2026-6-12 20:04:02] the value in the status register is :81ffca0
[Debug] [2026-6-12 20:04:02] progress bar is 1
[Debug] [2026-6-12 20:04:02] progress bar is 6
[Debug] [2026-6-12 20:04:02] progress bar is 10
[Debug] [2026-6-12 20:04:02] progress bar is 15
[Debug] [2026-6-12 20:04:03] progress bar is 20
[Debug] [2026-6-12 20:04:03] progress bar is 25
[Debug] [2026-6-12 20:04:03] progress bar is 30
[Debug] [2026-6-12 20:04:03] progress bar is 35
[Debug] [2026-6-12 20:04:03] progress bar is 40
[Debug] [2026-6-12 20:04:03] progress bar is 45
[Debug] [2026-6-12 20:04:03] progress bar is 50
[Debug] [2026-6-12 20:04:04] progress bar is 55
[Debug] [2026-6-12 20:04:04] progress bar is 60
[Debug] [2026-6-12 20:04:04] progress bar is 65
[Debug] [2026-6-12 20:04:04] progress bar is 70
[Debug] [2026-6-12 20:04:04] progress bar is 75
[Debug] [2026-6-12 20:04:04] progress bar is 80
[Debug] [2026-6-12 20:04:04] progress bar is 85
[Debug] [2026-6-12 20:04:05] progress bar is 90
[Debug] [2026-6-12 20:04:05] progress bar is 95
[Debug] [2026-6-12 20:04:05] progress bar is 100
[Debug] [2026-6-12 20:04:05] end to operate flash: cmd id = 20303
[Debug] [2026-6-12 20:04:05] cmd operation Verify Outer Flash releases locker
[Info] [2026-6-15 15:20:35] /***************************Start jtagserver***************************/
[Info] [2026-6-15 15:20:35] Path: F:/PDS_2022.2-SP6.4/bin
[Info] [2026-6-15 15:20:35] Version: 146967
[Debug] [2026-6-15 15:20:40] Add a new user_thread, socket descriptor is 980 user_thread id is 0000000000007BC0
[Debug] [2026-6-15 15:20:40] After adding, map size is : 1
[Debug] [2026-6-15 15:20:40] Add a new user_thread, socket descriptor is 1148 user_thread id is 0000000000007BC0
[Debug] [2026-6-15 15:20:40] After adding, map size is : 2
[Debug] [2026-6-15 15:20:40] IP address of connecting client is : ::ffff:127.0.0.1
[Debug] [2026-6-15 15:20:40] IP address of connecting client is : ::ffff:127.0.0.1
[Debug] [2026-6-15 15:20:40] Remove the header data from the client, index : 0
[Debug] [2026-6-15 15:20:40] _total_bytes_size : 160
[Debug] [2026-6-15 15:20:40] Remove the header data from the client, index : 0
[Debug] [2026-6-15 15:20:40] _total_bytes_size : 96
[Debug] [2026-6-15 15:20:40] cmd id :40010cmd name : get_cable_paras
[Debug] [2026-6-15 15:20:46] cmd operation get_cable_paras releases locker
[Debug] [2026-6-15 15:20:46] Remove the header data from the client, index : 0
[Debug] [2026-6-15 15:20:46] _total_bytes_size : 101
[Debug] [2026-6-15 15:20:46] cmd id :20001cmd name : Open config cable
[Error] [2026-6-15 15:20:46] Hardware handler is invalid
[Debug] [2026-6-15 15:20:46] cmd operation Open config cable releases locker
[Debug] [2026-6-15 15:20:48] Remove the header data from the client, index : 0
[Debug] [2026-6-15 15:20:48] _total_bytes_size : 101
[Debug] [2026-6-15 15:20:48] cmd id :20001cmd name : Open config cable
[Error] [2026-6-15 15:20:48] Hardware handler is invalid
[Debug] [2026-6-15 15:20:48] cmd operation Open config cable releases locker
[Debug] [2026-6-15 15:20:49] Remove the header data from the client, index : 0
[Debug] [2026-6-15 15:20:49] _total_bytes_size : 101
[Debug] [2026-6-15 15:20:49] cmd id :20001cmd name : Open config cable
[Error] [2026-6-15 15:20:49] Hardware handler is invalid
[Debug] [2026-6-15 15:20:49] cmd operation Open config cable releases locker
[Debug] [2026-6-15 15:20:50] Remove the header data from the client, index : 0
[Debug] [2026-6-15 15:20:50] _total_bytes_size : 101
[Debug] [2026-6-15 15:20:50] cmd id :20001cmd name : Open config cable
[Error] [2026-6-15 15:20:50] Hardware handler is invalid
[Debug] [2026-6-15 15:20:50] cmd operation Open config cable releases locker
[Debug] [2026-6-15 15:20:51] Remove the header data from the client, index : 0
[Debug] [2026-6-15 15:20:51] _total_bytes_size : 101
[Debug] [2026-6-15 15:20:51] cmd id :20001cmd name : Open config cable
[Error] [2026-6-15 15:20:51] Hardware handler is invalid
[Debug] [2026-6-15 15:20:51] cmd operation Open config cable releases locker
[Debug] [2026-6-15 15:20:51] Remove the header data from the client, index : 0
[Debug] [2026-6-15 15:20:51] _total_bytes_size : 101
[Debug] [2026-6-15 15:20:51] cmd id :20001cmd name : Open config cable
[Error] [2026-6-15 15:20:51] Hardware handler is invalid
[Debug] [2026-6-15 15:20:51] cmd operation Open config cable releases locker
[Debug] [2026-6-15 15:20:52] Remove the header data from the client, index : 0
[Debug] [2026-6-15 15:20:52] _total_bytes_size : 101
[Debug] [2026-6-15 15:20:52] cmd id :20001cmd name : Open config cable
[Error] [2026-6-15 15:20:52] Hardware handler is invalid
[Debug] [2026-6-15 15:20:52] cmd operation Open config cable releases locker
[Debug] [2026-6-15 15:20:52] Remove the header data from the client, index : 0
[Debug] [2026-6-15 15:20:52] _total_bytes_size : 101
[Debug] [2026-6-15 15:20:52] cmd id :20001cmd name : Open config cable
[Error] [2026-6-15 15:20:52] Hardware handler is invalid
[Debug] [2026-6-15 15:20:52] cmd operation Open config cable releases locker
[Debug] [2026-6-15 15:20:52] Remove the header data from the client, index : 0
[Debug] [2026-6-15 15:20:52] _total_bytes_size : 101
[Debug] [2026-6-15 15:20:52] cmd id :20001cmd name : Open config cable
[Error] [2026-6-15 15:20:52] Hardware handler is invalid
[Debug] [2026-6-15 15:20:52] cmd operation Open config cable releases locker
[Info] [2026-6-15 15:20:58] /***************************Start jtagserver***************************/
[Info] [2026-6-15 15:20:58] Path: F:/PDS_2022.2-SP6.4/bin
[Info] [2026-6-15 15:20:58] Version: 146967
[Debug] [2026-6-15 15:21:01] Add a new user_thread, socket descriptor is 1020 user_thread id is 0000000000000828
[Debug] [2026-6-15 15:21:01] After adding, map size is : 1
[Debug] [2026-6-15 15:21:01] Add a new user_thread, socket descriptor is 1148 user_thread id is 0000000000000828
[Debug] [2026-6-15 15:21:01] After adding, map size is : 2
[Debug] [2026-6-15 15:21:01] IP address of connecting client is : ::ffff:127.0.0.1
[Debug] [2026-6-15 15:21:01] IP address of connecting client is : ::ffff:127.0.0.1
[Debug] [2026-6-15 15:21:01] Remove the header data from the client, index : 0
[Debug] [2026-6-15 15:21:01] _total_bytes_size : 160
[Debug] [2026-6-15 15:21:01] Remove the header data from the client, index : 0
[Debug] [2026-6-15 15:21:01] _total_bytes_size : 96
[Debug] [2026-6-15 15:21:01] cmd id :40010cmd name : get_cable_paras
[Debug] [2026-6-15 15:21:04] cmd operation get_cable_paras releases locker
[Debug] [2026-6-15 15:21:04] Remove the header data from the client, index : 0
[Debug] [2026-6-15 15:21:04] _total_bytes_size : 101
[Debug] [2026-6-15 15:21:04] cmd id :20001cmd name : Open config cable
[Debug] [2026-6-15 15:21:05] the idcode from the scanning is: 0x50602899
[Debug] [2026-6-15 15:21:05] the idcode from the scanning is: 0x0
[Debug] [2026-6-15 15:21:05] the idcode from the scanning is: 0x0
[Debug] [2026-6-15 15:21:05] the idcode from the scanning is: 0x0
[Debug] [2026-6-15 15:21:05] the idcode from the scanning is: 0x0
[Debug] [2026-6-15 15:21:05] cmd operation Open config cable releases locker
[Debug] [2026-6-15 15:21:10] Remove the header data from the client, index : 0
[Debug] [2026-6-15 15:21:10] _total_bytes_size : 349
[Debug] [2026-6-15 15:21:10] cmd id :4f4ccmd name : Scan Outer SPI Flash
[Debug] [2026-6-15 15:21:10] the idcode from the scanning is: 0x50602899
[Debug] [2026-6-15 15:21:10] the idcode from the scanning is: 0x0
[Debug] [2026-6-15 15:21:10] the idcode from the scanning is: 0x0
[Debug] [2026-6-15 15:21:10] the idcode from the scanning is: 0x0
[Debug] [2026-6-15 15:21:10] the idcode from the scanning is: 0x0
[Debug] [2026-6-15 15:21:10] the value in the status register is :81ffca0
[Debug] [2026-6-15 15:21:10] flash_id is 1c7118
[Debug] [2026-6-15 15:21:10] cmd operation Scan Outer SPI Flash releases locker
[Debug] [2026-6-15 15:21:14] Remove the header data from the client, index : 0
[Debug] [2026-6-15 15:21:14] _total_bytes_size : 512
[Debug] [2026-6-15 15:21:14] cmd id :4f4ecmd name : Erase Outer Flash
[Debug] [2026-6-15 15:21:14] begin to operate flash: cmd id = 4f4e
[Debug] [2026-6-15 15:21:14] the idcode from the scanning is: 0x50602899
[Debug] [2026-6-15 15:21:14] the idcode from the scanning is: 0x0
[Debug] [2026-6-15 15:21:14] the idcode from the scanning is: 0x0
[Debug] [2026-6-15 15:21:14] the idcode from the scanning is: 0x0
[Debug] [2026-6-15 15:21:14] the idcode from the scanning is: 0x0
[Debug] [2026-6-15 15:21:14] the value in the status register is :81ffca0
[Debug] [2026-6-15 15:21:14] flash_id is 1c7118
[Debug] [2026-6-15 15:21:14] the value in the status register is :81ffca0
[Debug] [2026-6-15 15:21:14] progress bar is 1
[Error] [2026-6-15 15:21:14] WaitForWIPFinish timeout, wait second ms:100
[Error] [2026-6-15 15:21:14] WaitForWIPFinish timeout, wait second ms:100
[Error] [2026-6-15 15:21:15] WaitForWIPFinish timeout, wait second ms:100
[Error] [2026-6-15 15:21:15] WaitForWIPFinish timeout, wait second ms:100
[Error] [2026-6-15 15:21:15] WaitForWIPFinish timeout, wait second ms:100
[Error] [2026-6-15 15:21:15] WaitForWIPFinish timeout, wait second ms:100
[Error] [2026-6-15 15:21:15] WaitForWIPFinish timeout, wait second ms:100
[Error] [2026-6-15 15:21:15] WaitForWIPFinish timeout, wait second ms:100
[Error] [2026-6-15 15:21:15] WaitForWIPFinish timeout, wait second ms:100
[Error] [2026-6-15 15:21:16] WaitForWIPFinish timeout, wait second ms:100
[Error] [2026-6-15 15:21:16] WaitForWIPFinish timeout, wait second ms:100
[Debug] [2026-6-15 15:21:16] progress bar is 6
[Error] [2026-6-15 15:21:16] WaitForWIPFinish timeout, wait second ms:100
[Error] [2026-6-15 15:21:16] WaitForWIPFinish timeout, wait second ms:100
[Error] [2026-6-15 15:21:16] WaitForWIPFinish timeout, wait second ms:100
[Error] [2026-6-15 15:21:16] WaitForWIPFinish timeout, wait second ms:100
[Error] [2026-6-15 15:21:16] WaitForWIPFinish timeout, wait second ms:100
[Debug] [2026-6-15 15:21:16] progress bar is 11
[Error] [2026-6-15 15:21:17] WaitForWIPFinish timeout, wait second ms:100
[Error] [2026-6-15 15:21:17] WaitForWIPFinish timeout, wait second ms:100
[Error] [2026-6-15 15:21:17] WaitForWIPFinish timeout, wait second ms:100
[Error] [2026-6-15 15:21:17] WaitForWIPFinish timeout, wait second ms:100
[Error] [2026-6-15 15:21:17] WaitForWIPFinish timeout, wait second ms:100
[Error] [2026-6-15 15:21:17] WaitForWIPFinish timeout, wait second ms:100
[Debug] [2026-6-15 15:21:17] progress bar is 15
[Error] [2026-6-15 15:21:17] WaitForWIPFinish timeout, wait second ms:100
[Error] [2026-6-15 15:21:17] WaitForWIPFinish timeout, wait second ms:100
[Error] [2026-6-15 15:21:18] WaitForWIPFinish timeout, wait second ms:100
[Error] [2026-6-15 15:21:18] WaitForWIPFinish timeout, wait second ms:100
[Error] [2026-6-15 15:21:18] WaitForWIPFinish timeout, wait second ms:100
[Error] [2026-6-15 15:21:18] WaitForWIPFinish timeout, wait second ms:100
[Error] [2026-6-15 15:21:18] WaitForWIPFinish timeout, wait second ms:100
[Debug] [2026-6-15 15:21:18] progress bar is 20
[Error] [2026-6-15 15:21:18] WaitForWIPFinish timeout, wait second ms:100
[Error] [2026-6-15 15:21:18] WaitForWIPFinish timeout, wait second ms:100
[Error] [2026-6-15 15:21:19] WaitForWIPFinish timeout, wait second ms:100
[Error] [2026-6-15 15:21:19] WaitForWIPFinish timeout, wait second ms:100
[Error] [2026-6-15 15:21:19] WaitForWIPFinish timeout, wait second ms:100
[Error] [2026-6-15 15:21:19] WaitForWIPFinish timeout, wait second ms:100
[Debug] [2026-6-15 15:21:19] progress bar is 25
[Error] [2026-6-15 15:21:19] WaitForWIPFinish timeout, wait second ms:100
[Error] [2026-6-15 15:21:19] WaitForWIPFinish timeout, wait second ms:100
[Error] [2026-6-15 15:21:19] WaitForWIPFinish timeout, wait second ms:100
[Error] [2026-6-15 15:21:20] WaitForWIPFinish timeout, wait second ms:100
[Error] [2026-6-15 15:21:20] WaitForWIPFinish timeout, wait second ms:100
[Error] [2026-6-15 15:21:20] WaitForWIPFinish timeout, wait second ms:100
[Error] [2026-6-15 15:21:20] WaitForWIPFinish timeout, wait second ms:100
[Error] [2026-6-15 15:21:20] WaitForWIPFinish timeout, wait second ms:100
[Error] [2026-6-15 15:21:20] WaitForWIPFinish timeout, wait second ms:100
[Debug] [2026-6-15 15:21:20] progress bar is 31
[Error] [2026-6-15 15:21:20] WaitForWIPFinish timeout, wait second ms:100
[Error] [2026-6-15 15:21:20] WaitForWIPFinish timeout, wait second ms:100
[Error] [2026-6-15 15:21:21] WaitForWIPFinish timeout, wait second ms:100
[Error] [2026-6-15 15:21:21] WaitForWIPFinish timeout, wait second ms:100
[Error] [2026-6-15 15:21:21] WaitForWIPFinish timeout, wait second ms:100
[Error] [2026-6-15 15:21:21] WaitForWIPFinish timeout, wait second ms:100
[Debug] [2026-6-15 15:21:21] progress bar is 36
[Error] [2026-6-15 15:21:21] WaitForWIPFinish timeout, wait second ms:100
[Error] [2026-6-15 15:21:21] WaitForWIPFinish timeout, wait second ms:100
[Error] [2026-6-15 15:21:21] WaitForWIPFinish timeout, wait second ms:100
[Error] [2026-6-15 15:21:22] WaitForWIPFinish timeout, wait second ms:100
[Error] [2026-6-15 15:21:22] WaitForWIPFinish timeout, wait second ms:100
[Error] [2026-6-15 15:21:22] WaitForWIPFinish timeout, wait second ms:100
[Error] [2026-6-15 15:21:22] WaitForWIPFinish timeout, wait second ms:100
[Debug] [2026-6-15 15:21:22] progress bar is 40
[Error] [2026-6-15 15:21:22] WaitForWIPFinish timeout, wait second ms:100
[Error] [2026-6-15 15:21:22] WaitForWIPFinish timeout, wait second ms:100
[Error] [2026-6-15 15:21:22] WaitForWIPFinish timeout, wait second ms:100
[Error] [2026-6-15 15:21:23] WaitForWIPFinish timeout, wait second ms:100
[Error] [2026-6-15 15:21:23] WaitForWIPFinish timeout, wait second ms:100
[Debug] [2026-6-15 15:21:23] progress bar is 45
[Error] [2026-6-15 15:21:23] WaitForWIPFinish timeout, wait second ms:100
[Error] [2026-6-15 15:21:23] WaitForWIPFinish timeout, wait second ms:100
[Error] [2026-6-15 15:21:23] WaitForWIPFinish timeout, wait second ms:100
[Error] [2026-6-15 15:21:23] WaitForWIPFinish timeout, wait second ms:100
[Error] [2026-6-15 15:21:23] WaitForWIPFinish timeout, wait second ms:100
[Error] [2026-6-15 15:21:23] WaitForWIPFinish timeout, wait second ms:100
[Error] [2026-6-15 15:21:24] WaitForWIPFinish timeout, wait second ms:100
[Debug] [2026-6-15 15:21:24] progress bar is 50
[Error] [2026-6-15 15:21:24] WaitForWIPFinish timeout, wait second ms:100
[Error] [2026-6-15 15:21:24] WaitForWIPFinish timeout, wait second ms:100
[Error] [2026-6-15 15:21:24] WaitForWIPFinish timeout, wait second ms:100
[Error] [2026-6-15 15:21:24] WaitForWIPFinish timeout, wait second ms:100
[Error] [2026-6-15 15:21:24] WaitForWIPFinish timeout, wait second ms:100
[Error] [2026-6-15 15:21:24] WaitForWIPFinish timeout, wait second ms:100
[Error] [2026-6-15 15:21:25] WaitForWIPFinish timeout, wait second ms:100
[Error] [2026-6-15 15:21:25] WaitForWIPFinish timeout, wait second ms:100
[Error] [2026-6-15 15:21:25] WaitForWIPFinish timeout, wait second ms:100
[Debug] [2026-6-15 15:21:25] progress bar is 56
[Error] [2026-6-15 15:21:25] WaitForWIPFinish timeout, wait second ms:100
[Error] [2026-6-15 15:21:25] WaitForWIPFinish timeout, wait second ms:100
[Error] [2026-6-15 15:21:25] WaitForWIPFinish timeout, wait second ms:100
[Error] [2026-6-15 15:21:25] WaitForWIPFinish timeout, wait second ms:100
[Error] [2026-6-15 15:21:26] WaitForWIPFinish timeout, wait second ms:100
[Error] [2026-6-15 15:21:26] WaitForWIPFinish timeout, wait second ms:100
[Error] [2026-6-15 15:21:26] WaitForWIPFinish timeout, wait second ms:100
[Debug] [2026-6-15 15:21:26] progress bar is 61
[Error] [2026-6-15 15:21:26] WaitForWIPFinish timeout, wait second ms:100
[Error] [2026-6-15 15:21:26] WaitForWIPFinish timeout, wait second ms:100
[Error] [2026-6-15 15:21:26] WaitForWIPFinish timeout, wait second ms:100
[Error] [2026-6-15 15:21:26] WaitForWIPFinish timeout, wait second ms:100
[Error] [2026-6-15 15:21:26] WaitForWIPFinish timeout, wait second ms:100
[Debug] [2026-6-15 15:21:27] progress bar is 65
[Error] [2026-6-15 15:21:27] WaitForWIPFinish timeout, wait second ms:100
[Error] [2026-6-15 15:21:27] WaitForWIPFinish timeout, wait second ms:100
[Error] [2026-6-15 15:21:27] WaitForWIPFinish timeout, wait second ms:100
[Error] [2026-6-15 15:21:27] WaitForWIPFinish timeout, wait second ms:100
[Error] [2026-6-15 15:21:27] WaitForWIPFinish timeout, wait second ms:100
[Debug] [2026-6-15 15:21:27] progress bar is 70
[Error] [2026-6-15 15:21:27] WaitForWIPFinish timeout, wait second ms:100
[Error] [2026-6-15 15:21:27] WaitForWIPFinish timeout, wait second ms:100
[Error] [2026-6-15 15:21:28] WaitForWIPFinish timeout, wait second ms:100
[Error] [2026-6-15 15:21:28] WaitForWIPFinish timeout, wait second ms:100
[Error] [2026-6-15 15:21:28] WaitForWIPFinish timeout, wait second ms:100
[Error] [2026-6-15 15:21:28] WaitForWIPFinish timeout, wait second ms:100
[Debug] [2026-6-15 15:21:28] progress bar is 75
[Error] [2026-6-15 15:21:28] WaitForWIPFinish timeout, wait second ms:100
[Error] [2026-6-15 15:21:28] WaitForWIPFinish timeout, wait second ms:100
[Error] [2026-6-15 15:21:28] WaitForWIPFinish timeout, wait second ms:100
[Error] [2026-6-15 15:21:29] WaitForWIPFinish timeout, wait second ms:100
[Error] [2026-6-15 15:21:29] WaitForWIPFinish timeout, wait second ms:100
[Error] [2026-6-15 15:21:29] WaitForWIPFinish timeout, wait second ms:100
[Error] [2026-6-15 15:21:29] WaitForWIPFinish timeout, wait second ms:100
[Error] [2026-6-15 15:21:29] WaitForWIPFinish timeout, wait second ms:100
[Error] [2026-6-15 15:21:29] WaitForWIPFinish timeout, wait second ms:100
[Debug] [2026-6-15 15:21:29] progress bar is 81
[Error] [2026-6-15 15:21:29] WaitForWIPFinish timeout, wait second ms:100
[Error] [2026-6-15 15:21:30] WaitForWIPFinish timeout, wait second ms:100
[Error] [2026-6-15 15:21:30] WaitForWIPFinish timeout, wait second ms:100
[Error] [2026-6-15 15:21:30] WaitForWIPFinish timeout, wait second ms:100
[Debug] [2026-6-15 15:21:30] progress bar is 86
[Error] [2026-6-15 15:21:30] WaitForWIPFinish timeout, wait second ms:100
[Error] [2026-6-15 15:21:30] WaitForWIPFinish timeout, wait second ms:100
[Error] [2026-6-15 15:21:30] WaitForWIPFinish timeout, wait second ms:100
[Error] [2026-6-15 15:21:30] WaitForWIPFinish timeout, wait second ms:100
[Error] [2026-6-15 15:21:31] WaitForWIPFinish timeout, wait second ms:100
[Error] [2026-6-15 15:21:31] WaitForWIPFinish timeout, wait second ms:100
[Debug] [2026-6-15 15:21:31] progress bar is 90
[Error] [2026-6-15 15:21:31] WaitForWIPFinish timeout, wait second ms:100
[Error] [2026-6-15 15:21:31] WaitForWIPFinish timeout, wait second ms:100
[Error] [2026-6-15 15:21:31] WaitForWIPFinish timeout, wait second ms:100
[Error] [2026-6-15 15:21:31] WaitForWIPFinish timeout, wait second ms:100
[Error] [2026-6-15 15:21:31] WaitForWIPFinish timeout, wait second ms:100
[Debug] [2026-6-15 15:21:31] progress bar is 95
[Error] [2026-6-15 15:21:32] WaitForWIPFinish timeout, wait second ms:100
[Error] [2026-6-15 15:21:32] WaitForWIPFinish timeout, wait second ms:100
[Debug] [2026-6-15 15:21:32] progress bar is 100
[Debug] [2026-6-15 15:21:32] end to operate flash: cmd id = 20302
[Debug] [2026-6-15 15:21:32] cmd operation Erase Outer Flash releases locker
[Debug] [2026-6-15 15:21:32] Remove the header data from the client, index : 0
[Debug] [2026-6-15 15:21:32] _total_bytes_size : 1295
[Debug] [2026-6-15 15:21:32] cmd id :20301cmd name : Program Outer Flash
[Debug] [2026-6-15 15:21:32] begin to operate flash: cmd id = 20301
[Debug] [2026-6-15 15:21:32] the idcode from the scanning is: 0x50602899
[Debug] [2026-6-15 15:21:32] the idcode from the scanning is: 0x0
[Debug] [2026-6-15 15:21:32] the idcode from the scanning is: 0x0
[Debug] [2026-6-15 15:21:32] the idcode from the scanning is: 0x0
[Debug] [2026-6-15 15:21:32] the idcode from the scanning is: 0x0
[Debug] [2026-6-15 15:21:32] the value in the status register is :81ffca0
[Debug] [2026-6-15 15:21:32] flash_id is 1c7118
[Debug] [2026-6-15 15:21:32] The value of GigaDevice status register 1 is 0x
[Debug] [2026-6-15 15:21:32] progress bar is 1
[Debug] [2026-6-15 15:21:35] progress bar is 6
[Debug] [2026-6-15 15:21:37] progress bar is 10
[Debug] [2026-6-15 15:21:39] progress bar is 15
[Debug] [2026-6-15 15:21:41] progress bar is 20
[Debug] [2026-6-15 15:21:44] progress bar is 25
[Debug] [2026-6-15 15:21:46] progress bar is 30
[Debug] [2026-6-15 15:21:48] progress bar is 35
[Debug] [2026-6-15 15:21:50] progress bar is 40
[Debug] [2026-6-15 15:21:53] progress bar is 45
[Debug] [2026-6-15 15:21:55] progress bar is 50
[Debug] [2026-6-15 15:21:57] progress bar is 55
[Debug] [2026-6-15 15:22:00] progress bar is 60
[Debug] [2026-6-15 15:22:02] progress bar is 65
[Debug] [2026-6-15 15:22:04] progress bar is 70
[Debug] [2026-6-15 15:22:07] progress bar is 75
[Debug] [2026-6-15 15:22:09] progress bar is 80
[Debug] [2026-6-15 15:22:11] progress bar is 85
[Debug] [2026-6-15 15:22:14] progress bar is 90
[Debug] [2026-6-15 15:22:16] progress bar is 95
[Debug] [2026-6-15 15:22:18] progress bar is 100
[Debug] [2026-6-15 15:22:19] end to operate flash: cmd id = 20301
[Debug] [2026-6-15 15:22:19] cmd operation Program Outer Flash releases locker
[Debug] [2026-6-15 15:22:19] Remove the header data from the client, index : 0
[Debug] [2026-6-15 15:22:19] _total_bytes_size : 1293
[Debug] [2026-6-15 15:22:19] cmd id :20303cmd name : Verify Outer Flash
[Debug] [2026-6-15 15:22:19] begin to operate flash: cmd id = 20303
[Debug] [2026-6-15 15:22:19] the idcode from the scanning is: 0x50602899
[Debug] [2026-6-15 15:22:19] the idcode from the scanning is: 0x0
[Debug] [2026-6-15 15:22:19] the idcode from the scanning is: 0x0
[Debug] [2026-6-15 15:22:19] the idcode from the scanning is: 0x0
[Debug] [2026-6-15 15:22:19] the idcode from the scanning is: 0x0
[Debug] [2026-6-15 15:22:19] the value in the status register is :81ffca0
[Debug] [2026-6-15 15:22:19] flash_id is 1c7118
[Debug] [2026-6-15 15:22:19] the value in the status register is :81ffca0
[Debug] [2026-6-15 15:22:19] progress bar is 1
[Debug] [2026-6-15 15:22:19] progress bar is 6
[Debug] [2026-6-15 15:22:19] progress bar is 10
[Debug] [2026-6-15 15:22:19] progress bar is 15
[Debug] [2026-6-15 15:22:19] progress bar is 20
[Debug] [2026-6-15 15:22:19] progress bar is 25
[Debug] [2026-6-15 15:22:20] progress bar is 30
[Debug] [2026-6-15 15:22:20] progress bar is 35
[Debug] [2026-6-15 15:22:20] progress bar is 40
[Debug] [2026-6-15 15:22:20] progress bar is 45
[Debug] [2026-6-15 15:22:20] progress bar is 50
[Debug] [2026-6-15 15:22:20] progress bar is 55
[Debug] [2026-6-15 15:22:20] progress bar is 60
[Debug] [2026-6-15 15:22:21] progress bar is 65
[Debug] [2026-6-15 15:22:21] progress bar is 70
[Debug] [2026-6-15 15:22:21] progress bar is 75
[Debug] [2026-6-15 15:22:21] progress bar is 80
[Debug] [2026-6-15 15:22:21] progress bar is 85
[Debug] [2026-6-15 15:22:21] progress bar is 90
[Debug] [2026-6-15 15:22:21] progress bar is 95
[Debug] [2026-6-15 15:22:22] progress bar is 100
[Debug] [2026-6-15 15:22:22] end to operate flash: cmd id = 20303
[Debug] [2026-6-15 15:22:22] cmd operation Verify Outer Flash releases locker
[Info] [2026-6-16 20:41:35] /***************************Start jtagserver***************************/
[Info] [2026-6-16 20:41:35] Path: F:/PDS_2022.2-SP6.4/bin
[Info] [2026-6-16 20:41:35] Version: 146967
[Debug] [2026-6-16 20:41:39] Add a new user_thread, socket descriptor is 1180 user_thread id is 0000000000000C98
[Debug] [2026-6-16 20:41:39] After adding, map size is : 1
[Debug] [2026-6-16 20:41:39] Add a new user_thread, socket descriptor is 1156 user_thread id is 0000000000000C98
[Debug] [2026-6-16 20:41:39] After adding, map size is : 2
[Debug] [2026-6-16 20:41:39] IP address of connecting client is : ::ffff:127.0.0.1
[Debug] [2026-6-16 20:41:39] IP address of connecting client is : ::ffff:127.0.0.1IP address of connecting client is : ::ffff:127.0.0.1
[Debug] [2026-6-16 20:41:39] Remove the header data from the client, index : 0
[Debug] [2026-6-16 20:41:39] _total_bytes_size : 160
[Debug] [2026-6-16 20:41:39] Remove the header data from the client, index : 0
[Debug] [2026-6-16 20:41:39] _total_bytes_size : 96
[Debug] [2026-6-16 20:41:39] cmd id :40010cmd name : get_cable_paras
[Debug] [2026-6-16 20:41:42] cmd operation get_cable_paras releases locker
[Debug] [2026-6-16 20:41:42] Remove the header data from the client, index : 0
[Debug] [2026-6-16 20:41:42] _total_bytes_size : 101
[Debug] [2026-6-16 20:41:42] cmd id :20001cmd name : Open config cable
[Debug] [2026-6-16 20:41:42] the idcode from the scanning is: 0x50602899
[Debug] [2026-6-16 20:41:42] the idcode from the scanning is: 0x0
[Debug] [2026-6-16 20:41:42] the idcode from the scanning is: 0x0
[Debug] [2026-6-16 20:41:42] the idcode from the scanning is: 0x0
[Debug] [2026-6-16 20:41:42] the idcode from the scanning is: 0x0
[Debug] [2026-6-16 20:41:43] cmd operation Open config cable releases locker
[Debug] [2026-6-16 20:42:01] Remove the header data from the client, index : 0
[Debug] [2026-6-16 20:42:01] _total_bytes_size : 3ad
[Debug] [2026-6-16 20:42:01] cmd id :4f4ccmd name : Scan Outer SPI Flash
[Debug] [2026-6-16 20:42:01] the idcode from the scanning is: 0x50602899
[Debug] [2026-6-16 20:42:01] the idcode from the scanning is: 0x0
[Debug] [2026-6-16 20:42:01] the idcode from the scanning is: 0x0
[Debug] [2026-6-16 20:42:01] the idcode from the scanning is: 0x0
[Debug] [2026-6-16 20:42:01] the idcode from the scanning is: 0x0
[Debug] [2026-6-16 20:42:01] the value in the status register is :81ffca0
[Debug] [2026-6-16 20:42:01] flash_id is 1c7118
[Debug] [2026-6-16 20:42:01] cmd operation Scan Outer SPI Flash releases locker
[Debug] [2026-6-16 20:42:04] Remove the header data from the client, index : 0
[Debug] [2026-6-16 20:42:04] _total_bytes_size : 5a8
[Debug] [2026-6-16 20:42:04] cmd id :4f4ecmd name : Erase Outer Flash
[Debug] [2026-6-16 20:42:04] begin to operate flash: cmd id = 4f4e
[Debug] [2026-6-16 20:42:04] the idcode from the scanning is: 0x50602899
[Debug] [2026-6-16 20:42:04] the idcode from the scanning is: 0x0
[Debug] [2026-6-16 20:42:04] the idcode from the scanning is: 0x0
[Debug] [2026-6-16 20:42:04] the idcode from the scanning is: 0x0
[Debug] [2026-6-16 20:42:04] the idcode from the scanning is: 0x0
[Debug] [2026-6-16 20:42:04] the value in the status register is :81ffca0
[Debug] [2026-6-16 20:42:04] flash_id is 1c7118
[Debug] [2026-6-16 20:42:04] the value in the status register is :81ffca0
[Debug] [2026-6-16 20:42:04] progress bar is 1
[Error] [2026-6-16 20:42:04] WaitForWIPFinish timeout, wait second ms:100
[Error] [2026-6-16 20:42:04] WaitForWIPFinish timeout, wait second ms:100
[Error] [2026-6-16 20:42:04] WaitForWIPFinish timeout, wait second ms:100
[Error] [2026-6-16 20:42:05] WaitForWIPFinish timeout, wait second ms:100
[Error] [2026-6-16 20:42:05] WaitForWIPFinish timeout, wait second ms:100
[Error] [2026-6-16 20:42:05] WaitForWIPFinish timeout, wait second ms:100
[Error] [2026-6-16 20:42:05] WaitForWIPFinish timeout, wait second ms:100
[Error] [2026-6-16 20:42:05] WaitForWIPFinish timeout, wait second ms:100
[Error] [2026-6-16 20:42:05] WaitForWIPFinish timeout, wait second ms:100
[Error] [2026-6-16 20:42:05] WaitForWIPFinish timeout, wait second ms:100
[Error] [2026-6-16 20:42:06] WaitForWIPFinish timeout, wait second ms:100
[Debug] [2026-6-16 20:42:06] progress bar is 7
[Error] [2026-6-16 20:42:06] WaitForWIPFinish timeout, wait second ms:100
[Error] [2026-6-16 20:42:06] WaitForWIPFinish timeout, wait second ms:100
[Error] [2026-6-16 20:42:06] WaitForWIPFinish timeout, wait second ms:100
[Error] [2026-6-16 20:42:06] WaitForWIPFinish timeout, wait second ms:100
[Error] [2026-6-16 20:42:06] WaitForWIPFinish timeout, wait second ms:100
[Error] [2026-6-16 20:42:06] WaitForWIPFinish timeout, wait second ms:100
[Debug] [2026-6-16 20:42:06] progress bar is 12
[Error] [2026-6-16 20:42:07] WaitForWIPFinish timeout, wait second ms:100
[Error] [2026-6-16 20:42:07] WaitForWIPFinish timeout, wait second ms:100
[Error] [2026-6-16 20:42:07] WaitForWIPFinish timeout, wait second ms:100
[Error] [2026-6-16 20:42:07] WaitForWIPFinish timeout, wait second ms:100
[Error] [2026-6-16 20:42:07] WaitForWIPFinish timeout, wait second ms:100
[Error] [2026-6-16 20:42:07] WaitForWIPFinish timeout, wait second ms:100
[Debug] [2026-6-16 20:42:07] progress bar is 17
[Error] [2026-6-16 20:42:07] WaitForWIPFinish timeout, wait second ms:100
[Error] [2026-6-16 20:42:08] WaitForWIPFinish timeout, wait second ms:100
[Error] [2026-6-16 20:42:08] WaitForWIPFinish timeout, wait second ms:100
[Error] [2026-6-16 20:42:08] WaitForWIPFinish timeout, wait second ms:100
[Error] [2026-6-16 20:42:08] WaitForWIPFinish timeout, wait second ms:100
[Error] [2026-6-16 20:42:08] WaitForWIPFinish timeout, wait second ms:100
[Error] [2026-6-16 20:42:08] WaitForWIPFinish timeout, wait second ms:100
[Debug] [2026-6-16 20:42:08] progress bar is 21
[Error] [2026-6-16 20:42:08] WaitForWIPFinish timeout, wait second ms:100
[Error] [2026-6-16 20:42:08] WaitForWIPFinish timeout, wait second ms:100
[Error] [2026-6-16 20:42:09] WaitForWIPFinish timeout, wait second ms:100
[Error] [2026-6-16 20:42:09] WaitForWIPFinish timeout, wait second ms:100
[Error] [2026-6-16 20:42:09] WaitForWIPFinish timeout, wait second ms:100
[Error] [2026-6-16 20:42:09] WaitForWIPFinish timeout, wait second ms:100
[Debug] [2026-6-16 20:42:09] progress bar is 26
[Error] [2026-6-16 20:42:09] WaitForWIPFinish timeout, wait second ms:100
[Error] [2026-6-16 20:42:09] WaitForWIPFinish timeout, wait second ms:100
[Error] [2026-6-16 20:42:09] WaitForWIPFinish timeout, wait second ms:100
[Error] [2026-6-16 20:42:10] WaitForWIPFinish timeout, wait second ms:100
[Error] [2026-6-16 20:42:10] WaitForWIPFinish timeout, wait second ms:100
[Error] [2026-6-16 20:42:10] WaitForWIPFinish timeout, wait second ms:100
[Debug] [2026-6-16 20:42:10] progress bar is 31
[Error] [2026-6-16 20:42:10] WaitForWIPFinish timeout, wait second ms:100
[Error] [2026-6-16 20:42:10] WaitForWIPFinish timeout, wait second ms:100
[Error] [2026-6-16 20:42:10] WaitForWIPFinish timeout, wait second ms:100
[Error] [2026-6-16 20:42:10] WaitForWIPFinish timeout, wait second ms:100
[Error] [2026-6-16 20:42:10] WaitForWIPFinish timeout, wait second ms:100
[Error] [2026-6-16 20:42:11] WaitForWIPFinish timeout, wait second ms:100
[Debug] [2026-6-16 20:42:11] progress bar is 36
[Error] [2026-6-16 20:42:11] WaitForWIPFinish timeout, wait second ms:100
[Error] [2026-6-16 20:42:11] WaitForWIPFinish timeout, wait second ms:100
[Error] [2026-6-16 20:42:11] WaitForWIPFinish timeout, wait second ms:100
[Error] [2026-6-16 20:42:11] WaitForWIPFinish timeout, wait second ms:100
[Error] [2026-6-16 20:42:11] WaitForWIPFinish timeout, wait second ms:100
[Error] [2026-6-16 20:42:11] WaitForWIPFinish timeout, wait second ms:100
[Error] [2026-6-16 20:42:12] WaitForWIPFinish timeout, wait second ms:100
[Debug] [2026-6-16 20:42:12] progress bar is 41
[Error] [2026-6-16 20:42:12] WaitForWIPFinish timeout, wait second ms:100
[Error] [2026-6-16 20:42:12] WaitForWIPFinish timeout, wait second ms:100
[Error] [2026-6-16 20:42:12] WaitForWIPFinish timeout, wait second ms:100
[Error] [2026-6-16 20:42:12] WaitForWIPFinish timeout, wait second ms:100
[Error] [2026-6-16 20:42:12] WaitForWIPFinish timeout, wait second ms:100
[Debug] [2026-6-16 20:42:12] progress bar is 46
[Error] [2026-6-16 20:42:12] WaitForWIPFinish timeout, wait second ms:100
[Error] [2026-6-16 20:42:13] WaitForWIPFinish timeout, wait second ms:100
[Error] [2026-6-16 20:42:13] WaitForWIPFinish timeout, wait second ms:100
[Error] [2026-6-16 20:42:13] WaitForWIPFinish timeout, wait second ms:100
[Error] [2026-6-16 20:42:13] WaitForWIPFinish timeout, wait second ms:100
[Error] [2026-6-16 20:42:13] WaitForWIPFinish timeout, wait second ms:100
[Debug] [2026-6-16 20:42:13] progress bar is 51
[Error] [2026-6-16 20:42:13] WaitForWIPFinish timeout, wait second ms:100
[Error] [2026-6-16 20:42:13] WaitForWIPFinish timeout, wait second ms:100
[Error] [2026-6-16 20:42:13] WaitForWIPFinish timeout, wait second ms:100
[Error] [2026-6-16 20:42:14] WaitForWIPFinish timeout, wait second ms:100
[Error] [2026-6-16 20:42:14] WaitForWIPFinish timeout, wait second ms:100
[Error] [2026-6-16 20:42:14] WaitForWIPFinish timeout, wait second ms:100
[Error] [2026-6-16 20:42:14] WaitForWIPFinish timeout, wait second ms:100
[Debug] [2026-6-16 20:42:14] progress bar is 56
[Error] [2026-6-16 20:42:14] WaitForWIPFinish timeout, wait second ms:100
[Error] [2026-6-16 20:42:14] WaitForWIPFinish timeout, wait second ms:100
[Error] [2026-6-16 20:42:15] WaitForWIPFinish timeout, wait second ms:100
[Error] [2026-6-16 20:42:15] WaitForWIPFinish timeout, wait second ms:100
[Error] [2026-6-16 20:42:15] WaitForWIPFinish timeout, wait second ms:100
[Debug] [2026-6-16 20:42:15] progress bar is 60
[Error] [2026-6-16 20:42:15] WaitForWIPFinish timeout, wait second ms:100
[Error] [2026-6-16 20:42:15] WaitForWIPFinish timeout, wait second ms:100
[Error] [2026-6-16 20:42:15] WaitForWIPFinish timeout, wait second ms:100
[Error] [2026-6-16 20:42:15] WaitForWIPFinish timeout, wait second ms:100
[Error] [2026-6-16 20:42:15] WaitForWIPFinish timeout, wait second ms:100
[Error] [2026-6-16 20:42:16] WaitForWIPFinish timeout, wait second ms:100
[Error] [2026-6-16 20:42:16] WaitForWIPFinish timeout, wait second ms:100
[Debug] [2026-6-16 20:42:16] progress bar is 65
[Error] [2026-6-16 20:42:16] WaitForWIPFinish timeout, wait second ms:100
[Error] [2026-6-16 20:42:16] WaitForWIPFinish timeout, wait second ms:100
[Error] [2026-6-16 20:42:16] WaitForWIPFinish timeout, wait second ms:100
[Error] [2026-6-16 20:42:16] WaitForWIPFinish timeout, wait second ms:100
[Error] [2026-6-16 20:42:16] WaitForWIPFinish timeout, wait second ms:100
[Error] [2026-6-16 20:42:16] WaitForWIPFinish timeout, wait second ms:100
[Debug] [2026-6-16 20:42:17] progress bar is 70
[Error] [2026-6-16 20:42:17] WaitForWIPFinish timeout, wait second ms:100
[Error] [2026-6-16 20:42:17] WaitForWIPFinish timeout, wait second ms:100
[Error] [2026-6-16 20:42:17] WaitForWIPFinish timeout, wait second ms:100
[Error] [2026-6-16 20:42:17] WaitForWIPFinish timeout, wait second ms:100
[Error] [2026-6-16 20:42:17] WaitForWIPFinish timeout, wait second ms:100
[Debug] [2026-6-16 20:42:17] progress bar is 75
[Error] [2026-6-16 20:42:17] WaitForWIPFinish timeout, wait second ms:100
[Error] [2026-6-16 20:42:18] WaitForWIPFinish timeout, wait second ms:100
[Error] [2026-6-16 20:42:18] WaitForWIPFinish timeout, wait second ms:100
[Error] [2026-6-16 20:42:18] WaitForWIPFinish timeout, wait second ms:100
[Error] [2026-6-16 20:42:18] WaitForWIPFinish timeout, wait second ms:100
[Error] [2026-6-16 20:42:18] WaitForWIPFinish timeout, wait second ms:100
[Debug] [2026-6-16 20:42:18] progress bar is 80
[Error] [2026-6-16 20:42:18] WaitForWIPFinish timeout, wait second ms:100
[Error] [2026-6-16 20:42:18] WaitForWIPFinish timeout, wait second ms:100
[Error] [2026-6-16 20:42:18] WaitForWIPFinish timeout, wait second ms:100
[Error] [2026-6-16 20:42:19] WaitForWIPFinish timeout, wait second ms:100
[Error] [2026-6-16 20:42:19] WaitForWIPFinish timeout, wait second ms:100
[Error] [2026-6-16 20:42:19] WaitForWIPFinish timeout, wait second ms:100
[Debug] [2026-6-16 20:42:19] progress bar is 85
[Error] [2026-6-16 20:42:19] WaitForWIPFinish timeout, wait second ms:100
[Error] [2026-6-16 20:42:19] WaitForWIPFinish timeout, wait second ms:100
[Error] [2026-6-16 20:42:19] WaitForWIPFinish timeout, wait second ms:100
[Error] [2026-6-16 20:42:19] WaitForWIPFinish timeout, wait second ms:100
[Error] [2026-6-16 20:42:20] WaitForWIPFinish timeout, wait second ms:100
[Debug] [2026-6-16 20:42:20] progress bar is 90
[Error] [2026-6-16 20:42:20] WaitForWIPFinish timeout, wait second ms:100
[Error] [2026-6-16 20:42:20] WaitForWIPFinish timeout, wait second ms:100
[Error] [2026-6-16 20:42:20] WaitForWIPFinish timeout, wait second ms:100
[Error] [2026-6-16 20:42:20] WaitForWIPFinish timeout, wait second ms:100
[Error] [2026-6-16 20:42:20] WaitForWIPFinish timeout, wait second ms:100
[Debug] [2026-6-16 20:42:20] progress bar is 95
[Error] [2026-6-16 20:42:21] WaitForWIPFinish timeout, wait second ms:100
[Error] [2026-6-16 20:42:21] WaitForWIPFinish timeout, wait second ms:100
[Error] [2026-6-16 20:42:21] WaitForWIPFinish timeout, wait second ms:100
[Debug] [2026-6-16 20:42:21] progress bar is 100
[Debug] [2026-6-16 20:42:21] end to operate flash: cmd id = 20302
[Debug] [2026-6-16 20:42:21] cmd operation Erase Outer Flash releases locker
[Debug] [2026-6-16 20:42:21] Remove the header data from the client, index : 0
[Debug] [2026-6-16 20:42:21] _total_bytes_size : 1445
[Debug] [2026-6-16 20:42:21] cmd id :20301cmd name : Program Outer Flash
[Debug] [2026-6-16 20:42:21] begin to operate flash: cmd id = 20301
[Debug] [2026-6-16 20:42:21] the idcode from the scanning is: 0x50602899
[Debug] [2026-6-16 20:42:21] the idcode from the scanning is: 0x0
[Debug] [2026-6-16 20:42:21] the idcode from the scanning is: 0x0
[Debug] [2026-6-16 20:42:21] the idcode from the scanning is: 0x0
[Debug] [2026-6-16 20:42:21] the idcode from the scanning is: 0x0
[Debug] [2026-6-16 20:42:21] the value in the status register is :81ffca0
[Debug] [2026-6-16 20:42:21] flash_id is 1c7118
[Debug] [2026-6-16 20:42:21] The value of GigaDevice status register 1 is 0x
[Debug] [2026-6-16 20:42:21] progress bar is 1
[Debug] [2026-6-16 20:42:24] progress bar is 6
[Debug] [2026-6-16 20:42:25] progress bar is 10
[Debug] [2026-6-16 20:42:27] progress bar is 15
[Debug] [2026-6-16 20:42:30] progress bar is 20
[Debug] [2026-6-16 20:42:32] progress bar is 25
[Debug] [2026-6-16 20:42:34] progress bar is 30
[Debug] [2026-6-16 20:42:36] progress bar is 35
[Debug] [2026-6-16 20:42:38] progress bar is 40
[Debug] [2026-6-16 20:42:40] progress bar is 45
[Debug] [2026-6-16 20:42:43] progress bar is 50
[Debug] [2026-6-16 20:42:45] progress bar is 55
[Debug] [2026-6-16 20:42:47] progress bar is 60
[Debug] [2026-6-16 20:42:49] progress bar is 65
[Debug] [2026-6-16 20:42:51] progress bar is 70
[Debug] [2026-6-16 20:42:53] progress bar is 75
[Debug] [2026-6-16 20:42:56] progress bar is 80
[Debug] [2026-6-16 20:42:58] progress bar is 85
[Debug] [2026-6-16 20:43:00] progress bar is 90
[Debug] [2026-6-16 20:43:02] progress bar is 95
[Debug] [2026-6-16 20:43:04] progress bar is 100
[Debug] [2026-6-16 20:43:04] end to operate flash: cmd id = 20301
[Debug] [2026-6-16 20:43:04] cmd operation Program Outer Flash releases locker
[Debug] [2026-6-16 20:43:04] Remove the header data from the client, index : 0
[Debug] [2026-6-16 20:43:04] _total_bytes_size : 1443
[Debug] [2026-6-16 20:43:04] cmd id :20303cmd name : Verify Outer Flash
[Debug] [2026-6-16 20:43:04] begin to operate flash: cmd id = 20303
[Debug] [2026-6-16 20:43:05] the idcode from the scanning is: 0x50602899
[Debug] [2026-6-16 20:43:05] the idcode from the scanning is: 0x0
[Debug] [2026-6-16 20:43:05] the idcode from the scanning is: 0x0
[Debug] [2026-6-16 20:43:05] the idcode from the scanning is: 0x0
[Debug] [2026-6-16 20:43:05] the idcode from the scanning is: 0x0
[Debug] [2026-6-16 20:43:05] the value in the status register is :81ffca0
[Debug] [2026-6-16 20:43:05] flash_id is 1c7118
[Debug] [2026-6-16 20:43:05] the value in the status register is :81ffca0
[Debug] [2026-6-16 20:43:05] progress bar is 1
[Debug] [2026-6-16 20:43:05] progress bar is 6
[Debug] [2026-6-16 20:43:05] progress bar is 10
[Debug] [2026-6-16 20:43:05] progress bar is 15
[Debug] [2026-6-16 20:43:05] progress bar is 20
[Debug] [2026-6-16 20:43:05] progress bar is 25
[Debug] [2026-6-16 20:43:05] progress bar is 30
[Debug] [2026-6-16 20:43:06] progress bar is 35
[Debug] [2026-6-16 20:43:06] progress bar is 40
[Debug] [2026-6-16 20:43:06] progress bar is 45
[Debug] [2026-6-16 20:43:06] progress bar is 50
[Debug] [2026-6-16 20:43:06] progress bar is 55
[Debug] [2026-6-16 20:43:06] progress bar is 60
[Debug] [2026-6-16 20:43:06] progress bar is 65
[Debug] [2026-6-16 20:43:06] progress bar is 70
[Debug] [2026-6-16 20:43:07] progress bar is 75
[Debug] [2026-6-16 20:43:07] progress bar is 80
[Debug] [2026-6-16 20:43:07] progress bar is 85
[Debug] [2026-6-16 20:43:07] progress bar is 90
[Debug] [2026-6-16 20:43:07] progress bar is 95
[Debug] [2026-6-16 20:43:07] progress bar is 100
[Debug] [2026-6-16 20:43:07] end to operate flash: cmd id = 20303
[Debug] [2026-6-16 20:43:07] cmd operation Verify Outer Flash releases locker
[Info] [2026-6-17 10:16:32] /***************************Start jtagserver***************************/
[Info] [2026-6-17 10:16:32] Path: F:/PDS_2022.2-SP6.4/bin
[Info] [2026-6-17 10:16:32] Version: 146967
[Debug] [2026-6-17 10:16:35] Add a new user_thread, socket descriptor is 1048 user_thread id is 0000000000008DE4
[Debug] [2026-6-17 10:16:35] After adding, map size is : 1
[Debug] [2026-6-17 10:16:35] Add a new user_thread, socket descriptor is 1152 user_thread id is 0000000000008DE4
[Debug] [2026-6-17 10:16:35] After adding, map size is : 2
[Debug] [2026-6-17 10:16:35] IP address of connecting client is : ::ffff:127.0.0.1
[Debug] [2026-6-17 10:16:35] Remove the header data from the client, index : 0
[Debug] [2026-6-17 10:16:35] _total_bytes_size : 160
[Debug] [2026-6-17 10:16:35] IP address of connecting client is : ::ffff:127.0.0.1
[Debug] [2026-6-17 10:16:35] Remove the header data from the client, index : 0
[Debug] [2026-6-17 10:16:35] _total_bytes_size : 96
[Debug] [2026-6-17 10:16:35] cmd id :40010cmd name : get_cable_paras
[Debug] [2026-6-17 10:16:38] cmd operation get_cable_paras releases locker
[Debug] [2026-6-17 10:16:38] Remove the header data from the client, index : 0
[Debug] [2026-6-17 10:16:38] _total_bytes_size : 101
[Debug] [2026-6-17 10:16:38] cmd id :20001cmd name : Open config cable
[Debug] [2026-6-17 10:16:38] the idcode from the scanning is: 0x50602899
[Debug] [2026-6-17 10:16:38] the idcode from the scanning is: 0x0
[Debug] [2026-6-17 10:16:38] the idcode from the scanning is: 0x0
[Debug] [2026-6-17 10:16:38] the idcode from the scanning is: 0x0
[Debug] [2026-6-17 10:16:38] the idcode from the scanning is: 0x0
[Debug] [2026-6-17 10:16:38] cmd operation Open config cable releases locker
[Debug] [2026-6-17 10:17:11] Remove the header data from the client, index : 0
[Debug] [2026-6-17 10:17:11] _total_bytes_size : 3ad
[Debug] [2026-6-17 10:17:11] cmd id :4f4ccmd name : Scan Outer SPI Flash
[Debug] [2026-6-17 10:17:11] the idcode from the scanning is: 0x50602899
[Debug] [2026-6-17 10:17:11] the idcode from the scanning is: 0x0
[Debug] [2026-6-17 10:17:11] the idcode from the scanning is: 0x0
[Debug] [2026-6-17 10:17:11] the idcode from the scanning is: 0x0
[Debug] [2026-6-17 10:17:11] the idcode from the scanning is: 0x0
[Debug] [2026-6-17 10:17:11] the value in the status register is :81ffca0
[Debug] [2026-6-17 10:17:11] flash_id is 1c7118
[Debug] [2026-6-17 10:17:11] cmd operation Scan Outer SPI Flash releases locker
[Debug] [2026-6-17 10:17:14] Remove the header data from the client, index : 0
[Debug] [2026-6-17 10:17:14] _total_bytes_size : 5a8
[Debug] [2026-6-17 10:17:14] cmd id :4f4ecmd name : Erase Outer Flash
[Debug] [2026-6-17 10:17:14] begin to operate flash: cmd id = 4f4e
[Debug] [2026-6-17 10:17:14] the idcode from the scanning is: 0x50602899
[Debug] [2026-6-17 10:17:14] the idcode from the scanning is: 0x0
[Debug] [2026-6-17 10:17:14] the idcode from the scanning is: 0x0
[Debug] [2026-6-17 10:17:14] the idcode from the scanning is: 0x0
[Debug] [2026-6-17 10:17:14] the idcode from the scanning is: 0x0
[Debug] [2026-6-17 10:17:14] the value in the status register is :81ffca0
[Debug] [2026-6-17 10:17:14] flash_id is 1c7118
[Debug] [2026-6-17 10:17:14] the value in the status register is :81ffca0
[Debug] [2026-6-17 10:17:14] progress bar is 1
[Error] [2026-6-17 10:17:14] WaitForWIPFinish timeout, wait second ms:100
[Error] [2026-6-17 10:17:15] WaitForWIPFinish timeout, wait second ms:100
[Error] [2026-6-17 10:17:15] WaitForWIPFinish timeout, wait second ms:100
[Error] [2026-6-17 10:17:15] WaitForWIPFinish timeout, wait second ms:100
[Error] [2026-6-17 10:17:15] WaitForWIPFinish timeout, wait second ms:100
[Error] [2026-6-17 10:17:15] WaitForWIPFinish timeout, wait second ms:100
[Error] [2026-6-17 10:17:15] WaitForWIPFinish timeout, wait second ms:100
[Error] [2026-6-17 10:17:15] WaitForWIPFinish timeout, wait second ms:100
[Error] [2026-6-17 10:17:15] WaitForWIPFinish timeout, wait second ms:100
[Error] [2026-6-17 10:17:16] WaitForWIPFinish timeout, wait second ms:100
[Error] [2026-6-17 10:17:16] WaitForWIPFinish timeout, wait second ms:100
[Error] [2026-6-17 10:17:16] WaitForWIPFinish timeout, wait second ms:100
[Debug] [2026-6-17 10:17:16] progress bar is 6
[Error] [2026-6-17 10:17:16] WaitForWIPFinish timeout, wait second ms:100
[Error] [2026-6-17 10:17:16] WaitForWIPFinish timeout, wait second ms:100
[Error] [2026-6-17 10:17:16] WaitForWIPFinish timeout, wait second ms:100
[Error] [2026-6-17 10:17:16] WaitForWIPFinish timeout, wait second ms:100
[Error] [2026-6-17 10:17:17] WaitForWIPFinish timeout, wait second ms:100
[Debug] [2026-6-17 10:17:17] progress bar is 11
[Error] [2026-6-17 10:17:17] WaitForWIPFinish timeout, wait second ms:100
[Error] [2026-6-17 10:17:17] WaitForWIPFinish timeout, wait second ms:100
[Error] [2026-6-17 10:17:17] WaitForWIPFinish timeout, wait second ms:100
[Error] [2026-6-17 10:17:17] WaitForWIPFinish timeout, wait second ms:100
[Error] [2026-6-17 10:17:17] WaitForWIPFinish timeout, wait second ms:100
[Error] [2026-6-17 10:17:17] WaitForWIPFinish timeout, wait second ms:100
[Debug] [2026-6-17 10:17:17] progress bar is 15
[Error] [2026-6-17 10:17:18] WaitForWIPFinish timeout, wait second ms:100
[Error] [2026-6-17 10:17:18] WaitForWIPFinish timeout, wait second ms:100
[Error] [2026-6-17 10:17:18] WaitForWIPFinish timeout, wait second ms:100
[Error] [2026-6-17 10:17:18] WaitForWIPFinish timeout, wait second ms:100
[Error] [2026-6-17 10:17:18] WaitForWIPFinish timeout, wait second ms:100
[Debug] [2026-6-17 10:17:18] progress bar is 20
[Error] [2026-6-17 10:17:18] WaitForWIPFinish timeout, wait second ms:100
[Error] [2026-6-17 10:17:18] WaitForWIPFinish timeout, wait second ms:100
[Error] [2026-6-17 10:17:19] WaitForWIPFinish timeout, wait second ms:100
[Error] [2026-6-17 10:17:19] WaitForWIPFinish timeout, wait second ms:100
[Error] [2026-6-17 10:17:19] WaitForWIPFinish timeout, wait second ms:100
[Error] [2026-6-17 10:17:19] WaitForWIPFinish timeout, wait second ms:100
[Error] [2026-6-17 10:17:19] WaitForWIPFinish timeout, wait second ms:100
[Error] [2026-6-17 10:17:19] WaitForWIPFinish timeout, wait second ms:100
[Error] [2026-6-17 10:17:19] WaitForWIPFinish timeout, wait second ms:100
[Debug] [2026-6-17 10:17:19] progress bar is 26
[Error] [2026-6-17 10:17:20] WaitForWIPFinish timeout, wait second ms:100
[Error] [2026-6-17 10:17:20] WaitForWIPFinish timeout, wait second ms:100
[Error] [2026-6-17 10:17:20] WaitForWIPFinish timeout, wait second ms:100
[Error] [2026-6-17 10:17:20] WaitForWIPFinish timeout, wait second ms:100
[Error] [2026-6-17 10:17:20] WaitForWIPFinish timeout, wait second ms:100
[Error] [2026-6-17 10:17:20] WaitForWIPFinish timeout, wait second ms:100
[Debug] [2026-6-17 10:17:20] progress bar is 31
[Error] [2026-6-17 10:17:20] WaitForWIPFinish timeout, wait second ms:100
[Error] [2026-6-17 10:17:21] WaitForWIPFinish timeout, wait second ms:100
[Error] [2026-6-17 10:17:21] WaitForWIPFinish timeout, wait second ms:100
[Error] [2026-6-17 10:17:21] WaitForWIPFinish timeout, wait second ms:100
[Error] [2026-6-17 10:17:21] WaitForWIPFinish timeout, wait second ms:100
[Debug] [2026-6-17 10:17:21] progress bar is 35
[Error] [2026-6-17 10:17:21] WaitForWIPFinish timeout, wait second ms:100
[Error] [2026-6-17 10:17:21] WaitForWIPFinish timeout, wait second ms:100
[Error] [2026-6-17 10:17:21] WaitForWIPFinish timeout, wait second ms:100
[Error] [2026-6-17 10:17:22] WaitForWIPFinish timeout, wait second ms:100
[Error] [2026-6-17 10:17:22] WaitForWIPFinish timeout, wait second ms:100
[Error] [2026-6-17 10:17:22] WaitForWIPFinish timeout, wait second ms:100
[Debug] [2026-6-17 10:17:22] progress bar is 40
[Error] [2026-6-17 10:17:22] WaitForWIPFinish timeout, wait second ms:100
[Error] [2026-6-17 10:17:22] WaitForWIPFinish timeout, wait second ms:100
[Error] [2026-6-17 10:17:22] WaitForWIPFinish timeout, wait second ms:100
[Error] [2026-6-17 10:17:22] WaitForWIPFinish timeout, wait second ms:100
[Error] [2026-6-17 10:17:22] WaitForWIPFinish timeout, wait second ms:100
[Error] [2026-6-17 10:17:23] WaitForWIPFinish timeout, wait second ms:100
[Error] [2026-6-17 10:17:23] WaitForWIPFinish timeout, wait second ms:100
[Error] [2026-6-17 10:17:23] WaitForWIPFinish timeout, wait second ms:100
[Debug] [2026-6-17 10:17:23] progress bar is 46
[Error] [2026-6-17 10:17:23] WaitForWIPFinish timeout, wait second ms:100
[Error] [2026-6-17 10:17:23] WaitForWIPFinish timeout, wait second ms:100
[Error] [2026-6-17 10:17:23] WaitForWIPFinish timeout, wait second ms:100
[Error] [2026-6-17 10:17:23] WaitForWIPFinish timeout, wait second ms:100
[Error] [2026-6-17 10:17:24] WaitForWIPFinish timeout, wait second ms:100
[Error] [2026-6-17 10:17:24] WaitForWIPFinish timeout, wait second ms:100
[Error] [2026-6-17 10:17:24] WaitForWIPFinish timeout, wait second ms:100
[Debug] [2026-6-17 10:17:24] progress bar is 51
[Error] [2026-6-17 10:17:24] WaitForWIPFinish timeout, wait second ms:100
[Error] [2026-6-17 10:17:24] WaitForWIPFinish timeout, wait second ms:100
[Error] [2026-6-17 10:17:24] WaitForWIPFinish timeout, wait second ms:100
[Error] [2026-6-17 10:17:24] WaitForWIPFinish timeout, wait second ms:100
[Error] [2026-6-17 10:17:25] WaitForWIPFinish timeout, wait second ms:100
[Error] [2026-6-17 10:17:25] WaitForWIPFinish timeout, wait second ms:100
[Debug] [2026-6-17 10:17:25] progress bar is 55
[Error] [2026-6-17 10:17:25] WaitForWIPFinish timeout, wait second ms:100
[Error] [2026-6-17 10:17:25] WaitForWIPFinish timeout, wait second ms:100
[Error] [2026-6-17 10:17:25] WaitForWIPFinish timeout, wait second ms:100
[Error] [2026-6-17 10:17:25] WaitForWIPFinish timeout, wait second ms:100
[Error] [2026-6-17 10:17:25] WaitForWIPFinish timeout, wait second ms:100
[Error] [2026-6-17 10:17:25] WaitForWIPFinish timeout, wait second ms:100
[Error] [2026-6-17 10:17:26] WaitForWIPFinish timeout, wait second ms:100
[Debug] [2026-6-17 10:17:26] progress bar is 60
[Error] [2026-6-17 10:17:26] WaitForWIPFinish timeout, wait second ms:100
[Error] [2026-6-17 10:17:26] WaitForWIPFinish timeout, wait second ms:100
[Error] [2026-6-17 10:17:26] WaitForWIPFinish timeout, wait second ms:100
[Error] [2026-6-17 10:17:26] WaitForWIPFinish timeout, wait second ms:100
[Error] [2026-6-17 10:17:26] WaitForWIPFinish timeout, wait second ms:100
[Error] [2026-6-17 10:17:27] WaitForWIPFinish timeout, wait second ms:100
[Error] [2026-6-17 10:17:27] WaitForWIPFinish timeout, wait second ms:100
[Debug] [2026-6-17 10:17:27] progress bar is 66
[Error] [2026-6-17 10:17:27] WaitForWIPFinish timeout, wait second ms:100
[Error] [2026-6-17 10:17:27] WaitForWIPFinish timeout, wait second ms:100
[Error] [2026-6-17 10:17:27] WaitForWIPFinish timeout, wait second ms:100
[Error] [2026-6-17 10:17:27] WaitForWIPFinish timeout, wait second ms:100
[Error] [2026-6-17 10:17:27] WaitForWIPFinish timeout, wait second ms:100
[Error] [2026-6-17 10:17:27] WaitForWIPFinish timeout, wait second ms:100
[Debug] [2026-6-17 10:17:28] progress bar is 71
[Error] [2026-6-17 10:17:28] WaitForWIPFinish timeout, wait second ms:100
[Error] [2026-6-17 10:17:28] WaitForWIPFinish timeout, wait second ms:100
[Error] [2026-6-17 10:17:28] WaitForWIPFinish timeout, wait second ms:100
[Error] [2026-6-17 10:17:28] WaitForWIPFinish timeout, wait second ms:100
[Error] [2026-6-17 10:17:28] WaitForWIPFinish timeout, wait second ms:100
[Error] [2026-6-17 10:17:28] WaitForWIPFinish timeout, wait second ms:100
[Debug] [2026-6-17 10:17:28] progress bar is 75
[Error] [2026-6-17 10:17:28] WaitForWIPFinish timeout, wait second ms:100
[Error] [2026-6-17 10:17:29] WaitForWIPFinish timeout, wait second ms:100
[Error] [2026-6-17 10:17:29] WaitForWIPFinish timeout, wait second ms:100
[Error] [2026-6-17 10:17:29] WaitForWIPFinish timeout, wait second ms:100
[Error] [2026-6-17 10:17:29] WaitForWIPFinish timeout, wait second ms:100
[Error] [2026-6-17 10:17:29] WaitForWIPFinish timeout, wait second ms:100
[Debug] [2026-6-17 10:17:29] progress bar is 80
[Error] [2026-6-17 10:17:29] WaitForWIPFinish timeout, wait second ms:100
[Error] [2026-6-17 10:17:29] WaitForWIPFinish timeout, wait second ms:100
[Error] [2026-6-17 10:17:30] WaitForWIPFinish timeout, wait second ms:100
[Error] [2026-6-17 10:17:30] WaitForWIPFinish timeout, wait second ms:100
[Error] [2026-6-17 10:17:30] WaitForWIPFinish timeout, wait second ms:100
[Error] [2026-6-17 10:17:30] WaitForWIPFinish timeout, wait second ms:100
[Error] [2026-6-17 10:17:30] WaitForWIPFinish timeout, wait second ms:100
[Error] [2026-6-17 10:17:30] WaitForWIPFinish timeout, wait second ms:100
[Debug] [2026-6-17 10:17:30] progress bar is 86
[Error] [2026-6-17 10:17:30] WaitForWIPFinish timeout, wait second ms:100
[Error] [2026-6-17 10:17:31] WaitForWIPFinish timeout, wait second ms:100
[Error] [2026-6-17 10:17:31] WaitForWIPFinish timeout, wait second ms:100
[Error] [2026-6-17 10:17:31] WaitForWIPFinish timeout, wait second ms:100
[Error] [2026-6-17 10:17:31] WaitForWIPFinish timeout, wait second ms:100
[Error] [2026-6-17 10:17:31] WaitForWIPFinish timeout, wait second ms:100
[Debug] [2026-6-17 10:17:31] progress bar is 91
[Error] [2026-6-17 10:17:31] WaitForWIPFinish timeout, wait second ms:100
[Error] [2026-6-17 10:17:31] WaitForWIPFinish timeout, wait second ms:100
[Error] [2026-6-17 10:17:31] WaitForWIPFinish timeout, wait second ms:100
[Error] [2026-6-17 10:17:32] WaitForWIPFinish timeout, wait second ms:100
[Error] [2026-6-17 10:17:32] WaitForWIPFinish timeout, wait second ms:100
[Error] [2026-6-17 10:17:32] WaitForWIPFinish timeout, wait second ms:100
[Debug] [2026-6-17 10:17:32] progress bar is 95
[Error] [2026-6-17 10:17:32] WaitForWIPFinish timeout, wait second ms:100
[Error] [2026-6-17 10:17:32] WaitForWIPFinish timeout, wait second ms:100
[Error] [2026-6-17 10:17:32] WaitForWIPFinish timeout, wait second ms:100
[Debug] [2026-6-17 10:17:32] progress bar is 100
[Debug] [2026-6-17 10:17:33] end to operate flash: cmd id = 20302
[Debug] [2026-6-17 10:17:33] cmd operation Erase Outer Flash releases locker
[Debug] [2026-6-17 10:17:33] Remove the header data from the client, index : 0
[Debug] [2026-6-17 10:17:33] _total_bytes_size : 1445
[Debug] [2026-6-17 10:17:33] cmd id :20301cmd name : Program Outer Flash
[Debug] [2026-6-17 10:17:33] begin to operate flash: cmd id = 20301
[Debug] [2026-6-17 10:17:33] the idcode from the scanning is: 0x50602899
[Debug] [2026-6-17 10:17:33] the idcode from the scanning is: 0x0
[Debug] [2026-6-17 10:17:33] the idcode from the scanning is: 0x0
[Debug] [2026-6-17 10:17:33] the idcode from the scanning is: 0x0
[Debug] [2026-6-17 10:17:33] the idcode from the scanning is: 0x0
[Debug] [2026-6-17 10:17:33] the value in the status register is :81ffca0
[Debug] [2026-6-17 10:17:33] flash_id is 1c7118
[Debug] [2026-6-17 10:17:33] The value of GigaDevice status register 1 is 0x
[Debug] [2026-6-17 10:17:33] progress bar is 1
[Debug] [2026-6-17 10:17:36] progress bar is 6
[Debug] [2026-6-17 10:17:37] progress bar is 10
[Debug] [2026-6-17 10:17:40] progress bar is 15
[Debug] [2026-6-17 10:17:42] progress bar is 20
[Debug] [2026-6-17 10:17:45] progress bar is 25
[Debug] [2026-6-17 10:17:47] progress bar is 30
[Debug] [2026-6-17 10:17:49] progress bar is 35
[Debug] [2026-6-17 10:17:52] progress bar is 40
[Debug] [2026-6-17 10:17:54] progress bar is 45
[Debug] [2026-6-17 10:17:56] progress bar is 50
[Debug] [2026-6-17 10:17:58] progress bar is 55
[Debug] [2026-6-17 10:18:01] progress bar is 60
[Debug] [2026-6-17 10:18:03] progress bar is 65
[Debug] [2026-6-17 10:18:05] progress bar is 70
[Debug] [2026-6-17 10:18:08] progress bar is 75
[Debug] [2026-6-17 10:18:10] progress bar is 80
[Debug] [2026-6-17 10:18:13] progress bar is 85
[Debug] [2026-6-17 10:18:15] progress bar is 90
[Debug] [2026-6-17 10:18:18] progress bar is 95
[Debug] [2026-6-17 10:18:20] progress bar is 100
[Debug] [2026-6-17 10:18:20] end to operate flash: cmd id = 20301
[Debug] [2026-6-17 10:18:20] cmd operation Program Outer Flash releases locker
[Debug] [2026-6-17 10:18:20] Remove the header data from the client, index : 0
[Debug] [2026-6-17 10:18:20] _total_bytes_size : 1443
[Debug] [2026-6-17 10:18:20] cmd id :20303cmd name : Verify Outer Flash
[Debug] [2026-6-17 10:18:20] begin to operate flash: cmd id = 20303
[Debug] [2026-6-17 10:18:21] the idcode from the scanning is: 0x50602899
[Debug] [2026-6-17 10:18:21] the idcode from the scanning is: 0x0
[Debug] [2026-6-17 10:18:21] the idcode from the scanning is: 0x0
[Debug] [2026-6-17 10:18:21] the idcode from the scanning is: 0x0
[Debug] [2026-6-17 10:18:21] the idcode from the scanning is: 0x0
[Debug] [2026-6-17 10:18:21] the value in the status register is :81ffca0
[Debug] [2026-6-17 10:18:21] flash_id is 1c7118
[Debug] [2026-6-17 10:18:21] the value in the status register is :81ffca0
[Debug] [2026-6-17 10:18:21] progress bar is 1
[Debug] [2026-6-17 10:18:21] progress bar is 6
[Debug] [2026-6-17 10:18:21] progress bar is 10
[Debug] [2026-6-17 10:18:21] progress bar is 15
[Debug] [2026-6-17 10:18:21] progress bar is 20
[Debug] [2026-6-17 10:18:21] progress bar is 25
[Debug] [2026-6-17 10:18:21] progress bar is 30
[Debug] [2026-6-17 10:18:22] progress bar is 35
[Debug] [2026-6-17 10:18:22] progress bar is 40
[Debug] [2026-6-17 10:18:22] progress bar is 45
[Debug] [2026-6-17 10:18:22] progress bar is 50
[Debug] [2026-6-17 10:18:22] progress bar is 55
[Debug] [2026-6-17 10:18:22] progress bar is 60
[Debug] [2026-6-17 10:18:23] progress bar is 65
[Debug] [2026-6-17 10:18:23] progress bar is 70
[Debug] [2026-6-17 10:18:23] progress bar is 75
[Debug] [2026-6-17 10:18:23] progress bar is 80
[Debug] [2026-6-17 10:18:23] progress bar is 85
[Debug] [2026-6-17 10:18:23] progress bar is 90
[Debug] [2026-6-17 10:18:23] progress bar is 95
[Debug] [2026-6-17 10:18:24] progress bar is 100
[Debug] [2026-6-17 10:18:24] end to operate flash: cmd id = 20303
[Debug] [2026-6-17 10:18:24] cmd operation Verify Outer Flash releases locker
[Info] [2026-7-3 15:28:44] /***************************Start jtagserver***************************/
[Info] [2026-7-3 15:28:44] Path: F:/PDS_2022.2-SP6.4/bin
[Info] [2026-7-3 15:28:44] Version: 146967
[Debug] [2026-7-3 15:28:44] Add a new user_thread, socket descriptor is 1084 user_thread id is 0000000000003338
[Debug] [2026-7-3 15:28:44] After adding, map size is : 1
[Debug] [2026-7-3 15:28:44] IP address of connecting client is : ::ffff:127.0.0.1
[Debug] [2026-7-3 15:28:44] Remove the header data from the client, index : 0
[Debug] [2026-7-3 15:28:44] _total_bytes_size : 160
[Debug] [2026-7-3 15:28:44] Remove the header data from the client, index : 0
[Debug] [2026-7-3 15:28:44] _total_bytes_size : 96
[Debug] [2026-7-3 15:28:44] cmd id :40010cmd name : get_cable_paras
[Debug] [2026-7-3 15:28:44] Add a new user_thread, socket descriptor is 1144 user_thread id is 0000000000003338
[Debug] [2026-7-3 15:28:44] After adding, map size is : 2
[Debug] [2026-7-3 15:28:44] IP address of connecting client is : ::ffff:127.0.0.1
[Debug] [2026-7-3 15:28:45] cmd operation get_cable_paras releases locker
[Debug] [2026-7-3 15:28:45] Remove the header data from the client, index : 0
[Debug] [2026-7-3 15:28:45] _total_bytes_size : 101
[Debug] [2026-7-3 15:28:45] cmd id :20001cmd name : Open config cable
[Debug] [2026-7-3 15:28:45] the idcode from the scanning is: 0x50602899
[Debug] [2026-7-3 15:28:45] the idcode from the scanning is: 0x0
[Debug] [2026-7-3 15:28:45] the idcode from the scanning is: 0x0
[Debug] [2026-7-3 15:28:45] the idcode from the scanning is: 0x0
[Debug] [2026-7-3 15:28:45] the idcode from the scanning is: 0x0
[Debug] [2026-7-3 15:28:46] cmd operation Open config cable releases locker
[Debug] [2026-7-3 15:29:04] Remove the header data from the client, index : 0
[Debug] [2026-7-3 15:29:04] _total_bytes_size : 355
[Debug] [2026-7-3 15:29:04] cmd id :4f4ccmd name : Scan Outer SPI Flash
[Debug] [2026-7-3 15:29:04] the idcode from the scanning is: 0x50602899
[Debug] [2026-7-3 15:29:04] the idcode from the scanning is: 0x0
[Debug] [2026-7-3 15:29:04] the idcode from the scanning is: 0x0
[Debug] [2026-7-3 15:29:04] the idcode from the scanning is: 0x0
[Debug] [2026-7-3 15:29:04] the idcode from the scanning is: 0x0
[Debug] [2026-7-3 15:29:04] the value in the status register is :81ffca0
[Debug] [2026-7-3 15:29:04] flash_id is 1c7118
[Debug] [2026-7-3 15:29:04] cmd operation Scan Outer SPI Flash releases locker
[Debug] [2026-7-3 15:29:08] Remove the header data from the client, index : 0
[Debug] [2026-7-3 15:29:08] _total_bytes_size : 50c
[Debug] [2026-7-3 15:29:08] cmd id :4f4ecmd name : Erase Outer Flash
[Debug] [2026-7-3 15:29:08] begin to operate flash: cmd id = 4f4e
[Debug] [2026-7-3 15:29:08] the idcode from the scanning is: 0x50602899
[Debug] [2026-7-3 15:29:08] the idcode from the scanning is: 0x0
[Debug] [2026-7-3 15:29:08] the idcode from the scanning is: 0x0
[Debug] [2026-7-3 15:29:08] the idcode from the scanning is: 0x0
[Debug] [2026-7-3 15:29:08] the idcode from the scanning is: 0x0
[Debug] [2026-7-3 15:29:08] the value in the status register is :81ffca0
[Debug] [2026-7-3 15:29:08] flash_id is 1c7118
[Debug] [2026-7-3 15:29:08] the value in the status register is :81ffca0
[Debug] [2026-7-3 15:29:08] progress bar is 1
[Error] [2026-7-3 15:29:08] WaitForWIPFinish timeout, wait second ms:100
[Error] [2026-7-3 15:29:08] WaitForWIPFinish timeout, wait second ms:100
[Error] [2026-7-3 15:29:09] WaitForWIPFinish timeout, wait second ms:100
[Error] [2026-7-3 15:29:09] WaitForWIPFinish timeout, wait second ms:100
[Error] [2026-7-3 15:29:09] WaitForWIPFinish timeout, wait second ms:100
[Error] [2026-7-3 15:29:09] WaitForWIPFinish timeout, wait second ms:100
[Error] [2026-7-3 15:29:09] WaitForWIPFinish timeout, wait second ms:100
[Error] [2026-7-3 15:29:09] WaitForWIPFinish timeout, wait second ms:100
[Error] [2026-7-3 15:29:10] WaitForWIPFinish timeout, wait second ms:100
[Error] [2026-7-3 15:29:10] WaitForWIPFinish timeout, wait second ms:100
[Debug] [2026-7-3 15:29:10] progress bar is 6
[Error] [2026-7-3 15:29:10] WaitForWIPFinish timeout, wait second ms:100
[Error] [2026-7-3 15:29:10] WaitForWIPFinish timeout, wait second ms:100
[Error] [2026-7-3 15:29:10] WaitForWIPFinish timeout, wait second ms:100
[Error] [2026-7-3 15:29:10] WaitForWIPFinish timeout, wait second ms:100
[Error] [2026-7-3 15:29:10] WaitForWIPFinish timeout, wait second ms:100
[Error] [2026-7-3 15:29:11] WaitForWIPFinish timeout, wait second ms:100
[Debug] [2026-7-3 15:29:11] progress bar is 11
[Error] [2026-7-3 15:29:11] WaitForWIPFinish timeout, wait second ms:100
[Error] [2026-7-3 15:29:11] WaitForWIPFinish timeout, wait second ms:100
[Error] [2026-7-3 15:29:11] WaitForWIPFinish timeout, wait second ms:100
[Error] [2026-7-3 15:29:11] WaitForWIPFinish timeout, wait second ms:100
[Error] [2026-7-3 15:29:11] WaitForWIPFinish timeout, wait second ms:100
[Debug] [2026-7-3 15:29:11] progress bar is 15
[Error] [2026-7-3 15:29:12] WaitForWIPFinish timeout, wait second ms:100
[Error] [2026-7-3 15:29:12] WaitForWIPFinish timeout, wait second ms:100
[Error] [2026-7-3 15:29:12] WaitForWIPFinish timeout, wait second ms:100
[Error] [2026-7-3 15:29:12] WaitForWIPFinish timeout, wait second ms:100
[Error] [2026-7-3 15:29:12] WaitForWIPFinish timeout, wait second ms:100
[Debug] [2026-7-3 15:29:12] progress bar is 20
[Error] [2026-7-3 15:29:12] WaitForWIPFinish timeout, wait second ms:100
[Error] [2026-7-3 15:29:12] WaitForWIPFinish timeout, wait second ms:100
[Error] [2026-7-3 15:29:12] WaitForWIPFinish timeout, wait second ms:100
[Error] [2026-7-3 15:29:13] WaitForWIPFinish timeout, wait second ms:100
[Error] [2026-7-3 15:29:13] WaitForWIPFinish timeout, wait second ms:100
[Error] [2026-7-3 15:29:13] WaitForWIPFinish timeout, wait second ms:100
[Error] [2026-7-3 15:29:13] WaitForWIPFinish timeout, wait second ms:100
[Debug] [2026-7-3 15:29:13] progress bar is 26
[Error] [2026-7-3 15:29:13] WaitForWIPFinish timeout, wait second ms:100
[Error] [2026-7-3 15:29:13] WaitForWIPFinish timeout, wait second ms:100
[Error] [2026-7-3 15:29:14] WaitForWIPFinish timeout, wait second ms:100
[Error] [2026-7-3 15:29:14] WaitForWIPFinish timeout, wait second ms:100
[Error] [2026-7-3 15:29:14] WaitForWIPFinish timeout, wait second ms:100
[Error] [2026-7-3 15:29:14] WaitForWIPFinish timeout, wait second ms:100
[Debug] [2026-7-3 15:29:14] progress bar is 31
[Error] [2026-7-3 15:29:14] WaitForWIPFinish timeout, wait second ms:100
[Error] [2026-7-3 15:29:14] WaitForWIPFinish timeout, wait second ms:100
[Error] [2026-7-3 15:29:14] WaitForWIPFinish timeout, wait second ms:100
[Error] [2026-7-3 15:29:15] WaitForWIPFinish timeout, wait second ms:100
[Error] [2026-7-3 15:29:15] WaitForWIPFinish timeout, wait second ms:100
[Error] [2026-7-3 15:29:15] WaitForWIPFinish timeout, wait second ms:100
[Debug] [2026-7-3 15:29:15] progress bar is 35
[Error] [2026-7-3 15:29:15] WaitForWIPFinish timeout, wait second ms:100
[Error] [2026-7-3 15:29:15] WaitForWIPFinish timeout, wait second ms:100
[Error] [2026-7-3 15:29:15] WaitForWIPFinish timeout, wait second ms:100
[Error] [2026-7-3 15:29:16] WaitForWIPFinish timeout, wait second ms:100
[Error] [2026-7-3 15:29:16] WaitForWIPFinish timeout, wait second ms:100
[Error] [2026-7-3 15:29:16] WaitForWIPFinish timeout, wait second ms:100
[Debug] [2026-7-3 15:29:16] progress bar is 40
[Error] [2026-7-3 15:29:16] WaitForWIPFinish timeout, wait second ms:100
[Error] [2026-7-3 15:29:16] WaitForWIPFinish timeout, wait second ms:100
[Error] [2026-7-3 15:29:16] WaitForWIPFinish timeout, wait second ms:100
[Error] [2026-7-3 15:29:16] WaitForWIPFinish timeout, wait second ms:100
[Error] [2026-7-3 15:29:17] WaitForWIPFinish timeout, wait second ms:100
[Error] [2026-7-3 15:29:17] WaitForWIPFinish timeout, wait second ms:100
[Error] [2026-7-3 15:29:17] WaitForWIPFinish timeout, wait second ms:100
[Error] [2026-7-3 15:29:17] WaitForWIPFinish timeout, wait second ms:100
[Debug] [2026-7-3 15:29:17] progress bar is 46
[Error] [2026-7-3 15:29:17] WaitForWIPFinish timeout, wait second ms:100
[Error] [2026-7-3 15:29:17] WaitForWIPFinish timeout, wait second ms:100
[Error] [2026-7-3 15:29:17] WaitForWIPFinish timeout, wait second ms:100
[Error] [2026-7-3 15:29:18] WaitForWIPFinish timeout, wait second ms:100
[Error] [2026-7-3 15:29:18] WaitForWIPFinish timeout, wait second ms:100
[Error] [2026-7-3 15:29:18] WaitForWIPFinish timeout, wait second ms:100
[Debug] [2026-7-3 15:29:18] progress bar is 51
[Error] [2026-7-3 15:29:18] WaitForWIPFinish timeout, wait second ms:100
[Error] [2026-7-3 15:29:18] WaitForWIPFinish timeout, wait second ms:100
[Error] [2026-7-3 15:29:18] WaitForWIPFinish timeout, wait second ms:100
[Error] [2026-7-3 15:29:18] WaitForWIPFinish timeout, wait second ms:100
[Error] [2026-7-3 15:29:19] WaitForWIPFinish timeout, wait second ms:100
[Error] [2026-7-3 15:29:19] WaitForWIPFinish timeout, wait second ms:100
[Debug] [2026-7-3 15:29:19] progress bar is 55
[Error] [2026-7-3 15:29:19] WaitForWIPFinish timeout, wait second ms:100
[Error] [2026-7-3 15:29:19] WaitForWIPFinish timeout, wait second ms:100
[Error] [2026-7-3 15:29:19] WaitForWIPFinish timeout, wait second ms:100
[Error] [2026-7-3 15:29:19] WaitForWIPFinish timeout, wait second ms:100
[Error] [2026-7-3 15:29:19] WaitForWIPFinish timeout, wait second ms:100
[Error] [2026-7-3 15:29:20] WaitForWIPFinish timeout, wait second ms:100
[Debug] [2026-7-3 15:29:20] progress bar is 60
[Error] [2026-7-3 15:29:20] WaitForWIPFinish timeout, wait second ms:100
[Error] [2026-7-3 15:29:20] WaitForWIPFinish timeout, wait second ms:100
[Error] [2026-7-3 15:29:20] WaitForWIPFinish timeout, wait second ms:100
[Error] [2026-7-3 15:29:20] WaitForWIPFinish timeout, wait second ms:100
[Error] [2026-7-3 15:29:20] WaitForWIPFinish timeout, wait second ms:100
[Error] [2026-7-3 15:29:21] WaitForWIPFinish timeout, wait second ms:100
[Error] [2026-7-3 15:29:21] WaitForWIPFinish timeout, wait second ms:100
[Debug] [2026-7-3 15:29:21] progress bar is 66
[Error] [2026-7-3 15:29:21] WaitForWIPFinish timeout, wait second ms:100
[Error] [2026-7-3 15:29:21] WaitForWIPFinish timeout, wait second ms:100
[Error] [2026-7-3 15:29:21] WaitForWIPFinish timeout, wait second ms:100
[Error] [2026-7-3 15:29:21] WaitForWIPFinish timeout, wait second ms:100
[Error] [2026-7-3 15:29:21] WaitForWIPFinish timeout, wait second ms:100
[Debug] [2026-7-3 15:29:22] progress bar is 71
[Error] [2026-7-3 15:29:22] WaitForWIPFinish timeout, wait second ms:100
[Error] [2026-7-3 15:29:22] WaitForWIPFinish timeout, wait second ms:100
[Error] [2026-7-3 15:29:22] WaitForWIPFinish timeout, wait second ms:100
[Error] [2026-7-3 15:29:22] WaitForWIPFinish timeout, wait second ms:100
[Error] [2026-7-3 15:29:22] WaitForWIPFinish timeout, wait second ms:100
[Error] [2026-7-3 15:29:22] WaitForWIPFinish timeout, wait second ms:100
[Debug] [2026-7-3 15:29:22] progress bar is 75
[Error] [2026-7-3 15:29:23] WaitForWIPFinish timeout, wait second ms:100
[Error] [2026-7-3 15:29:23] WaitForWIPFinish timeout, wait second ms:100
[Error] [2026-7-3 15:29:23] WaitForWIPFinish timeout, wait second ms:100
[Error] [2026-7-3 15:29:23] WaitForWIPFinish timeout, wait second ms:100
[Error] [2026-7-3 15:29:23] WaitForWIPFinish timeout, wait second ms:100
[Error] [2026-7-3 15:29:23] WaitForWIPFinish timeout, wait second ms:100
[Debug] [2026-7-3 15:29:23] progress bar is 80
[Error] [2026-7-3 15:29:23] WaitForWIPFinish timeout, wait second ms:100
[Error] [2026-7-3 15:29:24] WaitForWIPFinish timeout, wait second ms:100
[Error] [2026-7-3 15:29:24] WaitForWIPFinish timeout, wait second ms:100
[Error] [2026-7-3 15:29:24] WaitForWIPFinish timeout, wait second ms:100
[Error] [2026-7-3 15:29:24] WaitForWIPFinish timeout, wait second ms:100
[Error] [2026-7-3 15:29:24] WaitForWIPFinish timeout, wait second ms:100
[Error] [2026-7-3 15:29:24] WaitForWIPFinish timeout, wait second ms:100
[Debug] [2026-7-3 15:29:24] progress bar is 86
[Error] [2026-7-3 15:29:25] WaitForWIPFinish timeout, wait second ms:100
[Error] [2026-7-3 15:29:25] WaitForWIPFinish timeout, wait second ms:100
[Error] [2026-7-3 15:29:25] WaitForWIPFinish timeout, wait second ms:100
[Error] [2026-7-3 15:29:25] WaitForWIPFinish timeout, wait second ms:100
[Debug] [2026-7-3 15:29:25] progress bar is 91
[Error] [2026-7-3 15:29:25] WaitForWIPFinish timeout, wait second ms:100
[Error] [2026-7-3 15:29:25] WaitForWIPFinish timeout, wait second ms:100
[Error] [2026-7-3 15:29:25] WaitForWIPFinish timeout, wait second ms:100
[Error] [2026-7-3 15:29:26] WaitForWIPFinish timeout, wait second ms:100
[Debug] [2026-7-3 15:29:26] progress bar is 95
[Error] [2026-7-3 15:29:26] WaitForWIPFinish timeout, wait second ms:100
[Error] [2026-7-3 15:29:26] WaitForWIPFinish timeout, wait second ms:100
[Debug] [2026-7-3 15:29:26] progress bar is 100
[Debug] [2026-7-3 15:29:26] end to operate flash: cmd id = 20302
[Debug] [2026-7-3 15:29:26] cmd operation Erase Outer Flash releases locker
[Debug] [2026-7-3 15:29:26] Remove the header data from the client, index : 0
[Debug] [2026-7-3 15:29:26] _total_bytes_size : 1289
[Debug] [2026-7-3 15:29:26] cmd id :20301cmd name : Program Outer Flash
[Debug] [2026-7-3 15:29:26] begin to operate flash: cmd id = 20301
[Debug] [2026-7-3 15:29:27] the idcode from the scanning is: 0x50602899
[Debug] [2026-7-3 15:29:27] the idcode from the scanning is: 0x0
[Debug] [2026-7-3 15:29:27] the idcode from the scanning is: 0x0
[Debug] [2026-7-3 15:29:27] the idcode from the scanning is: 0x0
[Debug] [2026-7-3 15:29:27] the idcode from the scanning is: 0x0
[Debug] [2026-7-3 15:29:27] the value in the status register is :81ffca0
[Debug] [2026-7-3 15:29:27] flash_id is 1c7118
[Debug] [2026-7-3 15:29:27] The value of GigaDevice status register 1 is 0x
[Debug] [2026-7-3 15:29:27] progress bar is 1
[Debug] [2026-7-3 15:29:29] progress bar is 6
[Debug] [2026-7-3 15:29:31] progress bar is 10
[Debug] [2026-7-3 15:29:33] progress bar is 15
[Debug] [2026-7-3 15:29:36] progress bar is 20
[Debug] [2026-7-3 15:29:38] progress bar is 25
[Debug] [2026-7-3 15:29:40] progress bar is 30
[Debug] [2026-7-3 15:29:42] progress bar is 35
[Debug] [2026-7-3 15:29:45] progress bar is 40
[Debug] [2026-7-3 15:29:47] progress bar is 45
[Debug] [2026-7-3 15:29:49] progress bar is 50
[Debug] [2026-7-3 15:29:52] progress bar is 55
[Debug] [2026-7-3 15:29:54] progress bar is 60
[Debug] [2026-7-3 15:29:56] progress bar is 65
[Debug] [2026-7-3 15:29:58] progress bar is 70
[Debug] [2026-7-3 15:30:01] progress bar is 75
[Debug] [2026-7-3 15:30:03] progress bar is 80
[Debug] [2026-7-3 15:30:05] progress bar is 85
[Debug] [2026-7-3 15:30:07] progress bar is 90
[Debug] [2026-7-3 15:30:10] progress bar is 95
[Debug] [2026-7-3 15:30:12] progress bar is 100
[Debug] [2026-7-3 15:30:12] end to operate flash: cmd id = 20301
[Debug] [2026-7-3 15:30:12] cmd operation Program Outer Flash releases locker
[Debug] [2026-7-3 15:30:12] Remove the header data from the client, index : 0
[Debug] [2026-7-3 15:30:12] _total_bytes_size : 1287
[Debug] [2026-7-3 15:30:12] cmd id :20303cmd name : Verify Outer Flash
[Debug] [2026-7-3 15:30:12] begin to operate flash: cmd id = 20303
[Debug] [2026-7-3 15:30:12] the idcode from the scanning is: 0x50602899
[Debug] [2026-7-3 15:30:12] the idcode from the scanning is: 0x0
[Debug] [2026-7-3 15:30:12] the idcode from the scanning is: 0x0
[Debug] [2026-7-3 15:30:12] the idcode from the scanning is: 0x0
[Debug] [2026-7-3 15:30:12] the idcode from the scanning is: 0x0
[Debug] [2026-7-3 15:30:12] the value in the status register is :81ffca0
[Debug] [2026-7-3 15:30:12] flash_id is 1c7118
[Debug] [2026-7-3 15:30:12] the value in the status register is :81ffca0
[Debug] [2026-7-3 15:30:12] progress bar is 1
[Debug] [2026-7-3 15:30:12] progress bar is 6
[Debug] [2026-7-3 15:30:13] progress bar is 10
[Debug] [2026-7-3 15:30:13] progress bar is 15
[Debug] [2026-7-3 15:30:13] progress bar is 20
[Debug] [2026-7-3 15:30:13] progress bar is 25
[Debug] [2026-7-3 15:30:13] progress bar is 30
[Debug] [2026-7-3 15:30:13] progress bar is 35
[Debug] [2026-7-3 15:30:13] progress bar is 40
[Debug] [2026-7-3 15:30:14] progress bar is 45
[Debug] [2026-7-3 15:30:14] progress bar is 50
[Debug] [2026-7-3 15:30:14] progress bar is 55
[Debug] [2026-7-3 15:30:14] progress bar is 60
[Debug] [2026-7-3 15:30:14] progress bar is 65
[Debug] [2026-7-3 15:30:14] progress bar is 70
[Debug] [2026-7-3 15:30:14] progress bar is 75
[Debug] [2026-7-3 15:30:15] progress bar is 80
[Debug] [2026-7-3 15:30:15] progress bar is 85
[Debug] [2026-7-3 15:30:15] progress bar is 90
[Debug] [2026-7-3 15:30:15] progress bar is 95
[Debug] [2026-7-3 15:30:15] progress bar is 100
[Debug] [2026-7-3 15:30:15] end to operate flash: cmd id = 20303
[Debug] [2026-7-3 15:30:15] cmd operation Verify Outer Flash releases locker
[Info] [2026-7-7 19:59:44] /***************************Start jtagserver***************************/
[Info] [2026-7-7 19:59:44] Path: F:/PDS_2022.2-SP6.4/bin
[Info] [2026-7-7 19:59:44] Version: 146967
[Debug] [2026-7-7 19:59:44] Add a new user_thread, socket descriptor is 1108 user_thread id is 0000000000004E54
[Debug] [2026-7-7 19:59:44] After adding, map size is : 1
[Debug] [2026-7-7 19:59:44] Add a new user_thread, socket descriptor is 1192 user_thread id is 0000000000004E54
[Debug] [2026-7-7 19:59:44] After adding, map size is : 2
[Debug] [2026-7-7 19:59:44] IP address of connecting client is : ::ffff:127.0.0.1
[Debug] [2026-7-7 19:59:44] IP address of connecting client is : ::ffff:127.0.0.1
[Debug] [2026-7-7 19:59:44] Remove the header data from the client, index : 0
[Debug] [2026-7-7 19:59:44] _total_bytes_size : 160
[Debug] [2026-7-7 19:59:44] Remove the header data from the client, index : 0
[Debug] [2026-7-7 19:59:44] _total_bytes_size : 96
[Debug] [2026-7-7 19:59:44] cmd id :40010cmd name : get_cable_paras
[Debug] [2026-7-7 19:59:45] cmd operation get_cable_paras releases locker
[Debug] [2026-7-7 19:59:45] Remove the header data from the client, index : 0
[Debug] [2026-7-7 19:59:45] _total_bytes_size : 101
[Debug] [2026-7-7 19:59:45] cmd id :20001cmd name : Open config cable
[Debug] [2026-7-7 19:59:45] the idcode from the scanning is: 0x50602899
[Debug] [2026-7-7 19:59:45] the idcode from the scanning is: 0x0
[Debug] [2026-7-7 19:59:45] the idcode from the scanning is: 0x0
[Debug] [2026-7-7 19:59:45] the idcode from the scanning is: 0x0
[Debug] [2026-7-7 19:59:45] the idcode from the scanning is: 0x0
[Debug] [2026-7-7 19:59:45] cmd operation Open config cable releases locker
[Debug] [2026-7-7 19:59:54] Remove the header data from the client, index : 0
[Debug] [2026-7-7 19:59:54] _total_bytes_size : 355
[Debug] [2026-7-7 19:59:54] cmd id :4f4ccmd name : Scan Outer SPI Flash
[Debug] [2026-7-7 19:59:54] the idcode from the scanning is: 0x50602899
[Debug] [2026-7-7 19:59:54] the idcode from the scanning is: 0x0
[Debug] [2026-7-7 19:59:54] the idcode from the scanning is: 0x0
[Debug] [2026-7-7 19:59:54] the idcode from the scanning is: 0x0
[Debug] [2026-7-7 19:59:54] the idcode from the scanning is: 0x0
[Debug] [2026-7-7 19:59:54] the value in the status register is :81ffca0
[Debug] [2026-7-7 19:59:54] flash_id is 1c7118
[Debug] [2026-7-7 19:59:54] cmd operation Scan Outer SPI Flash releases locker
[Debug] [2026-7-7 19:59:57] Remove the header data from the client, index : 0
[Debug] [2026-7-7 19:59:57] _total_bytes_size : 50c
[Debug] [2026-7-7 19:59:57] cmd id :4f4ecmd name : Erase Outer Flash
[Debug] [2026-7-7 19:59:57] begin to operate flash: cmd id = 4f4e
[Debug] [2026-7-7 19:59:58] the idcode from the scanning is: 0x50602899
[Debug] [2026-7-7 19:59:58] the idcode from the scanning is: 0x0
[Debug] [2026-7-7 19:59:58] the idcode from the scanning is: 0x0
[Debug] [2026-7-7 19:59:58] the idcode from the scanning is: 0x0
[Debug] [2026-7-7 19:59:58] the idcode from the scanning is: 0x0
[Debug] [2026-7-7 19:59:58] the value in the status register is :81ffca0
[Debug] [2026-7-7 19:59:58] flash_id is 1c7118
[Debug] [2026-7-7 19:59:58] the value in the status register is :81ffca0
[Debug] [2026-7-7 19:59:58] progress bar is 1
[Error] [2026-7-7 19:59:58] WaitForWIPFinish timeout, wait second ms:100
[Error] [2026-7-7 19:59:58] WaitForWIPFinish timeout, wait second ms:100
[Error] [2026-7-7 19:59:58] WaitForWIPFinish timeout, wait second ms:100
[Error] [2026-7-7 19:59:58] WaitForWIPFinish timeout, wait second ms:100
[Error] [2026-7-7 19:59:58] WaitForWIPFinish timeout, wait second ms:100
[Error] [2026-7-7 19:59:58] WaitForWIPFinish timeout, wait second ms:100
[Error] [2026-7-7 19:59:59] WaitForWIPFinish timeout, wait second ms:100
[Error] [2026-7-7 19:59:59] WaitForWIPFinish timeout, wait second ms:100
[Error] [2026-7-7 19:59:59] WaitForWIPFinish timeout, wait second ms:100
[Error] [2026-7-7 19:59:59] WaitForWIPFinish timeout, wait second ms:100
[Debug] [2026-7-7 19:59:59] progress bar is 6
[Error] [2026-7-7 19:59:59] WaitForWIPFinish timeout, wait second ms:100
[Error] [2026-7-7 19:59:59] WaitForWIPFinish timeout, wait second ms:100
[Error] [2026-7-7 19:59:59] WaitForWIPFinish timeout, wait second ms:100
[Error] [2026-7-7 20:00:00] WaitForWIPFinish timeout, wait second ms:100
[Error] [2026-7-7 20:00:00] WaitForWIPFinish timeout, wait second ms:100
[Error] [2026-7-7 20:00:00] WaitForWIPFinish timeout, wait second ms:100
[Debug] [2026-7-7 20:00:00] progress bar is 11
[Error] [2026-7-7 20:00:00] WaitForWIPFinish timeout, wait second ms:100
[Error] [2026-7-7 20:00:00] WaitForWIPFinish timeout, wait second ms:100
[Error] [2026-7-7 20:00:00] WaitForWIPFinish timeout, wait second ms:100
[Error] [2026-7-7 20:00:01] WaitForWIPFinish timeout, wait second ms:100
[Error] [2026-7-7 20:00:01] WaitForWIPFinish timeout, wait second ms:100
[Debug] [2026-7-7 20:00:01] progress bar is 15
[Error] [2026-7-7 20:00:01] WaitForWIPFinish timeout, wait second ms:100
[Error] [2026-7-7 20:00:01] WaitForWIPFinish timeout, wait second ms:100
[Error] [2026-7-7 20:00:01] WaitForWIPFinish timeout, wait second ms:100
[Error] [2026-7-7 20:00:01] WaitForWIPFinish timeout, wait second ms:100
[Error] [2026-7-7 20:00:01] WaitForWIPFinish timeout, wait second ms:100
[Debug] [2026-7-7 20:00:02] progress bar is 20
[Error] [2026-7-7 20:00:02] WaitForWIPFinish timeout, wait second ms:100
[Error] [2026-7-7 20:00:02] WaitForWIPFinish timeout, wait second ms:100
[Error] [2026-7-7 20:00:02] WaitForWIPFinish timeout, wait second ms:100
[Error] [2026-7-7 20:00:02] WaitForWIPFinish timeout, wait second ms:100
[Error] [2026-7-7 20:00:02] WaitForWIPFinish timeout, wait second ms:100
[Error] [2026-7-7 20:00:02] WaitForWIPFinish timeout, wait second ms:100
[Error] [2026-7-7 20:00:03] WaitForWIPFinish timeout, wait second ms:100
[Debug] [2026-7-7 20:00:03] progress bar is 26
[Error] [2026-7-7 20:00:03] WaitForWIPFinish timeout, wait second ms:100
[Error] [2026-7-7 20:00:03] WaitForWIPFinish timeout, wait second ms:100
[Error] [2026-7-7 20:00:03] WaitForWIPFinish timeout, wait second ms:100
[Error] [2026-7-7 20:00:03] WaitForWIPFinish timeout, wait second ms:100
[Error] [2026-7-7 20:00:03] WaitForWIPFinish timeout, wait second ms:100
[Error] [2026-7-7 20:00:03] WaitForWIPFinish timeout, wait second ms:100
[Debug] [2026-7-7 20:00:03] progress bar is 31
[Error] [2026-7-7 20:00:04] WaitForWIPFinish timeout, wait second ms:100
[Error] [2026-7-7 20:00:04] WaitForWIPFinish timeout, wait second ms:100
[Error] [2026-7-7 20:00:04] WaitForWIPFinish timeout, wait second ms:100
[Error] [2026-7-7 20:00:04] WaitForWIPFinish timeout, wait second ms:100
[Error] [2026-7-7 20:00:04] WaitForWIPFinish timeout, wait second ms:100
[Error] [2026-7-7 20:00:04] WaitForWIPFinish timeout, wait second ms:100
[Debug] [2026-7-7 20:00:04] progress bar is 35
[Error] [2026-7-7 20:00:04] WaitForWIPFinish timeout, wait second ms:100
[Error] [2026-7-7 20:00:05] WaitForWIPFinish timeout, wait second ms:100
[Error] [2026-7-7 20:00:05] WaitForWIPFinish timeout, wait second ms:100
[Error] [2026-7-7 20:00:05] WaitForWIPFinish timeout, wait second ms:100
[Error] [2026-7-7 20:00:05] WaitForWIPFinish timeout, wait second ms:100
[Error] [2026-7-7 20:00:05] WaitForWIPFinish timeout, wait second ms:100
[Error] [2026-7-7 20:00:05] WaitForWIPFinish timeout, wait second ms:100
[Debug] [2026-7-7 20:00:05] progress bar is 40
[Error] [2026-7-7 20:00:05] WaitForWIPFinish timeout, wait second ms:100
[Error] [2026-7-7 20:00:06] WaitForWIPFinish timeout, wait second ms:100
[Error] [2026-7-7 20:00:06] WaitForWIPFinish timeout, wait second ms:100
[Error] [2026-7-7 20:00:06] WaitForWIPFinish timeout, wait second ms:100
[Error] [2026-7-7 20:00:06] WaitForWIPFinish timeout, wait second ms:100
[Error] [2026-7-7 20:00:06] WaitForWIPFinish timeout, wait second ms:100
[Debug] [2026-7-7 20:00:06] progress bar is 46
[Error] [2026-7-7 20:00:06] WaitForWIPFinish timeout, wait second ms:100
[Error] [2026-7-7 20:00:07] WaitForWIPFinish timeout, wait second ms:100
[Error] [2026-7-7 20:00:07] WaitForWIPFinish timeout, wait second ms:100
[Error] [2026-7-7 20:00:07] WaitForWIPFinish timeout, wait second ms:100
[Error] [2026-7-7 20:00:07] WaitForWIPFinish timeout, wait second ms:100
[Error] [2026-7-7 20:00:07] WaitForWIPFinish timeout, wait second ms:100
[Debug] [2026-7-7 20:00:07] progress bar is 51
[Error] [2026-7-7 20:00:07] WaitForWIPFinish timeout, wait second ms:100
[Error] [2026-7-7 20:00:07] WaitForWIPFinish timeout, wait second ms:100
[Error] [2026-7-7 20:00:08] WaitForWIPFinish timeout, wait second ms:100
[Error] [2026-7-7 20:00:08] WaitForWIPFinish timeout, wait second ms:100
[Error] [2026-7-7 20:00:08] WaitForWIPFinish timeout, wait second ms:100
[Debug] [2026-7-7 20:00:08] progress bar is 55
[Error] [2026-7-7 20:00:08] WaitForWIPFinish timeout, wait second ms:100
[Error] [2026-7-7 20:00:08] WaitForWIPFinish timeout, wait second ms:100
[Error] [2026-7-7 20:00:08] WaitForWIPFinish timeout, wait second ms:100
[Error] [2026-7-7 20:00:09] WaitForWIPFinish timeout, wait second ms:100
[Error] [2026-7-7 20:00:09] WaitForWIPFinish timeout, wait second ms:100
[Error] [2026-7-7 20:00:09] WaitForWIPFinish timeout, wait second ms:100
[Debug] [2026-7-7 20:00:09] progress bar is 60
[Error] [2026-7-7 20:00:09] WaitForWIPFinish timeout, wait second ms:100
[Error] [2026-7-7 20:00:09] WaitForWIPFinish timeout, wait second ms:100
[Error] [2026-7-7 20:00:09] WaitForWIPFinish timeout, wait second ms:100
[Error] [2026-7-7 20:00:09] WaitForWIPFinish timeout, wait second ms:100
[Error] [2026-7-7 20:00:09] WaitForWIPFinish timeout, wait second ms:100
[Error] [2026-7-7 20:00:10] WaitForWIPFinish timeout, wait second ms:100
[Error] [2026-7-7 20:00:10] WaitForWIPFinish timeout, wait second ms:100
[Debug] [2026-7-7 20:00:10] progress bar is 66
[Error] [2026-7-7 20:00:10] WaitForWIPFinish timeout, wait second ms:100
[Error] [2026-7-7 20:00:10] WaitForWIPFinish timeout, wait second ms:100
[Error] [2026-7-7 20:00:10] WaitForWIPFinish timeout, wait second ms:100
[Error] [2026-7-7 20:00:10] WaitForWIPFinish timeout, wait second ms:100
[Error] [2026-7-7 20:00:11] WaitForWIPFinish timeout, wait second ms:100
[Debug] [2026-7-7 20:00:11] progress bar is 71
[Error] [2026-7-7 20:00:11] WaitForWIPFinish timeout, wait second ms:100
[Error] [2026-7-7 20:00:11] WaitForWIPFinish timeout, wait second ms:100
[Error] [2026-7-7 20:00:11] WaitForWIPFinish timeout, wait second ms:100
[Error] [2026-7-7 20:00:11] WaitForWIPFinish timeout, wait second ms:100
[Error] [2026-7-7 20:00:11] WaitForWIPFinish timeout, wait second ms:100
[Error] [2026-7-7 20:00:11] WaitForWIPFinish timeout, wait second ms:100
[Debug] [2026-7-7 20:00:12] progress bar is 75
[Error] [2026-7-7 20:00:12] WaitForWIPFinish timeout, wait second ms:100
[Error] [2026-7-7 20:00:12] WaitForWIPFinish timeout, wait second ms:100
[Error] [2026-7-7 20:00:12] WaitForWIPFinish timeout, wait second ms:100
[Error] [2026-7-7 20:00:12] WaitForWIPFinish timeout, wait second ms:100
[Error] [2026-7-7 20:00:12] WaitForWIPFinish timeout, wait second ms:100
[Error] [2026-7-7 20:00:12] WaitForWIPFinish timeout, wait second ms:100
[Debug] [2026-7-7 20:00:12] progress bar is 80
[Error] [2026-7-7 20:00:13] WaitForWIPFinish timeout, wait second ms:100
[Error] [2026-7-7 20:00:13] WaitForWIPFinish timeout, wait second ms:100
[Error] [2026-7-7 20:00:13] WaitForWIPFinish timeout, wait second ms:100
[Error] [2026-7-7 20:00:13] WaitForWIPFinish timeout, wait second ms:100
[Error] [2026-7-7 20:00:13] WaitForWIPFinish timeout, wait second ms:100
[Error] [2026-7-7 20:00:13] WaitForWIPFinish timeout, wait second ms:100
[Debug] [2026-7-7 20:00:13] progress bar is 86
[Error] [2026-7-7 20:00:14] WaitForWIPFinish timeout, wait second ms:100
[Error] [2026-7-7 20:00:14] WaitForWIPFinish timeout, wait second ms:100
[Error] [2026-7-7 20:00:14] WaitForWIPFinish timeout, wait second ms:100
[Error] [2026-7-7 20:00:14] WaitForWIPFinish timeout, wait second ms:100
[Error] [2026-7-7 20:00:14] WaitForWIPFinish timeout, wait second ms:100
[Debug] [2026-7-7 20:00:14] progress bar is 91
[Error] [2026-7-7 20:00:14] WaitForWIPFinish timeout, wait second ms:100
[Error] [2026-7-7 20:00:14] WaitForWIPFinish timeout, wait second ms:100
[Error] [2026-7-7 20:00:15] WaitForWIPFinish timeout, wait second ms:100
[Error] [2026-7-7 20:00:15] WaitForWIPFinish timeout, wait second ms:100
[Debug] [2026-7-7 20:00:15] progress bar is 95
[Error] [2026-7-7 20:00:15] WaitForWIPFinish timeout, wait second ms:100
[Error] [2026-7-7 20:00:15] WaitForWIPFinish timeout, wait second ms:100
[Debug] [2026-7-7 20:00:15] progress bar is 100
[Debug] [2026-7-7 20:00:15] end to operate flash: cmd id = 20302
[Debug] [2026-7-7 20:00:15] cmd operation Erase Outer Flash releases locker
[Debug] [2026-7-7 20:00:15] Remove the header data from the client, index : 0
[Debug] [2026-7-7 20:00:15] _total_bytes_size : 1289
[Debug] [2026-7-7 20:00:15] cmd id :20301cmd name : Program Outer Flash
[Debug] [2026-7-7 20:00:15] begin to operate flash: cmd id = 20301
[Debug] [2026-7-7 20:00:16] the idcode from the scanning is: 0x50602899
[Debug] [2026-7-7 20:00:16] the idcode from the scanning is: 0x0
[Debug] [2026-7-7 20:00:16] the idcode from the scanning is: 0x0
[Debug] [2026-7-7 20:00:16] the idcode from the scanning is: 0x0
[Debug] [2026-7-7 20:00:16] the idcode from the scanning is: 0x0
[Debug] [2026-7-7 20:00:16] the value in the status register is :81ffca0
[Debug] [2026-7-7 20:00:16] flash_id is 1c7118
[Debug] [2026-7-7 20:00:16] The value of GigaDevice status register 1 is 0x
[Debug] [2026-7-7 20:00:16] progress bar is 1
[Debug] [2026-7-7 20:00:18] progress bar is 6
[Debug] [2026-7-7 20:00:20] progress bar is 10
[Debug] [2026-7-7 20:00:22] progress bar is 15
[Debug] [2026-7-7 20:00:25] progress bar is 20
[Debug] [2026-7-7 20:00:27] progress bar is 25
[Debug] [2026-7-7 20:00:29] progress bar is 30
[Debug] [2026-7-7 20:00:31] progress bar is 35
[Debug] [2026-7-7 20:00:34] progress bar is 40
[Debug] [2026-7-7 20:00:36] progress bar is 45
[Debug] [2026-7-7 20:00:38] progress bar is 50
[Debug] [2026-7-7 20:00:41] progress bar is 55
[Debug] [2026-7-7 20:00:43] progress bar is 60
[Debug] [2026-7-7 20:00:45] progress bar is 65
[Debug] [2026-7-7 20:00:47] progress bar is 70
[Debug] [2026-7-7 20:00:50] progress bar is 75
[Debug] [2026-7-7 20:00:52] progress bar is 80
[Debug] [2026-7-7 20:00:54] progress bar is 85
[Debug] [2026-7-7 20:00:56] progress bar is 90
[Debug] [2026-7-7 20:00:59] progress bar is 95
[Debug] [2026-7-7 20:01:01] progress bar is 100
[Debug] [2026-7-7 20:01:01] end to operate flash: cmd id = 20301
[Debug] [2026-7-7 20:01:01] cmd operation Program Outer Flash releases locker
[Debug] [2026-7-7 20:01:01] Remove the header data from the client, index : 0
[Debug] [2026-7-7 20:01:01] _total_bytes_size : 1287
[Debug] [2026-7-7 20:01:01] cmd id :20303cmd name : Verify Outer Flash
[Debug] [2026-7-7 20:01:01] begin to operate flash: cmd id = 20303
[Debug] [2026-7-7 20:01:01] the idcode from the scanning is: 0x50602899
[Debug] [2026-7-7 20:01:01] the idcode from the scanning is: 0x0
[Debug] [2026-7-7 20:01:01] the idcode from the scanning is: 0x0
[Debug] [2026-7-7 20:01:01] the idcode from the scanning is: 0x0
[Debug] [2026-7-7 20:01:01] the idcode from the scanning is: 0x0
[Debug] [2026-7-7 20:01:01] the value in the status register is :81ffca0
[Debug] [2026-7-7 20:01:01] flash_id is 1c7118
[Debug] [2026-7-7 20:01:01] the value in the status register is :81ffca0
[Debug] [2026-7-7 20:01:01] progress bar is 1
[Debug] [2026-7-7 20:01:02] progress bar is 6
[Debug] [2026-7-7 20:01:02] progress bar is 10
[Debug] [2026-7-7 20:01:02] progress bar is 15
[Debug] [2026-7-7 20:01:02] progress bar is 20
[Debug] [2026-7-7 20:01:02] progress bar is 25
[Debug] [2026-7-7 20:01:02] progress bar is 30
[Debug] [2026-7-7 20:01:02] progress bar is 35
[Debug] [2026-7-7 20:01:03] progress bar is 40
[Debug] [2026-7-7 20:01:03] progress bar is 45
[Debug] [2026-7-7 20:01:03] progress bar is 50
[Debug] [2026-7-7 20:01:03] progress bar is 55
[Debug] [2026-7-7 20:01:03] progress bar is 60
[Debug] [2026-7-7 20:01:03] progress bar is 65
[Debug] [2026-7-7 20:01:03] progress bar is 70
[Debug] [2026-7-7 20:01:04] progress bar is 75
[Debug] [2026-7-7 20:01:04] progress bar is 80
[Debug] [2026-7-7 20:01:04] progress bar is 85
[Debug] [2026-7-7 20:01:04] progress bar is 90
[Debug] [2026-7-7 20:01:04] progress bar is 95
[Debug] [2026-7-7 20:01:04] progress bar is 100
[Debug] [2026-7-7 20:01:05] end to operate flash: cmd id = 20303
[Debug] [2026-7-7 20:01:05] cmd operation Verify Outer Flash releases locker
